=====================================================================
== G:\SteamLibrary\steamapps\common\DayZServer\DayZServer_x64.exe
== G:\SteamLibrary\steamapps\common\DayZServer\DayZServer_x64.exe -config=serverDZ.cfg "-mod=@CF;@Dabs Framework;@StaminaRevised;@AICFireplaceIndoor;@AmmoStacks;@Basic Ear Plugs;@BetterSuppressors;@Code Lock;@Coupled Mag Vanilla;@Forward Operator Gear;@AimSounds;@Inventory Move Sounds;@InventoryInCar;@JunkYardDog;@SearchInventory;@RaG_Immersive_Vehicles;@MagazineLoading;@Loot Barrel Transfer;@Nomadbackpack;@Mounts Sights;@VPPAdminTools;@TerjePartyMod;@TerjeCore;@TerjeCompatibilityVPP;@TerjeSkills;@TerjeMedicine;@RaG_Immersive_Wells;@PvZmoD_Spawn_System;@LoftDModGR Clothes Pack;@GoreZ;@LoftD_old_size;@pvez test;@BoomLay's Craftables;@RaG_BaseItems;@Terje for FOG v2;@SimpleLootChests;@More Durable Weapons;@WindstridesClothingPack;@DayZ-Expansion-Core;@DayZ-Expansion-AI;@RolePlayMod;@GarbageSearch;@No Build Zones;@Zombie_Sound;@RUSForma_vehicles;@DayZ-Expansion-Market;@Ammo Making;@RandomItemsPack;@FC_Fish_Equip;@InediaInfectedAI;@Harks Blood Plague;@GSC Gameworld Assets JMC Edition;@RaG_BaseBuilding;@Alteria;@CookZ;@CBD Loot Rooms;@TWOC_CombineItems;@Utopia Animated Heli Crashs;@Territory Plus;@TerjeSleepingBagAttach;@InediaTerjeCompatibility;@TerjeStartScreen;@AI War Zones;@Realistic Display Quantity;@MuchCarKey" -profiles=profiles
=====================================================================
Exe timestamp: 2025/08/07 20:07:14
Current time:  2025/10/21 07:25:55
Version 1.28.160123
=====================================================================

 7:25:55.904 [Inputs] Loading inputs default "bin/constants.xml"
 7:25:55.921 [Inputs] Loading inputs default "bin/specific.xml"
 7:25:55.921 [Inputs] Loading inputs default "EarPlugs\data\inputs.xml"
 7:25:55.921 [Inputs] Loading inputs default "InventoryMoveSounds/Scripts/Data/Inputs.xml"
 7:25:55.921 [Inputs] Loading inputs default "LIVEN/PvZmoD_Spawn_System/inputs.xml"
 7:25:55.921 [Inputs] Loading inputs default "PVEZ/data/inputs.xml"
 7:25:55.922 [Inputs] Loading inputs default "SearchInventory/Scripts/Data/inputs.xml"
 7:25:55.922 [Inputs] Loading inputs default "VPPAdminTools/data/modded_Inputs.xml"
 7:25:55.941 [Inputs] Loading inputs default "WindstrideClothing/Inputs.xml"
 7:25:55.961 !!! [Inputs] Cannot load inputs default "", file does not exist
 7:25:55.961 !!! [Inputs] Failed to load MODDED inputs - file name/ path invalid?
 7:25:55.961 [Inputs] Loading inputs default "FOG_MOD/Scripts/Data/inputs.xml"
 7:25:55.961 [Inputs] Loading inputs default "rag/rag_immersive_vehicles/scripts/4_world/rag_immersive_vehicles/actions/inputs/inputs.xml"
 7:25:55.961 [Inputs] Loading inputs default "DayZExpansion/Market/Scripts/Data/Inputs.xml"
 7:25:55.962 [Inputs] Loading inputs default "RaG_BaseBuilding/Data/inputs/Inputs.xml"
 7:25:55.976 [Inputs] Loading inputs default "DayZExpansion/AI/Scripts/inputs.xml"
 7:25:56.09 [Inputs] Loading inputs cfg "profiles\Users\Survivor\Server.core.xml"
 7:25:56.09 !!! [Inputs] Cannot read inputs cfg "profiles\Users\Survivor\Server.core.xml", parser error
 7:25:56.09 [Inputs] Loading inputs cfg "bin/core.xml"
 7:25:56.09 !!! [Inputs] Cannot load input preset "#STR_USER", file does not exist
 7:25:56.11 [Inputs] Exporting inputs cfg "profiles\Users\Survivor\Server.core.xml"
 7:26:42.555 Hostname of server: "[AU]Hardcore Horizons|Alteria|PVE|AI|Terje|Inedia|Hardcore Survival"
 7:27:41.434 [Disconnect]: Client 24575448 disconnecting
 7:27:41.434 [Disconnect]: Client 24575448 early disconnect
 7:28:51.533 [CE][Hive] :: Initializing OFFLINE
 7:28:51.533 [StorageDirs] :: Selected storage directory: G:\SteamLibrary\steamapps\common\DayZServer\mpmissions\empty.alteria\storage_380881\
 7:28:51.533 [CE][Hive] :: Loading core data ... 
 7:28:51.557 [CE][CoreData] :: 7 root classes, 19 defaults, 0 updaters...
 7:29:18.990 [CE] :: WARNING :: Preset (attachments) with name 'SantaHat' was not found.
 7:29:18.991 [CE] :: WARNING :: Preset (cargo) with name 'optics' was not found.
 7:29:18.991 [CE] :: WARNING :: Preset (cargo) with name 'optics' was not found.
 7:29:18.991 [CE][TypeSetup] :: 489 classes setuped...
 7:29:19.25 [CE][TypeSetup] :: 110 classes setuped...
 7:29:22.575 [CE][RegisterBind] :: 0 classes binded...
 7:29:22.575 [CE][RegisterConfig] :: 19826 config classes registered, 0 sub-counters...
 7:29:22.575 [CE][Hive] :: Loading map data ... 
 7:29:22.581 [CE][IgnoreList] "cfgignorelist.xml" :: loaded 1 types
 7:29:22.704 [CE][LoadPrototype] :: loaded 573 prototypes
 7:29:22.704   1113 containers, 11353 points
 7:29:22.704   43 dispatches, 188 proxies
 7:29:22.704 !!! [CE][LoadPrototype] 43 groups have no points...
 7:29:22.704 !!! [CE][LoadPrototype] 3 groups have wrong points...
 7:29:22.704 [CE][LoadPrototype] :: last group name: Land_Jupiter_Building_5...
 7:29:22.727 [CE][LoadPrototype] :: loaded 0 prototypes
 7:29:22.727   55 containers, 232 points
 7:29:22.727   0 dispatches, 0 proxies
 7:29:22.727 [CE][LoadPrototype] :: last group name: Rail9...
 7:29:23.334 [CE][LoadMap] "Group" :: loaded 5607 groups, groups failed: 0, largest group range: 34.1
 7:29:23.344 [CE][LoadMap] "Dirt" :: loaded 0 groups, groups failed: 0, largest group range: 34.1
 7:29:23.423 [CE][Links] found 1048 total links between groups, of 5607
 7:29:23.423 [CE][LoadClusters] "Cluster" :: Loading files...
 7:29:23.599 [CE][LoadClusters] :: file: "mapgroupcluster.xml", 9 types, 36307 instances
 7:29:23.641 [CE][Storage] ver:21 stamp:241, valid:yes, name:"G:\SteamLibrary\steamapps\common\DayZServer\mpmissions\empty.alteria\storage_380881\data\types.bin"
 7:29:23.654 [CE][Storage] ver:21 stamp:135, valid:yes, name:"G:\SteamLibrary\steamapps\common\DayZServer\mpmissions\empty.alteria\storage_380881\data\types.001"
 7:29:23.677 [CE][Storage] ver:21 stamp:136, valid:yes, name:"G:\SteamLibrary\steamapps\common\DayZServer\mpmissions\empty.alteria\storage_380881\data\types.002"
 7:29:23.677 [CE][Storage] Restoring file "G:\SteamLibrary\steamapps\common\DayZServer\mpmissions\empty.alteria\storage_380881\data\types.bin".
 7:29:24.150 !!! [CE][offlineDB] :: No Shutdown message present.
 7:29:24.171 [CE][offlineDB] :: Loaded 32 dynamic events 205 total types.
 7:29:24.423 !!! [CE][offlineDB] :: Type 'Akol_AKMount_NoAttachment' will be ignored. (Type does not exist. (Typo?))
 7:29:24.423 !!! [CE][offlineDB] :: Type 'Akol_MosinMount_NoAttachment' will be ignored. (Type does not exist. (Typo?))
 7:29:24.423 !!! [CE][offlineDB] :: Type 'Akol_MRDSMount' will be ignored. (Type does not exist. (Typo?))
 7:29:24.423 !!! [CE][offlineDB] :: Type 'Akol_PistolMount_NoAttachment' will be ignored. (Type does not exist. (Typo?))
 7:29:24.423 !!! [CE][offlineDB] :: Type 'Akol_CZRail_NoAttachment' will be ignored. (Type does not exist. (Typo?))
 7:29:24.423 !!! [CE][offlineDB] :: Type 'Akol_M700Rail_NoAttachment' will be ignored. (Type does not exist. (Typo?))
 7:29:24.423 !!! [CE][offlineDB] :: Type 'Akol_B95Rail_NoAttachment' will be ignored. (Type does not exist. (Typo?))
 7:29:24.423 !!! [CE][offlineDB] :: Type 'Akol_UniversalRail_NoAttachment' will be ignored. (Type does not exist. (Typo?))
 7:29:24.423 !!! [CE][offlineDB] :: Type 'Akol_Pilad' will be ignored. (Type does not exist. (Typo?))
 7:29:24.423 !!! [CE][offlineDB] :: Type 'Akol_Exps' will be ignored. (Type does not exist. (Typo?))
 7:29:24.423 !!! [CE][offlineDB] :: Type 'Akol_Okp77' will be ignored. (Type does not exist. (Typo?))
 7:29:24.423 !!! [CE][offlineDB] :: Type 'Akol_Specter6x' will be ignored. (Type does not exist. (Typo?))
 7:29:24.423 !!! [CE][offlineDB] :: Type 'Akol_RailHuntingOptic' will be ignored. (Type does not exist. (Typo?))
 7:29:24.423 !!! [CE][offlineDB] :: Type 'Akol_Magnifier' will be ignored. (Type does not exist. (Typo?))
 7:29:24.423 !!! [CE][offlineDB] :: Type 'Akol_AKMount_MRDSMount' will be ignored. (Type does not exist. (Typo?))
 7:29:24.423 !!! [CE][offlineDB] :: Type 'Akol_AKMount_StarlightOptic' will be ignored. (Type does not exist. (Typo?))
 7:29:24.423 !!! [CE][offlineDB] :: Type 'Akol_AKMount_ACOGOptic' will be ignored. (Type does not exist. (Typo?))
 7:29:24.423 !!! [CE][offlineDB] :: Type 'Akol_AKMount_M68Optic' will be ignored. (Type does not exist. (Typo?))
 7:29:24.423 !!! [CE][offlineDB] :: Type 'Akol_AKMount_M4_T3NRDSOptic' will be ignored. (Type does not exist. (Typo?))
 7:29:24.423 !!! [CE][offlineDB] :: Type 'Akol_AKMount_ReflexOptic' will be ignored. (Type does not exist. (Typo?))
 7:29:24.423 !!! [CE][offlineDB] :: Type 'Akol_AKMount_ACOGOptic_6x' will be ignored. (Type does not exist. (Typo?))
 7:29:24.423 !!! [CE][offlineDB] :: Type 'Akol_AKMount_RailHuntingOptic' will be ignored. (Type does not exist. (Typo?))
 7:29:24.423 !!! [CE][offlineDB] :: Type 'Akol_AKMount_Magnifier' will be ignored. (Type does not exist. (Typo?))
 7:29:24.423 !!! [CE][offlineDB] :: Type 'Akol_AKMount_Pilad' will be ignored. (Type does not exist. (Typo?))
 7:29:24.423 !!! [CE][offlineDB] :: Type 'Akol_AKMount_Specter6x' will be ignored. (Type does not exist. (Typo?))
 7:29:24.423 !!! [CE][offlineDB] :: Type 'Akol_AKMount_Exps' will be ignored. (Type does not exist. (Typo?))
 7:29:24.423 !!! [CE][offlineDB] :: Type 'Akol_AKMount_Okp77' will be ignored. (Type does not exist. (Typo?))
 7:29:24.423 !!! [CE][offlineDB] :: Type 'Akol_UniversalRail_StarlightOptic' will be ignored. (Type does not exist. (Typo?))
 7:29:24.423 !!! [CE][offlineDB] :: Type 'Akol_UniversalRail_ACOGOptic' will be ignored. (Type does not exist. (Typo?))
 7:29:24.423 !!! [CE][offlineDB] :: Type 'Akol_UniversalRail_M68Optic' will be ignored. (Type does not exist. (Typo?))
 7:29:24.423 !!! [CE][offlineDB] :: Type 'Akol_UniversalRail_M4_T3NRDSOptic' will be ignored. (Type does not exist. (Typo?))
 7:29:24.423 !!! [CE][offlineDB] :: Type 'Akol_UniversalRail_ReflexOptic' will be ignored. (Type does not exist. (Typo?))
 7:29:24.423 !!! [CE][offlineDB] :: Type 'Akol_UniversalRail_ACOGOptic_6x' will be ignored. (Type does not exist. (Typo?))
 7:29:24.423 !!! [CE][offlineDB] :: Type 'Akol_UniversalRail_RailHuntingOptic' will be ignored. (Type does not exist. (Typo?))
 7:29:24.423 !!! [CE][offlineDB] :: Type 'Akol_UniversalRail_MRDSMount' will be ignored. (Type does not exist. (Typo?))
 7:29:24.423 !!! [CE][offlineDB] :: Type 'Akol_UniversalRail_Magnifier' will be ignored. (Type does not exist. (Typo?))
 7:29:24.423 !!! [CE][offlineDB] :: Type 'Akol_UniversalRail_Pilad' will be ignored. (Type does not exist. (Typo?))
 7:29:24.423 !!! [CE][offlineDB] :: Type 'Akol_UniversalRail_Specter6x' will be ignored. (Type does not exist. (Typo?))
 7:29:24.423 !!! [CE][offlineDB] :: Type 'Akol_UniversalRail_Exps' will be ignored. (Type does not exist. (Typo?))
 7:29:24.423 !!! [CE][offlineDB] :: Type 'Akol_UniversalRail_Okp77' will be ignored. (Type does not exist. (Typo?))
 7:29:24.423 !!! [CE][offlineDB] :: Type 'Akol_CZRail_StarlightOptic' will be ignored. (Type does not exist. (Typo?))
 7:29:24.423 !!! [CE][offlineDB] :: Type 'Akol_CZRail_ACOGOptic' will be ignored. (Type does not exist. (Typo?))
 7:29:24.423 !!! [CE][offlineDB] :: Type 'Akol_CZRail_M68Optic' will be ignored. (Type does not exist. (Typo?))
 7:29:24.423 !!! [CE][offlineDB] :: Type 'Akol_CZRail_M4_T3NRDSOptic' will be ignored. (Type does not exist. (Typo?))
 7:29:24.423 !!! [CE][offlineDB] :: Type 'Akol_CZRail_ReflexOptic' will be ignored. (Type does not exist. (Typo?))
 7:29:24.423 !!! [CE][offlineDB] :: Type 'Akol_CZRail_ACOGOptic_6x' will be ignored. (Type does not exist. (Typo?))
 7:29:24.423 !!! [CE][offlineDB] :: Type 'Akol_CZRail_RailHuntingOptic' will be ignored. (Type does not exist. (Typo?))
 7:29:24.423 !!! [CE][offlineDB] :: Type 'Akol_CZRail_MRDSMount' will be ignored. (Type does not exist. (Typo?))
 7:29:24.423 !!! [CE][offlineDB] :: Type 'Akol_CZRail_Magnifier' will be ignored. (Type does not exist. (Typo?))
 7:29:24.423 !!! [CE][offlineDB] :: Type 'Akol_CZRail_Pilad' will be ignored. (Type does not exist. (Typo?))
 7:29:24.423 !!! [CE][offlineDB] :: Type 'Akol_CZRail_Specter6x' will be ignored. (Type does not exist. (Typo?))
 7:29:24.423 !!! [CE][offlineDB] :: Type 'Akol_CZRail_Exps' will be ignored. (Type does not exist. (Typo?))
 7:29:24.423 !!! [CE][offlineDB] :: Type 'Akol_CZRail_Okp77' will be ignored. (Type does not exist. (Typo?))
 7:29:24.423 !!! [CE][offlineDB] :: Type 'Akol_M700Rail_StarlightOptic' will be ignored. (Type does not exist. (Typo?))
 7:29:24.423 !!! [CE][offlineDB] :: Type 'Akol_M700Rail_ACOGOptic' will be ignored. (Type does not exist. (Typo?))
 7:29:24.423 !!! [CE][offlineDB] :: Type 'Akol_M700Rail_M68Optic' will be ignored. (Type does not exist. (Typo?))
 7:29:24.423 !!! [CE][offlineDB] :: Type 'Akol_M700Rail_M4_T3NRDSOptic' will be ignored. (Type does not exist. (Typo?))
 7:29:24.423 !!! [CE][offlineDB] :: Type 'Akol_M700Rail_ReflexOptic' will be ignored. (Type does not exist. (Typo?))
 7:29:24.423 !!! [CE][offlineDB] :: Type 'Akol_M700Rail_ACOGOptic_6x' will be ignored. (Type does not exist. (Typo?))
 7:29:24.423 !!! [CE][offlineDB] :: Type 'Akol_M700Rail_RailHuntingOptic' will be ignored. (Type does not exist. (Typo?))
 7:29:24.423 !!! [CE][offlineDB] :: Type 'Akol_M700Rail_MRDSMount' will be ignored. (Type does not exist. (Typo?))
 7:29:24.423 !!! [CE][offlineDB] :: Type 'Akol_M700Rail_Magnifier' will be ignored. (Type does not exist. (Typo?))
 7:29:24.423 !!! [CE][offlineDB] :: Type 'Akol_M700Rail_Pilad' will be ignored. (Type does not exist. (Typo?))
 7:29:24.423 !!! [CE][offlineDB] :: Type 'Akol_M700Rail_Specter6x' will be ignored. (Type does not exist. (Typo?))
 7:29:24.423 !!! [CE][offlineDB] :: Type 'Akol_M700Rail_Exps' will be ignored. (Type does not exist. (Typo?))
 7:29:24.423 !!! [CE][offlineDB] :: Type 'Akol_M700Rail_Okp77' will be ignored. (Type does not exist. (Typo?))
 7:29:24.423 !!! [CE][offlineDB] :: Type 'Akol_MosinMount_StarlightOptic' will be ignored. (Type does not exist. (Typo?))
 7:29:24.423 !!! [CE][offlineDB] :: Type 'Akol_MosinMount_ACOGOptic' will be ignored. (Type does not exist. (Typo?))
 7:29:24.423 !!! [CE][offlineDB] :: Type 'Akol_MosinMount_M68Optic' will be ignored. (Type does not exist. (Typo?))
 7:29:24.423 !!! [CE][offlineDB] :: Type 'Akol_MosinMount_M4_T3NRDSOptic' will be ignored. (Type does not exist. (Typo?))
 7:29:24.423 !!! [CE][offlineDB] :: Type 'Akol_MosinMount_ReflexOptic' will be ignored. (Type does not exist. (Typo?))
 7:29:24.423 !!! [CE][offlineDB] :: Type 'Akol_MosinMount_ACOGOptic_6x' will be ignored. (Type does not exist. (Typo?))
 7:29:24.423 !!! [CE][offlineDB] :: Type 'Akol_MosinMount_RailHuntingOptic' will be ignored. (Type does not exist. (Typo?))
 7:29:24.423 !!! [CE][offlineDB] :: Type 'Akol_MosinMount_MRDSMount' will be ignored. (Type does not exist. (Typo?))
 7:29:24.423 !!! [CE][offlineDB] :: Type 'Akol_MosinMount_Magnifier' will be ignored. (Type does not exist. (Typo?))
 7:29:24.423 !!! [CE][offlineDB] :: Type 'Akol_MosinMount_Pilad' will be ignored. (Type does not exist. (Typo?))
 7:29:24.423 !!! [CE][offlineDB] :: Type 'Akol_MosinMount_Specter6x' will be ignored. (Type does not exist. (Typo?))
 7:29:24.423 !!! [CE][offlineDB] :: Type 'Akol_MosinMount_Exps' will be ignored. (Type does not exist. (Typo?))
 7:29:24.423 !!! [CE][offlineDB] :: Type 'Akol_MosinMount_Okp77' will be ignored. (Type does not exist. (Typo?))
 7:29:24.423 !!! [CE][offlineDB] :: Type 'Akol_B95Rail_StarlightOptic' will be ignored. (Type does not exist. (Typo?))
 7:29:24.423 !!! [CE][offlineDB] :: Type 'Akol_B95Rail_ACOGOptic' will be ignored. (Type does not exist. (Typo?))
 7:29:24.423 !!! [CE][offlineDB] :: Type 'Akol_B95Rail_M68Optic' will be ignored. (Type does not exist. (Typo?))
 7:29:24.423 !!! [CE][offlineDB] :: Type 'Akol_B95Rail_M4_T3NRDSOptic' will be ignored. (Type does not exist. (Typo?))
 7:29:24.423 !!! [CE][offlineDB] :: Type 'Akol_B95Rail_ReflexOptic' will be ignored. (Type does not exist. (Typo?))
 7:29:24.423 !!! [CE][offlineDB] :: Type 'Akol_B95Rail_ACOGOptic_6x' will be ignored. (Type does not exist. (Typo?))
 7:29:24.423 !!! [CE][offlineDB] :: Type 'Akol_B95Rail_RailHuntingOptic' will be ignored. (Type does not exist. (Typo?))
 7:29:24.423 !!! [CE][offlineDB] :: Type 'Akol_B95Rail_MRDSMount' will be ignored. (Type does not exist. (Typo?))
 7:29:24.423 !!! [CE][offlineDB] :: Type 'Akol_B95Rail_Magnifier' will be ignored. (Type does not exist. (Typo?))
 7:29:24.424 !!! [CE][offlineDB] :: Type 'Akol_B95Rail_Pilad' will be ignored. (Type does not exist. (Typo?))
 7:29:24.424 !!! [CE][offlineDB] :: Type 'Akol_B95Rail_Specter6x' will be ignored. (Type does not exist. (Typo?))
 7:29:24.424 !!! [CE][offlineDB] :: Type 'Akol_B95Rail_Exps' will be ignored. (Type does not exist. (Typo?))
 7:29:24.424 !!! [CE][offlineDB] :: Type 'Akol_B95Rail_Okp77' will be ignored. (Type does not exist. (Typo?))
 7:29:24.424 !!! [CE][offlineDB] :: Type 'Akol_PistolMount_M68Optic' will be ignored. (Type does not exist. (Typo?))
 7:29:24.424 !!! [CE][offlineDB] :: Type 'Akol_PistolMount_M4_T3NRDSOptic' will be ignored. (Type does not exist. (Typo?))
 7:29:24.424 !!! [CE][offlineDB] :: Type 'Akol_PistolMount_ReflexOptic' will be ignored. (Type does not exist. (Typo?))
 7:29:24.424 !!! [CE][offlineDB] :: Type 'Akol_PistolMount_MRDSMount' will be ignored. (Type does not exist. (Typo?))
 7:29:24.424 !!! [CE][offlineDB] :: Type 'Akol_PistolMount_Exps' will be ignored. (Type does not exist. (Typo?))
 7:29:24.424 !!! [CE][offlineDB] :: Type 'Akol_PistolMount_Okp77' will be ignored. (Type does not exist. (Typo?))
 7:29:24.437 !!! [CE] :: Unknown tag: 'hunting'.
 7:29:24.437 !!! [CE] :: Unknown tag: 'farm'.
 7:29:24.437 !!! [CE] :: Unknown tag: 'fishing'.
 7:29:24.437 !!! [CE] :: Unknown usage: 'Tenement'.
 7:29:24.500 !!! [CE][offlineDB] :: Type 'Loftd_hijab' will be ignored. (Type does not exist. (Typo?))
 7:29:24.500 !!! [CE][offlineDB] :: Type 'Loftd_hijab_black' will be ignored. (Type does not exist. (Typo?))
 7:29:24.500 !!! [CE][offlineDB] :: Type 'Loftd_hijab_bordo' will be ignored. (Type does not exist. (Typo?))
 7:29:24.500 !!! [CE][offlineDB] :: Type 'Loftd_hijab_green' will be ignored. (Type does not exist. (Typo?))
 7:29:24.500 !!! [CE][offlineDB] :: Type 'Loftd_hijab_home' will be ignored. (Type does not exist. (Typo?))
 7:29:24.500 !!! [CE][offlineDB] :: Type 'Loftd_hijab_kletka' will be ignored. (Type does not exist. (Typo?))
 7:29:24.500 !!! [CE][offlineDB] :: Type 'Loftd_hijab_red' will be ignored. (Type does not exist. (Typo?))
 7:29:24.500 !!! [CE][offlineDB] :: Type 'Loftd_hijab_stars' will be ignored. (Type does not exist. (Typo?))
 7:29:24.500 !!! [CE][offlineDB] :: Type 'Loftd_leatherHat' will be ignored. (Type does not exist. (Typo?))
 7:29:24.500 !!! [CE][offlineDB] :: Type 'Loftd_TiiliaksienHat' will be ignored. (Type does not exist. (Typo?))
 7:29:24.500 !!! [CE][offlineDB] :: Type 'Loftd_TropicalBag' will be ignored. (Type does not exist. (Typo?))
 7:29:24.500 !!! [CE][offlineDB] :: Type 'Loftd_campingbackpack' will be ignored. (Type does not exist. (Typo?))
 7:29:24.500 !!! [CE][offlineDB] :: Type 'Loftd_campingbackpack_green' will be ignored. (Type does not exist. (Typo?))
 7:29:24.500 !!! [CE][offlineDB] :: Type 'Loftd_oldbackpack' will be ignored. (Type does not exist. (Typo?))
 7:29:24.500 !!! [CE][offlineDB] :: Type 'Loftd_uniform_gloves' will be ignored. (Type does not exist. (Typo?))
 7:29:24.500 !!! [CE][offlineDB] :: Type 'Loftd_uniform_gloves_GR' will be ignored. (Type does not exist. (Typo?))
 7:29:24.500 !!! [CE][offlineDB] :: Type 'Loftd_uniform_gloves_WR' will be ignored. (Type does not exist. (Typo?))
 7:29:24.501 !!! [CE][offlineDB] :: Type 'Loftd_ghostmask' will be ignored. (Type does not exist. (Typo?))
 7:29:24.501 !!! [CE][offlineDB] :: Type 'Loftd_ghostpants' will be ignored. (Type does not exist. (Typo?))
 7:29:24.501 !!! [CE][offlineDB] :: Type 'Loftd_ghostpants_city' will be ignored. (Type does not exist. (Typo?))
 7:29:24.501 !!! [CE][offlineDB] :: Type 'Loftd_uniform_pants' will be ignored. (Type does not exist. (Typo?))
 7:29:24.501 !!! [CE][offlineDB] :: Type 'Loftd_uniform_pants_GR' will be ignored. (Type does not exist. (Typo?))
 7:29:24.501 !!! [CE][offlineDB] :: Type 'Loftd_uniform_pants_WR' will be ignored. (Type does not exist. (Typo?))
 7:29:24.501 !!! [CE][offlineDB] :: Type 'Loftd_pantalonvaron_ver1' will be ignored. (Type does not exist. (Typo?))
 7:29:24.501 !!! [CE][offlineDB] :: Type 'Loftd_pantalonvaron_ver2' will be ignored. (Type does not exist. (Typo?))
 7:29:24.501 !!! [CE][offlineDB] :: Type 'Loftd_pantalonvaron_ver3' will be ignored. (Type does not exist. (Typo?))
 7:29:24.501 !!! [CE][offlineDB] :: Type 'Loftd_uniform_boots' will be ignored. (Type does not exist. (Typo?))
 7:29:24.501 !!! [CE][offlineDB] :: Type 'Loftd_uniform_boots_GR' will be ignored. (Type does not exist. (Typo?))
 7:29:24.501 !!! [CE][offlineDB] :: Type 'Loftd_uniform_boots_WR' will be ignored. (Type does not exist. (Typo?))
 7:29:24.501 !!! [CE][offlineDB] :: Type 'Loftd_crosslander_blu' will be ignored. (Type does not exist. (Typo?))
 7:29:24.501 !!! [CE][offlineDB] :: Type 'Loftd_crosslander_green' will be ignored. (Type does not exist. (Typo?))
 7:29:24.501 !!! [CE][offlineDB] :: Type 'Loftd_crosslander_red' will be ignored. (Type does not exist. (Typo?))
 7:29:24.501 !!! [CE][offlineDB] :: Type 'Loftd_hikingboots_dirty' will be ignored. (Type does not exist. (Typo?))
 7:29:24.501 !!! [CE][offlineDB] :: Type 'Loftd_BunnySlippers' will be ignored. (Type does not exist. (Typo?))
 7:29:24.501 !!! [CE][offlineDB] :: Type 'Loftd_FuzzySlippers' will be ignored. (Type does not exist. (Typo?))
 7:29:24.501 !!! [CE][offlineDB] :: Type 'Loftd_houseslippers' will be ignored. (Type does not exist. (Typo?))
 7:29:24.501 !!! [CE][offlineDB] :: Type 'Loftd_NifflerSlippers' will be ignored. (Type does not exist. (Typo?))
 7:29:24.501 !!! [CE][offlineDB] :: Type 'Loftd_PigSlipper' will be ignored. (Type does not exist. (Typo?))
 7:29:24.501 !!! [CE][offlineDB] :: Type 'Loftd_leatherboots_dirty' will be ignored. (Type does not exist. (Typo?))
 7:29:24.501 !!! [CE][offlineDB] :: Type 'Loftd_ghostjacket' will be ignored. (Type does not exist. (Typo?))
 7:29:24.501 !!! [CE][offlineDB] :: Type 'Loftd_ghostjacket_city' will be ignored. (Type does not exist. (Typo?))
 7:29:24.501 !!! [CE][offlineDB] :: Type 'Loftd_uniform_jacket' will be ignored. (Type does not exist. (Typo?))
 7:29:24.501 !!! [CE][offlineDB] :: Type 'Loftd_uniform_jacket_GR' will be ignored. (Type does not exist. (Typo?))
 7:29:24.501 !!! [CE][offlineDB] :: Type 'Loftd_uniform_jacket_WR' will be ignored. (Type does not exist. (Typo?))
 7:29:24.501 !!! [CE][offlineDB] :: Type 'Loftd_Mjjacket_red' will be ignored. (Type does not exist. (Typo?))
 7:29:24.501 !!! [CE][offlineDB] :: Type 'Loftd_Mjjacket_black' will be ignored. (Type does not exist. (Typo?))
 7:29:24.501 !!! [CE][offlineDB] :: Type 'Loftd_Wrfemalejacket' will be ignored. (Type does not exist. (Typo?))
 7:29:24.501 !!! [CE][offlineDB] :: Type 'Loftd_huntercoat_camo' will be ignored. (Type does not exist. (Typo?))
 7:29:24.501 !!! [CE][offlineDB] :: Type 'Loftd_huntercoat_dubok' will be ignored. (Type does not exist. (Typo?))
 7:29:24.501 !!! [CE][offlineDB] :: Type 'Loftd_huntercoat_flora' will be ignored. (Type does not exist. (Typo?))
 7:29:24.501 !!! [CE][offlineDB] :: Type 'Loftd_ghostvest' will be ignored. (Type does not exist. (Typo?))
 7:29:24.501 !!! [CE][offlineDB] :: Type 'Loftd_ghostvest_city' will be ignored. (Type does not exist. (Typo?))
 7:29:24.501 !!! [CE][offlineDB] :: Type 'Loftd_knifeholster' will be ignored. (Not spawnable. (Scope is not public?))
 7:29:24.501 !!! [CE][offlineDB] :: Type 'Loftd_tropicalbag_pouch' will be ignored. (Type does not exist. (Typo?))
 7:29:24.501 !!! [CE][offlineDB] :: Type 'Loftd_tropicalbag_shovelpouch' will be ignored. (Type does not exist. (Typo?))
 7:29:24.501 !!! [CE][offlineDB] :: Type 'Loftd_tropicalbag_canteen' will be ignored. (Type does not exist. (Typo?))
 7:29:24.501 !!! [CE][offlineDB] :: Type 'Loftd_tropicalbag_spalnikpouch' will be ignored. (Type does not exist. (Typo?))
 7:29:24.501 !!! [CE][offlineDB] :: Type 'Loftd_militarybeltCIRAS_black (craft)' will be ignored. (Type does not exist. (Typo?))
 7:29:24.501 !!! [CE][offlineDB] :: Type 'Loftd_militarybeltCIRAS_dubok (craft)' will be ignored. (Type does not exist. (Typo?))
 7:29:24.501 !!! [CE][offlineDB] :: Type 'Loftd_militarybeltCIRAS_winter (craft)' will be ignored. (Type does not exist. (Typo?))
 7:29:24.501 !!! [CE][offlineDB] :: Type 'Loftd_uniform_belt' will be ignored. (Type does not exist. (Typo?))
 7:29:24.501 !!! [CE][offlineDB] :: Type 'Loftd_uniform_belt_GR' will be ignored. (Type does not exist. (Typo?))
 7:29:24.501 !!! [CE][offlineDB] :: Type 'Loftd_uniform_belt_WR' will be ignored. (Type does not exist. (Typo?))
 7:29:24.501 !!! [CE][offlineDB] :: Type 'Loftd_ghostponcho' will be ignored. (Type does not exist. (Typo?))
 7:29:24.501 !!! [CE][offlineDB] :: Type 'Loftd_ghostponcho_city' will be ignored. (Type does not exist. (Typo?))
 7:29:24.501 !!! [CE][offlineDB] :: Type 'Loftd_fabricscarf ' will be ignored. (Type does not exist. (Typo?))
 7:29:24.501 !!! [CE][offlineDB] :: Type 'Loftd_SleepingBagPacked_black' will be ignored. (Type does not exist. (Typo?))
 7:29:24.501 !!! [CE][offlineDB] :: Type 'Loftd_SleepingBagPacked_blue' will be ignored. (Type does not exist. (Typo?))
 7:29:24.501 !!! [CE][offlineDB] :: Type 'Loftd_SleepingBagPacked_green' will be ignored. (Type does not exist. (Typo?))
 7:29:24.501 !!! [CE][offlineDB] :: Type 'Loftd_SleepingBagPacked_red' will be ignored. (Type does not exist. (Typo?))
 7:29:24.501 !!! [CE][offlineDB] :: Type 'Loftd_SleepingBag_black' will be ignored. (Type does not exist. (Typo?))
 7:29:24.501 !!! [CE][offlineDB] :: Type 'Loftd_SleepingBag_blue' will be ignored. (Type does not exist. (Typo?))
 7:29:24.501 !!! [CE][offlineDB] :: Type 'Loftd_SleepingBag_green' will be ignored. (Type does not exist. (Typo?))
 7:29:24.501 !!! [CE][offlineDB] :: Type 'Loftd_SleepingBag_red' will be ignored. (Type does not exist. (Typo?))
 7:29:24.501 !!! [CE][offlineDB] :: Type 'Ririteo_razor' will be ignored. (Type does not exist. (Typo?))
 7:29:24.501 !!! [CE][offlineDB] :: Type 'Loftd_woodenbabycrib' will be ignored. (Type does not exist. (Typo?))
 7:29:24.501 !!! [CE][offlineDB] :: Type 'Loftd_totem_lada' will be ignored. (Type does not exist. (Typo?))
 7:29:24.501 !!! [CE][offlineDB] :: Type 'Loftd_totem_mara' will be ignored. (Type does not exist. (Typo?))
 7:29:24.501 !!! [CE][offlineDB] :: Type 'Loftd_totem_chur' will be ignored. (Type does not exist. (Typo?))
 7:29:24.501 !!! [CE][offlineDB] :: Type 'Loftd_totem_kashchei' will be ignored. (Type does not exist. (Typo?))
 7:29:24.501 !!! [CE][offlineDB] :: Type 'Loftd_totem_perun' will be ignored. (Type does not exist. (Typo?))
 7:29:24.501 !!! [CE][offlineDB] :: Type 'Loftd_totem_rod' will be ignored. (Type does not exist. (Typo?))
 7:29:24.501 !!! [CE][offlineDB] :: Type 'Loftd_totem_svarog' will be ignored. (Type does not exist. (Typo?))
 7:29:24.501 !!! [CE][offlineDB] :: Type 'Loftd_totem_veles' will be ignored. (Type does not exist. (Typo?))
 7:29:24.501 !!! [CE][offlineDB] :: Type 'Loftd_babyBandage' will be ignored. (Type does not exist. (Typo?))
 7:29:24.502 !!! [CE][offlineDB] :: Type 'Loftd_baby' will be ignored. (Type does not exist. (Typo?))
 7:29:24.502 !!! [CE][offlineDB] :: Type 'Loftd_huggers' will be ignored. (Type does not exist. (Typo?))
 7:29:24.525 !!! [CE][offlineDB] :: Type 'SA_Loot_Case' will be ignored. (Not spawnable. (Scope is not public?))
 7:29:24.606 !!! [CE][offlineDB] :: Type 'UAZ_3163_MCHS' will be ignored. (Type does not exist. (Typo?))
 7:29:24.606 !!! [CE][offlineDB] :: Type 'UAZ_3163_VP' will be ignored. (Type does not exist. (Typo?))
 7:29:24.606 !!! [CE][offlineDB] :: Type 'UAZ_3163_emergency_service' will be ignored. (Type does not exist. (Typo?))
 7:29:24.606 !!! [CE][offlineDB] :: Type 'opel_blitz' will be ignored. (Type does not exist. (Typo?))
 7:29:24.606 !!! [CE][offlineDB] :: Type 'dodge_power_wagonrus_doors_cargo3		' will be ignored. (Type does not exist. (Typo?))
 7:29:24.606 !!! [CE][offlineDB] :: Type 'dodge_power_wagonrus_doors_cargo3_yellow		' will be ignored. (Type does not exist. (Typo?))
 7:29:24.606 !!! [CE][offlineDB] :: Type 'dodge_power_wagonrus_doors_cargo3_white		' will be ignored. (Type does not exist. (Typo?))
 7:29:24.606 !!! [CE][offlineDB] :: Type 'dodge_power_wagonrus_doors_cargo3_black		' will be ignored. (Type does not exist. (Typo?))
 7:29:24.606 !!! [CE][offlineDB] :: Type 'dodge_power_wagonrus_doors_cargo3_red		' will be ignored. (Type does not exist. (Typo?))
 7:29:24.606 !!! [CE][offlineDB] :: Type 'UAZ_3163_doors_driver_MCHS' will be ignored. (Type does not exist. (Typo?))
 7:29:24.606 !!! [CE][offlineDB] :: Type 'UAZ_3163_doors_codriver_MCHS' will be ignored. (Type does not exist. (Typo?))
 7:29:24.606 !!! [CE][offlineDB] :: Type 'UAZ_3163_doors_cargo1_MCHS' will be ignored. (Type does not exist. (Typo?))
 7:29:24.606 !!! [CE][offlineDB] :: Type 'UAZ_3163_doors_cargo2_MCHS' will be ignored. (Type does not exist. (Typo?))
 7:29:24.606 !!! [CE][offlineDB] :: Type 'UAZ_3163_doors_hood_MCHS' will be ignored. (Type does not exist. (Typo?))
 7:29:24.606 !!! [CE][offlineDB] :: Type 'UAZ_3163_doors_trunk_MCHS' will be ignored. (Type does not exist. (Typo?))
 7:29:24.606 !!! [CE][offlineDB] :: Type 'UAZ_3163_doors_driver_VP' will be ignored. (Type does not exist. (Typo?))
 7:29:24.606 !!! [CE][offlineDB] :: Type 'UAZ_3163_doors_codriver_VP' will be ignored. (Type does not exist. (Typo?))
 7:29:24.606 !!! [CE][offlineDB] :: Type 'UAZ_3163_doors_cargo1_VP' will be ignored. (Type does not exist. (Typo?))
 7:29:24.606 !!! [CE][offlineDB] :: Type 'UAZ_3163_doors_cargo2_VP' will be ignored. (Type does not exist. (Typo?))
 7:29:24.606 !!! [CE][offlineDB] :: Type 'UAZ_3163_doors_hood_VP' will be ignored. (Type does not exist. (Typo?))
 7:29:24.606 !!! [CE][offlineDB] :: Type 'UAZ_3163_doors_trunk_VP' will be ignored. (Type does not exist. (Typo?))
 7:29:24.607 !!! [CE][offlineDB] :: Type 'UAZ_3163_doors_driver_emergency_service' will be ignored. (Type does not exist. (Typo?))
 7:29:24.607 !!! [CE][offlineDB] :: Type 'UAZ_3163_doors_codriver_emergency_service' will be ignored. (Type does not exist. (Typo?))
 7:29:24.607 !!! [CE][offlineDB] :: Type 'UAZ_3163_doors_cargo1_emergency_service' will be ignored. (Type does not exist. (Typo?))
 7:29:24.607 !!! [CE][offlineDB] :: Type 'UAZ_3163_doors_cargo2_emergency_service' will be ignored. (Type does not exist. (Typo?))
 7:29:24.607 !!! [CE][offlineDB] :: Type 'UAZ_3163_doors_hood_emergency_service' will be ignored. (Type does not exist. (Typo?))
 7:29:24.607 !!! [CE][offlineDB] :: Type 'UAZ_3163_doors_trunk_emergency_service' will be ignored. (Type does not exist. (Typo?))
 7:29:24.607 !!! [CE][offlineDB] :: Type 'UAZ_469_milicia_wheel ' will be ignored. (Type does not exist. (Typo?))
 7:29:24.607 !!! [CE][offlineDB] :: Type 'UAZ_469_milicia_doors_cargo1	' will be ignored. (Type does not exist. (Typo?))
 7:29:24.607 !!! [CE][offlineDB] :: Type 'UAZ_27722_mchs_doors_cargo2_ambulancia' will be ignored. (Type does not exist. (Typo?))
 7:29:24.607 !!! [CE][offlineDB] :: Type 'IJ_2125_Kombi_wheel ' will be ignored. (Type does not exist. (Typo?))
 7:29:24.646 !!! [CE][offlineDB] :: Type 'RubberBox_380ACP' will be ignored. (Type does not exist. (Typo?))
 7:29:24.646 !!! [CE][offlineDB] :: Type 'RubberBox_45ACP' will be ignored. (Type does not exist. (Typo?))
 7:29:24.646 !!! [CE][offlineDB] :: Type 'RubberBox_9x19' will be ignored. (Type does not exist. (Typo?))
 7:29:24.646 !!! [CE][offlineDB] :: Type 'Ammo_45ACPRubber' will be ignored. (Type does not exist. (Typo?))
 7:29:24.646 !!! [CE][offlineDB] :: Type 'Ammo_9x19Rubber' will be ignored. (Type does not exist. (Typo?))
 7:29:24.646 !!! [CE][offlineDB] :: Type 'Ammo_380Rubber' will be ignored. (Type does not exist. (Typo?))
 7:29:24.646 !!! [CE][offlineDB] :: Type 'ScrapRubber' will be ignored. (Type does not exist. (Typo?))
 7:29:24.646 !!! [CE][offlineDB] :: Type 'PressWdie' will be ignored. (Type does not exist. (Typo?))
 7:29:24.646 !!! [CE][offlineDB] :: Type 'PressWdieWattachmentplate' will be ignored. (Type does not exist. (Typo?))
 7:29:24.646 !!! [CE][offlineDB] :: Type 'Presswdiemechismhandle' will be ignored. (Type does not exist. (Typo?))
 7:29:24.646 !!! [CE][offlineDB] :: Type 'PresswithAttachmentplate' will be ignored. (Type does not exist. (Typo?))
 7:29:24.646 !!! [CE][offlineDB] :: Type 'PresswithMechanism' will be ignored. (Type does not exist. (Typo?))
 7:29:24.646 !!! [CE][offlineDB] :: Type 'PresswithMechanismhandle' will be ignored. (Type does not exist. (Typo?))
 7:29:24.646 !!! [CE][offlineDB] :: Type 'CrucibleOreLead' will be ignored. (Type does not exist. (Typo?))
 7:29:24.660 !!! [CE][offlineDB] :: Type 'UtopiaAirdropflare' will be ignored. (Type does not exist. (Typo?))
 7:29:24.703 !!! [CE][offlineDB] :: Type 'ExpansionCarKey' will be ignored. (Type does not exist. (Typo?))
 7:29:24.720 !!! [CE][offlineDB] :: Type 'PotatoSeeds' will be ignored. (Type does not exist. (Typo?))
 7:29:24.720 !!! [CE][offlineDB] :: Type 'tool_box' will be ignored. (Type does not exist. (Typo?))
 7:29:24.721 !!! [CE][offlineDB] :: Type 'BP2_Gas_mask' will be ignored. (Type does not exist. (Typo?))
 7:29:24.721 !!! [CE][offlineDB] :: Type 'GP5_filter' will be ignored. (Type does not exist. (Typo?))
 7:29:24.721 !!! [CE][offlineDB] :: Type 'BP1_ChestHolster_black' will be ignored. (Type does not exist. (Typo?))
 7:29:24.721 !!! [CE][offlineDB] :: Type 'BP2_PrisonPWhite' will be ignored. (Type does not exist. (Typo?))
 7:29:24.721 !!! [CE][offlineDB] :: Type 'BP2_Ivent_pac' will be ignored. (Type does not exist. (Typo?))
 7:29:24.721 !!! [CE][offlineDB] :: Type 'BP_Pech_kit' will be ignored. (Not spawnable. (Scope is not public?))
 7:29:24.721 !!! [CE][offlineDB] :: Type 'BP_post_box' will be ignored. (Type does not exist. (Typo?))
 7:29:24.721 !!! [CE][offlineDB] :: Type 'BP_Zippo' will be ignored. (Type does not exist. (Typo?))
 7:29:24.721 !!! [CE][offlineDB] :: Type 'BP_Trap_SmallFish' will be ignored. (Type does not exist. (Typo?))
 7:29:24.721 !!! [CE][offlineDB] :: Type 'BP_Immunoglobulin' will be ignored. (Type does not exist. (Typo?))
 7:29:24.721 !!! [CE][offlineDB] :: Type 'BP_BearBlood' will be ignored. (Type does not exist. (Typo?))
 7:29:24.721 !!! [CE][offlineDB] :: Type 'BP_MilitaryBeret_CDF_Black ' will be ignored. (Type does not exist. (Typo?))
 7:29:24.752 !!! [CE] :: Unknown tag: 'civilian'.
 7:29:24.752 !!! [CE] :: Unknown tag: 'hunting'.
 7:29:24.752 !!! [CE] :: Unknown tag: 'Military'.
 7:29:24.752 !!! [CE][offlineDB] :: Type 'RIP_A5' will be ignored. (Type does not exist. (Typo?))
 7:29:24.863 [CE][DE][SPAWNS] :: Total positions: 146
 7:29:24.863 [CE][DE][GROUPS] :: Total eventgroups defined: 83, Eventgroups in use: 0
 7:29:24.889 [CE][Storage] ver:25 stamp:241, valid:yes, name:"G:\SteamLibrary\steamapps\common\DayZServer\mpmissions\empty.alteria\storage_380881\data\events.bin"
 7:29:24.896 [CE][Storage] ver:25 stamp:135, valid:yes, name:"G:\SteamLibrary\steamapps\common\DayZServer\mpmissions\empty.alteria\storage_380881\data\events.001"
 7:29:24.928 [CE][Storage] ver:25 stamp:136, valid:yes, name:"G:\SteamLibrary\steamapps\common\DayZServer\mpmissions\empty.alteria\storage_380881\data\events.002"
 7:29:24.929 [CE][Storage] Restoring file "G:\SteamLibrary\steamapps\common\DayZServer\mpmissions\empty.alteria\storage_380881\data\events.bin".
 7:29:24.929 [CE][DynamicEvent] Load  Events:[32] Primary spawners: 32 Secondary spawners: 1
 7:29:24.929 [CE][InfectedRespawner] (PRIArmy) :: Zones:0 Respawner Function DISABLED !!!
 7:29:24.929 [CE][InfectedRespawner] (PRIArmyHard) :: Status
 7:29:24.929   Zones:56, Unpopulated:0
 7:29:24.929   SMin:249, SMax:383
 7:29:24.929   DMin:249, DMax:385
 7:29:24.929 [CE][InfectedRespawner] (PRICity) :: Status
 7:29:24.929   Zones:26, Unpopulated:0
 7:29:24.929   SMin:88, SMax:170
 7:29:24.929   DMin:175, DMax:290
 7:29:24.929 [CE][InfectedRespawner] (PRIFirefighter) :: Status
 7:29:24.929   Zones:6, Unpopulated:0
 7:29:24.929   SMin:11, SMax:17
 7:29:24.929   DMin:17, DMax:29
 7:29:24.929 [CE][InfectedRespawner] (PRIIndustrial) :: Status
 7:29:24.929   Zones:52, Unpopulated:0
 7:29:24.929   SMin:123, SMax:176
 7:29:24.929   DMin:204, DMax:334
 7:29:24.929 [CE][InfectedRespawner] (PRIMedic) :: Status
 7:29:24.929   Zones:16, Unpopulated:0
 7:29:24.929   SMin:24, SMax:40
 7:29:24.929   DMin:41, DMax:71
 7:29:24.929 [CE][InfectedRespawner] (PRINBC) :: Zones:0 Respawner Function DISABLED !!!
 7:29:24.929 [CE][InfectedRespawner] (PRINBCYellow) :: Status
 7:29:24.929   Zones:1, Unpopulated:0
 7:29:24.929   SMin:2, SMax:3
 7:29:24.929   DMin:30, DMax:40
 7:29:24.929 [CE][InfectedRespawner] (PRIPolice) :: Status
 7:29:24.929   Zones:4, Unpopulated:0
 7:29:24.929   SMin:8, SMax:12
 7:29:24.929   DMin:10, DMax:18
 7:29:24.929 [CE][InfectedRespawner] (PRIPoliceHard) :: Zones:0 Respawner Function DISABLED !!!
 7:29:24.929 [CE][InfectedRespawner] (PRIPrisoner) :: Status
 7:29:24.929   Zones:9, Unpopulated:0
 7:29:24.929   SMin:36, SMax:72
 7:29:24.929   DMin:36, DMax:72
 7:29:24.929 [CE][InfectedRespawner] (PRIReligious) :: Status
 7:29:24.929   Zones:5, Unpopulated:0
 7:29:24.929   SMin:10, SMax:15
 7:29:24.929   DMin:5, DMax:15
 7:29:24.929 [CE][InfectedRespawner] (PRISolitude) :: Status
 7:29:24.929   Zones:138, Unpopulated:0
 7:29:24.929   SMin:291, SMax:478
 7:29:24.929   DMin:559, DMax:976
 7:29:24.929 [CE][InfectedRespawner] (PRIVillage) :: Status
 7:29:24.929   Zones:16, Unpopulated:0
 7:29:24.929   SMin:39, SMax:55
 7:29:24.929   DMin:46, DMax:90
 7:29:24.929 [CE][InfectedRespawner] (SECPoliceHard) :: Zones:0 Respawner Function DISABLED !!!
 7:29:24.944 [CE][Storage] ver:25 stamp:241, valid:yes, name:"G:\SteamLibrary\steamapps\common\DayZServer\mpmissions\empty.alteria\storage_380881\data\dynamic_000.bin"
 7:29:24.956 [CE][Storage] ver:25 stamp:135, valid:yes, name:"G:\SteamLibrary\steamapps\common\DayZServer\mpmissions\empty.alteria\storage_380881\data\dynamic_000.001"
 7:29:24.967 [CE][Storage] ver:25 stamp:136, valid:yes, name:"G:\SteamLibrary\steamapps\common\DayZServer\mpmissions\empty.alteria\storage_380881\data\dynamic_000.002"
 7:29:24.967 [CE][Storage] Restoring file "G:\SteamLibrary\steamapps\common\DayZServer\mpmissions\empty.alteria\storage_380881\data\dynamic_000.bin" 183 items.
 7:29:26.375   183 items loaded. (0 failed)
 7:29:26.409 [CE][Storage] ver:25 stamp:241, valid:yes, name:"G:\SteamLibrary\steamapps\common\DayZServer\mpmissions\empty.alteria\storage_380881\data\dynamic_001.bin"
 7:29:26.421 [CE][Storage] ver:25 stamp:135, valid:yes, name:"G:\SteamLibrary\steamapps\common\DayZServer\mpmissions\empty.alteria\storage_380881\data\dynamic_001.001"
 7:29:26.455 [CE][Storage] ver:25 stamp:136, valid:yes, name:"G:\SteamLibrary\steamapps\common\DayZServer\mpmissions\empty.alteria\storage_380881\data\dynamic_001.002"
 7:29:26.455 [CE][Storage] Restoring file "G:\SteamLibrary\steamapps\common\DayZServer\mpmissions\empty.alteria\storage_380881\data\dynamic_001.bin" 631 items.
 7:29:31.86   631 items loaded. (0 failed)
 7:29:31.149 [CE][Storage] ver:25 stamp:241, valid:yes, name:"G:\SteamLibrary\steamapps\common\DayZServer\mpmissions\empty.alteria\storage_380881\data\dynamic_002.bin"
 7:29:31.206 [CE][Storage] ver:25 stamp:135, valid:yes, name:"G:\SteamLibrary\steamapps\common\DayZServer\mpmissions\empty.alteria\storage_380881\data\dynamic_002.001"
 7:29:31.224 [CE][Storage] ver:25 stamp:136, valid:yes, name:"G:\SteamLibrary\steamapps\common\DayZServer\mpmissions\empty.alteria\storage_380881\data\dynamic_002.002"
 7:29:31.224 [CE][Storage] Restoring file "G:\SteamLibrary\steamapps\common\DayZServer\mpmissions\empty.alteria\storage_380881\data\dynamic_002.bin" 1691 items.
 7:29:35.862   1691 items loaded. (0 failed)
 7:29:35.889 [CE][Storage] ver:25 stamp:241, valid:yes, name:"G:\SteamLibrary\steamapps\common\DayZServer\mpmissions\empty.alteria\storage_380881\data\dynamic_003.bin"
 7:29:35.904 [CE][Storage] ver:25 stamp:135, valid:yes, name:"G:\SteamLibrary\steamapps\common\DayZServer\mpmissions\empty.alteria\storage_380881\data\dynamic_003.001"
 7:29:35.920 [CE][Storage] ver:25 stamp:136, valid:yes, name:"G:\SteamLibrary\steamapps\common\DayZServer\mpmissions\empty.alteria\storage_380881\data\dynamic_003.002"
 7:29:35.920 [CE][Storage] Restoring file "G:\SteamLibrary\steamapps\common\DayZServer\mpmissions\empty.alteria\storage_380881\data\dynamic_003.bin" 1882 items.
 7:29:38.659   1882 items loaded. (0 failed)
 7:29:38.684 [CE][Storage] ver:25 stamp:241, valid:yes, name:"G:\SteamLibrary\steamapps\common\DayZServer\mpmissions\empty.alteria\storage_380881\data\dynamic_004.bin"
 7:29:38.702 [CE][Storage] ver:25 stamp:135, valid:yes, name:"G:\SteamLibrary\steamapps\common\DayZServer\mpmissions\empty.alteria\storage_380881\data\dynamic_004.001"
 7:29:38.721 [CE][Storage] ver:25 stamp:136, valid:yes, name:"G:\SteamLibrary\steamapps\common\DayZServer\mpmissions\empty.alteria\storage_380881\data\dynamic_004.002"
 7:29:38.721 [CE][Storage] Restoring file "G:\SteamLibrary\steamapps\common\DayZServer\mpmissions\empty.alteria\storage_380881\data\dynamic_004.bin" 826 items.
 7:29:39.940   826 items loaded. (0 failed)
 7:29:39.960 [CE][Storage] ver:25 stamp:241, valid:yes, name:"G:\SteamLibrary\steamapps\common\DayZServer\mpmissions\empty.alteria\storage_380881\data\dynamic_005.bin"
 7:29:39.993 [CE][Storage] ver:25 stamp:135, valid:yes, name:"G:\SteamLibrary\steamapps\common\DayZServer\mpmissions\empty.alteria\storage_380881\data\dynamic_005.001"
 7:29:40.10 [CE][Storage] ver:25 stamp:136, valid:yes, name:"G:\SteamLibrary\steamapps\common\DayZServer\mpmissions\empty.alteria\storage_380881\data\dynamic_005.002"
 7:29:40.10 [CE][Storage] Restoring file "G:\SteamLibrary\steamapps\common\DayZServer\mpmissions\empty.alteria\storage_380881\data\dynamic_005.bin" 931 items.
 7:29:40.990   931 items loaded. (0 failed)
 7:29:41.20 [CE][Storage] ver:25 stamp:241, valid:yes, name:"G:\SteamLibrary\steamapps\common\DayZServer\mpmissions\empty.alteria\storage_380881\data\dynamic_006.bin"
 7:29:41.33 [CE][Storage] ver:25 stamp:135, valid:yes, name:"G:\SteamLibrary\steamapps\common\DayZServer\mpmissions\empty.alteria\storage_380881\data\dynamic_006.001"
 7:29:41.49 [CE][Storage] ver:25 stamp:136, valid:yes, name:"G:\SteamLibrary\steamapps\common\DayZServer\mpmissions\empty.alteria\storage_380881\data\dynamic_006.002"
 7:29:41.49 [CE][Storage] Restoring file "G:\SteamLibrary\steamapps\common\DayZServer\mpmissions\empty.alteria\storage_380881\data\dynamic_006.bin" 1691 items.
 7:29:42.649   1691 items loaded. (0 failed)
 7:29:42.664 [CE][Storage] ver:25 stamp:241, valid:yes, name:"G:\SteamLibrary\steamapps\common\DayZServer\mpmissions\empty.alteria\storage_380881\data\dynamic_007.bin"
 7:29:42.701 [CE][Storage] ver:25 stamp:135, valid:yes, name:"G:\SteamLibrary\steamapps\common\DayZServer\mpmissions\empty.alteria\storage_380881\data\dynamic_007.001"
 7:29:42.707 [CE][Storage] ver:25 stamp:136, valid:yes, name:"G:\SteamLibrary\steamapps\common\DayZServer\mpmissions\empty.alteria\storage_380881\data\dynamic_007.002"
 7:29:42.707 [CE][Storage] Restoring file "G:\SteamLibrary\steamapps\common\DayZServer\mpmissions\empty.alteria\storage_380881\data\dynamic_007.bin" 638 items.
 7:29:43.91   638 items loaded. (0 failed)
 7:29:43.104 [CE][Storage] ver:25 stamp:241, valid:yes, name:"G:\SteamLibrary\steamapps\common\DayZServer\mpmissions\empty.alteria\storage_380881\data\dynamic_008.bin"
 7:29:43.137 [CE][Storage] ver:25 stamp:135, valid:yes, name:"G:\SteamLibrary\steamapps\common\DayZServer\mpmissions\empty.alteria\storage_380881\data\dynamic_008.001"
 7:29:43.146 [CE][Storage] ver:25 stamp:136, valid:yes, name:"G:\SteamLibrary\steamapps\common\DayZServer\mpmissions\empty.alteria\storage_380881\data\dynamic_008.002"
 7:29:43.146 [CE][Storage] Restoring file "G:\SteamLibrary\steamapps\common\DayZServer\mpmissions\empty.alteria\storage_380881\data\dynamic_008.bin" 573 items.
 7:29:43.508   573 items loaded. (0 failed)
 7:29:43.532 [CE][Storage] ver:25 stamp:241, valid:yes, name:"G:\SteamLibrary\steamapps\common\DayZServer\mpmissions\empty.alteria\storage_380881\data\dynamic_009.bin"
 7:29:43.569 [CE][Storage] ver:25 stamp:135, valid:yes, name:"G:\SteamLibrary\steamapps\common\DayZServer\mpmissions\empty.alteria\storage_380881\data\dynamic_009.001"
 7:29:43.585 [CE][Storage] ver:25 stamp:136, valid:yes, name:"G:\SteamLibrary\steamapps\common\DayZServer\mpmissions\empty.alteria\storage_380881\data\dynamic_009.002"
 7:29:43.585 [CE][Storage] Restoring file "G:\SteamLibrary\steamapps\common\DayZServer\mpmissions\empty.alteria\storage_380881\data\dynamic_009.bin" 1129 items.
 7:29:44.390   1129 items loaded. (0 failed)
 7:29:44.414 [CE][Storage] ver:25 stamp:241, valid:yes, name:"G:\SteamLibrary\steamapps\common\DayZServer\mpmissions\empty.alteria\storage_380881\data\dynamic_010.bin"
 7:29:44.431 [CE][Storage] ver:25 stamp:135, valid:yes, name:"G:\SteamLibrary\steamapps\common\DayZServer\mpmissions\empty.alteria\storage_380881\data\dynamic_010.001"
 7:29:44.449 [CE][Storage] ver:25 stamp:136, valid:yes, name:"G:\SteamLibrary\steamapps\common\DayZServer\mpmissions\empty.alteria\storage_380881\data\dynamic_010.002"
 7:29:44.449 [CE][Storage] Restoring file "G:\SteamLibrary\steamapps\common\DayZServer\mpmissions\empty.alteria\storage_380881\data\dynamic_010.bin" 1076 items.
 7:29:45.295   1076 items loaded. (0 failed)
 7:29:45.308 [CE][Storage] ver:25 stamp:241, valid:yes, name:"G:\SteamLibrary\steamapps\common\DayZServer\mpmissions\empty.alteria\storage_380881\data\dynamic_011.bin"
 7:29:45.320 [CE][Storage] ver:25 stamp:135, valid:yes, name:"G:\SteamLibrary\steamapps\common\DayZServer\mpmissions\empty.alteria\storage_380881\data\dynamic_011.001"
 7:29:45.336 [CE][Storage] ver:25 stamp:136, valid:yes, name:"G:\SteamLibrary\steamapps\common\DayZServer\mpmissions\empty.alteria\storage_380881\data\dynamic_011.002"
 7:29:45.336 [CE][Storage] Restoring file "G:\SteamLibrary\steamapps\common\DayZServer\mpmissions\empty.alteria\storage_380881\data\dynamic_011.bin" 491 items.
 7:29:45.640   491 items loaded. (0 failed)
 7:29:45.646 [CE][Storage] ver:26 stamp:241, valid:yes, name:"G:\SteamLibrary\steamapps\common\DayZServer\mpmissions\empty.alteria\storage_380881\data\building.bin"
 7:29:45.651 [CE][Storage] ver:26 stamp:135, valid:yes, name:"G:\SteamLibrary\steamapps\common\DayZServer\mpmissions\empty.alteria\storage_380881\data\building.001"
 7:29:45.656 [CE][Storage] ver:26 stamp:136, valid:yes, name:"G:\SteamLibrary\steamapps\common\DayZServer\mpmissions\empty.alteria\storage_380881\data\building.002"
 7:29:45.656 [CE][Storage] Restoring file "G:\SteamLibrary\steamapps\common\DayZServer\mpmissions\empty.alteria\storage_380881\data\building.bin" 2 items.
 7:29:45.656   2 items loaded. (0 failed)
 7:29:45.681 [CE][Storage] ver:25 stamp:241, valid:yes, name:"G:\SteamLibrary\steamapps\common\DayZServer\mpmissions\empty.alteria\storage_380881\data\vehicles.bin"
 7:29:45.701 [CE][Storage] ver:25 stamp:135, valid:yes, name:"G:\SteamLibrary\steamapps\common\DayZServer\mpmissions\empty.alteria\storage_380881\data\vehicles.001"
 7:29:45.719 [CE][Storage] ver:25 stamp:136, valid:yes, name:"G:\SteamLibrary\steamapps\common\DayZServer\mpmissions\empty.alteria\storage_380881\data\vehicles.002"
 7:29:45.719 [CE][Storage] Restoring file "G:\SteamLibrary\steamapps\common\DayZServer\mpmissions\empty.alteria\storage_380881\data\vehicles.bin" 8 items.
 7:29:45.725   8 items loaded. (0 failed)
 7:29:45.732 [CE][Hive] :: Storage load took:20.80 seconds, recovery stamp:241
 7:29:45.732   entity: 14933, building: 2
 7:29:45.732   pathgraph's: 292
 7:29:45.732 [CE][Hive] :: Initializing ... 
 7:29:45.732 [CE][OnInit]
 7:29:45.732   static groups: 5607
 7:29:45.732   containers: 9811
 7:29:45.732   points: 86046
 7:29:45.733   proxies: 2050
 7:29:45.733   linked groups: 803, points: 0
 7:29:45.733   abandoned groups: 0, points: 0
 7:29:45.733   dynamic groups: 0
 7:29:45.769 [CE][InitializeMap] :: initialized: 0
 7:29:45.769 [CE][Hive] :: Initializing spawners ... 
 7:29:45.817 [CE][InfectedRespawner] (PRIArmy) :: Initial Spawn: 0
 7:29:45.819 !!! [CE][Spawn] Character "ZmbM_usSoldier_Heavy_Woodland" at 1776.259155, 5062.208496
 7:29:45.820 !!! [CE][Spawn] Character "ZmbM_usSoldier_Heavy_Woodland" at 1838.288574, 5080.154297
 7:29:45.822 !!! [CE][Spawn] Character "ZmbM_PatrolNormal_Autumn" at 1854.357178, 5010.002930
 7:29:45.822 !!! [CE][Spawn] Character "ZmbM_PatrolNormal_Summer" at 1719.193726, 6541.210938
 7:29:45.824 !!! [CE][Spawn] Character "ZmbM_SoldierNormal" at 1778.442993, 6566.802734
 7:29:45.825 !!! [CE][Spawn] Character "ZmbM_PatrolNormal_PautRev" at 1834.809570, 6612.152344
 7:29:45.826 !!! [CE][Spawn] Character "ZmbM_usSoldier_normal_Woodland" at 1869.092041, 6546.248535
 7:29:45.826 !!! [CE][Spawn] Character "ZmbM_PatrolNormal_Autumn" at 1855.163330, 6479.312500
 7:29:45.827 !!! [CE][Spawn] Character "ZmbM_PatrolNormal_PautRev" at 1790.214111, 6465.388184
 7:29:45.828 !!! [CE][Spawn] Character "ZmbM_PatrolNormal_Flat" at 1744.081177, 6501.700684
 7:29:45.828 !!! [CE][Spawn] Character "ZmbM_PatrolNormal_Autumn" at 1772.681152, 6543.627441
 7:29:45.829 !!! [CE][Spawn] Character "ZmbM_usSoldier_Heavy_Woodland" at 1780.815552, 6617.740234
 7:29:45.829 !!! [CE][Spawn] Character "ZmbM_usSoldier_normal_Woodland" at 1818.515503, 6554.315918
 7:29:45.831 !!! [CE][Spawn] Character "ZmbM_usSoldier_Officer_Desert" at 1838.119629, 6527.310547
 7:29:45.831 !!! [CE][Spawn] Character "ZmbM_usSoldier_Heavy_Woodland" at 2607.919678, 5819.369629
 7:29:45.832 !!! [CE][Spawn] Character "ZmbM_PatrolNormal_Autumn" at 2588.019531, 5804.668945
 7:29:45.833 !!! [CE][Spawn] Character "ZmbM_PatrolNormal_Summer" at 2576.589844, 5825.255371
 7:29:45.834 !!! [CE][Spawn] Character "ZmbM_usSoldier_normal_Desert" at 2556.890625, 5841.479004
 7:29:45.834 !!! [CE][Spawn] Character "ZmbM_usSoldier_normal_Woodland" at 1621.900024, 2588.100098
 7:29:45.834 !!! [CE][Spawn] Character "ZmbM_PatrolNormal_PautRev" at 1579.532349, 2626.649902
 7:29:45.834 !!! [CE][Spawn] Character "ZmbM_SoldierNormal" at 1630.000000, 2650.809814
 7:29:45.835 !!! [CE][Spawn] Character "ZmbM_PatrolNormal_Autumn" at 1660.865479, 2639.699951
 7:29:45.835 !!! [CE][Spawn] Character "ZmbM_usSoldier_normal_Woodland" at 1664.387207, 2616.186523
 7:29:45.836 !!! [CE][Spawn] Character "ZmbM_PatrolNormal_Autumn" at 7739.019531, 1546.370117
 7:29:45.837 !!! [CE][Spawn] Character "ZmbM_SoldierNormal" at 7723.349609, 1466.832642
 7:29:45.838 !!! [CE][Spawn] Character "ZmbM_PatrolNormal_Flat" at 7645.857422, 1469.983521
 7:29:45.839 !!! [CE][Spawn] Character "ZmbM_usSoldier_Heavy_Woodland" at 7610.212402, 1512.913940
 7:29:45.840 !!! [CE][Spawn] Character "ZmbM_usSoldier_normal_Woodland" at 7634.933105, 1548.057007
 7:29:45.840 !!! [CE][Spawn] Character "ZmbM_PatrolNormal_Summer" at 7647.749023, 1612.196411
 7:29:45.841 !!! [CE][Spawn] Character "ZmbM_usSoldier_Officer_Desert" at 7721.265625, 1595.833984
 7:29:45.842 !!! [CE][Spawn] Character "ZmbM_PatrolNormal_Autumn" at 7718.872070, 1524.380005
 7:29:45.842 !!! [CE][Spawn] Character "ZmbM_PatrolNormal_Summer" at 7681.930664, 1485.452148
 7:29:45.843 !!! [CE][Spawn] Character "ZmbM_PatrolNormal_Flat" at 7627.724121, 1479.794922
 7:29:45.843 !!! [CE][Spawn] Character "ZmbM_PatrolNormal_Flat" at 6550.309570, 2097.849365
 7:29:45.843 !!! [CE][Spawn] Character "ZmbM_PatrolNormal_PautRev" at 6597.581543, 2037.562134
 7:29:45.844 !!! [CE][Spawn] Character "ZmbM_PatrolNormal_Flat" at 6768.623047, 2350.043213
 7:29:45.844 !!! [CE][Spawn] Character "ZmbM_PatrolNormal_Flat" at 6853.799316, 2227.998535
 7:29:45.845 !!! [CE][Spawn] Character "ZmbM_usSoldier_Officer_Desert" at 6786.399902, 2127.634766
 7:29:45.845 !!! [CE][Spawn] Character "ZmbM_SoldierNormal" at 6709.542480, 2122.070068
 7:29:45.846 !!! [CE][Spawn] Character "ZmbM_PatrolNormal_Autumn" at 6562.806641, 2082.376953
 7:29:45.846 !!! [CE][Spawn] Character "ZmbM_SoldierNormal" at 6601.774414, 2223.227539
 7:29:45.846 !!! [CE][Spawn] Character "ZmbM_PatrolNormal_Flat" at 6659.672363, 2355.631104
 7:29:45.847 !!! [CE][Spawn] Character "ZmbM_SoldierNormal" at 6812.976074, 2319.141846
 7:29:45.847 !!! [CE][Spawn] Character "ZmbM_PatrolNormal_Flat" at 6827.513184, 2182.473389
 7:29:45.847 !!! [CE][Spawn] Character "ZmbM_PatrolNormal_PautRev" at 6789.684570, 2071.460449
 7:29:45.848 !!! [CE][Spawn] Character "ZmbM_usSoldier_Officer_Desert" at 7428.200195, 1522.800049
 7:29:45.849 !!! [CE][Spawn] Character "ZmbM_PatrolNormal_Summer" at 7441.892090, 1558.491943
 7:29:45.849 !!! [CE][Spawn] Character "ZmbM_usSoldier_normal_Desert" at 7486.423340, 1554.564819
 7:29:45.849 !!! [CE][Spawn] Character "ZmbM_PatrolNormal_Summer" at 7551.530273, 1511.807373
 7:29:45.850 !!! [CE][Spawn] Character "ZmbM_PatrolNormal_PautRev" at 7494.145508, 1458.505249
 7:29:45.850 !!! [CE][Spawn] Character "ZmbM_usSoldier_normal_Woodland" at 7445.270508, 1483.723755
 7:29:45.850 !!! [CE][Spawn] Character "ZmbM_PatrolNormal_Flat" at 7377.875488, 1489.605713
 7:29:45.851 !!! [CE][Spawn] Character "ZmbM_PatrolNormal_Summer" at 7395.543945, 1558.467651
 7:29:45.851 !!! [CE][Spawn] Character "ZmbM_usSoldier_Officer_Desert" at 7456.535645, 1578.295532
 7:29:45.852 !!! [CE][Spawn] Character "ZmbM_usSoldier_Heavy_Woodland" at 7504.068848, 1547.499756
 7:29:45.852 !!! [CE][Spawn] Character "ZmbM_PatrolNormal_Summer" at 7486.164551, 1502.857666
 7:29:45.853 !!! [CE][Spawn] Character "ZmbM_PatrolNormal_Flat" at 7315.967773, 2195.208252
 7:29:45.854 !!! [CE][Spawn] Character "ZmbM_PatrolNormal_Flat" at 7224.240234, 2141.044922
 7:29:45.854 !!! [CE][Spawn] Character "ZmbM_SoldierNormal" at 7134.133301, 2150.539795
 7:29:45.855 !!! [CE][Spawn] Character "ZmbM_PatrolNormal_PautRev" at 7089.895996, 2232.579346
 7:29:45.856 !!! [CE][Spawn] Character "ZmbM_SoldierNormal" at 7148.352051, 2294.047363
 7:29:45.856 !!! [CE][Spawn] Character "ZmbM_PatrolNormal_Summer" at 7224.740723, 2334.345459
 7:29:45.856 !!! [CE][Spawn] Character "ZmbM_usSoldier_normal_Desert" at 7265.379395, 2257.967773
 7:29:45.856 !!! [CE][Spawn] Character "ZmbM_PatrolNormal_Flat" at 6292.012207, 4025.279297
 7:29:45.856 !!! [CE][Spawn] Character "ZmbM_PatrolNormal_Autumn" at 6269.420410, 4040.271240
 7:29:45.857 !!! [CE][Spawn] Character "ZmbM_PatrolNormal_Summer" at 6293.817871, 4052.818115
 7:29:45.858 !!! [CE][Spawn] Character "ZmbM_SoldierNormal" at 5905.924805, 4805.715820
 7:29:45.858 !!! [CE][Spawn] Character "ZmbM_usSoldier_normal_Desert" at 5922.004395, 4833.231934
 7:29:45.858 !!! [CE][Spawn] Character "ZmbM_SoldierNormal" at 5950.590332, 4822.695313
 7:29:45.858 !!! [CE][Spawn] Character "ZmbM_PatrolNormal_Autumn" at 5571.379883, 4098.874512
 7:29:45.859 !!! [CE][Spawn] Character "ZmbM_PatrolNormal_Autumn" at 5583.116699, 4055.946533
 7:29:45.859 !!! [CE][Spawn] Character "ZmbM_PatrolNormal_Summer" at 7123.720703, 2608.149170
 7:29:45.860 !!! [CE][Spawn] Character "ZmbM_PatrolNormal_Autumn" at 4790.754395, 2902.905029
 7:29:45.860 !!! [CE][Spawn] Character "ZmbM_SoldierNormal" at 6096.175781, 2559.622314
 7:29:45.860 !!! [CE][Spawn] Character "ZmbM_usSoldier_normal_Desert" at 6065.264648, 2634.987549
 7:29:45.861 !!! [CE][Spawn] Character "ZmbM_usSoldier_normal_Desert" at 6001.966309, 2716.187256
 7:29:45.861 !!! [CE][Spawn] Character "ZmbM_PatrolNormal_Summer" at 6094.357422, 2780.542236
 7:29:45.862 !!! [CE][Spawn] Character "ZmbM_PatrolNormal_Autumn" at 6159.836914, 2705.094482
 7:29:45.862 !!! [CE][Spawn] Character "ZmbM_SoldierNormal" at 6159.387695, 2650.890137
 7:29:45.863 !!! [CE][Spawn] Character "ZmbM_PatrolNormal_PautRev" at 6136.916016, 2610.135986
 7:29:45.863 !!! [CE][Spawn] Character "ZmbM_SoldierNormal" at 6095.944824, 2626.478516
 7:29:45.863 !!! [CE][Spawn] Character "ZmbM_PatrolNormal_PautRev" at 6034.655273, 2646.947266
 7:29:45.864 !!! [CE][Spawn] Character "ZmbM_PatrolNormal_Autumn" at 4321.709961, 3735.550293
 7:29:45.865 !!! [CE][Spawn] Character "ZmbM_PatrolNormal_PautRev" at 6490.869629, 6810.606445
 7:29:45.865 !!! [CE][Spawn] Character "ZmbM_SoldierNormal" at 6493.477051, 6774.746094
 7:29:45.866 !!! [CE][Spawn] Character "ZmbM_PatrolNormal_Autumn" at 6450.944824, 6744.975586
 7:29:45.866 !!! [CE][Spawn] Character "ZmbM_PatrolNormal_PautRev" at 6422.262695, 6788.879883
 7:29:45.866 !!! [CE][Spawn] Character "ZmbM_PatrolNormal_PautRev" at 6443.430176, 6819.432617
 7:29:45.867 !!! [CE][Spawn] Character "ZmbM_PatrolNormal_PautRev" at 6461.398438, 6831.474609
 7:29:45.867 !!! [CE][Spawn] Character "ZmbM_SoldierNormal" at 6483.039551, 6825.061035
 7:29:45.867 !!! [CE][Spawn] Character "ZmbM_PatrolNormal_Autumn" at 6535.223145, 6792.838867
 7:29:45.867 !!! [CE][Spawn] Character "ZmbM_PatrolNormal_Autumn" at 6487.732910, 6754.953125
 7:29:45.867 !!! [CE][Spawn] Character "ZmbM_SoldierNormal" at 6441.212402, 6767.820801
 7:29:45.868 !!! [CE][Spawn] Character "ZmbM_PatrolNormal_PautRev" at 5476.160156, 6328.160156
 7:29:45.869 !!! [CE][Spawn] Character "ZmbM_PatrolNormal_Autumn" at 5519.728027, 6338.731445
 7:29:45.869 !!! [CE][Spawn] Character "ZmbM_PatrolNormal_PautRev" at 6904.441406, 6759.870117
 7:29:45.869 !!! [CE][Spawn] Character "ZmbM_PatrolNormal_PautRev" at 6820.854004, 6742.766113
 7:29:45.870 !!! [CE][Spawn] Character "ZmbM_PatrolNormal_Autumn" at 6734.057617, 6729.012695
 7:29:45.870 !!! [CE][Spawn] Character "ZmbM_PatrolNormal_Autumn" at 6680.858398, 6825.639160
 7:29:45.870 !!! [CE][Spawn] Character "ZmbM_SoldierNormal" at 6764.771484, 6893.038086
 7:29:45.871 !!! [CE][Spawn] Character "ZmbM_PatrolNormal_Autumn" at 6861.016113, 6909.620605
 7:29:45.872 !!! [CE][Spawn] Character "ZmbM_SoldierNormal" at 6884.285156, 6819.287109
 7:29:45.872 !!! [CE][Spawn] Character "ZmbM_SoldierNormal" at 6837.967285, 6779.320313
 7:29:45.873 !!! [CE][Spawn] Character "ZmbM_SoldierNormal" at 6797.766602, 6723.425781
 7:29:45.874 !!! [CE][Spawn] Character "ZmbM_PatrolNormal_PautRev" at 6745.005371, 6838.877441
 7:29:45.874 !!! [CE][Spawn] Character "ZmbM_PatrolNormal_Autumn" at 6994.426270, 2081.384766
 7:29:45.874 !!! [CE][Spawn] Character "ZmbM_SoldierNormal" at 7095.715820, 2169.865234
 7:29:45.875 !!! [CE][Spawn] Character "ZmbM_PatrolNormal_PautRev" at 7179.451172, 2052.684082
 7:29:45.875 !!! [CE][Spawn] Character "ZmbM_PatrolNormal_Autumn" at 7087.741699, 1968.004028
 7:29:45.876 !!! [CE][Spawn] Character "ZmbM_PatrolNormal_PautRev" at 7010.895996, 1851.789185
 7:29:45.876 !!! [CE][Spawn] Character "ZmbM_SoldierNormal" at 6967.206543, 1985.536987
 7:29:45.876 !!! [CE][Spawn] Character "ZmbM_PatrolNormal_PautRev" at 6940.310059, 2060.825684
 7:29:45.877 !!! [CE][Spawn] Character "ZmbM_PatrolNormal_PautRev" at 7000.721680, 2155.915039
 7:29:45.878 !!! [CE][Spawn] Character "ZmbM_SoldierNormal" at 7158.344727, 2164.001953
 7:29:45.878 !!! [CE][Spawn] Character "ZmbM_PatrolNormal_PautRev" at 7196.220703, 2003.124756
 7:29:45.879 !!! [CE][Spawn] Character "ZmbM_PatrolNormal_PautRev" at 7103.023926, 1892.315796
 7:29:45.879 [CE][InfectedRespawner] (PRIArmyHard) :: Initial Spawn: 116
 7:29:45.880 !!! [CE][Spawn] Character "ZmbF_ShortSkirt_white" at 2644.235107, 5723.950684
 7:29:45.880 !!! [CE][Spawn] Character "ZmbF_ShortSkirt_grey" at 2627.839844, 5704.627930
 7:29:45.881 !!! [CE][Spawn] Character "ZmbF_ShortSkirt_beige" at 2125.292480, 3028.866943
 7:29:45.882 !!! [CE][Spawn] Character "ZmbF_ShortSkirt_green" at 2281.909912, 3080.522461
 7:29:45.884 !!! [CE][Spawn] Character "ZmbM_SkaterYoung_Brown" at 2030.500610, 3226.435547
 7:29:45.885 !!! [CE][Spawn] Character "ZmbF_SurvivorNormal_White" at 2275.130371, 3224.197998
 7:29:45.886 !!! [CE][Spawn] Character "ZmbF_SkaterYoung_Brown" at 2497.252930, 3112.028564
 7:29:45.886 !!! [CE][Spawn] Character "ZmbM_CitizenASkinny_Grey" at 2382.739014, 3122.234863
 7:29:45.888 !!! [CE][Spawn] Character "ZmbF_CitizenBSkinny" at 6686.845215, 3692.189697
 7:29:45.888 !!! [CE][Spawn] Character "ZmbF_ShortSkirt_yellow" at 6692.523926, 3771.479004
 7:29:45.889 !!! [CE][Spawn] Character "ZmbF_JournalistNormal_Blue" at 6757.657715, 3730.369141
 7:29:45.891 !!! [CE][Spawn] Character "ZmbF_BlueCollarFat_White" at 6789.566895, 3678.252441
 7:29:45.892 !!! [CE][Spawn] Character "ZmbM_MotobikerFat_Beige" at 6737.460938, 3653.235596
 7:29:45.893 !!! [CE][Spawn] Character "ZmbF_CitizenANormal_Blue" at 6703.067383, 3636.380371
 7:29:45.895 !!! [CE][Spawn] Character "ZmbF_ShortSkirt_checks" at 6690.112793, 3672.105713
 7:29:45.896 !!! [CE][Spawn] Character "ZmbM_SkaterYoung_Grey" at 6696.708008, 3697.737061
 7:29:45.896 !!! [CE][Spawn] Character "ZmbF_CitizenANormal_Blue" at 6481.449219, 3460.926270
 7:29:45.896 !!! [CE][Spawn] Character "ZmbM_SkaterYoung_Brown" at 6388.457520, 3518.862793
 7:29:45.897 !!! [CE][Spawn] Character "ZmbM_ClerkFat_Grey" at 4389.124023, 7879.581055
 7:29:45.898 !!! [CE][Spawn] Character "ZmbM_SkaterYoung_Green" at 4460.063965, 7864.690918
 7:29:45.899 !!! [CE][Spawn] Character "ZmbF_Clerk_Normal_Red" at 4497.916504, 7837.693848
 7:29:45.900 !!! [CE][Spawn] Character "ZmbM_CitizenBFat_Green" at 4488.608398, 7795.039063
 7:29:45.901 !!! [CE][Spawn] Character "ZmbM_CitizenASkinny_Blue" at 4457.633301, 7768.550781
 7:29:45.902 !!! [CE][Spawn] Character "ZmbM_CitizenASkinny_Grey" at 3577.954834, 6410.920410
 7:29:45.903 !!! [CE][Spawn] Character "ZmbF_Clerk_Normal_Blue" at 3621.906250, 6357.950195
 7:29:45.904 !!! [CE][Spawn] Character "ZmbF_ShortSkirt_brown" at 3795.884277, 6567.037598
 7:29:45.904 !!! [CE][Spawn] Character "ZmbF_Clerk_Normal_White" at 3766.361572, 6490.747559
 7:29:45.905 !!! [CE][Spawn] Character "ZmbF_CitizenANormal_Beige" at 3839.787842, 6529.186035
 7:29:45.905 !!! [CE][Spawn] Character "ZmbF_ShortSkirt_checks" at 3854.470947, 6604.098145
 7:29:45.906 !!! [CE][Spawn] Character "ZmbM_CitizenASkinny_Red" at 4421.011719, 7720.893555
 7:29:45.907 !!! [CE][Spawn] Character "ZmbM_CitizenBFat_Red" at 4484.611328, 7704.026855
 7:29:45.907 !!! [CE][Spawn] Character "ZmbF_SurvivorNormal_Red" at 4514.873047, 7688.624023
 7:29:45.908 !!! [CE][Spawn] Character "ZmbF_Clerk_Normal_Blue" at 4572.906250, 7630.041504
 7:29:45.908 !!! [CE][Spawn] Character "ZmbF_CitizenANormal_Beige" at 4489.873535, 7633.107910
 7:29:45.909 !!! [CE][Spawn] Character "ZmbM_CitizenBFat_Blue" at 4238.833496, 7798.212402
 7:29:45.910 !!! [CE][Spawn] Character "ZmbF_SkaterYoung_Brown" at 4313.750488, 7814.457520
 7:29:45.912 !!! [CE][Spawn] Character "ZmbM_ClerkFat_White" at 4343.731934, 7778.809082
 7:29:45.912 !!! [CE][Spawn] Character "ZmbF_BlueCollarFat_White" at 4393.570313, 7750.139160
 7:29:45.913 !!! [CE][Spawn] Character "ZmbM_CitizenASkinny_Blue" at 4350.714355, 7711.937012
 7:29:45.914 !!! [CE][Spawn] Character "ZmbM_CommercialPilotOld_Blue" at 4306.514160, 7718.916016
 7:29:45.915 !!! [CE][Spawn] Character "ZmbM_CommercialPilotOld_Brown" at 4544.755371, 7558.340820
 7:29:45.915 !!! [CE][Spawn] Character "ZmbM_CitizenASkinny_Red" at 4571.136230, 7513.465332
 7:29:45.916 !!! [CE][Spawn] Character "ZmbM_CitizenBFat_Green" at 4609.866699, 7479.636719
 7:29:45.916 !!! [CE][Spawn] Character "ZmbF_ShortSkirt_yellow" at 4563.015625, 7460.018066
 7:29:45.916 !!! [CE][Spawn] Character "ZmbM_MotobikerFat_Beige" at 4515.415039, 7441.598145
 7:29:45.917 !!! [CE][Spawn] Character "ZmbF_SurvivorNormal_Blue" at 4150.210938, 7325.522949
 7:29:45.917 !!! [CE][Spawn] Character "ZmbF_Clerk_Normal_Red" at 4122.935059, 7348.949707
 7:29:45.918 !!! [CE][Spawn] Character "ZmbF_SkaterYoung_Violet" at 4092.475830, 7425.022461
 7:29:45.919 !!! [CE][Spawn] Character "ZmbF_SkaterYoung_Striped" at 4175.183105, 7437.998535
 7:29:45.920 !!! [CE][Spawn] Character "ZmbF_JournalistNormal_Green" at 4240.710449, 7399.563965
 7:29:45.920 !!! [CE][Spawn] Character "ZmbF_Clerk_Normal_White" at 4198.397949, 7339.906738
 7:29:45.920 !!! [CE][Spawn] Character "ZmbF_JournalistNormal_Green" at 4175.917480, 7299.953125
 7:29:45.921 !!! [CE][Spawn] Character "ZmbM_CitizenBFat_Red" at 4129.848633, 7319.454102
 7:29:45.922 !!! [CE][Spawn] Character "ZmbM_CommercialPilotOld_Olive" at 4102.012695, 7503.589355
 7:29:45.924 !!! [CE][Spawn] Character "ZmbM_JournalistSkinny" at 4042.523926, 7455.292480
 7:29:45.924 !!! [CE][Spawn] Character "ZmbF_SkaterYoung_Striped" at 4043.026611, 7527.678711
 7:29:45.925 !!! [CE][Spawn] Character "ZmbM_SkaterYoung_Grey" at 4055.595215, 7577.697266
 7:29:45.926 !!! [CE][Spawn] Character "ZmbF_ShortSkirt_beige" at 4109.937988, 7586.284668
 7:29:45.926 !!! [CE][Spawn] Character "ZmbM_CommercialPilotOld_Blue" at 4181.526855, 7560.397949
 7:29:45.927 !!! [CE][Spawn] Character "ZmbF_BlueCollarFat_White" at 4150.242188, 7489.700195
 7:29:45.927 !!! [CE][Spawn] Character "ZmbF_ShortSkirt_grey" at 4094.311035, 7479.860352
 7:29:45.927 !!! [CE][Spawn] Character "ZmbM_JournalistSkinny" at 4316.998047, 7497.661621
 7:29:45.928 !!! [CE][Spawn] Character "ZmbF_SurvivorNormal_Blue" at 4331.348145, 7546.230957
 7:29:45.929 !!! [CE][Spawn] Character "ZmbF_CitizenANormal_Beige" at 4386.411133, 7538.753418
 7:29:45.929 !!! [CE][Spawn] Character "ZmbF_JournalistNormal_Red" at 4428.600098, 7494.500000
 7:29:45.930 !!! [CE][Spawn] Character "ZmbF_CitizenBSkinny" at 4381.299805, 7457.000000
 7:29:45.930 !!! [CE][Spawn] Character "ZmbM_JournalistSkinny" at 4343.908691, 7445.574707
 7:29:45.931 !!! [CE][Spawn] Character "ZmbM_CommercialPilotOld_Brown" at 4307.737793, 7469.361328
 7:29:45.932 !!! [CE][Spawn] Character "ZmbM_ClerkFat_Khaki" at 4099.335938, 7753.062988
 7:29:45.932 !!! [CE][Spawn] Character "ZmbM_JournalistSkinny" at 4157.699219, 7789.765625
 7:29:45.933 !!! [CE][Spawn] Character "ZmbF_SurvivorNormal_Red" at 4206.843262, 7739.418457
 7:29:45.933 !!! [CE][Spawn] Character "ZmbF_ShortSkirt_green" at 4169.336914, 7695.471680
 7:29:45.934 !!! [CE][Spawn] Character "ZmbM_ClerkFat_Grey" at 4154.419434, 7650.998535
 7:29:45.934 !!! [CE][Spawn] Character "ZmbF_BlueCollarFat_White" at 4095.686523, 7657.687500
 7:29:45.934 !!! [CE][Spawn] Character "ZmbM_ClerkFat_White" at 4106.258301, 7713.620605
 7:29:45.935 !!! [CE][Spawn] Character "ZmbM_MotobikerFat_Beige" at 4112.845215, 7770.383789
 7:29:45.936 !!! [CE][Spawn] Character "ZmbF_CitizenBSkinny" at 4167.331543, 7751.615234
 7:29:45.937 !!! [CE][Spawn] Character "ZmbF_JournalistNormal_Red" at 4702.390625, 7473.125977
 7:29:45.937 !!! [CE][Spawn] Character "ZmbF_BlueCollarFat_White" at 4669.438965, 7518.513184
 7:29:45.938 !!! [CE][Spawn] Character "ZmbF_BlueCollarFat_White" at 4722.306641, 7541.426270
 7:29:45.939 !!! [CE][Spawn] Character "ZmbM_JournalistSkinny" at 4766.556641, 7517.682617
 7:29:45.939 !!! [CE][Spawn] Character "ZmbF_CitizenBSkinny" at 4761.028320, 7475.790039
 7:29:45.940 !!! [CE][Spawn] Character "ZmbM_JournalistSkinny" at 4761.527832, 7402.577637
 7:29:45.940 !!! [CE][Spawn] Character "ZmbM_MotobikerFat_Beige" at 4689.278809, 7420.638184
 7:29:45.941 !!! [CE][Spawn] Character "ZmbF_CitizenBSkinny" at 4652.113281, 7477.184570
 7:29:45.941 !!! [CE][Spawn] Character "ZmbM_MotobikerFat_Beige" at 4885.076172, 7454.244629
 7:29:45.941 !!! [CE][Spawn] Character "ZmbF_CitizenBSkinny" at 4864.341797, 7427.184082
 7:29:45.941 [CE][InfectedRespawner] (PRICity) :: Initial Spawn: 87
 7:29:45.943 !!! [CE][Spawn] Character "ZmbM_FirefighterNormal" at 2088.370850, 3005.757568
 7:29:45.944 !!! [CE][Spawn] Character "ZmbM_FirefighterNormal" at 2103.394287, 2973.000244
 7:29:45.945 !!! [CE][Spawn] Character "ZmbM_FirefighterNormal" at 6885.430176, 3842.622559
 7:29:45.947 !!! [CE][Spawn] Character "ZmbM_NBC_Yellow" at 6867.814453, 3843.843750
 7:29:45.948 !!! [CE][Spawn] Character "ZmbM_FirefighterNormal" at 3996.429932, 6684.694336
 7:29:45.949 !!! [CE][Spawn] Character "ZmbM_FirefighterNormal" at 4019.334473, 6710.323242
 7:29:45.949 !!! [CE][Spawn] Character "ZmbM_FirefighterNormal" at 6785.527344, 1733.268799
 7:29:45.950 !!! [CE][Spawn] Character "ZmbM_FirefighterNormal" at 4696.701172, 7559.953125
 7:29:45.950 [CE][InfectedRespawner] (PRIFirefighter) :: Initial Spawn: 8
 7:29:45.951 !!! [CE][Spawn] Character "ZmbF_MechanicNormal_Orange" at 2025.740234, 5439.604492
 7:29:45.952 !!! [CE][Spawn] Character "ZmbM_ConstrWorkerNormal_Green" at 2034.940186, 5406.787598
 7:29:45.952 !!! [CE][Spawn] Character "ZmbF_BlueCollarFat_Red" at 1542.619141, 5609.382813
 7:29:45.955 !!! [CE][Spawn] Character "ZmbM_OffshoreWorker_Yellow" at 1497.783447, 5583.293457
 7:29:45.955 !!! [CE][Spawn] Character "ZmbF_BlueCollarFat_Red" at 2256.584961, 6352.274414
 7:29:45.957 !!! [CE][Spawn] Character "ZmbM_HandymanNormal_Grey" at 2307.913086, 6331.999023
 7:29:45.957 !!! [CE][Spawn] Character "ZmbM_HandymanNormal_Grey" at 2869.417236, 5961.484375
 7:29:45.958 !!! [CE][Spawn] Character "ZmbM_OffshoreWorker_Green" at 2848.932129, 5929.140625
 7:29:45.959 !!! [CE][Spawn] Character "ZmbM_OffshoreWorker_Orange" at 2716.859863, 5859.340332
 7:29:45.960 !!! [CE][Spawn] Character "ZmbF_MechanicNormal_Grey" at 2733.446289, 5896.495605
 7:29:45.960 !!! [CE][Spawn] Character "ZmbF_MechanicNormal_Green" at 2669.975586, 5951.241211
 7:29:45.962 !!! [CE][Spawn] Character "ZmbM_HandymanNormal_White" at 2657.843506, 5971.292480
 7:29:45.962 !!! [CE][Spawn] Character "ZmbM_HandymanNormal_Grey" at 1263.556152, 3094.593750
 7:29:45.963 !!! [CE][Spawn] Character "ZmbF_BlueCollarFat_Green" at 1307.374634, 3063.742676
 7:29:45.964 !!! [CE][Spawn] Character "ZmbF_MechanicNormal_Green" at 775.489868, 3366.510010
 7:29:45.964 !!! [CE][Spawn] Character "ZmbF_MechanicNormal_Green" at 811.789185, 3414.043701
 7:29:45.965 !!! [CE][Spawn] Character "ZmbM_ConstrWorkerNormal_Green" at 875.603455, 3399.871582
 7:29:45.966 !!! [CE][Spawn] Character "ZmbM_OffshoreWorker_Red" at 903.008240, 3575.616455
 7:29:45.966 !!! [CE][Spawn] Character "ZmbM_HandymanNormal_White" at 970.743713, 3590.753174
 7:29:45.967 !!! [CE][Spawn] Character "ZmbM_ConstrWorkerNormal_Green" at 990.731995, 3530.289063
 7:29:45.968 !!! [CE][Spawn] Character "ZmbM_HandymanNormal_Blue" at 1145.632690, 2930.623535
 7:29:45.968 !!! [CE][Spawn] Character "ZmbM_HandymanNormal_White" at 1117.027466, 2959.490723
 7:29:45.970 !!! [CE][Spawn] Character "ZmbM_MechanicSkinny_Green" at 959.818115, 3066.243408
 7:29:45.971 !!! [CE][Spawn] Character "ZmbF_BlueCollarFat_Red" at 834.523987, 3170.381104
 7:29:45.971 !!! [CE][Spawn] Character "ZmbF_MechanicNormal_Grey" at 1343.345093, 3582.797119
 7:29:45.972 !!! [CE][Spawn] Character "ZmbM_HeavyIndustryWorker" at 2848.549805, 3243.481689
 7:29:45.973 !!! [CE][Spawn] Character "ZmbF_MechanicNormal_Orange" at 2181.366211, 2896.006836
 7:29:45.974 !!! [CE][Spawn] Character "ZmbM_HandymanNormal_Green" at 1917.324463, 2966.066895
 7:29:45.974 !!! [CE][Spawn] Character "ZmbF_MechanicNormal_Grey" at 2835.363281, 4245.324707
 7:29:45.975 !!! [CE][Spawn] Character "ZmbM_ConstrWorkerNormal_Black" at 2739.681885, 4196.933594
 7:29:45.976 !!! [CE][Spawn] Character "ZmbM_OffshoreWorker_Yellow" at 2226.186279, 3924.334229
 7:29:45.977 !!! [CE][Spawn] Character "ZmbM_ConstrWorkerNormal_Grey" at 2188.714600, 3934.066406
 7:29:45.977 !!! [CE][Spawn] Character "ZmbM_ConstrWorkerNormal_Black" at 1934.982178, 363.994690
 7:29:45.979 !!! [CE][Spawn] Character "ZmbF_BlueCollarFat_Blue" at 1842.340210, 475.750275
 7:29:45.980 !!! [CE][Spawn] Character "ZmbM_HandymanNormal_Beige" at 5156.356445, 3679.373291
 7:29:45.980 !!! [CE][Spawn] Character "ZmbF_MechanicNormal_Green" at 5121.425781, 3606.035645
 7:29:45.981 !!! [CE][Spawn] Character "ZmbM_OffshoreWorker_Orange" at 4451.423340, 6591.188477
 7:29:45.981 !!! [CE][Spawn] Character "ZmbF_MechanicNormal_Orange" at 4442.539063, 6615.759766
 7:29:45.982 !!! [CE][Spawn] Character "ZmbM_MechanicSkinny_Green" at 3723.866455, 6007.340820
 7:29:45.983 !!! [CE][Spawn] Character "ZmbM_ConstrWorkerNormal_Beige" at 3776.358643, 6047.362305
 7:29:45.983 !!! [CE][Spawn] Character "ZmbM_HandymanNormal_White" at 2520.359863, 2271.737061
 7:29:45.983 !!! [CE][Spawn] Character "ZmbF_BlueCollarFat_Green" at 2503.517334, 2237.694336
 7:29:45.984 !!! [CE][Spawn] Character "ZmbM_HeavyIndustryWorker" at 2475.699951, 2240.300049
 7:29:45.985 !!! [CE][Spawn] Character "ZmbM_OffshoreWorker_Green" at 2446.200928, 2245.850830
 7:29:45.985 !!! [CE][Spawn] Character "ZmbF_BlueCollarFat_Blue" at 2451.535400, 2273.951904
 7:29:45.986 !!! [CE][Spawn] Character "ZmbM_HandymanNormal_Blue" at 2623.850830, 2216.372070
 7:29:45.986 !!! [CE][Spawn] Character "ZmbM_HeavyIndustryWorker" at 2658.816162, 2234.868408
 7:29:45.987 !!! [CE][Spawn] Character "ZmbM_MechanicSkinny_Blue" at 2688.406982, 2245.542236
 7:29:45.988 !!! [CE][Spawn] Character "ZmbF_BlueCollarFat_Green" at 2705.373047, 2212.771240
 7:29:45.989 !!! [CE][Spawn] Character "ZmbF_BlueCollarFat_Green" at 2686.682617, 2192.867920
 7:29:45.990 !!! [CE][Spawn] Character "ZmbM_OffshoreWorker_Yellow" at 2615.411865, 2076.655029
 7:29:45.990 !!! [CE][Spawn] Character "ZmbM_MechanicSkinny_Blue" at 2584.014893, 2081.751465
 7:29:45.991 !!! [CE][Spawn] Character "ZmbF_MechanicNormal_Beige" at 2548.390381, 2065.753418
 7:29:45.992 !!! [CE][Spawn] Character "ZmbM_HeavyIndustryWorker" at 2555.300049, 2103.300049
 7:29:45.992 !!! [CE][Spawn] Character "ZmbM_MechanicSkinny_Blue" at 2569.821045, 2125.623779
 7:29:45.993 !!! [CE][Spawn] Character "ZmbM_OffshoreWorker_Red" at 2716.485596, 2046.569336
 7:29:45.993 !!! [CE][Spawn] Character "ZmbM_ConstrWorkerNormal_Grey" at 2678.221436, 2060.202148
 7:29:45.993 !!! [CE][Spawn] Character "ZmbM_MechanicSkinny_Green" at 2670.743408, 2086.808105
 7:29:45.993 !!! [CE][Spawn] Character "ZmbM_OffshoreWorker_Orange" at 2679.013428, 2104.639648
 7:29:45.994 !!! [CE][Spawn] Character "ZmbF_BlueCollarFat_Red" at 2697.895996, 2121.977295
 7:29:45.995 !!! [CE][Spawn] Character "ZmbM_MechanicSkinny_Red" at 2612.870361, 2403.162109
 7:29:45.995 !!! [CE][Spawn] Character "ZmbF_MechanicNormal_Orange" at 2644.593994, 2394.169434
 7:29:45.996 !!! [CE][Spawn] Character "ZmbM_HandymanNormal_Beige" at 2641.428223, 2354.264893
 7:29:45.996 !!! [CE][Spawn] Character "ZmbF_BlueCollarFat_Blue" at 2602.936279, 2344.629150
 7:29:45.997 !!! [CE][Spawn] Character "ZmbM_HandymanNormal_Beige" at 2570.409424, 2361.735596
 7:29:45.998 !!! [CE][Spawn] Character "ZmbM_OffshoreWorker_Green" at 2435.255371, 2376.076904
 7:29:45.998 !!! [CE][Spawn] Character "ZmbM_HandymanNormal_Blue" at 2392.832520, 2393.237061
 7:29:45.999 !!! [CE][Spawn] Character "ZmbM_HandymanNormal_Blue" at 2381.084717, 2407.720703
 7:29:45.999 !!! [CE][Spawn] Character "ZmbM_ConstrWorkerNormal_Beige" at 2372.274414, 2439.271240
 7:29:45.999 !!! [CE][Spawn] Character "ZmbM_MechanicSkinny_Red" at 2404.199951, 2460.100098
 7:29:45.999 !!! [CE][Spawn] Character "ZmbF_MechanicNormal_Grey" at 1662.811646, 429.182007
 7:29:46.00 !!! [CE][Spawn] Character "ZmbM_HandymanNormal_Beige" at 1651.409790, 401.752472
 7:29:46.00 !!! [CE][Spawn] Character "ZmbM_ConstrWorkerNormal_Beige" at 1621.547607, 409.277039
 7:29:46.01 !!! [CE][Spawn] Character "ZmbM_MechanicSkinny_Grey" at 1596.204224, 432.249817
 7:29:46.01 !!! [CE][Spawn] Character "ZmbM_ConstrWorkerNormal_Grey" at 1607.072021, 471.473907
 7:29:46.01 !!! [CE][Spawn] Character "ZmbM_MechanicSkinny_Grey" at 1850.994629, 313.122864
 7:29:46.02 !!! [CE][Spawn] Character "ZmbF_BlueCollarFat_White" at 1810.947388, 328.153503
 7:29:46.02 !!! [CE][Spawn] Character "ZmbF_BlueCollarFat_White" at 1778.699951, 365.038391
 7:29:46.02 !!! [CE][Spawn] Character "ZmbM_MechanicSkinny_Blue" at 1827.097656, 379.130219
 7:29:46.03 !!! [CE][Spawn] Character "ZmbM_HandymanNormal_Green" at 1859.334717, 415.678192
 7:29:46.04 !!! [CE][Spawn] Character "ZmbM_MechanicSkinny_Green" at 1700.484253, 555.468567
 7:29:46.05 !!! [CE][Spawn] Character "ZmbM_HandymanNormal_Green" at 1660.267822, 523.430176
 7:29:46.05 !!! [CE][Spawn] Character "ZmbF_BlueCollarFat_Blue" at 1618.579590, 499.572113
 7:29:46.06 !!! [CE][Spawn] Character "ZmbM_ConstrWorkerNormal_Black" at 1610.018799, 546.993408
 7:29:46.06 !!! [CE][Spawn] Character "ZmbM_OffshoreWorker_Red" at 1617.921875, 569.619385
 7:29:46.07 !!! [CE][Spawn] Character "ZmbM_HandymanNormal_Grey" at 2216.186035, 859.641479
 7:29:46.07 !!! [CE][Spawn] Character "ZmbM_ConstrWorkerNormal_Green" at 2273.350342, 851.250854
 7:29:46.08 !!! [CE][Spawn] Character "ZmbM_MechanicSkinny_Red" at 2262.567383, 797.637268
 7:29:46.08 !!! [CE][Spawn] Character "ZmbM_ConstrWorkerNormal_Beige" at 2257.875977, 746.762573
 7:29:46.09 !!! [CE][Spawn] Character "ZmbM_ConstrWorkerNormal_Black" at 2196.784424, 736.666809
 7:29:46.09 !!! [CE][Spawn] Character "ZmbM_ConstrWorkerNormal_Grey" at 3192.856934, 1021.886597
 7:29:46.09 !!! [CE][Spawn] Character "ZmbM_HandymanNormal_Green" at 3204.155029, 1001.599976
 7:29:46.10 !!! [CE][Spawn] Character "ZmbM_MechanicSkinny_Red" at 760.463806, 2304.377686
 7:29:46.10 !!! [CE][Spawn] Character "ZmbF_BlueCollarFat_White" at 731.879456, 2276.903320
 7:29:46.11 !!! [CE][Spawn] Character "ZmbM_MechanicSkinny_Grey" at 5299.735840, 1987.455200
 7:29:46.11 !!! [CE][Spawn] Character "ZmbM_MechanicSkinny_Grey" at 7871.079102, 1937.592285
 7:29:46.11 !!! [CE][Spawn] Character "ZmbF_MechanicNormal_Beige" at 7747.688477, 1952.700562
 7:29:46.12 !!! [CE][Spawn] Character "ZmbF_MechanicNormal_Beige" at 7717.757813, 2372.748535
 7:29:46.12 !!! [CE][Spawn] Character "ZmbF_BlueCollarFat_White" at 5818.303223, 1711.836670
 7:29:46.13 !!! [CE][Spawn] Character "ZmbF_MechanicNormal_Beige" at 7672.479492, 2293.709229
 7:29:46.13 [CE][InfectedRespawner] (PRIIndustrial) :: Initial Spawn: 100
 7:29:46.14 !!! [CE][Spawn] Character "ZmbF_NurseFat" at 4092.136230, 7137.491211
 7:29:46.15 !!! [CE][Spawn] Character "ZmbF_PatientOld" at 4110.776855, 7110.972168
 7:29:46.16 !!! [CE][Spawn] Character "ZmbF_ParamedicNormal_Green" at 1824.797729, 1846.019531
 7:29:46.17 !!! [CE][Spawn] Character "ZmbM_NBC_Yellow" at 909.565247, 3426.737549
 7:29:46.18 !!! [CE][Spawn] Character "ZmbM_ParamedicNormal_Blue" at 930.013367, 3393.000244
 7:29:46.18 !!! [CE][Spawn] Character "ZmbM_PatientSkinny" at 6955.234375, 2306.992188
 7:29:46.20 !!! [CE][Spawn] Character "ZmbM_ParamedicNormal_Green" at 6993.299805, 2285.428955
 7:29:46.20 !!! [CE][Spawn] Character "ZmbF_ParamedicNormal_Green" at 6987.642578, 2371.399902
 7:29:46.21 !!! [CE][Spawn] Character "ZmbM_ParamedicNormal_Red" at 6902.338867, 6043.799805
 7:29:46.21 !!! [CE][Spawn] Character "ZmbF_ParamedicNormal_Blue" at 4040.783203, 7465.583008
 7:29:46.22 !!! [CE][Spawn] Character "ZmbF_ParamedicNormal_Red" at 4019.606689, 7438.304199
 7:29:46.23 !!! [CE][Spawn] Character "ZmbM_DoctorFat" at 4271.294434, 7548.226074
 7:29:46.24 !!! [CE][Spawn] Character "ZmbM_DoctorFat" at 4232.095703, 7543.323730
 7:29:46.24 !!! [CE][Spawn] Character "ZmbM_ParamedicNormal_Red" at 4278.482422, 7571.279297
 7:29:46.24 !!! [CE][Spawn] Character "ZmbM_ParamedicNormal_Blue" at 4243.867188, 7580.511230
 7:29:46.25 !!! [CE][Spawn] Character "ZmbM_NBC_Yellow" at 4329.532227, 7672.878906
 7:29:46.26 !!! [CE][Spawn] Character "ZmbF_DoctorSkinny" at 4359.718262, 7656.658691
 7:29:46.27 !!! [CE][Spawn] Character "ZmbM_DoctorFat" at 7045.346680, 7555.147949
 7:29:46.27 !!! [CE][Spawn] Character "ZmbF_NurseFat" at 7060.513672, 7525.474609
 7:29:46.28 !!! [CE][Spawn] Character "ZmbM_ParamedicNormal_Black" at 6126.429688, 2622.046875
 7:29:46.29 !!! [CE][Spawn] Character "ZmbF_DoctorSkinny" at 6741.816406, 3739.308594
 7:29:46.29 [CE][InfectedRespawner] (PRIMedic) :: Initial Spawn: 21
 7:29:46.29 [CE][InfectedRespawner] (PRINBC) :: Initial Spawn: 0
 7:29:46.29 !!! [CE][Spawn] Character "ZmbM_NBC_Yellow" at 7452.787598, 6711.891113
 7:29:46.29 !!! [CE][Spawn] Character "ZmbM_NBC_Yellow" at 7428.675293, 6900.222656
 7:29:46.29 [CE][InfectedRespawner] (PRINBCYellow) :: Initial Spawn: 2
 7:29:46.30 !!! [CE][Spawn] Character "ZmbF_PoliceWomanNormal" at 6511.916992, 3743.020508
 7:29:46.31 !!! [CE][Spawn] Character "ZmbF_PoliceWomanNormal" at 6499.220215, 3773.032227
 7:29:46.32 !!! [CE][Spawn] Character "ZmbM_PolicemanSpecForce_Heavy" at 4336.834473, 7613.618164
 7:29:46.33 !!! [CE][Spawn] Character "ZmbM_PolicemanFat" at 4363.018066, 7642.093750
 7:29:46.34 !!! [CE][Spawn] Character "ZmbM_PolicemanFat" at 7036.445801, 7512.069824
 7:29:46.34 [CE][InfectedRespawner] (PRIPolice) :: Initial Spawn: 5
 7:29:46.34 [CE][InfectedRespawner] (PRIPoliceHard) :: Initial Spawn: 0
 7:29:46.35 !!! [CE][Spawn] Character "ZmbM_PrisonerSkinny" at 6846.256348, 6725.720703
 7:29:46.35 !!! [CE][Spawn] Character "ZmbM_PrisonerSkinny" at 6839.130371, 6751.458984
 7:29:46.35 !!! [CE][Spawn] Character "ZmbM_PrisonerSkinny" at 6855.635742, 6772.980469
 7:29:46.36 !!! [CE][Spawn] Character "ZmbM_PrisonerSkinny" at 6877.797852, 6762.471680
 7:29:46.36 !!! [CE][Spawn] Character "ZmbM_PrisonerSkinny" at 6826.965820, 6911.810547
 7:29:46.36 !!! [CE][Spawn] Character "ZmbM_PrisonerSkinny" at 6860.163086, 6912.835938
 7:29:46.36 !!! [CE][Spawn] Character "ZmbM_PrisonerSkinny" at 6865.536133, 6881.916504
 7:29:46.37 !!! [CE][Spawn] Character "ZmbM_PrisonerSkinny" at 6854.287598, 6862.562988
 7:29:46.37 !!! [CE][Spawn] Character "ZmbM_PrisonerSkinny" at 6833.736328, 6857.050781
 7:29:46.38 !!! [CE][Spawn] Character "ZmbM_PrisonerSkinny" at 6799.167969, 6864.040039
 7:29:46.39 !!! [CE][Spawn] Character "ZmbM_PrisonerSkinny" at 6826.695801, 6888.519531
 7:29:46.39 !!! [CE][Spawn] Character "ZmbM_PrisonerSkinny" at 6848.960449, 6799.477539
 7:29:46.39 !!! [CE][Spawn] Character "ZmbM_PrisonerSkinny" at 6828.459961, 6768.238770
 7:29:46.39 !!! [CE][Spawn] Character "ZmbM_PrisonerSkinny" at 6787.245605, 6767.023438
 7:29:46.40 !!! [CE][Spawn] Character "ZmbM_PrisonerSkinny" at 6778.247559, 6804.585938
 7:29:46.40 !!! [CE][Spawn] Character "ZmbM_PrisonerSkinny" at 6796.099609, 6824.825684
 7:29:46.40 !!! [CE][Spawn] Character "ZmbM_PrisonerSkinny" at 6817.896973, 6838.186523
 7:29:46.41 !!! [CE][Spawn] Character "ZmbM_PrisonerSkinny" at 6843.817871, 6822.030273
 7:29:46.42 !!! [CE][Spawn] Character "ZmbM_PrisonerSkinny" at 6901.423828, 6844.386230
 7:29:46.42 !!! [CE][Spawn] Character "ZmbM_PrisonerSkinny" at 6941.166992, 6854.102051
 7:29:46.42 !!! [CE][Spawn] Character "ZmbM_PrisonerSkinny" at 6960.839355, 6823.545410
 7:29:46.42 [CE][InfectedRespawner] (PRIPrisoner) :: Initial Spawn: 21
 7:29:46.44 !!! [CE][Spawn] Character "ZmbM_priestPopSkinny" at 4324.883301, 7349.545898
 7:29:46.44 !!! [CE][Spawn] Character "ZmbM_priestPopSkinny" at 4304.058105, 7334.725098
 7:29:46.44 !!! [CE][Spawn] Character "ZmbM_priestPopSkinny" at 4279.470215, 7446.830078
 7:29:46.45 !!! [CE][Spawn] Character "ZmbM_priestPopSkinny" at 4292.706543, 7406.824707
 7:29:46.45 [CE][InfectedRespawner] (PRIReligious) :: Initial Spawn: 4
 7:29:46.46 !!! [CE][Spawn] Character "ZmbM_HunterOld_Summer" at 2056.199707, 6007.438477
 7:29:46.48 !!! [CE][Spawn] Character "ZmbF_HikerSkinny_Red" at 1954.459717, 6106.972656
 7:29:46.48 !!! [CE][Spawn] Character "ZmbM_HunterOld_Winter" at 1132.500000, 6271.000000
 7:29:46.49 !!! [CE][Spawn] Character "ZmbM_HikerSkinny_Green" at 1245.891724, 6162.417480
 7:29:46.50 !!! [CE][Spawn] Character "ZmbM_HermitSkinny_Red" at 1075.345947, 7209.881348
 7:29:46.52 !!! [CE][Spawn] Character "ZmbM_FishermanOld_Grey" at 1174.280029, 7266.270996
 7:29:46.54 !!! [CE][Spawn] Character "ZmbF_HikerSkinny_Green" at 2372.199951, 6519.500000
 7:29:46.54 !!! [CE][Spawn] Character "ZmbM_HikerSkinny_Green" at 2371.902344, 6603.191406
 7:29:46.55 !!! [CE][Spawn] Character "ZmbM_FishermanOld_Grey" at 2165.602783, 6998.122559
 7:29:46.56 !!! [CE][Spawn] Character "ZmbM_FishermanOld_Red" at 2137.489990, 6899.023926
 7:29:46.56 !!! [CE][Spawn] Character "ZmbM_FishermanOld_Blue" at 1965.553955, 5703.566406
 7:29:46.57 !!! [CE][Spawn] Character "ZmbM_FishermanOld_Grey" at 2032.529419, 5773.139160
 7:29:46.57 !!! [CE][Spawn] Character "ZmbM_HikerSkinny_Green" at 1598.253540, 5290.915039
 7:29:46.57 !!! [CE][Spawn] Character "ZmbM_FishermanOld_Grey" at 1524.554321, 5190.063965
 7:29:46.57 !!! [CE][Spawn] Character "ZmbM_HikerSkinny_Green" at 1466.691406, 6880.937012
 7:29:46.58 !!! [CE][Spawn] Character "ZmbM_HunterOld_Spring" at 1521.197998, 6950.703613
 7:29:46.59 !!! [CE][Spawn] Character "ZmbM_HunterOld_Autumn" at 1316.294556, 7416.712402
 7:29:46.59 !!! [CE][Spawn] Character "ZmbM_HikerSkinny_Green" at 1366.109619, 7489.333984
 7:29:46.60 !!! [CE][Spawn] Character "ZmbF_HikerSkinny_Red" at 2376.530762, 7246.831055
 7:29:46.60 !!! [CE][Spawn] Character "ZmbM_FishermanOld_Grey" at 2301.708252, 7294.327637
 7:29:46.61 !!! [CE][Spawn] Character "ZmbM_HermitSkinny_Green" at 969.452332, 5903.316406
 7:29:46.61 !!! [CE][Spawn] Character "ZmbM_HunterOld_Autumn" at 1080.565186, 5896.340332
 7:29:46.61 !!! [CE][Spawn] Character "ZmbM_HunterOld_Autumn" at 2912.467773, 6306.564453
 7:29:46.62 !!! [CE][Spawn] Character "ZmbM_HunterOld_Winter" at 2899.708740, 6145.147949
 7:29:46.63 !!! [CE][Spawn] Character "ZmbM_HermitSkinny_Red" at 1426.694946, 6317.860840
 7:29:46.63 !!! [CE][Spawn] Character "ZmbM_HunterOld_Autumn" at 1563.699951, 6300.500000
 7:29:46.63 !!! [CE][Spawn] Character "ZmbM_FishermanOld_Blue" at 505.126068, 6090.003906
 7:29:46.64 !!! [CE][Spawn] Character "ZmbM_FishermanOld_Red" at 640.730713, 6101.438477
 7:29:46.64 !!! [CE][Spawn] Character "ZmbM_HunterOld_Summer" at 1863.828491, 7432.729492
 7:29:46.64 !!! [CE][Spawn] Character "ZmbM_HunterOld_Spring" at 1927.679932, 7522.258301
 7:29:46.65 !!! [CE][Spawn] Character "ZmbF_HikerSkinny_Red" at 1783.840210, 2801.134766
 7:29:46.65 !!! [CE][Spawn] Character "ZmbF_HikerSkinny_Green" at 1763.906616, 2770.981201
 7:29:46.65 !!! [CE][Spawn] Character "ZmbM_HunterOld_Spring" at 1856.655518, 2879.857666
 7:29:46.66 !!! [CE][Spawn] Character "ZmbM_HermitSkinny_Red" at 1722.531128, 3522.204102
 7:29:46.68 !!! [CE][Spawn] Character "ZmbM_HunterOld_Winter" at 1758.541870, 3516.671387
 7:29:46.68 !!! [CE][Spawn] Character "ZmbM_FishermanOld_Blue" at 3211.184326, 3525.414795
 7:29:46.68 !!! [CE][Spawn] Character "ZmbM_FishermanOld_Blue" at 3210.500977, 3711.431885
 7:29:46.69 !!! [CE][Spawn] Character "ZmbM_FishermanOld_Blue" at 2608.938965, 3685.332031
 7:29:46.70 !!! [CE][Spawn] Character "ZmbM_FishermanOld_Blue" at 2798.899902, 3671.600098
 7:29:46.70 !!! [CE][Spawn] Character "ZmbM_FishermanOld_Blue" at 3081.308838, 4132.769531
 7:29:46.71 !!! [CE][Spawn] Character "ZmbM_HikerSkinny_Blue" at 3265.929688, 4070.987549
 7:29:46.72 !!! [CE][Spawn] Character "ZmbF_HikerSkinny_Red" at 3206.836426, 3871.999512
 7:29:46.73 !!! [CE][Spawn] Character "ZmbM_FishermanOld_Green" at 3034.785889, 3917.458252
 7:29:46.74 !!! [CE][Spawn] Character "ZmbM_HermitSkinny_Black" at 2866.375977, 3880.532227
 7:29:46.74 !!! [CE][Spawn] Character "ZmbF_HikerSkinny_Grey" at 1468.463867, 4400.393066
 7:29:46.75 !!! [CE][Spawn] Character "ZmbM_FishermanOld_Grey" at 1424.444580, 4379.726563
 7:29:46.75 !!! [CE][Spawn] Character "ZmbM_HikerSkinny_Blue" at 2463.597168, 2832.810059
 7:29:46.75 !!! [CE][Spawn] Character "ZmbF_HikerSkinny_Green" at 2914.297363, 2645.090576
 7:29:46.76 !!! [CE][Spawn] Character "ZmbM_HermitSkinny_Green" at 2407.750977, 1285.419434
 7:29:46.76 !!! [CE][Spawn] Character "ZmbM_FishermanOld_Grey" at 2486.290283, 1284.310791
 7:29:46.77 !!! [CE][Spawn] Character "ZmbM_FishermanOld_Green" at 3926.293701, 1598.009888
 7:29:46.77 !!! [CE][Spawn] Character "ZmbM_FishermanOld_Blue" at 3970.696533, 1701.394531
 7:29:46.77 !!! [CE][Spawn] Character "ZmbM_HermitSkinny_Red" at 3801.026855, 4574.888184
 7:29:46.78 !!! [CE][Spawn] Character "ZmbF_HikerSkinny_Blue" at 3773.231201, 4734.426270
 7:29:46.78 !!! [CE][Spawn] Character "ZmbM_FishermanOld_Blue" at 3932.498535, 4704.700195
 7:29:46.78 !!! [CE][Spawn] Character "ZmbM_FishermanOld_Green" at 4013.687988, 4644.263672
 7:29:46.79 !!! [CE][Spawn] Character "ZmbF_HikerSkinny_Grey" at 3980.371582, 4560.937988
 7:29:46.80 !!! [CE][Spawn] Character "ZmbM_HermitSkinny_Beige" at 3950.646973, 4378.455566
 7:29:46.80 !!! [CE][Spawn] Character "ZmbM_HermitSkinny_Black" at 3853.158691, 4530.663574
 7:29:46.81 !!! [CE][Spawn] Character "ZmbM_HermitSkinny_Black" at 3823.572266, 4607.685547
 7:29:46.82 !!! [CE][Spawn] Character "ZmbM_HikerSkinny_Blue" at 4382.054199, 4226.781738
 7:29:46.82 !!! [CE][Spawn] Character "ZmbM_HermitSkinny_Black" at 4202.609375, 4114.350586
 7:29:46.82 !!! [CE][Spawn] Character "ZmbM_FishermanOld_Red" at 4127.515625, 4020.450684
 7:29:46.82 !!! [CE][Spawn] Character "ZmbF_HikerSkinny_Blue" at 3944.414551, 4049.219727
 7:29:46.83 !!! [CE][Spawn] Character "ZmbM_HikerSkinny_Green" at 4035.932373, 4211.270996
 7:29:46.83 !!! [CE][Spawn] Character "ZmbM_HunterOld_Autumn" at 4547.328125, 3719.329834
 7:29:46.83 !!! [CE][Spawn] Character "ZmbM_HikerSkinny_Blue" at 4577.218750, 3896.475098
 7:29:46.84 !!! [CE][Spawn] Character "ZmbM_HermitSkinny_Beige" at 6573.228516, 3190.825195
 7:29:46.84 !!! [CE][Spawn] Character "ZmbF_HikerSkinny_Grey" at 6643.206543, 3190.291992
 7:29:46.84 !!! [CE][Spawn] Character "ZmbM_HermitSkinny_Beige" at 6792.826172, 3413.969971
 7:29:46.84 !!! [CE][Spawn] Character "ZmbM_HunterOld_Autumn" at 6752.695801, 3457.960938
 7:29:46.85 !!! [CE][Spawn] Character "ZmbF_HikerSkinny_Red" at 6812.679688, 3194.956543
 7:29:46.85 !!! [CE][Spawn] Character "ZmbM_FishermanOld_Green" at 6745.696289, 3192.169189
 7:29:46.86 !!! [CE][Spawn] Character "ZmbM_HunterOld_Autumn" at 6891.440918, 2974.878418
 7:29:46.86 !!! [CE][Spawn] Character "ZmbM_HermitSkinny_Black" at 6843.645508, 2985.004395
 7:29:46.86 !!! [CE][Spawn] Character "ZmbF_HikerSkinny_Blue" at 6366.617676, 2992.347168
 7:29:46.87 !!! [CE][Spawn] Character "ZmbM_HikerSkinny_Blue" at 6345.786621, 3022.465820
 7:29:46.88 !!! [CE][Spawn] Character "ZmbM_HermitSkinny_Green" at 7027.033203, 3288.555908
 7:29:46.88 !!! [CE][Spawn] Character "ZmbM_HunterOld_Summer" at 7057.492676, 3224.865479
 7:29:46.88 !!! [CE][Spawn] Character "ZmbM_HermitSkinny_Beige" at 6618.886719, 3266.192383
 7:29:46.89 !!! [CE][Spawn] Character "ZmbM_FishermanOld_Green" at 6573.148926, 3315.874268
 7:29:46.89 !!! [CE][Spawn] Character "ZmbM_HermitSkinny_Red" at 7289.194824, 3242.785889
 7:29:46.89 !!! [CE][Spawn] Character "ZmbM_HermitSkinny_Black" at 7293.014160, 3193.876465
 7:29:46.90 !!! [CE][Spawn] Character "ZmbM_HermitSkinny_Black" at 7006.576660, 3364.757324
 7:29:46.90 !!! [CE][Spawn] Character "ZmbM_HikerSkinny_Green" at 6956.494141, 3405.554199
 7:29:46.90 !!! [CE][Spawn] Character "ZmbM_HunterOld_Summer" at 7148.396484, 3565.836670
 7:29:46.90 !!! [CE][Spawn] Character "ZmbM_FishermanOld_Grey" at 7074.219238, 3546.089111
 7:29:46.91 !!! [CE][Spawn] Character "ZmbM_HermitSkinny_Black" at 7419.560059, 3298.187988
 7:29:46.91 !!! [CE][Spawn] Character "ZmbM_HunterOld_Summer" at 7433.141113, 3361.397949
 7:29:46.91 !!! [CE][Spawn] Character "ZmbF_HikerSkinny_Red" at 7250.940430, 3368.409180
 7:29:46.91 !!! [CE][Spawn] Character "ZmbM_HunterOld_Autumn" at 7219.962402, 3378.378662
 7:29:46.92 !!! [CE][Spawn] Character "ZmbM_HunterOld_Summer" at 7628.177246, 3262.927002
 7:29:46.93 !!! [CE][Spawn] Character "ZmbF_HikerSkinny_Grey" at 7672.027832, 3218.850342
 7:29:46.93 !!! [CE][Spawn] Character "ZmbM_FishermanOld_Red" at 6445.462891, 3198.686035
 7:29:46.94 !!! [CE][Spawn] Character "ZmbM_HunterOld_Spring" at 6422.652344, 3217.652344
 7:29:46.94 !!! [CE][Spawn] Character "ZmbM_HunterOld_Winter" at 7471.372559, 3155.717285
 7:29:46.95 !!! [CE][Spawn] Character "ZmbF_HikerSkinny_Green" at 7479.386230, 3085.104980
 7:29:46.95 !!! [CE][Spawn] Character "ZmbM_HermitSkinny_Beige" at 6487.472168, 2919.299316
 7:29:46.96 !!! [CE][Spawn] Character "ZmbM_HikerSkinny_Green" at 6480.027832, 2989.550049
 7:29:46.96 !!! [CE][Spawn] Character "ZmbM_HermitSkinny_Beige" at 5130.771973, 3298.489258
 7:29:46.97 !!! [CE][Spawn] Character "ZmbM_HikerSkinny_Yellow" at 5030.561035, 3128.885742
 7:29:46.97 !!! [CE][Spawn] Character "ZmbM_FishermanOld_Blue" at 4500.942871, 4664.210449
 7:29:46.97 !!! [CE][Spawn] Character "ZmbM_HermitSkinny_Green" at 4495.532227, 4474.087402
 7:29:46.98 !!! [CE][Spawn] Character "ZmbM_HikerSkinny_Yellow" at 4321.507813, 4547.240723
 7:29:46.98 !!! [CE][Spawn] Character "ZmbM_FishermanOld_Red" at 4180.689941, 4657.504883
 7:29:46.98 !!! [CE][Spawn] Character "ZmbF_HikerSkinny_Blue" at 4349.710449, 4735.258789
 7:29:46.98 !!! [CE][Spawn] Character "ZmbM_FishermanOld_Grey" at 4432.050781, 4863.612305
 7:29:46.99 !!! [CE][Spawn] Character "ZmbM_HikerSkinny_Green" at 4483.458008, 4724.510742
 7:29:46.99 !!! [CE][Spawn] Character "ZmbM_HunterOld_Autumn" at 5114.173828, 4823.080078
 7:29:46.100 !!! [CE][Spawn] Character "ZmbM_FishermanOld_Red" at 5017.010742, 4932.982910
 7:29:46.100 !!! [CE][Spawn] Character "ZmbM_HikerSkinny_Blue" at 5118.012695, 5032.895508
 7:29:46.100 !!! [CE][Spawn] Character "ZmbM_HunterOld_Winter" at 5194.076660, 5049.120117
 7:29:46.100 !!! [CE][Spawn] Character "ZmbM_HunterOld_Autumn" at 5336.654297, 5054.178711
 7:29:46.101 !!! [CE][Spawn] Character "ZmbM_HermitSkinny_Green" at 6176.200195, 3048.899902
 7:29:46.101 !!! [CE][Spawn] Character "ZmbM_FishermanOld_Green" at 6061.564941, 2873.675537
 7:29:46.102 !!! [CE][Spawn] Character "ZmbM_HermitSkinny_Red" at 5368.226074, 3323.189453
 7:29:46.102 !!! [CE][Spawn] Character "ZmbF_HikerSkinny_Red" at 5453.372559, 3463.795654
 7:29:46.103 !!! [CE][Spawn] Character "ZmbM_HikerSkinny_Yellow" at 3468.971191, 5328.936035
 7:29:46.103 !!! [CE][Spawn] Character "ZmbM_HunterOld_Winter" at 3487.362305, 5285.814941
 7:29:46.104 !!! [CE][Spawn] Character "ZmbM_HunterOld_Spring" at 3041.366211, 6459.355957
 7:29:46.104 !!! [CE][Spawn] Character "ZmbM_FishermanOld_Red" at 3009.757568, 6594.445313
 7:29:46.104 !!! [CE][Spawn] Character "ZmbM_FishermanOld_Grey" at 4153.997070, 6753.981445
 7:29:46.105 !!! [CE][Spawn] Character "ZmbM_HermitSkinny_Black" at 4172.260742, 6853.365234
 7:29:46.105 !!! [CE][Spawn] Character "ZmbF_HikerSkinny_Grey" at 3444.317871, 6105.348145
 7:29:46.106 !!! [CE][Spawn] Character "ZmbM_HikerSkinny_Green" at 3517.669678, 6146.986816
 7:29:46.106 !!! [CE][Spawn] Character "ZmbM_HikerSkinny_Green" at 4735.193359, 6803.587891
 7:29:46.107 !!! [CE][Spawn] Character "ZmbM_FishermanOld_Grey" at 4689.567383, 6724.571777
 7:29:46.107 !!! [CE][Spawn] Character "ZmbM_HunterOld_Summer" at 6159.826660, 6918.400391
 7:29:46.107 !!! [CE][Spawn] Character "ZmbM_HermitSkinny_Green" at 6207.159180, 6933.784668
 7:29:46.107 !!! [CE][Spawn] Character "ZmbF_HikerSkinny_Blue" at 5327.148926, 7081.872070
 7:29:46.108 !!! [CE][Spawn] Character "ZmbM_FishermanOld_Red" at 5271.734375, 7013.513672
 7:29:46.108 !!! [CE][Spawn] Character "ZmbM_HikerSkinny_Green" at 5185.733398, 7024.812012
 7:29:46.108 !!! [CE][Spawn] Character "ZmbM_FishermanOld_Red" at 5069.012207, 7090.618652
 7:29:46.109 !!! [CE][Spawn] Character "ZmbM_FishermanOld_Blue" at 5139.022461, 7214.667969
 7:29:46.109 !!! [CE][Spawn] Character "ZmbM_HermitSkinny_Green" at 5259.197266, 7210.069336
 7:29:46.109 !!! [CE][Spawn] Character "ZmbF_HikerSkinny_Grey" at 5341.467285, 7148.815430
 7:29:46.110 !!! [CE][Spawn] Character "ZmbM_HikerSkinny_Green" at 5693.621094, 6881.316406
 7:29:46.110 !!! [CE][Spawn] Character "ZmbM_HikerSkinny_Green" at 5705.573730, 6835.941895
 7:29:46.110 !!! [CE][Spawn] Character "ZmbM_HermitSkinny_Red" at 5744.591309, 6668.370117
 7:29:46.111 !!! [CE][Spawn] Character "ZmbM_HermitSkinny_Beige" at 5620.867188, 6775.734863
 7:29:46.111 !!! [CE][Spawn] Character "ZmbM_HermitSkinny_Red" at 5480.885742, 6816.993164
 7:29:46.112 !!! [CE][Spawn] Character "ZmbF_HikerSkinny_Green" at 5604.105469, 6896.317871
 7:29:46.112 !!! [CE][Spawn] Character "ZmbM_FishermanOld_Grey" at 5667.444824, 6914.408203
 7:29:46.112 !!! [CE][Spawn] Character "ZmbM_HermitSkinny_Green" at 5820.773926, 6927.115723
 7:29:46.113 !!! [CE][Spawn] Character "ZmbM_FishermanOld_Grey" at 3622.823730, 7211.444336
 7:29:46.113 !!! [CE][Spawn] Character "ZmbF_HikerSkinny_Grey" at 3624.655762, 7122.081543
 7:29:46.113 !!! [CE][Spawn] Character "ZmbM_HikerSkinny_Blue" at 1971.632324, 369.810364
 7:29:46.114 !!! [CE][Spawn] Character "ZmbM_HunterOld_Spring" at 1958.687256, 384.788849
 7:29:46.115 !!! [CE][Spawn] Character "ZmbF_HikerSkinny_Grey" at 1933.737549, 409.257385
 7:29:46.115 !!! [CE][Spawn] Character "ZmbM_HermitSkinny_Red" at 2070.458740, 389.531982
 7:29:46.115 !!! [CE][Spawn] Character "ZmbM_HermitSkinny_Black" at 2082.615967, 420.620575
 7:29:46.116 !!! [CE][Spawn] Character "ZmbM_HermitSkinny_Green" at 2106.575684, 423.540680
 7:29:46.116 !!! [CE][Spawn] Character "ZmbM_HermitSkinny_Black" at 2063.800049, 297.585510
 7:29:46.117 !!! [CE][Spawn] Character "ZmbM_HunterOld_Summer" at 2071.773193, 268.449432
 7:29:46.117 !!! [CE][Spawn] Character "ZmbM_HermitSkinny_Green" at 2039.438354, 257.213623
 7:29:46.118 !!! [CE][Spawn] Character "ZmbF_HikerSkinny_Grey" at 2004.247559, 274.501587
 7:29:46.118 !!! [CE][Spawn] Character "ZmbM_HermitSkinny_Green" at 3056.658936, 761.112305
 7:29:46.118 !!! [CE][Spawn] Character "ZmbM_HunterOld_Spring" at 2927.064941, 793.766174
 7:29:46.118 !!! [CE][Spawn] Character "ZmbM_HermitSkinny_Black" at 486.812683, 1363.626221
 7:29:46.119 !!! [CE][Spawn] Character "ZmbM_HikerSkinny_Yellow" at 1651.236572, 3623.055908
 7:29:46.119 !!! [CE][Spawn] Character "ZmbM_HermitSkinny_Beige" at 1645.811890, 3661.762207
 7:29:46.120 !!! [CE][Spawn] Character "ZmbM_HunterOld_Winter" at 1594.217285, 3440.544922
 7:29:46.121 !!! [CE][Spawn] Character "ZmbF_HikerSkinny_Grey" at 1634.564331, 3432.325928
 7:29:46.121 !!! [CE][Spawn] Character "ZmbM_HunterOld_Summer" at 1666.805786, 3159.271484
 7:29:46.122 !!! [CE][Spawn] Character "ZmbM_HunterOld_Autumn" at 1629.692627, 3189.522949
 7:29:46.122 !!! [CE][Spawn] Character "ZmbM_HermitSkinny_Red" at 2156.127197, 3515.911133
 7:29:46.122 !!! [CE][Spawn] Character "ZmbM_HunterOld_Spring" at 2211.471436, 3511.990234
 7:29:46.123 !!! [CE][Spawn] Character "ZmbM_HikerSkinny_Yellow" at 4063.991211, 2806.842529
 7:29:46.123 !!! [CE][Spawn] Character "ZmbM_HermitSkinny_Black" at 4269.648438, 2505.313721
 7:29:46.123 !!! [CE][Spawn] Character "ZmbF_HikerSkinny_Grey" at 4730.463379, 2372.477295
 7:29:46.123 !!! [CE][Spawn] Character "ZmbM_HunterOld_Spring" at 3847.591553, 1385.339966
 7:29:46.124 !!! [CE][Spawn] Character "ZmbM_HikerSkinny_Yellow" at 3918.430176, 1354.187134
 7:29:46.124 !!! [CE][Spawn] Character "ZmbM_FishermanOld_Green" at 4452.947266, 1752.467163
 7:29:46.124 !!! [CE][Spawn] Character "ZmbM_HikerSkinny_Yellow" at 4713.024902, 1607.515869
 7:29:46.125 !!! [CE][Spawn] Character "ZmbM_HermitSkinny_Beige" at 4792.641113, 1270.963013
 7:29:46.125 !!! [CE][Spawn] Character "ZmbM_HikerSkinny_Green" at 4995.424805, 612.883301
 7:29:46.125 !!! [CE][Spawn] Character "ZmbM_HunterOld_Summer" at 5306.899902, 1665.644531
 7:29:46.126 !!! [CE][Spawn] Character "ZmbM_HermitSkinny_Black" at 6035.373535, 2034.301880
 7:29:46.126 !!! [CE][Spawn] Character "ZmbM_HermitSkinny_Red" at 6081.298828, 1986.833496
 7:29:46.126 !!! [CE][Spawn] Character "ZmbM_HermitSkinny_Black" at 6070.349121, 1908.264404
 7:29:46.127 !!! [CE][Spawn] Character "ZmbM_HunterOld_Summer" at 3681.986084, 893.470825
 7:29:46.127 !!! [CE][Spawn] Character "ZmbM_HunterOld_Autumn" at 7226.951660, 4134.611816
 7:29:46.128 !!! [CE][Spawn] Character "ZmbM_HunterOld_Summer" at 7199.455566, 4199.223633
 7:29:46.128 !!! [CE][Spawn] Character "ZmbM_FishermanOld_Blue" at 7368.096680, 4006.330078
 7:29:46.129 !!! [CE][Spawn] Character "ZmbM_HermitSkinny_Red" at 7431.750488, 3987.927979
 7:29:46.129 !!! [CE][Spawn] Character "ZmbM_HunterOld_Autumn" at 7515.311035, 5212.995117
 7:29:46.130 !!! [CE][Spawn] Character "ZmbM_HikerSkinny_Yellow" at 7498.681152, 5148.432129
 7:29:46.130 !!! [CE][Spawn] Character "ZmbM_FishermanOld_Blue" at 7537.106934, 5349.495605
 7:29:46.131 !!! [CE][Spawn] Character "ZmbM_HermitSkinny_Beige" at 7580.399902, 5367.899902
 7:29:46.131 !!! [CE][Spawn] Character "ZmbM_HunterOld_Summer" at 4994.432617, 2833.344238
 7:29:46.131 !!! [CE][Spawn] Character "ZmbM_FishermanOld_Red" at 4956.607422, 2881.186279
 7:29:46.132 !!! [CE][Spawn] Character "ZmbM_HunterOld_Spring" at 5298.243164, 4342.831543
 7:29:46.132 !!! [CE][Spawn] Character "ZmbM_FishermanOld_Green" at 5596.426758, 7258.083496
 7:29:46.133 !!! [CE][Spawn] Character "ZmbM_HermitSkinny_Beige" at 5672.350098, 7220.553223
 7:29:46.133 !!! [CE][Spawn] Character "ZmbM_HikerSkinny_Blue" at 5656.104980, 7143.631836
 7:29:46.133 !!! [CE][Spawn] Character "ZmbM_HermitSkinny_Beige" at 5615.727539, 7080.588867
 7:29:46.134 !!! [CE][Spawn] Character "ZmbF_HikerSkinny_Grey" at 5323.521973, 7659.109863
 7:29:46.134 !!! [CE][Spawn] Character "ZmbM_HermitSkinny_Green" at 5288.145508, 7614.227539
 7:29:46.135 !!! [CE][Spawn] Character "ZmbM_HermitSkinny_Beige" at 5175.001465, 7377.066895
 7:29:46.135 !!! [CE][Spawn] Character "ZmbF_HikerSkinny_Red" at 5146.075195, 7428.344727
 7:29:46.136 !!! [CE][Spawn] Character "ZmbM_FishermanOld_Red" at 4699.232910, 7099.178223
 7:29:46.136 !!! [CE][Spawn] Character "ZmbM_HikerSkinny_Yellow" at 4755.435547, 7127.911133
 7:29:46.136 !!! [CE][Spawn] Character "ZmbM_HikerSkinny_Blue" at 4553.222168, 6466.189453
 7:29:46.137 !!! [CE][Spawn] Character "ZmbM_FishermanOld_Grey" at 4608.226074, 6535.479492
 7:29:46.137 !!! [CE][Spawn] Character "ZmbM_HunterOld_Summer" at 2624.263428, 6860.252930
 7:29:46.138 !!! [CE][Spawn] Character "ZmbM_FishermanOld_Grey" at 2565.989502, 6918.677246
 7:29:46.138 !!! [CE][Spawn] Character "ZmbM_HermitSkinny_Green" at 1148.003784, 7571.696289
 7:29:46.138 !!! [CE][Spawn] Character "ZmbF_HikerSkinny_Red" at 1185.335205, 7627.126465
 7:29:46.139 !!! [CE][Spawn] Character "ZmbF_HikerSkinny_Blue" at 602.647522, 6284.743652
 7:29:46.139 !!! [CE][Spawn] Character "ZmbM_HermitSkinny_Green" at 610.708496, 6365.198242
 7:29:46.140 !!! [CE][Spawn] Character "ZmbM_HermitSkinny_Green" at 429.318420, 5815.477051
 7:29:46.141 !!! [CE][Spawn] Character "ZmbM_HunterOld_Winter" at 371.998322, 5786.435547
 7:29:46.142 !!! [CE][Spawn] Character "ZmbM_FishermanOld_Red" at 1206.787964, 5049.190918
 7:29:46.142 !!! [CE][Spawn] Character "ZmbM_HunterOld_Winter" at 1259.362305, 4977.767578
 7:29:46.143 !!! [CE][Spawn] Character "ZmbM_FishermanOld_Red" at 1684.954834, 4856.756348
 7:29:46.143 !!! [CE][Spawn] Character "ZmbF_HikerSkinny_Green" at 1731.256104, 4886.407227
 7:29:46.143 !!! [CE][Spawn] Character "ZmbM_FishermanOld_Red" at 1703.437622, 4585.715820
 7:29:46.144 !!! [CE][Spawn] Character "ZmbM_FishermanOld_Blue" at 1656.770264, 4531.729004
 7:29:46.145 !!! [CE][Spawn] Character "ZmbM_HikerSkinny_Blue" at 1952.679932, 4314.483887
 7:29:46.145 !!! [CE][Spawn] Character "ZmbM_HikerSkinny_Yellow" at 1915.848755, 4361.024414
 7:29:46.145 !!! [CE][Spawn] Character "ZmbF_HikerSkinny_Green" at 905.494385, 3483.240234
 7:29:46.146 !!! [CE][Spawn] Character "ZmbM_HikerSkinny_Yellow" at 949.064697, 3478.169678
 7:29:46.147 !!! [CE][Spawn] Character "ZmbM_FishermanOld_Green" at 409.804199, 2129.760498
 7:29:46.147 !!! [CE][Spawn] Character "ZmbM_HermitSkinny_Beige" at 388.877106, 2075.908447
 7:29:46.147 !!! [CE][Spawn] Character "ZmbM_HikerSkinny_Yellow" at 408.223206, 1979.616943
 7:29:46.148 !!! [CE][Spawn] Character "ZmbF_HikerSkinny_Grey" at 469.885834, 1937.090942
 7:29:46.148 !!! [CE][Spawn] Character "ZmbM_FishermanOld_Green" at 228.718369, 2269.332520
 7:29:46.148 !!! [CE][Spawn] Character "ZmbF_HikerSkinny_Grey" at 284.570862, 2305.471924
 7:29:46.149 !!! [CE][Spawn] Character "ZmbM_HunterOld_Spring" at 702.482971, 1457.850464
 7:29:46.150 !!! [CE][Spawn] Character "ZmbM_HunterOld_Spring" at 697.126404, 1387.163330
 7:29:46.150 !!! [CE][Spawn] Character "ZmbM_HermitSkinny_Red" at 1984.759399, 2141.873291
 7:29:46.150 !!! [CE][Spawn] Character "ZmbF_HikerSkinny_Grey" at 1964.228516, 2105.423340
 7:29:46.150 !!! [CE][Spawn] Character "ZmbM_HunterOld_Winter" at 1846.378052, 1849.428345
 7:29:46.151 !!! [CE][Spawn] Character "ZmbM_HikerSkinny_Blue" at 1873.033447, 1777.106445
 7:29:46.151 !!! [CE][Spawn] Character "ZmbM_FishermanOld_Green" at 5151.828125, 1299.360718
 7:29:46.151 !!! [CE][Spawn] Character "ZmbF_HikerSkinny_Blue" at 5123.429688, 1376.080688
 7:29:46.152 !!! [CE][Spawn] Character "ZmbF_HikerSkinny_Red" at 4659.521973, 783.954895
 7:29:46.152 !!! [CE][Spawn] Character "ZmbF_HikerSkinny_Blue" at 4699.191895, 812.824524
 7:29:46.153 !!! [CE][Spawn] Character "ZmbM_FishermanOld_Red" at 4737.883789, 1016.867188
 7:29:46.154 !!! [CE][Spawn] Character "ZmbM_HikerSkinny_Yellow" at 4703.897461, 967.572876
 7:29:46.155 !!! [CE][Spawn] Character "ZmbM_HikerSkinny_Blue" at 6197.895996, 305.732727
 7:29:46.155 !!! [CE][Spawn] Character "ZmbM_HunterOld_Autumn" at 6250.342773, 338.853058
 7:29:46.155 !!! [CE][Spawn] Character "ZmbM_HunterOld_Autumn" at 5572.991211, 874.841248
 7:29:46.156 !!! [CE][Spawn] Character "ZmbF_HikerSkinny_Green" at 5536.666016, 826.935425
 7:29:46.156 [CE][InfectedRespawner] (PRISolitude) :: Initial Spawn: 244
 7:29:46.156 [CE][InfectedRespawner] (PRIVillage) :: Initial Spawn: 0
 7:29:46.156 [CE][LootRespawner] (PRIDummy) :: Initially (re)spawned:0, Nominal:16575, Total in Map: 12241 at 0 (sec)
 7:29:46.156   tests:0, repeats:0 fails:0, overtime:0
 7:29:46.157 [CE][InfectedRespawner] (SECPoliceHard) :: Initial Spawn: 0
 7:29:46.157 [CE][DynEvent] :: 32 types
 7:29:46.157 [00] AmbientHen
 7:29:46.157   Primary Spawner: "Ambient", active: yes, repeat: 1
 7:29:46.157 [01] AmbientBear
 7:29:46.157   Primary Spawner: "Ambient", active: yes, repeat: 1
 7:29:46.157 [02] AnimalCow
 7:29:46.157   Primary Spawner: "Animal", active: yes, repeat: 1
 7:29:46.157 [03] AnimalDeer
 7:29:46.157   Primary Spawner: "Animal", active: yes, repeat: 1
 7:29:46.158 [04] AmbientGoat
 7:29:46.158   Primary Spawner: "Ambient", active: yes, repeat: 1
 7:29:46.158 [05] AmbientPig
 7:29:46.158   Primary Spawner: "Ambient", active: yes, repeat: 1
 7:29:46.158 [06] AnimalRoeDeer
 7:29:46.158   Primary Spawner: "Animal", active: yes, repeat: 1
 7:29:46.158 [07] AnimalSheep
 7:29:46.158   Primary Spawner: "Animal", active: yes, repeat: 1
 7:29:46.158 [08] AnimalWildBoar
 7:29:46.158   Primary Spawner: "Animal", active: yes, repeat: 1
 7:29:46.158 [09] AnimalWolf
 7:29:46.158   Primary Spawner: "Animal", active: yes, repeat: 1
 7:29:46.158 [10] InfectedArmy
 7:29:46.158   Primary Spawner: "Infected", active: yes, repeat: 1
 7:29:46.158 [11] InfectedArmyHard
 7:29:46.158   Primary Spawner: "Infected", active: yes, repeat: 1
 7:29:46.158 [12] InfectedCity
 7:29:46.158   Primary Spawner: "Infected", active: yes, repeat: 1
 7:29:46.158 [13] InfectedFirefighter
 7:29:46.158   Primary Spawner: "Infected", active: yes, repeat: 1
 7:29:46.158 [14] InfectedIndustrial
 7:29:46.158   Primary Spawner: "Infected", active: yes, repeat: 1
 7:29:46.158 [15] InfectedMedic
 7:29:46.158   Primary Spawner: "Infected", active: yes, repeat: 1
 7:29:46.158 [16] InfectedNBC
 7:29:46.158   Primary Spawner: "Infected", active: yes, repeat: 1
 7:29:46.158 [17] InfectedNBCYellow
 7:29:46.158   Primary Spawner: "Infected", active: yes, repeat: 1
 7:29:46.158 [18] InfectedPolice
 7:29:46.158   Primary Spawner: "Infected", active: yes, repeat: 1
 7:29:46.158 [19] InfectedPoliceHard
 7:29:46.158   Primary Spawner: "Infected", active: yes, repeat: 1
 7:29:46.158 [20] InfectedPrisoner
 7:29:46.158   Primary Spawner: "Infected", active: yes, repeat: 1
 7:29:46.158 [21] InfectedReligious
 7:29:46.158   Primary Spawner: "Infected", active: yes, repeat: 1
 7:29:46.158 [22] InfectedSolitude
 7:29:46.158   Primary Spawner: "Infected", active: yes, repeat: 1
 7:29:46.158 [23] InfectedVillage
 7:29:46.158   Primary Spawner: "Infected", active: yes, repeat: 1
 7:29:46.158 [24] Loot
 7:29:46.158   Primary Spawner: "Loot", active: yes, repeat: 2
 7:29:46.158 [25] StaticPoliceCar
 7:29:46.158   Primary Spawner: "Static", active: yes, repeat: 1
 7:29:46.158   Secondary Spawner: "Infected", active: yes, repeat: 1
 7:29:46.158 [26] TrajectoryApple
 7:29:46.158   Primary Spawner: "Trajectory", active: yes, repeat: 1
 7:29:46.158 [27] TrajectoryConiferous
 7:29:46.158   Primary Spawner: "Trajectory", active: yes, repeat: 1
 7:29:46.158 [28] TrajectoryDeciduous
 7:29:46.158   Primary Spawner: "Trajectory", active: yes, repeat: 1
 7:29:46.158 [29] TrajectoryHumus
 7:29:46.158   Primary Spawner: "Trajectory", active: yes, repeat: 1
 7:29:46.158 [30] TrajectoryPear
 7:29:46.158   Primary Spawner: "Trajectory", active: yes, repeat: 1
 7:29:46.158 [31] TrajectoryPlum
 7:29:46.158   Primary Spawner: "Trajectory", active: yes, repeat: 1
 7:29:46.158 [CE][Hive] :: Initializing of spawners done.
 7:29:46.162 [CE][Hive] :: Init sequence finished.
 7:29:46.162 Player connect enabled
 7:29:46.204 [Login]: Adding player The Professor (24575448) to login queue at position 0
 7:29:46.205 [Login]: Adding player The Professor (60889534) to login queue at position 1
 7:29:46.205 [Login]: Remove 24575448 from login queue (index 0)
 7:29:46.205 [Disconnect]: DisconnectPlayerFinish 24575448
 7:29:46.205 [Disconnect]: Remove player info 24575448
 7:29:46.205 [Disconnect]: Player destroy 24575448 
 7:29:46.205 [LoginMachine]: Add player The Professor (60889534 192.168.1.8:64827)
 7:29:46.205 [StateMachine]: Player The Professor (dpnid 60889534 uid ) Entering AuthPlayerLoginState
 7:29:46.779 [StateMachine]: Player The Professor (dpnid 60889534 uid ) State Error (AuthPlayerLoginState)
 7:29:46.779 Player Unknown (60889534) kicked from server: 116 (Client has a mod which is not on the server. (GSC Gameworld Assets (JMC Edition); Mounts & Sights)  (Client has a PBO which is not part of the server. (C:\SteamLibrary\steamapps\common\DayZ\!Workshop\@GSC Gameworld Assets (JMC Edition)\addons\JMC_GSCGameWorld1.pbo)))
 7:29:46.779 [StateMachine]: Kick player The Professor (dpnid 60889534 uid ) State AuthPlayerLoginState
 7:29:46.788 [Disconnect]: Client 60889534 early disconnect
 7:29:46.946 [Disconnect]: No identity -> remove player info 60889534 
 7:29:46.946 [Disconnect]: DisconnectPlayerFinish 60889534
 7:29:46.946 [Disconnect]: Remove player info 60889534
 7:29:46.947 [Disconnect]: Player destroy 60889534 
 7:30:06.402 [CE][LootRespawner] (PRIDummy) :: Item [0] is hard to place, performance drops: "BandageDressing"
 7:30:06.402 [CE][LootRespawner] (PRIDummy) :: Item [1] is hard to place, performance drops: "BandageDressing"
 7:30:06.402 [CE][LootRespawner] (PRIDummy) :: Item [2] is hard to place, performance drops: "BandageDressing"
 7:30:06.402 [CE][LootRespawner] (PRIDummy) :: Item [3] is hard to place, performance drops: "BandageDressing"
 7:30:06.402 [CE][LootRespawner] (PRIDummy) :: Item [4] is hard to place, performance drops: "BandageDressing"
 7:30:06.402 [CE][LootRespawner] (PRIDummy) :: Item [5] is hard to place, performance drops: "BandageDressing"
 7:30:06.402 [CE][LootRespawner] (PRIDummy) :: Item [6] is hard to place, performance drops: "BandageDressing"
 7:30:06.402 [CE][LootRespawner] (PRIDummy) :: Item [7] is hard to place, performance drops: "BandageDressing"
 7:30:06.402 [CE][LootRespawner] (PRIDummy) :: Item [8] is hard to place, performance drops: "BandageDressing"
 7:30:06.402 [CE][LootRespawner] (PRIDummy) :: Item [9] is hard to place, performance drops: "BandageDressing"
 7:30:06.402 [CE][LootRespawner] (PRIDummy) :: Item [10] is hard to place, performance drops: "BandageDressing"
 7:30:06.402 [CE][LootRespawner] (PRIDummy) :: Item [11] is hard to place, performance drops: "BandageDressing"
 7:30:06.402 [CE][LootRespawner] (PRIDummy) :: Item [12] is hard to place, performance drops: "BandageDressing"
 7:30:06.402 [CE][LootRespawner] (PRIDummy) :: Item [13] is hard to place, performance drops: "BandageDressing"
 7:30:06.402 [CE][LootRespawner] (PRIDummy) :: Item [14] is hard to place, performance drops: "BandageDressing"
 7:30:06.402 [CE][LootRespawner] (PRIDummy) :: Item [15] is hard to place, performance drops: "BandageDressing"
 7:30:06.403 [CE][LootRespawner] (PRIDummy) :: Item [16] is hard to place, performance drops: "BandageDressing"
 7:30:06.403 [CE][LootRespawner] (PRIDummy) :: Item [17] is hard to place, performance drops: "BandageDressing"
 7:30:06.403 [CE][LootRespawner] (PRIDummy) :: Item [18] is hard to place, performance drops: "BandageDressing"
 7:30:06.403 [CE][LootRespawner] (PRIDummy) :: Item [19] is hard to place, performance drops: "BandageDressing"
 7:30:06.403 [CE][LootRespawner] (PRIDummy) :: Item [20] is hard to place, performance drops: "BandageDressing"
 7:30:06.403 [CE][LootRespawner] (PRIDummy) :: Item [21] is hard to place, performance drops: "BandageDressing"
 7:30:06.403 [CE][LootRespawner] (PRIDummy) :: Item [22] is hard to place, performance drops: "BandageDressing"
 7:30:06.403 [CE][LootRespawner] (PRIDummy) :: Item [23] is hard to place, performance drops: "BandageDressing"
 7:30:06.403 [CE][LootRespawner] (PRIDummy) :: Item [24] is hard to place, performance drops: "BandageDressing"
 7:30:06.403 [CE][LootRespawner] (PRIDummy) :: Item [25] is hard to place, performance drops: "BandageDressing"
 7:30:06.403 [CE][LootRespawner] (PRIDummy) :: Item [26] is hard to place, performance drops: "BandageDressing"
 7:30:06.403 [CE][LootRespawner] (PRIDummy) :: Item [27] is hard to place, performance drops: "BandageDressing"
 7:30:06.403 [CE][LootRespawner] (PRIDummy) :: Item [28] is hard to place, performance drops: "BandageDressing"
 7:30:06.403 [CE][LootRespawner] (PRIDummy) :: Item [29] is hard to place, performance drops: "BandageDressing"
 7:30:06.403 [CE][LootRespawner] (PRIDummy) :: Item [30] is hard to place, performance drops: "BandageDressing"
 7:30:06.403 [CE][LootRespawner] (PRIDummy) :: Item [31] is hard to place, performance drops: "BandageDressing"
 7:30:06.403 [CE][LootRespawner] (PRIDummy) :: Item [32] is hard to place, performance drops: "BandageDressing"
 7:30:06.403 [CE][LootRespawner] (PRIDummy) :: Item [33] is hard to place, performance drops: "BandageDressing"
 7:30:06.403 [CE][LootRespawner] (PRIDummy) :: Item [34] is hard to place, performance drops: "BandageDressing"
 7:30:06.403 [CE][LootRespawner] (PRIDummy) :: Item [35] is hard to place, performance drops: "BandageDressing"
 7:30:06.403 [CE][LootRespawner] (PRIDummy) :: Item [36] is hard to place, performance drops: "BandageDressing"
 7:30:06.403 [CE][LootRespawner] (PRIDummy) :: Item [37] is hard to place, performance drops: "BandageDressing"
 7:30:06.403 [CE][LootRespawner] (PRIDummy) :: Item [38] is hard to place, performance drops: "BandageDressing"
 7:30:06.403 [CE][LootRespawner] (PRIDummy) :: Item [39] is hard to place, performance drops: "BandageDressing"
 7:30:06.403 [CE][LootRespawner] (PRIDummy) :: Item [40] is hard to place, performance drops: "BandageDressing"
 7:30:06.403 [CE][LootRespawner] (PRIDummy) :: Item [41] is hard to place, performance drops: "BandageDressing"
 7:30:06.403 [CE][LootRespawner] (PRIDummy) :: Item [42] is hard to place, performance drops: "BandageDressing"
 7:30:06.403 [CE][LootRespawner] (PRIDummy) :: Item [43] is hard to place, performance drops: "BandageDressing"
 7:30:06.403 [CE][LootRespawner] (PRIDummy) :: Item [44] is hard to place, performance drops: "BandageDressing"
 7:30:06.403 [CE][LootRespawner] (PRIDummy) :: Item [45] is hard to place, performance drops: "BandageDressing"
 7:30:06.403 [CE][LootRespawner] (PRIDummy) :: Item [46] is hard to place, performance drops: "BandageDressing"
 7:30:06.403 [CE][LootRespawner] (PRIDummy) :: Item [47] is hard to place, performance drops: "BandageDressing"
 7:30:06.403 [CE][LootRespawner] (PRIDummy) :: Item [48] is hard to place, performance drops: "BandageDressing"
 7:30:06.403 [CE][LootRespawner] (PRIDummy) :: Item [49] is hard to place, performance drops: "BandageDressing"
 7:30:06.403 [CE][LootRespawner] (PRIDummy) :: Item [50] is hard to place, performance drops: "BandageDressing"
 7:30:06.403 [CE][LootRespawner] (PRIDummy) :: Item [51] is hard to place, performance drops: "BandageDressing"
 7:30:06.403 [CE][LootRespawner] (PRIDummy) :: Item [52] is hard to place, performance drops: "BandageDressing"
 7:30:06.403 [CE][LootRespawner] (PRIDummy) :: Item [53] is hard to place, performance drops: "BandageDressing"
 7:30:06.403 [CE][LootRespawner] (PRIDummy) :: Item [54] is hard to place, performance drops: "BandageDressing"
 7:30:06.403 [CE][LootRespawner] (PRIDummy) :: Item [55] is hard to place, performance drops: "BandageDressing"
 7:30:06.403 [CE][LootRespawner] (PRIDummy) :: Item [56] is hard to place, performance drops: "BandageDressing"
 7:30:06.403 [CE][LootRespawner] (PRIDummy) :: Item [57] is hard to place, performance drops: "BandageDressing"
 7:30:06.403 [CE][LootRespawner] (PRIDummy) :: Item [58] is hard to place, performance drops: "BandageDressing"
 7:30:06.403 [CE][LootRespawner] (PRIDummy) :: Item [59] is hard to place, performance drops: "BandageDressing"
 7:30:06.403 [CE][LootRespawner] (PRIDummy) :: Item [60] is hard to place, performance drops: "BandageDressing"
 7:30:06.403 [CE][LootRespawner] (PRIDummy) :: Item [61] is hard to place, performance drops: "BandageDressing"
 7:30:06.403 [CE][LootRespawner] (PRIDummy) :: Item [62] is hard to place, performance drops: "BandageDressing"
 7:30:06.403 [CE][LootRespawner] (PRIDummy) :: Item [63] is hard to place, performance drops: "BandageDressing"
 7:30:06.403 [CE][LootRespawner] (PRIDummy) :: Item [64] is hard to place, performance drops: "BandageDressing"
 7:30:06.403 [CE][LootRespawner] (PRIDummy) :: Item [65] is hard to place, performance drops: "BandageDressing"
 7:30:06.403 [CE][LootRespawner] (PRIDummy) :: Item [66] is hard to place, performance drops: "BandageDressing"
 7:30:06.403 [CE][LootRespawner] (PRIDummy) :: Item [67] is hard to place, performance drops: "BandageDressing"
 7:30:06.403 [CE][LootRespawner] (PRIDummy) :: Item [68] is hard to place, performance drops: "BandageDressing"
 7:30:06.403 [CE][LootRespawner] (PRIDummy) :: Item [69] is hard to place, performance drops: "BandageDressing"
 7:30:06.403 [CE][LootRespawner] (PRIDummy) :: Item [70] is hard to place, performance drops: "BandageDressing"
 7:30:06.403 [CE][LootRespawner] (PRIDummy) :: Item [71] is hard to place, performance drops: "BandageDressing"
 7:30:06.403 [CE][LootRespawner] (PRIDummy) :: Item [72] is hard to place, performance drops: "BandageDressing"
 7:30:06.403 [CE][LootRespawner] (PRIDummy) :: Item [73] is hard to place, performance drops: "BandageDressing"
 7:30:06.403 [CE][LootRespawner] (PRIDummy) :: Item [74] is hard to place, performance drops: "BandageDressing"
 7:30:06.403 [CE][LootRespawner] (PRIDummy) :: Item [75] is hard to place, performance drops: "BandageDressing"
 7:30:06.403 [CE][LootRespawner] (PRIDummy) :: Item [76] is hard to place, performance drops: "BandageDressing"
 7:30:06.403 [CE][LootRespawner] (PRIDummy) :: Item [77] is hard to place, performance drops: "BandageDressing"
 7:30:06.403 [CE][LootRespawner] (PRIDummy) :: Item [78] is hard to place, performance drops: "BandageDressing"
 7:30:06.403 [CE][LootRespawner] (PRIDummy) :: Item [79] is hard to place, performance drops: "BandageDressing"
 7:30:06.403 [CE][LootRespawner] (PRIDummy) :: Item [80] is hard to place, performance drops: "BandageDressing"
 7:30:06.403 [CE][LootRespawner] (PRIDummy) :: Item [81] is hard to place, performance drops: "BandageDressing"
 7:30:06.403 [CE][LootRespawner] (PRIDummy) :: Item [82] is hard to place, performance drops: "BandageDressing"
 7:30:06.403 [CE][LootRespawner] (PRIDummy) :: Item [83] is hard to place, performance drops: "BandageDressing"
 7:30:06.403 [CE][LootRespawner] (PRIDummy) :: Item [0] causing search overtime: "BandageDressing"
 7:30:06.494 [CE][LootRespawner] (PRIDummy) :: Item [1] causing search overtime: "HipPack_Party"
 7:30:06.594 [CE][LootRespawner] (PRIDummy) :: Item [2] causing search overtime: "Mag_CZ527_5rnd"
 7:30:06.694 [CE][LootRespawner] (PRIDummy) :: Item [84] is hard to place, performance drops: "Vikhr"
 7:30:06.694 [CE][LootRespawner] (PRIDummy) :: Item [85] is hard to place, performance drops: "Vikhr"
 7:30:06.694 [CE][LootRespawner] (PRIDummy) :: Item [86] is hard to place, performance drops: "Vikhr"
 7:30:06.694 [CE][LootRespawner] (PRIDummy) :: Item [87] is hard to place, performance drops: "Vikhr"
 7:30:06.694 [CE][LootRespawner] (PRIDummy) :: Item [88] is hard to place, performance drops: "Vikhr"
 7:30:06.694 [CE][LootRespawner] (PRIDummy) :: Item [89] is hard to place, performance drops: "Vikhr"
 7:30:06.694 [CE][LootRespawner] (PRIDummy) :: Item [90] is hard to place, performance drops: "Vikhr"
 7:30:06.694 [CE][LootRespawner] (PRIDummy) :: Item [91] is hard to place, performance drops: "Vikhr"
 7:30:06.694 [CE][LootRespawner] (PRIDummy) :: Item [92] is hard to place, performance drops: "Vikhr"
 7:30:06.694 [CE][LootRespawner] (PRIDummy) :: Item [3] causing search overtime: "Vikhr"
 7:30:06.794 [CE][LootRespawner] (PRIDummy) :: Item [93] is hard to place, performance drops: "STAG_Clothing_Armband"
 7:30:06.794 [CE][LootRespawner] (PRIDummy) :: Item [94] is hard to place, performance drops: "STAG_Clothing_Armband"
 7:30:06.794 [CE][LootRespawner] (PRIDummy) :: Item [95] is hard to place, performance drops: "STAG_Clothing_Armband"
 7:30:06.794 [CE][LootRespawner] (PRIDummy) :: Item [96] is hard to place, performance drops: "STAG_Clothing_Armband"
 7:30:06.794 [CE][LootRespawner] (PRIDummy) :: Item [97] is hard to place, performance drops: "STAG_Clothing_Armband"
 7:30:06.794 [CE][LootRespawner] (PRIDummy) :: Item [98] is hard to place, performance drops: "STAG_Clothing_Armband"
 7:30:06.794 [CE][LootRespawner] (PRIDummy) :: Item [99] is hard to place, performance drops: "STAG_Clothing_Armband"
 7:30:06.794 [CE][LootRespawner] (PRIDummy) :: Item [100] is hard to place, performance drops: "STAG_Clothing_Armband"
 7:30:06.794 [CE][LootRespawner] (PRIDummy) :: Item [101] is hard to place, performance drops: "STAG_Clothing_Armband"
 7:30:06.794 [CE][LootRespawner] (PRIDummy) :: Item [102] is hard to place, performance drops: "STAG_Clothing_Armband"
 7:30:06.794 [CE][LootRespawner] (PRIDummy) :: Item [103] is hard to place, performance drops: "STAG_Clothing_Armband"
 7:30:06.794 [CE][LootRespawner] (PRIDummy) :: Item [104] is hard to place, performance drops: "STAG_Clothing_Armband"
 7:30:06.794 [CE][LootRespawner] (PRIDummy) :: Item [105] is hard to place, performance drops: "STAG_Clothing_Armband"
 7:30:06.794 [CE][LootRespawner] (PRIDummy) :: Item [106] is hard to place, performance drops: "STAG_Clothing_Armband"
 7:30:06.794 [CE][LootRespawner] (PRIDummy) :: Item [107] is hard to place, performance drops: "STAG_Clothing_Armband"
 7:30:06.794 [CE][LootRespawner] (PRIDummy) :: Item [108] is hard to place, performance drops: "STAG_Clothing_Armband"
 7:30:06.794 [CE][LootRespawner] (PRIDummy) :: Item [109] is hard to place, performance drops: "STAG_Clothing_Armband"
 7:30:06.794 [CE][LootRespawner] (PRIDummy) :: Item [110] is hard to place, performance drops: "STAG_Clothing_Armband"
 7:30:06.795 [CE][LootRespawner] (PRIDummy) :: Item [111] is hard to place, performance drops: "STAG_Clothing_Armband"
 7:30:06.795 [CE][LootRespawner] (PRIDummy) :: Item [112] is hard to place, performance drops: "STAG_Clothing_Armband"
 7:30:06.795 [CE][LootRespawner] (PRIDummy) :: Item [113] is hard to place, performance drops: "STAG_Clothing_Armband"
 7:30:06.795 [CE][LootRespawner] (PRIDummy) :: Item [114] is hard to place, performance drops: "STAG_Clothing_Armband"
 7:30:06.795 [CE][LootRespawner] (PRIDummy) :: Item [115] is hard to place, performance drops: "STAG_Clothing_Armband"
 7:30:06.795 [CE][LootRespawner] (PRIDummy) :: Item [116] is hard to place, performance drops: "STAG_Clothing_Armband"
 7:30:06.795 [CE][LootRespawner] (PRIDummy) :: Item [117] is hard to place, performance drops: "STAG_Clothing_Armband"
 7:30:06.795 [CE][LootRespawner] (PRIDummy) :: Item [118] is hard to place, performance drops: "STAG_Clothing_Armband"
 7:30:06.795 [CE][LootRespawner] (PRIDummy) :: Item [119] is hard to place, performance drops: "STAG_Clothing_Armband"
 7:30:06.795 [CE][LootRespawner] (PRIDummy) :: Item [120] is hard to place, performance drops: "STAG_Clothing_Armband"
 7:30:06.795 [CE][LootRespawner] (PRIDummy) :: Item [121] is hard to place, performance drops: "STAG_Clothing_Armband"
 7:30:06.795 [CE][LootRespawner] (PRIDummy) :: Item [122] is hard to place, performance drops: "STAG_Clothing_Armband"
 7:30:06.795 [CE][LootRespawner] (PRIDummy) :: Item [123] is hard to place, performance drops: "STAG_Clothing_Armband"
 7:30:06.795 [CE][LootRespawner] (PRIDummy) :: Item [124] is hard to place, performance drops: "STAG_Clothing_Armband"
 7:30:06.795 [CE][LootRespawner] (PRIDummy) :: Item [125] is hard to place, performance drops: "STAG_Clothing_Armband"
 7:30:06.795 [CE][LootRespawner] (PRIDummy) :: Item [126] is hard to place, performance drops: "STAG_Clothing_Armband"
 7:30:06.795 [CE][LootRespawner] (PRIDummy) :: Item [127] is hard to place, performance drops: "STAG_Clothing_Armband"
 7:30:06.795 [CE][LootRespawner] (PRIDummy) :: Item [128] is hard to place, performance drops: "STAG_Clothing_Armband"
 7:30:06.795 [CE][LootRespawner] (PRIDummy) :: Item [129] is hard to place, performance drops: "STAG_Clothing_Armband"
 7:30:06.795 [CE][LootRespawner] (PRIDummy) :: Item [130] is hard to place, performance drops: "STAG_Clothing_Armband"
 7:30:06.795 [CE][LootRespawner] (PRIDummy) :: Item [131] is hard to place, performance drops: "STAG_Clothing_Armband"
 7:30:06.795 [CE][LootRespawner] (PRIDummy) :: Item [132] is hard to place, performance drops: "STAG_Clothing_Armband"
 7:30:06.795 [CE][LootRespawner] (PRIDummy) :: Item [133] is hard to place, performance drops: "STAG_Clothing_Armband"
 7:30:06.795 [CE][LootRespawner] (PRIDummy) :: Item [134] is hard to place, performance drops: "STAG_Clothing_Armband"
 7:30:06.795 [CE][LootRespawner] (PRIDummy) :: Item [135] is hard to place, performance drops: "STAG_Clothing_Armband"
 7:30:06.795 [CE][LootRespawner] (PRIDummy) :: Item [136] is hard to place, performance drops: "STAG_Clothing_Armband"
 7:30:06.795 [CE][LootRespawner] (PRIDummy) :: Item [137] is hard to place, performance drops: "STAG_Clothing_Armband"
 7:30:06.795 [CE][LootRespawner] (PRIDummy) :: Item [138] is hard to place, performance drops: "STAG_Clothing_Armband"
 7:30:06.795 [CE][LootRespawner] (PRIDummy) :: Item [139] is hard to place, performance drops: "STAG_Clothing_Armband"
 7:30:06.795 [CE][LootRespawner] (PRIDummy) :: Item [140] is hard to place, performance drops: "STAG_Clothing_Armband"
 7:30:06.795 [CE][LootRespawner] (PRIDummy) :: Item [141] is hard to place, performance drops: "STAG_Clothing_Armband"
 7:30:06.795 [CE][LootRespawner] (PRIDummy) :: Item [142] is hard to place, performance drops: "STAG_Clothing_Armband"
 7:30:06.795 [CE][LootRespawner] (PRIDummy) :: Item [143] is hard to place, performance drops: "STAG_Clothing_Armband"
 7:30:06.795 [CE][LootRespawner] (PRIDummy) :: Item [144] is hard to place, performance drops: "STAG_Clothing_Armband"
 7:30:06.795 [CE][LootRespawner] (PRIDummy) :: Item [145] is hard to place, performance drops: "STAG_Clothing_Armband"
 7:30:06.795 [CE][LootRespawner] (PRIDummy) :: Item [146] is hard to place, performance drops: "STAG_Clothing_Armband"
 7:30:06.795 [CE][LootRespawner] (PRIDummy) :: Item [147] is hard to place, performance drops: "STAG_Clothing_Armband"
 7:30:06.795 [CE][LootRespawner] (PRIDummy) :: Item [148] is hard to place, performance drops: "STAG_Clothing_Armband"
 7:30:06.795 [CE][LootRespawner] (PRIDummy) :: Item [149] is hard to place, performance drops: "STAG_Clothing_Armband"
 7:30:06.795 [CE][LootRespawner] (PRIDummy) :: Item [150] is hard to place, performance drops: "STAG_Clothing_Armband"
 7:30:06.795 [CE][LootRespawner] (PRIDummy) :: Item [151] is hard to place, performance drops: "STAG_Clothing_Armband"
 7:30:06.795 [CE][LootRespawner] (PRIDummy) :: Item [152] is hard to place, performance drops: "STAG_Clothing_Armband"
 7:30:06.795 [CE][LootRespawner] (PRIDummy) :: Item [153] is hard to place, performance drops: "STAG_Clothing_Armband"
 7:30:06.795 [CE][LootRespawner] (PRIDummy) :: Item [154] is hard to place, performance drops: "STAG_Clothing_Armband"
 7:30:06.795 [CE][LootRespawner] (PRIDummy) :: Item [155] is hard to place, performance drops: "STAG_Clothing_Armband"
 7:30:06.795 [CE][LootRespawner] (PRIDummy) :: Item [156] is hard to place, performance drops: "STAG_Clothing_Armband"
 7:30:06.795 [CE][LootRespawner] (PRIDummy) :: Item [157] is hard to place, performance drops: "STAG_Clothing_Armband"
 7:30:06.795 [CE][LootRespawner] (PRIDummy) :: Item [158] is hard to place, performance drops: "STAG_Clothing_Armband"
 7:30:06.795 [CE][LootRespawner] (PRIDummy) :: Item [159] is hard to place, performance drops: "STAG_Clothing_Armband"
 7:30:06.795 [CE][LootRespawner] (PRIDummy) :: Item [160] is hard to place, performance drops: "STAG_Clothing_Armband"
 7:30:06.795 [CE][LootRespawner] (PRIDummy) :: Item [161] is hard to place, performance drops: "STAG_Clothing_Armband"
 7:30:06.795 [CE][LootRespawner] (PRIDummy) :: Item [162] is hard to place, performance drops: "STAG_Clothing_Armband"
 7:30:06.795 [CE][LootRespawner] (PRIDummy) :: Item [163] is hard to place, performance drops: "STAG_Clothing_Armband"
 7:30:06.795 [CE][LootRespawner] (PRIDummy) :: Item [164] is hard to place, performance drops: "STAG_Clothing_Armband"
 7:30:06.795 [CE][LootRespawner] (PRIDummy) :: Item [165] is hard to place, performance drops: "STAG_Clothing_Armband"
 7:30:06.795 [CE][LootRespawner] (PRIDummy) :: Item [166] is hard to place, performance drops: "STAG_Clothing_Armband"
 7:30:06.795 [CE][LootRespawner] (PRIDummy) :: Item [167] is hard to place, performance drops: "STAG_Clothing_Armband"
 7:30:06.795 [CE][LootRespawner] (PRIDummy) :: Item [168] is hard to place, performance drops: "STAG_Clothing_Armband"
 7:30:06.795 [CE][LootRespawner] (PRIDummy) :: Item [169] is hard to place, performance drops: "STAG_Clothing_Armband"
 7:30:06.795 [CE][LootRespawner] (PRIDummy) :: Item [170] is hard to place, performance drops: "STAG_Clothing_Armband"
 7:30:06.795 [CE][LootRespawner] (PRIDummy) :: Item [171] is hard to place, performance drops: "STAG_Clothing_Armband"
 7:30:06.795 [CE][LootRespawner] (PRIDummy) :: Item [172] is hard to place, performance drops: "STAG_Clothing_Armband"
 7:30:06.795 [CE][LootRespawner] (PRIDummy) :: Item [173] is hard to place, performance drops: "STAG_Clothing_Armband"
 7:30:06.795 [CE][LootRespawner] (PRIDummy) :: Item [174] is hard to place, performance drops: "STAG_Clothing_Armband"
 7:30:06.795 [CE][LootRespawner] (PRIDummy) :: Item [175] is hard to place, performance drops: "STAG_Clothing_Armband"
 7:30:06.795 [CE][LootRespawner] (PRIDummy) :: Item [176] is hard to place, performance drops: "STAG_Clothing_Armband"
 7:30:06.795 [CE][LootRespawner] (PRIDummy) :: Item [177] is hard to place, performance drops: "STAG_Clothing_Armband"
 7:30:06.795 [CE][LootRespawner] (PRIDummy) :: Item [178] is hard to place, performance drops: "STAG_Clothing_Armband"
 7:30:06.795 [CE][LootRespawner] (PRIDummy) :: Item [4] causing search overtime: "STAG_Clothing_Armband"
 7:30:06.894 [CE][LootRespawner] (PRIDummy) :: Item [179] is hard to place, performance drops: "SA_Loot_Chest_Yellow"
 7:30:06.894 [CE][LootRespawner] (PRIDummy) :: Item [180] is hard to place, performance drops: "SA_Loot_Chest_Yellow"
 7:30:06.894 [CE][LootRespawner] (PRIDummy) :: Item [181] is hard to place, performance drops: "SA_Loot_Chest_Yellow"
 7:30:06.894 [CE][LootRespawner] (PRIDummy) :: Item [182] is hard to place, performance drops: "SA_Loot_Chest_Yellow"
 7:30:06.894 [CE][LootRespawner] (PRIDummy) :: Item [183] is hard to place, performance drops: "SA_Loot_Chest_Yellow"
 7:30:06.894 [CE][LootRespawner] (PRIDummy) :: Item [184] is hard to place, performance drops: "SA_Loot_Chest_Yellow"
 7:30:06.895 [CE][LootRespawner] (PRIDummy) :: Item [185] is hard to place, performance drops: "SA_Loot_Chest_Yellow"
 7:30:06.895 [CE][LootRespawner] (PRIDummy) :: Item [186] is hard to place, performance drops: "SA_Loot_Chest_Yellow"
 7:30:06.895 [CE][LootRespawner] (PRIDummy) :: Item [5] causing search overtime: "SA_Loot_Chest_Yellow"
 7:30:06.994 [CE][LootRespawner] (PRIDummy) :: Item [187] is hard to place, performance drops: "Saiga"
 7:30:06.994 [CE][LootRespawner] (PRIDummy) :: Item [188] is hard to place, performance drops: "Saiga"
 7:30:06.994 [CE][LootRespawner] (PRIDummy) :: Item [189] is hard to place, performance drops: "Saiga"
 7:30:06.994 [CE][LootRespawner] (PRIDummy) :: Item [190] is hard to place, performance drops: "Saiga"
 7:30:06.994 [CE][LootRespawner] (PRIDummy) :: Item [191] is hard to place, performance drops: "Saiga"
 7:30:06.994 [CE][LootRespawner] (PRIDummy) :: Item [192] is hard to place, performance drops: "Saiga"
 7:30:06.994 [CE][LootRespawner] (PRIDummy) :: Item [193] is hard to place, performance drops: "Saiga"
 7:30:06.994 [CE][LootRespawner] (PRIDummy) :: Item [194] is hard to place, performance drops: "Saiga"
 7:30:06.994 [CE][LootRespawner] (PRIDummy) :: Item [6] causing search overtime: "Saiga"
 7:30:07.94 [CE][LootRespawner] (PRIDummy) :: Item [195] is hard to place, performance drops: "AmmoBox_762x39_20Rnd"
 7:30:07.94 [CE][LootRespawner] (PRIDummy) :: Item [196] is hard to place, performance drops: "AmmoBox_762x39_20Rnd"
 7:30:07.94 [CE][LootRespawner] (PRIDummy) :: Item [197] is hard to place, performance drops: "AmmoBox_762x39_20Rnd"
 7:30:07.94 [CE][LootRespawner] (PRIDummy) :: Item [198] is hard to place, performance drops: "AmmoBox_762x39_20Rnd"
 7:30:07.94 [CE][LootRespawner] (PRIDummy) :: Item [199] is hard to place, performance drops: "AmmoBox_762x39_20Rnd"
 7:30:07.94 [CE][LootRespawner] (PRIDummy) :: Item [200] is hard to place, performance drops: "AmmoBox_762x39_20Rnd"
 7:30:07.94 [CE][LootRespawner] (PRIDummy) :: Item [201] is hard to place, performance drops: "AmmoBox_762x39_20Rnd"
 7:30:07.94 [CE][LootRespawner] (PRIDummy) :: Item [202] is hard to place, performance drops: "AmmoBox_762x39_20Rnd"
 7:30:07.94 [CE][LootRespawner] (PRIDummy) :: Item [203] is hard to place, performance drops: "AmmoBox_762x39_20Rnd"
 7:30:07.94 [CE][LootRespawner] (PRIDummy) :: Item [7] causing search overtime: "AmmoBox_762x39_20Rnd"
 7:30:07.194 [CE][LootRespawner] (PRIDummy) :: Item [204] is hard to place, performance drops: "AmmoBox_545x39Tracer_20Rnd"
 7:30:07.194 [CE][LootRespawner] (PRIDummy) :: Item [205] is hard to place, performance drops: "AmmoBox_545x39Tracer_20Rnd"
 7:30:07.194 [CE][LootRespawner] (PRIDummy) :: Item [206] is hard to place, performance drops: "AmmoBox_545x39Tracer_20Rnd"
 7:30:07.194 [CE][LootRespawner] (PRIDummy) :: Item [207] is hard to place, performance drops: "AmmoBox_545x39Tracer_20Rnd"
 7:30:07.194 [CE][LootRespawner] (PRIDummy) :: Item [208] is hard to place, performance drops: "AmmoBox_545x39Tracer_20Rnd"
 7:30:07.194 [CE][LootRespawner] (PRIDummy) :: Item [209] is hard to place, performance drops: "AmmoBox_545x39Tracer_20Rnd"
 7:30:07.194 [CE][LootRespawner] (PRIDummy) :: Item [210] is hard to place, performance drops: "AmmoBox_545x39Tracer_20Rnd"
 7:30:07.194 [CE][LootRespawner] (PRIDummy) :: Item [211] is hard to place, performance drops: "AmmoBox_545x39Tracer_20Rnd"
 7:30:07.194 [CE][LootRespawner] (PRIDummy) :: Item [212] is hard to place, performance drops: "AmmoBox_545x39Tracer_20Rnd"
 7:30:07.194 [CE][LootRespawner] (PRIDummy) :: Item [8] causing search overtime: "AmmoBox_545x39Tracer_20Rnd"
 7:30:07.294 [CE][LootRespawner] (PRIDummy) :: Item [213] is hard to place, performance drops: "AmmoBox_556x45_20Rnd"
 7:30:07.294 [CE][LootRespawner] (PRIDummy) :: Item [214] is hard to place, performance drops: "AmmoBox_556x45_20Rnd"
 7:30:07.294 [CE][LootRespawner] (PRIDummy) :: Item [215] is hard to place, performance drops: "AmmoBox_556x45_20Rnd"
 7:30:07.294 [CE][LootRespawner] (PRIDummy) :: Item [216] is hard to place, performance drops: "AmmoBox_556x45_20Rnd"
 7:30:07.294 [CE][LootRespawner] (PRIDummy) :: Item [217] is hard to place, performance drops: "AmmoBox_556x45_20Rnd"
 7:30:07.294 [CE][LootRespawner] (PRIDummy) :: Item [218] is hard to place, performance drops: "AmmoBox_556x45_20Rnd"
 7:30:07.294 [CE][LootRespawner] (PRIDummy) :: Item [219] is hard to place, performance drops: "AmmoBox_556x45_20Rnd"
 7:30:07.294 [CE][LootRespawner] (PRIDummy) :: Item [220] is hard to place, performance drops: "AmmoBox_556x45_20Rnd"
 7:30:07.294 [CE][LootRespawner] (PRIDummy) :: Item [221] is hard to place, performance drops: "AmmoBox_556x45_20Rnd"
 7:30:07.294 [CE][LootRespawner] (PRIDummy) :: Item [9] causing search overtime: "AmmoBox_556x45_20Rnd"
 7:30:07.394 [CE][LootRespawner] (PRIDummy) :: Item [222] is hard to place, performance drops: "FAMAS"
 7:30:07.395 [CE][LootRespawner] (PRIDummy) :: Item [223] is hard to place, performance drops: "FAMAS"
 7:30:07.395 [CE][LootRespawner] (PRIDummy) :: Item [224] is hard to place, performance drops: "FAMAS"
 7:30:07.395 [CE][LootRespawner] (PRIDummy) :: Item [225] is hard to place, performance drops: "FAMAS"
 7:30:07.395 [CE][LootRespawner] (PRIDummy) :: Item [226] is hard to place, performance drops: "FAMAS"
 7:30:07.395 [CE][LootRespawner] (PRIDummy) :: Item [227] is hard to place, performance drops: "FAMAS"
 7:30:07.395 [CE][LootRespawner] (PRIDummy) :: Item [228] is hard to place, performance drops: "FAMAS"
 7:30:07.395 [CE][LootRespawner] (PRIDummy) :: Item [10] causing search overtime: "FAMAS"
 7:30:07.494 [CE][LootRespawner] (PRIDummy) :: Item [11] causing search overtime: "Mag_CZ550_10rnd"
 7:30:07.595 [CE][LootRespawner] (PRIDummy) :: Item [229] is hard to place, performance drops: "M18SmokeGrenade_Red"
 7:30:07.595 [CE][LootRespawner] (PRIDummy) :: Item [230] is hard to place, performance drops: "M18SmokeGrenade_Red"
 7:30:07.595 [CE][LootRespawner] (PRIDummy) :: Item [231] is hard to place, performance drops: "M18SmokeGrenade_Red"
 7:30:07.595 [CE][LootRespawner] (PRIDummy) :: Item [232] is hard to place, performance drops: "M18SmokeGrenade_Red"
 7:30:07.595 [CE][LootRespawner] (PRIDummy) :: Item [233] is hard to place, performance drops: "M18SmokeGrenade_Red"
 7:30:07.595 [CE][LootRespawner] (PRIDummy) :: Item [234] is hard to place, performance drops: "M18SmokeGrenade_Red"
 7:30:07.595 [CE][LootRespawner] (PRIDummy) :: Item [235] is hard to place, performance drops: "M18SmokeGrenade_Red"
 7:30:07.595 [CE][LootRespawner] (PRIDummy) :: Item [236] is hard to place, performance drops: "M18SmokeGrenade_Red"
 7:30:07.595 [CE][LootRespawner] (PRIDummy) :: Item [12] causing search overtime: "M18SmokeGrenade_Red"
 7:30:07.694 [CE][LootRespawner] (PRIDummy) :: Item [237] is hard to place, performance drops: "SA_Loot_Chest_Red"
 7:30:07.694 [CE][LootRespawner] (PRIDummy) :: Item [238] is hard to place, performance drops: "SA_Loot_Chest_Red"
 7:30:07.694 [CE][LootRespawner] (PRIDummy) :: Item [239] is hard to place, performance drops: "SA_Loot_Chest_Red"
 7:30:07.694 [CE][LootRespawner] (PRIDummy) :: Item [240] is hard to place, performance drops: "SA_Loot_Chest_Red"
 7:30:07.694 [CE][LootRespawner] (PRIDummy) :: Item [241] is hard to place, performance drops: "SA_Loot_Chest_Red"
 7:30:07.694 [CE][LootRespawner] (PRIDummy) :: Item [242] is hard to place, performance drops: "SA_Loot_Chest_Red"
 7:30:07.694 [CE][LootRespawner] (PRIDummy) :: Item [243] is hard to place, performance drops: "SA_Loot_Chest_Red"
 7:30:07.694 [CE][LootRespawner] (PRIDummy) :: Item [13] causing search overtime: "SA_Loot_Chest_Red"
 7:30:07.795 [CE][LootRespawner] (PRIDummy) :: Item [14] causing search overtime: "AmmoBox"
 7:30:07.895 [CE][LootRespawner] (PRIDummy) :: Item [244] is hard to place, performance drops: "STAG_Clothing_Boots"
 7:30:07.895 [CE][LootRespawner] (PRIDummy) :: Item [245] is hard to place, performance drops: "STAG_Clothing_Boots"
 7:30:07.895 [CE][LootRespawner] (PRIDummy) :: Item [246] is hard to place, performance drops: "STAG_Clothing_Boots"
 7:30:07.895 [CE][LootRespawner] (PRIDummy) :: Item [247] is hard to place, performance drops: "STAG_Clothing_Boots"
 7:30:07.895 [CE][LootRespawner] (PRIDummy) :: Item [248] is hard to place, performance drops: "STAG_Clothing_Boots"
 7:30:07.895 [CE][LootRespawner] (PRIDummy) :: Item [249] is hard to place, performance drops: "STAG_Clothing_Boots"
 7:30:07.895 [CE][LootRespawner] (PRIDummy) :: Item [250] is hard to place, performance drops: "STAG_Clothing_Boots"
 7:30:07.895 [CE][LootRespawner] (PRIDummy) :: Item [251] is hard to place, performance drops: "STAG_Clothing_Boots"
 7:30:07.895 [CE][LootRespawner] (PRIDummy) :: Item [252] is hard to place, performance drops: "STAG_Clothing_Boots"
 7:30:07.895 [CE][LootRespawner] (PRIDummy) :: Item [15] causing search overtime: "STAG_Clothing_Boots"
 7:30:07.995 [CE][LootRespawner] (PRIDummy) :: Item [253] is hard to place, performance drops: "AK74"
 7:30:07.995 [CE][LootRespawner] (PRIDummy) :: Item [254] is hard to place, performance drops: "AK74"
 7:30:07.995 [CE][LootRespawner] (PRIDummy) :: Item [255] is hard to place, performance drops: "AK74"
 7:30:07.995 [CE][LootRespawner] (PRIDummy) :: Item [256] is hard to place, performance drops: "AK74"
 7:30:07.995 [CE][LootRespawner] (PRIDummy) :: Item [257] is hard to place, performance drops: "AK74"
 7:30:07.996 [CE][LootRespawner] (PRIDummy) :: Item [258] is hard to place, performance drops: "AK74"
 7:30:07.996 [CE][LootRespawner] (PRIDummy) :: Item [259] is hard to place, performance drops: "AK74"
 7:30:07.996 [CE][LootRespawner] (PRIDummy) :: Item [260] is hard to place, performance drops: "AK74"
 7:30:07.996 [CE][LootRespawner] (PRIDummy) :: Item [16] causing search overtime: "AK74"
 7:30:08.94 [CE][LootRespawner] (PRIDummy) :: Item [261] is hard to place, performance drops: "Mag_CMAG_30Rnd"
 7:30:08.94 [CE][LootRespawner] (PRIDummy) :: Item [262] is hard to place, performance drops: "Mag_CMAG_30Rnd"
 7:30:08.94 [CE][LootRespawner] (PRIDummy) :: Item [263] is hard to place, performance drops: "Mag_CMAG_30Rnd"
 7:30:08.94 [CE][LootRespawner] (PRIDummy) :: Item [264] is hard to place, performance drops: "Mag_CMAG_30Rnd"
 7:30:08.94 [CE][LootRespawner] (PRIDummy) :: Item [265] is hard to place, performance drops: "Mag_CMAG_30Rnd"
 7:30:08.94 [CE][LootRespawner] (PRIDummy) :: Item [266] is hard to place, performance drops: "Mag_CMAG_30Rnd"
 7:30:08.94 [CE][LootRespawner] (PRIDummy) :: Item [267] is hard to place, performance drops: "Mag_CMAG_30Rnd"
 7:30:08.94 [CE][LootRespawner] (PRIDummy) :: Item [268] is hard to place, performance drops: "Mag_CMAG_30Rnd"
 7:30:08.94 [CE][LootRespawner] (PRIDummy) :: Item [269] is hard to place, performance drops: "Mag_CMAG_30Rnd"
 7:30:08.94 [CE][LootRespawner] (PRIDummy) :: Item [17] causing search overtime: "Mag_CMAG_30Rnd"
 7:30:08.194 [CE][LootRespawner] (PRIDummy) :: Item [270] is hard to place, performance drops: "SmershVest"
 7:30:08.194 [CE][LootRespawner] (PRIDummy) :: Item [271] is hard to place, performance drops: "SmershVest"
 7:30:08.194 [CE][LootRespawner] (PRIDummy) :: Item [272] is hard to place, performance drops: "SmershVest"
 7:30:08.194 [CE][LootRespawner] (PRIDummy) :: Item [273] is hard to place, performance drops: "SmershVest"
 7:30:08.194 [CE][LootRespawner] (PRIDummy) :: Item [274] is hard to place, performance drops: "SmershVest"
 7:30:08.194 [CE][LootRespawner] (PRIDummy) :: Item [275] is hard to place, performance drops: "SmershVest"
 7:30:08.194 [CE][LootRespawner] (PRIDummy) :: Item [276] is hard to place, performance drops: "SmershVest"
 7:30:08.194 [CE][LootRespawner] (PRIDummy) :: Item [277] is hard to place, performance drops: "SmershVest"
 7:30:08.194 [CE][LootRespawner] (PRIDummy) :: Item [278] is hard to place, performance drops: "SmershVest"
 7:30:08.194 [CE][LootRespawner] (PRIDummy) :: Item [279] is hard to place, performance drops: "SmershVest"
 7:30:08.194 [CE][LootRespawner] (PRIDummy) :: Item [280] is hard to place, performance drops: "SmershVest"
 7:30:08.194 [CE][LootRespawner] (PRIDummy) :: Item [281] is hard to place, performance drops: "SmershVest"
 7:30:08.194 [CE][LootRespawner] (PRIDummy) :: Item [282] is hard to place, performance drops: "SmershVest"
 7:30:08.194 [CE][LootRespawner] (PRIDummy) :: Item [283] is hard to place, performance drops: "SmershVest"
 7:30:08.194 [CE][LootRespawner] (PRIDummy) :: Item [284] is hard to place, performance drops: "SmershVest"
 7:30:08.194 [CE][LootRespawner] (PRIDummy) :: Item [285] is hard to place, performance drops: "SmershVest"
 7:30:08.194 [CE][LootRespawner] (PRIDummy) :: Item [286] is hard to place, performance drops: "SmershVest"
 7:30:08.194 [CE][LootRespawner] (PRIDummy) :: Item [287] is hard to place, performance drops: "SmershVest"
 7:30:08.194 [CE][LootRespawner] (PRIDummy) :: Item [288] is hard to place, performance drops: "SmershVest"
 7:30:08.194 [CE][LootRespawner] (PRIDummy) :: Item [289] is hard to place, performance drops: "SmershVest"
 7:30:08.194 [CE][LootRespawner] (PRIDummy) :: Item [290] is hard to place, performance drops: "SmershVest"
 7:30:08.194 [CE][LootRespawner] (PRIDummy) :: Item [291] is hard to place, performance drops: "SmershVest"
 7:30:08.194 [CE][LootRespawner] (PRIDummy) :: Item [292] is hard to place, performance drops: "SmershVest"
 7:30:08.194 [CE][LootRespawner] (PRIDummy) :: Item [293] is hard to place, performance drops: "SmershVest"
 7:30:08.194 [CE][LootRespawner] (PRIDummy) :: Item [294] is hard to place, performance drops: "SmershVest"
 7:30:08.194 [CE][LootRespawner] (PRIDummy) :: Item [295] is hard to place, performance drops: "SmershVest"
 7:30:08.194 [CE][LootRespawner] (PRIDummy) :: Item [296] is hard to place, performance drops: "SmershVest"
 7:30:08.194 [CE][LootRespawner] (PRIDummy) :: Item [297] is hard to place, performance drops: "SmershVest"
 7:30:08.194 [CE][LootRespawner] (PRIDummy) :: Item [298] is hard to place, performance drops: "SmershVest"
 7:30:08.194 [CE][LootRespawner] (PRIDummy) :: Item [299] is hard to place, performance drops: "SmershVest"
 7:30:08.194 [CE][LootRespawner] (PRIDummy) :: Item [300] is hard to place, performance drops: "SmershVest"
 7:30:08.194 [CE][LootRespawner] (PRIDummy) :: Item [301] is hard to place, performance drops: "SmershVest"
 7:30:08.194 [CE][LootRespawner] (PRIDummy) :: Item [302] is hard to place, performance drops: "SmershVest"
 7:30:08.194 [CE][LootRespawner] (PRIDummy) :: Item [303] is hard to place, performance drops: "SmershVest"
 7:30:08.194 [CE][LootRespawner] (PRIDummy) :: Item [304] is hard to place, performance drops: "SmershVest"
 7:30:08.194 [CE][LootRespawner] (PRIDummy) :: Item [18] causing search overtime: "SmershVest"
 7:30:08.295 [CE][LootRespawner] (PRIDummy) :: Item [305] is hard to place, performance drops: "Mag_STANAG_30Rnd"
 7:30:08.295 [CE][LootRespawner] (PRIDummy) :: Item [306] is hard to place, performance drops: "Mag_STANAG_30Rnd"
 7:30:08.295 [CE][LootRespawner] (PRIDummy) :: Item [307] is hard to place, performance drops: "Mag_STANAG_30Rnd"
 7:30:08.295 [CE][LootRespawner] (PRIDummy) :: Item [308] is hard to place, performance drops: "Mag_STANAG_30Rnd"
 7:30:08.295 [CE][LootRespawner] (PRIDummy) :: Item [309] is hard to place, performance drops: "Mag_STANAG_30Rnd"
 7:30:08.295 [CE][LootRespawner] (PRIDummy) :: Item [310] is hard to place, performance drops: "Mag_STANAG_30Rnd"
 7:30:08.295 [CE][LootRespawner] (PRIDummy) :: Item [311] is hard to place, performance drops: "Mag_STANAG_30Rnd"
 7:30:08.295 [CE][LootRespawner] (PRIDummy) :: Item [312] is hard to place, performance drops: "Mag_STANAG_30Rnd"
 7:30:08.295 [CE][LootRespawner] (PRIDummy) :: Item [313] is hard to place, performance drops: "Mag_STANAG_30Rnd"
 7:30:08.295 [CE][LootRespawner] (PRIDummy) :: Item [19] causing search overtime: "Mag_STANAG_30Rnd"
 7:30:33.757 [CE][LootRespawner] (PRIDummy) :: Item [314] is hard to place, performance drops: "Mag_STANAG_30Rnd"
 7:30:33.757 [CE][LootRespawner] (PRIDummy) :: Item [315] is hard to place, performance drops: "Mag_STANAG_30Rnd"
 7:30:33.757 [CE][LootRespawner] (PRIDummy) :: Item [316] is hard to place, performance drops: "Mag_STANAG_30Rnd"
 7:30:33.757 [CE][LootRespawner] (PRIDummy) :: Item [317] is hard to place, performance drops: "Mag_STANAG_30Rnd"
 7:30:33.757 [CE][LootRespawner] (PRIDummy) :: Item [318] is hard to place, performance drops: "Mag_STANAG_30Rnd"
 7:30:33.757 [CE][LootRespawner] (PRIDummy) :: Item [319] is hard to place, performance drops: "Mag_STANAG_30Rnd"
 7:30:33.757 [CE][LootRespawner] (PRIDummy) :: Item [320] is hard to place, performance drops: "Mag_STANAG_30Rnd"
 7:30:33.757 [CE][LootRespawner] (PRIDummy) :: Item [321] is hard to place, performance drops: "Mag_STANAG_30Rnd"
 7:30:33.757 [CE][LootRespawner] (PRIDummy) :: Item [322] is hard to place, performance drops: "Mag_STANAG_30Rnd"
 7:30:33.757 [CE][LootRespawner] (PRIDummy) :: Item [20] causing search overtime: "Mag_STANAG_30Rnd"
 7:30:33.857 [CE][LootRespawner] (PRIDummy) :: Item [323] is hard to place, performance drops: "SV98"
 7:30:33.857 [CE][LootRespawner] (PRIDummy) :: Item [324] is hard to place, performance drops: "SV98"
 7:30:33.857 [CE][LootRespawner] (PRIDummy) :: Item [325] is hard to place, performance drops: "SV98"
 7:30:33.857 [CE][LootRespawner] (PRIDummy) :: Item [326] is hard to place, performance drops: "SV98"
 7:30:33.857 [CE][LootRespawner] (PRIDummy) :: Item [327] is hard to place, performance drops: "SV98"
 7:30:33.857 [CE][LootRespawner] (PRIDummy) :: Item [328] is hard to place, performance drops: "SV98"
 7:30:33.857 [CE][LootRespawner] (PRIDummy) :: Item [329] is hard to place, performance drops: "SV98"
 7:30:33.857 [CE][LootRespawner] (PRIDummy) :: Item [330] is hard to place, performance drops: "SV98"
 7:30:33.857 [CE][LootRespawner] (PRIDummy) :: Item [21] causing search overtime: "SV98"
 7:30:33.957 [CE][LootRespawner] (PRIDummy) :: Item [331] is hard to place, performance drops: "Mag_Vikhr_30Rnd"
 7:30:33.957 [CE][LootRespawner] (PRIDummy) :: Item [332] is hard to place, performance drops: "Mag_Vikhr_30Rnd"
 7:30:33.957 [CE][LootRespawner] (PRIDummy) :: Item [333] is hard to place, performance drops: "Mag_Vikhr_30Rnd"
 7:30:33.957 [CE][LootRespawner] (PRIDummy) :: Item [334] is hard to place, performance drops: "Mag_Vikhr_30Rnd"
 7:30:33.957 [CE][LootRespawner] (PRIDummy) :: Item [335] is hard to place, performance drops: "Mag_Vikhr_30Rnd"
 7:30:33.957 [CE][LootRespawner] (PRIDummy) :: Item [336] is hard to place, performance drops: "Mag_Vikhr_30Rnd"
 7:30:33.957 [CE][LootRespawner] (PRIDummy) :: Item [337] is hard to place, performance drops: "Mag_Vikhr_30Rnd"
 7:30:33.957 [CE][LootRespawner] (PRIDummy) :: Item [338] is hard to place, performance drops: "Mag_Vikhr_30Rnd"
 7:30:33.957 [CE][LootRespawner] (PRIDummy) :: Item [339] is hard to place, performance drops: "Mag_Vikhr_30Rnd"
 7:30:33.957 [CE][LootRespawner] (PRIDummy) :: Item [22] causing search overtime: "Mag_Vikhr_30Rnd"
 7:30:34.57 [CE][LootRespawner] (PRIDummy) :: Item [340] is hard to place, performance drops: "STAG_Clothing_M65_Jacket"
 7:30:34.57 [CE][LootRespawner] (PRIDummy) :: Item [341] is hard to place, performance drops: "STAG_Clothing_M65_Jacket"
 7:30:34.57 [CE][LootRespawner] (PRIDummy) :: Item [342] is hard to place, performance drops: "STAG_Clothing_M65_Jacket"
 7:30:34.57 [CE][LootRespawner] (PRIDummy) :: Item [343] is hard to place, performance drops: "STAG_Clothing_M65_Jacket"
 7:30:34.57 [CE][LootRespawner] (PRIDummy) :: Item [344] is hard to place, performance drops: "STAG_Clothing_M65_Jacket"
 7:30:34.57 [CE][LootRespawner] (PRIDummy) :: Item [345] is hard to place, performance drops: "STAG_Clothing_M65_Jacket"
 7:30:34.57 [CE][LootRespawner] (PRIDummy) :: Item [346] is hard to place, performance drops: "STAG_Clothing_M65_Jacket"
 7:30:34.57 [CE][LootRespawner] (PRIDummy) :: Item [347] is hard to place, performance drops: "STAG_Clothing_M65_Jacket"
 7:30:34.57 [CE][LootRespawner] (PRIDummy) :: Item [23] causing search overtime: "STAG_Clothing_M65_Jacket"
 7:30:34.157 [CE][LootRespawner] (PRIDummy) :: Item [348] is hard to place, performance drops: "GhillieHood_Mossy"
 7:30:34.157 [CE][LootRespawner] (PRIDummy) :: Item [349] is hard to place, performance drops: "GhillieHood_Mossy"
 7:30:34.157 [CE][LootRespawner] (PRIDummy) :: Item [350] is hard to place, performance drops: "GhillieHood_Mossy"
 7:30:34.157 [CE][LootRespawner] (PRIDummy) :: Item [351] is hard to place, performance drops: "GhillieHood_Mossy"
 7:30:34.157 [CE][LootRespawner] (PRIDummy) :: Item [352] is hard to place, performance drops: "GhillieHood_Mossy"
 7:30:34.157 [CE][LootRespawner] (PRIDummy) :: Item [353] is hard to place, performance drops: "GhillieHood_Mossy"
 7:30:34.157 [CE][LootRespawner] (PRIDummy) :: Item [354] is hard to place, performance drops: "GhillieHood_Mossy"
 7:30:34.157 [CE][LootRespawner] (PRIDummy) :: Item [355] is hard to place, performance drops: "GhillieHood_Mossy"
 7:30:34.157 [CE][LootRespawner] (PRIDummy) :: Item [356] is hard to place, performance drops: "GhillieHood_Mossy"
 7:30:34.157 [CE][LootRespawner] (PRIDummy) :: Item [357] is hard to place, performance drops: "GhillieHood_Mossy"
 7:30:34.157 [CE][LootRespawner] (PRIDummy) :: Item [358] is hard to place, performance drops: "GhillieHood_Mossy"
 7:30:34.157 [CE][LootRespawner] (PRIDummy) :: Item [359] is hard to place, performance drops: "GhillieHood_Mossy"
 7:30:34.157 [CE][LootRespawner] (PRIDummy) :: Item [360] is hard to place, performance drops: "GhillieHood_Mossy"
 7:30:34.157 [CE][LootRespawner] (PRIDummy) :: Item [361] is hard to place, performance drops: "GhillieHood_Mossy"
 7:30:34.157 [CE][LootRespawner] (PRIDummy) :: Item [362] is hard to place, performance drops: "GhillieHood_Mossy"
 7:30:34.157 [CE][LootRespawner] (PRIDummy) :: Item [363] is hard to place, performance drops: "GhillieHood_Mossy"
 7:30:34.157 [CE][LootRespawner] (PRIDummy) :: Item [364] is hard to place, performance drops: "GhillieHood_Mossy"
 7:30:34.157 [CE][LootRespawner] (PRIDummy) :: Item [365] is hard to place, performance drops: "GhillieHood_Mossy"
 7:30:34.157 [CE][LootRespawner] (PRIDummy) :: Item [366] is hard to place, performance drops: "GhillieHood_Mossy"
 7:30:34.157 [CE][LootRespawner] (PRIDummy) :: Item [367] is hard to place, performance drops: "GhillieHood_Mossy"
 7:30:34.157 [CE][LootRespawner] (PRIDummy) :: Item [368] is hard to place, performance drops: "GhillieHood_Mossy"
 7:30:34.157 [CE][LootRespawner] (PRIDummy) :: Item [369] is hard to place, performance drops: "GhillieHood_Mossy"
 7:30:34.157 [CE][LootRespawner] (PRIDummy) :: Item [370] is hard to place, performance drops: "GhillieHood_Mossy"
 7:30:34.157 [CE][LootRespawner] (PRIDummy) :: Item [371] is hard to place, performance drops: "GhillieHood_Mossy"
 7:30:34.157 [CE][LootRespawner] (PRIDummy) :: Item [372] is hard to place, performance drops: "GhillieHood_Mossy"
 7:30:34.157 [CE][LootRespawner] (PRIDummy) :: Item [373] is hard to place, performance drops: "GhillieHood_Mossy"
 7:30:34.157 [CE][LootRespawner] (PRIDummy) :: Item [374] is hard to place, performance drops: "GhillieHood_Mossy"
 7:30:34.157 [CE][LootRespawner] (PRIDummy) :: Item [375] is hard to place, performance drops: "GhillieHood_Mossy"
 7:30:34.157 [CE][LootRespawner] (PRIDummy) :: Item [376] is hard to place, performance drops: "GhillieHood_Mossy"
 7:30:34.157 [CE][LootRespawner] (PRIDummy) :: Item [377] is hard to place, performance drops: "GhillieHood_Mossy"
 7:30:34.157 [CE][LootRespawner] (PRIDummy) :: Item [378] is hard to place, performance drops: "GhillieHood_Mossy"
 7:30:34.157 [CE][LootRespawner] (PRIDummy) :: Item [379] is hard to place, performance drops: "GhillieHood_Mossy"
 7:30:34.157 [CE][LootRespawner] (PRIDummy) :: Item [380] is hard to place, performance drops: "GhillieHood_Mossy"
 7:30:34.157 [CE][LootRespawner] (PRIDummy) :: Item [381] is hard to place, performance drops: "GhillieHood_Mossy"
 7:30:34.157 [CE][LootRespawner] (PRIDummy) :: Item [382] is hard to place, performance drops: "GhillieHood_Mossy"
 7:30:34.157 [CE][LootRespawner] (PRIDummy) :: Item [24] causing search overtime: "GhillieHood_Mossy"
 7:30:34.257 [CE][LootRespawner] (PRIDummy) :: Item [383] is hard to place, performance drops: "CZ550"
 7:30:34.257 [CE][LootRespawner] (PRIDummy) :: Item [384] is hard to place, performance drops: "CZ550"
 7:30:34.257 [CE][LootRespawner] (PRIDummy) :: Item [385] is hard to place, performance drops: "CZ550"
 7:30:34.257 [CE][LootRespawner] (PRIDummy) :: Item [386] is hard to place, performance drops: "CZ550"
 7:30:34.257 [CE][LootRespawner] (PRIDummy) :: Item [387] is hard to place, performance drops: "CZ550"
 7:30:34.257 [CE][LootRespawner] (PRIDummy) :: Item [388] is hard to place, performance drops: "CZ550"
 7:30:34.257 [CE][LootRespawner] (PRIDummy) :: Item [389] is hard to place, performance drops: "CZ550"
 7:30:34.257 [CE][LootRespawner] (PRIDummy) :: Item [25] causing search overtime: "CZ550"
 7:30:34.357 [CE][LootRespawner] (PRIDummy) :: Item [390] is hard to place, performance drops: "Mag_AKM_Drum75Rnd"
 7:30:34.357 [CE][LootRespawner] (PRIDummy) :: Item [391] is hard to place, performance drops: "Mag_AKM_Drum75Rnd"
 7:30:34.357 [CE][LootRespawner] (PRIDummy) :: Item [392] is hard to place, performance drops: "Mag_AKM_Drum75Rnd"
 7:30:34.357 [CE][LootRespawner] (PRIDummy) :: Item [393] is hard to place, performance drops: "Mag_AKM_Drum75Rnd"
 7:30:34.357 [CE][LootRespawner] (PRIDummy) :: Item [394] is hard to place, performance drops: "Mag_AKM_Drum75Rnd"
 7:30:34.357 [CE][LootRespawner] (PRIDummy) :: Item [395] is hard to place, performance drops: "Mag_AKM_Drum75Rnd"
 7:30:34.357 [CE][LootRespawner] (PRIDummy) :: Item [396] is hard to place, performance drops: "Mag_AKM_Drum75Rnd"
 7:30:34.357 [CE][LootRespawner] (PRIDummy) :: Item [397] is hard to place, performance drops: "Mag_AKM_Drum75Rnd"
 7:30:34.357 [CE][LootRespawner] (PRIDummy) :: Item [26] causing search overtime: "Mag_AKM_Drum75Rnd"
 7:30:34.457 [CE][LootRespawner] (PRIDummy) :: Item [398] is hard to place, performance drops: "ArmyPouch_Camo"
 7:30:34.457 [CE][LootRespawner] (PRIDummy) :: Item [399] is hard to place, performance drops: "ArmyPouch_Camo"
 7:30:34.457 [CE][LootRespawner] (PRIDummy) :: Item [400] is hard to place, performance drops: "ArmyPouch_Camo"
 7:30:34.457 [CE][LootRespawner] (PRIDummy) :: Item [401] is hard to place, performance drops: "ArmyPouch_Camo"
 7:30:34.457 [CE][LootRespawner] (PRIDummy) :: Item [402] is hard to place, performance drops: "ArmyPouch_Camo"
 7:30:34.457 [CE][LootRespawner] (PRIDummy) :: Item [403] is hard to place, performance drops: "ArmyPouch_Camo"
 7:30:34.457 [CE][LootRespawner] (PRIDummy) :: Item [404] is hard to place, performance drops: "ArmyPouch_Camo"
 7:30:34.457 [CE][LootRespawner] (PRIDummy) :: Item [405] is hard to place, performance drops: "ArmyPouch_Camo"
 7:30:34.457 [CE][LootRespawner] (PRIDummy) :: Item [406] is hard to place, performance drops: "ArmyPouch_Camo"
 7:30:34.457 [CE][LootRespawner] (PRIDummy) :: Item [407] is hard to place, performance drops: "ArmyPouch_Camo"
 7:30:34.457 [CE][LootRespawner] (PRIDummy) :: Item [408] is hard to place, performance drops: "ArmyPouch_Camo"
 7:30:34.457 [CE][LootRespawner] (PRIDummy) :: Item [409] is hard to place, performance drops: "ArmyPouch_Camo"
 7:30:34.457 [CE][LootRespawner] (PRIDummy) :: Item [410] is hard to place, performance drops: "ArmyPouch_Camo"
 7:30:34.457 [CE][LootRespawner] (PRIDummy) :: Item [27] causing search overtime: "ArmyPouch_Camo"
 7:30:34.577 [CE][LootRespawner] (PRIDummy) :: Item [411] is hard to place, performance drops: "USMCPants_Desert"
 7:30:34.577 [CE][LootRespawner] (PRIDummy) :: Item [412] is hard to place, performance drops: "USMCPants_Desert"
 7:30:34.577 [CE][LootRespawner] (PRIDummy) :: Item [413] is hard to place, performance drops: "USMCPants_Desert"
 7:30:34.577 [CE][LootRespawner] (PRIDummy) :: Item [414] is hard to place, performance drops: "USMCPants_Desert"
 7:30:34.577 [CE][LootRespawner] (PRIDummy) :: Item [415] is hard to place, performance drops: "USMCPants_Desert"
 7:30:34.577 [CE][LootRespawner] (PRIDummy) :: Item [416] is hard to place, performance drops: "USMCPants_Desert"
 7:30:34.577 [CE][LootRespawner] (PRIDummy) :: Item [417] is hard to place, performance drops: "USMCPants_Desert"
 7:30:34.577 [CE][LootRespawner] (PRIDummy) :: Item [418] is hard to place, performance drops: "USMCPants_Desert"
 7:30:34.577 [CE][LootRespawner] (PRIDummy) :: Item [419] is hard to place, performance drops: "USMCPants_Desert"
 7:30:34.577 [CE][LootRespawner] (PRIDummy) :: Item [420] is hard to place, performance drops: "USMCPants_Desert"
 7:30:34.577 [CE][LootRespawner] (PRIDummy) :: Item [421] is hard to place, performance drops: "USMCPants_Desert"
 7:30:34.577 [CE][LootRespawner] (PRIDummy) :: Item [422] is hard to place, performance drops: "USMCPants_Desert"
 7:30:34.577 [CE][LootRespawner] (PRIDummy) :: Item [423] is hard to place, performance drops: "USMCPants_Desert"
 7:30:34.577 [CE][LootRespawner] (PRIDummy) :: Item [424] is hard to place, performance drops: "USMCPants_Desert"
 7:30:34.577 [CE][LootRespawner] (PRIDummy) :: Item [425] is hard to place, performance drops: "USMCPants_Desert"
 7:30:34.577 [CE][LootRespawner] (PRIDummy) :: Item [426] is hard to place, performance drops: "USMCPants_Desert"
 7:30:34.577 [CE][LootRespawner] (PRIDummy) :: Item [427] is hard to place, performance drops: "USMCPants_Desert"
 7:30:34.577 [CE][LootRespawner] (PRIDummy) :: Item [428] is hard to place, performance drops: "USMCPants_Desert"
 7:30:34.577 [CE][LootRespawner] (PRIDummy) :: Item [429] is hard to place, performance drops: "USMCPants_Desert"
 7:30:34.577 [CE][LootRespawner] (PRIDummy) :: Item [430] is hard to place, performance drops: "USMCPants_Desert"
 7:30:34.577 [CE][LootRespawner] (PRIDummy) :: Item [431] is hard to place, performance drops: "USMCPants_Desert"
 7:30:34.577 [CE][LootRespawner] (PRIDummy) :: Item [432] is hard to place, performance drops: "USMCPants_Desert"
 7:30:34.577 [CE][LootRespawner] (PRIDummy) :: Item [433] is hard to place, performance drops: "USMCPants_Desert"
 7:30:34.577 [CE][LootRespawner] (PRIDummy) :: Item [434] is hard to place, performance drops: "USMCPants_Desert"
 7:30:34.577 [CE][LootRespawner] (PRIDummy) :: Item [435] is hard to place, performance drops: "USMCPants_Desert"
 7:30:34.577 [CE][LootRespawner] (PRIDummy) :: Item [436] is hard to place, performance drops: "USMCPants_Desert"
 7:30:34.577 [CE][LootRespawner] (PRIDummy) :: Item [437] is hard to place, performance drops: "USMCPants_Desert"
 7:30:34.577 [CE][LootRespawner] (PRIDummy) :: Item [438] is hard to place, performance drops: "USMCPants_Desert"
 7:30:34.577 [CE][LootRespawner] (PRIDummy) :: Item [439] is hard to place, performance drops: "USMCPants_Desert"
 7:30:34.577 [CE][LootRespawner] (PRIDummy) :: Item [440] is hard to place, performance drops: "USMCPants_Desert"
 7:30:34.577 [CE][LootRespawner] (PRIDummy) :: Item [441] is hard to place, performance drops: "USMCPants_Desert"
 7:30:34.577 [CE][LootRespawner] (PRIDummy) :: Item [442] is hard to place, performance drops: "USMCPants_Desert"
 7:30:34.577 [CE][LootRespawner] (PRIDummy) :: Item [443] is hard to place, performance drops: "USMCPants_Desert"
 7:30:34.577 [CE][LootRespawner] (PRIDummy) :: Item [444] is hard to place, performance drops: "USMCPants_Desert"
 7:30:34.577 [CE][LootRespawner] (PRIDummy) :: Item [445] is hard to place, performance drops: "USMCPants_Desert"
 7:30:34.577 [CE][LootRespawner] (PRIDummy) :: Item [446] is hard to place, performance drops: "USMCPants_Desert"
 7:30:34.577 [CE][LootRespawner] (PRIDummy) :: Item [447] is hard to place, performance drops: "USMCPants_Desert"
 7:30:34.577 [CE][LootRespawner] (PRIDummy) :: Item [448] is hard to place, performance drops: "USMCPants_Desert"
 7:30:34.577 [CE][LootRespawner] (PRIDummy) :: Item [449] is hard to place, performance drops: "USMCPants_Desert"
 7:30:34.577 [CE][LootRespawner] (PRIDummy) :: Item [450] is hard to place, performance drops: "USMCPants_Desert"
 7:30:34.577 [CE][LootRespawner] (PRIDummy) :: Item [451] is hard to place, performance drops: "USMCPants_Desert"
 7:30:34.577 [CE][LootRespawner] (PRIDummy) :: Item [452] is hard to place, performance drops: "USMCPants_Desert"
 7:30:34.577 [CE][LootRespawner] (PRIDummy) :: Item [453] is hard to place, performance drops: "USMCPants_Desert"
 7:30:34.577 [CE][LootRespawner] (PRIDummy) :: Item [454] is hard to place, performance drops: "USMCPants_Desert"
 7:30:34.577 [CE][LootRespawner] (PRIDummy) :: Item [455] is hard to place, performance drops: "USMCPants_Desert"
 7:30:34.577 [CE][LootRespawner] (PRIDummy) :: Item [456] is hard to place, performance drops: "USMCPants_Desert"
 7:30:34.577 [CE][LootRespawner] (PRIDummy) :: Item [457] is hard to place, performance drops: "USMCPants_Desert"
 7:30:34.577 [CE][LootRespawner] (PRIDummy) :: Item [458] is hard to place, performance drops: "USMCPants_Desert"
 7:30:34.577 [CE][LootRespawner] (PRIDummy) :: Item [459] is hard to place, performance drops: "USMCPants_Desert"
 7:30:34.577 [CE][LootRespawner] (PRIDummy) :: Item [460] is hard to place, performance drops: "USMCPants_Desert"
 7:30:34.577 [CE][LootRespawner] (PRIDummy) :: Item [461] is hard to place, performance drops: "USMCPants_Desert"
 7:30:34.577 [CE][LootRespawner] (PRIDummy) :: Item [462] is hard to place, performance drops: "USMCPants_Desert"
 7:30:34.577 [CE][LootRespawner] (PRIDummy) :: Item [463] is hard to place, performance drops: "USMCPants_Desert"
 7:30:34.577 [CE][LootRespawner] (PRIDummy) :: Item [464] is hard to place, performance drops: "USMCPants_Desert"
 7:30:34.577 [CE][LootRespawner] (PRIDummy) :: Item [465] is hard to place, performance drops: "USMCPants_Desert"
 7:30:34.577 [CE][LootRespawner] (PRIDummy) :: Item [466] is hard to place, performance drops: "USMCPants_Desert"
 7:30:34.577 [CE][LootRespawner] (PRIDummy) :: Item [467] is hard to place, performance drops: "USMCPants_Desert"
 7:30:34.577 [CE][LootRespawner] (PRIDummy) :: Item [468] is hard to place, performance drops: "USMCPants_Desert"
 7:30:34.577 [CE][LootRespawner] (PRIDummy) :: Item [469] is hard to place, performance drops: "USMCPants_Desert"
 7:30:34.577 [CE][LootRespawner] (PRIDummy) :: Item [470] is hard to place, performance drops: "USMCPants_Desert"
 7:30:34.577 [CE][LootRespawner] (PRIDummy) :: Item [471] is hard to place, performance drops: "USMCPants_Desert"
 7:30:34.577 [CE][LootRespawner] (PRIDummy) :: Item [472] is hard to place, performance drops: "USMCPants_Desert"
 7:30:34.577 [CE][LootRespawner] (PRIDummy) :: Item [473] is hard to place, performance drops: "USMCPants_Desert"
 7:30:34.577 [CE][LootRespawner] (PRIDummy) :: Item [474] is hard to place, performance drops: "USMCPants_Desert"
 7:30:34.577 [CE][LootRespawner] (PRIDummy) :: Item [475] is hard to place, performance drops: "USMCPants_Desert"
 7:30:34.577 [CE][LootRespawner] (PRIDummy) :: Item [476] is hard to place, performance drops: "USMCPants_Desert"
 7:30:34.577 [CE][LootRespawner] (PRIDummy) :: Item [477] is hard to place, performance drops: "USMCPants_Desert"
 7:30:34.577 [CE][LootRespawner] (PRIDummy) :: Item [478] is hard to place, performance drops: "USMCPants_Desert"
 7:30:34.577 [CE][LootRespawner] (PRIDummy) :: Item [479] is hard to place, performance drops: "USMCPants_Desert"
 7:30:34.577 [CE][LootRespawner] (PRIDummy) :: Item [480] is hard to place, performance drops: "USMCPants_Desert"
 7:30:34.577 [CE][LootRespawner] (PRIDummy) :: Item [481] is hard to place, performance drops: "USMCPants_Desert"
 7:30:34.577 [CE][LootRespawner] (PRIDummy) :: Item [482] is hard to place, performance drops: "USMCPants_Desert"
 7:30:34.577 [CE][LootRespawner] (PRIDummy) :: Item [483] is hard to place, performance drops: "USMCPants_Desert"
 7:30:34.577 [CE][LootRespawner] (PRIDummy) :: Item [484] is hard to place, performance drops: "USMCPants_Desert"
 7:30:34.577 [CE][LootRespawner] (PRIDummy) :: Item [485] is hard to place, performance drops: "USMCPants_Desert"
 7:30:34.577 [CE][LootRespawner] (PRIDummy) :: Item [486] is hard to place, performance drops: "USMCPants_Desert"
 7:30:34.577 [CE][LootRespawner] (PRIDummy) :: Item [487] is hard to place, performance drops: "USMCPants_Desert"
 7:30:34.577 [CE][LootRespawner] (PRIDummy) :: Item [488] is hard to place, performance drops: "USMCPants_Desert"
 7:30:34.577 [CE][LootRespawner] (PRIDummy) :: Item [489] is hard to place, performance drops: "USMCPants_Desert"
 7:30:34.577 [CE][LootRespawner] (PRIDummy) :: Item [490] is hard to place, performance drops: "USMCPants_Desert"
 7:30:34.577 [CE][LootRespawner] (PRIDummy) :: Item [491] is hard to place, performance drops: "USMCPants_Desert"
 7:30:34.577 [CE][LootRespawner] (PRIDummy) :: Item [492] is hard to place, performance drops: "USMCPants_Desert"
 7:30:34.577 [CE][LootRespawner] (PRIDummy) :: Item [493] is hard to place, performance drops: "USMCPants_Desert"
 7:30:34.577 [CE][LootRespawner] (PRIDummy) :: Item [494] is hard to place, performance drops: "USMCPants_Desert"
 7:30:34.577 [CE][LootRespawner] (PRIDummy) :: Item [495] is hard to place, performance drops: "USMCPants_Desert"
 7:30:34.577 [CE][LootRespawner] (PRIDummy) :: Item [496] is hard to place, performance drops: "USMCPants_Desert"
 7:30:34.577 [CE][LootRespawner] (PRIDummy) :: Item [497] is hard to place, performance drops: "USMCPants_Desert"
 7:30:34.577 [CE][LootRespawner] (PRIDummy) :: Item [498] is hard to place, performance drops: "USMCPants_Desert"
 7:30:34.577 [CE][LootRespawner] (PRIDummy) :: Item [499] is hard to place, performance drops: "USMCPants_Desert"
 7:30:34.577 [CE][LootRespawner] (PRIDummy) :: Item [28] causing search overtime: "USMCPants_Desert"
 7:30:34.674 [CE][LootRespawner] (PRIDummy) :: Item [500] is hard to place, performance drops: "Mag_AKM_30Rnd"
 7:30:34.674 [CE][LootRespawner] (PRIDummy) :: Item [501] is hard to place, performance drops: "Mag_AKM_30Rnd"
 7:30:34.674 [CE][LootRespawner] (PRIDummy) :: Item [502] is hard to place, performance drops: "Mag_AKM_30Rnd"
 7:30:34.674 [CE][LootRespawner] (PRIDummy) :: Item [503] is hard to place, performance drops: "Mag_AKM_30Rnd"
 7:30:34.674 [CE][LootRespawner] (PRIDummy) :: Item [504] is hard to place, performance drops: "Mag_AKM_30Rnd"
 7:30:34.674 [CE][LootRespawner] (PRIDummy) :: Item [505] is hard to place, performance drops: "Mag_AKM_30Rnd"
 7:30:34.674 [CE][LootRespawner] (PRIDummy) :: Item [506] is hard to place, performance drops: "Mag_AKM_30Rnd"
 7:30:34.674 [CE][LootRespawner] (PRIDummy) :: Item [507] is hard to place, performance drops: "Mag_AKM_30Rnd"
 7:30:34.674 [CE][LootRespawner] (PRIDummy) :: Item [29] causing search overtime: "Mag_AKM_30Rnd"
 7:30:34.774 [CE][LootRespawner] (PRIDummy) :: Item [508] is hard to place, performance drops: "GhillieBushrag_Mossy"
 7:30:34.774 [CE][LootRespawner] (PRIDummy) :: Item [509] is hard to place, performance drops: "GhillieBushrag_Mossy"
 7:30:34.774 [CE][LootRespawner] (PRIDummy) :: Item [510] is hard to place, performance drops: "GhillieBushrag_Mossy"
 7:30:34.774 [CE][LootRespawner] (PRIDummy) :: Item [511] is hard to place, performance drops: "GhillieBushrag_Mossy"
 7:30:34.774 [CE][LootRespawner] (PRIDummy) :: Item [512] is hard to place, performance drops: "GhillieBushrag_Mossy"
 7:30:34.774 [CE][LootRespawner] (PRIDummy) :: Item [513] is hard to place, performance drops: "GhillieBushrag_Mossy"
 7:30:34.774 [CE][LootRespawner] (PRIDummy) :: Item [514] is hard to place, performance drops: "GhillieBushrag_Mossy"
 7:30:34.774 [CE][LootRespawner] (PRIDummy) :: Item [515] is hard to place, performance drops: "GhillieBushrag_Mossy"
 7:30:34.774 [CE][LootRespawner] (PRIDummy) :: Item [516] is hard to place, performance drops: "GhillieBushrag_Mossy"
 7:30:34.774 [CE][LootRespawner] (PRIDummy) :: Item [517] is hard to place, performance drops: "GhillieBushrag_Mossy"
 7:30:34.774 [CE][LootRespawner] (PRIDummy) :: Item [518] is hard to place, performance drops: "GhillieBushrag_Mossy"
 7:30:34.774 [CE][LootRespawner] (PRIDummy) :: Item [519] is hard to place, performance drops: "GhillieBushrag_Mossy"
 7:30:34.774 [CE][LootRespawner] (PRIDummy) :: Item [520] is hard to place, performance drops: "GhillieBushrag_Mossy"
 7:30:34.774 [CE][LootRespawner] (PRIDummy) :: Item [521] is hard to place, performance drops: "GhillieBushrag_Mossy"
 7:30:34.774 [CE][LootRespawner] (PRIDummy) :: Item [522] is hard to place, performance drops: "GhillieBushrag_Mossy"
 7:30:34.774 [CE][LootRespawner] (PRIDummy) :: Item [523] is hard to place, performance drops: "GhillieBushrag_Mossy"
 7:30:34.774 [CE][LootRespawner] (PRIDummy) :: Item [524] is hard to place, performance drops: "GhillieBushrag_Mossy"
 7:30:34.774 [CE][LootRespawner] (PRIDummy) :: Item [525] is hard to place, performance drops: "GhillieBushrag_Mossy"
 7:30:34.774 [CE][LootRespawner] (PRIDummy) :: Item [526] is hard to place, performance drops: "GhillieBushrag_Mossy"
 7:30:34.774 [CE][LootRespawner] (PRIDummy) :: Item [527] is hard to place, performance drops: "GhillieBushrag_Mossy"
 7:30:34.774 [CE][LootRespawner] (PRIDummy) :: Item [528] is hard to place, performance drops: "GhillieBushrag_Mossy"
 7:30:34.774 [CE][LootRespawner] (PRIDummy) :: Item [529] is hard to place, performance drops: "GhillieBushrag_Mossy"
 7:30:34.774 [CE][LootRespawner] (PRIDummy) :: Item [530] is hard to place, performance drops: "GhillieBushrag_Mossy"
 7:30:34.774 [CE][LootRespawner] (PRIDummy) :: Item [531] is hard to place, performance drops: "GhillieBushrag_Mossy"
 7:30:34.774 [CE][LootRespawner] (PRIDummy) :: Item [532] is hard to place, performance drops: "GhillieBushrag_Mossy"
 7:30:34.774 [CE][LootRespawner] (PRIDummy) :: Item [533] is hard to place, performance drops: "GhillieBushrag_Mossy"
 7:30:34.774 [CE][LootRespawner] (PRIDummy) :: Item [534] is hard to place, performance drops: "GhillieBushrag_Mossy"
 7:30:34.774 [CE][LootRespawner] (PRIDummy) :: Item [535] is hard to place, performance drops: "GhillieBushrag_Mossy"
 7:30:34.774 [CE][LootRespawner] (PRIDummy) :: Item [536] is hard to place, performance drops: "GhillieBushrag_Mossy"
 7:30:34.774 [CE][LootRespawner] (PRIDummy) :: Item [537] is hard to place, performance drops: "GhillieBushrag_Mossy"
 7:30:34.774 [CE][LootRespawner] (PRIDummy) :: Item [538] is hard to place, performance drops: "GhillieBushrag_Mossy"
 7:30:34.774 [CE][LootRespawner] (PRIDummy) :: Item [539] is hard to place, performance drops: "GhillieBushrag_Mossy"
 7:30:34.774 [CE][LootRespawner] (PRIDummy) :: Item [540] is hard to place, performance drops: "GhillieBushrag_Mossy"
 7:30:34.774 [CE][LootRespawner] (PRIDummy) :: Item [541] is hard to place, performance drops: "GhillieBushrag_Mossy"
 7:30:34.774 [CE][LootRespawner] (PRIDummy) :: Item [542] is hard to place, performance drops: "GhillieBushrag_Mossy"
 7:30:34.774 [CE][LootRespawner] (PRIDummy) :: Item [30] causing search overtime: "GhillieBushrag_Mossy"
 7:30:34.874 [CE][LootRespawner] (PRIDummy) :: Item [543] is hard to place, performance drops: "GhillieSuit_Mossy"
 7:30:34.874 [CE][LootRespawner] (PRIDummy) :: Item [544] is hard to place, performance drops: "GhillieSuit_Mossy"
 7:30:34.874 [CE][LootRespawner] (PRIDummy) :: Item [545] is hard to place, performance drops: "GhillieSuit_Mossy"
 7:30:34.874 [CE][LootRespawner] (PRIDummy) :: Item [546] is hard to place, performance drops: "GhillieSuit_Mossy"
 7:30:34.874 [CE][LootRespawner] (PRIDummy) :: Item [547] is hard to place, performance drops: "GhillieSuit_Mossy"
 7:30:34.874 [CE][LootRespawner] (PRIDummy) :: Item [548] is hard to place, performance drops: "GhillieSuit_Mossy"
 7:30:34.874 [CE][LootRespawner] (PRIDummy) :: Item [549] is hard to place, performance drops: "GhillieSuit_Mossy"
 7:30:34.874 [CE][LootRespawner] (PRIDummy) :: Item [550] is hard to place, performance drops: "GhillieSuit_Mossy"
 7:30:34.874 [CE][LootRespawner] (PRIDummy) :: Item [551] is hard to place, performance drops: "GhillieSuit_Mossy"
 7:30:34.874 [CE][LootRespawner] (PRIDummy) :: Item [552] is hard to place, performance drops: "GhillieSuit_Mossy"
 7:30:34.874 [CE][LootRespawner] (PRIDummy) :: Item [553] is hard to place, performance drops: "GhillieSuit_Mossy"
 7:30:34.874 [CE][LootRespawner] (PRIDummy) :: Item [554] is hard to place, performance drops: "GhillieSuit_Mossy"
 7:30:34.874 [CE][LootRespawner] (PRIDummy) :: Item [555] is hard to place, performance drops: "GhillieSuit_Mossy"
 7:30:34.874 [CE][LootRespawner] (PRIDummy) :: Item [556] is hard to place, performance drops: "GhillieSuit_Mossy"
 7:30:34.874 [CE][LootRespawner] (PRIDummy) :: Item [557] is hard to place, performance drops: "GhillieSuit_Mossy"
 7:30:34.874 [CE][LootRespawner] (PRIDummy) :: Item [558] is hard to place, performance drops: "GhillieSuit_Mossy"
 7:30:34.874 [CE][LootRespawner] (PRIDummy) :: Item [559] is hard to place, performance drops: "GhillieSuit_Mossy"
 7:30:34.874 [CE][LootRespawner] (PRIDummy) :: Item [560] is hard to place, performance drops: "GhillieSuit_Mossy"
 7:30:34.874 [CE][LootRespawner] (PRIDummy) :: Item [561] is hard to place, performance drops: "GhillieSuit_Mossy"
 7:30:34.874 [CE][LootRespawner] (PRIDummy) :: Item [562] is hard to place, performance drops: "GhillieSuit_Mossy"
 7:30:34.874 [CE][LootRespawner] (PRIDummy) :: Item [563] is hard to place, performance drops: "GhillieSuit_Mossy"
 7:30:34.874 [CE][LootRespawner] (PRIDummy) :: Item [564] is hard to place, performance drops: "GhillieSuit_Mossy"
 7:30:34.874 [CE][LootRespawner] (PRIDummy) :: Item [565] is hard to place, performance drops: "GhillieSuit_Mossy"
 7:30:34.874 [CE][LootRespawner] (PRIDummy) :: Item [566] is hard to place, performance drops: "GhillieSuit_Mossy"
 7:30:34.874 [CE][LootRespawner] (PRIDummy) :: Item [567] is hard to place, performance drops: "GhillieSuit_Mossy"
 7:30:34.875 [CE][LootRespawner] (PRIDummy) :: Item [568] is hard to place, performance drops: "GhillieSuit_Mossy"
 7:30:34.875 [CE][LootRespawner] (PRIDummy) :: Item [569] is hard to place, performance drops: "GhillieSuit_Mossy"
 7:30:34.875 [CE][LootRespawner] (PRIDummy) :: Item [570] is hard to place, performance drops: "GhillieSuit_Mossy"
 7:30:34.875 [CE][LootRespawner] (PRIDummy) :: Item [571] is hard to place, performance drops: "GhillieSuit_Mossy"
 7:30:34.875 [CE][LootRespawner] (PRIDummy) :: Item [572] is hard to place, performance drops: "GhillieSuit_Mossy"
 7:30:34.875 [CE][LootRespawner] (PRIDummy) :: Item [573] is hard to place, performance drops: "GhillieSuit_Mossy"
 7:30:34.875 [CE][LootRespawner] (PRIDummy) :: Item [574] is hard to place, performance drops: "GhillieSuit_Mossy"
 7:30:34.875 [CE][LootRespawner] (PRIDummy) :: Item [575] is hard to place, performance drops: "GhillieSuit_Mossy"
 7:30:34.875 [CE][LootRespawner] (PRIDummy) :: Item [576] is hard to place, performance drops: "GhillieSuit_Mossy"
 7:30:34.875 [CE][LootRespawner] (PRIDummy) :: Item [577] is hard to place, performance drops: "GhillieSuit_Mossy"
 7:30:34.875 [CE][LootRespawner] (PRIDummy) :: Item [31] causing search overtime: "GhillieSuit_Mossy"
 7:30:34.974 [CE][LootRespawner] (PRIDummy) :: Item [578] is hard to place, performance drops: "Mag_Saiga_8Rnd"
 7:30:34.975 [CE][LootRespawner] (PRIDummy) :: Item [579] is hard to place, performance drops: "Mag_Saiga_8Rnd"
 7:30:34.975 [CE][LootRespawner] (PRIDummy) :: Item [580] is hard to place, performance drops: "Mag_Saiga_8Rnd"
 7:30:34.975 [CE][LootRespawner] (PRIDummy) :: Item [581] is hard to place, performance drops: "Mag_Saiga_8Rnd"
 7:30:34.975 [CE][LootRespawner] (PRIDummy) :: Item [582] is hard to place, performance drops: "Mag_Saiga_8Rnd"
 7:30:34.975 [CE][LootRespawner] (PRIDummy) :: Item [583] is hard to place, performance drops: "Mag_Saiga_8Rnd"
 7:30:34.975 [CE][LootRespawner] (PRIDummy) :: Item [584] is hard to place, performance drops: "Mag_Saiga_8Rnd"
 7:30:34.975 [CE][LootRespawner] (PRIDummy) :: Item [585] is hard to place, performance drops: "Mag_Saiga_8Rnd"
 7:30:34.975 [CE][LootRespawner] (PRIDummy) :: Item [586] is hard to place, performance drops: "Mag_Saiga_8Rnd"
 7:30:34.975 [CE][LootRespawner] (PRIDummy) :: Item [32] causing search overtime: "Mag_Saiga_8Rnd"
 7:30:35.74 [CE][LootRespawner] (PRIDummy) :: Item [587] is hard to place, performance drops: "STAG_Clothing_PlateCarrier"
 7:30:35.74 [CE][LootRespawner] (PRIDummy) :: Item [588] is hard to place, performance drops: "STAG_Clothing_PlateCarrier"
 7:30:35.74 [CE][LootRespawner] (PRIDummy) :: Item [589] is hard to place, performance drops: "STAG_Clothing_PlateCarrier"
 7:30:35.74 [CE][LootRespawner] (PRIDummy) :: Item [590] is hard to place, performance drops: "STAG_Clothing_PlateCarrier"
 7:30:35.74 [CE][LootRespawner] (PRIDummy) :: Item [591] is hard to place, performance drops: "STAG_Clothing_PlateCarrier"
 7:30:35.74 [CE][LootRespawner] (PRIDummy) :: Item [592] is hard to place, performance drops: "STAG_Clothing_PlateCarrier"
 7:30:35.74 [CE][LootRespawner] (PRIDummy) :: Item [593] is hard to place, performance drops: "STAG_Clothing_PlateCarrier"
 7:30:35.74 [CE][LootRespawner] (PRIDummy) :: Item [594] is hard to place, performance drops: "STAG_Clothing_PlateCarrier"
 7:30:35.74 [CE][LootRespawner] (PRIDummy) :: Item [33] causing search overtime: "STAG_Clothing_PlateCarrier"
 7:30:35.174 [CE][LootRespawner] (PRIDummy) :: Item [595] is hard to place, performance drops: "GhillieTop_Mossy"
 7:30:35.174 [CE][LootRespawner] (PRIDummy) :: Item [596] is hard to place, performance drops: "GhillieTop_Mossy"
 7:30:35.174 [CE][LootRespawner] (PRIDummy) :: Item [597] is hard to place, performance drops: "GhillieTop_Mossy"
 7:30:35.174 [CE][LootRespawner] (PRIDummy) :: Item [598] is hard to place, performance drops: "GhillieTop_Mossy"
 7:30:35.174 [CE][LootRespawner] (PRIDummy) :: Item [599] is hard to place, performance drops: "GhillieTop_Mossy"
 7:30:35.174 [CE][LootRespawner] (PRIDummy) :: Item [600] is hard to place, performance drops: "GhillieTop_Mossy"
 7:30:35.174 [CE][LootRespawner] (PRIDummy) :: Item [601] is hard to place, performance drops: "GhillieTop_Mossy"
 7:30:35.174 [CE][LootRespawner] (PRIDummy) :: Item [602] is hard to place, performance drops: "GhillieTop_Mossy"
 7:30:35.174 [CE][LootRespawner] (PRIDummy) :: Item [603] is hard to place, performance drops: "GhillieTop_Mossy"
 7:30:35.174 [CE][LootRespawner] (PRIDummy) :: Item [604] is hard to place, performance drops: "GhillieTop_Mossy"
 7:30:35.174 [CE][LootRespawner] (PRIDummy) :: Item [605] is hard to place, performance drops: "GhillieTop_Mossy"
 7:30:35.174 [CE][LootRespawner] (PRIDummy) :: Item [606] is hard to place, performance drops: "GhillieTop_Mossy"
 7:30:35.174 [CE][LootRespawner] (PRIDummy) :: Item [607] is hard to place, performance drops: "GhillieTop_Mossy"
 7:30:35.174 [CE][LootRespawner] (PRIDummy) :: Item [608] is hard to place, performance drops: "GhillieTop_Mossy"
 7:30:35.174 [CE][LootRespawner] (PRIDummy) :: Item [609] is hard to place, performance drops: "GhillieTop_Mossy"
 7:30:35.174 [CE][LootRespawner] (PRIDummy) :: Item [610] is hard to place, performance drops: "GhillieTop_Mossy"
 7:30:35.174 [CE][LootRespawner] (PRIDummy) :: Item [611] is hard to place, performance drops: "GhillieTop_Mossy"
 7:30:35.174 [CE][LootRespawner] (PRIDummy) :: Item [612] is hard to place, performance drops: "GhillieTop_Mossy"
 7:30:35.174 [CE][LootRespawner] (PRIDummy) :: Item [613] is hard to place, performance drops: "GhillieTop_Mossy"
 7:30:35.174 [CE][LootRespawner] (PRIDummy) :: Item [614] is hard to place, performance drops: "GhillieTop_Mossy"
 7:30:35.174 [CE][LootRespawner] (PRIDummy) :: Item [615] is hard to place, performance drops: "GhillieTop_Mossy"
 7:30:35.174 [CE][LootRespawner] (PRIDummy) :: Item [616] is hard to place, performance drops: "GhillieTop_Mossy"
 7:30:35.174 [CE][LootRespawner] (PRIDummy) :: Item [617] is hard to place, performance drops: "GhillieTop_Mossy"
 7:30:35.174 [CE][LootRespawner] (PRIDummy) :: Item [618] is hard to place, performance drops: "GhillieTop_Mossy"
 7:30:35.174 [CE][LootRespawner] (PRIDummy) :: Item [619] is hard to place, performance drops: "GhillieTop_Mossy"
 7:30:35.174 [CE][LootRespawner] (PRIDummy) :: Item [620] is hard to place, performance drops: "GhillieTop_Mossy"
 7:30:35.174 [CE][LootRespawner] (PRIDummy) :: Item [621] is hard to place, performance drops: "GhillieTop_Mossy"
 7:30:35.174 [CE][LootRespawner] (PRIDummy) :: Item [622] is hard to place, performance drops: "GhillieTop_Mossy"
 7:30:35.174 [CE][LootRespawner] (PRIDummy) :: Item [623] is hard to place, performance drops: "GhillieTop_Mossy"
 7:30:35.174 [CE][LootRespawner] (PRIDummy) :: Item [624] is hard to place, performance drops: "GhillieTop_Mossy"
 7:30:35.174 [CE][LootRespawner] (PRIDummy) :: Item [625] is hard to place, performance drops: "GhillieTop_Mossy"
 7:30:35.174 [CE][LootRespawner] (PRIDummy) :: Item [626] is hard to place, performance drops: "GhillieTop_Mossy"
 7:30:35.174 [CE][LootRespawner] (PRIDummy) :: Item [627] is hard to place, performance drops: "GhillieTop_Mossy"
 7:30:35.174 [CE][LootRespawner] (PRIDummy) :: Item [628] is hard to place, performance drops: "GhillieTop_Mossy"
 7:30:35.174 [CE][LootRespawner] (PRIDummy) :: Item [629] is hard to place, performance drops: "GhillieTop_Mossy"
 7:30:35.174 [CE][LootRespawner] (PRIDummy) :: Item [34] causing search overtime: "GhillieTop_Mossy"
 7:30:35.275 [CE][LootRespawner] (PRIDummy) :: Item [630] is hard to place, performance drops: "TerjeAmpouleKetarol"
 7:30:35.275 [CE][LootRespawner] (PRIDummy) :: Item [631] is hard to place, performance drops: "TerjeAmpouleKetarol"
 7:30:35.275 [CE][LootRespawner] (PRIDummy) :: Item [632] is hard to place, performance drops: "TerjeAmpouleKetarol"
 7:30:35.275 [CE][LootRespawner] (PRIDummy) :: Item [633] is hard to place, performance drops: "TerjeAmpouleKetarol"
 7:30:35.275 [CE][LootRespawner] (PRIDummy) :: Item [634] is hard to place, performance drops: "TerjeAmpouleKetarol"
 7:30:35.275 [CE][LootRespawner] (PRIDummy) :: Item [635] is hard to place, performance drops: "TerjeAmpouleKetarol"
 7:30:35.275 [CE][LootRespawner] (PRIDummy) :: Item [636] is hard to place, performance drops: "TerjeAmpouleKetarol"
 7:30:35.275 [CE][LootRespawner] (PRIDummy) :: Item [637] is hard to place, performance drops: "TerjeAmpouleKetarol"
 7:30:35.275 [CE][LootRespawner] (PRIDummy) :: Item [638] is hard to place, performance drops: "TerjeAmpouleKetarol"
 7:30:35.275 [CE][LootRespawner] (PRIDummy) :: Item [639] is hard to place, performance drops: "TerjeAmpouleKetarol"
 7:30:35.275 [CE][LootRespawner] (PRIDummy) :: Item [640] is hard to place, performance drops: "TerjeAmpouleKetarol"
 7:30:35.275 [CE][LootRespawner] (PRIDummy) :: Item [641] is hard to place, performance drops: "TerjeAmpouleKetarol"
 7:30:35.275 [CE][LootRespawner] (PRIDummy) :: Item [642] is hard to place, performance drops: "TerjeAmpouleKetarol"
 7:30:35.275 [CE][LootRespawner] (PRIDummy) :: Item [643] is hard to place, performance drops: "TerjeAmpouleKetarol"
 7:30:35.275 [CE][LootRespawner] (PRIDummy) :: Item [644] is hard to place, performance drops: "TerjeAmpouleKetarol"
 7:30:35.275 [CE][LootRespawner] (PRIDummy) :: Item [645] is hard to place, performance drops: "TerjeAmpouleKetarol"
 7:30:35.275 [CE][LootRespawner] (PRIDummy) :: Item [646] is hard to place, performance drops: "TerjeAmpouleKetarol"
 7:30:35.275 [CE][LootRespawner] (PRIDummy) :: Item [647] is hard to place, performance drops: "TerjeAmpouleKetarol"
 7:30:35.275 [CE][LootRespawner] (PRIDummy) :: Item [648] is hard to place, performance drops: "TerjeAmpouleKetarol"
 7:30:35.275 [CE][LootRespawner] (PRIDummy) :: Item [649] is hard to place, performance drops: "TerjeAmpouleKetarol"
 7:30:35.275 [CE][LootRespawner] (PRIDummy) :: Item [650] is hard to place, performance drops: "TerjeAmpouleKetarol"
 7:30:35.275 [CE][LootRespawner] (PRIDummy) :: Item [651] is hard to place, performance drops: "TerjeAmpouleKetarol"
 7:30:35.275 [CE][LootRespawner] (PRIDummy) :: Item [652] is hard to place, performance drops: "TerjeAmpouleKetarol"
 7:30:35.275 [CE][LootRespawner] (PRIDummy) :: Item [653] is hard to place, performance drops: "TerjeAmpouleKetarol"
 7:30:35.275 [CE][LootRespawner] (PRIDummy) :: Item [654] is hard to place, performance drops: "TerjeAmpouleKetarol"
 7:30:35.275 [CE][LootRespawner] (PRIDummy) :: Item [655] is hard to place, performance drops: "TerjeAmpouleKetarol"
 7:30:35.275 [CE][LootRespawner] (PRIDummy) :: Item [656] is hard to place, performance drops: "TerjeAmpouleKetarol"
 7:30:35.275 [CE][LootRespawner] (PRIDummy) :: Item [657] is hard to place, performance drops: "TerjeAmpouleKetarol"
 7:30:35.275 [CE][LootRespawner] (PRIDummy) :: Item [658] is hard to place, performance drops: "TerjeAmpouleKetarol"
 7:30:35.275 [CE][LootRespawner] (PRIDummy) :: Item [659] is hard to place, performance drops: "TerjeAmpouleKetarol"
 7:30:35.275 [CE][LootRespawner] (PRIDummy) :: Item [660] is hard to place, performance drops: "TerjeAmpouleKetarol"
 7:30:35.275 [CE][LootRespawner] (PRIDummy) :: Item [661] is hard to place, performance drops: "TerjeAmpouleKetarol"
 7:30:35.275 [CE][LootRespawner] (PRIDummy) :: Item [662] is hard to place, performance drops: "TerjeAmpouleKetarol"
 7:30:35.275 [CE][LootRespawner] (PRIDummy) :: Item [663] is hard to place, performance drops: "TerjeAmpouleKetarol"
 7:30:35.275 [CE][LootRespawner] (PRIDummy) :: Item [664] is hard to place, performance drops: "TerjeAmpouleKetarol"
 7:30:35.275 [CE][LootRespawner] (PRIDummy) :: Item [665] is hard to place, performance drops: "TerjeAmpouleKetarol"
 7:30:35.275 [CE][LootRespawner] (PRIDummy) :: Item [666] is hard to place, performance drops: "TerjeAmpouleKetarol"
 7:30:35.275 [CE][LootRespawner] (PRIDummy) :: Item [667] is hard to place, performance drops: "TerjeAmpouleKetarol"
 7:30:35.275 [CE][LootRespawner] (PRIDummy) :: Item [668] is hard to place, performance drops: "TerjeAmpouleKetarol"
 7:30:35.275 [CE][LootRespawner] (PRIDummy) :: Item [669] is hard to place, performance drops: "TerjeAmpouleKetarol"
 7:30:35.275 [CE][LootRespawner] (PRIDummy) :: Item [670] is hard to place, performance drops: "TerjeAmpouleKetarol"
 7:30:35.275 [CE][LootRespawner] (PRIDummy) :: Item [671] is hard to place, performance drops: "TerjeAmpouleKetarol"
 7:30:35.275 [CE][LootRespawner] (PRIDummy) :: Item [672] is hard to place, performance drops: "TerjeAmpouleKetarol"
 7:30:35.275 [CE][LootRespawner] (PRIDummy) :: Item [673] is hard to place, performance drops: "TerjeAmpouleKetarol"
 7:30:35.275 [CE][LootRespawner] (PRIDummy) :: Item [674] is hard to place, performance drops: "TerjeAmpouleKetarol"
 7:30:35.275 [CE][LootRespawner] (PRIDummy) :: Item [675] is hard to place, performance drops: "TerjeAmpouleKetarol"
 7:30:35.275 [CE][LootRespawner] (PRIDummy) :: Item [676] is hard to place, performance drops: "TerjeAmpouleKetarol"
 7:30:35.275 [CE][LootRespawner] (PRIDummy) :: Item [677] is hard to place, performance drops: "TerjeAmpouleKetarol"
 7:30:35.275 [CE][LootRespawner] (PRIDummy) :: Item [678] is hard to place, performance drops: "TerjeAmpouleKetarol"
 7:30:35.275 [CE][LootRespawner] (PRIDummy) :: Item [679] is hard to place, performance drops: "TerjeAmpouleKetarol"
 7:30:35.275 [CE][LootRespawner] (PRIDummy) :: Item [680] is hard to place, performance drops: "TerjeAmpouleKetarol"
 7:30:35.275 [CE][LootRespawner] (PRIDummy) :: Item [681] is hard to place, performance drops: "TerjeAmpouleKetarol"
 7:30:35.275 [CE][LootRespawner] (PRIDummy) :: Item [682] is hard to place, performance drops: "TerjeAmpouleKetarol"
 7:30:35.275 [CE][LootRespawner] (PRIDummy) :: Item [683] is hard to place, performance drops: "TerjeAmpouleKetarol"
 7:30:35.275 [CE][LootRespawner] (PRIDummy) :: Item [684] is hard to place, performance drops: "TerjeAmpouleKetarol"
 7:30:35.275 [CE][LootRespawner] (PRIDummy) :: Item [685] is hard to place, performance drops: "TerjeAmpouleKetarol"
 7:30:35.275 [CE][LootRespawner] (PRIDummy) :: Item [686] is hard to place, performance drops: "TerjeAmpouleKetarol"
 7:30:35.275 [CE][LootRespawner] (PRIDummy) :: Item [687] is hard to place, performance drops: "TerjeAmpouleKetarol"
 7:30:35.275 [CE][LootRespawner] (PRIDummy) :: Item [688] is hard to place, performance drops: "TerjeAmpouleKetarol"
 7:30:35.275 [CE][LootRespawner] (PRIDummy) :: Item [689] is hard to place, performance drops: "TerjeAmpouleKetarol"
 7:30:35.275 [CE][LootRespawner] (PRIDummy) :: Item [690] is hard to place, performance drops: "TerjeAmpouleKetarol"
 7:30:35.275 [CE][LootRespawner] (PRIDummy) :: Item [691] is hard to place, performance drops: "TerjeAmpouleKetarol"
 7:30:35.275 [CE][LootRespawner] (PRIDummy) :: Item [692] is hard to place, performance drops: "TerjeAmpouleKetarol"
 7:30:35.275 [CE][LootRespawner] (PRIDummy) :: Item [693] is hard to place, performance drops: "TerjeAmpouleKetarol"
 7:30:35.275 [CE][LootRespawner] (PRIDummy) :: Item [694] is hard to place, performance drops: "TerjeAmpouleKetarol"
 7:30:35.275 [CE][LootRespawner] (PRIDummy) :: Item [695] is hard to place, performance drops: "TerjeAmpouleKetarol"
 7:30:35.275 [CE][LootRespawner] (PRIDummy) :: Item [696] is hard to place, performance drops: "TerjeAmpouleKetarol"
 7:30:35.275 [CE][LootRespawner] (PRIDummy) :: Item [697] is hard to place, performance drops: "TerjeAmpouleKetarol"
 7:30:35.275 [CE][LootRespawner] (PRIDummy) :: Item [698] is hard to place, performance drops: "TerjeAmpouleKetarol"
 7:30:35.275 [CE][LootRespawner] (PRIDummy) :: Item [699] is hard to place, performance drops: "TerjeAmpouleKetarol"
 7:30:35.275 [CE][LootRespawner] (PRIDummy) :: Item [700] is hard to place, performance drops: "TerjeAmpouleKetarol"
 7:30:35.275 [CE][LootRespawner] (PRIDummy) :: Item [701] is hard to place, performance drops: "TerjeAmpouleKetarol"
 7:30:35.275 [CE][LootRespawner] (PRIDummy) :: Item [702] is hard to place, performance drops: "TerjeAmpouleKetarol"
 7:30:35.275 [CE][LootRespawner] (PRIDummy) :: Item [703] is hard to place, performance drops: "TerjeAmpouleKetarol"
 7:30:35.275 [CE][LootRespawner] (PRIDummy) :: Item [704] is hard to place, performance drops: "TerjeAmpouleKetarol"
 7:30:35.275 [CE][LootRespawner] (PRIDummy) :: Item [705] is hard to place, performance drops: "TerjeAmpouleKetarol"
 7:30:35.275 [CE][LootRespawner] (PRIDummy) :: Item [706] is hard to place, performance drops: "TerjeAmpouleKetarol"
 7:30:35.275 [CE][LootRespawner] (PRIDummy) :: Item [707] is hard to place, performance drops: "TerjeAmpouleKetarol"
 7:30:35.275 [CE][LootRespawner] (PRIDummy) :: Item [708] is hard to place, performance drops: "TerjeAmpouleKetarol"
 7:30:35.275 [CE][LootRespawner] (PRIDummy) :: Item [709] is hard to place, performance drops: "TerjeAmpouleKetarol"
 7:30:35.275 [CE][LootRespawner] (PRIDummy) :: Item [710] is hard to place, performance drops: "TerjeAmpouleKetarol"
 7:30:35.275 [CE][LootRespawner] (PRIDummy) :: Item [711] is hard to place, performance drops: "TerjeAmpouleKetarol"
 7:30:35.275 [CE][LootRespawner] (PRIDummy) :: Item [712] is hard to place, performance drops: "TerjeAmpouleKetarol"
 7:30:35.275 [CE][LootRespawner] (PRIDummy) :: Item [713] is hard to place, performance drops: "TerjeAmpouleKetarol"
 7:30:35.275 [CE][LootRespawner] (PRIDummy) :: Item [35] causing search overtime: "TerjeAmpouleKetarol"
 7:30:35.374 [CE][LootRespawner] (PRIDummy) :: Item [714] is hard to place, performance drops: "AKS74U_Bttstck"
 7:30:35.374 [CE][LootRespawner] (PRIDummy) :: Item [715] is hard to place, performance drops: "AKS74U_Bttstck"
 7:30:35.374 [CE][LootRespawner] (PRIDummy) :: Item [716] is hard to place, performance drops: "AKS74U_Bttstck"
 7:30:35.374 [CE][LootRespawner] (PRIDummy) :: Item [717] is hard to place, performance drops: "AKS74U_Bttstck"
 7:30:35.374 [CE][LootRespawner] (PRIDummy) :: Item [718] is hard to place, performance drops: "AKS74U_Bttstck"
 7:30:35.374 [CE][LootRespawner] (PRIDummy) :: Item [719] is hard to place, performance drops: "AKS74U_Bttstck"
 7:30:35.374 [CE][LootRespawner] (PRIDummy) :: Item [720] is hard to place, performance drops: "AKS74U_Bttstck"
 7:30:35.374 [CE][LootRespawner] (PRIDummy) :: Item [721] is hard to place, performance drops: "AKS74U_Bttstck"
 7:30:35.374 [CE][LootRespawner] (PRIDummy) :: Item [722] is hard to place, performance drops: "AKS74U_Bttstck"
 7:30:35.374 [CE][LootRespawner] (PRIDummy) :: Item [723] is hard to place, performance drops: "AKS74U_Bttstck"
 7:30:35.374 [CE][LootRespawner] (PRIDummy) :: Item [724] is hard to place, performance drops: "AKS74U_Bttstck"
 7:30:35.374 [CE][LootRespawner] (PRIDummy) :: Item [725] is hard to place, performance drops: "AKS74U_Bttstck"
 7:30:35.374 [CE][LootRespawner] (PRIDummy) :: Item [726] is hard to place, performance drops: "AKS74U_Bttstck"
 7:30:35.374 [CE][LootRespawner] (PRIDummy) :: Item [727] is hard to place, performance drops: "AKS74U_Bttstck"
 7:30:35.374 [CE][LootRespawner] (PRIDummy) :: Item [728] is hard to place, performance drops: "AKS74U_Bttstck"
 7:30:35.374 [CE][LootRespawner] (PRIDummy) :: Item [729] is hard to place, performance drops: "AKS74U_Bttstck"
 7:30:35.374 [CE][LootRespawner] (PRIDummy) :: Item [730] is hard to place, performance drops: "AKS74U_Bttstck"
 7:30:35.374 [CE][LootRespawner] (PRIDummy) :: Item [731] is hard to place, performance drops: "AKS74U_Bttstck"
 7:30:35.374 [CE][LootRespawner] (PRIDummy) :: Item [732] is hard to place, performance drops: "AKS74U_Bttstck"
 7:30:35.374 [CE][LootRespawner] (PRIDummy) :: Item [733] is hard to place, performance drops: "AKS74U_Bttstck"
 7:30:35.374 [CE][LootRespawner] (PRIDummy) :: Item [734] is hard to place, performance drops: "AKS74U_Bttstck"
 7:30:35.374 [CE][LootRespawner] (PRIDummy) :: Item [735] is hard to place, performance drops: "AKS74U_Bttstck"
 7:30:35.374 [CE][LootRespawner] (PRIDummy) :: Item [736] is hard to place, performance drops: "AKS74U_Bttstck"
 7:30:35.374 [CE][LootRespawner] (PRIDummy) :: Item [737] is hard to place, performance drops: "AKS74U_Bttstck"
 7:30:35.374 [CE][LootRespawner] (PRIDummy) :: Item [738] is hard to place, performance drops: "AKS74U_Bttstck"
 7:30:35.374 [CE][LootRespawner] (PRIDummy) :: Item [739] is hard to place, performance drops: "AKS74U_Bttstck"
 7:30:35.374 [CE][LootRespawner] (PRIDummy) :: Item [740] is hard to place, performance drops: "AKS74U_Bttstck"
 7:30:35.374 [CE][LootRespawner] (PRIDummy) :: Item [741] is hard to place, performance drops: "AKS74U_Bttstck"
 7:30:35.374 [CE][LootRespawner] (PRIDummy) :: Item [742] is hard to place, performance drops: "AKS74U_Bttstck"
 7:30:35.374 [CE][LootRespawner] (PRIDummy) :: Item [743] is hard to place, performance drops: "AKS74U_Bttstck"
 7:30:35.374 [CE][LootRespawner] (PRIDummy) :: Item [744] is hard to place, performance drops: "AKS74U_Bttstck"
 7:30:35.374 [CE][LootRespawner] (PRIDummy) :: Item [745] is hard to place, performance drops: "AKS74U_Bttstck"
 7:30:35.374 [CE][LootRespawner] (PRIDummy) :: Item [746] is hard to place, performance drops: "AKS74U_Bttstck"
 7:30:35.374 [CE][LootRespawner] (PRIDummy) :: Item [747] is hard to place, performance drops: "AKS74U_Bttstck"
 7:30:35.374 [CE][LootRespawner] (PRIDummy) :: Item [748] is hard to place, performance drops: "AKS74U_Bttstck"
 7:30:35.374 [CE][LootRespawner] (PRIDummy) :: Item [749] is hard to place, performance drops: "AKS74U_Bttstck"
 7:30:35.374 [CE][LootRespawner] (PRIDummy) :: Item [750] is hard to place, performance drops: "AKS74U_Bttstck"
 7:30:35.374 [CE][LootRespawner] (PRIDummy) :: Item [751] is hard to place, performance drops: "AKS74U_Bttstck"
 7:30:35.374 [CE][LootRespawner] (PRIDummy) :: Item [752] is hard to place, performance drops: "AKS74U_Bttstck"
 7:30:35.374 [CE][LootRespawner] (PRIDummy) :: Item [753] is hard to place, performance drops: "AKS74U_Bttstck"
 7:30:35.374 [CE][LootRespawner] (PRIDummy) :: Item [754] is hard to place, performance drops: "AKS74U_Bttstck"
 7:30:35.374 [CE][LootRespawner] (PRIDummy) :: Item [755] is hard to place, performance drops: "AKS74U_Bttstck"
 7:30:35.374 [CE][LootRespawner] (PRIDummy) :: Item [756] is hard to place, performance drops: "AKS74U_Bttstck"
 7:30:35.374 [CE][LootRespawner] (PRIDummy) :: Item [757] is hard to place, performance drops: "AKS74U_Bttstck"
 7:30:35.374 [CE][LootRespawner] (PRIDummy) :: Item [758] is hard to place, performance drops: "AKS74U_Bttstck"
 7:30:35.374 [CE][LootRespawner] (PRIDummy) :: Item [759] is hard to place, performance drops: "AKS74U_Bttstck"
 7:30:35.375 [CE][LootRespawner] (PRIDummy) :: Item [760] is hard to place, performance drops: "AKS74U_Bttstck"
 7:30:35.375 [CE][LootRespawner] (PRIDummy) :: Item [761] is hard to place, performance drops: "AKS74U_Bttstck"
 7:30:35.375 [CE][LootRespawner] (PRIDummy) :: Item [762] is hard to place, performance drops: "AKS74U_Bttstck"
 7:30:35.375 [CE][LootRespawner] (PRIDummy) :: Item [763] is hard to place, performance drops: "AKS74U_Bttstck"
 7:30:35.375 [CE][LootRespawner] (PRIDummy) :: Item [764] is hard to place, performance drops: "AKS74U_Bttstck"
 7:30:35.375 [CE][LootRespawner] (PRIDummy) :: Item [765] is hard to place, performance drops: "AKS74U_Bttstck"
 7:30:35.375 [CE][LootRespawner] (PRIDummy) :: Item [766] is hard to place, performance drops: "AKS74U_Bttstck"
 7:30:35.375 [CE][LootRespawner] (PRIDummy) :: Item [767] is hard to place, performance drops: "AKS74U_Bttstck"
 7:30:35.375 [CE][LootRespawner] (PRIDummy) :: Item [768] is hard to place, performance drops: "AKS74U_Bttstck"
 7:30:35.375 [CE][LootRespawner] (PRIDummy) :: Item [769] is hard to place, performance drops: "AKS74U_Bttstck"
 7:30:35.375 [CE][LootRespawner] (PRIDummy) :: Item [770] is hard to place, performance drops: "AKS74U_Bttstck"
 7:30:35.375 [CE][LootRespawner] (PRIDummy) :: Item [771] is hard to place, performance drops: "AKS74U_Bttstck"
 7:30:35.375 [CE][LootRespawner] (PRIDummy) :: Item [772] is hard to place, performance drops: "AKS74U_Bttstck"
 7:30:35.375 [CE][LootRespawner] (PRIDummy) :: Item [773] is hard to place, performance drops: "AKS74U_Bttstck"
 7:30:35.375 [CE][LootRespawner] (PRIDummy) :: Item [774] is hard to place, performance drops: "AKS74U_Bttstck"
 7:30:35.375 [CE][LootRespawner] (PRIDummy) :: Item [775] is hard to place, performance drops: "AKS74U_Bttstck"
 7:30:35.375 [CE][LootRespawner] (PRIDummy) :: Item [776] is hard to place, performance drops: "AKS74U_Bttstck"
 7:30:35.375 [CE][LootRespawner] (PRIDummy) :: Item [777] is hard to place, performance drops: "AKS74U_Bttstck"
 7:30:35.375 [CE][LootRespawner] (PRIDummy) :: Item [778] is hard to place, performance drops: "AKS74U_Bttstck"
 7:30:35.375 [CE][LootRespawner] (PRIDummy) :: Item [779] is hard to place, performance drops: "AKS74U_Bttstck"
 7:30:35.375 [CE][LootRespawner] (PRIDummy) :: Item [780] is hard to place, performance drops: "AKS74U_Bttstck"
 7:30:35.375 [CE][LootRespawner] (PRIDummy) :: Item [781] is hard to place, performance drops: "AKS74U_Bttstck"
 7:30:35.375 [CE][LootRespawner] (PRIDummy) :: Item [782] is hard to place, performance drops: "AKS74U_Bttstck"
 7:30:35.375 [CE][LootRespawner] (PRIDummy) :: Item [36] causing search overtime: "AKS74U_Bttstck"
 7:30:35.474 [CE][LootRespawner] (PRIDummy) :: Item [783] is hard to place, performance drops: "GP5GasMask"
 7:30:35.474 [CE][LootRespawner] (PRIDummy) :: Item [784] is hard to place, performance drops: "GP5GasMask"
 7:30:35.474 [CE][LootRespawner] (PRIDummy) :: Item [785] is hard to place, performance drops: "GP5GasMask"
 7:30:35.474 [CE][LootRespawner] (PRIDummy) :: Item [786] is hard to place, performance drops: "GP5GasMask"
 7:30:35.474 [CE][LootRespawner] (PRIDummy) :: Item [787] is hard to place, performance drops: "GP5GasMask"
 7:30:35.474 [CE][LootRespawner] (PRIDummy) :: Item [788] is hard to place, performance drops: "GP5GasMask"
 7:30:35.474 [CE][LootRespawner] (PRIDummy) :: Item [789] is hard to place, performance drops: "GP5GasMask"
 7:30:35.474 [CE][LootRespawner] (PRIDummy) :: Item [790] is hard to place, performance drops: "GP5GasMask"
 7:30:35.474 [CE][LootRespawner] (PRIDummy) :: Item [791] is hard to place, performance drops: "GP5GasMask"
 7:30:35.474 [CE][LootRespawner] (PRIDummy) :: Item [792] is hard to place, performance drops: "GP5GasMask"
 7:30:35.475 [CE][LootRespawner] (PRIDummy) :: Item [793] is hard to place, performance drops: "GP5GasMask"
 7:30:35.475 [CE][LootRespawner] (PRIDummy) :: Item [794] is hard to place, performance drops: "GP5GasMask"
 7:30:35.475 [CE][LootRespawner] (PRIDummy) :: Item [795] is hard to place, performance drops: "GP5GasMask"
 7:30:35.475 [CE][LootRespawner] (PRIDummy) :: Item [796] is hard to place, performance drops: "GP5GasMask"
 7:30:35.475 [CE][LootRespawner] (PRIDummy) :: Item [797] is hard to place, performance drops: "GP5GasMask"
 7:30:35.475 [CE][LootRespawner] (PRIDummy) :: Item [798] is hard to place, performance drops: "GP5GasMask"
 7:30:35.475 [CE][LootRespawner] (PRIDummy) :: Item [799] is hard to place, performance drops: "GP5GasMask"
 7:30:35.475 [CE][LootRespawner] (PRIDummy) :: Item [800] is hard to place, performance drops: "GP5GasMask"
 7:30:35.475 [CE][LootRespawner] (PRIDummy) :: Item [801] is hard to place, performance drops: "GP5GasMask"
 7:30:35.475 [CE][LootRespawner] (PRIDummy) :: Item [802] is hard to place, performance drops: "GP5GasMask"
 7:30:35.475 [CE][LootRespawner] (PRIDummy) :: Item [803] is hard to place, performance drops: "GP5GasMask"
 7:30:35.475 [CE][LootRespawner] (PRIDummy) :: Item [804] is hard to place, performance drops: "GP5GasMask"
 7:30:35.475 [CE][LootRespawner] (PRIDummy) :: Item [805] is hard to place, performance drops: "GP5GasMask"
 7:30:35.475 [CE][LootRespawner] (PRIDummy) :: Item [806] is hard to place, performance drops: "GP5GasMask"
 7:30:35.475 [CE][LootRespawner] (PRIDummy) :: Item [807] is hard to place, performance drops: "GP5GasMask"
 7:30:35.475 [CE][LootRespawner] (PRIDummy) :: Item [808] is hard to place, performance drops: "GP5GasMask"
 7:30:35.475 [CE][LootRespawner] (PRIDummy) :: Item [809] is hard to place, performance drops: "GP5GasMask"
 7:30:35.475 [CE][LootRespawner] (PRIDummy) :: Item [810] is hard to place, performance drops: "GP5GasMask"
 7:30:35.475 [CE][LootRespawner] (PRIDummy) :: Item [811] is hard to place, performance drops: "GP5GasMask"
 7:30:35.475 [CE][LootRespawner] (PRIDummy) :: Item [812] is hard to place, performance drops: "GP5GasMask"
 7:30:35.475 [CE][LootRespawner] (PRIDummy) :: Item [813] is hard to place, performance drops: "GP5GasMask"
 7:30:35.475 [CE][LootRespawner] (PRIDummy) :: Item [814] is hard to place, performance drops: "GP5GasMask"
 7:30:35.475 [CE][LootRespawner] (PRIDummy) :: Item [815] is hard to place, performance drops: "GP5GasMask"
 7:30:35.475 [CE][LootRespawner] (PRIDummy) :: Item [816] is hard to place, performance drops: "GP5GasMask"
 7:30:35.475 [CE][LootRespawner] (PRIDummy) :: Item [817] is hard to place, performance drops: "GP5GasMask"
 7:30:35.475 [CE][LootRespawner] (PRIDummy) :: Item [818] is hard to place, performance drops: "GP5GasMask"
 7:30:35.475 [CE][LootRespawner] (PRIDummy) :: Item [819] is hard to place, performance drops: "GP5GasMask"
 7:30:35.475 [CE][LootRespawner] (PRIDummy) :: Item [820] is hard to place, performance drops: "GP5GasMask"
 7:30:35.475 [CE][LootRespawner] (PRIDummy) :: Item [821] is hard to place, performance drops: "GP5GasMask"
 7:30:35.475 [CE][LootRespawner] (PRIDummy) :: Item [822] is hard to place, performance drops: "GP5GasMask"
 7:30:35.475 [CE][LootRespawner] (PRIDummy) :: Item [823] is hard to place, performance drops: "GP5GasMask"
 7:30:35.475 [CE][LootRespawner] (PRIDummy) :: Item [824] is hard to place, performance drops: "GP5GasMask"
 7:30:35.475 [CE][LootRespawner] (PRIDummy) :: Item [825] is hard to place, performance drops: "GP5GasMask"
 7:30:35.475 [CE][LootRespawner] (PRIDummy) :: Item [826] is hard to place, performance drops: "GP5GasMask"
 7:30:35.475 [CE][LootRespawner] (PRIDummy) :: Item [827] is hard to place, performance drops: "GP5GasMask"
 7:30:35.475 [CE][LootRespawner] (PRIDummy) :: Item [828] is hard to place, performance drops: "GP5GasMask"
 7:30:35.475 [CE][LootRespawner] (PRIDummy) :: Item [829] is hard to place, performance drops: "GP5GasMask"
 7:30:35.475 [CE][LootRespawner] (PRIDummy) :: Item [830] is hard to place, performance drops: "GP5GasMask"
 7:30:35.475 [CE][LootRespawner] (PRIDummy) :: Item [831] is hard to place, performance drops: "GP5GasMask"
 7:30:35.475 [CE][LootRespawner] (PRIDummy) :: Item [832] is hard to place, performance drops: "GP5GasMask"
 7:30:35.475 [CE][LootRespawner] (PRIDummy) :: Item [833] is hard to place, performance drops: "GP5GasMask"
 7:30:35.475 [CE][LootRespawner] (PRIDummy) :: Item [834] is hard to place, performance drops: "GP5GasMask"
 7:30:35.475 [CE][LootRespawner] (PRIDummy) :: Item [835] is hard to place, performance drops: "GP5GasMask"
 7:30:35.475 [CE][LootRespawner] (PRIDummy) :: Item [836] is hard to place, performance drops: "GP5GasMask"
 7:30:35.475 [CE][LootRespawner] (PRIDummy) :: Item [837] is hard to place, performance drops: "GP5GasMask"
 7:30:35.475 [CE][LootRespawner] (PRIDummy) :: Item [838] is hard to place, performance drops: "GP5GasMask"
 7:30:35.475 [CE][LootRespawner] (PRIDummy) :: Item [839] is hard to place, performance drops: "GP5GasMask"
 7:30:35.475 [CE][LootRespawner] (PRIDummy) :: Item [840] is hard to place, performance drops: "GP5GasMask"
 7:30:35.475 [CE][LootRespawner] (PRIDummy) :: Item [841] is hard to place, performance drops: "GP5GasMask"
 7:30:35.475 [CE][LootRespawner] (PRIDummy) :: Item [842] is hard to place, performance drops: "GP5GasMask"
 7:30:35.475 [CE][LootRespawner] (PRIDummy) :: Item [843] is hard to place, performance drops: "GP5GasMask"
 7:30:35.475 [CE][LootRespawner] (PRIDummy) :: Item [844] is hard to place, performance drops: "GP5GasMask"
 7:30:35.475 [CE][LootRespawner] (PRIDummy) :: Item [845] is hard to place, performance drops: "GP5GasMask"
 7:30:35.475 [CE][LootRespawner] (PRIDummy) :: Item [846] is hard to place, performance drops: "GP5GasMask"
 7:30:35.475 [CE][LootRespawner] (PRIDummy) :: Item [847] is hard to place, performance drops: "GP5GasMask"
 7:30:35.475 [CE][LootRespawner] (PRIDummy) :: Item [848] is hard to place, performance drops: "GP5GasMask"
 7:30:35.475 [CE][LootRespawner] (PRIDummy) :: Item [849] is hard to place, performance drops: "GP5GasMask"
 7:30:35.475 [CE][LootRespawner] (PRIDummy) :: Item [850] is hard to place, performance drops: "GP5GasMask"
 7:30:35.475 [CE][LootRespawner] (PRIDummy) :: Item [851] is hard to place, performance drops: "GP5GasMask"
 7:30:35.475 [CE][LootRespawner] (PRIDummy) :: Item [852] is hard to place, performance drops: "GP5GasMask"
 7:30:35.475 [CE][LootRespawner] (PRIDummy) :: Item [853] is hard to place, performance drops: "GP5GasMask"
 7:30:35.475 [CE][LootRespawner] (PRIDummy) :: Item [854] is hard to place, performance drops: "GP5GasMask"
 7:30:35.475 [CE][LootRespawner] (PRIDummy) :: Item [855] is hard to place, performance drops: "GP5GasMask"
 7:30:35.475 [CE][LootRespawner] (PRIDummy) :: Item [856] is hard to place, performance drops: "GP5GasMask"
 7:30:35.475 [CE][LootRespawner] (PRIDummy) :: Item [857] is hard to place, performance drops: "GP5GasMask"
 7:30:35.475 [CE][LootRespawner] (PRIDummy) :: Item [858] is hard to place, performance drops: "GP5GasMask"
 7:30:35.475 [CE][LootRespawner] (PRIDummy) :: Item [859] is hard to place, performance drops: "GP5GasMask"
 7:30:35.475 [CE][LootRespawner] (PRIDummy) :: Item [860] is hard to place, performance drops: "GP5GasMask"
 7:30:35.475 [CE][LootRespawner] (PRIDummy) :: Item [861] is hard to place, performance drops: "GP5GasMask"
 7:30:35.475 [CE][LootRespawner] (PRIDummy) :: Item [862] is hard to place, performance drops: "GP5GasMask"
 7:30:35.475 [CE][LootRespawner] (PRIDummy) :: Item [863] is hard to place, performance drops: "GP5GasMask"
 7:30:35.475 [CE][LootRespawner] (PRIDummy) :: Item [864] is hard to place, performance drops: "GP5GasMask"
 7:30:35.475 [CE][LootRespawner] (PRIDummy) :: Item [865] is hard to place, performance drops: "GP5GasMask"
 7:30:35.475 [CE][LootRespawner] (PRIDummy) :: Item [866] is hard to place, performance drops: "GP5GasMask"
 7:30:35.475 [CE][LootRespawner] (PRIDummy) :: Item [867] is hard to place, performance drops: "GP5GasMask"
 7:30:35.475 [CE][LootRespawner] (PRIDummy) :: Item [868] is hard to place, performance drops: "GP5GasMask"
 7:30:35.475 [CE][LootRespawner] (PRIDummy) :: Item [37] causing search overtime: "GP5GasMask"
 7:30:35.574 [CE][LootRespawner] (PRIDummy) :: Item [869] is hard to place, performance drops: "M4_T3NRDSOptic"
 7:30:35.574 [CE][LootRespawner] (PRIDummy) :: Item [870] is hard to place, performance drops: "M4_T3NRDSOptic"
 7:30:35.574 [CE][LootRespawner] (PRIDummy) :: Item [871] is hard to place, performance drops: "M4_T3NRDSOptic"
 7:30:35.574 [CE][LootRespawner] (PRIDummy) :: Item [872] is hard to place, performance drops: "M4_T3NRDSOptic"
 7:30:35.574 [CE][LootRespawner] (PRIDummy) :: Item [873] is hard to place, performance drops: "M4_T3NRDSOptic"
 7:30:35.574 [CE][LootRespawner] (PRIDummy) :: Item [874] is hard to place, performance drops: "M4_T3NRDSOptic"
 7:30:35.574 [CE][LootRespawner] (PRIDummy) :: Item [875] is hard to place, performance drops: "M4_T3NRDSOptic"
 7:30:35.574 [CE][LootRespawner] (PRIDummy) :: Item [876] is hard to place, performance drops: "M4_T3NRDSOptic"
 7:30:35.574 [CE][LootRespawner] (PRIDummy) :: Item [877] is hard to place, performance drops: "M4_T3NRDSOptic"
 7:30:35.574 [CE][LootRespawner] (PRIDummy) :: Item [38] causing search overtime: "M4_T3NRDSOptic"
 7:30:35.673 [CE][LootRespawner] (PRIDummy) :: Item [878] is hard to place, performance drops: "TerjeAmpouleAmitriptyline"
 7:30:35.673 [CE][LootRespawner] (PRIDummy) :: Item [879] is hard to place, performance drops: "TerjeAmpouleAmitriptyline"
 7:30:35.673 [CE][LootRespawner] (PRIDummy) :: Item [880] is hard to place, performance drops: "TerjeAmpouleAmitriptyline"
 7:30:35.673 [CE][LootRespawner] (PRIDummy) :: Item [881] is hard to place, performance drops: "TerjeAmpouleAmitriptyline"
 7:30:35.673 [CE][LootRespawner] (PRIDummy) :: Item [882] is hard to place, performance drops: "TerjeAmpouleAmitriptyline"
 7:30:35.673 [CE][LootRespawner] (PRIDummy) :: Item [883] is hard to place, performance drops: "TerjeAmpouleAmitriptyline"
 7:30:35.673 [CE][LootRespawner] (PRIDummy) :: Item [884] is hard to place, performance drops: "TerjeAmpouleAmitriptyline"
 7:30:35.673 [CE][LootRespawner] (PRIDummy) :: Item [885] is hard to place, performance drops: "TerjeAmpouleAmitriptyline"
 7:30:35.673 [CE][LootRespawner] (PRIDummy) :: Item [886] is hard to place, performance drops: "TerjeAmpouleAmitriptyline"
 7:30:35.673 [CE][LootRespawner] (PRIDummy) :: Item [887] is hard to place, performance drops: "TerjeAmpouleAmitriptyline"
 7:30:35.673 [CE][LootRespawner] (PRIDummy) :: Item [888] is hard to place, performance drops: "TerjeAmpouleAmitriptyline"
 7:30:35.673 [CE][LootRespawner] (PRIDummy) :: Item [889] is hard to place, performance drops: "TerjeAmpouleAmitriptyline"
 7:30:35.674 [CE][LootRespawner] (PRIDummy) :: Item [890] is hard to place, performance drops: "TerjeAmpouleAmitriptyline"
 7:30:35.674 [CE][LootRespawner] (PRIDummy) :: Item [891] is hard to place, performance drops: "TerjeAmpouleAmitriptyline"
 7:30:35.674 [CE][LootRespawner] (PRIDummy) :: Item [892] is hard to place, performance drops: "TerjeAmpouleAmitriptyline"
 7:30:35.674 [CE][LootRespawner] (PRIDummy) :: Item [893] is hard to place, performance drops: "TerjeAmpouleAmitriptyline"
 7:30:35.674 [CE][LootRespawner] (PRIDummy) :: Item [894] is hard to place, performance drops: "TerjeAmpouleAmitriptyline"
 7:30:35.674 [CE][LootRespawner] (PRIDummy) :: Item [895] is hard to place, performance drops: "TerjeAmpouleAmitriptyline"
 7:30:35.674 [CE][LootRespawner] (PRIDummy) :: Item [896] is hard to place, performance drops: "TerjeAmpouleAmitriptyline"
 7:30:35.674 [CE][LootRespawner] (PRIDummy) :: Item [897] is hard to place, performance drops: "TerjeAmpouleAmitriptyline"
 7:30:35.674 [CE][LootRespawner] (PRIDummy) :: Item [898] is hard to place, performance drops: "TerjeAmpouleAmitriptyline"
 7:30:35.674 [CE][LootRespawner] (PRIDummy) :: Item [899] is hard to place, performance drops: "TerjeAmpouleAmitriptyline"
 7:30:35.674 [CE][LootRespawner] (PRIDummy) :: Item [900] is hard to place, performance drops: "TerjeAmpouleAmitriptyline"
 7:30:35.674 [CE][LootRespawner] (PRIDummy) :: Item [901] is hard to place, performance drops: "TerjeAmpouleAmitriptyline"
 7:30:35.674 [CE][LootRespawner] (PRIDummy) :: Item [902] is hard to place, performance drops: "TerjeAmpouleAmitriptyline"
 7:30:35.674 [CE][LootRespawner] (PRIDummy) :: Item [903] is hard to place, performance drops: "TerjeAmpouleAmitriptyline"
 7:30:35.674 [CE][LootRespawner] (PRIDummy) :: Item [904] is hard to place, performance drops: "TerjeAmpouleAmitriptyline"
 7:30:35.674 [CE][LootRespawner] (PRIDummy) :: Item [905] is hard to place, performance drops: "TerjeAmpouleAmitriptyline"
 7:30:35.674 [CE][LootRespawner] (PRIDummy) :: Item [906] is hard to place, performance drops: "TerjeAmpouleAmitriptyline"
 7:30:35.674 [CE][LootRespawner] (PRIDummy) :: Item [907] is hard to place, performance drops: "TerjeAmpouleAmitriptyline"
 7:30:35.674 [CE][LootRespawner] (PRIDummy) :: Item [908] is hard to place, performance drops: "TerjeAmpouleAmitriptyline"
 7:30:35.674 [CE][LootRespawner] (PRIDummy) :: Item [909] is hard to place, performance drops: "TerjeAmpouleAmitriptyline"
 7:30:35.674 [CE][LootRespawner] (PRIDummy) :: Item [910] is hard to place, performance drops: "TerjeAmpouleAmitriptyline"
 7:30:35.674 [CE][LootRespawner] (PRIDummy) :: Item [911] is hard to place, performance drops: "TerjeAmpouleAmitriptyline"
 7:30:35.674 [CE][LootRespawner] (PRIDummy) :: Item [912] is hard to place, performance drops: "TerjeAmpouleAmitriptyline"
 7:30:35.674 [CE][LootRespawner] (PRIDummy) :: Item [913] is hard to place, performance drops: "TerjeAmpouleAmitriptyline"
 7:30:35.674 [CE][LootRespawner] (PRIDummy) :: Item [914] is hard to place, performance drops: "TerjeAmpouleAmitriptyline"
 7:30:35.674 [CE][LootRespawner] (PRIDummy) :: Item [915] is hard to place, performance drops: "TerjeAmpouleAmitriptyline"
 7:30:35.674 [CE][LootRespawner] (PRIDummy) :: Item [916] is hard to place, performance drops: "TerjeAmpouleAmitriptyline"
 7:30:35.674 [CE][LootRespawner] (PRIDummy) :: Item [917] is hard to place, performance drops: "TerjeAmpouleAmitriptyline"
 7:30:35.674 [CE][LootRespawner] (PRIDummy) :: Item [918] is hard to place, performance drops: "TerjeAmpouleAmitriptyline"
 7:30:35.674 [CE][LootRespawner] (PRIDummy) :: Item [919] is hard to place, performance drops: "TerjeAmpouleAmitriptyline"
 7:30:35.674 [CE][LootRespawner] (PRIDummy) :: Item [920] is hard to place, performance drops: "TerjeAmpouleAmitriptyline"
 7:30:35.674 [CE][LootRespawner] (PRIDummy) :: Item [921] is hard to place, performance drops: "TerjeAmpouleAmitriptyline"
 7:30:35.674 [CE][LootRespawner] (PRIDummy) :: Item [922] is hard to place, performance drops: "TerjeAmpouleAmitriptyline"
 7:30:35.674 [CE][LootRespawner] (PRIDummy) :: Item [923] is hard to place, performance drops: "TerjeAmpouleAmitriptyline"
 7:30:35.674 [CE][LootRespawner] (PRIDummy) :: Item [924] is hard to place, performance drops: "TerjeAmpouleAmitriptyline"
 7:30:35.674 [CE][LootRespawner] (PRIDummy) :: Item [925] is hard to place, performance drops: "TerjeAmpouleAmitriptyline"
 7:30:35.674 [CE][LootRespawner] (PRIDummy) :: Item [926] is hard to place, performance drops: "TerjeAmpouleAmitriptyline"
 7:30:35.674 [CE][LootRespawner] (PRIDummy) :: Item [927] is hard to place, performance drops: "TerjeAmpouleAmitriptyline"
 7:30:35.674 [CE][LootRespawner] (PRIDummy) :: Item [928] is hard to place, performance drops: "TerjeAmpouleAmitriptyline"
 7:30:35.674 [CE][LootRespawner] (PRIDummy) :: Item [929] is hard to place, performance drops: "TerjeAmpouleAmitriptyline"
 7:30:35.674 [CE][LootRespawner] (PRIDummy) :: Item [930] is hard to place, performance drops: "TerjeAmpouleAmitriptyline"
 7:30:35.674 [CE][LootRespawner] (PRIDummy) :: Item [931] is hard to place, performance drops: "TerjeAmpouleAmitriptyline"
 7:30:35.674 [CE][LootRespawner] (PRIDummy) :: Item [932] is hard to place, performance drops: "TerjeAmpouleAmitriptyline"
 7:30:35.674 [CE][LootRespawner] (PRIDummy) :: Item [933] is hard to place, performance drops: "TerjeAmpouleAmitriptyline"
 7:30:35.674 [CE][LootRespawner] (PRIDummy) :: Item [934] is hard to place, performance drops: "TerjeAmpouleAmitriptyline"
 7:30:35.674 [CE][LootRespawner] (PRIDummy) :: Item [935] is hard to place, performance drops: "TerjeAmpouleAmitriptyline"
 7:30:35.674 [CE][LootRespawner] (PRIDummy) :: Item [936] is hard to place, performance drops: "TerjeAmpouleAmitriptyline"
 7:30:35.674 [CE][LootRespawner] (PRIDummy) :: Item [937] is hard to place, performance drops: "TerjeAmpouleAmitriptyline"
 7:30:35.674 [CE][LootRespawner] (PRIDummy) :: Item [938] is hard to place, performance drops: "TerjeAmpouleAmitriptyline"
 7:30:35.674 [CE][LootRespawner] (PRIDummy) :: Item [939] is hard to place, performance drops: "TerjeAmpouleAmitriptyline"
 7:30:35.674 [CE][LootRespawner] (PRIDummy) :: Item [940] is hard to place, performance drops: "TerjeAmpouleAmitriptyline"
 7:30:35.674 [CE][LootRespawner] (PRIDummy) :: Item [941] is hard to place, performance drops: "TerjeAmpouleAmitriptyline"
 7:30:35.674 [CE][LootRespawner] (PRIDummy) :: Item [942] is hard to place, performance drops: "TerjeAmpouleAmitriptyline"
 7:30:35.674 [CE][LootRespawner] (PRIDummy) :: Item [943] is hard to place, performance drops: "TerjeAmpouleAmitriptyline"
 7:30:35.674 [CE][LootRespawner] (PRIDummy) :: Item [944] is hard to place, performance drops: "TerjeAmpouleAmitriptyline"
 7:30:35.674 [CE][LootRespawner] (PRIDummy) :: Item [945] is hard to place, performance drops: "TerjeAmpouleAmitriptyline"
 7:30:35.674 [CE][LootRespawner] (PRIDummy) :: Item [946] is hard to place, performance drops: "TerjeAmpouleAmitriptyline"
 7:30:35.674 [CE][LootRespawner] (PRIDummy) :: Item [947] is hard to place, performance drops: "TerjeAmpouleAmitriptyline"
 7:30:35.674 [CE][LootRespawner] (PRIDummy) :: Item [948] is hard to place, performance drops: "TerjeAmpouleAmitriptyline"
 7:30:35.674 [CE][LootRespawner] (PRIDummy) :: Item [949] is hard to place, performance drops: "TerjeAmpouleAmitriptyline"
 7:30:35.674 [CE][LootRespawner] (PRIDummy) :: Item [950] is hard to place, performance drops: "TerjeAmpouleAmitriptyline"
 7:30:35.674 [CE][LootRespawner] (PRIDummy) :: Item [951] is hard to place, performance drops: "TerjeAmpouleAmitriptyline"
 7:30:35.674 [CE][LootRespawner] (PRIDummy) :: Item [952] is hard to place, performance drops: "TerjeAmpouleAmitriptyline"
 7:30:35.674 [CE][LootRespawner] (PRIDummy) :: Item [953] is hard to place, performance drops: "TerjeAmpouleAmitriptyline"
 7:30:35.674 [CE][LootRespawner] (PRIDummy) :: Item [954] is hard to place, performance drops: "TerjeAmpouleAmitriptyline"
 7:30:35.674 [CE][LootRespawner] (PRIDummy) :: Item [955] is hard to place, performance drops: "TerjeAmpouleAmitriptyline"
 7:30:35.674 [CE][LootRespawner] (PRIDummy) :: Item [956] is hard to place, performance drops: "TerjeAmpouleAmitriptyline"
 7:30:35.674 [CE][LootRespawner] (PRIDummy) :: Item [957] is hard to place, performance drops: "TerjeAmpouleAmitriptyline"
 7:30:35.674 [CE][LootRespawner] (PRIDummy) :: Item [958] is hard to place, performance drops: "TerjeAmpouleAmitriptyline"
 7:30:35.674 [CE][LootRespawner] (PRIDummy) :: Item [959] is hard to place, performance drops: "TerjeAmpouleAmitriptyline"
 7:30:35.674 [CE][LootRespawner] (PRIDummy) :: Item [960] is hard to place, performance drops: "TerjeAmpouleAmitriptyline"
 7:30:35.674 [CE][LootRespawner] (PRIDummy) :: Item [961] is hard to place, performance drops: "TerjeAmpouleAmitriptyline"
 7:30:35.674 [CE][LootRespawner] (PRIDummy) :: Item [39] causing search overtime: "TerjeAmpouleAmitriptyline"
 7:30:35.775 !!! [CE][Spawn] Character "ZmbM_PatrolNormal_PautRev" at 1786.024414, 5006.575684
 7:30:35.775 !!! [CE][Spawn] Character "ZmbM_PatrolNormal_Summer" at 1750.068359, 4996.241699
 7:30:35.776 !!! [CE][Spawn] Character "ZmbM_usSoldier_normal_Desert" at 1698.340332, 5032.858887
 7:30:35.776 !!! [CE][Spawn] Character "ZmbM_usSoldier_Heavy_Woodland" at 1834.569458, 6466.922852
 7:30:35.777 !!! [CE][Spawn] Character "ZmbM_usSoldier_Heavy_Woodland" at 1779.880737, 6492.545410
 7:30:35.777 !!! [CE][Spawn] Character "ZmbM_PatrolNormal_Flat" at 1756.378784, 6523.695313
 7:30:35.778 !!! [CE][Spawn] Character "ZmbM_SoldierNormal" at 1756.743164, 6570.026367
 7:30:35.778 !!! [CE][Spawn] Character "ZmbM_usSoldier_Officer_Desert" at 1709.286865, 6488.125000
 7:30:35.779 !!! [CE][Spawn] Character "ZmbM_usSoldier_normal_Woodland" at 1741.052612, 6561.877930
 7:30:35.779 !!! [CE][Spawn] Character "ZmbM_PatrolNormal_Flat" at 1791.963013, 6573.302246
 7:30:35.779 !!! [CE][Spawn] Character "ZmbM_usSoldier_normal_Desert" at 1847.049683, 6579.892090
 7:30:35.780 !!! [CE][Spawn] Character "ZmbM_usSoldier_Officer_Desert" at 1825.818359, 6527.252930
 7:30:35.780 !!! [CE][Spawn] Character "ZmbM_usSoldier_normal_Woodland" at 1828.124878, 6471.089355
 7:30:35.780 !!! [CE][Spawn] Character "ZmbM_usSoldier_normal_Desert" at 1773.154053, 6484.643555
 7:30:35.781 !!! [CE][Spawn] Character "ZmbM_usSoldier_Heavy_Woodland" at 2577.277832, 5858.190430
 7:30:35.782 !!! [CE][Spawn] Character "ZmbM_SoldierNormal" at 2598.322998, 5851.767578
 7:30:35.782 !!! [CE][Spawn] Character "ZmbM_SoldierNormal" at 2614.751221, 5834.652344
 7:30:35.782 !!! [CE][Spawn] Character "ZmbM_PatrolNormal_PautRev" at 2601.608887, 5814.680664
 7:30:35.783 !!! [CE][Spawn] Character "ZmbM_PatrolNormal_Autumn" at 1682.057129, 2574.879395
 7:30:35.784 !!! [CE][Spawn] Character "ZmbM_PatrolNormal_Autumn" at 1636.549072, 2566.432129
 7:30:35.784 !!! [CE][Spawn] Character "ZmbF_SkaterYoung_Violet" at 2610.310059, 5719.445313
 7:30:35.784 !!! [CE][Spawn] Character "ZmbM_CitizenASkinny_Blue" at 2585.292725, 5728.442383
 7:30:35.785 !!! [CE][Spawn] Character "ZmbF_SurvivorNormal_White" at 2159.586670, 3050.386230
 7:30:35.786 !!! [CE][Spawn] Character "ZmbF_ShortSkirt_yellow" at 2305.050781, 3076.748535
 7:30:35.786 !!! [CE][Spawn] Character "ZmbM_MotobikerFat_Beige" at 2084.432861, 3199.748535
 7:30:35.787 !!! [CE][Spawn] Character "ZmbM_CitizenBFat_Green" at 2225.358643, 3163.901123
 7:30:35.788 !!! [CE][Spawn] Character "ZmbF_SurvivorNormal_Blue" at 2534.957031, 3116.424072
 7:30:35.788 !!! [CE][Spawn] Character "ZmbM_CitizenASkinny_Grey" at 2422.408936, 3118.607422
 7:30:35.788 !!! [CE][Spawn] Character "ZmbF_SurvivorNormal_Blue" at 6719.891113, 3710.306152
 7:30:35.789 !!! [CE][Spawn] Character "ZmbM_SkaterYoung_Brown" at 6784.730469, 3724.922119
 7:30:35.790 !!! [CE][Spawn] Character "ZmbF_ShortSkirt_brown" at 6787.812500, 3655.678711
 7:30:35.790 !!! [CE][Spawn] Character "ZmbF_ShortSkirt_white" at 6744.291504, 3592.975098
 7:30:35.792 !!! [CE][Spawn] Character "ZmbM_CitizenASkinny_Grey" at 6684.920410, 3636.619873
 7:30:35.792 !!! [CE][Spawn] Character "ZmbM_CitizenBFat_Blue" at 6656.772949, 3682.441406
 7:30:35.793 !!! [CE][Spawn] Character "ZmbF_SkaterYoung_Brown" at 6695.470703, 3715.038086
 7:30:35.793 !!! [CE][Spawn] Character "ZmbM_CitizenBFat_Red" at 6761.769531, 3755.459229
 7:30:35.793 !!! [CE][Spawn] Character "ZmbF_Clerk_Normal_Red" at 6391.173340, 3588.449463
 7:30:35.793 !!! [CE][Spawn] Character "ZmbF_Clerk_Normal_Red" at 6390.253906, 3653.351563
 7:30:35.794 !!! [CE][Spawn] Character "ZmbM_CitizenBFat_Green" at 4389.561523, 7755.754395
 7:30:35.794 !!! [CE][Spawn] Character "ZmbF_ShortSkirt_checks" at 4369.221191, 7829.661621
 7:30:35.794 !!! [CE][Spawn] Character "ZmbM_NBC_Yellow" at 2067.661621, 2970.885498
 7:30:35.795 !!! [CE][Spawn] Character "ZmbM_FirefighterNormal" at 2037.793701, 2979.074219
 7:30:35.795 !!! [CE][Spawn] Character "ZmbM_FirefighterNormal" at 6825.976563, 3832.713623
 7:30:35.796 !!! [CE][Spawn] Character "ZmbM_FirefighterNormal" at 6829.281738, 3875.506836
 7:30:35.796 !!! [CE][Spawn] Character "ZmbM_FirefighterNormal" at 4048.548340, 6707.200195
 7:30:35.797 !!! [CE][Spawn] Character "ZmbM_FirefighterNormal" at 4048.703857, 6682.523438
 7:30:35.798 !!! [CE][Spawn] Character "ZmbM_FirefighterNormal" at 6801.158203, 1696.546631
 7:30:35.798 !!! [CE][Spawn] Character "ZmbM_FirefighterNormal" at 4720.645508, 7545.639648
 7:30:35.798 !!! [CE][Spawn] Character "ZmbF_MechanicNormal_Grey" at 1997.785889, 5392.522949
 7:30:35.798 !!! [CE][Spawn] Character "ZmbF_MechanicNormal_Green" at 1942.747070, 5407.801758
 7:30:35.799 !!! [CE][Spawn] Character "ZmbM_ConstrWorkerNormal_Black" at 1465.022339, 5575.191406
 7:30:35.799 !!! [CE][Spawn] Character "ZmbF_MechanicNormal_Green" at 1454.150269, 5605.127930
 7:30:35.800 !!! [CE][Spawn] Character "ZmbM_HeavyIndustryWorker" at 2257.478027, 6312.414063
 7:30:35.800 !!! [CE][Spawn] Character "ZmbM_OffshoreWorker_Red" at 2224.219482, 6284.936523
 7:30:35.801 !!! [CE][Spawn] Character "ZmbF_MechanicNormal_Beige" at 2822.284668, 5954.310059
 7:30:35.801 !!! [CE][Spawn] Character "ZmbF_BlueCollarFat_Green" at 2793.842285, 5962.526367
 7:30:35.801 !!! [CE][Spawn] Character "ZmbF_MechanicNormal_Grey" at 2731.469971, 5926.311523
 7:30:35.801 !!! [CE][Spawn] Character "ZmbM_MechanicSkinny_Grey" at 2762.159180, 5922.746094
 7:30:35.802 !!! [CE][Spawn] Character "ZmbF_BlueCollarFat_Green" at 2647.776855, 5991.727539
 7:30:35.803 !!! [CE][Spawn] Character "ZmbM_OffshoreWorker_Green" at 2669.447266, 5998.286133
 7:30:35.803 !!! [CE][Spawn] Character "ZmbM_MechanicSkinny_Blue" at 1275.726929, 3016.200195
 7:30:35.804 !!! [CE][Spawn] Character "ZmbM_HandymanNormal_Beige" at 1221.585938, 3003.057861
 7:30:35.804 !!! [CE][Spawn] Character "ZmbF_BlueCollarFat_White" at 888.310547, 3340.012451
 7:30:35.805 !!! [CE][Spawn] Character "ZmbM_OffshoreWorker_Green" at 848.149597, 3312.782227
 7:30:35.806 !!! [CE][Spawn] Character "ZmbM_HeavyIndustryWorker" at 793.425171, 3259.394531
 7:30:35.806 !!! [CE][Spawn] Character "ZmbF_MechanicNormal_Green" at 1017.535583, 3466.091553
 7:30:35.808 !!! [CE][Spawn] Character "ZmbF_BlueCollarFat_Green" at 946.943604, 3432.182861
 7:30:35.808 !!! [CE][Spawn] Character "ZmbM_ConstrWorkerNormal_Black" at 874.500183, 3463.012207
 7:30:35.808 !!! [CE][Spawn] Character "ZmbF_DoctorSkinny" at 4111.242676, 7081.075195
 7:30:35.808 !!! [CE][Spawn] Character "ZmbM_PatientSkinny" at 4083.306885, 7073.941406
 7:30:35.808 !!! [CE][Spawn] Character "ZmbF_ParamedicNormal_Red" at 1814.178467, 1816.672119
 7:30:35.809 !!! [CE][Spawn] Character "ZmbM_NBC_Yellow" at 915.971313, 3368.814453
 7:30:35.809 !!! [CE][Spawn] Character "ZmbF_ParamedicNormal_Green" at 900.387146, 3346.708496
 7:30:35.809 !!! [CE][Spawn] Character "ZmbM_ParamedicNormal_Green" at 6923.134766, 2332.588623
 7:30:35.809 !!! [CE][Spawn] Character "ZmbF_NurseFat" at 6986.188477, 2252.219482
 7:30:35.809 !!! [CE][Spawn] Character "ZmbF_ParamedicNormal_Blue" at 7028.904785, 2369.586914
 7:30:35.810 !!! [CE][Spawn] Character "ZmbM_ParamedicNormal_Black" at 6903.039063, 6081.191406
 7:30:35.810 !!! [CE][Spawn] Character "ZmbM_ParamedicNormal_Red" at 3999.362549, 7410.191895
 7:30:35.810 !!! [CE][Spawn] Character "ZmbF_NurseFat" at 3988.348145, 7444.796875
 7:30:35.810 !!! [CE][Spawn] Character "ZmbF_ParamedicNormal_Green" at 4230.141602, 7578.472168
 7:30:35.811 !!! [CE][Spawn] Character "ZmbF_DoctorSkinny" at 4209.807617, 7604.513184
 7:30:35.811 !!! [CE][Spawn] Character "ZmbM_NBC_Yellow" at 4236.935059, 7606.725586
 7:30:35.811 !!! [CE][Spawn] Character "ZmbM_ParamedicNormal_Red" at 4237.527344, 7632.327637
 7:30:35.812 !!! [CE][Spawn] Character "ZmbM_DoctorFat" at 4364.146973, 7616.256348
 7:30:35.812 !!! [CE][Spawn] Character "ZmbF_PatientOld" at 4326.280762, 7606.818848
 7:30:35.813 !!! [CE][Spawn] Character "ZmbM_DoctorFat" at 7077.786133, 7496.556641
 7:30:35.813 !!! [CE][Spawn] Character "ZmbM_DoctorFat" at 7047.020996, 7478.607422
 7:30:35.813 !!! [CE][Spawn] Character "ZmbM_ParamedicNormal_Blue" at 6117.372070, 2609.642090
 7:30:35.814 !!! [CE][Spawn] Character "ZmbM_NBC_Yellow" at 7563.800781, 6966.041504
 7:30:35.814 !!! [CE][Spawn] Character "ZmbM_NBC_Yellow" at 7713.179199, 7069.138672
 7:30:35.814 !!! [CE][Spawn] Character "ZmbM_PolicemanSpecForce_Heavy" at 6514.315918, 3807.209229
 7:30:35.815 !!! [CE][Spawn] Character "ZmbF_PoliceWomanNormal" at 6544.509277, 3787.331543
 7:30:35.815 !!! [CE][Spawn] Character "ZmbF_PoliceWomanNormal" at 4367.849609, 7605.612305
 7:30:35.816 !!! [CE][Spawn] Character "ZmbM_PolicemanFat" at 4377.705078, 7574.342773
 7:30:35.816 !!! [CE][Spawn] Character "ZmbM_PolicemanFat" at 7054.905273, 7502.697266
 7:30:35.816 !!! [CE][Spawn] Character "ZmbM_PrisonerSkinny" at 6899.915039, 6748.837402
 7:30:35.816 !!! [CE][Spawn] Character "ZmbM_PrisonerSkinny" at 6897.218750, 6713.750000
 7:30:35.817 !!! [CE][Spawn] Character "ZmbM_PrisonerSkinny" at 6860.200195, 6705.000000
 7:30:35.817 !!! [CE][Spawn] Character "ZmbM_PrisonerSkinny" at 6852.511719, 6738.456543
 7:30:35.817 !!! [CE][Spawn] Character "ZmbM_PrisonerSkinny" at 6836.590820, 6925.675293
 7:30:35.817 !!! [CE][Spawn] Character "ZmbM_PrisonerSkinny" at 6862.995117, 6899.682617
 7:30:35.818 !!! [CE][Spawn] Character "ZmbM_PrisonerSkinny" at 6868.389648, 6872.907715
 7:30:35.818 !!! [CE][Spawn] Character "ZmbM_PrisonerSkinny" at 6850.738281, 6853.349121
 7:30:35.818 !!! [CE][Spawn] Character "ZmbM_PrisonerSkinny" at 6822.018555, 6852.296387
 7:30:35.818 !!! [CE][Spawn] Character "ZmbM_PrisonerSkinny" at 6821.019043, 6878.898438
 7:30:35.818 !!! [CE][Spawn] Character "ZmbM_PrisonerSkinny" at 6811.090820, 6914.435059
 7:30:35.819 !!! [CE][Spawn] Character "ZmbM_PrisonerSkinny" at 6848.546875, 6785.862793
 7:30:35.819 !!! [CE][Spawn] Character "ZmbM_PrisonerSkinny" at 6813.465332, 6784.574219
 7:30:35.820 !!! [CE][Spawn] Character "ZmbM_PrisonerSkinny" at 6777.410645, 6777.831055
 7:30:35.821 !!! [CE][Spawn] Character "ZmbM_PrisonerSkinny" at 6763.799805, 6818.204102
 7:30:35.821 !!! [CE][Spawn] Character "ZmbM_PrisonerSkinny" at 6796.191895, 6843.093262
 7:30:35.821 !!! [CE][Spawn] Character "ZmbM_PrisonerSkinny" at 6825.087891, 6831.442871
 7:30:35.821 !!! [CE][Spawn] Character "ZmbM_PrisonerSkinny" at 6847.175781, 6811.308594
 7:30:35.821 !!! [CE][Spawn] Character "ZmbM_PrisonerSkinny" at 6945.266602, 6802.484863
 7:30:35.822 !!! [CE][Spawn] Character "ZmbM_PrisonerSkinny" at 6934.923340, 6773.843262
 7:30:35.822 !!! [CE][Spawn] Character "ZmbM_priestPopSkinny" at 4297.025391, 7359.190918
 7:30:35.822 !!! [CE][Spawn] Character "ZmbM_priestPopSkinny" at 4292.286621, 7390.362305
 7:30:35.822 !!! [CE][Spawn] Character "ZmbM_priestPopSkinny" at 4273.441895, 7371.578613
 7:30:35.823 !!! [CE][Spawn] Character "ZmbM_priestPopSkinny" at 4236.950195, 7378.039063
 7:30:35.823 !!! [CE][Spawn] Character "ZmbM_HermitSkinny_Beige" at 5059.252441, 1895.835938
 7:30:35.824 !!! [CE][Spawn] Character "ZmbM_HunterOld_Autumn" at 4979.526855, 1868.926636
 7:30:35.824 !!! [CE][Spawn] Character "ZmbM_HunterOld_Winter" at 5962.621582, 2716.000244
 7:30:35.824 !!! [CE][Spawn] Character "ZmbM_FishermanOld_Red" at 5906.672363, 2735.196045
 7:30:35.824 !!! [CE][Spawn] Character "ZmbM_HermitSkinny_Black" at 4868.644043, 2704.427490
 7:30:35.824 !!! [CE][Spawn] Character "ZmbF_HikerSkinny_Blue" at 4932.855469, 2750.596924
 7:30:35.825 !!! [CE][Spawn] Character "ZmbM_FishermanOld_Red" at 6134.799805, 3841.699951
 7:30:35.825 !!! [CE][Spawn] Character "ZmbM_FishermanOld_Blue" at 6186.322754, 3903.455322
 7:30:35.825 !!! [CE][Spawn] Character "ZmbM_HikerSkinny_Yellow" at 5962.364746, 5027.676270
 7:30:35.825 !!! [CE][Spawn] Character "ZmbM_HermitSkinny_Black" at 5986.158203, 5102.098145
 7:30:35.826 !!! [CE][Spawn] Character "ZmbM_HermitSkinny_Beige" at 4152.787109, 4923.812988
 7:30:35.826 !!! [CE][Spawn] Character "ZmbM_FishermanOld_Blue" at 4129.199707, 4869.182129
 7:30:35.826 !!! [CE][Spawn] Character "ZmbM_HunterOld_Summer" at 4064.071533, 4877.911133
 7:30:35.827 !!! [CE][Spawn] Character "ZmbF_HikerSkinny_Red" at 4057.848389, 4935.811035
 7:30:35.827 !!! [CE][Spawn] Character "ZmbF_HikerSkinny_Blue" at 4078.137939, 4970.441406
 7:30:35.827 !!! [CE][Spawn] Character "ZmbM_FishermanOld_Grey" at 4120.671387, 4996.592773
 7:30:35.827 !!! [CE][Spawn] Character "ZmbM_HunterOld_Autumn" at 3387.420654, 3072.850342
 7:30:35.827 !!! [CE][Spawn] Character "ZmbM_HermitSkinny_Red" at 3405.627441, 3010.696533
 7:30:35.828 !!! [CE][Spawn] Character "ZmbM_HikerSkinny_Blue" at 4277.437988, 7140.864258
 7:30:35.828 !!! [CE][Spawn] Character "ZmbM_HunterOld_Autumn" at 4214.767090, 7114.231445
 7:30:35.829 !!! [CE][Spawn] Character "ZmbM_Jacket_beige" at 2683.678467, 5621.657715
 7:30:35.831 !!! [CE][Spawn] Character "ZmbM_Jacket_beige" at 2717.991211, 5613.125488
 7:30:35.832 !!! [CE][Spawn] Character "ZmbM_Jacket_brown" at 2321.689453, 5722.343262
 7:30:35.833 !!! [CE][Spawn] Character "ZmbF_JoggerSkinny_Brown" at 2361.903076, 5768.063477
 7:30:35.835 !!! [CE][Spawn] Character "ZmbM_VillagerOld_White" at 1901.695435, 7795.223633
 7:30:35.835 !!! [CE][Spawn] Character "ZmbF_JoggerSkinny_Green" at 1891.154419, 7851.285645
 7:30:35.836 !!! [CE][Spawn] Character "ZmbM_Jacket_stripes" at 2544.445068, 7646.155762
 7:30:35.838 !!! [CE][Spawn] Character "ZmbF_MilkMaidOld_Beige" at 2604.676270, 7647.112793
 7:30:35.838 !!! [CE][Spawn] Character "ZmbM_Jacket_grey" at 1665.057373, 7435.463867
 7:30:35.839 !!! [CE][Spawn] Character "ZmbM_Jacket_khaki" at 1723.915527, 7461.016602
 7:30:35.841 !!! [CE][Spawn] Character "ZmbM_JoggerSkinny_Green" at 1709.652222, 7619.303223
 7:30:35.841 !!! [CE][Spawn] Character "ZmbM_JoggerSkinny_Blue" at 1745.476929, 7648.532227
 7:30:35.842 !!! [CE][Spawn] Character "ZmbM_Jacket_grey" at 1673.291382, 2911.876221
 7:30:35.842 !!! [CE][Spawn] Character "ZmbF_JoggerSkinny_Brown" at 1633.869263, 2956.968262
 7:30:35.843 !!! [CE][Spawn] Character "ZmbM_Jacket_black" at 820.308105, 2960.872070
 7:30:35.844 !!! [CE][Spawn] Character "ZmbF_VillagerOld_White" at 773.547363, 2979.824463
 7:30:35.845 !!! [CE][Spawn] Character "ZmbM_Jacket_black" at 773.021912, 3032.552734
 7:30:35.845 !!! [CE][Spawn] Character "ZmbM_JoggerSkinny_Blue" at 1317.641113, 2691.581543
 7:30:35.846 !!! [CE][Spawn] Character "ZmbF_JoggerSkinny_Blue" at 1303.149536, 2594.025391
 7:30:35.846 !!! [CE][Spawn] Character "ZmbM_Jacket_greenchecks" at 2326.716309, 1748.730957
 7:30:35.918 [CE][DE] [StaticPoliceCar] Spawning: EventID:[25] CurrentID:[40] at [2728.1,-1.0,5961.0] a: -1.000
 7:30:35.919 [CE][Links] found 0 total links between groups, of 1
 7:30:35.919 [CE][SpawnRandomLoot] (StaticPoliceCar) :: Type: Land_Wreck_sed01_aban2_police, lootmin: 3, lootmax: 5, wanted: 3, deloot: 6, containermaxsum: 6
 7:30:35.920 [CE][SpawnRandomLoot] (StaticPoliceCar) :: EventID:[25] CurrentID[40] at [2728.14,5961.07]: 3 items added :: DELoot(0) other(3)
 7:30:35.920 	!!! (child) Land_Wreck_sed01_aban2_police spawns loot or dispatch but can not be saved because of non-saveable StorageCategory.
 7:30:35.920   Infected Zone for DynamicEvent "StaticPoliceCar" ID[40] at [2728.14,5961.07]...
 7:30:35.920 	(child) Spawned Land_Wreck_sed01_aban2_police EventID:[25] CurrentID:[40] at [2728.1,44.7,5961.1] a: 59.570
 7:30:35.920 [CE][DE] [StaticPoliceCar] Spawning: EventID:[25] CurrentID:[41] at [1715.2,-1.0,2928.2] a: -1.000
 7:30:35.926 [CE][Links] found 0 total links between groups, of 2
 7:30:35.926 [CE][SpawnRandomLoot] (StaticPoliceCar) :: Type: Land_Wreck_sed01_aban1_police, lootmin: 3, lootmax: 5, wanted: 4, deloot: 6, containermaxsum: 6
 7:30:35.928 [CE][SpawnRandomLoot] (StaticPoliceCar) :: EventID:[25] CurrentID[41] at [1715.26,2928.05]: 4 items added :: DELoot(0) other(4)
 7:30:35.928 	!!! (child) Land_Wreck_sed01_aban1_police spawns loot or dispatch but can not be saved because of non-saveable StorageCategory.
 7:30:35.928   Infected Zone for DynamicEvent "StaticPoliceCar" ID[41] at [1715.26,2928.05]...
 7:30:35.928 	(child) Spawned Land_Wreck_sed01_aban1_police EventID:[25] CurrentID:[41] at [1715.3,53.8,2928.1] a: 48.154
 7:30:35.928 [CE][DE] [StaticPoliceCar] Spawning: EventID:[25] CurrentID:[42] at [7767.3,-1.0,2295.4] a: -1.000
 7:30:35.929 [CE][Links] found 0 total links between groups, of 3
 7:30:35.929 [CE][SpawnRandomLoot] (StaticPoliceCar) :: Type: Land_Wreck_sed01_aban2_police, lootmin: 3, lootmax: 5, wanted: 4, deloot: 6, containermaxsum: 6
 7:30:35.933 [CE][SpawnRandomLoot] (StaticPoliceCar) :: EventID:[25] CurrentID[42] at [7767.27,2295.51]: 4 items added :: DELoot(0) other(4)
 7:30:35.933 	!!! (child) Land_Wreck_sed01_aban2_police spawns loot or dispatch but can not be saved because of non-saveable StorageCategory.
 7:30:35.933   Infected Zone for DynamicEvent "StaticPoliceCar" ID[42] at [7767.27,2295.51]...
 7:30:35.933 	(child) Spawned Land_Wreck_sed01_aban2_police EventID:[25] CurrentID:[42] at [7767.3,26.9,2295.5] a: 237.521
 7:30:35.933 [CE][DE] [StaticPoliceCar] Spawning: EventID:[25] CurrentID:[43] at [6864.9,-1.0,3857.8] a: -1.000
 7:30:35.935 [CE][Links] found 0 total links between groups, of 4
 7:30:35.935 [CE][SpawnRandomLoot] (StaticPoliceCar) :: Type: Land_Wreck_sed01_aban1_police, lootmin: 3, lootmax: 5, wanted: 4, deloot: 6, containermaxsum: 6
 7:30:35.936 [CE][SpawnRandomLoot] (StaticPoliceCar) :: EventID:[25] CurrentID[43] at [6864.82,3857.73]: 4 items added :: DELoot(0) other(4)
 7:30:35.936 	!!! (child) Land_Wreck_sed01_aban1_police spawns loot or dispatch but can not be saved because of non-saveable StorageCategory.
 7:30:35.936   Infected Zone for DynamicEvent "StaticPoliceCar" ID[43] at [6864.82,3857.73]...
 7:30:35.937 	(child) Spawned Land_Wreck_sed01_aban1_police EventID:[25] CurrentID:[43] at [6864.8,19.9,3857.7] a: 228.347
 7:30:35.937 [CE][DE] [StaticPoliceCar] Spawning: EventID:[25] CurrentID:[44] at [1592.6,-1.0,594.7] a: -1.000
 7:30:35.937 [CE][Links] found 0 total links between groups, of 5
 7:30:35.937 [CE][SpawnRandomLoot] (StaticPoliceCar) :: Type: Land_Wreck_sed01_aban1_police, lootmin: 3, lootmax: 5, wanted: 4, deloot: 6, containermaxsum: 6
 7:30:35.939 [CE][SpawnRandomLoot] (StaticPoliceCar) :: EventID:[25] CurrentID[44] at [1592.76,594.80]: 4 items added :: DELoot(0) other(4)
 7:30:35.939 	!!! (child) Land_Wreck_sed01_aban1_police spawns loot or dispatch but can not be saved because of non-saveable StorageCategory.
 7:30:35.939   Infected Zone for DynamicEvent "StaticPoliceCar" ID[44] at [1592.76,594.80]...
 7:30:35.939 	(child) Spawned Land_Wreck_sed01_aban1_police EventID:[25] CurrentID:[44] at [1592.8,16.3,594.8] a: 42.661
 7:30:35.939 [CE][DE] [StaticPoliceCar] Spawning: EventID:[25] CurrentID:[45] at [1715.2,-1.0,2928.2] a: -1.000
 7:30:35.939 	spawn refused... too close to another one.
 7:30:35.939 [CE][DE] [StaticPoliceCar] Spawning: EventID:[25] CurrentID:[45] at [1910.6,-1.0,603.2] a: -1.000
 7:30:35.940 [CE][Links] found 0 total links between groups, of 6
 7:30:35.940 [CE][SpawnRandomLoot] (StaticPoliceCar) :: Type: Land_Wreck_sed01_aban1_police, lootmin: 3, lootmax: 5, wanted: 4, deloot: 6, containermaxsum: 6
 7:30:35.942 [CE][SpawnRandomLoot] (StaticPoliceCar) :: EventID:[25] CurrentID[45] at [1910.65,603.37]: 4 items added :: DELoot(0) other(4)
 7:30:35.942 	!!! (child) Land_Wreck_sed01_aban1_police spawns loot or dispatch but can not be saved because of non-saveable StorageCategory.
 7:30:35.942   Infected Zone for DynamicEvent "StaticPoliceCar" ID[45] at [1910.65,603.37]...
 7:30:35.942 	(child) Spawned Land_Wreck_sed01_aban1_police EventID:[25] CurrentID:[45] at [1910.6,16.3,603.4] a: 78.697
 7:30:35.942 [CE][DE] [StaticPoliceCar] Spawning: EventID:[25] CurrentID:[46] at [4901.1,-1.0,7501.9] a: -1.000
 7:30:35.943 [CE][Links] found 0 total links between groups, of 7
 7:30:35.943 [CE][SpawnRandomLoot] (StaticPoliceCar) :: Type: Land_Wreck_sed01_aban2_police, lootmin: 3, lootmax: 5, wanted: 4, deloot: 6, containermaxsum: 6
 7:30:35.945 [CE][SpawnRandomLoot] (StaticPoliceCar) :: EventID:[25] CurrentID[46] at [4901.00,7501.95]: 4 items added :: DELoot(0) other(4)
 7:30:35.945 	!!! (child) Land_Wreck_sed01_aban2_police spawns loot or dispatch but can not be saved because of non-saveable StorageCategory.
 7:30:35.945   Infected Zone for DynamicEvent "StaticPoliceCar" ID[46] at [4901.00,7501.95]...
 7:30:35.945 	(child) Spawned Land_Wreck_sed01_aban2_police EventID:[25] CurrentID:[46] at [4901.0,16.4,7501.9] a: 223.082
 7:30:35.945 [CE][DE] [StaticPoliceCar] Spawning: EventID:[25] CurrentID:[47] at [2916.2,-1.0,6087.8] a: -1.000
 7:30:35.945 	spawn refused... too close to another one.
 7:30:35.945 [CE][DE] [StaticPoliceCar] Spawning: EventID:[25] CurrentID:[47] at [1631.7,-1.0,594.7] a: -1.000
 7:30:35.945 	spawn refused... too close to another one.
 7:30:35.945 [CE][DE] [StaticPoliceCar] Spawning: EventID:[25] CurrentID:[47] at [2127.5,-1.0,3048.1] a: -1.000
 7:30:35.946 [CE][Links] found 0 total links between groups, of 8
 7:30:35.946 [CE][SpawnRandomLoot] (StaticPoliceCar) :: Type: Land_Wreck_sed01_aban1_police, lootmin: 3, lootmax: 5, wanted: 3, deloot: 6, containermaxsum: 6
 7:30:35.947 [CE][SpawnRandomLoot] (StaticPoliceCar) :: EventID:[25] CurrentID[47] at [2127.33,3048.14]: 3 items added :: DELoot(0) other(3)
 7:30:35.947 	!!! (child) Land_Wreck_sed01_aban1_police spawns loot or dispatch but can not be saved because of non-saveable StorageCategory.
 7:30:35.947   Infected Zone for DynamicEvent "StaticPoliceCar" ID[47] at [2127.33,3048.14]...
 7:30:35.947 	(child) Spawned Land_Wreck_sed01_aban1_police EventID:[25] CurrentID:[47] at [2127.3,55.6,3048.1] a: 181.533
 7:30:35.948 !!! [CE][Spawn] Character "ZmbM_PolicemanSpecForce_Heavy" at 1734.485352, 2888.941162
 7:30:35.949 !!! [CE][Spawn] Character "ZmbM_PolicemanSpecForce_Heavy" at 1706.726440, 2911.883545
 7:30:35.949 !!! [CE][Spawn] Character "ZmbM_PolicemanSpecForce_Heavy" at 7760.740234, 2319.738770
 7:30:35.949 !!! [CE][Spawn] Character "ZmbM_PolicemanSpecForce_Heavy" at 7776.715332, 2308.241943
 7:30:35.950 !!! [CE][Spawn] Character "ZmbM_PrisonerSkinny" at 6848.773438, 3856.193359
 7:30:35.950 !!! [CE][Spawn] Character "ZmbM_PolicemanSpecForce_Heavy" at 1596.435181, 572.701782
 7:30:35.950 !!! [CE][Spawn] Character "ZmbM_PolicemanSpecForce_Heavy" at 1939.745972, 570.644531
 7:31:02.374  --- Termination successfully completed --- 
