=====================================================================
== G:\SteamLibrary\steamapps\common\DayZServer\DayZServer_x64.exe
== G:\SteamLibrary\steamapps\common\DayZServer\DayZServer_x64.exe -config=serverDZ.cfg "-mod=@AICFireplaceIndoor;@AimSounds;@AI War Zones;@Alteria;@AmmoStacks;@Basic Ear Plugs;@BetterSuppressors;@BoomLays Craftables;@CarVanillaPlus;@CF;@Code Lock;@Combinable RepairKits;@Coupled Mag Vanilla;@Dabs Framework;@DayZ-Dynamic-AI-Addon;@DayZ-Expansion-AI;@DayZ-Expansion-Core;@Forward Operator Gear;@GoreZ;@GSC Gameworld Assets;@InventoryInCar;@Inventory Move Sounds;@JunkYardDog;@LoftDModGR Clothes Pack;@LoftD_old_size;@Loot Barrel Transfer;@MagazineLoading;@More Durable Weapons;@Mounts Sights;@Nomadbackpack;@pvez test;@RaG_BaseItems;@RaG_Immersive_Vehicles;@RaG_Immersive_Wells;@Realistic Display Quantity;@RUSForma_vehicles;@SearchInventory;@SimpleLootChests;@StaminaRevised;@TerjeCompatibilityVPP;@TerjeCore;@Terje for FOG v2;@TerjeMedicine;@TerjePartyMod;@TerjeSkills;@TerjeSleepingBagAttach;@TerjeStartScreen;@Utopia Airdrop;@VPPAdminTools;@WindstridesClothingPack;@Utopia Animated Heli Crashs;@RaG_BaseBuilding;@No Build Zones;@Vanilla Suppressor Plus;@Harks Blood Plague;@HP Crafter Workbench;@Knock Knock Zombies;@GarbageSearch;@TWOC_CombineItems;@FC_Fish_Equip;@CookZ;@Territory Plus;@CBD Loot Rooms;@Ammo Making;@InediaTerjeCompatibility;@InediaInfectedAI;" -profiles=profiles
=====================================================================
Exe timestamp: 2025/08/07 20:07:14
Current time:  2025/08/29 11:11:45
Version 1.28.160123
=====================================================================

11:11:45.192 [Inputs] Loading inputs default "bin/constants.xml"
11:11:45.302 [Inputs] Loading inputs default "bin/specific.xml"
11:11:45.303 [Inputs] Loading inputs default "EarPlugs\data\inputs.xml"
11:11:45.303 [Inputs] Loading inputs default "InventoryMoveSounds/Scripts/Data/Inputs.xml"
11:11:45.303 [Inputs] Loading inputs default "PVEZ/data/inputs.xml"
11:11:45.303 [Inputs] Loading inputs default "SearchInventory/Scripts/Data/inputs.xml"
11:11:45.303 [Inputs] Loading inputs default "VPPAdminTools/data/modded_Inputs.xml"
11:11:45.318 [Inputs] Loading inputs default "WindstrideClothing/Inputs.xml"
11:11:45.331 !!! [Inputs] Cannot load inputs default "", file does not exist
11:11:45.331 !!! [Inputs] Failed to load MODDED inputs - file name/ path invalid?
11:11:45.331 [Inputs] Loading inputs default "FOG_MOD/Scripts/Data/inputs.xml"
11:11:45.331 [Inputs] Loading inputs default "rag/rag_immersive_vehicles/scripts/4_world/rag_immersive_vehicles/actions/inputs/inputs.xml"
11:11:45.331 [Inputs] Loading inputs default "RaG_BaseBuilding/Data/inputs/Inputs.xml"
11:11:45.344 [Inputs] Loading inputs default "DayZExpansion/AI/Scripts/inputs.xml"
11:11:45.344 [Inputs] Loading inputs cfg "profiles\Users\Survivor\Server.core.xml"
11:11:45.344 !!! [Inputs] Cannot read inputs cfg "profiles\Users\Survivor\Server.core.xml", parser error
11:11:45.344 [Inputs] Loading inputs cfg "bin/core.xml"
11:11:45.344 !!! [Inputs] Cannot load input preset "#STR_USER", file does not exist
11:11:45.346 [Inputs] Exporting inputs cfg "profiles\Users\Survivor\Server.core.xml"
11:12:19.975 Hostname of server: "[AU]Project Genesis|Alteria|PVE|AI|Skills|Hardcore Survival"
11:14:14.227 [CE][Hive] :: Initializing OFFLINE
11:14:14.227 [StorageDirs] :: Selected storage directory: G:\SteamLibrary\steamapps\common\DayZServer\mpmissions\empty.alteria\storage_380881\
11:14:14.227 [CE][Hive] :: Loading core data ... 
11:14:14.246 [CE][CoreData] :: 7 root classes, 19 defaults, 0 updaters...
11:15:13.446 [CE] :: WARNING :: Preset (attachments) with name 'SantaHat' was not found.
11:15:13.446 [CE] :: WARNING :: Preset (cargo) with name 'optics' was not found.
11:15:13.446 [CE] :: WARNING :: Preset (cargo) with name 'optics' was not found.
11:15:13.447 [CE][TypeSetup] :: 496 classes setuped...
11:15:13.475 [CE][TypeSetup] :: 117 classes setuped...
11:15:17.916 [CE][RegisterBind] :: 0 classes binded...
11:15:17.917 [CE][RegisterConfig] :: 20306 config classes registered, 0 sub-counters...
11:15:17.917 [CE][Hive] :: Loading map data ... 
11:15:17.917 [CE][IgnoreList] "cfgignorelist.xml" :: loaded 1 types
11:15:18.11 [CE][LoadPrototype] :: loaded 573 prototypes
11:15:18.11   1113 containers, 11353 points
11:15:18.11   43 dispatches, 188 proxies
11:15:18.11 !!! [CE][LoadPrototype] 43 groups have no points...
11:15:18.11 !!! [CE][LoadPrototype] 3 groups have wrong points...
11:15:18.11 [CE][LoadPrototype] :: last group name: Land_Jupiter_Building_5...
11:15:18.53 [CE][LoadPrototype] :: loaded 0 prototypes
11:15:18.53   55 containers, 232 points
11:15:18.53   0 dispatches, 0 proxies
11:15:18.53 [CE][LoadPrototype] :: last group name: Rail9...
11:15:29.664 [CE][LoadMap] "Group" :: loaded 5607 groups, groups failed: 0, largest group range: 34.1
11:15:29.666 [CE][LoadMap] "Dirt" :: loaded 0 groups, groups failed: 0, largest group range: 34.1
11:15:29.771 [CE][Links] found 1048 total links between groups, of 5607
11:15:29.771 [CE][LoadClusters] "Cluster" :: Loading files...
11:15:29.899 [CE][LoadClusters] :: file: "mapgroupcluster.xml", 9 types, 36307 instances
11:15:29.985 [CE][Storage] ver:21 stamp:1733, valid:yes, name:"G:\SteamLibrary\steamapps\common\DayZServer\mpmissions\empty.alteria\storage_380881\data\types.bin"
11:15:30.32 [CE][Storage] ver:21 stamp:1732, valid:yes, name:"G:\SteamLibrary\steamapps\common\DayZServer\mpmissions\empty.alteria\storage_380881\data\types.001"
11:15:30.71 [CE][Storage] ver:21 stamp:1730, valid:yes, name:"G:\SteamLibrary\steamapps\common\DayZServer\mpmissions\empty.alteria\storage_380881\data\types.002"
11:15:30.71 [CE][Storage] Restoring file "G:\SteamLibrary\steamapps\common\DayZServer\mpmissions\empty.alteria\storage_380881\data\types.bin".
11:15:30.630 !!! [CE][offlineDB] :: No Shutdown message present.
11:15:30.664 [CE][offlineDB] :: Loaded 33 dynamic events 207 total types.
11:15:30.712 !!! [CE] :: Unknown usage: 'Special'.
11:15:30.774 !!! [CE] :: Unknown value: 'Tier7'.
11:15:30.774 !!! [CE] :: Unknown value: 'Tier8'.
11:15:30.774 !!! [CE] :: Unknown value: 'Tier9'.
11:15:30.774 !!! [CE] :: Unknown value: 'Tier7'.
11:15:30.774 !!! [CE] :: Unknown value: 'Tier8'.
11:15:30.774 !!! [CE] :: Unknown value: 'Tier9'.
11:15:30.774 !!! [CE] :: Unknown value: 'Tier7'.
11:15:30.774 !!! [CE] :: Unknown value: 'Tier8'.
11:15:30.774 !!! [CE] :: Unknown value: 'Tier9'.
11:15:30.774 !!! [CE] :: Unknown value: 'Tier7'.
11:15:30.774 !!! [CE] :: Unknown value: 'Tier8'.
11:15:30.774 !!! [CE] :: Unknown value: 'Tier9'.
11:15:30.774 !!! [CE] :: Unknown value: 'Tier7'.
11:15:30.774 !!! [CE] :: Unknown value: 'Tier8'.
11:15:30.774 !!! [CE] :: Unknown value: 'Tier9'.
11:15:30.774 !!! [CE] :: Unknown value: 'Tier7'.
11:15:30.774 !!! [CE] :: Unknown value: 'Tier8'.
11:15:30.774 !!! [CE] :: Unknown value: 'Tier9'.
11:15:30.774 !!! [CE] :: Unknown value: 'Tier7'.
11:15:30.774 !!! [CE] :: Unknown value: 'Tier8'.
11:15:30.774 !!! [CE] :: Unknown value: 'Tier9'.
11:15:30.774 !!! [CE] :: Unknown value: 'Tier7'.
11:15:30.775 !!! [CE] :: Unknown value: 'Tier8'.
11:15:30.775 !!! [CE] :: Unknown value: 'Tier9'.
11:15:30.775 !!! [CE] :: Unknown value: 'Tier7'.
11:15:30.775 !!! [CE] :: Unknown value: 'Tier8'.
11:15:30.775 !!! [CE] :: Unknown value: 'Tier9'.
11:15:30.775 !!! [CE] :: Unknown value: 'Tier7'.
11:15:30.775 !!! [CE] :: Unknown value: 'Tier8'.
11:15:30.775 !!! [CE] :: Unknown value: 'Tier9'.
11:15:30.775 !!! [CE] :: Unknown value: 'Tier7'.
11:15:30.775 !!! [CE] :: Unknown value: 'Tier8'.
11:15:30.775 !!! [CE] :: Unknown value: 'Tier9'.
11:15:30.775 !!! [CE] :: Unknown value: 'Tier7'.
11:15:30.775 !!! [CE] :: Unknown value: 'Tier8'.
11:15:30.775 !!! [CE] :: Unknown value: 'Tier9'.
11:15:30.775 !!! [CE] :: Unknown value: 'Tier7'.
11:15:30.775 !!! [CE] :: Unknown value: 'Tier8'.
11:15:30.775 !!! [CE] :: Unknown value: 'Tier9'.
11:15:30.775 !!! [CE] :: Unknown value: 'Tier7'.
11:15:30.775 !!! [CE] :: Unknown value: 'Tier8'.
11:15:30.775 !!! [CE] :: Unknown value: 'Tier9'.
11:15:30.775 !!! [CE] :: Unknown value: 'Tier7'.
11:15:30.775 !!! [CE] :: Unknown value: 'Tier8'.
11:15:30.775 !!! [CE] :: Unknown value: 'Tier9'.
11:15:30.775 !!! [CE] :: Unknown value: 'Tier7'.
11:15:30.775 !!! [CE] :: Unknown value: 'Tier8'.
11:15:30.775 !!! [CE] :: Unknown value: 'Tier9'.
11:15:30.775 !!! [CE] :: Unknown value: 'Tier7'.
11:15:30.775 !!! [CE] :: Unknown value: 'Tier8'.
11:15:30.775 !!! [CE] :: Unknown value: 'Tier9'.
11:15:30.775 !!! [CE] :: Unknown value: 'Tier7'.
11:15:30.775 !!! [CE] :: Unknown value: 'Tier8'.
11:15:30.775 !!! [CE] :: Unknown value: 'Tier9'.
11:15:30.775 !!! [CE] :: Unknown value: 'Tier7'.
11:15:30.775 !!! [CE] :: Unknown value: 'Tier8'.
11:15:30.775 !!! [CE] :: Unknown value: 'Tier9'.
11:15:30.775 !!! [CE] :: Unknown value: 'Tier7'.
11:15:30.775 !!! [CE] :: Unknown value: 'Tier8'.
11:15:30.775 !!! [CE] :: Unknown value: 'Tier9'.
11:15:30.775 !!! [CE] :: Unknown value: 'Tier7'.
11:15:30.775 !!! [CE] :: Unknown value: 'Tier8'.
11:15:30.775 !!! [CE] :: Unknown value: 'Tier9'.
11:15:30.775 !!! [CE] :: Unknown value: 'Tier7'.
11:15:30.775 !!! [CE] :: Unknown value: 'Tier8'.
11:15:30.775 !!! [CE] :: Unknown value: 'Tier9'.
11:15:30.775 !!! [CE] :: Unknown value: 'Tier7'.
11:15:30.775 !!! [CE] :: Unknown value: 'Tier8'.
11:15:30.775 !!! [CE] :: Unknown value: 'Tier9'.
11:15:30.775 !!! [CE] :: Unknown value: 'Tier7'.
11:15:30.775 !!! [CE] :: Unknown value: 'Tier8'.
11:15:30.775 !!! [CE] :: Unknown value: 'Tier9'.
11:15:30.775 !!! [CE] :: Unknown value: 'Tier7'.
11:15:30.775 !!! [CE] :: Unknown value: 'Tier8'.
11:15:30.775 !!! [CE] :: Unknown value: 'Tier9'.
11:15:30.775 !!! [CE] :: Unknown value: 'Tier7'.
11:15:30.775 !!! [CE] :: Unknown value: 'Tier8'.
11:15:30.775 !!! [CE] :: Unknown value: 'Tier9'.
11:15:30.775 !!! [CE] :: Unknown value: 'Tier7'.
11:15:30.775 !!! [CE] :: Unknown value: 'Tier8'.
11:15:30.775 !!! [CE] :: Unknown value: 'Tier9'.
11:15:30.775 !!! [CE] :: Unknown value: 'Tier7'.
11:15:30.775 !!! [CE] :: Unknown value: 'Tier8'.
11:15:30.775 !!! [CE] :: Unknown value: 'Tier9'.
11:15:30.775 !!! [CE] :: Unknown value: 'Tier7'.
11:15:30.775 !!! [CE] :: Unknown value: 'Tier8'.
11:15:30.775 !!! [CE] :: Unknown value: 'Tier9'.
11:15:30.775 !!! [CE] :: Unknown value: 'Tier7'.
11:15:30.775 !!! [CE] :: Unknown value: 'Tier8'.
11:15:30.775 !!! [CE] :: Unknown value: 'Tier9'.
11:15:30.775 !!! [CE] :: Unknown value: 'Tier7'.
11:15:30.775 !!! [CE] :: Unknown value: 'Tier8'.
11:15:30.775 !!! [CE] :: Unknown value: 'Tier9'.
11:15:30.775 !!! [CE] :: Unknown value: 'Tier7'.
11:15:30.775 !!! [CE] :: Unknown value: 'Tier8'.
11:15:30.775 !!! [CE] :: Unknown value: 'Tier9'.
11:15:30.775 !!! [CE] :: Unknown value: 'Tier7'.
11:15:30.775 !!! [CE] :: Unknown value: 'Tier8'.
11:15:30.775 !!! [CE] :: Unknown value: 'Tier9'.
11:15:30.775 !!! [CE] :: Unknown value: 'Tier7'.
11:15:30.775 !!! [CE] :: Unknown value: 'Tier8'.
11:15:30.775 !!! [CE] :: Unknown value: 'Tier9'.
11:15:30.775 !!! [CE] :: Unknown value: 'Tier7'.
11:15:30.775 !!! [CE] :: Unknown value: 'Tier8'.
11:15:30.775 !!! [CE] :: Unknown value: 'Tier9'.
11:15:30.775 !!! [CE] :: Unknown value: 'Tier7'.
11:15:30.775 !!! [CE] :: Unknown value: 'Tier8'.
11:15:30.775 !!! [CE] :: Unknown value: 'Tier9'.
11:15:30.775 !!! [CE] :: Unknown value: 'Tier7'.
11:15:30.775 !!! [CE] :: Unknown value: 'Tier8'.
11:15:30.775 !!! [CE] :: Unknown value: 'Tier9'.
11:15:30.775 !!! [CE] :: Unknown value: 'Tier7'.
11:15:30.775 !!! [CE] :: Unknown value: 'Tier8'.
11:15:30.775 !!! [CE] :: Unknown value: 'Tier9'.
11:15:30.775 !!! [CE] :: Unknown value: 'Tier7'.
11:15:30.775 !!! [CE] :: Unknown value: 'Tier8'.
11:15:30.775 !!! [CE] :: Unknown value: 'Tier9'.
11:15:30.775 !!! [CE] :: Unknown value: 'Tier7'.
11:15:30.775 !!! [CE] :: Unknown value: 'Tier8'.
11:15:30.775 !!! [CE] :: Unknown value: 'Tier9'.
11:15:30.775 !!! [CE] :: Unknown value: 'Tier7'.
11:15:30.775 !!! [CE] :: Unknown value: 'Tier8'.
11:15:30.775 !!! [CE] :: Unknown value: 'Tier9'.
11:15:30.775 !!! [CE] :: Unknown value: 'Tier7'.
11:15:30.775 !!! [CE] :: Unknown value: 'Tier8'.
11:15:30.775 !!! [CE] :: Unknown value: 'Tier9'.
11:15:30.775 !!! [CE] :: Unknown value: 'Tier7'.
11:15:30.775 !!! [CE] :: Unknown value: 'Tier8'.
11:15:30.775 !!! [CE] :: Unknown value: 'Tier9'.
11:15:30.775 !!! [CE] :: Unknown value: 'Tier7'.
11:15:30.775 !!! [CE] :: Unknown value: 'Tier8'.
11:15:30.775 !!! [CE] :: Unknown value: 'Tier9'.
11:15:30.775 !!! [CE] :: Unknown value: 'Tier7'.
11:15:30.775 !!! [CE] :: Unknown value: 'Tier8'.
11:15:30.775 !!! [CE] :: Unknown value: 'Tier9'.
11:15:30.775 !!! [CE] :: Unknown value: 'Tier7'.
11:15:30.775 !!! [CE] :: Unknown value: 'Tier8'.
11:15:30.775 !!! [CE] :: Unknown value: 'Tier9'.
11:15:30.775 !!! [CE] :: Unknown value: 'Tier7'.
11:15:30.775 !!! [CE] :: Unknown value: 'Tier8'.
11:15:30.775 !!! [CE] :: Unknown value: 'Tier9'.
11:15:30.775 !!! [CE] :: Unknown value: 'Tier7'.
11:15:30.775 !!! [CE] :: Unknown value: 'Tier8'.
11:15:30.775 !!! [CE] :: Unknown value: 'Tier9'.
11:15:30.775 !!! [CE] :: Unknown value: 'Tier7'.
11:15:30.775 !!! [CE] :: Unknown value: 'Tier8'.
11:15:30.775 !!! [CE] :: Unknown value: 'Tier9'.
11:15:30.775 !!! [CE] :: Unknown value: 'Tier7'.
11:15:30.775 !!! [CE] :: Unknown value: 'Tier8'.
11:15:30.775 !!! [CE] :: Unknown value: 'Tier9'.
11:15:30.775 !!! [CE] :: Unknown value: 'Tier7'.
11:15:30.775 !!! [CE] :: Unknown value: 'Tier8'.
11:15:30.775 !!! [CE] :: Unknown value: 'Tier9'.
11:15:30.775 !!! [CE] :: Unknown value: 'Tier7'.
11:15:30.775 !!! [CE] :: Unknown value: 'Tier8'.
11:15:30.775 !!! [CE] :: Unknown value: 'Tier9'.
11:15:30.775 !!! [CE] :: Unknown value: 'Tier7'.
11:15:30.775 !!! [CE] :: Unknown value: 'Tier8'.
11:15:30.775 !!! [CE] :: Unknown value: 'Tier9'.
11:15:30.775 !!! [CE] :: Unknown value: 'Tier7'.
11:15:30.775 !!! [CE] :: Unknown value: 'Tier8'.
11:15:30.775 !!! [CE] :: Unknown value: 'Tier9'.
11:15:30.775 !!! [CE] :: Unknown value: 'Tier7'.
11:15:30.775 !!! [CE] :: Unknown value: 'Tier8'.
11:15:30.775 !!! [CE] :: Unknown value: 'Tier9'.
11:15:30.775 !!! [CE] :: Unknown value: 'Tier7'.
11:15:30.775 !!! [CE] :: Unknown value: 'Tier8'.
11:15:30.775 !!! [CE] :: Unknown value: 'Tier9'.
11:15:30.775 !!! [CE] :: Unknown value: 'Tier7'.
11:15:30.775 !!! [CE] :: Unknown value: 'Tier8'.
11:15:30.775 !!! [CE] :: Unknown value: 'Tier9'.
11:15:30.775 !!! [CE] :: Unknown value: 'Tier7'.
11:15:30.775 !!! [CE] :: Unknown value: 'Tier8'.
11:15:30.775 !!! [CE] :: Unknown value: 'Tier9'.
11:15:30.775 !!! [CE] :: Unknown value: 'Tier7'.
11:15:30.775 !!! [CE] :: Unknown value: 'Tier8'.
11:15:30.775 !!! [CE] :: Unknown value: 'Tier9'.
11:15:30.775 !!! [CE] :: Unknown value: 'Tier7'.
11:15:30.775 !!! [CE] :: Unknown value: 'Tier8'.
11:15:30.775 !!! [CE] :: Unknown value: 'Tier9'.
11:15:30.775 !!! [CE] :: Unknown value: 'Tier7'.
11:15:30.775 !!! [CE] :: Unknown value: 'Tier8'.
11:15:30.775 !!! [CE] :: Unknown value: 'Tier9'.
11:15:30.775 !!! [CE] :: Unknown value: 'Tier7'.
11:15:30.775 !!! [CE] :: Unknown value: 'Tier8'.
11:15:30.775 !!! [CE] :: Unknown value: 'Tier9'.
11:15:30.775 !!! [CE] :: Unknown value: 'Tier7'.
11:15:30.775 !!! [CE] :: Unknown value: 'Tier8'.
11:15:30.775 !!! [CE] :: Unknown value: 'Tier9'.
11:15:30.775 !!! [CE] :: Unknown value: 'Tier7'.
11:15:30.775 !!! [CE] :: Unknown value: 'Tier8'.
11:15:30.775 !!! [CE] :: Unknown value: 'Tier9'.
11:15:30.775 !!! [CE] :: Unknown value: 'Tier7'.
11:15:30.775 !!! [CE] :: Unknown value: 'Tier8'.
11:15:30.775 !!! [CE] :: Unknown value: 'Tier9'.
11:15:30.775 !!! [CE] :: Unknown value: 'Tier7'.
11:15:30.775 !!! [CE] :: Unknown value: 'Tier8'.
11:15:30.775 !!! [CE] :: Unknown value: 'Tier9'.
11:15:30.775 !!! [CE] :: Unknown value: 'Tier7'.
11:15:30.775 !!! [CE] :: Unknown value: 'Tier8'.
11:15:30.775 !!! [CE] :: Unknown value: 'Tier9'.
11:15:30.775 !!! [CE] :: Unknown value: 'Tier7'.
11:15:30.775 !!! [CE] :: Unknown value: 'Tier8'.
11:15:30.775 !!! [CE] :: Unknown value: 'Tier9'.
11:15:30.775 !!! [CE] :: Unknown value: 'Tier7'.
11:15:30.775 !!! [CE] :: Unknown value: 'Tier8'.
11:15:30.775 !!! [CE] :: Unknown value: 'Tier9'.
11:15:30.775 !!! [CE] :: Unknown value: 'Tier7'.
11:15:30.775 !!! [CE] :: Unknown value: 'Tier8'.
11:15:30.775 !!! [CE] :: Unknown value: 'Tier9'.
11:15:30.775 !!! [CE] :: Unknown value: 'Tier7'.
11:15:30.775 !!! [CE] :: Unknown value: 'Tier8'.
11:15:30.775 !!! [CE] :: Unknown value: 'Tier9'.
11:15:30.775 !!! [CE] :: Unknown value: 'Tier7'.
11:15:30.775 !!! [CE] :: Unknown value: 'Tier8'.
11:15:30.775 !!! [CE] :: Unknown value: 'Tier9'.
11:15:30.775 !!! [CE] :: Unknown value: 'Tier7'.
11:15:30.775 !!! [CE] :: Unknown value: 'Tier8'.
11:15:30.775 !!! [CE] :: Unknown value: 'Tier9'.
11:15:30.775 !!! [CE] :: Unknown value: 'Tier7'.
11:15:30.775 !!! [CE] :: Unknown value: 'Tier8'.
11:15:30.775 !!! [CE] :: Unknown value: 'Tier9'.
11:15:30.775 !!! [CE] :: Unknown value: 'Tier7'.
11:15:30.775 !!! [CE] :: Unknown value: 'Tier8'.
11:15:30.775 !!! [CE] :: Unknown value: 'Tier9'.
11:15:30.775 !!! [CE] :: Unknown value: 'Tier7'.
11:15:30.775 !!! [CE] :: Unknown value: 'Tier8'.
11:15:30.775 !!! [CE] :: Unknown value: 'Tier9'.
11:15:30.775 !!! [CE] :: Unknown value: 'Tier7'.
11:15:30.775 !!! [CE] :: Unknown value: 'Tier8'.
11:15:30.775 !!! [CE] :: Unknown value: 'Tier9'.
11:15:30.775 !!! [CE] :: Unknown value: 'Tier7'.
11:15:30.775 !!! [CE] :: Unknown value: 'Tier8'.
11:15:30.775 !!! [CE] :: Unknown value: 'Tier9'.
11:15:30.775 !!! [CE] :: Unknown value: 'Tier7'.
11:15:30.775 !!! [CE] :: Unknown value: 'Tier8'.
11:15:30.775 !!! [CE] :: Unknown value: 'Tier9'.
11:15:30.775 !!! [CE] :: Unknown value: 'Tier7'.
11:15:30.775 !!! [CE] :: Unknown value: 'Tier8'.
11:15:30.775 !!! [CE] :: Unknown value: 'Tier9'.
11:15:30.775 !!! [CE] :: Unknown value: 'Tier7'.
11:15:30.775 !!! [CE] :: Unknown value: 'Tier8'.
11:15:30.775 !!! [CE] :: Unknown value: 'Tier9'.
11:15:30.775 !!! [CE] :: Unknown value: 'Tier7'.
11:15:30.775 !!! [CE] :: Unknown value: 'Tier8'.
11:15:30.775 !!! [CE] :: Unknown value: 'Tier9'.
11:15:30.775 !!! [CE] :: Unknown value: 'Tier7'.
11:15:30.775 !!! [CE] :: Unknown value: 'Tier8'.
11:15:30.776 !!! [CE] :: Unknown value: 'Tier9'.
11:15:30.776 !!! [CE] :: Unknown value: 'Tier7'.
11:15:30.776 !!! [CE] :: Unknown value: 'Tier8'.
11:15:30.776 !!! [CE] :: Unknown value: 'Tier9'.
11:15:30.776 !!! [CE] :: Unknown value: 'Tier7'.
11:15:30.776 !!! [CE] :: Unknown value: 'Tier8'.
11:15:30.776 !!! [CE] :: Unknown value: 'Tier9'.
11:15:30.776 !!! [CE] :: Unknown value: 'Tier7'.
11:15:30.776 !!! [CE] :: Unknown value: 'Tier8'.
11:15:30.776 !!! [CE] :: Unknown value: 'Tier9'.
11:15:30.776 !!! [CE] :: Unknown value: 'Tier7'.
11:15:30.776 !!! [CE] :: Unknown value: 'Tier8'.
11:15:30.776 !!! [CE] :: Unknown value: 'Tier9'.
11:15:30.776 !!! [CE] :: Unknown value: 'Tier7'.
11:15:30.776 !!! [CE] :: Unknown value: 'Tier8'.
11:15:30.776 !!! [CE] :: Unknown value: 'Tier9'.
11:15:30.776 !!! [CE] :: Unknown value: 'Tier7'.
11:15:30.776 !!! [CE] :: Unknown value: 'Tier8'.
11:15:30.776 !!! [CE] :: Unknown value: 'Tier9'.
11:15:30.776 !!! [CE] :: Unknown value: 'Tier7'.
11:15:30.776 !!! [CE] :: Unknown value: 'Tier8'.
11:15:30.776 !!! [CE] :: Unknown value: 'Tier9'.
11:15:30.776 !!! [CE] :: Unknown value: 'Tier7'.
11:15:30.776 !!! [CE] :: Unknown value: 'Tier8'.
11:15:30.776 !!! [CE] :: Unknown value: 'Tier9'.
11:15:30.776 !!! [CE] :: Unknown value: 'Tier7'.
11:15:30.776 !!! [CE] :: Unknown value: 'Tier8'.
11:15:30.776 !!! [CE] :: Unknown value: 'Tier9'.
11:15:30.776 !!! [CE] :: Unknown value: 'Tier7'.
11:15:30.776 !!! [CE] :: Unknown value: 'Tier8'.
11:15:30.776 !!! [CE] :: Unknown value: 'Tier9'.
11:15:30.776 !!! [CE] :: Unknown value: 'Tier7'.
11:15:30.776 !!! [CE] :: Unknown value: 'Tier8'.
11:15:30.776 !!! [CE] :: Unknown value: 'Tier9'.
11:15:30.776 !!! [CE] :: Unknown value: 'Tier7'.
11:15:30.776 !!! [CE] :: Unknown value: 'Tier8'.
11:15:30.776 !!! [CE] :: Unknown value: 'Tier9'.
11:15:30.776 !!! [CE] :: Unknown value: 'Tier7'.
11:15:30.776 !!! [CE] :: Unknown value: 'Tier8'.
11:15:30.776 !!! [CE] :: Unknown value: 'Tier9'.
11:15:30.776 !!! [CE] :: Unknown value: 'Tier7'.
11:15:30.776 !!! [CE] :: Unknown value: 'Tier8'.
11:15:30.776 !!! [CE] :: Unknown value: 'Tier9'.
11:15:30.776 !!! [CE] :: Unknown value: 'Tier7'.
11:15:30.776 !!! [CE] :: Unknown value: 'Tier8'.
11:15:30.776 !!! [CE] :: Unknown value: 'Tier9'.
11:15:30.776 !!! [CE] :: Unknown value: 'Tier7'.
11:15:30.776 !!! [CE] :: Unknown value: 'Tier8'.
11:15:30.776 !!! [CE] :: Unknown value: 'Tier9'.
11:15:30.776 !!! [CE] :: Unknown value: 'Tier7'.
11:15:30.776 !!! [CE] :: Unknown value: 'Tier8'.
11:15:30.776 !!! [CE] :: Unknown value: 'Tier9'.
11:15:30.776 !!! [CE] :: Unknown value: 'Tier7'.
11:15:30.776 !!! [CE] :: Unknown value: 'Tier8'.
11:15:30.776 !!! [CE] :: Unknown value: 'Tier9'.
11:15:30.776 !!! [CE] :: Unknown value: 'Tier7'.
11:15:30.776 !!! [CE] :: Unknown value: 'Tier8'.
11:15:30.776 !!! [CE] :: Unknown value: 'Tier9'.
11:15:30.776 !!! [CE] :: Unknown value: 'Tier7'.
11:15:30.776 !!! [CE] :: Unknown value: 'Tier8'.
11:15:30.776 !!! [CE] :: Unknown value: 'Tier9'.
11:15:30.776 !!! [CE] :: Unknown value: 'Tier7'.
11:15:30.776 !!! [CE] :: Unknown value: 'Tier8'.
11:15:30.776 !!! [CE] :: Unknown value: 'Tier9'.
11:15:30.776 !!! [CE] :: Unknown value: 'Tier7'.
11:15:30.776 !!! [CE] :: Unknown value: 'Tier8'.
11:15:30.776 !!! [CE] :: Unknown value: 'Tier9'.
11:15:30.776 !!! [CE] :: Unknown value: 'Tier7'.
11:15:30.776 !!! [CE] :: Unknown value: 'Tier8'.
11:15:30.776 !!! [CE] :: Unknown value: 'Tier9'.
11:15:30.776 !!! [CE] :: Unknown value: 'Tier7'.
11:15:30.776 !!! [CE] :: Unknown value: 'Tier8'.
11:15:30.776 !!! [CE] :: Unknown value: 'Tier9'.
11:15:30.776 !!! [CE] :: Unknown value: 'Tier7'.
11:15:30.776 !!! [CE] :: Unknown value: 'Tier8'.
11:15:30.776 !!! [CE] :: Unknown value: 'Tier9'.
11:15:30.776 !!! [CE] :: Unknown value: 'Tier7'.
11:15:30.776 !!! [CE] :: Unknown value: 'Tier8'.
11:15:30.776 !!! [CE] :: Unknown value: 'Tier9'.
11:15:30.776 !!! [CE] :: Unknown value: 'Tier7'.
11:15:30.776 !!! [CE] :: Unknown value: 'Tier8'.
11:15:30.776 !!! [CE] :: Unknown value: 'Tier9'.
11:15:30.776 !!! [CE] :: Unknown value: 'Tier7'.
11:15:30.776 !!! [CE] :: Unknown value: 'Tier8'.
11:15:30.776 !!! [CE] :: Unknown value: 'Tier9'.
11:15:30.776 !!! [CE] :: Unknown value: 'Tier7'.
11:15:30.776 !!! [CE] :: Unknown value: 'Tier8'.
11:15:30.776 !!! [CE] :: Unknown value: 'Tier9'.
11:15:30.776 !!! [CE] :: Unknown value: 'Tier7'.
11:15:30.776 !!! [CE] :: Unknown value: 'Tier8'.
11:15:30.776 !!! [CE] :: Unknown value: 'Tier9'.
11:15:30.776 !!! [CE] :: Unknown value: 'Tier7'.
11:15:30.776 !!! [CE] :: Unknown value: 'Tier8'.
11:15:30.776 !!! [CE] :: Unknown value: 'Tier9'.
11:15:30.776 !!! [CE] :: Unknown value: 'Tier7'.
11:15:30.776 !!! [CE] :: Unknown value: 'Tier8'.
11:15:30.776 !!! [CE] :: Unknown value: 'Tier9'.
11:15:30.776 !!! [CE] :: Unknown value: 'Tier7'.
11:15:30.776 !!! [CE] :: Unknown value: 'Tier8'.
11:15:30.776 !!! [CE] :: Unknown value: 'Tier9'.
11:15:30.776 !!! [CE] :: Unknown value: 'Tier7'.
11:15:30.776 !!! [CE] :: Unknown value: 'Tier8'.
11:15:30.776 !!! [CE] :: Unknown value: 'Tier9'.
11:15:30.776 !!! [CE] :: Unknown value: 'Tier7'.
11:15:30.776 !!! [CE] :: Unknown value: 'Tier8'.
11:15:30.776 !!! [CE] :: Unknown value: 'Tier9'.
11:15:30.776 !!! [CE] :: Unknown value: 'Tier7'.
11:15:30.776 !!! [CE] :: Unknown value: 'Tier8'.
11:15:30.776 !!! [CE] :: Unknown value: 'Tier9'.
11:15:30.776 !!! [CE] :: Unknown value: 'Tier7'.
11:15:30.776 !!! [CE] :: Unknown value: 'Tier8'.
11:15:30.776 !!! [CE] :: Unknown value: 'Tier9'.
11:15:30.776 !!! [CE] :: Unknown value: 'Tier7'.
11:15:30.776 !!! [CE] :: Unknown value: 'Tier8'.
11:15:30.776 !!! [CE] :: Unknown value: 'Tier9'.
11:15:30.776 !!! [CE] :: Unknown value: 'Tier7'.
11:15:30.776 !!! [CE] :: Unknown value: 'Tier8'.
11:15:30.776 !!! [CE] :: Unknown value: 'Tier9'.
11:15:30.776 !!! [CE] :: Unknown value: 'Tier7'.
11:15:30.776 !!! [CE] :: Unknown value: 'Tier8'.
11:15:30.776 !!! [CE] :: Unknown value: 'Tier9'.
11:15:30.776 !!! [CE] :: Unknown value: 'Tier7'.
11:15:30.776 !!! [CE] :: Unknown value: 'Tier8'.
11:15:30.776 !!! [CE] :: Unknown value: 'Tier9'.
11:15:30.776 !!! [CE] :: Unknown value: 'Tier7'.
11:15:30.776 !!! [CE] :: Unknown value: 'Tier8'.
11:15:30.776 !!! [CE] :: Unknown value: 'Tier9'.
11:15:30.776 !!! [CE] :: Unknown value: 'Tier7'.
11:15:30.776 !!! [CE] :: Unknown value: 'Tier8'.
11:15:30.776 !!! [CE] :: Unknown value: 'Tier9'.
11:15:30.776 !!! [CE] :: Unknown value: 'Tier7'.
11:15:30.776 !!! [CE] :: Unknown value: 'Tier8'.
11:15:30.776 !!! [CE] :: Unknown value: 'Tier9'.
11:15:30.776 !!! [CE] :: Unknown value: 'Tier7'.
11:15:30.776 !!! [CE] :: Unknown value: 'Tier8'.
11:15:30.776 !!! [CE] :: Unknown value: 'Tier9'.
11:15:30.776 !!! [CE] :: Unknown value: 'Tier7'.
11:15:30.776 !!! [CE] :: Unknown value: 'Tier8'.
11:15:30.776 !!! [CE] :: Unknown value: 'Tier9'.
11:15:30.776 !!! [CE] :: Unknown value: 'Tier7'.
11:15:30.776 !!! [CE] :: Unknown value: 'Tier8'.
11:15:30.776 !!! [CE] :: Unknown value: 'Tier9'.
11:15:30.776 !!! [CE] :: Unknown value: 'Tier7'.
11:15:30.776 !!! [CE] :: Unknown value: 'Tier8'.
11:15:30.776 !!! [CE] :: Unknown value: 'Tier9'.
11:15:30.776 !!! [CE] :: Unknown value: 'Tier7'.
11:15:30.776 !!! [CE] :: Unknown value: 'Tier8'.
11:15:30.776 !!! [CE] :: Unknown value: 'Tier9'.
11:15:30.776 !!! [CE] :: Unknown value: 'Tier7'.
11:15:30.776 !!! [CE] :: Unknown value: 'Tier8'.
11:15:30.776 !!! [CE] :: Unknown value: 'Tier9'.
11:15:30.776 !!! [CE] :: Unknown value: 'Tier7'.
11:15:30.776 !!! [CE] :: Unknown value: 'Tier8'.
11:15:30.776 !!! [CE] :: Unknown value: 'Tier9'.
11:15:30.776 !!! [CE] :: Unknown value: 'Tier7'.
11:15:30.776 !!! [CE] :: Unknown value: 'Tier8'.
11:15:30.776 !!! [CE] :: Unknown value: 'Tier9'.
11:15:30.776 !!! [CE] :: Unknown value: 'Tier7'.
11:15:30.776 !!! [CE] :: Unknown value: 'Tier8'.
11:15:30.776 !!! [CE] :: Unknown value: 'Tier9'.
11:15:30.776 !!! [CE] :: Unknown value: 'Tier7'.
11:15:30.776 !!! [CE] :: Unknown value: 'Tier8'.
11:15:30.776 !!! [CE] :: Unknown value: 'Tier9'.
11:15:30.776 !!! [CE] :: Unknown value: 'Tier7'.
11:15:30.776 !!! [CE] :: Unknown value: 'Tier8'.
11:15:30.776 !!! [CE] :: Unknown value: 'Tier9'.
11:15:30.776 !!! [CE] :: Unknown value: 'Tier7'.
11:15:30.776 !!! [CE] :: Unknown value: 'Tier8'.
11:15:30.776 !!! [CE] :: Unknown value: 'Tier9'.
11:15:30.776 !!! [CE] :: Unknown value: 'Tier7'.
11:15:30.776 !!! [CE] :: Unknown value: 'Tier8'.
11:15:30.776 !!! [CE] :: Unknown value: 'Tier9'.
11:15:30.776 !!! [CE] :: Unknown value: 'Tier7'.
11:15:30.776 !!! [CE] :: Unknown value: 'Tier8'.
11:15:30.776 !!! [CE] :: Unknown value: 'Tier9'.
11:15:30.776 !!! [CE] :: Unknown value: 'Tier7'.
11:15:30.776 !!! [CE] :: Unknown value: 'Tier8'.
11:15:30.776 !!! [CE] :: Unknown value: 'Tier9'.
11:15:30.776 !!! [CE] :: Unknown value: 'Tier7'.
11:15:30.776 !!! [CE] :: Unknown value: 'Tier8'.
11:15:30.776 !!! [CE] :: Unknown value: 'Tier9'.
11:15:30.776 !!! [CE] :: Unknown value: 'Tier7'.
11:15:30.776 !!! [CE] :: Unknown value: 'Tier8'.
11:15:30.776 !!! [CE] :: Unknown value: 'Tier9'.
11:15:30.776 !!! [CE] :: Unknown value: 'Tier7'.
11:15:30.776 !!! [CE] :: Unknown value: 'Tier8'.
11:15:30.776 !!! [CE] :: Unknown value: 'Tier9'.
11:15:30.776 !!! [CE] :: Unknown value: 'Tier7'.
11:15:30.776 !!! [CE] :: Unknown value: 'Tier8'.
11:15:30.776 !!! [CE] :: Unknown value: 'Tier9'.
11:15:30.776 !!! [CE] :: Unknown value: 'Tier7'.
11:15:30.776 !!! [CE] :: Unknown value: 'Tier8'.
11:15:30.776 !!! [CE] :: Unknown value: 'Tier9'.
11:15:30.776 !!! [CE] :: Unknown value: 'Tier7'.
11:15:30.776 !!! [CE] :: Unknown value: 'Tier8'.
11:15:30.776 !!! [CE] :: Unknown value: 'Tier9'.
11:15:30.776 !!! [CE] :: Unknown value: 'Tier7'.
11:15:30.776 !!! [CE] :: Unknown value: 'Tier8'.
11:15:30.776 !!! [CE] :: Unknown value: 'Tier9'.
11:15:30.776 !!! [CE] :: Unknown value: 'Tier7'.
11:15:30.776 !!! [CE] :: Unknown value: 'Tier8'.
11:15:30.776 !!! [CE] :: Unknown value: 'Tier9'.
11:15:30.776 !!! [CE] :: Unknown value: 'Tier7'.
11:15:30.776 !!! [CE] :: Unknown value: 'Tier8'.
11:15:30.776 !!! [CE] :: Unknown value: 'Tier9'.
11:15:30.776 !!! [CE] :: Unknown value: 'Tier7'.
11:15:30.776 !!! [CE] :: Unknown value: 'Tier8'.
11:15:30.776 !!! [CE] :: Unknown value: 'Tier9'.
11:15:30.776 !!! [CE] :: Unknown value: 'Tier7'.
11:15:30.776 !!! [CE] :: Unknown value: 'Tier8'.
11:15:30.776 !!! [CE] :: Unknown value: 'Tier9'.
11:15:30.776 !!! [CE] :: Unknown value: 'Tier7'.
11:15:30.776 !!! [CE] :: Unknown value: 'Tier8'.
11:15:30.776 !!! [CE] :: Unknown value: 'Tier9'.
11:15:30.776 !!! [CE] :: Unknown value: 'Tier7'.
11:15:30.776 !!! [CE] :: Unknown value: 'Tier8'.
11:15:30.776 !!! [CE] :: Unknown value: 'Tier9'.
11:15:30.776 !!! [CE] :: Unknown value: 'Tier7'.
11:15:30.776 !!! [CE] :: Unknown value: 'Tier8'.
11:15:30.776 !!! [CE] :: Unknown value: 'Tier9'.
11:15:30.776 !!! [CE] :: Unknown value: 'Tier7'.
11:15:30.776 !!! [CE] :: Unknown value: 'Tier8'.
11:15:30.776 !!! [CE] :: Unknown value: 'Tier9'.
11:15:30.776 !!! [CE] :: Unknown value: 'Tier7'.
11:15:30.776 !!! [CE] :: Unknown value: 'Tier8'.
11:15:30.776 !!! [CE] :: Unknown value: 'Tier9'.
11:15:30.776 !!! [CE] :: Unknown value: 'Tier7'.
11:15:30.776 !!! [CE] :: Unknown value: 'Tier8'.
11:15:30.776 !!! [CE] :: Unknown value: 'Tier9'.
11:15:30.776 !!! [CE] :: Unknown value: 'Tier7'.
11:15:30.776 !!! [CE] :: Unknown value: 'Tier8'.
11:15:30.776 !!! [CE] :: Unknown value: 'Tier9'.
11:15:30.776 !!! [CE] :: Unknown value: 'Tier7'.
11:15:30.776 !!! [CE] :: Unknown value: 'Tier8'.
11:15:30.776 !!! [CE] :: Unknown value: 'Tier9'.
11:15:30.776 !!! [CE] :: Unknown value: 'Tier7'.
11:15:30.776 !!! [CE] :: Unknown value: 'Tier8'.
11:15:30.776 !!! [CE] :: Unknown value: 'Tier9'.
11:15:30.776 !!! [CE] :: Unknown value: 'Tier7'.
11:15:30.776 !!! [CE] :: Unknown value: 'Tier8'.
11:15:30.776 !!! [CE] :: Unknown value: 'Tier9'.
11:15:30.776 !!! [CE] :: Unknown value: 'Tier7'.
11:15:30.776 !!! [CE] :: Unknown value: 'Tier8'.
11:15:30.776 !!! [CE] :: Unknown value: 'Tier9'.
11:15:30.776 !!! [CE] :: Unknown value: 'Tier7'.
11:15:30.776 !!! [CE] :: Unknown value: 'Tier8'.
11:15:30.776 !!! [CE] :: Unknown value: 'Tier9'.
11:15:30.776 !!! [CE] :: Unknown value: 'Tier7'.
11:15:30.776 !!! [CE] :: Unknown value: 'Tier8'.
11:15:30.776 !!! [CE] :: Unknown value: 'Tier9'.
11:15:30.776 !!! [CE] :: Unknown value: 'Tier7'.
11:15:30.776 !!! [CE] :: Unknown value: 'Tier8'.
11:15:30.776 !!! [CE] :: Unknown value: 'Tier9'.
11:15:30.776 !!! [CE] :: Unknown value: 'Tier7'.
11:15:30.776 !!! [CE] :: Unknown value: 'Tier8'.
11:15:30.776 !!! [CE] :: Unknown value: 'Tier9'.
11:15:30.776 !!! [CE] :: Unknown value: 'Tier7'.
11:15:30.776 !!! [CE] :: Unknown value: 'Tier8'.
11:15:30.776 !!! [CE] :: Unknown value: 'Tier9'.
11:15:30.776 !!! [CE] :: Unknown value: 'Tier7'.
11:15:30.776 !!! [CE] :: Unknown value: 'Tier8'.
11:15:30.776 !!! [CE] :: Unknown value: 'Tier9'.
11:15:30.776 !!! [CE] :: Unknown value: 'Tier7'.
11:15:30.776 !!! [CE] :: Unknown value: 'Tier8'.
11:15:30.776 !!! [CE] :: Unknown value: 'Tier9'.
11:15:30.776 !!! [CE] :: Unknown value: 'Tier7'.
11:15:30.776 !!! [CE] :: Unknown value: 'Tier8'.
11:15:30.776 !!! [CE] :: Unknown value: 'Tier9'.
11:15:30.776 !!! [CE] :: Unknown value: 'Tier7'.
11:15:30.776 !!! [CE] :: Unknown value: 'Tier8'.
11:15:30.776 !!! [CE] :: Unknown value: 'Tier9'.
11:15:30.776 !!! [CE] :: Unknown value: 'Tier7'.
11:15:30.776 !!! [CE] :: Unknown value: 'Tier8'.
11:15:30.776 !!! [CE] :: Unknown value: 'Tier9'.
11:15:30.776 !!! [CE] :: Unknown value: 'Tier7'.
11:15:30.776 !!! [CE] :: Unknown value: 'Tier8'.
11:15:30.776 !!! [CE] :: Unknown value: 'Tier9'.
11:15:30.776 !!! [CE] :: Unknown value: 'Tier7'.
11:15:30.776 !!! [CE] :: Unknown value: 'Tier8'.
11:15:30.776 !!! [CE] :: Unknown value: 'Tier9'.
11:15:30.776 !!! [CE] :: Unknown value: 'Tier7'.
11:15:30.776 !!! [CE] :: Unknown value: 'Tier8'.
11:15:30.776 !!! [CE] :: Unknown value: 'Tier9'.
11:15:30.776 !!! [CE] :: Unknown value: 'Tier7'.
11:15:30.776 !!! [CE] :: Unknown value: 'Tier8'.
11:15:30.776 !!! [CE] :: Unknown value: 'Tier9'.
11:15:30.776 !!! [CE] :: Unknown value: 'Tier7'.
11:15:30.776 !!! [CE] :: Unknown value: 'Tier8'.
11:15:30.776 !!! [CE] :: Unknown value: 'Tier9'.
11:15:30.776 !!! [CE] :: Unknown value: 'Tier7'.
11:15:30.776 !!! [CE] :: Unknown value: 'Tier8'.
11:15:30.776 !!! [CE] :: Unknown value: 'Tier9'.
11:15:30.776 !!! [CE] :: Unknown value: 'Tier7'.
11:15:30.776 !!! [CE] :: Unknown value: 'Tier8'.
11:15:30.776 !!! [CE] :: Unknown value: 'Tier9'.
11:15:30.776 !!! [CE] :: Unknown value: 'Tier7'.
11:15:30.776 !!! [CE] :: Unknown value: 'Tier8'.
11:15:30.776 !!! [CE] :: Unknown value: 'Tier9'.
11:15:30.776 !!! [CE] :: Unknown value: 'Tier7'.
11:15:30.776 !!! [CE] :: Unknown value: 'Tier8'.
11:15:30.776 !!! [CE] :: Unknown value: 'Tier9'.
11:15:30.776 !!! [CE] :: Unknown value: 'Tier7'.
11:15:30.776 !!! [CE] :: Unknown value: 'Tier8'.
11:15:30.776 !!! [CE] :: Unknown value: 'Tier9'.
11:15:30.776 !!! [CE] :: Unknown value: 'Tier7'.
11:15:30.776 !!! [CE] :: Unknown value: 'Tier8'.
11:15:30.776 !!! [CE] :: Unknown value: 'Tier9'.
11:15:30.776 !!! [CE] :: Unknown value: 'Tier7'.
11:15:30.776 !!! [CE] :: Unknown value: 'Tier8'.
11:15:30.776 !!! [CE] :: Unknown value: 'Tier9'.
11:15:30.776 !!! [CE] :: Unknown value: 'Tier7'.
11:15:30.776 !!! [CE] :: Unknown value: 'Tier8'.
11:15:30.776 !!! [CE] :: Unknown value: 'Tier9'.
11:15:30.776 !!! [CE] :: Unknown value: 'Tier7'.
11:15:30.776 !!! [CE] :: Unknown value: 'Tier8'.
11:15:30.776 !!! [CE] :: Unknown value: 'Tier9'.
11:15:30.776 !!! [CE] :: Unknown value: 'Tier7'.
11:15:30.776 !!! [CE] :: Unknown value: 'Tier8'.
11:15:30.776 !!! [CE] :: Unknown value: 'Tier9'.
11:15:30.776 !!! [CE] :: Unknown value: 'Tier7'.
11:15:30.776 !!! [CE] :: Unknown value: 'Tier8'.
11:15:30.776 !!! [CE] :: Unknown value: 'Tier9'.
11:15:30.776 !!! [CE] :: Unknown value: 'Tier7'.
11:15:30.776 !!! [CE] :: Unknown value: 'Tier8'.
11:15:30.776 !!! [CE] :: Unknown value: 'Tier9'.
11:15:30.776 !!! [CE] :: Unknown value: 'Tier7'.
11:15:30.776 !!! [CE] :: Unknown value: 'Tier8'.
11:15:30.776 !!! [CE] :: Unknown value: 'Tier9'.
11:15:30.776 !!! [CE] :: Unknown value: 'Tier7'.
11:15:30.776 !!! [CE] :: Unknown value: 'Tier8'.
11:15:30.776 !!! [CE] :: Unknown value: 'Tier9'.
11:15:30.776 !!! [CE] :: Unknown value: 'Tier7'.
11:15:30.776 !!! [CE] :: Unknown value: 'Tier8'.
11:15:30.776 !!! [CE] :: Unknown value: 'Tier9'.
11:15:30.776 !!! [CE] :: Unknown value: 'Tier7'.
11:15:30.776 !!! [CE] :: Unknown value: 'Tier8'.
11:15:30.776 !!! [CE] :: Unknown value: 'Tier9'.
11:15:30.776 !!! [CE] :: Unknown value: 'Tier7'.
11:15:30.776 !!! [CE] :: Unknown value: 'Tier8'.
11:15:30.776 !!! [CE] :: Unknown value: 'Tier9'.
11:15:30.776 !!! [CE] :: Unknown value: 'Tier7'.
11:15:30.776 !!! [CE] :: Unknown value: 'Tier8'.
11:15:30.776 !!! [CE] :: Unknown value: 'Tier9'.
11:15:30.776 !!! [CE] :: Unknown value: 'Tier7'.
11:15:30.776 !!! [CE] :: Unknown value: 'Tier8'.
11:15:30.776 !!! [CE] :: Unknown value: 'Tier9'.
11:15:30.776 !!! [CE] :: Unknown value: 'Tier7'.
11:15:30.776 !!! [CE] :: Unknown value: 'Tier8'.
11:15:30.776 !!! [CE] :: Unknown value: 'Tier9'.
11:15:30.776 !!! [CE] :: Unknown value: 'Tier7'.
11:15:30.776 !!! [CE] :: Unknown value: 'Tier8'.
11:15:30.776 !!! [CE] :: Unknown value: 'Tier9'.
11:15:30.776 !!! [CE] :: Unknown value: 'Tier7'.
11:15:30.776 !!! [CE] :: Unknown value: 'Tier8'.
11:15:30.776 !!! [CE] :: Unknown value: 'Tier9'.
11:15:30.776 !!! [CE] :: Unknown value: 'Tier7'.
11:15:30.776 !!! [CE] :: Unknown value: 'Tier8'.
11:15:30.776 !!! [CE] :: Unknown value: 'Tier9'.
11:15:30.776 !!! [CE] :: Unknown value: 'Tier7'.
11:15:30.776 !!! [CE] :: Unknown value: 'Tier8'.
11:15:30.776 !!! [CE] :: Unknown value: 'Tier9'.
11:15:30.776 !!! [CE] :: Unknown value: 'Tier7'.
11:15:30.776 !!! [CE] :: Unknown value: 'Tier8'.
11:15:30.776 !!! [CE] :: Unknown value: 'Tier9'.
11:15:30.776 !!! [CE] :: Unknown value: 'Tier7'.
11:15:30.776 !!! [CE] :: Unknown value: 'Tier8'.
11:15:30.776 !!! [CE] :: Unknown value: 'Tier9'.
11:15:30.776 !!! [CE] :: Unknown value: 'Tier7'.
11:15:30.776 !!! [CE] :: Unknown value: 'Tier8'.
11:15:30.776 !!! [CE] :: Unknown value: 'Tier9'.
11:15:30.776 !!! [CE] :: Unknown value: 'Tier7'.
11:15:30.776 !!! [CE] :: Unknown value: 'Tier8'.
11:15:30.776 !!! [CE] :: Unknown value: 'Tier9'.
11:15:30.776 !!! [CE] :: Unknown value: 'Tier7'.
11:15:30.776 !!! [CE] :: Unknown value: 'Tier8'.
11:15:30.776 !!! [CE] :: Unknown value: 'Tier9'.
11:15:30.776 !!! [CE] :: Unknown value: 'Tier7'.
11:15:30.776 !!! [CE] :: Unknown value: 'Tier8'.
11:15:30.776 !!! [CE] :: Unknown value: 'Tier9'.
11:15:30.776 !!! [CE] :: Unknown value: 'Tier7'.
11:15:30.776 !!! [CE] :: Unknown value: 'Tier8'.
11:15:30.776 !!! [CE] :: Unknown value: 'Tier9'.
11:15:30.776 !!! [CE] :: Unknown value: 'Tier7'.
11:15:30.776 !!! [CE] :: Unknown value: 'Tier8'.
11:15:30.776 !!! [CE] :: Unknown value: 'Tier9'.
11:15:30.776 !!! [CE] :: Unknown value: 'Tier7'.
11:15:30.776 !!! [CE] :: Unknown value: 'Tier8'.
11:15:30.776 !!! [CE] :: Unknown value: 'Tier9'.
11:15:30.776 !!! [CE] :: Unknown value: 'Tier7'.
11:15:30.776 !!! [CE] :: Unknown value: 'Tier8'.
11:15:30.776 !!! [CE] :: Unknown value: 'Tier9'.
11:15:30.776 !!! [CE] :: Unknown value: 'Tier7'.
11:15:30.776 !!! [CE] :: Unknown value: 'Tier8'.
11:15:30.776 !!! [CE] :: Unknown value: 'Tier9'.
11:15:30.776 !!! [CE] :: Unknown value: 'Tier7'.
11:15:30.776 !!! [CE] :: Unknown value: 'Tier8'.
11:15:30.776 !!! [CE] :: Unknown value: 'Tier9'.
11:15:30.776 !!! [CE] :: Unknown value: 'Tier7'.
11:15:30.776 !!! [CE] :: Unknown value: 'Tier8'.
11:15:30.776 !!! [CE] :: Unknown value: 'Tier9'.
11:15:30.776 !!! [CE] :: Unknown value: 'Tier7'.
11:15:30.776 !!! [CE] :: Unknown value: 'Tier8'.
11:15:30.776 !!! [CE] :: Unknown value: 'Tier9'.
11:15:30.776 !!! [CE] :: Unknown value: 'Tier7'.
11:15:30.776 !!! [CE] :: Unknown value: 'Tier8'.
11:15:30.776 !!! [CE] :: Unknown value: 'Tier9'.
11:15:30.776 !!! [CE] :: Unknown value: 'Tier7'.
11:15:30.776 !!! [CE] :: Unknown value: 'Tier8'.
11:15:30.776 !!! [CE] :: Unknown value: 'Tier9'.
11:15:30.776 !!! [CE] :: Unknown value: 'Tier7'.
11:15:30.776 !!! [CE] :: Unknown value: 'Tier8'.
11:15:30.776 !!! [CE] :: Unknown value: 'Tier9'.
11:15:30.776 !!! [CE] :: Unknown value: 'Tier7'.
11:15:30.776 !!! [CE] :: Unknown value: 'Tier8'.
11:15:30.776 !!! [CE] :: Unknown value: 'Tier9'.
11:15:30.776 !!! [CE] :: Unknown value: 'Tier7'.
11:15:30.776 !!! [CE] :: Unknown value: 'Tier8'.
11:15:30.776 !!! [CE] :: Unknown value: 'Tier9'.
11:15:30.776 !!! [CE] :: Unknown value: 'Tier7'.
11:15:30.776 !!! [CE] :: Unknown value: 'Tier8'.
11:15:30.776 !!! [CE] :: Unknown value: 'Tier9'.
11:15:30.776 !!! [CE] :: Unknown value: 'Tier7'.
11:15:30.776 !!! [CE] :: Unknown value: 'Tier8'.
11:15:30.776 !!! [CE] :: Unknown value: 'Tier9'.
11:15:30.776 !!! [CE] :: Unknown value: 'Tier7'.
11:15:30.776 !!! [CE] :: Unknown value: 'Tier8'.
11:15:30.776 !!! [CE] :: Unknown value: 'Tier9'.
11:15:30.776 !!! [CE] :: Unknown value: 'Tier7'.
11:15:30.776 !!! [CE] :: Unknown value: 'Tier8'.
11:15:30.776 !!! [CE] :: Unknown value: 'Tier9'.
11:15:30.776 !!! [CE] :: Unknown value: 'Tier7'.
11:15:30.776 !!! [CE] :: Unknown value: 'Tier8'.
11:15:30.776 !!! [CE] :: Unknown value: 'Tier9'.
11:15:30.776 !!! [CE] :: Unknown value: 'Tier7'.
11:15:30.776 !!! [CE] :: Unknown value: 'Tier8'.
11:15:30.776 !!! [CE] :: Unknown value: 'Tier9'.
11:15:30.776 !!! [CE] :: Unknown value: 'Tier7'.
11:15:30.776 !!! [CE] :: Unknown value: 'Tier8'.
11:15:30.776 !!! [CE] :: Unknown value: 'Tier9'.
11:15:30.776 !!! [CE] :: Unknown value: 'Tier7'.
11:15:30.776 !!! [CE] :: Unknown value: 'Tier8'.
11:15:30.776 !!! [CE] :: Unknown value: 'Tier9'.
11:15:30.776 !!! [CE] :: Unknown value: 'Tier7'.
11:15:30.776 !!! [CE] :: Unknown value: 'Tier8'.
11:15:30.776 !!! [CE] :: Unknown value: 'Tier9'.
11:15:30.776 !!! [CE] :: Unknown value: 'Tier7'.
11:15:30.776 !!! [CE] :: Unknown value: 'Tier8'.
11:15:30.776 !!! [CE] :: Unknown value: 'Tier9'.
11:15:30.776 !!! [CE] :: Unknown value: 'Tier7'.
11:15:30.776 !!! [CE] :: Unknown value: 'Tier8'.
11:15:30.776 !!! [CE] :: Unknown value: 'Tier9'.
11:15:30.776 !!! [CE] :: Unknown value: 'Tier7'.
11:15:30.776 !!! [CE] :: Unknown value: 'Tier8'.
11:15:30.776 !!! [CE] :: Unknown value: 'Tier9'.
11:15:30.776 !!! [CE] :: Unknown value: 'Tier7'.
11:15:30.776 !!! [CE] :: Unknown value: 'Tier8'.
11:15:30.776 !!! [CE] :: Unknown value: 'Tier9'.
11:15:30.776 !!! [CE] :: Unknown value: 'Tier7'.
11:15:30.776 !!! [CE] :: Unknown value: 'Tier8'.
11:15:30.776 !!! [CE] :: Unknown value: 'Tier9'.
11:15:30.776 !!! [CE] :: Unknown value: 'Tier7'.
11:15:30.776 !!! [CE] :: Unknown value: 'Tier8'.
11:15:30.776 !!! [CE] :: Unknown value: 'Tier9'.
11:15:30.776 !!! [CE] :: Unknown value: 'Tier7'.
11:15:30.776 !!! [CE] :: Unknown value: 'Tier8'.
11:15:30.776 !!! [CE] :: Unknown value: 'Tier9'.
11:15:30.776 !!! [CE] :: Unknown value: 'Tier7'.
11:15:30.776 !!! [CE] :: Unknown value: 'Tier8'.
11:15:30.776 !!! [CE] :: Unknown value: 'Tier9'.
11:15:30.776 !!! [CE] :: Unknown value: 'Tier7'.
11:15:30.776 !!! [CE] :: Unknown value: 'Tier8'.
11:15:30.776 !!! [CE] :: Unknown value: 'Tier9'.
11:15:30.776 !!! [CE] :: Unknown value: 'Tier7'.
11:15:30.776 !!! [CE] :: Unknown value: 'Tier8'.
11:15:30.776 !!! [CE] :: Unknown value: 'Tier9'.
11:15:30.776 !!! [CE] :: Unknown value: 'Tier7'.
11:15:30.776 !!! [CE] :: Unknown value: 'Tier8'.
11:15:30.776 !!! [CE] :: Unknown value: 'Tier9'.
11:15:30.776 !!! [CE] :: Unknown value: 'Tier7'.
11:15:30.776 !!! [CE] :: Unknown value: 'Tier8'.
11:15:30.776 !!! [CE] :: Unknown value: 'Tier9'.
11:15:30.776 !!! [CE] :: Unknown value: 'Tier7'.
11:15:30.776 !!! [CE] :: Unknown value: 'Tier8'.
11:15:30.776 !!! [CE] :: Unknown value: 'Tier9'.
11:15:30.776 !!! [CE] :: Unknown value: 'Tier7'.
11:15:30.776 !!! [CE] :: Unknown value: 'Tier8'.
11:15:30.776 !!! [CE] :: Unknown value: 'Tier9'.
11:15:30.776 !!! [CE] :: Unknown value: 'Tier7'.
11:15:30.776 !!! [CE] :: Unknown value: 'Tier8'.
11:15:30.776 !!! [CE] :: Unknown value: 'Tier9'.
11:15:30.776 !!! [CE] :: Unknown value: 'Tier7'.
11:15:30.776 !!! [CE] :: Unknown value: 'Tier8'.
11:15:30.776 !!! [CE] :: Unknown value: 'Tier9'.
11:15:30.776 !!! [CE] :: Unknown value: 'Tier7'.
11:15:30.776 !!! [CE] :: Unknown value: 'Tier8'.
11:15:30.776 !!! [CE] :: Unknown value: 'Tier9'.
11:15:30.776 !!! [CE] :: Unknown value: 'Tier7'.
11:15:30.776 !!! [CE] :: Unknown value: 'Tier8'.
11:15:30.776 !!! [CE] :: Unknown value: 'Tier9'.
11:15:30.776 !!! [CE] :: Unknown value: 'Tier7'.
11:15:30.776 !!! [CE] :: Unknown value: 'Tier8'.
11:15:30.776 !!! [CE] :: Unknown value: 'Tier9'.
11:15:30.776 !!! [CE] :: Unknown value: 'Tier7'.
11:15:30.776 !!! [CE] :: Unknown value: 'Tier8'.
11:15:30.776 !!! [CE] :: Unknown value: 'Tier9'.
11:15:30.776 !!! [CE] :: Unknown value: 'Tier7'.
11:15:30.776 !!! [CE] :: Unknown value: 'Tier8'.
11:15:30.776 !!! [CE] :: Unknown value: 'Tier9'.
11:15:30.776 !!! [CE] :: Unknown value: 'Tier7'.
11:15:30.776 !!! [CE] :: Unknown value: 'Tier8'.
11:15:30.776 !!! [CE] :: Unknown value: 'Tier9'.
11:15:30.776 !!! [CE] :: Unknown value: 'Tier7'.
11:15:30.776 !!! [CE] :: Unknown value: 'Tier8'.
11:15:30.776 !!! [CE] :: Unknown value: 'Tier9'.
11:15:30.776 !!! [CE] :: Unknown value: 'Tier7'.
11:15:30.776 !!! [CE] :: Unknown value: 'Tier8'.
11:15:30.776 !!! [CE] :: Unknown value: 'Tier9'.
11:15:30.776 !!! [CE] :: Unknown value: 'Tier7'.
11:15:30.776 !!! [CE] :: Unknown value: 'Tier8'.
11:15:30.776 !!! [CE] :: Unknown value: 'Tier9'.
11:15:30.776 !!! [CE] :: Unknown value: 'Tier7'.
11:15:30.776 !!! [CE] :: Unknown value: 'Tier8'.
11:15:30.777 !!! [CE] :: Unknown value: 'Tier9'.
11:15:30.777 !!! [CE] :: Unknown value: 'Tier7'.
11:15:30.777 !!! [CE] :: Unknown value: 'Tier8'.
11:15:30.777 !!! [CE] :: Unknown value: 'Tier9'.
11:15:30.777 !!! [CE] :: Unknown value: 'Tier7'.
11:15:30.777 !!! [CE] :: Unknown value: 'Tier8'.
11:15:30.777 !!! [CE] :: Unknown value: 'Tier9'.
11:15:30.777 !!! [CE] :: Unknown value: 'Tier7'.
11:15:30.777 !!! [CE] :: Unknown value: 'Tier8'.
11:15:30.777 !!! [CE] :: Unknown value: 'Tier9'.
11:15:30.777 !!! [CE] :: Unknown value: 'Tier7'.
11:15:30.777 !!! [CE] :: Unknown value: 'Tier8'.
11:15:30.777 !!! [CE] :: Unknown value: 'Tier9'.
11:15:30.777 !!! [CE] :: Unknown value: 'Tier7'.
11:15:30.777 !!! [CE] :: Unknown value: 'Tier8'.
11:15:30.777 !!! [CE] :: Unknown value: 'Tier9'.
11:15:30.777 !!! [CE] :: Unknown value: 'Tier7'.
11:15:30.777 !!! [CE] :: Unknown value: 'Tier8'.
11:15:30.777 !!! [CE] :: Unknown value: 'Tier9'.
11:15:30.777 !!! [CE] :: Unknown value: 'Tier7'.
11:15:30.777 !!! [CE] :: Unknown value: 'Tier8'.
11:15:30.777 !!! [CE] :: Unknown value: 'Tier9'.
11:15:30.777 !!! [CE] :: Unknown value: 'Tier7'.
11:15:30.777 !!! [CE] :: Unknown value: 'Tier8'.
11:15:30.777 !!! [CE] :: Unknown value: 'Tier9'.
11:15:30.777 !!! [CE] :: Unknown value: 'Tier7'.
11:15:30.777 !!! [CE] :: Unknown value: 'Tier8'.
11:15:30.777 !!! [CE] :: Unknown value: 'Tier9'.
11:15:30.777 !!! [CE] :: Unknown value: 'Tier7'.
11:15:30.777 !!! [CE] :: Unknown value: 'Tier8'.
11:15:30.777 !!! [CE] :: Unknown value: 'Tier9'.
11:15:30.777 !!! [CE] :: Unknown value: 'Tier7'.
11:15:30.777 !!! [CE] :: Unknown value: 'Tier8'.
11:15:30.777 !!! [CE] :: Unknown value: 'Tier9'.
11:15:30.777 !!! [CE] :: Unknown value: 'Tier7'.
11:15:30.777 !!! [CE] :: Unknown value: 'Tier8'.
11:15:30.777 !!! [CE] :: Unknown value: 'Tier9'.
11:15:30.777 !!! [CE] :: Unknown value: 'Tier7'.
11:15:30.777 !!! [CE] :: Unknown value: 'Tier8'.
11:15:30.777 !!! [CE] :: Unknown value: 'Tier9'.
11:15:30.777 !!! [CE] :: Unknown value: 'Tier7'.
11:15:30.777 !!! [CE] :: Unknown value: 'Tier8'.
11:15:30.777 !!! [CE] :: Unknown value: 'Tier9'.
11:15:30.777 !!! [CE] :: Unknown value: 'Tier7'.
11:15:30.777 !!! [CE] :: Unknown value: 'Tier8'.
11:15:30.777 !!! [CE] :: Unknown value: 'Tier9'.
11:15:30.777 !!! [CE] :: Unknown value: 'Tier7'.
11:15:30.777 !!! [CE] :: Unknown value: 'Tier8'.
11:15:30.777 !!! [CE] :: Unknown value: 'Tier9'.
11:15:30.777 !!! [CE] :: Unknown value: 'Tier7'.
11:15:30.777 !!! [CE] :: Unknown value: 'Tier8'.
11:15:30.777 !!! [CE] :: Unknown value: 'Tier9'.
11:15:30.777 !!! [CE] :: Unknown value: 'Tier7'.
11:15:30.777 !!! [CE] :: Unknown value: 'Tier8'.
11:15:30.777 !!! [CE] :: Unknown value: 'Tier9'.
11:15:30.777 !!! [CE] :: Unknown value: 'Tier7'.
11:15:30.777 !!! [CE] :: Unknown value: 'Tier8'.
11:15:30.777 !!! [CE] :: Unknown value: 'Tier9'.
11:15:30.777 !!! [CE] :: Unknown value: 'Tier7'.
11:15:30.777 !!! [CE] :: Unknown value: 'Tier8'.
11:15:30.777 !!! [CE] :: Unknown value: 'Tier9'.
11:15:30.777 !!! [CE] :: Unknown value: 'Tier7'.
11:15:30.777 !!! [CE] :: Unknown value: 'Tier8'.
11:15:30.777 !!! [CE] :: Unknown value: 'Tier9'.
11:15:30.777 !!! [CE] :: Unknown value: 'Tier7'.
11:15:30.777 !!! [CE] :: Unknown value: 'Tier8'.
11:15:30.777 !!! [CE] :: Unknown value: 'Tier9'.
11:15:30.777 !!! [CE] :: Unknown value: 'Tier7'.
11:15:30.777 !!! [CE] :: Unknown value: 'Tier8'.
11:15:30.777 !!! [CE] :: Unknown value: 'Tier9'.
11:15:30.777 !!! [CE] :: Unknown value: 'Tier7'.
11:15:30.777 !!! [CE] :: Unknown value: 'Tier8'.
11:15:30.777 !!! [CE] :: Unknown value: 'Tier9'.
11:15:30.777 !!! [CE] :: Unknown value: 'Tier7'.
11:15:30.777 !!! [CE] :: Unknown value: 'Tier8'.
11:15:30.777 !!! [CE] :: Unknown value: 'Tier9'.
11:15:30.777 !!! [CE] :: Unknown value: 'Tier7'.
11:15:30.777 !!! [CE] :: Unknown value: 'Tier8'.
11:15:30.777 !!! [CE] :: Unknown value: 'Tier9'.
11:15:30.777 !!! [CE] :: Unknown value: 'Tier7'.
11:15:30.777 !!! [CE] :: Unknown value: 'Tier8'.
11:15:30.777 !!! [CE] :: Unknown value: 'Tier9'.
11:15:30.777 !!! [CE] :: Unknown value: 'Tier7'.
11:15:30.777 !!! [CE] :: Unknown value: 'Tier8'.
11:15:30.777 !!! [CE] :: Unknown value: 'Tier9'.
11:15:30.777 !!! [CE] :: Unknown value: 'Tier7'.
11:15:30.777 !!! [CE] :: Unknown value: 'Tier8'.
11:15:30.777 !!! [CE] :: Unknown value: 'Tier9'.
11:15:30.777 !!! [CE] :: Unknown value: 'Tier7'.
11:15:30.777 !!! [CE] :: Unknown value: 'Tier8'.
11:15:30.777 !!! [CE] :: Unknown value: 'Tier9'.
11:15:30.777 !!! [CE] :: Unknown value: 'Tier7'.
11:15:30.777 !!! [CE] :: Unknown value: 'Tier8'.
11:15:30.777 !!! [CE] :: Unknown value: 'Tier9'.
11:15:30.777 !!! [CE] :: Unknown value: 'Tier7'.
11:15:30.777 !!! [CE] :: Unknown value: 'Tier8'.
11:15:30.777 !!! [CE] :: Unknown value: 'Tier9'.
11:15:30.777 !!! [CE] :: Unknown value: 'Tier7'.
11:15:30.777 !!! [CE] :: Unknown value: 'Tier8'.
11:15:30.777 !!! [CE] :: Unknown value: 'Tier9'.
11:15:30.777 !!! [CE] :: Unknown value: 'Tier7'.
11:15:30.777 !!! [CE] :: Unknown value: 'Tier8'.
11:15:30.777 !!! [CE] :: Unknown value: 'Tier9'.
11:15:30.777 !!! [CE] :: Unknown value: 'Tier7'.
11:15:30.777 !!! [CE] :: Unknown value: 'Tier8'.
11:15:30.777 !!! [CE] :: Unknown value: 'Tier9'.
11:15:30.777 !!! [CE] :: Unknown value: 'Tier7'.
11:15:30.777 !!! [CE] :: Unknown value: 'Tier8'.
11:15:30.777 !!! [CE] :: Unknown value: 'Tier9'.
11:15:30.777 !!! [CE] :: Unknown value: 'Tier7'.
11:15:30.777 !!! [CE] :: Unknown value: 'Tier8'.
11:15:30.777 !!! [CE] :: Unknown value: 'Tier9'.
11:15:30.777 !!! [CE] :: Unknown value: 'Tier7'.
11:15:30.777 !!! [CE] :: Unknown value: 'Tier8'.
11:15:30.777 !!! [CE] :: Unknown value: 'Tier9'.
11:15:30.777 !!! [CE] :: Unknown value: 'Tier7'.
11:15:30.777 !!! [CE] :: Unknown value: 'Tier8'.
11:15:30.777 !!! [CE] :: Unknown value: 'Tier9'.
11:15:30.777 !!! [CE] :: Unknown value: 'Tier7'.
11:15:30.777 !!! [CE] :: Unknown value: 'Tier8'.
11:15:30.777 !!! [CE] :: Unknown value: 'Tier9'.
11:15:30.777 !!! [CE] :: Unknown value: 'Tier7'.
11:15:30.777 !!! [CE] :: Unknown value: 'Tier8'.
11:15:30.777 !!! [CE] :: Unknown value: 'Tier9'.
11:15:30.777 !!! [CE] :: Unknown value: 'Tier7'.
11:15:30.777 !!! [CE] :: Unknown value: 'Tier8'.
11:15:30.777 !!! [CE] :: Unknown value: 'Tier9'.
11:15:30.777 !!! [CE] :: Unknown value: 'Tier7'.
11:15:30.777 !!! [CE] :: Unknown value: 'Tier8'.
11:15:30.777 !!! [CE] :: Unknown value: 'Tier9'.
11:15:30.777 !!! [CE] :: Unknown value: 'Tier7'.
11:15:30.777 !!! [CE] :: Unknown value: 'Tier8'.
11:15:30.777 !!! [CE] :: Unknown value: 'Tier9'.
11:15:30.777 !!! [CE] :: Unknown value: 'Tier7'.
11:15:30.777 !!! [CE] :: Unknown value: 'Tier8'.
11:15:30.777 !!! [CE] :: Unknown value: 'Tier9'.
11:15:30.777 !!! [CE] :: Unknown value: 'Tier7'.
11:15:30.777 !!! [CE] :: Unknown value: 'Tier8'.
11:15:30.777 !!! [CE] :: Unknown value: 'Tier9'.
11:15:30.777 !!! [CE] :: Unknown value: 'Tier7'.
11:15:30.777 !!! [CE] :: Unknown value: 'Tier8'.
11:15:30.777 !!! [CE] :: Unknown value: 'Tier9'.
11:15:30.777 !!! [CE] :: Unknown value: 'Tier7'.
11:15:30.777 !!! [CE] :: Unknown value: 'Tier8'.
11:15:30.777 !!! [CE] :: Unknown value: 'Tier9'.
11:15:30.777 !!! [CE] :: Unknown value: 'Tier7'.
11:15:30.777 !!! [CE] :: Unknown value: 'Tier8'.
11:15:30.777 !!! [CE] :: Unknown value: 'Tier9'.
11:15:30.777 !!! [CE] :: Unknown value: 'Tier7'.
11:15:30.777 !!! [CE] :: Unknown value: 'Tier8'.
11:15:30.777 !!! [CE] :: Unknown value: 'Tier9'.
11:15:30.777 !!! [CE] :: Unknown value: 'Tier7'.
11:15:30.777 !!! [CE] :: Unknown value: 'Tier8'.
11:15:30.777 !!! [CE] :: Unknown value: 'Tier9'.
11:15:30.777 !!! [CE] :: Unknown value: 'Tier7'.
11:15:30.777 !!! [CE] :: Unknown value: 'Tier8'.
11:15:30.777 !!! [CE] :: Unknown value: 'Tier9'.
11:15:30.777 !!! [CE] :: Unknown value: 'Tier7'.
11:15:30.777 !!! [CE] :: Unknown value: 'Tier8'.
11:15:30.777 !!! [CE] :: Unknown value: 'Tier9'.
11:15:30.777 !!! [CE] :: Unknown value: 'Tier7'.
11:15:30.777 !!! [CE] :: Unknown value: 'Tier8'.
11:15:30.777 !!! [CE] :: Unknown value: 'Tier9'.
11:15:30.777 !!! [CE] :: Unknown value: 'Tier7'.
11:15:30.777 !!! [CE] :: Unknown value: 'Tier8'.
11:15:30.777 !!! [CE] :: Unknown value: 'Tier9'.
11:15:30.777 !!! [CE] :: Unknown value: 'Tier7'.
11:15:30.777 !!! [CE] :: Unknown value: 'Tier8'.
11:15:30.777 !!! [CE] :: Unknown value: 'Tier9'.
11:15:30.777 !!! [CE] :: Unknown value: 'Tier7'.
11:15:30.777 !!! [CE] :: Unknown value: 'Tier8'.
11:15:30.777 !!! [CE] :: Unknown value: 'Tier9'.
11:15:30.777 !!! [CE] :: Unknown value: 'Tier7'.
11:15:30.777 !!! [CE] :: Unknown value: 'Tier8'.
11:15:30.777 !!! [CE] :: Unknown value: 'Tier9'.
11:15:30.777 !!! [CE] :: Unknown value: 'Tier7'.
11:15:30.777 !!! [CE] :: Unknown value: 'Tier8'.
11:15:30.777 !!! [CE] :: Unknown value: 'Tier9'.
11:15:30.777 !!! [CE] :: Unknown value: 'Tier7'.
11:15:30.777 !!! [CE] :: Unknown value: 'Tier8'.
11:15:30.777 !!! [CE] :: Unknown value: 'Tier9'.
11:15:30.777 !!! [CE] :: Unknown value: 'Tier7'.
11:15:30.777 !!! [CE] :: Unknown value: 'Tier8'.
11:15:30.777 !!! [CE] :: Unknown value: 'Tier9'.
11:15:30.777 !!! [CE] :: Unknown value: 'Tier7'.
11:15:30.777 !!! [CE] :: Unknown value: 'Tier8'.
11:15:30.777 !!! [CE] :: Unknown value: 'Tier9'.
11:15:30.777 !!! [CE] :: Unknown value: 'Tier7'.
11:15:30.777 !!! [CE] :: Unknown value: 'Tier8'.
11:15:30.777 !!! [CE] :: Unknown value: 'Tier9'.
11:15:30.777 !!! [CE] :: Unknown value: 'Tier7'.
11:15:30.777 !!! [CE] :: Unknown value: 'Tier8'.
11:15:30.777 !!! [CE] :: Unknown value: 'Tier9'.
11:15:30.777 !!! [CE] :: Unknown value: 'Tier7'.
11:15:30.777 !!! [CE] :: Unknown value: 'Tier8'.
11:15:30.777 !!! [CE] :: Unknown value: 'Tier9'.
11:15:30.777 !!! [CE] :: Unknown value: 'Tier7'.
11:15:30.777 !!! [CE] :: Unknown value: 'Tier8'.
11:15:30.777 !!! [CE] :: Unknown value: 'Tier9'.
11:15:30.777 !!! [CE] :: Unknown value: 'Tier7'.
11:15:30.777 !!! [CE] :: Unknown value: 'Tier8'.
11:15:30.777 !!! [CE] :: Unknown value: 'Tier9'.
11:15:30.777 !!! [CE] :: Unknown value: 'Tier7'.
11:15:30.777 !!! [CE] :: Unknown value: 'Tier8'.
11:15:30.777 !!! [CE] :: Unknown value: 'Tier9'.
11:15:30.777 !!! [CE] :: Unknown value: 'Tier7'.
11:15:30.777 !!! [CE] :: Unknown value: 'Tier8'.
11:15:30.777 !!! [CE] :: Unknown value: 'Tier9'.
11:15:30.777 !!! [CE] :: Unknown value: 'Tier7'.
11:15:30.777 !!! [CE] :: Unknown value: 'Tier8'.
11:15:30.777 !!! [CE] :: Unknown value: 'Tier9'.
11:15:30.777 !!! [CE] :: Unknown value: 'Tier7'.
11:15:30.777 !!! [CE] :: Unknown value: 'Tier8'.
11:15:30.777 !!! [CE] :: Unknown value: 'Tier9'.
11:15:30.777 !!! [CE] :: Unknown value: 'Tier7'.
11:15:30.777 !!! [CE] :: Unknown value: 'Tier8'.
11:15:30.777 !!! [CE] :: Unknown value: 'Tier9'.
11:15:30.777 !!! [CE] :: Unknown value: 'Tier7'.
11:15:30.777 !!! [CE] :: Unknown value: 'Tier8'.
11:15:30.777 !!! [CE] :: Unknown value: 'Tier9'.
11:15:30.777 !!! [CE] :: Unknown value: 'Tier7'.
11:15:30.777 !!! [CE] :: Unknown value: 'Tier8'.
11:15:30.777 !!! [CE] :: Unknown value: 'Tier9'.
11:15:30.777 !!! [CE] :: Unknown value: 'Tier7'.
11:15:30.777 !!! [CE] :: Unknown value: 'Tier8'.
11:15:30.777 !!! [CE] :: Unknown value: 'Tier9'.
11:15:30.777 !!! [CE] :: Unknown value: 'Tier7'.
11:15:30.777 !!! [CE] :: Unknown value: 'Tier8'.
11:15:30.777 !!! [CE] :: Unknown value: 'Tier9'.
11:15:30.777 !!! [CE] :: Unknown value: 'Tier7'.
11:15:30.777 !!! [CE] :: Unknown value: 'Tier8'.
11:15:30.777 !!! [CE] :: Unknown value: 'Tier9'.
11:15:30.777 !!! [CE] :: Unknown value: 'Tier7'.
11:15:30.777 !!! [CE] :: Unknown value: 'Tier8'.
11:15:30.777 !!! [CE] :: Unknown value: 'Tier9'.
11:15:30.777 !!! [CE] :: Unknown value: 'Tier7'.
11:15:30.777 !!! [CE] :: Unknown value: 'Tier8'.
11:15:30.777 !!! [CE] :: Unknown value: 'Tier9'.
11:15:30.777 !!! [CE] :: Unknown value: 'Tier7'.
11:15:30.777 !!! [CE] :: Unknown value: 'Tier8'.
11:15:30.777 !!! [CE] :: Unknown value: 'Tier9'.
11:15:30.777 !!! [CE] :: Unknown value: 'Tier7'.
11:15:30.777 !!! [CE] :: Unknown value: 'Tier8'.
11:15:30.777 !!! [CE] :: Unknown value: 'Tier9'.
11:15:30.777 !!! [CE] :: Unknown value: 'Tier7'.
11:15:30.777 !!! [CE] :: Unknown value: 'Tier8'.
11:15:30.777 !!! [CE] :: Unknown value: 'Tier9'.
11:15:30.777 !!! [CE] :: Unknown value: 'Tier7'.
11:15:30.777 !!! [CE] :: Unknown value: 'Tier8'.
11:15:30.777 !!! [CE] :: Unknown value: 'Tier9'.
11:15:30.777 !!! [CE] :: Unknown value: 'Tier7'.
11:15:30.777 !!! [CE] :: Unknown value: 'Tier8'.
11:15:30.777 !!! [CE] :: Unknown value: 'Tier9'.
11:15:30.777 !!! [CE] :: Unknown value: 'Tier7'.
11:15:30.777 !!! [CE] :: Unknown value: 'Tier8'.
11:15:30.777 !!! [CE] :: Unknown value: 'Tier9'.
11:15:30.777 !!! [CE] :: Unknown value: 'Tier7'.
11:15:30.777 !!! [CE] :: Unknown value: 'Tier8'.
11:15:30.777 !!! [CE] :: Unknown value: 'Tier9'.
11:15:30.777 !!! [CE] :: Unknown value: 'Tier7'.
11:15:30.777 !!! [CE] :: Unknown value: 'Tier8'.
11:15:30.777 !!! [CE] :: Unknown value: 'Tier9'.
11:15:30.777 !!! [CE] :: Unknown value: 'Tier7'.
11:15:30.777 !!! [CE] :: Unknown value: 'Tier8'.
11:15:30.777 !!! [CE] :: Unknown value: 'Tier9'.
11:15:30.777 !!! [CE] :: Unknown value: 'Tier7'.
11:15:30.777 !!! [CE] :: Unknown value: 'Tier8'.
11:15:30.777 !!! [CE] :: Unknown value: 'Tier9'.
11:15:30.777 !!! [CE] :: Unknown value: 'Tier7'.
11:15:30.777 !!! [CE] :: Unknown value: 'Tier8'.
11:15:30.777 !!! [CE] :: Unknown value: 'Tier9'.
11:15:30.777 !!! [CE] :: Unknown value: 'Tier7'.
11:15:30.777 !!! [CE] :: Unknown value: 'Tier8'.
11:15:30.777 !!! [CE] :: Unknown value: 'Tier9'.
11:15:30.777 !!! [CE] :: Unknown value: 'Tier7'.
11:15:30.777 !!! [CE] :: Unknown value: 'Tier8'.
11:15:30.777 !!! [CE] :: Unknown value: 'Tier9'.
11:15:30.777 !!! [CE] :: Unknown value: 'Tier7'.
11:15:30.777 !!! [CE] :: Unknown value: 'Tier8'.
11:15:30.777 !!! [CE] :: Unknown value: 'Tier9'.
11:15:30.777 !!! [CE] :: Unknown value: 'Tier7'.
11:15:30.777 !!! [CE] :: Unknown value: 'Tier8'.
11:15:30.777 !!! [CE] :: Unknown value: 'Tier9'.
11:15:30.777 !!! [CE] :: Unknown value: 'Tier7'.
11:15:30.777 !!! [CE] :: Unknown value: 'Tier8'.
11:15:30.777 !!! [CE] :: Unknown value: 'Tier9'.
11:15:30.777 !!! [CE] :: Unknown value: 'Tier7'.
11:15:30.777 !!! [CE] :: Unknown value: 'Tier8'.
11:15:30.777 !!! [CE] :: Unknown value: 'Tier9'.
11:15:30.777 !!! [CE] :: Unknown value: 'Tier7'.
11:15:30.777 !!! [CE] :: Unknown value: 'Tier8'.
11:15:30.777 !!! [CE] :: Unknown value: 'Tier9'.
11:15:30.777 !!! [CE] :: Unknown value: 'Tier7'.
11:15:30.777 !!! [CE] :: Unknown value: 'Tier8'.
11:15:30.777 !!! [CE] :: Unknown value: 'Tier9'.
11:15:30.777 !!! [CE] :: Unknown value: 'Tier7'.
11:15:30.777 !!! [CE] :: Unknown value: 'Tier8'.
11:15:30.777 !!! [CE] :: Unknown value: 'Tier9'.
11:15:30.777 !!! [CE] :: Unknown value: 'Tier7'.
11:15:30.777 !!! [CE] :: Unknown value: 'Tier8'.
11:15:30.777 !!! [CE] :: Unknown value: 'Tier9'.
11:15:30.777 !!! [CE] :: Unknown value: 'Tier7'.
11:15:30.777 !!! [CE] :: Unknown value: 'Tier8'.
11:15:30.777 !!! [CE] :: Unknown value: 'Tier9'.
11:15:30.777 !!! [CE] :: Unknown value: 'Tier7'.
11:15:30.777 !!! [CE] :: Unknown value: 'Tier8'.
11:15:30.777 !!! [CE] :: Unknown value: 'Tier9'.
11:15:30.777 !!! [CE] :: Unknown value: 'Tier7'.
11:15:30.777 !!! [CE] :: Unknown value: 'Tier8'.
11:15:30.777 !!! [CE] :: Unknown value: 'Tier9'.
11:15:30.777 !!! [CE] :: Unknown value: 'Tier7'.
11:15:30.777 !!! [CE] :: Unknown value: 'Tier8'.
11:15:30.777 !!! [CE] :: Unknown value: 'Tier9'.
11:15:30.777 !!! [CE] :: Unknown value: 'Tier7'.
11:15:30.777 !!! [CE] :: Unknown value: 'Tier8'.
11:15:30.777 !!! [CE] :: Unknown value: 'Tier9'.
11:15:30.777 !!! [CE] :: Unknown value: 'Tier7'.
11:15:30.777 !!! [CE] :: Unknown value: 'Tier8'.
11:15:30.777 !!! [CE] :: Unknown value: 'Tier9'.
11:15:30.777 !!! [CE] :: Unknown value: 'Tier7'.
11:15:30.777 !!! [CE] :: Unknown value: 'Tier8'.
11:15:30.777 !!! [CE] :: Unknown value: 'Tier9'.
11:15:30.777 !!! [CE] :: Unknown value: 'Tier7'.
11:15:30.777 !!! [CE] :: Unknown value: 'Tier8'.
11:15:30.777 !!! [CE] :: Unknown value: 'Tier9'.
11:15:30.777 !!! [CE] :: Unknown value: 'Tier7'.
11:15:30.777 !!! [CE] :: Unknown value: 'Tier8'.
11:15:30.777 !!! [CE] :: Unknown value: 'Tier9'.
11:15:30.777 !!! [CE] :: Unknown value: 'Tier7'.
11:15:30.777 !!! [CE] :: Unknown value: 'Tier8'.
11:15:30.777 !!! [CE] :: Unknown value: 'Tier9'.
11:15:30.777 !!! [CE] :: Unknown value: 'Tier7'.
11:15:30.777 !!! [CE] :: Unknown value: 'Tier8'.
11:15:30.777 !!! [CE] :: Unknown value: 'Tier9'.
11:15:30.777 !!! [CE] :: Unknown value: 'Tier7'.
11:15:30.777 !!! [CE] :: Unknown value: 'Tier8'.
11:15:30.777 !!! [CE] :: Unknown value: 'Tier9'.
11:15:30.777 !!! [CE] :: Unknown value: 'Tier7'.
11:15:30.777 !!! [CE] :: Unknown value: 'Tier8'.
11:15:30.777 !!! [CE] :: Unknown value: 'Tier9'.
11:15:30.777 !!! [CE] :: Unknown value: 'Tier7'.
11:15:30.777 !!! [CE] :: Unknown value: 'Tier8'.
11:15:30.777 !!! [CE] :: Unknown value: 'Tier9'.
11:15:30.777 !!! [CE] :: Unknown value: 'Tier7'.
11:15:30.777 !!! [CE] :: Unknown value: 'Tier8'.
11:15:30.777 !!! [CE] :: Unknown value: 'Tier9'.
11:15:30.777 !!! [CE] :: Unknown value: 'Tier7'.
11:15:30.777 !!! [CE] :: Unknown value: 'Tier8'.
11:15:30.777 !!! [CE] :: Unknown value: 'Tier9'.
11:15:30.777 !!! [CE] :: Unknown value: 'Tier7'.
11:15:30.777 !!! [CE] :: Unknown value: 'Tier8'.
11:15:30.777 !!! [CE] :: Unknown value: 'Tier9'.
11:15:30.777 !!! [CE] :: Unknown value: 'Tier7'.
11:15:30.777 !!! [CE] :: Unknown value: 'Tier8'.
11:15:30.777 !!! [CE] :: Unknown value: 'Tier9'.
11:15:30.777 !!! [CE] :: Unknown value: 'Tier7'.
11:15:30.777 !!! [CE] :: Unknown value: 'Tier8'.
11:15:30.777 !!! [CE] :: Unknown value: 'Tier9'.
11:15:30.777 !!! [CE] :: Unknown value: 'Tier7'.
11:15:30.777 !!! [CE] :: Unknown value: 'Tier8'.
11:15:30.777 !!! [CE] :: Unknown value: 'Tier9'.
11:15:30.777 !!! [CE] :: Unknown value: 'Tier7'.
11:15:30.777 !!! [CE] :: Unknown value: 'Tier8'.
11:15:30.777 !!! [CE] :: Unknown value: 'Tier9'.
11:15:30.777 !!! [CE] :: Unknown value: 'Tier7'.
11:15:30.777 !!! [CE] :: Unknown value: 'Tier8'.
11:15:30.777 !!! [CE] :: Unknown value: 'Tier9'.
11:15:30.777 !!! [CE] :: Unknown value: 'Tier7'.
11:15:30.777 !!! [CE] :: Unknown value: 'Tier8'.
11:15:30.777 !!! [CE] :: Unknown value: 'Tier9'.
11:15:30.777 !!! [CE] :: Unknown value: 'Tier7'.
11:15:30.777 !!! [CE] :: Unknown value: 'Tier8'.
11:15:30.777 !!! [CE] :: Unknown value: 'Tier9'.
11:15:30.777 !!! [CE] :: Unknown value: 'Tier7'.
11:15:30.777 !!! [CE] :: Unknown value: 'Tier8'.
11:15:30.777 !!! [CE] :: Unknown value: 'Tier9'.
11:15:30.777 !!! [CE] :: Unknown value: 'Tier7'.
11:15:30.777 !!! [CE] :: Unknown value: 'Tier8'.
11:15:30.777 !!! [CE] :: Unknown value: 'Tier9'.
11:15:30.777 !!! [CE] :: Unknown value: 'Tier7'.
11:15:30.777 !!! [CE] :: Unknown value: 'Tier8'.
11:15:30.777 !!! [CE] :: Unknown value: 'Tier9'.
11:15:30.777 !!! [CE] :: Unknown value: 'Tier7'.
11:15:30.777 !!! [CE] :: Unknown value: 'Tier8'.
11:15:30.777 !!! [CE] :: Unknown value: 'Tier9'.
11:15:30.777 !!! [CE] :: Unknown value: 'Tier7'.
11:15:30.777 !!! [CE] :: Unknown value: 'Tier8'.
11:15:30.777 !!! [CE] :: Unknown value: 'Tier9'.
11:15:30.777 !!! [CE] :: Unknown value: 'Tier7'.
11:15:30.777 !!! [CE] :: Unknown value: 'Tier8'.
11:15:30.777 !!! [CE] :: Unknown value: 'Tier9'.
11:15:30.777 !!! [CE] :: Unknown value: 'Tier7'.
11:15:30.777 !!! [CE] :: Unknown value: 'Tier8'.
11:15:30.777 !!! [CE] :: Unknown value: 'Tier9'.
11:15:30.777 !!! [CE] :: Unknown value: 'Tier7'.
11:15:30.777 !!! [CE] :: Unknown value: 'Tier8'.
11:15:30.777 !!! [CE] :: Unknown value: 'Tier9'.
11:15:30.777 !!! [CE] :: Unknown value: 'Tier7'.
11:15:30.777 !!! [CE] :: Unknown value: 'Tier8'.
11:15:30.777 !!! [CE] :: Unknown value: 'Tier9'.
11:15:30.777 !!! [CE] :: Unknown value: 'Tier7'.
11:15:30.777 !!! [CE] :: Unknown value: 'Tier8'.
11:15:30.777 !!! [CE] :: Unknown value: 'Tier9'.
11:15:30.777 !!! [CE] :: Unknown value: 'Tier7'.
11:15:30.777 !!! [CE] :: Unknown value: 'Tier8'.
11:15:30.777 !!! [CE] :: Unknown value: 'Tier9'.
11:15:30.777 !!! [CE] :: Unknown value: 'Tier7'.
11:15:30.777 !!! [CE] :: Unknown value: 'Tier8'.
11:15:30.777 !!! [CE] :: Unknown value: 'Tier9'.
11:15:30.777 !!! [CE] :: Unknown value: 'Tier7'.
11:15:30.777 !!! [CE] :: Unknown value: 'Tier8'.
11:15:30.777 !!! [CE] :: Unknown value: 'Tier9'.
11:15:30.777 !!! [CE] :: Unknown value: 'Tier7'.
11:15:30.777 !!! [CE] :: Unknown value: 'Tier8'.
11:15:30.777 !!! [CE] :: Unknown value: 'Tier9'.
11:15:30.777 !!! [CE] :: Unknown value: 'Tier7'.
11:15:30.777 !!! [CE] :: Unknown value: 'Tier8'.
11:15:30.777 !!! [CE] :: Unknown value: 'Tier9'.
11:15:30.777 !!! [CE] :: Unknown value: 'Tier7'.
11:15:30.777 !!! [CE] :: Unknown value: 'Tier8'.
11:15:30.777 !!! [CE] :: Unknown value: 'Tier9'.
11:15:30.777 !!! [CE] :: Unknown value: 'Tier7'.
11:15:30.777 !!! [CE] :: Unknown value: 'Tier8'.
11:15:30.777 !!! [CE] :: Unknown value: 'Tier9'.
11:15:30.777 !!! [CE] :: Unknown value: 'Tier7'.
11:15:30.777 !!! [CE] :: Unknown value: 'Tier8'.
11:15:30.777 !!! [CE] :: Unknown value: 'Tier9'.
11:15:30.777 !!! [CE] :: Unknown value: 'Tier7'.
11:15:30.777 !!! [CE] :: Unknown value: 'Tier8'.
11:15:30.777 !!! [CE] :: Unknown value: 'Tier9'.
11:15:30.777 !!! [CE] :: Unknown value: 'Tier7'.
11:15:30.777 !!! [CE] :: Unknown value: 'Tier8'.
11:15:30.777 !!! [CE] :: Unknown value: 'Tier9'.
11:15:30.777 !!! [CE] :: Unknown value: 'Tier7'.
11:15:30.777 !!! [CE] :: Unknown value: 'Tier8'.
11:15:30.777 !!! [CE] :: Unknown value: 'Tier9'.
11:15:30.777 !!! [CE] :: Unknown value: 'Tier7'.
11:15:30.777 !!! [CE] :: Unknown value: 'Tier8'.
11:15:30.777 !!! [CE] :: Unknown value: 'Tier9'.
11:15:30.777 !!! [CE] :: Unknown value: 'Tier7'.
11:15:30.777 !!! [CE] :: Unknown value: 'Tier8'.
11:15:30.777 !!! [CE] :: Unknown value: 'Tier9'.
11:15:30.777 !!! [CE] :: Unknown value: 'Tier7'.
11:15:30.777 !!! [CE] :: Unknown value: 'Tier8'.
11:15:30.777 !!! [CE] :: Unknown value: 'Tier9'.
11:15:30.777 !!! [CE] :: Unknown value: 'Tier7'.
11:15:30.777 !!! [CE] :: Unknown value: 'Tier8'.
11:15:30.777 !!! [CE] :: Unknown value: 'Tier9'.
11:15:30.777 !!! [CE] :: Unknown value: 'Tier7'.
11:15:30.777 !!! [CE] :: Unknown value: 'Tier8'.
11:15:30.777 !!! [CE] :: Unknown value: 'Tier9'.
11:15:30.777 !!! [CE] :: Unknown value: 'Tier7'.
11:15:30.777 !!! [CE] :: Unknown value: 'Tier8'.
11:15:30.777 !!! [CE] :: Unknown value: 'Tier9'.
11:15:30.777 !!! [CE] :: Unknown value: 'Tier7'.
11:15:30.777 !!! [CE] :: Unknown value: 'Tier8'.
11:15:30.777 !!! [CE] :: Unknown value: 'Tier9'.
11:15:30.777 !!! [CE] :: Unknown value: 'Tier7'.
11:15:30.777 !!! [CE] :: Unknown value: 'Tier8'.
11:15:30.777 !!! [CE] :: Unknown value: 'Tier9'.
11:15:30.777 !!! [CE] :: Unknown value: 'Tier7'.
11:15:30.777 !!! [CE] :: Unknown value: 'Tier8'.
11:15:30.777 !!! [CE] :: Unknown value: 'Tier9'.
11:15:30.777 !!! [CE] :: Unknown value: 'Tier7'.
11:15:30.777 !!! [CE] :: Unknown value: 'Tier8'.
11:15:30.777 !!! [CE] :: Unknown value: 'Tier9'.
11:15:30.777 !!! [CE] :: Unknown value: 'Tier7'.
11:15:30.777 !!! [CE] :: Unknown value: 'Tier8'.
11:15:30.777 !!! [CE] :: Unknown value: 'Tier9'.
11:15:30.777 !!! [CE] :: Unknown value: 'Tier7'.
11:15:30.777 !!! [CE] :: Unknown value: 'Tier8'.
11:15:30.777 !!! [CE] :: Unknown value: 'Tier9'.
11:15:30.777 !!! [CE] :: Unknown value: 'Tier7'.
11:15:30.777 !!! [CE] :: Unknown value: 'Tier8'.
11:15:30.777 !!! [CE] :: Unknown value: 'Tier9'.
11:15:30.777 !!! [CE] :: Unknown value: 'Tier7'.
11:15:30.777 !!! [CE] :: Unknown value: 'Tier8'.
11:15:30.777 !!! [CE] :: Unknown value: 'Tier9'.
11:15:30.777 !!! [CE] :: Unknown value: 'Tier7'.
11:15:30.777 !!! [CE] :: Unknown value: 'Tier8'.
11:15:30.777 !!! [CE] :: Unknown value: 'Tier9'.
11:15:30.777 !!! [CE] :: Unknown value: 'Tier7'.
11:15:30.777 !!! [CE] :: Unknown value: 'Tier8'.
11:15:30.777 !!! [CE] :: Unknown value: 'Tier9'.
11:15:30.777 !!! [CE] :: Unknown value: 'Tier7'.
11:15:30.777 !!! [CE] :: Unknown value: 'Tier8'.
11:15:30.777 !!! [CE] :: Unknown value: 'Tier9'.
11:15:30.777 !!! [CE] :: Unknown value: 'Tier7'.
11:15:30.777 !!! [CE] :: Unknown value: 'Tier8'.
11:15:30.777 !!! [CE] :: Unknown value: 'Tier9'.
11:15:30.777 !!! [CE] :: Unknown value: 'Tier7'.
11:15:30.777 !!! [CE] :: Unknown value: 'Tier8'.
11:15:30.777 !!! [CE] :: Unknown value: 'Tier9'.
11:15:30.777 !!! [CE] :: Unknown value: 'Tier7'.
11:15:30.777 !!! [CE] :: Unknown value: 'Tier8'.
11:15:30.777 !!! [CE] :: Unknown value: 'Tier9'.
11:15:30.777 !!! [CE] :: Unknown value: 'Tier7'.
11:15:30.777 !!! [CE] :: Unknown value: 'Tier8'.
11:15:30.777 !!! [CE] :: Unknown value: 'Tier9'.
11:15:30.777 !!! [CE] :: Unknown value: 'Tier7'.
11:15:30.777 !!! [CE] :: Unknown value: 'Tier8'.
11:15:30.777 !!! [CE] :: Unknown value: 'Tier9'.
11:15:30.777 !!! [CE] :: Unknown value: 'Tier7'.
11:15:30.777 !!! [CE] :: Unknown value: 'Tier8'.
11:15:30.777 !!! [CE] :: Unknown value: 'Tier9'.
11:15:30.777 !!! [CE] :: Unknown value: 'Tier7'.
11:15:30.777 !!! [CE] :: Unknown value: 'Tier8'.
11:15:30.777 !!! [CE] :: Unknown value: 'Tier9'.
11:15:30.777 !!! [CE] :: Unknown value: 'Tier7'.
11:15:30.777 !!! [CE] :: Unknown value: 'Tier8'.
11:15:30.777 !!! [CE] :: Unknown value: 'Tier9'.
11:15:30.777 !!! [CE] :: Unknown value: 'Tier7'.
11:15:30.777 !!! [CE] :: Unknown value: 'Tier8'.
11:15:30.777 !!! [CE] :: Unknown value: 'Tier9'.
11:15:30.777 !!! [CE] :: Unknown value: 'Tier7'.
11:15:30.777 !!! [CE] :: Unknown value: 'Tier8'.
11:15:30.777 !!! [CE] :: Unknown value: 'Tier9'.
11:15:30.777 !!! [CE] :: Unknown value: 'Tier7'.
11:15:30.777 !!! [CE] :: Unknown value: 'Tier8'.
11:15:30.777 !!! [CE] :: Unknown value: 'Tier9'.
11:15:30.777 !!! [CE] :: Unknown value: 'Tier7'.
11:15:30.777 !!! [CE] :: Unknown value: 'Tier8'.
11:15:30.777 !!! [CE] :: Unknown value: 'Tier9'.
11:15:30.777 !!! [CE] :: Unknown value: 'Tier7'.
11:15:30.777 !!! [CE] :: Unknown value: 'Tier8'.
11:15:30.777 !!! [CE] :: Unknown value: 'Tier9'.
11:15:30.777 !!! [CE] :: Unknown value: 'Tier7'.
11:15:30.777 !!! [CE] :: Unknown value: 'Tier8'.
11:15:30.777 !!! [CE] :: Unknown value: 'Tier9'.
11:15:30.777 !!! [CE] :: Unknown value: 'Tier7'.
11:15:30.777 !!! [CE] :: Unknown value: 'Tier8'.
11:15:30.777 !!! [CE] :: Unknown value: 'Tier9'.
11:15:30.777 !!! [CE] :: Unknown value: 'Tier7'.
11:15:30.777 !!! [CE] :: Unknown value: 'Tier8'.
11:15:30.777 !!! [CE] :: Unknown value: 'Tier9'.
11:15:30.777 !!! [CE] :: Unknown value: 'Tier7'.
11:15:30.777 !!! [CE] :: Unknown value: 'Tier8'.
11:15:30.777 !!! [CE] :: Unknown value: 'Tier9'.
11:15:30.777 !!! [CE] :: Unknown value: 'Tier7'.
11:15:30.777 !!! [CE] :: Unknown value: 'Tier8'.
11:15:30.777 !!! [CE] :: Unknown value: 'Tier9'.
11:15:30.777 !!! [CE] :: Unknown value: 'Tier7'.
11:15:30.777 !!! [CE] :: Unknown value: 'Tier8'.
11:15:30.777 !!! [CE] :: Unknown value: 'Tier9'.
11:15:30.777 !!! [CE] :: Unknown value: 'Tier7'.
11:15:30.777 !!! [CE] :: Unknown value: 'Tier8'.
11:15:30.777 !!! [CE] :: Unknown value: 'Tier9'.
11:15:30.777 !!! [CE] :: Unknown value: 'Tier7'.
11:15:30.777 !!! [CE] :: Unknown value: 'Tier8'.
11:15:30.777 !!! [CE] :: Unknown value: 'Tier9'.
11:15:30.777 !!! [CE] :: Unknown value: 'Tier7'.
11:15:30.777 !!! [CE] :: Unknown value: 'Tier8'.
11:15:30.777 !!! [CE] :: Unknown value: 'Tier9'.
11:15:30.777 !!! [CE] :: Unknown value: 'Tier7'.
11:15:30.777 !!! [CE] :: Unknown value: 'Tier8'.
11:15:30.777 !!! [CE] :: Unknown value: 'Tier9'.
11:15:30.777 !!! [CE] :: Unknown value: 'Tier7'.
11:15:30.777 !!! [CE] :: Unknown value: 'Tier8'.
11:15:30.777 !!! [CE] :: Unknown value: 'Tier9'.
11:15:30.777 !!! [CE] :: Unknown value: 'Tier7'.
11:15:30.777 !!! [CE] :: Unknown value: 'Tier8'.
11:15:30.777 !!! [CE] :: Unknown value: 'Tier9'.
11:15:30.777 !!! [CE] :: Unknown value: 'Tier7'.
11:15:30.777 !!! [CE] :: Unknown value: 'Tier8'.
11:15:30.777 !!! [CE] :: Unknown value: 'Tier9'.
11:15:30.777 !!! [CE] :: Unknown value: 'Tier7'.
11:15:30.777 !!! [CE] :: Unknown value: 'Tier8'.
11:15:30.777 !!! [CE] :: Unknown value: 'Tier9'.
11:15:30.777 !!! [CE] :: Unknown value: 'Tier7'.
11:15:30.777 !!! [CE] :: Unknown value: 'Tier8'.
11:15:30.777 !!! [CE] :: Unknown value: 'Tier9'.
11:15:30.777 !!! [CE] :: Unknown value: 'Tier7'.
11:15:30.777 !!! [CE] :: Unknown value: 'Tier8'.
11:15:30.777 !!! [CE] :: Unknown value: 'Tier9'.
11:15:30.777 !!! [CE] :: Unknown value: 'Tier7'.
11:15:30.777 !!! [CE] :: Unknown value: 'Tier8'.
11:15:30.777 !!! [CE] :: Unknown value: 'Tier9'.
11:15:30.777 !!! [CE] :: Unknown value: 'Tier7'.
11:15:30.777 !!! [CE] :: Unknown value: 'Tier8'.
11:15:30.777 !!! [CE] :: Unknown value: 'Tier9'.
11:15:30.777 !!! [CE] :: Unknown value: 'Tier7'.
11:15:30.777 !!! [CE] :: Unknown value: 'Tier8'.
11:15:30.777 !!! [CE] :: Unknown value: 'Tier9'.
11:15:30.777 !!! [CE] :: Unknown value: 'Unique'.
11:15:30.777 !!! [CE] :: Unknown value: 'Tier7'.
11:15:30.777 !!! [CE] :: Unknown value: 'Tier8'.
11:15:30.777 !!! [CE] :: Unknown value: 'Tier9'.
11:15:30.777 !!! [CE] :: Unknown value: 'Tier7'.
11:15:30.777 !!! [CE] :: Unknown value: 'Tier8'.
11:15:30.777 !!! [CE] :: Unknown value: 'Tier9'.
11:15:30.777 !!! [CE] :: Unknown value: 'Tier7'.
11:15:30.777 !!! [CE] :: Unknown value: 'Tier8'.
11:15:30.777 !!! [CE] :: Unknown value: 'Tier9'.
11:15:30.777 !!! [CE] :: Unknown value: 'Tier7'.
11:15:30.777 !!! [CE] :: Unknown value: 'Tier8'.
11:15:30.777 !!! [CE] :: Unknown value: 'Tier9'.
11:15:30.777 !!! [CE] :: Unknown value: 'Tier7'.
11:15:30.777 !!! [CE] :: Unknown value: 'Tier8'.
11:15:30.777 !!! [CE] :: Unknown value: 'Tier9'.
11:15:30.777 !!! [CE] :: Unknown value: 'Tier7'.
11:15:30.777 !!! [CE] :: Unknown value: 'Tier8'.
11:15:30.777 !!! [CE] :: Unknown value: 'Tier9'.
11:15:30.777 !!! [CE] :: Unknown value: 'Tier7'.
11:15:30.777 !!! [CE] :: Unknown value: 'Tier8'.
11:15:30.777 !!! [CE] :: Unknown value: 'Tier9'.
11:15:30.777 !!! [CE] :: Unknown value: 'Tier7'.
11:15:30.777 !!! [CE] :: Unknown value: 'Tier8'.
11:15:30.777 !!! [CE] :: Unknown value: 'Tier9'.
11:15:30.777 !!! [CE] :: Unknown value: 'Tier7'.
11:15:30.777 !!! [CE] :: Unknown value: 'Tier8'.
11:15:30.777 !!! [CE] :: Unknown value: 'Tier9'.
11:15:30.777 !!! [CE] :: Unknown value: 'Tier7'.
11:15:30.777 !!! [CE] :: Unknown value: 'Tier8'.
11:15:30.777 !!! [CE] :: Unknown value: 'Tier9'.
11:15:30.777 !!! [CE] :: Unknown value: 'Tier7'.
11:15:30.777 !!! [CE] :: Unknown value: 'Tier8'.
11:15:30.777 !!! [CE] :: Unknown value: 'Tier9'.
11:15:30.778 !!! [CE] :: Unknown value: 'Tier7'.
11:15:30.778 !!! [CE] :: Unknown value: 'Tier8'.
11:15:30.778 !!! [CE] :: Unknown value: 'Tier9'.
11:15:30.778 !!! [CE] :: Unknown value: 'Tier7'.
11:15:30.778 !!! [CE] :: Unknown value: 'Tier8'.
11:15:30.778 !!! [CE] :: Unknown value: 'Tier9'.
11:15:30.778 !!! [CE] :: Unknown value: 'Tier7'.
11:15:30.778 !!! [CE] :: Unknown value: 'Tier8'.
11:15:30.778 !!! [CE] :: Unknown value: 'Tier9'.
11:15:30.778 !!! [CE] :: Unknown value: 'Tier7'.
11:15:30.778 !!! [CE] :: Unknown value: 'Tier8'.
11:15:30.778 !!! [CE] :: Unknown value: 'Tier9'.
11:15:30.778 !!! [CE] :: Unknown value: 'Tier7'.
11:15:30.778 !!! [CE] :: Unknown value: 'Tier8'.
11:15:30.778 !!! [CE] :: Unknown value: 'Tier9'.
11:15:30.778 !!! [CE] :: Unknown value: 'Tier7'.
11:15:30.778 !!! [CE] :: Unknown value: 'Tier8'.
11:15:30.778 !!! [CE] :: Unknown value: 'Tier9'.
11:15:30.778 !!! [CE] :: Unknown value: 'Tier7'.
11:15:30.778 !!! [CE] :: Unknown value: 'Tier8'.
11:15:30.778 !!! [CE] :: Unknown value: 'Tier9'.
11:15:30.778 !!! [CE] :: Unknown value: 'Tier7'.
11:15:30.778 !!! [CE] :: Unknown value: 'Tier8'.
11:15:30.778 !!! [CE] :: Unknown value: 'Tier9'.
11:15:30.778 !!! [CE] :: Unknown value: 'Tier7'.
11:15:30.778 !!! [CE] :: Unknown value: 'Tier8'.
11:15:30.778 !!! [CE] :: Unknown value: 'Tier9'.
11:15:30.778 !!! [CE] :: Unknown value: 'Tier7'.
11:15:30.778 !!! [CE] :: Unknown value: 'Tier8'.
11:15:30.778 !!! [CE] :: Unknown value: 'Tier9'.
11:15:30.778 !!! [CE] :: Unknown value: 'Tier7'.
11:15:30.778 !!! [CE] :: Unknown value: 'Tier8'.
11:15:30.778 !!! [CE] :: Unknown value: 'Tier9'.
11:15:30.778 !!! [CE] :: Unknown value: 'Tier7'.
11:15:30.778 !!! [CE] :: Unknown value: 'Tier8'.
11:15:30.778 !!! [CE] :: Unknown value: 'Tier9'.
11:15:30.778 !!! [CE] :: Unknown value: 'Tier7'.
11:15:30.778 !!! [CE] :: Unknown value: 'Tier8'.
11:15:30.778 !!! [CE] :: Unknown value: 'Tier9'.
11:15:30.778 !!! [CE] :: Unknown value: 'Tier7'.
11:15:30.778 !!! [CE] :: Unknown value: 'Tier8'.
11:15:30.778 !!! [CE] :: Unknown value: 'Tier9'.
11:15:30.778 !!! [CE] :: Unknown value: 'Tier7'.
11:15:30.778 !!! [CE] :: Unknown value: 'Tier8'.
11:15:30.778 !!! [CE] :: Unknown value: 'Tier9'.
11:15:30.778 !!! [CE] :: Unknown value: 'Tier7'.
11:15:30.778 !!! [CE] :: Unknown value: 'Tier8'.
11:15:30.778 !!! [CE] :: Unknown value: 'Tier9'.
11:15:30.778 !!! [CE] :: Unknown value: 'Tier7'.
11:15:30.778 !!! [CE] :: Unknown value: 'Tier8'.
11:15:30.778 !!! [CE] :: Unknown value: 'Tier9'.
11:15:30.778 !!! [CE] :: Unknown value: 'Tier7'.
11:15:30.778 !!! [CE] :: Unknown value: 'Tier8'.
11:15:30.778 !!! [CE] :: Unknown value: 'Tier9'.
11:15:30.778 !!! [CE] :: Unknown value: 'Tier7'.
11:15:30.778 !!! [CE] :: Unknown value: 'Tier8'.
11:15:30.778 !!! [CE] :: Unknown value: 'Tier9'.
11:15:30.778 !!! [CE] :: Unknown value: 'Tier7'.
11:15:30.778 !!! [CE] :: Unknown value: 'Tier8'.
11:15:30.778 !!! [CE] :: Unknown value: 'Tier9'.
11:15:30.778 !!! [CE] :: Unknown value: 'Tier7'.
11:15:30.778 !!! [CE] :: Unknown value: 'Tier8'.
11:15:30.778 !!! [CE] :: Unknown value: 'Tier9'.
11:15:30.778 !!! [CE] :: Unknown value: 'Tier7'.
11:15:30.778 !!! [CE] :: Unknown value: 'Tier8'.
11:15:30.778 !!! [CE] :: Unknown value: 'Tier9'.
11:15:30.778 !!! [CE] :: Unknown value: 'Tier7'.
11:15:30.778 !!! [CE] :: Unknown value: 'Tier8'.
11:15:30.778 !!! [CE] :: Unknown value: 'Tier9'.
11:15:30.778 !!! [CE] :: Unknown value: 'Tier7'.
11:15:30.778 !!! [CE] :: Unknown value: 'Tier8'.
11:15:30.778 !!! [CE] :: Unknown value: 'Tier9'.
11:15:30.778 !!! [CE] :: Unknown value: 'Tier7'.
11:15:30.778 !!! [CE] :: Unknown value: 'Tier8'.
11:15:30.778 !!! [CE] :: Unknown value: 'Tier9'.
11:15:30.778 !!! [CE] :: Unknown value: 'Tier7'.
11:15:30.778 !!! [CE] :: Unknown value: 'Tier8'.
11:15:30.778 !!! [CE] :: Unknown value: 'Tier9'.
11:15:30.778 !!! [CE] :: Unknown value: 'Tier7'.
11:15:30.778 !!! [CE] :: Unknown value: 'Tier8'.
11:15:30.778 !!! [CE] :: Unknown value: 'Tier9'.
11:15:30.778 !!! [CE] :: Unknown value: 'Tier7'.
11:15:30.778 !!! [CE] :: Unknown value: 'Tier8'.
11:15:30.778 !!! [CE] :: Unknown value: 'Tier9'.
11:15:30.778 !!! [CE] :: Unknown value: 'Tier7'.
11:15:30.778 !!! [CE] :: Unknown value: 'Tier8'.
11:15:30.778 !!! [CE] :: Unknown value: 'Tier9'.
11:15:30.778 !!! [CE] :: Unknown value: 'Tier7'.
11:15:30.778 !!! [CE] :: Unknown value: 'Tier8'.
11:15:30.778 !!! [CE] :: Unknown value: 'Tier9'.
11:15:30.778 !!! [CE] :: Unknown value: 'Tier7'.
11:15:30.778 !!! [CE] :: Unknown value: 'Tier8'.
11:15:30.778 !!! [CE] :: Unknown value: 'Tier9'.
11:15:30.778 !!! [CE] :: Unknown value: 'Tier7'.
11:15:30.778 !!! [CE] :: Unknown value: 'Tier8'.
11:15:30.778 !!! [CE] :: Unknown value: 'Tier9'.
11:15:30.778 !!! [CE] :: Unknown value: 'Tier7'.
11:15:30.778 !!! [CE] :: Unknown value: 'Tier8'.
11:15:30.778 !!! [CE] :: Unknown value: 'Tier9'.
11:15:30.778 !!! [CE] :: Unknown value: 'Tier7'.
11:15:30.778 !!! [CE] :: Unknown value: 'Tier8'.
11:15:30.778 !!! [CE] :: Unknown value: 'Tier9'.
11:15:30.778 !!! [CE] :: Unknown value: 'Tier7'.
11:15:30.778 !!! [CE] :: Unknown value: 'Tier8'.
11:15:30.778 !!! [CE] :: Unknown value: 'Tier9'.
11:15:30.778 !!! [CE] :: Unknown value: 'Tier7'.
11:15:30.778 !!! [CE] :: Unknown value: 'Tier8'.
11:15:30.778 !!! [CE] :: Unknown value: 'Tier9'.
11:15:30.778 !!! [CE] :: Unknown value: 'Tier7'.
11:15:30.778 !!! [CE] :: Unknown value: 'Tier8'.
11:15:30.778 !!! [CE] :: Unknown value: 'Tier9'.
11:15:30.778 !!! [CE] :: Unknown value: 'Tier7'.
11:15:30.778 !!! [CE] :: Unknown value: 'Tier8'.
11:15:30.778 !!! [CE] :: Unknown value: 'Tier9'.
11:15:30.778 !!! [CE] :: Unknown value: 'Tier7'.
11:15:30.778 !!! [CE] :: Unknown value: 'Tier8'.
11:15:30.778 !!! [CE] :: Unknown value: 'Tier9'.
11:15:30.778 !!! [CE] :: Unknown value: 'Tier7'.
11:15:30.778 !!! [CE] :: Unknown value: 'Tier8'.
11:15:30.778 !!! [CE] :: Unknown value: 'Tier9'.
11:15:30.778 !!! [CE] :: Unknown value: 'Tier7'.
11:15:30.778 !!! [CE] :: Unknown value: 'Tier8'.
11:15:30.778 !!! [CE] :: Unknown value: 'Tier9'.
11:15:30.778 !!! [CE] :: Unknown value: 'Tier7'.
11:15:30.778 !!! [CE] :: Unknown value: 'Tier8'.
11:15:30.778 !!! [CE] :: Unknown value: 'Tier9'.
11:15:30.778 !!! [CE] :: Unknown value: 'Tier7'.
11:15:30.778 !!! [CE] :: Unknown value: 'Tier8'.
11:15:30.778 !!! [CE] :: Unknown value: 'Tier9'.
11:15:30.778 !!! [CE] :: Unknown value: 'Unique'.
11:15:30.778 !!! [CE] :: Unknown value: 'Tier7'.
11:15:30.778 !!! [CE] :: Unknown value: 'Tier8'.
11:15:30.778 !!! [CE] :: Unknown value: 'Tier9'.
11:15:30.778 !!! [CE] :: Unknown value: 'Unique'.
11:15:30.778 !!! [CE] :: Unknown value: 'Tier7'.
11:15:30.778 !!! [CE] :: Unknown value: 'Tier8'.
11:15:30.778 !!! [CE] :: Unknown value: 'Tier9'.
11:15:30.778 !!! [CE] :: Unknown value: 'Unique'.
11:15:30.778 !!! [CE] :: Unknown value: 'Tier7'.
11:15:30.778 !!! [CE] :: Unknown value: 'Tier8'.
11:15:30.778 !!! [CE] :: Unknown value: 'Tier9'.
11:15:30.778 !!! [CE] :: Unknown value: 'Unique'.
11:15:30.778 !!! [CE] :: Unknown value: 'Tier7'.
11:15:30.778 !!! [CE] :: Unknown value: 'Tier8'.
11:15:30.778 !!! [CE] :: Unknown value: 'Tier9'.
11:15:30.778 !!! [CE] :: Unknown value: 'Tier7'.
11:15:30.778 !!! [CE] :: Unknown value: 'Tier8'.
11:15:30.778 !!! [CE] :: Unknown value: 'Tier9'.
11:15:30.778 !!! [CE] :: Unknown value: 'Tier7'.
11:15:30.778 !!! [CE] :: Unknown value: 'Tier8'.
11:15:30.778 !!! [CE] :: Unknown value: 'Tier9'.
11:15:30.778 !!! [CE] :: Unknown value: 'Tier7'.
11:15:30.778 !!! [CE] :: Unknown value: 'Tier8'.
11:15:30.778 !!! [CE] :: Unknown value: 'Tier9'.
11:15:30.778 !!! [CE] :: Unknown value: 'Tier7'.
11:15:30.778 !!! [CE] :: Unknown value: 'Tier8'.
11:15:30.778 !!! [CE] :: Unknown value: 'Tier9'.
11:15:30.778 !!! [CE] :: Unknown value: 'Tier7'.
11:15:30.778 !!! [CE] :: Unknown value: 'Tier8'.
11:15:30.778 !!! [CE] :: Unknown value: 'Tier9'.
11:15:30.778 !!! [CE] :: Unknown value: 'Tier7'.
11:15:30.778 !!! [CE] :: Unknown value: 'Tier8'.
11:15:30.778 !!! [CE] :: Unknown value: 'Tier9'.
11:15:30.778 !!! [CE] :: Unknown value: 'Tier7'.
11:15:30.778 !!! [CE] :: Unknown value: 'Tier8'.
11:15:30.778 !!! [CE] :: Unknown value: 'Tier9'.
11:15:30.778 !!! [CE] :: Unknown value: 'Tier7'.
11:15:30.778 !!! [CE] :: Unknown value: 'Tier8'.
11:15:30.778 !!! [CE] :: Unknown value: 'Tier9'.
11:15:30.778 !!! [CE] :: Unknown value: 'Tier7'.
11:15:30.778 !!! [CE] :: Unknown value: 'Tier8'.
11:15:30.778 !!! [CE] :: Unknown value: 'Tier9'.
11:15:30.778 !!! [CE] :: Unknown value: 'Tier7'.
11:15:30.778 !!! [CE] :: Unknown value: 'Tier8'.
11:15:30.778 !!! [CE] :: Unknown value: 'Tier9'.
11:15:30.778 !!! [CE] :: Unknown value: 'Tier7'.
11:15:30.778 !!! [CE] :: Unknown value: 'Tier8'.
11:15:30.778 !!! [CE] :: Unknown value: 'Tier9'.
11:15:30.778 !!! [CE] :: Unknown value: 'Tier7'.
11:15:30.778 !!! [CE] :: Unknown value: 'Tier8'.
11:15:30.778 !!! [CE] :: Unknown value: 'Tier9'.
11:15:30.778 !!! [CE] :: Unknown value: 'Tier7'.
11:15:30.778 !!! [CE] :: Unknown value: 'Tier8'.
11:15:30.778 !!! [CE] :: Unknown value: 'Tier9'.
11:15:30.778 !!! [CE] :: Unknown value: 'Tier7'.
11:15:30.778 !!! [CE] :: Unknown value: 'Tier8'.
11:15:30.778 !!! [CE] :: Unknown value: 'Tier9'.
11:15:30.778 !!! [CE] :: Unknown value: 'Tier7'.
11:15:30.778 !!! [CE] :: Unknown value: 'Tier8'.
11:15:30.778 !!! [CE] :: Unknown value: 'Tier9'.
11:15:30.778 !!! [CE] :: Unknown value: 'Tier7'.
11:15:30.778 !!! [CE] :: Unknown value: 'Tier8'.
11:15:30.778 !!! [CE] :: Unknown value: 'Tier9'.
11:15:30.778 !!! [CE] :: Unknown value: 'Tier7'.
11:15:30.778 !!! [CE] :: Unknown value: 'Tier8'.
11:15:30.778 !!! [CE] :: Unknown value: 'Tier9'.
11:15:30.778 !!! [CE] :: Unknown value: 'Tier7'.
11:15:30.778 !!! [CE] :: Unknown value: 'Tier8'.
11:15:30.778 !!! [CE] :: Unknown value: 'Tier9'.
11:15:30.778 !!! [CE] :: Unknown value: 'Tier7'.
11:15:30.778 !!! [CE] :: Unknown value: 'Tier8'.
11:15:30.778 !!! [CE] :: Unknown value: 'Tier9'.
11:15:30.778 !!! [CE] :: Unknown value: 'Tier7'.
11:15:30.778 !!! [CE] :: Unknown value: 'Tier8'.
11:15:30.778 !!! [CE] :: Unknown value: 'Tier9'.
11:15:30.778 !!! [CE] :: Unknown value: 'Tier7'.
11:15:30.778 !!! [CE] :: Unknown value: 'Tier8'.
11:15:30.778 !!! [CE] :: Unknown value: 'Tier9'.
11:15:30.778 !!! [CE] :: Unknown value: 'Tier7'.
11:15:30.778 !!! [CE] :: Unknown value: 'Tier8'.
11:15:30.778 !!! [CE] :: Unknown value: 'Tier9'.
11:15:30.778 !!! [CE] :: Unknown value: 'Tier7'.
11:15:30.778 !!! [CE] :: Unknown value: 'Tier8'.
11:15:30.778 !!! [CE] :: Unknown value: 'Tier9'.
11:15:30.778 !!! [CE] :: Unknown value: 'Tier7'.
11:15:30.778 !!! [CE] :: Unknown value: 'Tier8'.
11:15:30.778 !!! [CE] :: Unknown value: 'Tier9'.
11:15:30.778 !!! [CE] :: Unknown value: 'Tier7'.
11:15:30.778 !!! [CE] :: Unknown value: 'Tier8'.
11:15:30.778 !!! [CE] :: Unknown value: 'Tier9'.
11:15:30.778 !!! [CE] :: Unknown value: 'Tier7'.
11:15:30.778 !!! [CE] :: Unknown value: 'Tier8'.
11:15:30.778 !!! [CE] :: Unknown value: 'Tier9'.
11:15:30.778 !!! [CE] :: Unknown value: 'Tier7'.
11:15:30.778 !!! [CE] :: Unknown value: 'Tier8'.
11:15:30.778 !!! [CE] :: Unknown value: 'Tier9'.
11:15:30.778 !!! [CE] :: Unknown value: 'Tier7'.
11:15:30.778 !!! [CE] :: Unknown value: 'Tier8'.
11:15:30.778 !!! [CE] :: Unknown value: 'Tier9'.
11:15:30.778 !!! [CE] :: Unknown value: 'Tier7'.
11:15:30.778 !!! [CE] :: Unknown value: 'Tier8'.
11:15:30.778 !!! [CE] :: Unknown value: 'Tier9'.
11:15:30.778 !!! [CE] :: Unknown value: 'Tier7'.
11:15:30.778 !!! [CE] :: Unknown value: 'Tier8'.
11:15:30.778 !!! [CE] :: Unknown value: 'Tier9'.
11:15:30.778 !!! [CE] :: Unknown value: 'Tier7'.
11:15:30.778 !!! [CE] :: Unknown value: 'Tier8'.
11:15:30.778 !!! [CE] :: Unknown value: 'Tier9'.
11:15:30.778 !!! [CE] :: Unknown value: 'Tier7'.
11:15:30.778 !!! [CE] :: Unknown value: 'Tier8'.
11:15:30.778 !!! [CE] :: Unknown value: 'Tier9'.
11:15:30.778 !!! [CE] :: Unknown value: 'Tier7'.
11:15:30.778 !!! [CE] :: Unknown value: 'Tier8'.
11:15:30.778 !!! [CE] :: Unknown value: 'Tier9'.
11:15:30.778 !!! [CE] :: Unknown value: 'Tier7'.
11:15:30.778 !!! [CE] :: Unknown value: 'Tier8'.
11:15:30.778 !!! [CE] :: Unknown value: 'Tier9'.
11:15:30.778 !!! [CE] :: Unknown value: 'Tier7'.
11:15:30.778 !!! [CE] :: Unknown value: 'Tier8'.
11:15:30.778 !!! [CE] :: Unknown value: 'Tier9'.
11:15:30.778 !!! [CE] :: Unknown value: 'Tier7'.
11:15:30.778 !!! [CE] :: Unknown value: 'Tier8'.
11:15:30.778 !!! [CE] :: Unknown value: 'Tier9'.
11:15:30.778 !!! [CE] :: Unknown value: 'Tier7'.
11:15:30.778 !!! [CE] :: Unknown value: 'Tier8'.
11:15:30.778 !!! [CE] :: Unknown value: 'Tier9'.
11:15:30.778 !!! [CE] :: Unknown value: 'Tier7'.
11:15:30.778 !!! [CE] :: Unknown value: 'Tier8'.
11:15:30.778 !!! [CE] :: Unknown value: 'Tier9'.
11:15:30.778 !!! [CE] :: Unknown value: 'Tier7'.
11:15:30.778 !!! [CE] :: Unknown value: 'Tier8'.
11:15:30.778 !!! [CE] :: Unknown value: 'Tier9'.
11:15:30.778 !!! [CE] :: Unknown value: 'Tier7'.
11:15:30.778 !!! [CE] :: Unknown value: 'Tier8'.
11:15:30.778 !!! [CE] :: Unknown value: 'Tier9'.
11:15:30.778 !!! [CE] :: Unknown value: 'Tier7'.
11:15:30.778 !!! [CE] :: Unknown value: 'Tier8'.
11:15:30.778 !!! [CE] :: Unknown value: 'Tier9'.
11:15:30.778 !!! [CE] :: Unknown value: 'Tier7'.
11:15:30.778 !!! [CE] :: Unknown value: 'Tier8'.
11:15:30.778 !!! [CE] :: Unknown value: 'Tier9'.
11:15:30.778 !!! [CE] :: Unknown value: 'Tier7'.
11:15:30.778 !!! [CE] :: Unknown value: 'Tier8'.
11:15:30.778 !!! [CE] :: Unknown value: 'Tier9'.
11:15:30.778 !!! [CE] :: Unknown value: 'Tier7'.
11:15:30.778 !!! [CE] :: Unknown value: 'Tier8'.
11:15:30.778 !!! [CE] :: Unknown value: 'Tier9'.
11:15:30.778 !!! [CE] :: Unknown value: 'Tier7'.
11:15:30.778 !!! [CE] :: Unknown value: 'Tier8'.
11:15:30.778 !!! [CE] :: Unknown value: 'Tier9'.
11:15:30.778 !!! [CE] :: Unknown value: 'Tier7'.
11:15:30.778 !!! [CE] :: Unknown value: 'Tier8'.
11:15:30.778 !!! [CE] :: Unknown value: 'Tier9'.
11:15:30.778 !!! [CE] :: Unknown value: 'Tier7'.
11:15:30.778 !!! [CE] :: Unknown value: 'Tier8'.
11:15:30.778 !!! [CE] :: Unknown value: 'Tier9'.
11:15:30.778 !!! [CE] :: Unknown value: 'Tier7'.
11:15:30.778 !!! [CE] :: Unknown value: 'Tier8'.
11:15:30.778 !!! [CE] :: Unknown value: 'Tier9'.
11:15:30.778 !!! [CE] :: Unknown value: 'Tier7'.
11:15:30.778 !!! [CE] :: Unknown value: 'Tier8'.
11:15:30.778 !!! [CE] :: Unknown value: 'Tier9'.
11:15:30.778 !!! [CE] :: Unknown value: 'Tier7'.
11:15:30.778 !!! [CE] :: Unknown value: 'Tier8'.
11:15:30.778 !!! [CE] :: Unknown value: 'Tier9'.
11:15:30.778 !!! [CE] :: Unknown value: 'Tier7'.
11:15:30.778 !!! [CE] :: Unknown value: 'Tier8'.
11:15:30.778 !!! [CE] :: Unknown value: 'Tier9'.
11:15:30.778 !!! [CE] :: Unknown value: 'Tier7'.
11:15:30.778 !!! [CE] :: Unknown value: 'Tier8'.
11:15:30.778 !!! [CE] :: Unknown value: 'Tier9'.
11:15:30.778 !!! [CE] :: Unknown value: 'Tier7'.
11:15:30.778 !!! [CE] :: Unknown value: 'Tier8'.
11:15:30.778 !!! [CE] :: Unknown value: 'Tier9'.
11:15:30.778 !!! [CE] :: Unknown value: 'Tier7'.
11:15:30.778 !!! [CE] :: Unknown value: 'Tier8'.
11:15:30.778 !!! [CE] :: Unknown value: 'Tier9'.
11:15:30.778 !!! [CE] :: Unknown value: 'Tier7'.
11:15:30.778 !!! [CE] :: Unknown value: 'Tier8'.
11:15:30.778 !!! [CE] :: Unknown value: 'Tier9'.
11:15:30.778 !!! [CE] :: Unknown value: 'Tier7'.
11:15:30.778 !!! [CE] :: Unknown value: 'Tier8'.
11:15:30.778 !!! [CE] :: Unknown value: 'Tier9'.
11:15:30.778 !!! [CE] :: Unknown value: 'Tier7'.
11:15:30.778 !!! [CE] :: Unknown value: 'Tier8'.
11:15:30.778 !!! [CE] :: Unknown value: 'Tier9'.
11:15:30.778 !!! [CE] :: Unknown value: 'Tier7'.
11:15:30.778 !!! [CE] :: Unknown value: 'Tier8'.
11:15:30.778 !!! [CE] :: Unknown value: 'Tier9'.
11:15:30.778 !!! [CE] :: Unknown value: 'Tier7'.
11:15:30.778 !!! [CE] :: Unknown value: 'Tier8'.
11:15:30.778 !!! [CE] :: Unknown value: 'Tier9'.
11:15:30.778 !!! [CE] :: Unknown value: 'Tier7'.
11:15:30.778 !!! [CE] :: Unknown value: 'Tier8'.
11:15:30.778 !!! [CE] :: Unknown value: 'Tier9'.
11:15:30.778 !!! [CE] :: Unknown value: 'Tier7'.
11:15:30.778 !!! [CE] :: Unknown value: 'Tier8'.
11:15:30.778 !!! [CE] :: Unknown value: 'Tier9'.
11:15:30.778 !!! [CE] :: Unknown value: 'Tier7'.
11:15:30.778 !!! [CE] :: Unknown value: 'Tier8'.
11:15:30.778 !!! [CE] :: Unknown value: 'Tier9'.
11:15:30.778 !!! [CE] :: Unknown value: 'Tier7'.
11:15:30.778 !!! [CE] :: Unknown value: 'Tier8'.
11:15:30.778 !!! [CE] :: Unknown value: 'Tier9'.
11:15:30.778 !!! [CE] :: Unknown value: 'Tier7'.
11:15:30.778 !!! [CE] :: Unknown value: 'Tier8'.
11:15:30.778 !!! [CE] :: Unknown value: 'Tier9'.
11:15:30.778 !!! [CE] :: Unknown value: 'Tier7'.
11:15:30.778 !!! [CE] :: Unknown value: 'Tier8'.
11:15:30.778 !!! [CE] :: Unknown value: 'Tier9'.
11:15:30.778 !!! [CE] :: Unknown value: 'Tier7'.
11:15:30.778 !!! [CE] :: Unknown value: 'Tier8'.
11:15:30.778 !!! [CE] :: Unknown value: 'Tier9'.
11:15:30.778 !!! [CE] :: Unknown value: 'Tier7'.
11:15:30.778 !!! [CE] :: Unknown value: 'Tier8'.
11:15:30.778 !!! [CE] :: Unknown value: 'Tier9'.
11:15:30.778 !!! [CE] :: Unknown value: 'Tier7'.
11:15:30.778 !!! [CE] :: Unknown value: 'Tier8'.
11:15:30.778 !!! [CE] :: Unknown value: 'Tier9'.
11:15:30.778 !!! [CE] :: Unknown value: 'Tier7'.
11:15:30.778 !!! [CE] :: Unknown value: 'Tier8'.
11:15:30.778 !!! [CE] :: Unknown value: 'Tier9'.
11:15:30.778 !!! [CE] :: Unknown value: 'Tier7'.
11:15:30.778 !!! [CE] :: Unknown value: 'Tier8'.
11:15:30.778 !!! [CE] :: Unknown value: 'Tier9'.
11:15:30.778 !!! [CE] :: Unknown value: 'Tier7'.
11:15:30.778 !!! [CE] :: Unknown value: 'Tier8'.
11:15:30.778 !!! [CE] :: Unknown value: 'Tier9'.
11:15:30.778 !!! [CE] :: Unknown value: 'Tier7'.
11:15:30.778 !!! [CE] :: Unknown value: 'Tier8'.
11:15:30.778 !!! [CE] :: Unknown value: 'Tier9'.
11:15:30.778 !!! [CE] :: Unknown value: 'Tier7'.
11:15:30.778 !!! [CE] :: Unknown value: 'Tier8'.
11:15:30.778 !!! [CE] :: Unknown value: 'Tier9'.
11:15:30.778 !!! [CE] :: Unknown value: 'Tier7'.
11:15:30.778 !!! [CE] :: Unknown value: 'Tier8'.
11:15:30.778 !!! [CE] :: Unknown value: 'Tier9'.
11:15:30.778 !!! [CE] :: Unknown value: 'Tier7'.
11:15:30.778 !!! [CE] :: Unknown value: 'Tier8'.
11:15:30.778 !!! [CE] :: Unknown value: 'Tier9'.
11:15:30.778 !!! [CE] :: Unknown value: 'Tier7'.
11:15:30.778 !!! [CE] :: Unknown value: 'Tier8'.
11:15:30.778 !!! [CE] :: Unknown value: 'Tier9'.
11:15:30.778 !!! [CE] :: Unknown value: 'Tier7'.
11:15:30.778 !!! [CE] :: Unknown value: 'Tier8'.
11:15:30.778 !!! [CE] :: Unknown value: 'Tier9'.
11:15:30.778 !!! [CE] :: Unknown value: 'Tier7'.
11:15:30.778 !!! [CE] :: Unknown value: 'Tier8'.
11:15:30.778 !!! [CE] :: Unknown value: 'Tier9'.
11:15:30.778 !!! [CE] :: Unknown value: 'Tier7'.
11:15:30.778 !!! [CE] :: Unknown value: 'Tier8'.
11:15:30.778 !!! [CE] :: Unknown value: 'Tier9'.
11:15:30.778 !!! [CE] :: Unknown value: 'Tier7'.
11:15:30.778 !!! [CE] :: Unknown value: 'Tier8'.
11:15:30.778 !!! [CE] :: Unknown value: 'Tier9'.
11:15:30.778 !!! [CE] :: Unknown value: 'Tier7'.
11:15:30.778 !!! [CE] :: Unknown value: 'Tier8'.
11:15:30.778 !!! [CE] :: Unknown value: 'Tier9'.
11:15:30.778 !!! [CE] :: Unknown value: 'Tier7'.
11:15:30.778 !!! [CE] :: Unknown value: 'Tier8'.
11:15:30.778 !!! [CE] :: Unknown value: 'Tier9'.
11:15:30.778 !!! [CE] :: Unknown value: 'Tier7'.
11:15:30.778 !!! [CE] :: Unknown value: 'Tier8'.
11:15:30.778 !!! [CE] :: Unknown value: 'Tier9'.
11:15:30.778 !!! [CE] :: Unknown value: 'Tier7'.
11:15:30.778 !!! [CE] :: Unknown value: 'Tier8'.
11:15:30.778 !!! [CE] :: Unknown value: 'Tier9'.
11:15:30.778 !!! [CE] :: Unknown value: 'Tier7'.
11:15:30.778 !!! [CE] :: Unknown value: 'Tier8'.
11:15:30.778 !!! [CE] :: Unknown value: 'Tier9'.
11:15:30.778 !!! [CE] :: Unknown value: 'Tier7'.
11:15:30.778 !!! [CE] :: Unknown value: 'Tier8'.
11:15:30.778 !!! [CE] :: Unknown value: 'Tier9'.
11:15:30.778 !!! [CE] :: Unknown value: 'Tier7'.
11:15:30.778 !!! [CE] :: Unknown value: 'Tier8'.
11:15:30.778 !!! [CE] :: Unknown value: 'Tier9'.
11:15:30.778 !!! [CE] :: Unknown value: 'Tier7'.
11:15:30.778 !!! [CE] :: Unknown value: 'Tier8'.
11:15:30.778 !!! [CE] :: Unknown value: 'Tier9'.
11:15:30.778 !!! [CE] :: Unknown value: 'Tier7'.
11:15:30.778 !!! [CE] :: Unknown value: 'Tier8'.
11:15:30.778 !!! [CE] :: Unknown value: 'Tier9'.
11:15:30.778 !!! [CE] :: Unknown value: 'Tier7'.
11:15:30.778 !!! [CE] :: Unknown value: 'Tier8'.
11:15:30.778 !!! [CE] :: Unknown value: 'Tier9'.
11:15:30.778 !!! [CE] :: Unknown value: 'Tier7'.
11:15:30.778 !!! [CE] :: Unknown value: 'Tier8'.
11:15:30.778 !!! [CE] :: Unknown value: 'Tier9'.
11:15:30.778 !!! [CE] :: Unknown value: 'Tier7'.
11:15:30.778 !!! [CE] :: Unknown value: 'Tier8'.
11:15:30.778 !!! [CE] :: Unknown value: 'Tier9'.
11:15:30.778 !!! [CE] :: Unknown value: 'Tier7'.
11:15:30.778 !!! [CE] :: Unknown value: 'Tier8'.
11:15:30.778 !!! [CE] :: Unknown value: 'Tier9'.
11:15:30.778 !!! [CE] :: Unknown value: 'Tier7'.
11:15:30.778 !!! [CE] :: Unknown value: 'Tier8'.
11:15:30.778 !!! [CE] :: Unknown value: 'Tier9'.
11:15:30.778 !!! [CE] :: Unknown value: 'Tier7'.
11:15:30.778 !!! [CE] :: Unknown value: 'Tier8'.
11:15:30.778 !!! [CE] :: Unknown value: 'Tier9'.
11:15:30.778 !!! [CE] :: Unknown value: 'Tier7'.
11:15:30.778 !!! [CE] :: Unknown value: 'Tier8'.
11:15:30.778 !!! [CE] :: Unknown value: 'Tier9'.
11:15:30.778 !!! [CE] :: Unknown value: 'Tier7'.
11:15:30.778 !!! [CE] :: Unknown value: 'Tier8'.
11:15:30.778 !!! [CE] :: Unknown value: 'Tier9'.
11:15:30.778 !!! [CE] :: Unknown value: 'Tier7'.
11:15:30.778 !!! [CE] :: Unknown value: 'Tier8'.
11:15:30.778 !!! [CE] :: Unknown value: 'Tier9'.
11:15:30.778 !!! [CE] :: Unknown value: 'Tier7'.
11:15:30.778 !!! [CE] :: Unknown value: 'Tier8'.
11:15:30.778 !!! [CE] :: Unknown value: 'Tier9'.
11:15:30.778 !!! [CE] :: Unknown value: 'Tier7'.
11:15:30.778 !!! [CE] :: Unknown value: 'Tier8'.
11:15:30.778 !!! [CE] :: Unknown value: 'Tier9'.
11:15:30.778 !!! [CE] :: Unknown value: 'Tier7'.
11:15:30.778 !!! [CE] :: Unknown value: 'Tier8'.
11:15:30.778 !!! [CE] :: Unknown value: 'Tier9'.
11:15:30.778 !!! [CE] :: Unknown value: 'Tier7'.
11:15:30.778 !!! [CE] :: Unknown value: 'Tier8'.
11:15:30.778 !!! [CE] :: Unknown value: 'Tier9'.
11:15:30.778 !!! [CE] :: Unknown value: 'Tier7'.
11:15:30.778 !!! [CE] :: Unknown value: 'Tier8'.
11:15:30.778 !!! [CE] :: Unknown value: 'Tier9'.
11:15:30.778 !!! [CE] :: Unknown value: 'Tier7'.
11:15:30.778 !!! [CE] :: Unknown value: 'Tier8'.
11:15:30.778 !!! [CE] :: Unknown value: 'Tier9'.
11:15:30.778 !!! [CE] :: Unknown value: 'Tier7'.
11:15:30.778 !!! [CE] :: Unknown value: 'Tier8'.
11:15:30.778 !!! [CE] :: Unknown value: 'Tier9'.
11:15:30.778 !!! [CE] :: Unknown value: 'Tier7'.
11:15:30.778 !!! [CE] :: Unknown value: 'Tier8'.
11:15:30.778 !!! [CE] :: Unknown value: 'Tier9'.
11:15:30.778 !!! [CE] :: Unknown value: 'Tier7'.
11:15:30.778 !!! [CE] :: Unknown value: 'Tier8'.
11:15:30.778 !!! [CE] :: Unknown value: 'Tier9'.
11:15:30.778 !!! [CE] :: Unknown value: 'Tier7'.
11:15:30.778 !!! [CE] :: Unknown value: 'Tier8'.
11:15:30.778 !!! [CE] :: Unknown value: 'Tier9'.
11:15:30.778 !!! [CE] :: Unknown value: 'Tier7'.
11:15:30.778 !!! [CE] :: Unknown value: 'Tier8'.
11:15:30.778 !!! [CE] :: Unknown value: 'Tier9'.
11:15:30.778 !!! [CE] :: Unknown value: 'Tier7'.
11:15:30.778 !!! [CE] :: Unknown value: 'Tier8'.
11:15:30.778 !!! [CE] :: Unknown value: 'Tier9'.
11:15:30.778 !!! [CE] :: Unknown value: 'Tier7'.
11:15:30.778 !!! [CE] :: Unknown value: 'Tier8'.
11:15:30.778 !!! [CE] :: Unknown value: 'Tier9'.
11:15:30.778 !!! [CE] :: Unknown value: 'Tier7'.
11:15:30.778 !!! [CE] :: Unknown value: 'Tier8'.
11:15:30.778 !!! [CE] :: Unknown value: 'Tier9'.
11:15:30.778 !!! [CE] :: Unknown value: 'Tier7'.
11:15:30.778 !!! [CE] :: Unknown value: 'Tier8'.
11:15:30.778 !!! [CE] :: Unknown value: 'Tier9'.
11:15:30.778 !!! [CE] :: Unknown value: 'Tier7'.
11:15:30.778 !!! [CE] :: Unknown value: 'Tier8'.
11:15:30.778 !!! [CE] :: Unknown value: 'Tier9'.
11:15:30.778 !!! [CE] :: Unknown value: 'Tier7'.
11:15:30.778 !!! [CE] :: Unknown value: 'Tier8'.
11:15:30.778 !!! [CE] :: Unknown value: 'Tier9'.
11:15:30.778 !!! [CE] :: Unknown value: 'Tier7'.
11:15:30.778 !!! [CE] :: Unknown value: 'Tier8'.
11:15:30.778 !!! [CE] :: Unknown value: 'Tier9'.
11:15:30.778 !!! [CE] :: Unknown value: 'Tier7'.
11:15:30.778 !!! [CE] :: Unknown value: 'Tier8'.
11:15:30.778 !!! [CE] :: Unknown value: 'Tier9'.
11:15:30.778 !!! [CE] :: Unknown value: 'Tier7'.
11:15:30.778 !!! [CE] :: Unknown value: 'Tier8'.
11:15:30.778 !!! [CE] :: Unknown value: 'Tier9'.
11:15:30.778 !!! [CE] :: Unknown value: 'Tier7'.
11:15:30.778 !!! [CE] :: Unknown value: 'Tier8'.
11:15:30.778 !!! [CE] :: Unknown value: 'Tier9'.
11:15:30.778 !!! [CE] :: Unknown value: 'Tier7'.
11:15:30.778 !!! [CE] :: Unknown value: 'Tier8'.
11:15:30.778 !!! [CE] :: Unknown value: 'Tier9'.
11:15:30.778 !!! [CE] :: Unknown value: 'Tier7'.
11:15:30.778 !!! [CE] :: Unknown value: 'Tier8'.
11:15:30.778 !!! [CE] :: Unknown value: 'Tier9'.
11:15:30.778 !!! [CE] :: Unknown value: 'Tier7'.
11:15:30.778 !!! [CE] :: Unknown value: 'Tier8'.
11:15:30.778 !!! [CE] :: Unknown value: 'Tier9'.
11:15:30.778 !!! [CE] :: Unknown value: 'Tier7'.
11:15:30.778 !!! [CE] :: Unknown value: 'Tier8'.
11:15:30.778 !!! [CE] :: Unknown value: 'Tier9'.
11:15:30.778 !!! [CE] :: Unknown value: 'Tier7'.
11:15:30.778 !!! [CE] :: Unknown value: 'Tier8'.
11:15:30.778 !!! [CE] :: Unknown value: 'Tier9'.
11:15:30.778 !!! [CE] :: Unknown value: 'Tier7'.
11:15:30.778 !!! [CE] :: Unknown value: 'Tier8'.
11:15:30.778 !!! [CE] :: Unknown value: 'Tier9'.
11:15:30.778 !!! [CE] :: Unknown value: 'Tier7'.
11:15:30.778 !!! [CE] :: Unknown value: 'Tier8'.
11:15:30.778 !!! [CE] :: Unknown value: 'Tier9'.
11:15:30.778 !!! [CE] :: Unknown value: 'Tier7'.
11:15:30.778 !!! [CE] :: Unknown value: 'Tier8'.
11:15:30.778 !!! [CE] :: Unknown value: 'Tier9'.
11:15:30.778 !!! [CE] :: Unknown value: 'Tier7'.
11:15:30.778 !!! [CE] :: Unknown value: 'Tier8'.
11:15:30.778 !!! [CE] :: Unknown value: 'Tier9'.
11:15:30.778 !!! [CE] :: Unknown value: 'Tier7'.
11:15:30.778 !!! [CE] :: Unknown value: 'Tier8'.
11:15:30.778 !!! [CE] :: Unknown value: 'Tier9'.
11:15:30.778 !!! [CE] :: Unknown value: 'Tier7'.
11:15:30.778 !!! [CE] :: Unknown value: 'Tier8'.
11:15:30.778 !!! [CE] :: Unknown value: 'Tier9'.
11:15:30.778 !!! [CE] :: Unknown value: 'Tier7'.
11:15:30.778 !!! [CE] :: Unknown value: 'Tier8'.
11:15:30.778 !!! [CE] :: Unknown value: 'Tier9'.
11:15:30.778 !!! [CE] :: Unknown value: 'Tier7'.
11:15:30.778 !!! [CE] :: Unknown value: 'Tier8'.
11:15:30.778 !!! [CE] :: Unknown value: 'Tier9'.
11:15:30.778 !!! [CE] :: Unknown value: 'Tier7'.
11:15:30.778 !!! [CE] :: Unknown value: 'Tier8'.
11:15:30.778 !!! [CE] :: Unknown value: 'Tier9'.
11:15:30.778 !!! [CE] :: Unknown value: 'Tier7'.
11:15:30.778 !!! [CE] :: Unknown value: 'Tier8'.
11:15:30.778 !!! [CE] :: Unknown value: 'Tier9'.
11:15:30.778 !!! [CE] :: Unknown value: 'Tier7'.
11:15:30.778 !!! [CE] :: Unknown value: 'Tier8'.
11:15:30.778 !!! [CE] :: Unknown value: 'Tier9'.
11:15:30.778 !!! [CE] :: Unknown value: 'Tier7'.
11:15:30.778 !!! [CE] :: Unknown value: 'Tier8'.
11:15:30.778 !!! [CE] :: Unknown value: 'Tier9'.
11:15:30.778 !!! [CE] :: Unknown value: 'Tier7'.
11:15:30.778 !!! [CE] :: Unknown value: 'Tier8'.
11:15:30.778 !!! [CE] :: Unknown value: 'Tier9'.
11:15:30.778 !!! [CE] :: Unknown value: 'Tier7'.
11:15:30.778 !!! [CE] :: Unknown value: 'Tier8'.
11:15:30.778 !!! [CE] :: Unknown value: 'Tier9'.
11:15:30.778 !!! [CE] :: Unknown value: 'Tier7'.
11:15:30.778 !!! [CE] :: Unknown value: 'Tier8'.
11:15:30.778 !!! [CE] :: Unknown value: 'Tier9'.
11:15:30.778 !!! [CE] :: Unknown value: 'Tier7'.
11:15:30.778 !!! [CE] :: Unknown value: 'Tier8'.
11:15:30.778 !!! [CE] :: Unknown value: 'Tier9'.
11:15:30.778 !!! [CE] :: Unknown value: 'Tier7'.
11:15:30.778 !!! [CE] :: Unknown value: 'Tier8'.
11:15:30.778 !!! [CE] :: Unknown value: 'Tier9'.
11:15:30.778 !!! [CE] :: Unknown value: 'Tier7'.
11:15:30.778 !!! [CE] :: Unknown value: 'Tier8'.
11:15:30.778 !!! [CE] :: Unknown value: 'Tier9'.
11:15:30.778 !!! [CE] :: Unknown value: 'Tier7'.
11:15:30.778 !!! [CE] :: Unknown value: 'Tier8'.
11:15:30.778 !!! [CE] :: Unknown value: 'Tier9'.
11:15:30.778 !!! [CE] :: Unknown value: 'Tier7'.
11:15:30.778 !!! [CE] :: Unknown value: 'Tier8'.
11:15:30.778 !!! [CE] :: Unknown value: 'Tier9'.
11:15:30.778 !!! [CE] :: Unknown value: 'Tier7'.
11:15:30.778 !!! [CE] :: Unknown value: 'Tier8'.
11:15:30.778 !!! [CE] :: Unknown value: 'Tier9'.
11:15:30.779 !!! [CE] :: Unknown value: 'Tier7'.
11:15:30.779 !!! [CE] :: Unknown value: 'Tier8'.
11:15:30.779 !!! [CE] :: Unknown value: 'Tier9'.
11:15:30.779 !!! [CE] :: Unknown value: 'Tier7'.
11:15:30.779 !!! [CE] :: Unknown value: 'Tier8'.
11:15:30.779 !!! [CE] :: Unknown value: 'Tier9'.
11:15:30.779 !!! [CE] :: Unknown value: 'Tier7'.
11:15:30.779 !!! [CE] :: Unknown value: 'Tier8'.
11:15:30.779 !!! [CE] :: Unknown value: 'Tier9'.
11:15:30.779 !!! [CE] :: Unknown value: 'Tier7'.
11:15:30.779 !!! [CE] :: Unknown value: 'Tier8'.
11:15:30.779 !!! [CE] :: Unknown value: 'Tier9'.
11:15:30.779 !!! [CE] :: Unknown value: 'Tier7'.
11:15:30.779 !!! [CE] :: Unknown value: 'Tier8'.
11:15:30.779 !!! [CE] :: Unknown value: 'Tier9'.
11:15:30.779 !!! [CE] :: Unknown value: 'Tier7'.
11:15:30.779 !!! [CE] :: Unknown value: 'Tier8'.
11:15:30.779 !!! [CE] :: Unknown value: 'Tier9'.
11:15:30.779 !!! [CE] :: Unknown value: 'Tier7'.
11:15:30.779 !!! [CE] :: Unknown value: 'Tier8'.
11:15:30.779 !!! [CE] :: Unknown value: 'Tier9'.
11:15:30.779 !!! [CE] :: Unknown value: 'Tier7'.
11:15:30.779 !!! [CE] :: Unknown value: 'Tier8'.
11:15:30.779 !!! [CE] :: Unknown value: 'Tier9'.
11:15:30.779 !!! [CE] :: Unknown value: 'Tier7'.
11:15:30.779 !!! [CE] :: Unknown value: 'Tier8'.
11:15:30.779 !!! [CE] :: Unknown value: 'Tier9'.
11:15:30.779 !!! [CE] :: Unknown value: 'Tier7'.
11:15:30.779 !!! [CE] :: Unknown value: 'Tier8'.
11:15:30.779 !!! [CE] :: Unknown value: 'Tier9'.
11:15:30.779 !!! [CE] :: Unknown value: 'Tier7'.
11:15:30.779 !!! [CE] :: Unknown value: 'Tier8'.
11:15:30.779 !!! [CE] :: Unknown value: 'Tier9'.
11:15:30.779 !!! [CE] :: Unknown value: 'Tier7'.
11:15:30.779 !!! [CE] :: Unknown value: 'Tier8'.
11:15:30.779 !!! [CE] :: Unknown value: 'Tier9'.
11:15:30.779 !!! [CE] :: Unknown value: 'Tier7'.
11:15:30.779 !!! [CE] :: Unknown value: 'Tier8'.
11:15:30.779 !!! [CE] :: Unknown value: 'Tier9'.
11:15:30.779 !!! [CE] :: Unknown value: 'Tier7'.
11:15:30.779 !!! [CE] :: Unknown value: 'Tier8'.
11:15:30.779 !!! [CE] :: Unknown value: 'Tier9'.
11:15:30.779 !!! [CE] :: Unknown value: 'Tier7'.
11:15:30.779 !!! [CE] :: Unknown value: 'Tier8'.
11:15:30.779 !!! [CE] :: Unknown value: 'Tier9'.
11:15:30.779 !!! [CE] :: Unknown value: 'Tier7'.
11:15:30.779 !!! [CE] :: Unknown value: 'Tier8'.
11:15:30.779 !!! [CE] :: Unknown value: 'Tier9'.
11:15:30.779 !!! [CE] :: Unknown value: 'Tier7'.
11:15:30.779 !!! [CE] :: Unknown value: 'Tier8'.
11:15:30.779 !!! [CE] :: Unknown value: 'Tier9'.
11:15:30.779 !!! [CE] :: Unknown value: 'Tier7'.
11:15:30.779 !!! [CE] :: Unknown value: 'Tier8'.
11:15:30.779 !!! [CE] :: Unknown value: 'Tier9'.
11:15:30.779 !!! [CE] :: Unknown value: 'Tier7'.
11:15:30.779 !!! [CE] :: Unknown value: 'Tier8'.
11:15:30.779 !!! [CE] :: Unknown value: 'Tier9'.
11:15:30.779 !!! [CE] :: Unknown value: 'Tier7'.
11:15:30.779 !!! [CE] :: Unknown value: 'Tier8'.
11:15:30.779 !!! [CE] :: Unknown value: 'Tier9'.
11:15:30.779 !!! [CE] :: Unknown value: 'Tier7'.
11:15:30.779 !!! [CE] :: Unknown value: 'Tier8'.
11:15:30.779 !!! [CE] :: Unknown value: 'Tier9'.
11:15:30.779 !!! [CE] :: Unknown value: 'Tier7'.
11:15:30.779 !!! [CE] :: Unknown value: 'Tier8'.
11:15:30.779 !!! [CE] :: Unknown value: 'Tier9'.
11:15:30.779 !!! [CE] :: Unknown value: 'Tier7'.
11:15:30.779 !!! [CE] :: Unknown value: 'Tier8'.
11:15:30.779 !!! [CE] :: Unknown value: 'Tier9'.
11:15:30.779 !!! [CE] :: Unknown value: 'Tier7'.
11:15:30.779 !!! [CE] :: Unknown value: 'Tier8'.
11:15:30.779 !!! [CE] :: Unknown value: 'Tier9'.
11:15:30.779 !!! [CE] :: Unknown value: 'Tier7'.
11:15:30.779 !!! [CE] :: Unknown value: 'Tier8'.
11:15:30.779 !!! [CE] :: Unknown value: 'Tier9'.
11:15:30.779 !!! [CE] :: Unknown value: 'Tier7'.
11:15:30.779 !!! [CE] :: Unknown value: 'Tier8'.
11:15:30.779 !!! [CE] :: Unknown value: 'Tier9'.
11:15:30.779 !!! [CE] :: Unknown value: 'Tier7'.
11:15:30.779 !!! [CE] :: Unknown value: 'Tier8'.
11:15:30.779 !!! [CE] :: Unknown value: 'Tier9'.
11:15:30.779 !!! [CE] :: Unknown value: 'Tier7'.
11:15:30.779 !!! [CE] :: Unknown value: 'Tier8'.
11:15:30.779 !!! [CE] :: Unknown value: 'Tier9'.
11:15:30.779 !!! [CE] :: Unknown value: 'Tier7'.
11:15:30.779 !!! [CE] :: Unknown value: 'Tier8'.
11:15:30.779 !!! [CE] :: Unknown value: 'Tier9'.
11:15:30.779 !!! [CE] :: Unknown value: 'Tier7'.
11:15:30.779 !!! [CE] :: Unknown value: 'Tier8'.
11:15:30.779 !!! [CE] :: Unknown value: 'Tier9'.
11:15:30.779 !!! [CE] :: Unknown value: 'Tier7'.
11:15:30.779 !!! [CE] :: Unknown value: 'Tier8'.
11:15:30.779 !!! [CE] :: Unknown value: 'Tier9'.
11:15:30.779 !!! [CE] :: Unknown value: 'Tier7'.
11:15:30.779 !!! [CE] :: Unknown value: 'Tier8'.
11:15:30.779 !!! [CE] :: Unknown value: 'Tier9'.
11:15:30.779 !!! [CE] :: Unknown value: 'Tier7'.
11:15:30.779 !!! [CE] :: Unknown value: 'Tier8'.
11:15:30.779 !!! [CE] :: Unknown value: 'Tier9'.
11:15:30.779 !!! [CE] :: Unknown value: 'Tier7'.
11:15:30.779 !!! [CE] :: Unknown value: 'Tier8'.
11:15:30.779 !!! [CE] :: Unknown value: 'Tier9'.
11:15:30.779 !!! [CE] :: Unknown value: 'Tier7'.
11:15:30.779 !!! [CE] :: Unknown value: 'Tier8'.
11:15:30.779 !!! [CE] :: Unknown value: 'Tier9'.
11:15:30.779 !!! [CE] :: Unknown value: 'Tier7'.
11:15:30.779 !!! [CE] :: Unknown value: 'Tier8'.
11:15:30.779 !!! [CE] :: Unknown value: 'Tier9'.
11:15:30.779 !!! [CE] :: Unknown value: 'Tier7'.
11:15:30.779 !!! [CE] :: Unknown value: 'Tier8'.
11:15:30.779 !!! [CE] :: Unknown value: 'Tier9'.
11:15:30.779 !!! [CE] :: Unknown value: 'Tier7'.
11:15:30.779 !!! [CE] :: Unknown value: 'Tier8'.
11:15:30.779 !!! [CE] :: Unknown value: 'Tier9'.
11:15:30.779 !!! [CE] :: Unknown value: 'Tier7'.
11:15:30.779 !!! [CE] :: Unknown value: 'Tier8'.
11:15:30.779 !!! [CE] :: Unknown value: 'Tier9'.
11:15:30.779 !!! [CE] :: Unknown value: 'Tier7'.
11:15:30.779 !!! [CE] :: Unknown value: 'Tier8'.
11:15:30.779 !!! [CE] :: Unknown value: 'Tier9'.
11:15:30.779 !!! [CE] :: Unknown value: 'Tier7'.
11:15:30.779 !!! [CE] :: Unknown value: 'Tier8'.
11:15:30.779 !!! [CE] :: Unknown value: 'Tier9'.
11:15:30.779 !!! [CE] :: Unknown value: 'Tier7'.
11:15:30.779 !!! [CE] :: Unknown value: 'Tier8'.
11:15:30.779 !!! [CE] :: Unknown value: 'Tier9'.
11:15:30.779 !!! [CE] :: Unknown value: 'Tier7'.
11:15:30.779 !!! [CE] :: Unknown value: 'Tier8'.
11:15:30.779 !!! [CE] :: Unknown value: 'Tier9'.
11:15:30.779 !!! [CE] :: Unknown value: 'Tier7'.
11:15:30.779 !!! [CE] :: Unknown value: 'Tier8'.
11:15:30.779 !!! [CE] :: Unknown value: 'Tier9'.
11:15:30.779 !!! [CE] :: Unknown value: 'Tier7'.
11:15:30.779 !!! [CE] :: Unknown value: 'Tier8'.
11:15:30.779 !!! [CE] :: Unknown value: 'Tier9'.
11:15:30.779 !!! [CE] :: Unknown value: 'Tier7'.
11:15:30.779 !!! [CE] :: Unknown value: 'Tier8'.
11:15:30.779 !!! [CE] :: Unknown value: 'Tier9'.
11:15:30.779 !!! [CE] :: Unknown value: 'Tier7'.
11:15:30.779 !!! [CE] :: Unknown value: 'Tier8'.
11:15:30.779 !!! [CE] :: Unknown value: 'Tier9'.
11:15:30.779 !!! [CE] :: Unknown value: 'Tier7'.
11:15:30.779 !!! [CE] :: Unknown value: 'Tier8'.
11:15:30.779 !!! [CE] :: Unknown value: 'Tier9'.
11:15:30.779 !!! [CE] :: Unknown value: 'Tier7'.
11:15:30.779 !!! [CE] :: Unknown value: 'Tier8'.
11:15:30.779 !!! [CE] :: Unknown value: 'Tier9'.
11:15:30.779 !!! [CE] :: Unknown value: 'Tier7'.
11:15:30.779 !!! [CE] :: Unknown value: 'Tier8'.
11:15:30.779 !!! [CE] :: Unknown value: 'Tier9'.
11:15:30.779 !!! [CE] :: Unknown value: 'Tier7'.
11:15:30.779 !!! [CE] :: Unknown value: 'Tier8'.
11:15:30.779 !!! [CE] :: Unknown value: 'Tier9'.
11:15:30.779 !!! [CE] :: Unknown value: 'Tier7'.
11:15:30.779 !!! [CE] :: Unknown value: 'Tier8'.
11:15:30.779 !!! [CE] :: Unknown value: 'Tier9'.
11:15:30.779 !!! [CE] :: Unknown value: 'Tier7'.
11:15:30.779 !!! [CE] :: Unknown value: 'Tier8'.
11:15:30.779 !!! [CE] :: Unknown value: 'Tier9'.
11:15:30.779 !!! [CE] :: Unknown value: 'Tier7'.
11:15:30.779 !!! [CE] :: Unknown value: 'Tier8'.
11:15:30.779 !!! [CE] :: Unknown value: 'Tier9'.
11:15:30.779 !!! [CE] :: Unknown value: 'Tier7'.
11:15:30.779 !!! [CE] :: Unknown value: 'Tier8'.
11:15:30.779 !!! [CE] :: Unknown value: 'Tier9'.
11:15:30.779 !!! [CE] :: Unknown value: 'Tier7'.
11:15:30.779 !!! [CE] :: Unknown value: 'Tier8'.
11:15:30.779 !!! [CE] :: Unknown value: 'Tier9'.
11:15:30.779 !!! [CE] :: Unknown value: 'Tier7'.
11:15:30.779 !!! [CE] :: Unknown value: 'Tier8'.
11:15:30.779 !!! [CE] :: Unknown value: 'Tier9'.
11:15:30.779 !!! [CE] :: Unknown value: 'Tier7'.
11:15:30.779 !!! [CE] :: Unknown value: 'Tier8'.
11:15:30.779 !!! [CE] :: Unknown value: 'Tier9'.
11:15:30.779 !!! [CE] :: Unknown value: 'Tier7'.
11:15:30.779 !!! [CE] :: Unknown value: 'Tier8'.
11:15:30.779 !!! [CE] :: Unknown value: 'Tier9'.
11:15:30.779 !!! [CE] :: Unknown value: 'Tier7'.
11:15:30.779 !!! [CE] :: Unknown value: 'Tier8'.
11:15:30.779 !!! [CE] :: Unknown value: 'Tier9'.
11:15:30.779 !!! [CE] :: Unknown value: 'Tier7'.
11:15:30.779 !!! [CE] :: Unknown value: 'Tier8'.
11:15:30.779 !!! [CE] :: Unknown value: 'Tier9'.
11:15:30.779 !!! [CE] :: Unknown value: 'Tier7'.
11:15:30.779 !!! [CE] :: Unknown value: 'Tier8'.
11:15:30.779 !!! [CE] :: Unknown value: 'Tier9'.
11:15:30.779 !!! [CE] :: Unknown value: 'Tier7'.
11:15:30.779 !!! [CE] :: Unknown value: 'Tier8'.
11:15:30.779 !!! [CE] :: Unknown value: 'Tier9'.
11:15:30.779 !!! [CE] :: Unknown value: 'Tier7'.
11:15:30.779 !!! [CE] :: Unknown value: 'Tier8'.
11:15:30.779 !!! [CE] :: Unknown value: 'Tier9'.
11:15:30.779 !!! [CE] :: Unknown value: 'Tier7'.
11:15:30.779 !!! [CE] :: Unknown value: 'Tier8'.
11:15:30.779 !!! [CE] :: Unknown value: 'Tier9'.
11:15:30.779 !!! [CE] :: Unknown value: 'Tier7'.
11:15:30.779 !!! [CE] :: Unknown value: 'Tier8'.
11:15:30.779 !!! [CE] :: Unknown value: 'Tier9'.
11:15:30.779 !!! [CE] :: Unknown value: 'Tier7'.
11:15:30.779 !!! [CE] :: Unknown value: 'Tier8'.
11:15:30.779 !!! [CE] :: Unknown value: 'Tier9'.
11:15:30.779 !!! [CE] :: Unknown value: 'Tier7'.
11:15:30.779 !!! [CE] :: Unknown value: 'Tier8'.
11:15:30.779 !!! [CE] :: Unknown value: 'Tier9'.
11:15:30.779 !!! [CE] :: Unknown value: 'Tier7'.
11:15:30.779 !!! [CE] :: Unknown value: 'Tier8'.
11:15:30.779 !!! [CE] :: Unknown value: 'Tier9'.
11:15:30.779 !!! [CE] :: Unknown value: 'Tier7'.
11:15:30.779 !!! [CE] :: Unknown value: 'Tier8'.
11:15:30.779 !!! [CE] :: Unknown value: 'Tier9'.
11:15:30.779 !!! [CE] :: Unknown value: 'Tier7'.
11:15:30.779 !!! [CE] :: Unknown value: 'Tier8'.
11:15:30.779 !!! [CE] :: Unknown value: 'Tier9'.
11:15:30.779 !!! [CE] :: Unknown value: 'Tier7'.
11:15:30.779 !!! [CE] :: Unknown value: 'Tier8'.
11:15:30.779 !!! [CE] :: Unknown value: 'Tier9'.
11:15:30.779 !!! [CE] :: Unknown value: 'Tier7'.
11:15:30.779 !!! [CE] :: Unknown value: 'Tier8'.
11:15:30.779 !!! [CE] :: Unknown value: 'Tier9'.
11:15:30.779 !!! [CE] :: Unknown value: 'Tier7'.
11:15:30.779 !!! [CE] :: Unknown value: 'Tier8'.
11:15:30.779 !!! [CE] :: Unknown value: 'Tier9'.
11:15:30.779 !!! [CE] :: Unknown value: 'Tier7'.
11:15:30.779 !!! [CE] :: Unknown value: 'Tier8'.
11:15:30.779 !!! [CE] :: Unknown value: 'Tier9'.
11:15:30.779 !!! [CE] :: Unknown value: 'Tier7'.
11:15:30.779 !!! [CE] :: Unknown value: 'Tier8'.
11:15:30.779 !!! [CE] :: Unknown value: 'Tier9'.
11:15:30.779 !!! [CE] :: Unknown value: 'Tier7'.
11:15:30.779 !!! [CE] :: Unknown value: 'Tier8'.
11:15:30.779 !!! [CE] :: Unknown value: 'Tier9'.
11:15:30.779 !!! [CE] :: Unknown value: 'Tier7'.
11:15:30.779 !!! [CE] :: Unknown value: 'Tier8'.
11:15:30.779 !!! [CE] :: Unknown value: 'Tier9'.
11:15:30.779 !!! [CE] :: Unknown value: 'Tier7'.
11:15:30.779 !!! [CE] :: Unknown value: 'Tier8'.
11:15:30.779 !!! [CE] :: Unknown value: 'Tier9'.
11:15:30.779 !!! [CE] :: Unknown value: 'Tier7'.
11:15:30.779 !!! [CE] :: Unknown value: 'Tier8'.
11:15:30.779 !!! [CE] :: Unknown value: 'Tier9'.
11:15:30.779 !!! [CE] :: Unknown value: 'Tier7'.
11:15:30.779 !!! [CE] :: Unknown value: 'Tier8'.
11:15:30.779 !!! [CE] :: Unknown value: 'Tier9'.
11:15:30.779 !!! [CE] :: Unknown value: 'Tier7'.
11:15:30.779 !!! [CE] :: Unknown value: 'Tier8'.
11:15:30.779 !!! [CE] :: Unknown value: 'Tier9'.
11:15:30.779 !!! [CE] :: Unknown value: 'Tier7'.
11:15:30.779 !!! [CE] :: Unknown value: 'Tier8'.
11:15:30.779 !!! [CE] :: Unknown value: 'Tier9'.
11:15:30.779 !!! [CE] :: Unknown value: 'Tier7'.
11:15:30.779 !!! [CE] :: Unknown value: 'Tier8'.
11:15:30.779 !!! [CE] :: Unknown value: 'Tier9'.
11:15:30.779 !!! [CE] :: Unknown value: 'Tier7'.
11:15:30.779 !!! [CE] :: Unknown value: 'Tier8'.
11:15:30.779 !!! [CE] :: Unknown value: 'Tier9'.
11:15:30.779 !!! [CE] :: Unknown value: 'Tier7'.
11:15:30.779 !!! [CE] :: Unknown value: 'Tier8'.
11:15:30.779 !!! [CE] :: Unknown value: 'Tier9'.
11:15:30.779 !!! [CE] :: Unknown value: 'Tier7'.
11:15:30.779 !!! [CE] :: Unknown value: 'Tier8'.
11:15:30.779 !!! [CE] :: Unknown value: 'Tier9'.
11:15:30.779 !!! [CE] :: Unknown value: 'Tier7'.
11:15:30.779 !!! [CE] :: Unknown value: 'Tier8'.
11:15:30.779 !!! [CE] :: Unknown value: 'Tier9'.
11:15:30.779 !!! [CE] :: Unknown value: 'Tier7'.
11:15:30.779 !!! [CE] :: Unknown value: 'Tier8'.
11:15:30.779 !!! [CE] :: Unknown value: 'Tier9'.
11:15:30.779 !!! [CE] :: Unknown value: 'Tier7'.
11:15:30.779 !!! [CE] :: Unknown value: 'Tier8'.
11:15:30.779 !!! [CE] :: Unknown value: 'Tier9'.
11:15:30.779 !!! [CE] :: Unknown value: 'Tier7'.
11:15:30.779 !!! [CE] :: Unknown value: 'Tier8'.
11:15:30.779 !!! [CE] :: Unknown value: 'Tier9'.
11:15:30.779 !!! [CE] :: Unknown value: 'Tier7'.
11:15:30.779 !!! [CE] :: Unknown value: 'Tier8'.
11:15:30.779 !!! [CE] :: Unknown value: 'Tier9'.
11:15:30.779 !!! [CE] :: Unknown value: 'Tier7'.
11:15:30.779 !!! [CE] :: Unknown value: 'Tier8'.
11:15:30.779 !!! [CE] :: Unknown value: 'Tier9'.
11:15:30.779 !!! [CE] :: Unknown value: 'Tier7'.
11:15:30.779 !!! [CE] :: Unknown value: 'Tier8'.
11:15:30.779 !!! [CE] :: Unknown value: 'Tier9'.
11:15:30.779 !!! [CE] :: Unknown value: 'Tier7'.
11:15:30.779 !!! [CE] :: Unknown value: 'Tier8'.
11:15:30.779 !!! [CE] :: Unknown value: 'Tier9'.
11:15:30.779 !!! [CE] :: Unknown value: 'Tier7'.
11:15:30.779 !!! [CE] :: Unknown value: 'Tier8'.
11:15:30.779 !!! [CE] :: Unknown value: 'Tier9'.
11:15:30.779 !!! [CE] :: Unknown value: 'Tier7'.
11:15:30.779 !!! [CE] :: Unknown value: 'Tier8'.
11:15:30.779 !!! [CE] :: Unknown value: 'Tier9'.
11:15:30.779 !!! [CE] :: Unknown value: 'Tier7'.
11:15:30.779 !!! [CE] :: Unknown value: 'Tier8'.
11:15:30.779 !!! [CE] :: Unknown value: 'Tier9'.
11:15:30.779 !!! [CE] :: Unknown value: 'Tier7'.
11:15:30.779 !!! [CE] :: Unknown value: 'Tier8'.
11:15:30.779 !!! [CE] :: Unknown value: 'Tier9'.
11:15:30.779 !!! [CE] :: Unknown value: 'Tier7'.
11:15:30.779 !!! [CE] :: Unknown value: 'Tier8'.
11:15:30.779 !!! [CE] :: Unknown value: 'Tier9'.
11:15:30.779 !!! [CE] :: Unknown value: 'Tier7'.
11:15:30.779 !!! [CE] :: Unknown value: 'Tier8'.
11:15:30.779 !!! [CE] :: Unknown value: 'Tier9'.
11:15:30.779 !!! [CE] :: Unknown value: 'Tier7'.
11:15:30.779 !!! [CE] :: Unknown value: 'Tier8'.
11:15:30.779 !!! [CE] :: Unknown value: 'Tier9'.
11:15:30.779 !!! [CE] :: Unknown value: 'Tier7'.
11:15:30.779 !!! [CE] :: Unknown value: 'Tier8'.
11:15:30.779 !!! [CE] :: Unknown value: 'Tier9'.
11:15:30.779 !!! [CE] :: Unknown value: 'Tier7'.
11:15:30.779 !!! [CE] :: Unknown value: 'Tier8'.
11:15:30.779 !!! [CE] :: Unknown value: 'Tier9'.
11:15:30.779 !!! [CE] :: Unknown value: 'Tier7'.
11:15:30.779 !!! [CE] :: Unknown value: 'Tier8'.
11:15:30.779 !!! [CE] :: Unknown value: 'Tier9'.
11:15:30.779 !!! [CE] :: Unknown value: 'Tier7'.
11:15:30.779 !!! [CE] :: Unknown value: 'Tier8'.
11:15:30.779 !!! [CE] :: Unknown value: 'Tier9'.
11:15:30.779 !!! [CE] :: Unknown value: 'Tier7'.
11:15:30.779 !!! [CE] :: Unknown value: 'Tier8'.
11:15:30.779 !!! [CE] :: Unknown value: 'Tier9'.
11:15:30.779 !!! [CE] :: Unknown value: 'Tier7'.
11:15:30.779 !!! [CE] :: Unknown value: 'Tier8'.
11:15:30.779 !!! [CE] :: Unknown value: 'Tier9'.
11:15:30.779 !!! [CE] :: Unknown value: 'Tier7'.
11:15:30.779 !!! [CE] :: Unknown value: 'Tier8'.
11:15:30.779 !!! [CE] :: Unknown value: 'Tier9'.
11:15:30.779 !!! [CE] :: Unknown value: 'Tier7'.
11:15:30.779 !!! [CE] :: Unknown value: 'Tier8'.
11:15:30.779 !!! [CE] :: Unknown value: 'Tier9'.
11:15:30.779 !!! [CE] :: Unknown value: 'Tier7'.
11:15:30.779 !!! [CE] :: Unknown value: 'Tier8'.
11:15:30.779 !!! [CE] :: Unknown value: 'Tier9'.
11:15:30.779 !!! [CE] :: Unknown value: 'Tier7'.
11:15:30.779 !!! [CE] :: Unknown value: 'Tier8'.
11:15:30.779 !!! [CE] :: Unknown value: 'Tier9'.
11:15:30.779 !!! [CE] :: Unknown value: 'Tier7'.
11:15:30.779 !!! [CE] :: Unknown value: 'Tier8'.
11:15:30.779 !!! [CE] :: Unknown value: 'Tier9'.
11:15:30.779 !!! [CE] :: Unknown value: 'Tier7'.
11:15:30.779 !!! [CE] :: Unknown value: 'Tier8'.
11:15:30.779 !!! [CE] :: Unknown value: 'Tier9'.
11:15:30.779 !!! [CE] :: Unknown value: 'Tier7'.
11:15:30.779 !!! [CE] :: Unknown value: 'Tier8'.
11:15:30.779 !!! [CE] :: Unknown value: 'Tier9'.
11:15:30.779 !!! [CE] :: Unknown value: 'Tier7'.
11:15:30.779 !!! [CE] :: Unknown value: 'Tier8'.
11:15:30.779 !!! [CE] :: Unknown value: 'Tier9'.
11:15:30.779 !!! [CE] :: Unknown value: 'Tier7'.
11:15:30.779 !!! [CE] :: Unknown value: 'Tier8'.
11:15:30.779 !!! [CE] :: Unknown value: 'Tier9'.
11:15:30.779 !!! [CE] :: Unknown value: 'Tier7'.
11:15:30.779 !!! [CE] :: Unknown value: 'Tier8'.
11:15:30.779 !!! [CE] :: Unknown value: 'Tier9'.
11:15:30.779 !!! [CE] :: Unknown value: 'Tier7'.
11:15:30.779 !!! [CE] :: Unknown value: 'Tier8'.
11:15:30.779 !!! [CE] :: Unknown value: 'Tier9'.
11:15:30.779 !!! [CE] :: Unknown value: 'Tier7'.
11:15:30.779 !!! [CE] :: Unknown value: 'Tier8'.
11:15:30.779 !!! [CE] :: Unknown value: 'Tier9'.
11:15:30.779 !!! [CE] :: Unknown value: 'Tier7'.
11:15:30.779 !!! [CE] :: Unknown value: 'Tier8'.
11:15:30.779 !!! [CE] :: Unknown value: 'Tier9'.
11:15:30.779 !!! [CE] :: Unknown value: 'Tier7'.
11:15:30.779 !!! [CE] :: Unknown value: 'Tier8'.
11:15:30.779 !!! [CE] :: Unknown value: 'Tier9'.
11:15:30.779 !!! [CE] :: Unknown value: 'Tier7'.
11:15:30.779 !!! [CE] :: Unknown value: 'Tier8'.
11:15:30.779 !!! [CE] :: Unknown value: 'Tier9'.
11:15:30.779 !!! [CE] :: Unknown value: 'Tier7'.
11:15:30.779 !!! [CE] :: Unknown value: 'Tier8'.
11:15:30.779 !!! [CE] :: Unknown value: 'Tier9'.
11:15:30.779 !!! [CE] :: Unknown value: 'Tier7'.
11:15:30.779 !!! [CE] :: Unknown value: 'Tier8'.
11:15:30.779 !!! [CE] :: Unknown value: 'Tier9'.
11:15:30.779 !!! [CE] :: Unknown value: 'Tier7'.
11:15:30.779 !!! [CE] :: Unknown value: 'Tier8'.
11:15:30.779 !!! [CE] :: Unknown value: 'Tier9'.
11:15:30.779 !!! [CE] :: Unknown value: 'Tier7'.
11:15:30.779 !!! [CE] :: Unknown value: 'Tier8'.
11:15:30.779 !!! [CE] :: Unknown value: 'Tier9'.
11:15:30.779 !!! [CE] :: Unknown value: 'Tier7'.
11:15:30.779 !!! [CE] :: Unknown value: 'Tier8'.
11:15:30.779 !!! [CE] :: Unknown value: 'Tier9'.
11:15:30.779 !!! [CE] :: Unknown value: 'Tier7'.
11:15:30.779 !!! [CE] :: Unknown value: 'Tier8'.
11:15:30.779 !!! [CE] :: Unknown value: 'Tier9'.
11:15:30.779 !!! [CE] :: Unknown value: 'Tier7'.
11:15:30.779 !!! [CE] :: Unknown value: 'Tier8'.
11:15:30.779 !!! [CE] :: Unknown value: 'Tier9'.
11:15:30.779 !!! [CE] :: Unknown value: 'Tier7'.
11:15:30.779 !!! [CE] :: Unknown value: 'Tier8'.
11:15:30.779 !!! [CE] :: Unknown value: 'Tier9'.
11:15:30.779 !!! [CE] :: Unknown value: 'Tier7'.
11:15:30.779 !!! [CE] :: Unknown value: 'Tier8'.
11:15:30.779 !!! [CE] :: Unknown value: 'Tier9'.
11:15:30.779 !!! [CE] :: Unknown value: 'Tier7'.
11:15:30.779 !!! [CE] :: Unknown value: 'Tier8'.
11:15:30.779 !!! [CE] :: Unknown value: 'Tier9'.
11:15:30.779 !!! [CE] :: Unknown value: 'Tier7'.
11:15:30.779 !!! [CE] :: Unknown value: 'Tier8'.
11:15:30.779 !!! [CE] :: Unknown value: 'Tier9'.
11:15:30.779 !!! [CE] :: Unknown value: 'Tier7'.
11:15:30.779 !!! [CE] :: Unknown value: 'Tier8'.
11:15:30.779 !!! [CE] :: Unknown value: 'Tier9'.
11:15:30.779 !!! [CE] :: Unknown value: 'Tier7'.
11:15:30.779 !!! [CE] :: Unknown value: 'Tier8'.
11:15:30.779 !!! [CE] :: Unknown value: 'Tier9'.
11:15:30.779 !!! [CE] :: Unknown value: 'Tier7'.
11:15:30.779 !!! [CE] :: Unknown value: 'Tier8'.
11:15:30.779 !!! [CE] :: Unknown value: 'Tier9'.
11:15:30.779 !!! [CE] :: Unknown value: 'Tier7'.
11:15:30.779 !!! [CE] :: Unknown value: 'Tier8'.
11:15:30.779 !!! [CE] :: Unknown value: 'Tier9'.
11:15:30.779 !!! [CE] :: Unknown value: 'Tier7'.
11:15:30.779 !!! [CE] :: Unknown value: 'Tier8'.
11:15:30.779 !!! [CE] :: Unknown value: 'Tier9'.
11:15:30.779 !!! [CE] :: Unknown value: 'Tier7'.
11:15:30.779 !!! [CE] :: Unknown value: 'Tier8'.
11:15:30.779 !!! [CE] :: Unknown value: 'Tier9'.
11:15:30.779 !!! [CE] :: Unknown value: 'Tier7'.
11:15:30.779 !!! [CE] :: Unknown value: 'Tier8'.
11:15:30.779 !!! [CE] :: Unknown value: 'Tier9'.
11:15:30.779 !!! [CE] :: Unknown value: 'Tier7'.
11:15:30.779 !!! [CE] :: Unknown value: 'Tier8'.
11:15:30.779 !!! [CE] :: Unknown value: 'Tier9'.
11:15:30.779 !!! [CE] :: Unknown value: 'Tier7'.
11:15:30.779 !!! [CE] :: Unknown value: 'Tier8'.
11:15:30.779 !!! [CE] :: Unknown value: 'Tier9'.
11:15:30.779 !!! [CE] :: Unknown value: 'Tier7'.
11:15:30.779 !!! [CE] :: Unknown value: 'Tier8'.
11:15:30.779 !!! [CE] :: Unknown value: 'Tier9'.
11:15:30.779 !!! [CE] :: Unknown value: 'Tier7'.
11:15:30.779 !!! [CE] :: Unknown value: 'Tier8'.
11:15:30.779 !!! [CE] :: Unknown value: 'Tier9'.
11:15:30.779 !!! [CE] :: Unknown value: 'Tier7'.
11:15:30.779 !!! [CE] :: Unknown value: 'Tier8'.
11:15:30.779 !!! [CE] :: Unknown value: 'Tier9'.
11:15:30.779 !!! [CE] :: Unknown value: 'Tier7'.
11:15:30.779 !!! [CE] :: Unknown value: 'Tier8'.
11:15:30.779 !!! [CE] :: Unknown value: 'Tier9'.
11:15:30.779 !!! [CE] :: Unknown value: 'Tier7'.
11:15:30.779 !!! [CE] :: Unknown value: 'Tier8'.
11:15:30.779 !!! [CE] :: Unknown value: 'Tier9'.
11:15:30.779 !!! [CE] :: Unknown value: 'Tier7'.
11:15:30.779 !!! [CE] :: Unknown value: 'Tier8'.
11:15:30.779 !!! [CE] :: Unknown value: 'Tier9'.
11:15:30.779 !!! [CE] :: Unknown value: 'Tier7'.
11:15:30.779 !!! [CE] :: Unknown value: 'Tier8'.
11:15:30.779 !!! [CE] :: Unknown value: 'Tier9'.
11:15:30.779 !!! [CE] :: Unknown value: 'Tier7'.
11:15:30.779 !!! [CE] :: Unknown value: 'Tier8'.
11:15:30.779 !!! [CE] :: Unknown value: 'Tier9'.
11:15:30.779 !!! [CE] :: Unknown value: 'Tier7'.
11:15:30.779 !!! [CE] :: Unknown value: 'Tier8'.
11:15:30.779 !!! [CE] :: Unknown value: 'Tier9'.
11:15:30.779 !!! [CE] :: Unknown value: 'Tier7'.
11:15:30.779 !!! [CE] :: Unknown value: 'Tier8'.
11:15:30.779 !!! [CE] :: Unknown value: 'Tier9'.
11:15:30.779 !!! [CE] :: Unknown value: 'Tier7'.
11:15:30.779 !!! [CE] :: Unknown value: 'Tier8'.
11:15:30.779 !!! [CE] :: Unknown value: 'Tier9'.
11:15:30.779 !!! [CE] :: Unknown value: 'Tier7'.
11:15:30.779 !!! [CE] :: Unknown value: 'Tier8'.
11:15:30.779 !!! [CE] :: Unknown value: 'Tier9'.
11:15:30.779 !!! [CE] :: Unknown value: 'Tier7'.
11:15:30.779 !!! [CE] :: Unknown value: 'Tier8'.
11:15:30.779 !!! [CE] :: Unknown value: 'Tier9'.
11:15:30.779 !!! [CE] :: Unknown value: 'Tier7'.
11:15:30.779 !!! [CE] :: Unknown value: 'Tier8'.
11:15:30.779 !!! [CE] :: Unknown value: 'Tier9'.
11:15:30.779 !!! [CE] :: Unknown value: 'Tier7'.
11:15:30.779 !!! [CE] :: Unknown value: 'Tier8'.
11:15:30.779 !!! [CE] :: Unknown value: 'Tier9'.
11:15:30.779 !!! [CE] :: Unknown value: 'Tier7'.
11:15:30.779 !!! [CE] :: Unknown value: 'Tier8'.
11:15:30.779 !!! [CE] :: Unknown value: 'Tier9'.
11:15:30.779 !!! [CE] :: Unknown value: 'Tier7'.
11:15:30.779 !!! [CE] :: Unknown value: 'Tier8'.
11:15:30.779 !!! [CE] :: Unknown value: 'Tier9'.
11:15:30.779 !!! [CE] :: Unknown value: 'Tier7'.
11:15:30.779 !!! [CE] :: Unknown value: 'Tier8'.
11:15:30.779 !!! [CE] :: Unknown value: 'Tier9'.
11:15:30.779 !!! [CE] :: Unknown value: 'Tier7'.
11:15:30.779 !!! [CE] :: Unknown value: 'Tier8'.
11:15:30.779 !!! [CE] :: Unknown value: 'Tier9'.
11:15:30.779 !!! [CE] :: Unknown value: 'Tier7'.
11:15:30.779 !!! [CE] :: Unknown value: 'Tier8'.
11:15:30.779 !!! [CE] :: Unknown value: 'Tier9'.
11:15:30.779 !!! [CE] :: Unknown value: 'Tier7'.
11:15:30.779 !!! [CE] :: Unknown value: 'Tier8'.
11:15:30.779 !!! [CE] :: Unknown value: 'Tier9'.
11:15:30.779 !!! [CE] :: Unknown value: 'Tier7'.
11:15:30.779 !!! [CE] :: Unknown value: 'Tier8'.
11:15:30.779 !!! [CE] :: Unknown value: 'Tier9'.
11:15:30.779 !!! [CE] :: Unknown value: 'Tier7'.
11:15:30.779 !!! [CE] :: Unknown value: 'Tier8'.
11:15:30.779 !!! [CE] :: Unknown value: 'Tier9'.
11:15:30.779 !!! [CE] :: Unknown value: 'Tier7'.
11:15:30.779 !!! [CE] :: Unknown value: 'Tier8'.
11:15:30.779 !!! [CE] :: Unknown value: 'Tier9'.
11:15:30.779 !!! [CE] :: Unknown value: 'Tier7'.
11:15:30.779 !!! [CE] :: Unknown value: 'Tier8'.
11:15:30.779 !!! [CE] :: Unknown value: 'Tier9'.
11:15:30.779 !!! [CE] :: Unknown value: 'Tier7'.
11:15:30.779 !!! [CE] :: Unknown value: 'Tier8'.
11:15:30.779 !!! [CE] :: Unknown value: 'Tier9'.
11:15:30.779 !!! [CE] :: Unknown value: 'Tier7'.
11:15:30.779 !!! [CE] :: Unknown value: 'Tier8'.
11:15:30.779 !!! [CE] :: Unknown value: 'Tier9'.
11:15:30.779 !!! [CE] :: Unknown value: 'Tier7'.
11:15:30.779 !!! [CE] :: Unknown value: 'Tier8'.
11:15:30.779 !!! [CE] :: Unknown value: 'Tier9'.
11:15:30.779 !!! [CE] :: Unknown value: 'Tier7'.
11:15:30.779 !!! [CE] :: Unknown value: 'Tier8'.
11:15:30.779 !!! [CE] :: Unknown value: 'Tier9'.
11:15:30.779 !!! [CE] :: Unknown value: 'Tier7'.
11:15:30.779 !!! [CE] :: Unknown value: 'Tier8'.
11:15:30.779 !!! [CE] :: Unknown value: 'Tier9'.
11:15:30.779 !!! [CE] :: Unknown value: 'Tier7'.
11:15:30.779 !!! [CE] :: Unknown value: 'Tier8'.
11:15:30.779 !!! [CE] :: Unknown value: 'Tier9'.
11:15:30.779 !!! [CE] :: Unknown value: 'Tier7'.
11:15:30.779 !!! [CE] :: Unknown value: 'Tier8'.
11:15:30.779 !!! [CE] :: Unknown value: 'Tier9'.
11:15:30.779 !!! [CE] :: Unknown value: 'Tier7'.
11:15:30.779 !!! [CE] :: Unknown value: 'Tier8'.
11:15:30.779 !!! [CE] :: Unknown value: 'Tier9'.
11:15:30.779 !!! [CE] :: Unknown value: 'Tier7'.
11:15:30.779 !!! [CE] :: Unknown value: 'Tier8'.
11:15:30.779 !!! [CE] :: Unknown value: 'Tier9'.
11:15:30.779 !!! [CE] :: Unknown value: 'Tier7'.
11:15:30.779 !!! [CE] :: Unknown value: 'Tier8'.
11:15:30.779 !!! [CE] :: Unknown value: 'Tier9'.
11:15:30.779 !!! [CE] :: Unknown value: 'Tier7'.
11:15:30.779 !!! [CE] :: Unknown value: 'Tier8'.
11:15:30.779 !!! [CE] :: Unknown value: 'Tier9'.
11:15:30.779 !!! [CE] :: Unknown value: 'Tier7'.
11:15:30.779 !!! [CE] :: Unknown value: 'Tier8'.
11:15:30.779 !!! [CE] :: Unknown value: 'Tier9'.
11:15:30.779 !!! [CE] :: Unknown value: 'Tier7'.
11:15:30.779 !!! [CE] :: Unknown value: 'Tier8'.
11:15:30.779 !!! [CE] :: Unknown value: 'Tier9'.
11:15:30.779 !!! [CE] :: Unknown value: 'Tier7'.
11:15:30.779 !!! [CE] :: Unknown value: 'Tier8'.
11:15:30.779 !!! [CE] :: Unknown value: 'Tier9'.
11:15:30.779 !!! [CE] :: Unknown value: 'Tier7'.
11:15:30.779 !!! [CE] :: Unknown value: 'Tier8'.
11:15:30.779 !!! [CE] :: Unknown value: 'Tier9'.
11:15:30.779 !!! [CE] :: Unknown value: 'Tier7'.
11:15:30.779 !!! [CE] :: Unknown value: 'Tier8'.
11:15:30.779 !!! [CE] :: Unknown value: 'Tier9'.
11:15:30.779 !!! [CE] :: Unknown value: 'Tier7'.
11:15:30.779 !!! [CE] :: Unknown value: 'Tier8'.
11:15:30.779 !!! [CE] :: Unknown value: 'Tier9'.
11:15:30.779 !!! [CE] :: Unknown value: 'Tier7'.
11:15:30.779 !!! [CE] :: Unknown value: 'Tier8'.
11:15:30.779 !!! [CE] :: Unknown value: 'Tier9'.
11:15:30.779 !!! [CE] :: Unknown value: 'Tier7'.
11:15:30.779 !!! [CE] :: Unknown value: 'Tier8'.
11:15:30.779 !!! [CE] :: Unknown value: 'Tier9'.
11:15:30.779 !!! [CE] :: Unknown value: 'Tier7'.
11:15:30.779 !!! [CE] :: Unknown value: 'Tier8'.
11:15:30.779 !!! [CE] :: Unknown value: 'Tier9'.
11:15:30.779 !!! [CE] :: Unknown value: 'Tier7'.
11:15:30.779 !!! [CE] :: Unknown value: 'Tier8'.
11:15:30.779 !!! [CE] :: Unknown value: 'Tier9'.
11:15:30.779 !!! [CE] :: Unknown value: 'Tier7'.
11:15:30.779 !!! [CE] :: Unknown value: 'Tier8'.
11:15:30.779 !!! [CE] :: Unknown value: 'Tier9'.
11:15:30.779 !!! [CE] :: Unknown value: 'Tier7'.
11:15:30.779 !!! [CE] :: Unknown value: 'Tier8'.
11:15:30.779 !!! [CE] :: Unknown value: 'Tier9'.
11:15:30.779 !!! [CE] :: Unknown value: 'Tier7'.
11:15:30.779 !!! [CE] :: Unknown value: 'Tier8'.
11:15:30.779 !!! [CE] :: Unknown value: 'Tier9'.
11:15:30.779 !!! [CE] :: Unknown value: 'Tier7'.
11:15:30.779 !!! [CE] :: Unknown value: 'Tier8'.
11:15:30.779 !!! [CE] :: Unknown value: 'Tier9'.
11:15:30.779 !!! [CE] :: Unknown value: 'Tier7'.
11:15:30.779 !!! [CE] :: Unknown value: 'Tier8'.
11:15:30.779 !!! [CE] :: Unknown value: 'Tier9'.
11:15:30.779 !!! [CE] :: Unknown value: 'Tier7'.
11:15:30.779 !!! [CE] :: Unknown value: 'Tier8'.
11:15:30.779 !!! [CE] :: Unknown value: 'Tier9'.
11:15:30.779 !!! [CE] :: Unknown value: 'Tier7'.
11:15:30.779 !!! [CE] :: Unknown value: 'Tier8'.
11:15:30.779 !!! [CE] :: Unknown value: 'Tier9'.
11:15:30.779 !!! [CE] :: Unknown value: 'Tier7'.
11:15:30.779 !!! [CE] :: Unknown value: 'Tier8'.
11:15:30.779 !!! [CE] :: Unknown value: 'Tier9'.
11:15:30.779 !!! [CE] :: Unknown value: 'Tier7'.
11:15:30.779 !!! [CE] :: Unknown value: 'Tier8'.
11:15:30.779 !!! [CE] :: Unknown value: 'Tier9'.
11:15:30.779 !!! [CE] :: Unknown value: 'Tier7'.
11:15:30.779 !!! [CE] :: Unknown value: 'Tier8'.
11:15:30.779 !!! [CE] :: Unknown value: 'Tier9'.
11:15:30.779 !!! [CE] :: Unknown value: 'Tier7'.
11:15:30.779 !!! [CE] :: Unknown value: 'Tier8'.
11:15:30.779 !!! [CE] :: Unknown value: 'Tier9'.
11:15:30.779 !!! [CE] :: Unknown value: 'Tier7'.
11:15:30.779 !!! [CE] :: Unknown value: 'Tier8'.
11:15:30.779 !!! [CE] :: Unknown value: 'Tier9'.
11:15:30.779 !!! [CE] :: Unknown value: 'Tier7'.
11:15:30.779 !!! [CE] :: Unknown value: 'Tier8'.
11:15:30.779 !!! [CE] :: Unknown value: 'Tier9'.
11:15:30.779 !!! [CE] :: Unknown value: 'Tier7'.
11:15:30.779 !!! [CE] :: Unknown value: 'Tier8'.
11:15:30.779 !!! [CE] :: Unknown value: 'Tier9'.
11:15:30.779 !!! [CE] :: Unknown value: 'Tier7'.
11:15:30.779 !!! [CE] :: Unknown value: 'Tier8'.
11:15:30.779 !!! [CE] :: Unknown value: 'Tier9'.
11:15:30.779 !!! [CE] :: Unknown value: 'Tier7'.
11:15:30.779 !!! [CE] :: Unknown value: 'Tier8'.
11:15:30.779 !!! [CE] :: Unknown value: 'Tier9'.
11:15:30.779 !!! [CE] :: Unknown value: 'Tier7'.
11:15:30.779 !!! [CE] :: Unknown value: 'Tier8'.
11:15:30.780 !!! [CE] :: Unknown value: 'Tier9'.
11:15:30.780 !!! [CE] :: Unknown value: 'Tier7'.
11:15:30.780 !!! [CE] :: Unknown value: 'Tier8'.
11:15:30.780 !!! [CE] :: Unknown value: 'Tier9'.
11:15:30.780 !!! [CE] :: Unknown value: 'Tier7'.
11:15:30.780 !!! [CE] :: Unknown value: 'Tier8'.
11:15:30.780 !!! [CE] :: Unknown value: 'Tier9'.
11:15:30.780 !!! [CE] :: Unknown value: 'Tier7'.
11:15:30.780 !!! [CE] :: Unknown value: 'Tier8'.
11:15:30.780 !!! [CE] :: Unknown value: 'Tier9'.
11:15:30.780 !!! [CE] :: Unknown value: 'Tier7'.
11:15:30.780 !!! [CE] :: Unknown value: 'Tier8'.
11:15:30.780 !!! [CE] :: Unknown value: 'Tier9'.
11:15:30.780 !!! [CE] :: Unknown value: 'Tier7'.
11:15:30.780 !!! [CE] :: Unknown value: 'Tier8'.
11:15:30.780 !!! [CE] :: Unknown value: 'Tier9'.
11:15:30.780 !!! [CE] :: Unknown value: 'Tier7'.
11:15:30.780 !!! [CE] :: Unknown value: 'Tier8'.
11:15:30.780 !!! [CE] :: Unknown value: 'Tier9'.
11:15:30.780 !!! [CE] :: Unknown value: 'Tier7'.
11:15:30.780 !!! [CE] :: Unknown value: 'Tier8'.
11:15:30.780 !!! [CE] :: Unknown value: 'Tier9'.
11:15:30.780 !!! [CE] :: Unknown value: 'Tier7'.
11:15:30.780 !!! [CE] :: Unknown value: 'Tier8'.
11:15:30.780 !!! [CE] :: Unknown value: 'Tier9'.
11:15:30.780 !!! [CE] :: Unknown value: 'Tier7'.
11:15:30.780 !!! [CE] :: Unknown value: 'Tier8'.
11:15:30.780 !!! [CE] :: Unknown value: 'Tier9'.
11:15:30.780 !!! [CE] :: Unknown value: 'Tier7'.
11:15:30.780 !!! [CE] :: Unknown value: 'Tier8'.
11:15:30.780 !!! [CE] :: Unknown value: 'Tier9'.
11:15:30.780 !!! [CE] :: Unknown value: 'Tier7'.
11:15:30.780 !!! [CE] :: Unknown value: 'Tier8'.
11:15:30.780 !!! [CE] :: Unknown value: 'Tier9'.
11:15:30.780 !!! [CE] :: Unknown value: 'Tier7'.
11:15:30.780 !!! [CE] :: Unknown value: 'Tier8'.
11:15:30.780 !!! [CE] :: Unknown value: 'Tier9'.
11:15:30.780 !!! [CE] :: Unknown value: 'Tier7'.
11:15:30.780 !!! [CE] :: Unknown value: 'Tier8'.
11:15:30.780 !!! [CE] :: Unknown value: 'Tier9'.
11:15:30.780 !!! [CE] :: Unknown value: 'Tier7'.
11:15:30.780 !!! [CE] :: Unknown value: 'Tier8'.
11:15:30.780 !!! [CE] :: Unknown value: 'Tier9'.
11:15:30.780 !!! [CE] :: Unknown value: 'Tier7'.
11:15:30.780 !!! [CE] :: Unknown value: 'Tier8'.
11:15:30.780 !!! [CE] :: Unknown value: 'Tier9'.
11:15:30.780 !!! [CE] :: Unknown value: 'Tier7'.
11:15:30.780 !!! [CE] :: Unknown value: 'Tier8'.
11:15:30.780 !!! [CE] :: Unknown value: 'Tier9'.
11:15:30.780 !!! [CE] :: Unknown value: 'Tier7'.
11:15:30.780 !!! [CE] :: Unknown value: 'Tier8'.
11:15:30.780 !!! [CE] :: Unknown value: 'Tier9'.
11:15:30.780 !!! [CE] :: Unknown value: 'Tier7'.
11:15:30.780 !!! [CE] :: Unknown value: 'Tier8'.
11:15:30.780 !!! [CE] :: Unknown value: 'Tier9'.
11:15:30.780 !!! [CE] :: Unknown value: 'Tier7'.
11:15:30.780 !!! [CE] :: Unknown value: 'Tier8'.
11:15:30.780 !!! [CE] :: Unknown value: 'Tier9'.
11:15:30.780 !!! [CE] :: Unknown value: 'Tier7'.
11:15:30.780 !!! [CE] :: Unknown value: 'Tier8'.
11:15:30.780 !!! [CE] :: Unknown value: 'Tier9'.
11:15:30.780 !!! [CE] :: Unknown value: 'Tier7'.
11:15:30.780 !!! [CE] :: Unknown value: 'Tier8'.
11:15:30.780 !!! [CE] :: Unknown value: 'Tier9'.
11:15:30.780 !!! [CE] :: Unknown value: 'Tier7'.
11:15:30.780 !!! [CE] :: Unknown value: 'Tier8'.
11:15:30.780 !!! [CE] :: Unknown value: 'Tier9'.
11:15:30.780 !!! [CE] :: Unknown value: 'Tier7'.
11:15:30.780 !!! [CE] :: Unknown value: 'Tier8'.
11:15:30.780 !!! [CE] :: Unknown value: 'Tier9'.
11:15:30.780 !!! [CE] :: Unknown value: 'Tier7'.
11:15:30.780 !!! [CE] :: Unknown value: 'Tier8'.
11:15:30.780 !!! [CE] :: Unknown value: 'Tier9'.
11:15:30.780 !!! [CE] :: Unknown value: 'Tier7'.
11:15:30.780 !!! [CE] :: Unknown value: 'Tier8'.
11:15:30.780 !!! [CE] :: Unknown value: 'Tier9'.
11:15:30.780 !!! [CE] :: Unknown value: 'Tier7'.
11:15:30.780 !!! [CE] :: Unknown value: 'Tier8'.
11:15:30.780 !!! [CE] :: Unknown value: 'Tier9'.
11:15:30.780 !!! [CE] :: Unknown value: 'Tier7'.
11:15:30.780 !!! [CE] :: Unknown value: 'Tier8'.
11:15:30.780 !!! [CE] :: Unknown value: 'Tier9'.
11:15:30.780 !!! [CE] :: Unknown value: 'Tier7'.
11:15:30.780 !!! [CE] :: Unknown value: 'Tier8'.
11:15:30.780 !!! [CE] :: Unknown value: 'Tier9'.
11:15:30.780 !!! [CE] :: Unknown value: 'Tier7'.
11:15:30.780 !!! [CE] :: Unknown value: 'Tier8'.
11:15:30.780 !!! [CE] :: Unknown value: 'Tier9'.
11:15:30.780 !!! [CE] :: Unknown value: 'Tier7'.
11:15:30.780 !!! [CE] :: Unknown value: 'Tier8'.
11:15:30.780 !!! [CE] :: Unknown value: 'Tier9'.
11:15:30.780 !!! [CE] :: Unknown value: 'Tier7'.
11:15:30.780 !!! [CE] :: Unknown value: 'Tier8'.
11:15:30.780 !!! [CE] :: Unknown value: 'Tier9'.
11:15:30.780 !!! [CE] :: Unknown value: 'Tier7'.
11:15:30.780 !!! [CE] :: Unknown value: 'Tier8'.
11:15:30.780 !!! [CE] :: Unknown value: 'Tier9'.
11:15:30.780 !!! [CE] :: Unknown value: 'Tier7'.
11:15:30.780 !!! [CE] :: Unknown value: 'Tier8'.
11:15:30.780 !!! [CE] :: Unknown value: 'Tier9'.
11:15:30.780 !!! [CE] :: Unknown value: 'Tier7'.
11:15:30.780 !!! [CE] :: Unknown value: 'Tier8'.
11:15:30.780 !!! [CE] :: Unknown value: 'Tier9'.
11:15:30.780 !!! [CE] :: Unknown value: 'Tier7'.
11:15:30.780 !!! [CE] :: Unknown value: 'Tier8'.
11:15:30.780 !!! [CE] :: Unknown value: 'Tier9'.
11:15:30.780 !!! [CE] :: Unknown value: 'Tier7'.
11:15:30.780 !!! [CE] :: Unknown value: 'Tier8'.
11:15:30.780 !!! [CE] :: Unknown value: 'Tier9'.
11:15:30.780 !!! [CE] :: Unknown value: 'Tier7'.
11:15:30.780 !!! [CE] :: Unknown value: 'Tier8'.
11:15:30.780 !!! [CE] :: Unknown value: 'Tier9'.
11:15:30.780 !!! [CE] :: Unknown value: 'Tier7'.
11:15:30.780 !!! [CE] :: Unknown value: 'Tier8'.
11:15:30.780 !!! [CE] :: Unknown value: 'Tier9'.
11:15:30.780 !!! [CE] :: Unknown value: 'Tier7'.
11:15:30.780 !!! [CE] :: Unknown value: 'Tier8'.
11:15:30.780 !!! [CE] :: Unknown value: 'Tier9'.
11:15:30.780 !!! [CE] :: Unknown value: 'Tier7'.
11:15:30.780 !!! [CE] :: Unknown value: 'Tier8'.
11:15:30.780 !!! [CE] :: Unknown value: 'Tier9'.
11:15:30.780 !!! [CE] :: Unknown value: 'Tier7'.
11:15:30.780 !!! [CE] :: Unknown value: 'Tier8'.
11:15:30.780 !!! [CE] :: Unknown value: 'Tier9'.
11:15:30.780 !!! [CE] :: Unknown value: 'Tier7'.
11:15:30.780 !!! [CE] :: Unknown value: 'Tier8'.
11:15:30.780 !!! [CE] :: Unknown value: 'Tier9'.
11:15:30.780 !!! [CE] :: Unknown value: 'Tier7'.
11:15:30.780 !!! [CE] :: Unknown value: 'Tier8'.
11:15:30.780 !!! [CE] :: Unknown value: 'Tier9'.
11:15:30.780 !!! [CE] :: Unknown value: 'Tier7'.
11:15:30.780 !!! [CE] :: Unknown value: 'Tier8'.
11:15:30.780 !!! [CE] :: Unknown value: 'Tier9'.
11:15:30.780 !!! [CE] :: Unknown value: 'Tier7'.
11:15:30.780 !!! [CE] :: Unknown value: 'Tier8'.
11:15:30.780 !!! [CE] :: Unknown value: 'Tier9'.
11:15:30.780 !!! [CE] :: Unknown value: 'Tier7'.
11:15:30.780 !!! [CE] :: Unknown value: 'Tier8'.
11:15:30.780 !!! [CE] :: Unknown value: 'Tier9'.
11:15:30.780 !!! [CE] :: Unknown value: 'Tier7'.
11:15:30.780 !!! [CE] :: Unknown value: 'Tier8'.
11:15:30.780 !!! [CE] :: Unknown value: 'Tier9'.
11:15:30.780 !!! [CE] :: Unknown value: 'Tier7'.
11:15:30.780 !!! [CE] :: Unknown value: 'Tier8'.
11:15:30.780 !!! [CE] :: Unknown value: 'Tier9'.
11:15:30.780 !!! [CE] :: Unknown value: 'Tier7'.
11:15:30.780 !!! [CE] :: Unknown value: 'Tier8'.
11:15:30.780 !!! [CE] :: Unknown value: 'Tier9'.
11:15:30.780 !!! [CE] :: Unknown value: 'Tier7'.
11:15:30.780 !!! [CE] :: Unknown value: 'Tier8'.
11:15:30.780 !!! [CE] :: Unknown value: 'Tier9'.
11:15:30.780 !!! [CE] :: Unknown value: 'Tier7'.
11:15:30.780 !!! [CE] :: Unknown value: 'Tier8'.
11:15:30.780 !!! [CE] :: Unknown value: 'Tier9'.
11:15:30.780 !!! [CE] :: Unknown value: 'Tier7'.
11:15:30.780 !!! [CE] :: Unknown value: 'Tier8'.
11:15:30.780 !!! [CE] :: Unknown value: 'Tier9'.
11:15:30.780 !!! [CE] :: Unknown value: 'Tier7'.
11:15:30.780 !!! [CE] :: Unknown value: 'Tier8'.
11:15:30.780 !!! [CE] :: Unknown value: 'Tier9'.
11:15:30.780 !!! [CE] :: Unknown value: 'Tier7'.
11:15:30.780 !!! [CE] :: Unknown value: 'Tier8'.
11:15:30.780 !!! [CE] :: Unknown value: 'Tier9'.
11:15:30.780 !!! [CE] :: Unknown value: 'Tier7'.
11:15:30.780 !!! [CE] :: Unknown value: 'Tier8'.
11:15:30.780 !!! [CE] :: Unknown value: 'Tier9'.
11:15:30.780 !!! [CE] :: Unknown value: 'Tier7'.
11:15:30.780 !!! [CE] :: Unknown value: 'Tier8'.
11:15:30.780 !!! [CE] :: Unknown value: 'Tier9'.
11:15:30.780 !!! [CE] :: Unknown value: 'Tier7'.
11:15:30.780 !!! [CE] :: Unknown value: 'Tier8'.
11:15:30.780 !!! [CE] :: Unknown value: 'Tier9'.
11:15:30.780 !!! [CE] :: Unknown value: 'Tier7'.
11:15:30.780 !!! [CE] :: Unknown value: 'Tier8'.
11:15:30.780 !!! [CE] :: Unknown value: 'Tier9'.
11:15:30.780 !!! [CE] :: Unknown value: 'Tier7'.
11:15:30.780 !!! [CE] :: Unknown value: 'Tier8'.
11:15:30.780 !!! [CE] :: Unknown value: 'Tier9'.
11:15:30.780 !!! [CE] :: Unknown value: 'Tier7'.
11:15:30.780 !!! [CE] :: Unknown value: 'Tier8'.
11:15:30.780 !!! [CE] :: Unknown value: 'Tier9'.
11:15:30.780 !!! [CE] :: Unknown value: 'Tier7'.
11:15:30.780 !!! [CE] :: Unknown value: 'Tier8'.
11:15:30.780 !!! [CE] :: Unknown value: 'Tier9'.
11:15:30.780 !!! [CE] :: Unknown value: 'Tier7'.
11:15:30.780 !!! [CE] :: Unknown value: 'Tier8'.
11:15:30.780 !!! [CE] :: Unknown value: 'Tier9'.
11:15:30.780 !!! [CE] :: Unknown value: 'Tier7'.
11:15:30.780 !!! [CE] :: Unknown value: 'Tier8'.
11:15:30.780 !!! [CE] :: Unknown value: 'Tier9'.
11:15:30.780 !!! [CE] :: Unknown value: 'Tier7'.
11:15:30.780 !!! [CE] :: Unknown value: 'Tier8'.
11:15:30.780 !!! [CE] :: Unknown value: 'Tier9'.
11:15:30.780 !!! [CE] :: Unknown value: 'Tier7'.
11:15:30.780 !!! [CE] :: Unknown value: 'Tier8'.
11:15:30.780 !!! [CE] :: Unknown value: 'Tier9'.
11:15:30.780 !!! [CE] :: Unknown value: 'Tier7'.
11:15:30.780 !!! [CE] :: Unknown value: 'Tier8'.
11:15:30.780 !!! [CE] :: Unknown value: 'Tier9'.
11:15:30.780 !!! [CE] :: Unknown value: 'Tier7'.
11:15:30.780 !!! [CE] :: Unknown value: 'Tier8'.
11:15:30.780 !!! [CE] :: Unknown value: 'Tier9'.
11:15:30.780 !!! [CE] :: Unknown value: 'Tier7'.
11:15:30.780 !!! [CE] :: Unknown value: 'Tier8'.
11:15:30.780 !!! [CE] :: Unknown value: 'Tier9'.
11:15:30.780 !!! [CE] :: Unknown value: 'Tier7'.
11:15:30.780 !!! [CE] :: Unknown value: 'Tier8'.
11:15:30.780 !!! [CE] :: Unknown value: 'Tier9'.
11:15:30.780 !!! [CE] :: Unknown value: 'Tier7'.
11:15:30.780 !!! [CE] :: Unknown value: 'Tier8'.
11:15:30.780 !!! [CE] :: Unknown value: 'Tier9'.
11:15:30.780 !!! [CE] :: Unknown value: 'Tier7'.
11:15:30.780 !!! [CE] :: Unknown value: 'Tier8'.
11:15:30.780 !!! [CE] :: Unknown value: 'Tier9'.
11:15:30.780 !!! [CE] :: Unknown value: 'Tier7'.
11:15:30.780 !!! [CE] :: Unknown value: 'Tier8'.
11:15:30.780 !!! [CE] :: Unknown value: 'Tier9'.
11:15:30.780 !!! [CE] :: Unknown value: 'Tier7'.
11:15:30.780 !!! [CE] :: Unknown value: 'Tier8'.
11:15:30.780 !!! [CE] :: Unknown value: 'Tier9'.
11:15:30.780 !!! [CE] :: Unknown value: 'Tier7'.
11:15:30.780 !!! [CE] :: Unknown value: 'Tier8'.
11:15:30.780 !!! [CE] :: Unknown value: 'Tier9'.
11:15:30.780 !!! [CE] :: Unknown value: 'Tier7'.
11:15:30.780 !!! [CE] :: Unknown value: 'Tier8'.
11:15:30.780 !!! [CE] :: Unknown value: 'Tier9'.
11:15:30.780 !!! [CE] :: Unknown value: 'Tier7'.
11:15:30.780 !!! [CE] :: Unknown value: 'Tier8'.
11:15:30.780 !!! [CE] :: Unknown value: 'Tier9'.
11:15:30.780 !!! [CE] :: Unknown value: 'Tier7'.
11:15:30.780 !!! [CE] :: Unknown value: 'Tier8'.
11:15:30.780 !!! [CE] :: Unknown value: 'Tier9'.
11:15:30.780 !!! [CE] :: Unknown value: 'Tier7'.
11:15:30.780 !!! [CE] :: Unknown value: 'Tier8'.
11:15:30.780 !!! [CE] :: Unknown value: 'Tier9'.
11:15:30.780 !!! [CE] :: Unknown value: 'Tier7'.
11:15:30.780 !!! [CE] :: Unknown value: 'Tier8'.
11:15:30.780 !!! [CE] :: Unknown value: 'Tier9'.
11:15:30.780 !!! [CE] :: Unknown value: 'Tier7'.
11:15:30.780 !!! [CE] :: Unknown value: 'Tier8'.
11:15:30.780 !!! [CE] :: Unknown value: 'Tier9'.
11:15:30.780 !!! [CE] :: Unknown value: 'Tier7'.
11:15:30.780 !!! [CE] :: Unknown value: 'Tier8'.
11:15:30.780 !!! [CE] :: Unknown value: 'Tier9'.
11:15:30.780 !!! [CE] :: Unknown value: 'Tier7'.
11:15:30.780 !!! [CE] :: Unknown value: 'Tier8'.
11:15:30.780 !!! [CE] :: Unknown value: 'Tier9'.
11:15:30.780 !!! [CE] :: Unknown value: 'Tier7'.
11:15:30.780 !!! [CE] :: Unknown value: 'Tier8'.
11:15:30.780 !!! [CE] :: Unknown value: 'Tier9'.
11:15:30.780 !!! [CE] :: Unknown value: 'Tier7'.
11:15:30.780 !!! [CE] :: Unknown value: 'Tier8'.
11:15:30.780 !!! [CE] :: Unknown value: 'Tier9'.
11:15:30.780 !!! [CE] :: Unknown value: 'Tier7'.
11:15:30.780 !!! [CE] :: Unknown value: 'Tier8'.
11:15:30.780 !!! [CE] :: Unknown value: 'Tier9'.
11:15:30.780 !!! [CE] :: Unknown value: 'Tier7'.
11:15:30.780 !!! [CE] :: Unknown value: 'Tier8'.
11:15:30.780 !!! [CE] :: Unknown value: 'Tier9'.
11:15:30.780 !!! [CE] :: Unknown value: 'Tier7'.
11:15:30.780 !!! [CE] :: Unknown value: 'Tier8'.
11:15:30.780 !!! [CE] :: Unknown value: 'Tier9'.
11:15:30.780 !!! [CE] :: Unknown value: 'Tier7'.
11:15:30.780 !!! [CE] :: Unknown value: 'Tier8'.
11:15:30.780 !!! [CE] :: Unknown value: 'Tier9'.
11:15:30.780 !!! [CE] :: Unknown value: 'Tier7'.
11:15:30.780 !!! [CE] :: Unknown value: 'Tier8'.
11:15:30.780 !!! [CE] :: Unknown value: 'Tier9'.
11:15:30.780 !!! [CE] :: Unknown value: 'Tier7'.
11:15:30.780 !!! [CE] :: Unknown value: 'Tier8'.
11:15:30.780 !!! [CE] :: Unknown value: 'Tier9'.
11:15:30.780 !!! [CE] :: Unknown value: 'Tier7'.
11:15:30.780 !!! [CE] :: Unknown value: 'Tier8'.
11:15:30.780 !!! [CE] :: Unknown value: 'Tier9'.
11:15:30.780 !!! [CE] :: Unknown value: 'Tier7'.
11:15:30.780 !!! [CE] :: Unknown value: 'Tier8'.
11:15:30.780 !!! [CE] :: Unknown value: 'Tier9'.
11:15:30.780 !!! [CE] :: Unknown value: 'Tier7'.
11:15:30.780 !!! [CE] :: Unknown value: 'Tier8'.
11:15:30.780 !!! [CE] :: Unknown value: 'Tier9'.
11:15:30.780 !!! [CE] :: Unknown value: 'Tier7'.
11:15:30.780 !!! [CE] :: Unknown value: 'Tier8'.
11:15:30.780 !!! [CE] :: Unknown value: 'Tier9'.
11:15:30.780 !!! [CE] :: Unknown value: 'Tier7'.
11:15:30.780 !!! [CE] :: Unknown value: 'Tier8'.
11:15:30.780 !!! [CE] :: Unknown value: 'Tier9'.
11:15:30.780 !!! [CE] :: Unknown value: 'Tier7'.
11:15:30.780 !!! [CE] :: Unknown value: 'Tier8'.
11:15:30.780 !!! [CE] :: Unknown value: 'Tier9'.
11:15:30.780 !!! [CE] :: Unknown value: 'Tier7'.
11:15:30.780 !!! [CE] :: Unknown value: 'Tier8'.
11:15:30.780 !!! [CE] :: Unknown value: 'Tier9'.
11:15:30.780 !!! [CE] :: Unknown value: 'Tier7'.
11:15:30.780 !!! [CE] :: Unknown value: 'Tier8'.
11:15:30.780 !!! [CE] :: Unknown value: 'Tier9'.
11:15:30.780 !!! [CE] :: Unknown value: 'Tier7'.
11:15:30.780 !!! [CE] :: Unknown value: 'Tier8'.
11:15:30.780 !!! [CE] :: Unknown value: 'Tier9'.
11:15:30.780 !!! [CE] :: Unknown value: 'Tier7'.
11:15:30.780 !!! [CE] :: Unknown value: 'Tier8'.
11:15:30.780 !!! [CE] :: Unknown value: 'Tier9'.
11:15:30.780 !!! [CE] :: Unknown value: 'Tier7'.
11:15:30.780 !!! [CE] :: Unknown value: 'Tier8'.
11:15:30.780 !!! [CE] :: Unknown value: 'Tier9'.
11:15:30.780 !!! [CE] :: Unknown value: 'Tier7'.
11:15:30.780 !!! [CE] :: Unknown value: 'Tier8'.
11:15:30.780 !!! [CE] :: Unknown value: 'Tier9'.
11:15:30.780 !!! [CE] :: Unknown value: 'Tier7'.
11:15:30.780 !!! [CE] :: Unknown value: 'Tier8'.
11:15:30.780 !!! [CE] :: Unknown value: 'Tier9'.
11:15:30.780 !!! [CE] :: Unknown value: 'Tier7'.
11:15:30.780 !!! [CE] :: Unknown value: 'Tier8'.
11:15:30.780 !!! [CE] :: Unknown value: 'Tier9'.
11:15:30.780 !!! [CE] :: Unknown value: 'Tier7'.
11:15:30.780 !!! [CE] :: Unknown value: 'Tier8'.
11:15:30.780 !!! [CE] :: Unknown value: 'Tier9'.
11:15:30.780 !!! [CE] :: Unknown value: 'Tier7'.
11:15:30.780 !!! [CE] :: Unknown value: 'Tier8'.
11:15:30.780 !!! [CE] :: Unknown value: 'Tier9'.
11:15:30.780 !!! [CE] :: Unknown value: 'Tier7'.
11:15:30.780 !!! [CE] :: Unknown value: 'Tier8'.
11:15:30.780 !!! [CE] :: Unknown value: 'Tier9'.
11:15:30.780 !!! [CE] :: Unknown value: 'Tier7'.
11:15:30.780 !!! [CE] :: Unknown value: 'Tier8'.
11:15:30.780 !!! [CE] :: Unknown value: 'Tier9'.
11:15:30.780 !!! [CE] :: Unknown value: 'Tier7'.
11:15:30.780 !!! [CE] :: Unknown value: 'Tier8'.
11:15:30.780 !!! [CE] :: Unknown value: 'Tier9'.
11:15:30.780 !!! [CE] :: Unknown value: 'Tier7'.
11:15:30.780 !!! [CE] :: Unknown value: 'Tier8'.
11:15:30.780 !!! [CE] :: Unknown value: 'Tier9'.
11:15:30.780 !!! [CE] :: Unknown value: 'Tier7'.
11:15:30.780 !!! [CE] :: Unknown value: 'Tier8'.
11:15:30.780 !!! [CE] :: Unknown value: 'Tier9'.
11:15:30.780 !!! [CE] :: Unknown value: 'Tier7'.
11:15:30.780 !!! [CE] :: Unknown value: 'Tier8'.
11:15:30.780 !!! [CE] :: Unknown value: 'Tier9'.
11:15:30.780 !!! [CE] :: Unknown value: 'Tier7'.
11:15:30.780 !!! [CE] :: Unknown value: 'Tier8'.
11:15:30.780 !!! [CE] :: Unknown value: 'Tier9'.
11:15:30.780 !!! [CE] :: Unknown value: 'Tier7'.
11:15:30.780 !!! [CE] :: Unknown value: 'Tier8'.
11:15:30.780 !!! [CE] :: Unknown value: 'Tier9'.
11:15:30.780 !!! [CE] :: Unknown value: 'Tier7'.
11:15:30.780 !!! [CE] :: Unknown value: 'Tier8'.
11:15:30.780 !!! [CE] :: Unknown value: 'Tier9'.
11:15:30.780 !!! [CE] :: Unknown value: 'Tier7'.
11:15:30.780 !!! [CE] :: Unknown value: 'Tier8'.
11:15:30.780 !!! [CE] :: Unknown value: 'Tier9'.
11:15:30.780 !!! [CE] :: Unknown value: 'Tier7'.
11:15:30.780 !!! [CE] :: Unknown value: 'Tier8'.
11:15:30.780 !!! [CE] :: Unknown value: 'Tier9'.
11:15:30.780 !!! [CE] :: Unknown value: 'Tier7'.
11:15:30.780 !!! [CE] :: Unknown value: 'Tier8'.
11:15:30.780 !!! [CE] :: Unknown value: 'Tier9'.
11:15:30.780 !!! [CE] :: Unknown value: 'Tier7'.
11:15:30.780 !!! [CE] :: Unknown value: 'Tier8'.
11:15:30.780 !!! [CE] :: Unknown value: 'Tier9'.
11:15:30.780 !!! [CE] :: Unknown value: 'Tier7'.
11:15:30.780 !!! [CE] :: Unknown value: 'Tier8'.
11:15:30.780 !!! [CE] :: Unknown value: 'Tier9'.
11:15:30.780 !!! [CE] :: Unknown value: 'Tier7'.
11:15:30.780 !!! [CE] :: Unknown value: 'Tier8'.
11:15:30.780 !!! [CE] :: Unknown value: 'Tier9'.
11:15:30.780 !!! [CE] :: Unknown value: 'Tier7'.
11:15:30.780 !!! [CE] :: Unknown value: 'Tier8'.
11:15:30.780 !!! [CE] :: Unknown value: 'Tier9'.
11:15:30.780 !!! [CE] :: Unknown value: 'Tier7'.
11:15:30.780 !!! [CE] :: Unknown value: 'Tier8'.
11:15:30.780 !!! [CE] :: Unknown value: 'Tier9'.
11:15:30.780 !!! [CE] :: Unknown value: 'Tier7'.
11:15:30.780 !!! [CE] :: Unknown value: 'Tier8'.
11:15:30.780 !!! [CE] :: Unknown value: 'Tier9'.
11:15:30.780 !!! [CE] :: Unknown value: 'Tier7'.
11:15:30.780 !!! [CE] :: Unknown value: 'Tier8'.
11:15:30.780 !!! [CE] :: Unknown value: 'Tier9'.
11:15:30.780 !!! [CE] :: Unknown value: 'Tier7'.
11:15:30.780 !!! [CE] :: Unknown value: 'Tier8'.
11:15:30.780 !!! [CE] :: Unknown value: 'Tier9'.
11:15:30.780 !!! [CE] :: Unknown value: 'Tier7'.
11:15:30.780 !!! [CE] :: Unknown value: 'Tier8'.
11:15:30.780 !!! [CE] :: Unknown value: 'Tier9'.
11:15:30.780 !!! [CE] :: Unknown value: 'Tier7'.
11:15:30.780 !!! [CE] :: Unknown value: 'Tier8'.
11:15:30.780 !!! [CE] :: Unknown value: 'Tier9'.
11:15:30.780 !!! [CE] :: Unknown value: 'Tier7'.
11:15:30.780 !!! [CE] :: Unknown value: 'Tier8'.
11:15:30.780 !!! [CE] :: Unknown value: 'Tier9'.
11:15:30.780 !!! [CE] :: Unknown value: 'Tier7'.
11:15:30.780 !!! [CE] :: Unknown value: 'Tier8'.
11:15:30.780 !!! [CE] :: Unknown value: 'Tier9'.
11:15:30.780 !!! [CE] :: Unknown value: 'Tier7'.
11:15:30.780 !!! [CE] :: Unknown value: 'Tier8'.
11:15:30.780 !!! [CE] :: Unknown value: 'Tier9'.
11:15:30.780 !!! [CE] :: Unknown value: 'Tier7'.
11:15:30.780 !!! [CE] :: Unknown value: 'Tier8'.
11:15:30.780 !!! [CE] :: Unknown value: 'Tier9'.
11:15:30.780 !!! [CE] :: Unknown value: 'Tier7'.
11:15:30.780 !!! [CE] :: Unknown value: 'Tier8'.
11:15:30.780 !!! [CE] :: Unknown value: 'Tier9'.
11:15:30.780 !!! [CE] :: Unknown value: 'Tier7'.
11:15:30.780 !!! [CE] :: Unknown value: 'Tier8'.
11:15:30.780 !!! [CE] :: Unknown value: 'Tier9'.
11:15:30.780 !!! [CE] :: Unknown value: 'Tier7'.
11:15:30.780 !!! [CE] :: Unknown value: 'Tier8'.
11:15:30.780 !!! [CE] :: Unknown value: 'Tier9'.
11:15:30.780 !!! [CE] :: Unknown value: 'Tier7'.
11:15:30.780 !!! [CE] :: Unknown value: 'Tier8'.
11:15:30.780 !!! [CE] :: Unknown value: 'Tier9'.
11:15:30.780 !!! [CE] :: Unknown value: 'Tier7'.
11:15:30.780 !!! [CE] :: Unknown value: 'Tier8'.
11:15:30.780 !!! [CE] :: Unknown value: 'Tier9'.
11:15:30.780 !!! [CE] :: Unknown value: 'Tier7'.
11:15:30.780 !!! [CE] :: Unknown value: 'Tier8'.
11:15:30.780 !!! [CE] :: Unknown value: 'Tier9'.
11:15:30.780 !!! [CE] :: Unknown value: 'Tier7'.
11:15:30.780 !!! [CE] :: Unknown value: 'Tier8'.
11:15:30.780 !!! [CE] :: Unknown value: 'Tier9'.
11:15:30.780 !!! [CE] :: Unknown value: 'Tier7'.
11:15:30.780 !!! [CE] :: Unknown value: 'Tier8'.
11:15:30.780 !!! [CE] :: Unknown value: 'Tier9'.
11:15:30.780 !!! [CE] :: Unknown value: 'Tier7'.
11:15:30.780 !!! [CE] :: Unknown value: 'Tier8'.
11:15:30.780 !!! [CE] :: Unknown value: 'Tier9'.
11:15:30.780 !!! [CE] :: Unknown value: 'Tier7'.
11:15:30.780 !!! [CE] :: Unknown value: 'Tier8'.
11:15:30.780 !!! [CE] :: Unknown value: 'Tier9'.
11:15:30.780 !!! [CE] :: Unknown value: 'Tier7'.
11:15:30.780 !!! [CE] :: Unknown value: 'Tier8'.
11:15:30.780 !!! [CE] :: Unknown value: 'Tier9'.
11:15:30.780 !!! [CE] :: Unknown value: 'Tier7'.
11:15:30.780 !!! [CE] :: Unknown value: 'Tier8'.
11:15:30.780 !!! [CE] :: Unknown value: 'Tier9'.
11:15:30.780 !!! [CE] :: Unknown value: 'Tier7'.
11:15:30.780 !!! [CE] :: Unknown value: 'Tier8'.
11:15:30.780 !!! [CE] :: Unknown value: 'Tier9'.
11:15:30.780 !!! [CE] :: Unknown value: 'Tier7'.
11:15:30.780 !!! [CE] :: Unknown value: 'Tier8'.
11:15:30.780 !!! [CE] :: Unknown value: 'Tier9'.
11:15:30.780 !!! [CE] :: Unknown value: 'Tier7'.
11:15:30.780 !!! [CE] :: Unknown value: 'Tier8'.
11:15:30.780 !!! [CE] :: Unknown value: 'Tier9'.
11:15:30.780 !!! [CE] :: Unknown value: 'Tier7'.
11:15:30.780 !!! [CE] :: Unknown value: 'Tier8'.
11:15:30.780 !!! [CE] :: Unknown value: 'Tier9'.
11:15:30.780 !!! [CE] :: Unknown value: 'Tier7'.
11:15:30.780 !!! [CE] :: Unknown value: 'Tier8'.
11:15:30.780 !!! [CE] :: Unknown value: 'Tier9'.
11:15:30.780 !!! [CE] :: Unknown value: 'Tier7'.
11:15:30.780 !!! [CE] :: Unknown value: 'Tier8'.
11:15:30.780 !!! [CE] :: Unknown value: 'Tier9'.
11:15:30.780 !!! [CE] :: Unknown value: 'Tier7'.
11:15:30.780 !!! [CE] :: Unknown value: 'Tier8'.
11:15:30.780 !!! [CE] :: Unknown value: 'Tier9'.
11:15:30.780 !!! [CE] :: Unknown value: 'Tier7'.
11:15:30.780 !!! [CE] :: Unknown value: 'Tier8'.
11:15:30.780 !!! [CE] :: Unknown value: 'Tier9'.
11:15:30.780 !!! [CE] :: Unknown value: 'Tier7'.
11:15:30.780 !!! [CE] :: Unknown value: 'Tier8'.
11:15:30.780 !!! [CE] :: Unknown value: 'Tier9'.
11:15:30.780 !!! [CE] :: Unknown value: 'Tier7'.
11:15:30.780 !!! [CE] :: Unknown value: 'Tier8'.
11:15:30.780 !!! [CE] :: Unknown value: 'Tier9'.
11:15:30.780 !!! [CE] :: Unknown value: 'Tier7'.
11:15:30.780 !!! [CE] :: Unknown value: 'Tier8'.
11:15:30.780 !!! [CE] :: Unknown value: 'Tier9'.
11:15:30.780 !!! [CE] :: Unknown value: 'Tier7'.
11:15:30.780 !!! [CE] :: Unknown value: 'Tier8'.
11:15:30.780 !!! [CE] :: Unknown value: 'Tier9'.
11:15:30.780 !!! [CE] :: Unknown value: 'Tier7'.
11:15:30.780 !!! [CE] :: Unknown value: 'Tier8'.
11:15:30.780 !!! [CE] :: Unknown value: 'Tier9'.
11:15:30.780 !!! [CE] :: Unknown value: 'Tier7'.
11:15:30.780 !!! [CE] :: Unknown value: 'Tier8'.
11:15:30.780 !!! [CE] :: Unknown value: 'Tier9'.
11:15:30.780 !!! [CE] :: Unknown value: 'Tier7'.
11:15:30.780 !!! [CE] :: Unknown value: 'Tier8'.
11:15:30.780 !!! [CE] :: Unknown value: 'Tier9'.
11:15:30.780 !!! [CE] :: Unknown value: 'Tier7'.
11:15:30.780 !!! [CE] :: Unknown value: 'Tier8'.
11:15:30.780 !!! [CE] :: Unknown value: 'Tier9'.
11:15:30.780 !!! [CE] :: Unknown value: 'Tier7'.
11:15:30.780 !!! [CE] :: Unknown value: 'Tier8'.
11:15:30.780 !!! [CE] :: Unknown value: 'Tier9'.
11:15:30.780 !!! [CE] :: Unknown value: 'Tier7'.
11:15:30.780 !!! [CE] :: Unknown value: 'Tier8'.
11:15:30.780 !!! [CE] :: Unknown value: 'Tier9'.
11:15:30.780 !!! [CE] :: Unknown value: 'Tier7'.
11:15:30.780 !!! [CE] :: Unknown value: 'Tier8'.
11:15:30.780 !!! [CE] :: Unknown value: 'Tier9'.
11:15:30.780 !!! [CE] :: Unknown value: 'Tier7'.
11:15:30.780 !!! [CE] :: Unknown value: 'Tier8'.
11:15:30.780 !!! [CE] :: Unknown value: 'Tier9'.
11:15:30.780 !!! [CE] :: Unknown value: 'Tier7'.
11:15:30.780 !!! [CE] :: Unknown value: 'Tier8'.
11:15:30.780 !!! [CE] :: Unknown value: 'Tier9'.
11:15:30.780 !!! [CE] :: Unknown value: 'Tier7'.
11:15:30.780 !!! [CE] :: Unknown value: 'Tier8'.
11:15:30.780 !!! [CE] :: Unknown value: 'Tier9'.
11:15:30.780 !!! [CE] :: Unknown value: 'Tier7'.
11:15:30.780 !!! [CE] :: Unknown value: 'Tier8'.
11:15:30.780 !!! [CE] :: Unknown value: 'Tier9'.
11:15:30.780 !!! [CE] :: Unknown value: 'Tier7'.
11:15:30.780 !!! [CE] :: Unknown value: 'Tier8'.
11:15:30.780 !!! [CE] :: Unknown value: 'Tier9'.
11:15:30.780 !!! [CE] :: Unknown value: 'Tier7'.
11:15:30.780 !!! [CE] :: Unknown value: 'Tier8'.
11:15:30.780 !!! [CE] :: Unknown value: 'Tier9'.
11:15:30.780 !!! [CE] :: Unknown value: 'Tier7'.
11:15:30.780 !!! [CE] :: Unknown value: 'Tier8'.
11:15:30.780 !!! [CE] :: Unknown value: 'Tier9'.
11:15:30.780 !!! [CE] :: Unknown value: 'Tier7'.
11:15:30.780 !!! [CE] :: Unknown value: 'Tier8'.
11:15:30.780 !!! [CE] :: Unknown value: 'Tier9'.
11:15:30.780 !!! [CE] :: Unknown value: 'Tier7'.
11:15:30.780 !!! [CE] :: Unknown value: 'Tier8'.
11:15:30.780 !!! [CE] :: Unknown value: 'Tier9'.
11:15:30.780 !!! [CE] :: Unknown value: 'Tier7'.
11:15:30.780 !!! [CE] :: Unknown value: 'Tier8'.
11:15:30.780 !!! [CE] :: Unknown value: 'Tier9'.
11:15:30.780 !!! [CE] :: Unknown value: 'Tier7'.
11:15:30.780 !!! [CE] :: Unknown value: 'Tier8'.
11:15:30.780 !!! [CE] :: Unknown value: 'Tier9'.
11:15:30.780 !!! [CE] :: Unknown value: 'Tier7'.
11:15:30.780 !!! [CE] :: Unknown value: 'Tier8'.
11:15:30.780 !!! [CE] :: Unknown value: 'Tier9'.
11:15:30.780 !!! [CE] :: Unknown value: 'Tier7'.
11:15:30.780 !!! [CE] :: Unknown value: 'Tier8'.
11:15:30.780 !!! [CE] :: Unknown value: 'Tier9'.
11:15:30.780 !!! [CE] :: Unknown value: 'Tier7'.
11:15:30.780 !!! [CE] :: Unknown value: 'Tier8'.
11:15:30.780 !!! [CE] :: Unknown value: 'Tier9'.
11:15:30.780 !!! [CE] :: Unknown value: 'Tier7'.
11:15:30.780 !!! [CE] :: Unknown value: 'Tier8'.
11:15:30.780 !!! [CE] :: Unknown value: 'Tier9'.
11:15:30.780 !!! [CE] :: Unknown value: 'Tier7'.
11:15:30.780 !!! [CE] :: Unknown value: 'Tier8'.
11:15:30.780 !!! [CE] :: Unknown value: 'Tier9'.
11:15:30.780 !!! [CE] :: Unknown value: 'Tier7'.
11:15:30.780 !!! [CE] :: Unknown value: 'Tier8'.
11:15:30.780 !!! [CE] :: Unknown value: 'Tier9'.
11:15:30.780 !!! [CE] :: Unknown value: 'Tier7'.
11:15:30.780 !!! [CE] :: Unknown value: 'Tier8'.
11:15:30.780 !!! [CE] :: Unknown value: 'Tier9'.
11:15:30.780 !!! [CE] :: Unknown value: 'Tier7'.
11:15:30.780 !!! [CE] :: Unknown value: 'Tier8'.
11:15:30.780 !!! [CE] :: Unknown value: 'Tier9'.
11:15:30.780 !!! [CE] :: Unknown value: 'Tier7'.
11:15:30.780 !!! [CE] :: Unknown value: 'Tier8'.
11:15:30.780 !!! [CE] :: Unknown value: 'Tier9'.
11:15:30.780 !!! [CE] :: Unknown value: 'Tier7'.
11:15:30.780 !!! [CE] :: Unknown value: 'Tier8'.
11:15:30.780 !!! [CE] :: Unknown value: 'Tier9'.
11:15:30.780 !!! [CE] :: Unknown value: 'Tier7'.
11:15:30.780 !!! [CE] :: Unknown value: 'Tier8'.
11:15:30.780 !!! [CE] :: Unknown value: 'Tier9'.
11:15:30.780 !!! [CE] :: Unknown value: 'Tier7'.
11:15:30.780 !!! [CE] :: Unknown value: 'Tier8'.
11:15:30.780 !!! [CE] :: Unknown value: 'Tier9'.
11:15:30.780 !!! [CE] :: Unknown value: 'Tier7'.
11:15:30.780 !!! [CE] :: Unknown value: 'Tier8'.
11:15:30.780 !!! [CE] :: Unknown value: 'Tier9'.
11:15:30.780 !!! [CE] :: Unknown value: 'Tier7'.
11:15:30.780 !!! [CE] :: Unknown value: 'Tier8'.
11:15:30.780 !!! [CE] :: Unknown value: 'Tier9'.
11:15:30.780 !!! [CE] :: Unknown value: 'Tier7'.
11:15:30.780 !!! [CE] :: Unknown value: 'Tier8'.
11:15:30.780 !!! [CE] :: Unknown value: 'Tier9'.
11:15:30.780 !!! [CE] :: Unknown value: 'Tier7'.
11:15:30.780 !!! [CE] :: Unknown value: 'Tier8'.
11:15:30.780 !!! [CE] :: Unknown value: 'Tier9'.
11:15:30.780 !!! [CE] :: Unknown value: 'Tier7'.
11:15:30.780 !!! [CE] :: Unknown value: 'Tier8'.
11:15:30.780 !!! [CE] :: Unknown value: 'Tier9'.
11:15:30.780 !!! [CE] :: Unknown value: 'Tier7'.
11:15:30.780 !!! [CE] :: Unknown value: 'Tier8'.
11:15:30.780 !!! [CE] :: Unknown value: 'Tier9'.
11:15:30.780 !!! [CE] :: Unknown value: 'Tier7'.
11:15:30.780 !!! [CE] :: Unknown value: 'Tier8'.
11:15:30.780 !!! [CE] :: Unknown value: 'Tier9'.
11:15:30.780 !!! [CE] :: Unknown value: 'Tier7'.
11:15:30.780 !!! [CE] :: Unknown value: 'Tier8'.
11:15:30.780 !!! [CE] :: Unknown value: 'Tier9'.
11:15:30.780 !!! [CE] :: Unknown value: 'Tier7'.
11:15:30.780 !!! [CE] :: Unknown value: 'Tier8'.
11:15:30.780 !!! [CE] :: Unknown value: 'Tier9'.
11:15:30.780 !!! [CE] :: Unknown value: 'Tier7'.
11:15:30.780 !!! [CE] :: Unknown value: 'Tier8'.
11:15:30.780 !!! [CE] :: Unknown value: 'Tier9'.
11:15:30.780 !!! [CE] :: Unknown value: 'Tier7'.
11:15:30.780 !!! [CE] :: Unknown value: 'Tier8'.
11:15:30.780 !!! [CE] :: Unknown value: 'Tier9'.
11:15:30.780 !!! [CE] :: Unknown value: 'Tier7'.
11:15:30.780 !!! [CE] :: Unknown value: 'Tier8'.
11:15:30.780 !!! [CE] :: Unknown value: 'Tier9'.
11:15:30.780 !!! [CE] :: Unknown value: 'Tier7'.
11:15:30.780 !!! [CE] :: Unknown value: 'Tier8'.
11:15:30.780 !!! [CE] :: Unknown value: 'Tier9'.
11:15:30.780 !!! [CE] :: Unknown value: 'Tier7'.
11:15:30.780 !!! [CE] :: Unknown value: 'Tier8'.
11:15:30.780 !!! [CE] :: Unknown value: 'Tier9'.
11:15:30.780 !!! [CE] :: Unknown value: 'Tier7'.
11:15:30.780 !!! [CE] :: Unknown value: 'Tier8'.
11:15:30.780 !!! [CE] :: Unknown value: 'Tier9'.
11:15:30.780 !!! [CE] :: Unknown value: 'Tier7'.
11:15:30.780 !!! [CE] :: Unknown value: 'Tier8'.
11:15:30.780 !!! [CE] :: Unknown value: 'Tier9'.
11:15:30.780 !!! [CE] :: Unknown value: 'Tier7'.
11:15:30.780 !!! [CE] :: Unknown value: 'Tier8'.
11:15:30.780 !!! [CE] :: Unknown value: 'Tier9'.
11:15:30.780 !!! [CE] :: Unknown value: 'Tier7'.
11:15:30.780 !!! [CE] :: Unknown value: 'Tier8'.
11:15:30.780 !!! [CE] :: Unknown value: 'Tier9'.
11:15:30.780 !!! [CE] :: Unknown value: 'Tier7'.
11:15:30.780 !!! [CE] :: Unknown value: 'Tier8'.
11:15:30.780 !!! [CE] :: Unknown value: 'Tier9'.
11:15:30.780 !!! [CE] :: Unknown value: 'Tier7'.
11:15:30.780 !!! [CE] :: Unknown value: 'Tier8'.
11:15:30.780 !!! [CE] :: Unknown value: 'Tier9'.
11:15:30.780 !!! [CE] :: Unknown value: 'Tier7'.
11:15:30.780 !!! [CE] :: Unknown value: 'Tier8'.
11:15:30.780 !!! [CE] :: Unknown value: 'Tier9'.
11:15:30.780 !!! [CE] :: Unknown value: 'Tier7'.
11:15:30.781 !!! [CE] :: Unknown value: 'Tier8'.
11:15:30.781 !!! [CE] :: Unknown value: 'Tier9'.
11:15:30.781 !!! [CE] :: Unknown value: 'Tier7'.
11:15:30.781 !!! [CE] :: Unknown value: 'Tier8'.
11:15:30.781 !!! [CE] :: Unknown value: 'Tier9'.
11:15:30.781 !!! [CE] :: Unknown value: 'Tier7'.
11:15:30.781 !!! [CE] :: Unknown value: 'Tier8'.
11:15:30.781 !!! [CE] :: Unknown value: 'Tier9'.
11:15:30.781 !!! [CE] :: Unknown value: 'Tier7'.
11:15:30.781 !!! [CE] :: Unknown value: 'Tier8'.
11:15:30.781 !!! [CE] :: Unknown value: 'Tier9'.
11:15:30.781 !!! [CE] :: Unknown value: 'Tier7'.
11:15:30.781 !!! [CE] :: Unknown value: 'Tier8'.
11:15:30.781 !!! [CE] :: Unknown value: 'Tier9'.
11:15:30.781 !!! [CE] :: Unknown value: 'Tier7'.
11:15:30.781 !!! [CE] :: Unknown value: 'Tier8'.
11:15:30.781 !!! [CE] :: Unknown value: 'Tier9'.
11:15:30.781 !!! [CE] :: Unknown value: 'Tier7'.
11:15:30.781 !!! [CE] :: Unknown value: 'Tier8'.
11:15:30.781 !!! [CE] :: Unknown value: 'Tier9'.
11:15:30.781 !!! [CE] :: Unknown value: 'Tier7'.
11:15:30.781 !!! [CE] :: Unknown value: 'Tier8'.
11:15:30.781 !!! [CE] :: Unknown value: 'Tier9'.
11:15:30.781 !!! [CE] :: Unknown value: 'Tier7'.
11:15:30.781 !!! [CE] :: Unknown value: 'Tier8'.
11:15:30.781 !!! [CE] :: Unknown value: 'Tier9'.
11:15:30.781 !!! [CE] :: Unknown value: 'Tier7'.
11:15:30.781 !!! [CE] :: Unknown value: 'Tier8'.
11:15:30.781 !!! [CE] :: Unknown value: 'Tier9'.
11:15:30.781 !!! [CE] :: Unknown value: 'Tier7'.
11:15:30.781 !!! [CE] :: Unknown value: 'Tier8'.
11:15:30.781 !!! [CE] :: Unknown value: 'Tier9'.
11:15:30.781 !!! [CE] :: Unknown value: 'Tier7'.
11:15:30.781 !!! [CE] :: Unknown value: 'Tier8'.
11:15:30.781 !!! [CE] :: Unknown value: 'Tier9'.
11:15:30.781 !!! [CE] :: Unknown value: 'Tier7'.
11:15:30.781 !!! [CE] :: Unknown value: 'Tier8'.
11:15:30.781 !!! [CE] :: Unknown value: 'Tier9'.
11:15:30.781 !!! [CE] :: Unknown value: 'Tier7'.
11:15:30.781 !!! [CE] :: Unknown value: 'Tier8'.
11:15:30.781 !!! [CE] :: Unknown value: 'Tier9'.
11:15:30.781 !!! [CE] :: Unknown value: 'Tier7'.
11:15:30.781 !!! [CE] :: Unknown value: 'Tier8'.
11:15:30.781 !!! [CE] :: Unknown value: 'Tier9'.
11:15:30.781 !!! [CE] :: Unknown value: 'Tier7'.
11:15:30.781 !!! [CE] :: Unknown value: 'Tier8'.
11:15:30.781 !!! [CE] :: Unknown value: 'Tier9'.
11:15:30.781 !!! [CE] :: Unknown value: 'Tier7'.
11:15:30.781 !!! [CE] :: Unknown value: 'Tier8'.
11:15:30.781 !!! [CE] :: Unknown value: 'Tier9'.
11:15:30.781 !!! [CE] :: Unknown value: 'Tier7'.
11:15:30.781 !!! [CE] :: Unknown value: 'Tier8'.
11:15:30.781 !!! [CE] :: Unknown value: 'Tier9'.
11:15:30.781 !!! [CE] :: Unknown value: 'Tier7'.
11:15:30.781 !!! [CE] :: Unknown value: 'Tier8'.
11:15:30.781 !!! [CE] :: Unknown value: 'Tier9'.
11:15:30.781 !!! [CE] :: Unknown value: 'Tier7'.
11:15:30.781 !!! [CE] :: Unknown value: 'Tier8'.
11:15:30.781 !!! [CE] :: Unknown value: 'Tier9'.
11:15:30.781 !!! [CE] :: Unknown value: 'Tier7'.
11:15:30.781 !!! [CE] :: Unknown value: 'Tier8'.
11:15:30.781 !!! [CE] :: Unknown value: 'Tier9'.
11:15:30.781 !!! [CE] :: Unknown value: 'Tier7'.
11:15:30.781 !!! [CE] :: Unknown value: 'Tier8'.
11:15:30.781 !!! [CE] :: Unknown value: 'Tier9'.
11:15:30.781 !!! [CE] :: Unknown value: 'Tier7'.
11:15:30.781 !!! [CE] :: Unknown value: 'Tier8'.
11:15:30.781 !!! [CE] :: Unknown value: 'Tier9'.
11:15:30.781 !!! [CE] :: Unknown value: 'Tier7'.
11:15:30.781 !!! [CE] :: Unknown value: 'Tier8'.
11:15:30.781 !!! [CE] :: Unknown value: 'Tier9'.
11:15:30.781 !!! [CE] :: Unknown value: 'Tier7'.
11:15:30.781 !!! [CE] :: Unknown value: 'Tier8'.
11:15:30.781 !!! [CE] :: Unknown value: 'Tier9'.
11:15:30.781 !!! [CE] :: Unknown value: 'Tier7'.
11:15:30.781 !!! [CE] :: Unknown value: 'Tier8'.
11:15:30.781 !!! [CE] :: Unknown value: 'Tier9'.
11:15:30.781 !!! [CE] :: Unknown value: 'Tier7'.
11:15:30.781 !!! [CE] :: Unknown value: 'Tier8'.
11:15:30.781 !!! [CE] :: Unknown value: 'Tier9'.
11:15:30.781 !!! [CE] :: Unknown value: 'Tier7'.
11:15:30.781 !!! [CE] :: Unknown value: 'Tier8'.
11:15:30.781 !!! [CE] :: Unknown value: 'Tier9'.
11:15:30.781 !!! [CE] :: Unknown value: 'Tier7'.
11:15:30.781 !!! [CE] :: Unknown value: 'Tier8'.
11:15:30.781 !!! [CE] :: Unknown value: 'Tier9'.
11:15:30.781 !!! [CE] :: Unknown value: 'Tier7'.
11:15:30.781 !!! [CE] :: Unknown value: 'Tier8'.
11:15:30.781 !!! [CE] :: Unknown value: 'Tier9'.
11:15:30.781 !!! [CE] :: Unknown value: 'Tier7'.
11:15:30.781 !!! [CE] :: Unknown value: 'Tier8'.
11:15:30.781 !!! [CE] :: Unknown value: 'Tier9'.
11:15:30.781 !!! [CE] :: Unknown value: 'Tier7'.
11:15:30.781 !!! [CE] :: Unknown value: 'Tier8'.
11:15:30.781 !!! [CE] :: Unknown value: 'Tier9'.
11:15:30.781 !!! [CE] :: Unknown value: 'Tier7'.
11:15:30.781 !!! [CE] :: Unknown value: 'Tier8'.
11:15:30.781 !!! [CE] :: Unknown value: 'Tier9'.
11:15:30.781 !!! [CE] :: Unknown value: 'Tier7'.
11:15:30.781 !!! [CE] :: Unknown value: 'Tier8'.
11:15:30.781 !!! [CE] :: Unknown value: 'Tier9'.
11:15:30.781 !!! [CE] :: Unknown value: 'Tier7'.
11:15:30.781 !!! [CE] :: Unknown value: 'Tier8'.
11:15:30.781 !!! [CE] :: Unknown value: 'Tier9'.
11:15:30.781 !!! [CE] :: Unknown value: 'Tier7'.
11:15:30.781 !!! [CE] :: Unknown value: 'Tier8'.
11:15:30.781 !!! [CE] :: Unknown value: 'Tier9'.
11:15:30.781 !!! [CE] :: Unknown value: 'Tier7'.
11:15:30.781 !!! [CE] :: Unknown value: 'Tier8'.
11:15:30.781 !!! [CE] :: Unknown value: 'Tier9'.
11:15:30.781 !!! [CE] :: Unknown value: 'Tier7'.
11:15:30.781 !!! [CE] :: Unknown value: 'Tier8'.
11:15:30.781 !!! [CE] :: Unknown value: 'Tier9'.
11:15:30.781 !!! [CE] :: Unknown value: 'Tier7'.
11:15:30.781 !!! [CE] :: Unknown value: 'Tier8'.
11:15:30.781 !!! [CE] :: Unknown value: 'Tier9'.
11:15:30.781 !!! [CE] :: Unknown value: 'Tier7'.
11:15:30.781 !!! [CE] :: Unknown value: 'Tier8'.
11:15:30.781 !!! [CE] :: Unknown value: 'Tier9'.
11:15:30.781 !!! [CE] :: Unknown value: 'Tier7'.
11:15:30.781 !!! [CE] :: Unknown value: 'Tier8'.
11:15:30.781 !!! [CE] :: Unknown value: 'Tier9'.
11:15:30.781 !!! [CE] :: Unknown value: 'Tier7'.
11:15:30.781 !!! [CE] :: Unknown value: 'Tier8'.
11:15:30.781 !!! [CE] :: Unknown value: 'Tier9'.
11:15:30.781 !!! [CE] :: Unknown value: 'Tier7'.
11:15:30.781 !!! [CE] :: Unknown value: 'Tier8'.
11:15:30.781 !!! [CE] :: Unknown value: 'Tier9'.
11:15:30.781 !!! [CE] :: Unknown value: 'Tier7'.
11:15:30.781 !!! [CE] :: Unknown value: 'Tier8'.
11:15:30.781 !!! [CE] :: Unknown value: 'Tier9'.
11:15:30.781 !!! [CE] :: Unknown value: 'Tier7'.
11:15:30.781 !!! [CE] :: Unknown value: 'Tier8'.
11:15:30.781 !!! [CE] :: Unknown value: 'Tier9'.
11:15:30.781 !!! [CE] :: Unknown value: 'Tier7'.
11:15:30.781 !!! [CE] :: Unknown value: 'Tier8'.
11:15:30.781 !!! [CE] :: Unknown value: 'Tier9'.
11:15:30.781 !!! [CE] :: Unknown value: 'Tier7'.
11:15:30.781 !!! [CE] :: Unknown value: 'Tier8'.
11:15:30.781 !!! [CE] :: Unknown value: 'Tier9'.
11:15:30.781 !!! [CE] :: Unknown value: 'Tier7'.
11:15:30.781 !!! [CE] :: Unknown value: 'Tier8'.
11:15:30.781 !!! [CE] :: Unknown value: 'Tier9'.
11:15:30.781 !!! [CE] :: Unknown value: 'Tier7'.
11:15:30.781 !!! [CE] :: Unknown value: 'Tier8'.
11:15:30.781 !!! [CE] :: Unknown value: 'Tier9'.
11:15:30.781 !!! [CE] :: Unknown value: 'Tier7'.
11:15:30.781 !!! [CE] :: Unknown value: 'Tier8'.
11:15:30.781 !!! [CE] :: Unknown value: 'Tier9'.
11:15:30.781 !!! [CE] :: Unknown value: 'Tier7'.
11:15:30.781 !!! [CE] :: Unknown value: 'Tier8'.
11:15:30.781 !!! [CE] :: Unknown value: 'Tier9'.
11:15:30.781 !!! [CE] :: Unknown value: 'Tier7'.
11:15:30.781 !!! [CE] :: Unknown value: 'Tier8'.
11:15:30.781 !!! [CE] :: Unknown value: 'Tier9'.
11:15:30.781 !!! [CE] :: Unknown value: 'Tier7'.
11:15:30.781 !!! [CE] :: Unknown value: 'Tier8'.
11:15:30.781 !!! [CE] :: Unknown value: 'Tier9'.
11:15:30.781 !!! [CE] :: Unknown value: 'Tier7'.
11:15:30.781 !!! [CE] :: Unknown value: 'Tier8'.
11:15:30.781 !!! [CE] :: Unknown value: 'Tier9'.
11:15:30.781 !!! [CE] :: Unknown value: 'Tier7'.
11:15:30.781 !!! [CE] :: Unknown value: 'Tier8'.
11:15:30.781 !!! [CE] :: Unknown value: 'Tier9'.
11:15:30.781 !!! [CE] :: Unknown value: 'Tier7'.
11:15:30.781 !!! [CE] :: Unknown value: 'Tier8'.
11:15:30.781 !!! [CE] :: Unknown value: 'Tier9'.
11:15:30.781 !!! [CE] :: Unknown value: 'Tier7'.
11:15:30.781 !!! [CE] :: Unknown value: 'Tier8'.
11:15:30.781 !!! [CE] :: Unknown value: 'Tier9'.
11:15:30.781 !!! [CE] :: Unknown value: 'Tier7'.
11:15:30.781 !!! [CE] :: Unknown value: 'Tier8'.
11:15:30.781 !!! [CE] :: Unknown value: 'Tier9'.
11:15:30.781 !!! [CE] :: Unknown value: 'Tier7'.
11:15:30.781 !!! [CE] :: Unknown value: 'Tier8'.
11:15:30.781 !!! [CE] :: Unknown value: 'Tier9'.
11:15:30.781 !!! [CE] :: Unknown value: 'Tier7'.
11:15:30.781 !!! [CE] :: Unknown value: 'Tier8'.
11:15:30.781 !!! [CE] :: Unknown value: 'Tier9'.
11:15:30.781 !!! [CE] :: Unknown value: 'Tier7'.
11:15:30.781 !!! [CE] :: Unknown value: 'Tier8'.
11:15:30.781 !!! [CE] :: Unknown value: 'Tier9'.
11:15:30.781 !!! [CE] :: Unknown value: 'Tier7'.
11:15:30.781 !!! [CE] :: Unknown value: 'Tier8'.
11:15:30.781 !!! [CE] :: Unknown value: 'Tier9'.
11:15:30.781 !!! [CE] :: Unknown value: 'Tier7'.
11:15:30.781 !!! [CE] :: Unknown value: 'Tier8'.
11:15:30.781 !!! [CE] :: Unknown value: 'Tier9'.
11:15:30.781 !!! [CE] :: Unknown value: 'Tier7'.
11:15:30.781 !!! [CE] :: Unknown value: 'Tier8'.
11:15:30.781 !!! [CE] :: Unknown value: 'Tier9'.
11:15:30.781 !!! [CE] :: Unknown value: 'Tier7'.
11:15:30.781 !!! [CE] :: Unknown value: 'Tier8'.
11:15:30.781 !!! [CE] :: Unknown value: 'Tier9'.
11:15:30.781 !!! [CE] :: Unknown value: 'Tier7'.
11:15:30.781 !!! [CE] :: Unknown value: 'Tier8'.
11:15:30.781 !!! [CE] :: Unknown value: 'Tier9'.
11:15:30.781 !!! [CE] :: Unknown value: 'Tier7'.
11:15:30.781 !!! [CE] :: Unknown value: 'Tier8'.
11:15:30.781 !!! [CE] :: Unknown value: 'Tier9'.
11:15:30.781 !!! [CE] :: Unknown value: 'Tier7'.
11:15:30.781 !!! [CE] :: Unknown value: 'Tier8'.
11:15:30.781 !!! [CE] :: Unknown value: 'Tier9'.
11:15:30.781 !!! [CE] :: Unknown value: 'Tier7'.
11:15:30.781 !!! [CE] :: Unknown value: 'Tier8'.
11:15:30.781 !!! [CE] :: Unknown value: 'Tier9'.
11:15:30.781 !!! [CE] :: Unknown value: 'Tier7'.
11:15:30.781 !!! [CE] :: Unknown value: 'Tier8'.
11:15:30.781 !!! [CE] :: Unknown value: 'Tier9'.
11:15:30.781 !!! [CE] :: Unknown value: 'Tier7'.
11:15:30.781 !!! [CE] :: Unknown value: 'Tier8'.
11:15:30.781 !!! [CE] :: Unknown value: 'Tier9'.
11:15:30.781 !!! [CE] :: Unknown value: 'Tier7'.
11:15:30.781 !!! [CE] :: Unknown value: 'Tier8'.
11:15:30.781 !!! [CE] :: Unknown value: 'Tier9'.
11:15:30.781 !!! [CE] :: Unknown value: 'Tier7'.
11:15:30.781 !!! [CE] :: Unknown value: 'Tier8'.
11:15:30.781 !!! [CE] :: Unknown value: 'Tier9'.
11:15:30.781 !!! [CE] :: Unknown value: 'Tier7'.
11:15:30.781 !!! [CE] :: Unknown value: 'Tier8'.
11:15:30.781 !!! [CE] :: Unknown value: 'Tier9'.
11:15:30.781 !!! [CE] :: Unknown value: 'Tier7'.
11:15:30.781 !!! [CE] :: Unknown value: 'Tier8'.
11:15:30.781 !!! [CE] :: Unknown value: 'Tier9'.
11:15:30.781 !!! [CE] :: Unknown value: 'Tier7'.
11:15:30.781 !!! [CE] :: Unknown value: 'Tier8'.
11:15:30.781 !!! [CE] :: Unknown value: 'Tier9'.
11:15:30.781 !!! [CE] :: Unknown value: 'Tier7'.
11:15:30.781 !!! [CE] :: Unknown value: 'Tier8'.
11:15:30.781 !!! [CE] :: Unknown value: 'Tier9'.
11:15:30.781 !!! [CE] :: Unknown value: 'Tier7'.
11:15:30.781 !!! [CE] :: Unknown value: 'Tier8'.
11:15:30.781 !!! [CE] :: Unknown value: 'Tier9'.
11:15:30.781 !!! [CE] :: Unknown value: 'Tier7'.
11:15:30.781 !!! [CE] :: Unknown value: 'Tier8'.
11:15:30.781 !!! [CE] :: Unknown value: 'Tier9'.
11:15:30.781 !!! [CE] :: Unknown value: 'Tier7'.
11:15:30.781 !!! [CE] :: Unknown value: 'Tier8'.
11:15:30.781 !!! [CE] :: Unknown value: 'Tier9'.
11:15:30.781 !!! [CE] :: Unknown value: 'Tier7'.
11:15:30.781 !!! [CE] :: Unknown value: 'Tier8'.
11:15:30.781 !!! [CE] :: Unknown value: 'Tier9'.
11:15:30.781 !!! [CE] :: Unknown value: 'Tier7'.
11:15:30.781 !!! [CE] :: Unknown value: 'Tier8'.
11:15:30.781 !!! [CE] :: Unknown value: 'Tier9'.
11:15:30.781 !!! [CE] :: Unknown value: 'Tier7'.
11:15:30.781 !!! [CE] :: Unknown value: 'Tier8'.
11:15:30.781 !!! [CE] :: Unknown value: 'Tier9'.
11:15:30.781 !!! [CE] :: Unknown value: 'Tier7'.
11:15:30.781 !!! [CE] :: Unknown value: 'Tier8'.
11:15:30.781 !!! [CE] :: Unknown value: 'Tier9'.
11:15:30.781 !!! [CE] :: Unknown value: 'Tier7'.
11:15:30.781 !!! [CE] :: Unknown value: 'Tier8'.
11:15:30.781 !!! [CE] :: Unknown value: 'Tier9'.
11:15:30.781 !!! [CE] :: Unknown value: 'Tier7'.
11:15:30.781 !!! [CE] :: Unknown value: 'Tier8'.
11:15:30.781 !!! [CE] :: Unknown value: 'Tier9'.
11:15:30.781 !!! [CE] :: Unknown value: 'Tier7'.
11:15:30.781 !!! [CE] :: Unknown value: 'Tier8'.
11:15:30.781 !!! [CE] :: Unknown value: 'Tier9'.
11:15:30.781 !!! [CE] :: Unknown value: 'Tier7'.
11:15:30.781 !!! [CE] :: Unknown value: 'Tier8'.
11:15:30.781 !!! [CE] :: Unknown value: 'Tier9'.
11:15:30.781 !!! [CE] :: Unknown value: 'Tier7'.
11:15:30.781 !!! [CE] :: Unknown value: 'Tier8'.
11:15:30.781 !!! [CE] :: Unknown value: 'Tier9'.
11:15:30.781 !!! [CE] :: Unknown value: 'Tier7'.
11:15:30.781 !!! [CE] :: Unknown value: 'Tier8'.
11:15:30.781 !!! [CE] :: Unknown value: 'Tier9'.
11:15:30.781 !!! [CE] :: Unknown value: 'Tier7'.
11:15:30.781 !!! [CE] :: Unknown value: 'Tier8'.
11:15:30.781 !!! [CE] :: Unknown value: 'Tier9'.
11:15:30.781 !!! [CE] :: Unknown value: 'Tier7'.
11:15:30.781 !!! [CE] :: Unknown value: 'Tier8'.
11:15:30.781 !!! [CE] :: Unknown value: 'Tier9'.
11:15:30.781 !!! [CE] :: Unknown value: 'Tier7'.
11:15:30.781 !!! [CE] :: Unknown value: 'Tier8'.
11:15:30.781 !!! [CE] :: Unknown value: 'Tier9'.
11:15:30.781 !!! [CE] :: Unknown value: 'Tier7'.
11:15:30.781 !!! [CE] :: Unknown value: 'Tier8'.
11:15:30.781 !!! [CE] :: Unknown value: 'Tier9'.
11:15:30.781 !!! [CE] :: Unknown value: 'Tier7'.
11:15:30.781 !!! [CE] :: Unknown value: 'Tier8'.
11:15:30.781 !!! [CE] :: Unknown value: 'Tier9'.
11:15:30.781 !!! [CE] :: Unknown value: 'Tier7'.
11:15:30.781 !!! [CE] :: Unknown value: 'Tier8'.
11:15:30.781 !!! [CE] :: Unknown value: 'Tier9'.
11:15:30.781 !!! [CE] :: Unknown value: 'Tier7'.
11:15:30.781 !!! [CE] :: Unknown value: 'Tier8'.
11:15:30.781 !!! [CE] :: Unknown value: 'Tier9'.
11:15:30.781 !!! [CE] :: Unknown value: 'Tier7'.
11:15:30.781 !!! [CE] :: Unknown value: 'Tier8'.
11:15:30.781 !!! [CE] :: Unknown value: 'Tier9'.
11:15:30.781 !!! [CE] :: Unknown value: 'Tier7'.
11:15:30.781 !!! [CE] :: Unknown value: 'Tier8'.
11:15:30.781 !!! [CE] :: Unknown value: 'Tier9'.
11:15:30.781 !!! [CE] :: Unknown value: 'Tier7'.
11:15:30.781 !!! [CE] :: Unknown value: 'Tier8'.
11:15:30.781 !!! [CE] :: Unknown value: 'Tier9'.
11:15:30.781 !!! [CE] :: Unknown value: 'Tier7'.
11:15:30.781 !!! [CE] :: Unknown value: 'Tier8'.
11:15:30.781 !!! [CE] :: Unknown value: 'Tier9'.
11:15:30.781 !!! [CE] :: Unknown value: 'Tier7'.
11:15:30.781 !!! [CE] :: Unknown value: 'Tier8'.
11:15:30.781 !!! [CE] :: Unknown value: 'Tier9'.
11:15:30.781 !!! [CE] :: Unknown value: 'Tier7'.
11:15:30.781 !!! [CE] :: Unknown value: 'Tier8'.
11:15:30.781 !!! [CE] :: Unknown value: 'Tier9'.
11:15:30.781 !!! [CE] :: Unknown value: 'Tier7'.
11:15:30.781 !!! [CE] :: Unknown value: 'Tier8'.
11:15:30.781 !!! [CE] :: Unknown value: 'Tier9'.
11:15:30.781 !!! [CE] :: Unknown value: 'Tier7'.
11:15:30.781 !!! [CE] :: Unknown value: 'Tier8'.
11:15:30.781 !!! [CE] :: Unknown value: 'Tier9'.
11:15:30.781 !!! [CE] :: Unknown value: 'Tier7'.
11:15:30.781 !!! [CE] :: Unknown value: 'Tier8'.
11:15:30.781 !!! [CE] :: Unknown value: 'Tier9'.
11:15:30.781 !!! [CE] :: Unknown value: 'Tier7'.
11:15:30.781 !!! [CE] :: Unknown value: 'Tier8'.
11:15:30.781 !!! [CE] :: Unknown value: 'Tier9'.
11:15:30.781 !!! [CE] :: Unknown value: 'Tier7'.
11:15:30.781 !!! [CE] :: Unknown value: 'Tier8'.
11:15:30.781 !!! [CE] :: Unknown value: 'Tier9'.
11:15:30.781 !!! [CE] :: Unknown value: 'Tier7'.
11:15:30.781 !!! [CE] :: Unknown value: 'Tier8'.
11:15:30.781 !!! [CE] :: Unknown value: 'Tier9'.
11:15:30.781 !!! [CE] :: Unknown value: 'Tier7'.
11:15:30.781 !!! [CE] :: Unknown value: 'Tier8'.
11:15:30.781 !!! [CE] :: Unknown value: 'Tier9'.
11:15:30.781 !!! [CE] :: Unknown value: 'Tier7'.
11:15:30.781 !!! [CE] :: Unknown value: 'Tier8'.
11:15:30.781 !!! [CE] :: Unknown value: 'Tier9'.
11:15:30.781 !!! [CE] :: Unknown value: 'Tier7'.
11:15:30.781 !!! [CE] :: Unknown value: 'Tier8'.
11:15:30.781 !!! [CE] :: Unknown value: 'Tier9'.
11:15:30.781 !!! [CE] :: Unknown value: 'Tier7'.
11:15:30.781 !!! [CE] :: Unknown value: 'Tier8'.
11:15:30.781 !!! [CE] :: Unknown value: 'Tier9'.
11:15:30.781 !!! [CE] :: Unknown value: 'Tier7'.
11:15:30.781 !!! [CE] :: Unknown value: 'Tier8'.
11:15:30.781 !!! [CE] :: Unknown value: 'Tier9'.
11:15:30.781 !!! [CE] :: Unknown value: 'Tier7'.
11:15:30.781 !!! [CE] :: Unknown value: 'Tier8'.
11:15:30.781 !!! [CE] :: Unknown value: 'Tier9'.
11:15:30.781 !!! [CE] :: Unknown value: 'Tier7'.
11:15:30.781 !!! [CE] :: Unknown value: 'Tier8'.
11:15:30.781 !!! [CE] :: Unknown value: 'Tier9'.
11:15:30.781 !!! [CE] :: Unknown value: 'Tier7'.
11:15:30.781 !!! [CE] :: Unknown value: 'Tier8'.
11:15:30.781 !!! [CE] :: Unknown value: 'Tier9'.
11:15:30.781 !!! [CE] :: Unknown value: 'Tier7'.
11:15:30.781 !!! [CE] :: Unknown value: 'Tier8'.
11:15:30.781 !!! [CE] :: Unknown value: 'Tier9'.
11:15:30.781 !!! [CE] :: Unknown value: 'Tier7'.
11:15:30.781 !!! [CE] :: Unknown value: 'Tier8'.
11:15:30.781 !!! [CE] :: Unknown value: 'Tier9'.
11:15:30.781 !!! [CE] :: Unknown value: 'Tier7'.
11:15:30.781 !!! [CE] :: Unknown value: 'Tier8'.
11:15:30.781 !!! [CE] :: Unknown value: 'Tier9'.
11:15:30.781 !!! [CE] :: Unknown value: 'Tier7'.
11:15:30.781 !!! [CE] :: Unknown value: 'Tier8'.
11:15:30.781 !!! [CE] :: Unknown value: 'Tier9'.
11:15:30.781 !!! [CE] :: Unknown value: 'Tier7'.
11:15:30.781 !!! [CE] :: Unknown value: 'Tier8'.
11:15:30.781 !!! [CE] :: Unknown value: 'Tier9'.
11:15:30.781 !!! [CE] :: Unknown value: 'Tier7'.
11:15:30.781 !!! [CE] :: Unknown value: 'Tier8'.
11:15:30.781 !!! [CE] :: Unknown value: 'Tier9'.
11:15:30.781 !!! [CE] :: Unknown value: 'Tier7'.
11:15:30.781 !!! [CE] :: Unknown value: 'Tier8'.
11:15:30.781 !!! [CE] :: Unknown value: 'Tier9'.
11:15:30.781 !!! [CE] :: Unknown value: 'Tier7'.
11:15:30.781 !!! [CE] :: Unknown value: 'Tier8'.
11:15:30.781 !!! [CE] :: Unknown value: 'Tier9'.
11:15:30.781 !!! [CE] :: Unknown value: 'Tier7'.
11:15:30.781 !!! [CE] :: Unknown value: 'Tier8'.
11:15:30.781 !!! [CE] :: Unknown value: 'Tier9'.
11:15:30.781 !!! [CE] :: Unknown value: 'Tier7'.
11:15:30.781 !!! [CE] :: Unknown value: 'Tier8'.
11:15:30.781 !!! [CE] :: Unknown value: 'Tier9'.
11:15:30.781 !!! [CE] :: Unknown value: 'Tier7'.
11:15:30.781 !!! [CE] :: Unknown value: 'Tier8'.
11:15:30.781 !!! [CE] :: Unknown value: 'Tier9'.
11:15:30.781 !!! [CE] :: Unknown value: 'Tier7'.
11:15:30.781 !!! [CE] :: Unknown value: 'Tier8'.
11:15:30.781 !!! [CE] :: Unknown value: 'Tier9'.
11:15:30.781 !!! [CE] :: Unknown value: 'Tier7'.
11:15:30.781 !!! [CE] :: Unknown value: 'Tier8'.
11:15:30.781 !!! [CE] :: Unknown value: 'Tier9'.
11:15:30.781 !!! [CE] :: Unknown value: 'Tier7'.
11:15:30.781 !!! [CE] :: Unknown value: 'Tier8'.
11:15:30.781 !!! [CE] :: Unknown value: 'Tier9'.
11:15:30.781 !!! [CE] :: Unknown value: 'Tier7'.
11:15:30.781 !!! [CE] :: Unknown value: 'Tier8'.
11:15:30.781 !!! [CE] :: Unknown value: 'Tier9'.
11:15:30.781 !!! [CE] :: Unknown value: 'Tier7'.
11:15:30.781 !!! [CE] :: Unknown value: 'Tier8'.
11:15:30.781 !!! [CE] :: Unknown value: 'Tier9'.
11:15:30.781 !!! [CE] :: Unknown value: 'Tier7'.
11:15:30.781 !!! [CE] :: Unknown value: 'Tier8'.
11:15:30.781 !!! [CE] :: Unknown value: 'Tier9'.
11:15:30.781 !!! [CE] :: Unknown value: 'Tier7'.
11:15:30.781 !!! [CE] :: Unknown value: 'Tier8'.
11:15:30.781 !!! [CE] :: Unknown value: 'Tier9'.
11:15:30.781 !!! [CE] :: Unknown value: 'Tier7'.
11:15:30.781 !!! [CE] :: Unknown value: 'Tier8'.
11:15:30.781 !!! [CE] :: Unknown value: 'Tier9'.
11:15:30.781 !!! [CE] :: Unknown value: 'Tier7'.
11:15:30.781 !!! [CE] :: Unknown value: 'Tier8'.
11:15:30.781 !!! [CE] :: Unknown value: 'Tier9'.
11:15:30.781 !!! [CE] :: Unknown value: 'Tier7'.
11:15:30.781 !!! [CE] :: Unknown value: 'Tier8'.
11:15:30.781 !!! [CE] :: Unknown value: 'Tier9'.
11:15:30.781 !!! [CE] :: Unknown value: 'Tier7'.
11:15:30.781 !!! [CE] :: Unknown value: 'Tier8'.
11:15:30.781 !!! [CE] :: Unknown value: 'Tier9'.
11:15:30.781 !!! [CE] :: Unknown value: 'Tier7'.
11:15:30.781 !!! [CE] :: Unknown value: 'Tier8'.
11:15:30.781 !!! [CE] :: Unknown value: 'Tier9'.
11:15:30.781 !!! [CE] :: Unknown value: 'Tier7'.
11:15:30.781 !!! [CE] :: Unknown value: 'Tier8'.
11:15:30.781 !!! [CE] :: Unknown value: 'Tier9'.
11:15:30.781 !!! [CE] :: Unknown value: 'Tier7'.
11:15:30.781 !!! [CE] :: Unknown value: 'Tier8'.
11:15:30.781 !!! [CE] :: Unknown value: 'Tier9'.
11:15:30.781 !!! [CE] :: Unknown value: 'Tier7'.
11:15:30.781 !!! [CE] :: Unknown value: 'Tier8'.
11:15:30.781 !!! [CE] :: Unknown value: 'Tier9'.
11:15:30.781 !!! [CE] :: Unknown value: 'Tier7'.
11:15:30.781 !!! [CE] :: Unknown value: 'Tier8'.
11:15:30.781 !!! [CE] :: Unknown value: 'Tier9'.
11:15:30.781 !!! [CE] :: Unknown value: 'Tier7'.
11:15:30.781 !!! [CE] :: Unknown value: 'Tier8'.
11:15:30.781 !!! [CE] :: Unknown value: 'Tier9'.
11:15:30.781 !!! [CE] :: Unknown value: 'Tier7'.
11:15:30.781 !!! [CE] :: Unknown value: 'Tier8'.
11:15:30.781 !!! [CE] :: Unknown value: 'Tier9'.
11:15:30.781 !!! [CE] :: Unknown value: 'Tier7'.
11:15:30.781 !!! [CE] :: Unknown value: 'Tier8'.
11:15:30.781 !!! [CE] :: Unknown value: 'Tier9'.
11:15:30.781 !!! [CE] :: Unknown value: 'Tier7'.
11:15:30.781 !!! [CE] :: Unknown value: 'Tier8'.
11:15:30.781 !!! [CE] :: Unknown value: 'Tier9'.
11:15:30.781 !!! [CE] :: Unknown value: 'Tier7'.
11:15:30.781 !!! [CE] :: Unknown value: 'Tier8'.
11:15:30.781 !!! [CE] :: Unknown value: 'Tier9'.
11:15:30.781 !!! [CE] :: Unknown value: 'Tier7'.
11:15:30.781 !!! [CE] :: Unknown value: 'Tier8'.
11:15:30.781 !!! [CE] :: Unknown value: 'Tier9'.
11:15:30.781 !!! [CE] :: Unknown value: 'Tier7'.
11:15:30.781 !!! [CE] :: Unknown value: 'Tier8'.
11:15:30.781 !!! [CE] :: Unknown value: 'Tier9'.
11:15:30.781 !!! [CE] :: Unknown value: 'Tier7'.
11:15:30.781 !!! [CE] :: Unknown value: 'Tier8'.
11:15:30.781 !!! [CE] :: Unknown value: 'Tier9'.
11:15:30.781 !!! [CE] :: Unknown value: 'Tier7'.
11:15:30.781 !!! [CE] :: Unknown value: 'Tier8'.
11:15:30.781 !!! [CE] :: Unknown value: 'Tier9'.
11:15:30.781 !!! [CE] :: Unknown value: 'Tier7'.
11:15:30.781 !!! [CE] :: Unknown value: 'Tier8'.
11:15:30.781 !!! [CE] :: Unknown value: 'Tier9'.
11:15:30.781 !!! [CE] :: Unknown value: 'Tier7'.
11:15:30.781 !!! [CE] :: Unknown value: 'Tier8'.
11:15:30.781 !!! [CE] :: Unknown value: 'Tier9'.
11:15:30.781 !!! [CE] :: Unknown value: 'Tier7'.
11:15:30.781 !!! [CE] :: Unknown value: 'Tier8'.
11:15:30.781 !!! [CE] :: Unknown value: 'Tier9'.
11:15:30.781 !!! [CE] :: Unknown value: 'Tier7'.
11:15:30.781 !!! [CE] :: Unknown value: 'Tier8'.
11:15:30.781 !!! [CE] :: Unknown value: 'Tier9'.
11:15:30.781 !!! [CE] :: Unknown value: 'Tier7'.
11:15:30.781 !!! [CE] :: Unknown value: 'Tier8'.
11:15:30.781 !!! [CE] :: Unknown value: 'Tier9'.
11:15:30.781 !!! [CE] :: Unknown value: 'Tier7'.
11:15:30.781 !!! [CE] :: Unknown value: 'Tier8'.
11:15:30.781 !!! [CE] :: Unknown value: 'Tier9'.
11:15:30.781 !!! [CE] :: Unknown value: 'Tier7'.
11:15:30.781 !!! [CE] :: Unknown value: 'Tier8'.
11:15:30.781 !!! [CE] :: Unknown value: 'Tier9'.
11:15:30.781 !!! [CE] :: Unknown value: 'Tier7'.
11:15:30.781 !!! [CE] :: Unknown value: 'Tier8'.
11:15:30.781 !!! [CE] :: Unknown value: 'Tier9'.
11:15:30.781 !!! [CE] :: Unknown value: 'Tier7'.
11:15:30.781 !!! [CE] :: Unknown value: 'Tier8'.
11:15:30.781 !!! [CE] :: Unknown value: 'Tier9'.
11:15:30.781 !!! [CE] :: Unknown value: 'Tier7'.
11:15:30.781 !!! [CE] :: Unknown value: 'Tier8'.
11:15:30.781 !!! [CE] :: Unknown value: 'Tier9'.
11:15:30.781 !!! [CE] :: Unknown value: 'Tier7'.
11:15:30.781 !!! [CE] :: Unknown value: 'Tier8'.
11:15:30.781 !!! [CE] :: Unknown value: 'Tier9'.
11:15:30.781 !!! [CE] :: Unknown value: 'Tier7'.
11:15:30.781 !!! [CE] :: Unknown value: 'Tier8'.
11:15:30.781 !!! [CE] :: Unknown value: 'Tier9'.
11:15:30.781 !!! [CE] :: Unknown value: 'Tier7'.
11:15:30.781 !!! [CE] :: Unknown value: 'Tier8'.
11:15:30.781 !!! [CE] :: Unknown value: 'Tier9'.
11:15:30.781 !!! [CE] :: Unknown value: 'Tier7'.
11:15:30.781 !!! [CE] :: Unknown value: 'Tier8'.
11:15:30.782 !!! [CE] :: Unknown value: 'Tier9'.
11:15:30.782 !!! [CE] :: Unknown value: 'Tier7'.
11:15:30.782 !!! [CE] :: Unknown value: 'Tier8'.
11:15:30.782 !!! [CE] :: Unknown value: 'Tier9'.
11:15:30.782 !!! [CE] :: Unknown value: 'Tier7'.
11:15:30.782 !!! [CE] :: Unknown value: 'Tier8'.
11:15:30.782 !!! [CE] :: Unknown value: 'Tier9'.
11:15:30.782 !!! [CE] :: Unknown value: 'Tier7'.
11:15:30.782 !!! [CE] :: Unknown value: 'Tier8'.
11:15:30.782 !!! [CE] :: Unknown value: 'Tier9'.
11:15:30.782 !!! [CE] :: Unknown value: 'Tier7'.
11:15:30.782 !!! [CE] :: Unknown value: 'Tier8'.
11:15:30.782 !!! [CE] :: Unknown value: 'Tier9'.
11:15:30.782 !!! [CE] :: Unknown value: 'Tier7'.
11:15:30.782 !!! [CE] :: Unknown value: 'Tier8'.
11:15:30.782 !!! [CE] :: Unknown value: 'Tier9'.
11:15:30.782 !!! [CE] :: Unknown value: 'Tier7'.
11:15:30.782 !!! [CE] :: Unknown value: 'Tier8'.
11:15:30.782 !!! [CE] :: Unknown value: 'Tier9'.
11:15:30.782 !!! [CE] :: Unknown value: 'Tier7'.
11:15:30.782 !!! [CE] :: Unknown value: 'Tier8'.
11:15:30.782 !!! [CE] :: Unknown value: 'Tier9'.
11:15:30.782 !!! [CE] :: Unknown value: 'Tier7'.
11:15:30.782 !!! [CE] :: Unknown value: 'Tier8'.
11:15:30.782 !!! [CE] :: Unknown value: 'Tier9'.
11:15:30.782 !!! [CE] :: Unknown value: 'Tier7'.
11:15:30.782 !!! [CE] :: Unknown value: 'Tier8'.
11:15:30.782 !!! [CE] :: Unknown value: 'Tier9'.
11:15:30.782 !!! [CE] :: Unknown value: 'Tier7'.
11:15:30.782 !!! [CE] :: Unknown value: 'Tier8'.
11:15:30.782 !!! [CE] :: Unknown value: 'Tier9'.
11:15:30.782 !!! [CE] :: Unknown value: 'Tier7'.
11:15:30.782 !!! [CE] :: Unknown value: 'Tier8'.
11:15:30.782 !!! [CE] :: Unknown value: 'Tier9'.
11:15:30.782 !!! [CE] :: Unknown value: 'Tier7'.
11:15:30.782 !!! [CE] :: Unknown value: 'Tier8'.
11:15:30.782 !!! [CE] :: Unknown value: 'Tier9'.
11:15:30.782 !!! [CE] :: Unknown value: 'Tier7'.
11:15:30.782 !!! [CE] :: Unknown value: 'Tier8'.
11:15:30.782 !!! [CE] :: Unknown value: 'Tier9'.
11:15:30.782 !!! [CE] :: Unknown value: 'Tier7'.
11:15:30.782 !!! [CE] :: Unknown value: 'Tier8'.
11:15:30.782 !!! [CE] :: Unknown value: 'Tier9'.
11:15:30.782 !!! [CE] :: Unknown value: 'Tier7'.
11:15:30.782 !!! [CE] :: Unknown value: 'Tier8'.
11:15:30.782 !!! [CE] :: Unknown value: 'Tier9'.
11:15:30.782 !!! [CE] :: Unknown value: 'Tier7'.
11:15:30.782 !!! [CE] :: Unknown value: 'Tier8'.
11:15:30.782 !!! [CE] :: Unknown value: 'Tier9'.
11:15:30.782 !!! [CE] :: Unknown value: 'Tier7'.
11:15:30.782 !!! [CE] :: Unknown value: 'Tier8'.
11:15:30.782 !!! [CE] :: Unknown value: 'Tier9'.
11:15:30.782 !!! [CE] :: Unknown value: 'Tier7'.
11:15:30.782 !!! [CE] :: Unknown value: 'Tier8'.
11:15:30.782 !!! [CE] :: Unknown value: 'Tier9'.
11:15:30.782 !!! [CE] :: Unknown value: 'Tier7'.
11:15:30.782 !!! [CE] :: Unknown value: 'Tier8'.
11:15:30.782 !!! [CE] :: Unknown value: 'Tier9'.
11:15:30.782 !!! [CE] :: Unknown value: 'Tier7'.
11:15:30.782 !!! [CE] :: Unknown value: 'Tier8'.
11:15:30.782 !!! [CE] :: Unknown value: 'Tier9'.
11:15:30.782 !!! [CE] :: Unknown value: 'Tier7'.
11:15:30.782 !!! [CE] :: Unknown value: 'Tier8'.
11:15:30.782 !!! [CE] :: Unknown value: 'Tier9'.
11:15:30.782 !!! [CE] :: Unknown value: 'Tier7'.
11:15:30.782 !!! [CE] :: Unknown value: 'Tier8'.
11:15:30.782 !!! [CE] :: Unknown value: 'Tier9'.
11:15:30.782 !!! [CE] :: Unknown value: 'Tier7'.
11:15:30.782 !!! [CE] :: Unknown value: 'Tier8'.
11:15:30.782 !!! [CE] :: Unknown value: 'Tier9'.
11:15:30.782 !!! [CE] :: Unknown value: 'Tier7'.
11:15:30.782 !!! [CE] :: Unknown value: 'Tier8'.
11:15:30.782 !!! [CE] :: Unknown value: 'Tier9'.
11:15:30.782 !!! [CE] :: Unknown value: 'Tier7'.
11:15:30.782 !!! [CE] :: Unknown value: 'Tier8'.
11:15:30.782 !!! [CE] :: Unknown value: 'Tier9'.
11:15:30.782 !!! [CE] :: Unknown value: 'Tier7'.
11:15:30.782 !!! [CE] :: Unknown value: 'Tier8'.
11:15:30.782 !!! [CE] :: Unknown value: 'Tier9'.
11:15:30.782 !!! [CE] :: Unknown value: 'Tier7'.
11:15:30.782 !!! [CE] :: Unknown value: 'Tier8'.
11:15:30.782 !!! [CE] :: Unknown value: 'Tier9'.
11:15:30.782 !!! [CE] :: Unknown value: 'Tier7'.
11:15:30.782 !!! [CE] :: Unknown value: 'Tier8'.
11:15:30.782 !!! [CE] :: Unknown value: 'Tier9'.
11:15:30.782 !!! [CE] :: Unknown value: 'Tier7'.
11:15:30.782 !!! [CE] :: Unknown value: 'Tier8'.
11:15:30.782 !!! [CE] :: Unknown value: 'Tier9'.
11:15:30.782 !!! [CE] :: Unknown value: 'Tier7'.
11:15:30.782 !!! [CE] :: Unknown value: 'Tier8'.
11:15:30.782 !!! [CE] :: Unknown value: 'Tier9'.
11:15:30.782 !!! [CE] :: Unknown value: 'Tier7'.
11:15:30.782 !!! [CE] :: Unknown value: 'Tier8'.
11:15:30.782 !!! [CE] :: Unknown value: 'Tier9'.
11:15:30.782 !!! [CE] :: Unknown value: 'Tier7'.
11:15:30.782 !!! [CE] :: Unknown value: 'Tier8'.
11:15:30.782 !!! [CE] :: Unknown value: 'Tier9'.
11:15:30.782 !!! [CE] :: Unknown value: 'Tier7'.
11:15:30.782 !!! [CE] :: Unknown value: 'Tier8'.
11:15:30.782 !!! [CE] :: Unknown value: 'Tier9'.
11:15:30.782 !!! [CE] :: Unknown value: 'Tier7'.
11:15:30.782 !!! [CE] :: Unknown value: 'Tier8'.
11:15:30.782 !!! [CE] :: Unknown value: 'Tier9'.
11:15:30.782 !!! [CE] :: Unknown value: 'Tier7'.
11:15:30.782 !!! [CE] :: Unknown value: 'Tier8'.
11:15:30.782 !!! [CE] :: Unknown value: 'Tier9'.
11:15:30.782 !!! [CE] :: Unknown value: 'Tier7'.
11:15:30.782 !!! [CE] :: Unknown value: 'Tier8'.
11:15:30.782 !!! [CE] :: Unknown value: 'Tier9'.
11:15:30.782 !!! [CE] :: Unknown value: 'Tier7'.
11:15:30.782 !!! [CE] :: Unknown value: 'Tier8'.
11:15:30.782 !!! [CE] :: Unknown value: 'Tier9'.
11:15:30.782 !!! [CE] :: Unknown value: 'Tier7'.
11:15:30.782 !!! [CE] :: Unknown value: 'Tier8'.
11:15:30.782 !!! [CE] :: Unknown value: 'Tier9'.
11:15:30.782 !!! [CE] :: Unknown value: 'Tier7'.
11:15:30.782 !!! [CE] :: Unknown value: 'Tier8'.
11:15:30.782 !!! [CE] :: Unknown value: 'Tier9'.
11:15:30.782 !!! [CE] :: Unknown value: 'Tier7'.
11:15:30.782 !!! [CE] :: Unknown value: 'Tier8'.
11:15:30.782 !!! [CE] :: Unknown value: 'Tier9'.
11:15:30.782 !!! [CE] :: Unknown value: 'Tier7'.
11:15:30.782 !!! [CE] :: Unknown value: 'Tier8'.
11:15:30.782 !!! [CE] :: Unknown value: 'Tier9'.
11:15:30.782 !!! [CE] :: Unknown value: 'Tier7'.
11:15:30.782 !!! [CE] :: Unknown value: 'Tier8'.
11:15:30.782 !!! [CE] :: Unknown value: 'Tier9'.
11:15:30.782 !!! [CE] :: Unknown value: 'Tier7'.
11:15:30.782 !!! [CE] :: Unknown value: 'Tier8'.
11:15:30.782 !!! [CE] :: Unknown value: 'Tier9'.
11:15:30.782 !!! [CE] :: Unknown value: 'Tier7'.
11:15:30.782 !!! [CE] :: Unknown value: 'Tier8'.
11:15:30.782 !!! [CE] :: Unknown value: 'Tier9'.
11:15:30.782 !!! [CE] :: Unknown value: 'Tier7'.
11:15:30.782 !!! [CE] :: Unknown value: 'Tier8'.
11:15:30.782 !!! [CE] :: Unknown value: 'Tier9'.
11:15:30.782 !!! [CE] :: Unknown value: 'Tier7'.
11:15:30.782 !!! [CE] :: Unknown value: 'Tier8'.
11:15:30.782 !!! [CE] :: Unknown value: 'Tier9'.
11:15:30.782 !!! [CE] :: Unknown value: 'Tier7'.
11:15:30.782 !!! [CE] :: Unknown value: 'Tier8'.
11:15:30.782 !!! [CE] :: Unknown value: 'Tier9'.
11:15:30.782 !!! [CE] :: Unknown value: 'Tier7'.
11:15:30.782 !!! [CE] :: Unknown value: 'Tier8'.
11:15:30.782 !!! [CE] :: Unknown value: 'Tier9'.
11:15:30.782 !!! [CE] :: Unknown value: 'Tier7'.
11:15:30.782 !!! [CE] :: Unknown value: 'Tier8'.
11:15:30.782 !!! [CE] :: Unknown value: 'Tier9'.
11:15:30.782 !!! [CE] :: Unknown value: 'Tier7'.
11:15:30.782 !!! [CE] :: Unknown value: 'Tier8'.
11:15:30.782 !!! [CE] :: Unknown value: 'Tier9'.
11:15:30.782 !!! [CE] :: Unknown value: 'Tier7'.
11:15:30.782 !!! [CE] :: Unknown value: 'Tier8'.
11:15:30.782 !!! [CE] :: Unknown value: 'Tier9'.
11:15:30.782 !!! [CE] :: Unknown value: 'Tier7'.
11:15:30.782 !!! [CE] :: Unknown value: 'Tier8'.
11:15:30.782 !!! [CE] :: Unknown value: 'Tier9'.
11:15:30.782 !!! [CE] :: Unknown value: 'Tier7'.
11:15:30.782 !!! [CE] :: Unknown value: 'Tier8'.
11:15:30.782 !!! [CE] :: Unknown value: 'Tier9'.
11:15:30.782 !!! [CE] :: Unknown value: 'Tier7'.
11:15:30.782 !!! [CE] :: Unknown value: 'Tier8'.
11:15:30.782 !!! [CE] :: Unknown value: 'Tier9'.
11:15:30.782 !!! [CE] :: Unknown value: 'Tier7'.
11:15:30.782 !!! [CE] :: Unknown value: 'Tier8'.
11:15:30.782 !!! [CE] :: Unknown value: 'Tier9'.
11:15:30.782 !!! [CE] :: Unknown value: 'Tier7'.
11:15:30.782 !!! [CE] :: Unknown value: 'Tier8'.
11:15:30.782 !!! [CE] :: Unknown value: 'Tier9'.
11:15:30.782 !!! [CE] :: Unknown value: 'Tier7'.
11:15:30.782 !!! [CE] :: Unknown value: 'Tier8'.
11:15:30.782 !!! [CE] :: Unknown value: 'Tier9'.
11:15:30.782 !!! [CE] :: Unknown value: 'Tier7'.
11:15:30.782 !!! [CE] :: Unknown value: 'Tier8'.
11:15:30.782 !!! [CE] :: Unknown value: 'Tier9'.
11:15:30.782 !!! [CE] :: Unknown value: 'Tier7'.
11:15:30.782 !!! [CE] :: Unknown value: 'Tier8'.
11:15:30.782 !!! [CE] :: Unknown value: 'Tier9'.
11:15:30.782 !!! [CE] :: Unknown value: 'Tier7'.
11:15:30.782 !!! [CE] :: Unknown value: 'Tier8'.
11:15:30.782 !!! [CE] :: Unknown value: 'Tier9'.
11:15:30.782 !!! [CE] :: Unknown value: 'Tier7'.
11:15:30.782 !!! [CE] :: Unknown value: 'Tier8'.
11:15:30.782 !!! [CE] :: Unknown value: 'Tier9'.
11:15:30.782 !!! [CE] :: Unknown value: 'Tier7'.
11:15:30.782 !!! [CE] :: Unknown value: 'Tier8'.
11:15:30.782 !!! [CE] :: Unknown value: 'Tier9'.
11:15:30.782 !!! [CE] :: Unknown value: 'Tier7'.
11:15:30.782 !!! [CE] :: Unknown value: 'Tier8'.
11:15:30.782 !!! [CE] :: Unknown value: 'Tier9'.
11:15:30.782 !!! [CE] :: Unknown value: 'Tier7'.
11:15:30.782 !!! [CE] :: Unknown value: 'Tier8'.
11:15:30.782 !!! [CE] :: Unknown value: 'Tier9'.
11:15:30.782 !!! [CE] :: Unknown value: 'Tier7'.
11:15:30.782 !!! [CE] :: Unknown value: 'Tier8'.
11:15:30.782 !!! [CE] :: Unknown value: 'Tier9'.
11:15:30.939 !!! [CE] :: Unknown tag: 'hunting'.
11:15:30.939 !!! [CE] :: Unknown tag: 'farm'.
11:15:30.939 !!! [CE] :: Unknown tag: 'fishing'.
11:15:30.939 !!! [CE] :: Unknown usage: 'Tenement'.
11:15:30.999 !!! [CE][offlineDB] :: Type 'Loftd_hijab' will be ignored. (Type does not exist. (Typo?))
11:15:30.999 !!! [CE][offlineDB] :: Type 'Loftd_hijab_black' will be ignored. (Type does not exist. (Typo?))
11:15:30.999 !!! [CE][offlineDB] :: Type 'Loftd_hijab_bordo' will be ignored. (Type does not exist. (Typo?))
11:15:31.00 !!! [CE][offlineDB] :: Type 'Loftd_hijab_green' will be ignored. (Type does not exist. (Typo?))
11:15:31.00 !!! [CE][offlineDB] :: Type 'Loftd_hijab_home' will be ignored. (Type does not exist. (Typo?))
11:15:31.00 !!! [CE][offlineDB] :: Type 'Loftd_hijab_kletka' will be ignored. (Type does not exist. (Typo?))
11:15:31.00 !!! [CE][offlineDB] :: Type 'Loftd_hijab_red' will be ignored. (Type does not exist. (Typo?))
11:15:31.00 !!! [CE][offlineDB] :: Type 'Loftd_hijab_stars' will be ignored. (Type does not exist. (Typo?))
11:15:31.00 !!! [CE][offlineDB] :: Type 'Loftd_leatherHat' will be ignored. (Type does not exist. (Typo?))
11:15:31.00 !!! [CE][offlineDB] :: Type 'Loftd_TiiliaksienHat' will be ignored. (Type does not exist. (Typo?))
11:15:31.00 !!! [CE][offlineDB] :: Type 'Loftd_TropicalBag' will be ignored. (Type does not exist. (Typo?))
11:15:31.00 !!! [CE][offlineDB] :: Type 'Loftd_campingbackpack' will be ignored. (Type does not exist. (Typo?))
11:15:31.00 !!! [CE][offlineDB] :: Type 'Loftd_campingbackpack_green' will be ignored. (Type does not exist. (Typo?))
11:15:31.00 !!! [CE][offlineDB] :: Type 'Loftd_oldbackpack' will be ignored. (Type does not exist. (Typo?))
11:15:31.01 !!! [CE][offlineDB] :: Type 'Loftd_uniform_gloves' will be ignored. (Type does not exist. (Typo?))
11:15:31.01 !!! [CE][offlineDB] :: Type 'Loftd_uniform_gloves_GR' will be ignored. (Type does not exist. (Typo?))
11:15:31.01 !!! [CE][offlineDB] :: Type 'Loftd_uniform_gloves_WR' will be ignored. (Type does not exist. (Typo?))
11:15:31.01 !!! [CE][offlineDB] :: Type 'Loftd_ghostmask' will be ignored. (Type does not exist. (Typo?))
11:15:31.01 !!! [CE][offlineDB] :: Type 'Loftd_ghostpants' will be ignored. (Type does not exist. (Typo?))
11:15:31.01 !!! [CE][offlineDB] :: Type 'Loftd_ghostpants_city' will be ignored. (Type does not exist. (Typo?))
11:15:31.01 !!! [CE][offlineDB] :: Type 'Loftd_uniform_pants' will be ignored. (Type does not exist. (Typo?))
11:15:31.02 !!! [CE][offlineDB] :: Type 'Loftd_uniform_pants_GR' will be ignored. (Type does not exist. (Typo?))
11:15:31.02 !!! [CE][offlineDB] :: Type 'Loftd_uniform_pants_WR' will be ignored. (Type does not exist. (Typo?))
11:15:31.02 !!! [CE][offlineDB] :: Type 'Loftd_pantalonvaron_ver1' will be ignored. (Type does not exist. (Typo?))
11:15:31.02 !!! [CE][offlineDB] :: Type 'Loftd_pantalonvaron_ver2' will be ignored. (Type does not exist. (Typo?))
11:15:31.03 !!! [CE][offlineDB] :: Type 'Loftd_pantalonvaron_ver3' will be ignored. (Type does not exist. (Typo?))
11:15:31.03 !!! [CE][offlineDB] :: Type 'Loftd_uniform_boots' will be ignored. (Type does not exist. (Typo?))
11:15:31.03 !!! [CE][offlineDB] :: Type 'Loftd_uniform_boots_GR' will be ignored. (Type does not exist. (Typo?))
11:15:31.03 !!! [CE][offlineDB] :: Type 'Loftd_uniform_boots_WR' will be ignored. (Type does not exist. (Typo?))
11:15:31.03 !!! [CE][offlineDB] :: Type 'Loftd_crosslander_blu' will be ignored. (Type does not exist. (Typo?))
11:15:31.03 !!! [CE][offlineDB] :: Type 'Loftd_crosslander_green' will be ignored. (Type does not exist. (Typo?))
11:15:31.03 !!! [CE][offlineDB] :: Type 'Loftd_crosslander_red' will be ignored. (Type does not exist. (Typo?))
11:15:31.03 !!! [CE][offlineDB] :: Type 'Loftd_hikingboots_dirty' will be ignored. (Type does not exist. (Typo?))
11:15:31.03 !!! [CE][offlineDB] :: Type 'Loftd_BunnySlippers' will be ignored. (Type does not exist. (Typo?))
11:15:31.04 !!! [CE][offlineDB] :: Type 'Loftd_FuzzySlippers' will be ignored. (Type does not exist. (Typo?))
11:15:31.04 !!! [CE][offlineDB] :: Type 'Loftd_houseslippers' will be ignored. (Type does not exist. (Typo?))
11:15:31.04 !!! [CE][offlineDB] :: Type 'Loftd_NifflerSlippers' will be ignored. (Type does not exist. (Typo?))
11:15:31.04 !!! [CE][offlineDB] :: Type 'Loftd_PigSlipper' will be ignored. (Type does not exist. (Typo?))
11:15:31.04 !!! [CE][offlineDB] :: Type 'Loftd_leatherboots_dirty' will be ignored. (Type does not exist. (Typo?))
11:15:31.04 !!! [CE][offlineDB] :: Type 'Loftd_ghostjacket' will be ignored. (Type does not exist. (Typo?))
11:15:31.04 !!! [CE][offlineDB] :: Type 'Loftd_ghostjacket_city' will be ignored. (Type does not exist. (Typo?))
11:15:31.04 !!! [CE][offlineDB] :: Type 'Loftd_uniform_jacket' will be ignored. (Type does not exist. (Typo?))
11:15:31.04 !!! [CE][offlineDB] :: Type 'Loftd_uniform_jacket_GR' will be ignored. (Type does not exist. (Typo?))
11:15:31.04 !!! [CE][offlineDB] :: Type 'Loftd_uniform_jacket_WR' will be ignored. (Type does not exist. (Typo?))
11:15:31.04 !!! [CE][offlineDB] :: Type 'Loftd_Mjjacket_red' will be ignored. (Type does not exist. (Typo?))
11:15:31.04 !!! [CE][offlineDB] :: Type 'Loftd_Mjjacket_black' will be ignored. (Type does not exist. (Typo?))
11:15:31.04 !!! [CE][offlineDB] :: Type 'Loftd_Wrfemalejacket' will be ignored. (Type does not exist. (Typo?))
11:15:31.04 !!! [CE][offlineDB] :: Type 'Loftd_huntercoat_camo' will be ignored. (Type does not exist. (Typo?))
11:15:31.04 !!! [CE][offlineDB] :: Type 'Loftd_huntercoat_dubok' will be ignored. (Type does not exist. (Typo?))
11:15:31.04 !!! [CE][offlineDB] :: Type 'Loftd_huntercoat_flora' will be ignored. (Type does not exist. (Typo?))
11:15:31.04 !!! [CE][offlineDB] :: Type 'Loftd_ghostvest' will be ignored. (Type does not exist. (Typo?))
11:15:31.04 !!! [CE][offlineDB] :: Type 'Loftd_ghostvest_city' will be ignored. (Type does not exist. (Typo?))
11:15:31.05 !!! [CE][offlineDB] :: Type 'Loftd_knifeholster' will be ignored. (Not spawnable. (Scope is not public?))
11:15:31.05 !!! [CE][offlineDB] :: Type 'Loftd_tropicalbag_pouch' will be ignored. (Type does not exist. (Typo?))
11:15:31.05 !!! [CE][offlineDB] :: Type 'Loftd_tropicalbag_shovelpouch' will be ignored. (Type does not exist. (Typo?))
11:15:31.05 !!! [CE][offlineDB] :: Type 'Loftd_tropicalbag_canteen' will be ignored. (Type does not exist. (Typo?))
11:15:31.05 !!! [CE][offlineDB] :: Type 'Loftd_tropicalbag_spalnikpouch' will be ignored. (Type does not exist. (Typo?))
11:15:31.05 !!! [CE][offlineDB] :: Type 'Loftd_militarybeltCIRAS_black (craft)' will be ignored. (Type does not exist. (Typo?))
11:15:31.05 !!! [CE][offlineDB] :: Type 'Loftd_militarybeltCIRAS_dubok (craft)' will be ignored. (Type does not exist. (Typo?))
11:15:31.05 !!! [CE][offlineDB] :: Type 'Loftd_militarybeltCIRAS_winter (craft)' will be ignored. (Type does not exist. (Typo?))
11:15:31.06 !!! [CE][offlineDB] :: Type 'Loftd_uniform_belt' will be ignored. (Type does not exist. (Typo?))
11:15:31.06 !!! [CE][offlineDB] :: Type 'Loftd_uniform_belt_GR' will be ignored. (Type does not exist. (Typo?))
11:15:31.06 !!! [CE][offlineDB] :: Type 'Loftd_uniform_belt_WR' will be ignored. (Type does not exist. (Typo?))
11:15:31.06 !!! [CE][offlineDB] :: Type 'Loftd_ghostponcho' will be ignored. (Type does not exist. (Typo?))
11:15:31.06 !!! [CE][offlineDB] :: Type 'Loftd_ghostponcho_city' will be ignored. (Type does not exist. (Typo?))
11:15:31.06 !!! [CE][offlineDB] :: Type 'Loftd_fabricscarf ' will be ignored. (Type does not exist. (Typo?))
11:15:31.06 !!! [CE][offlineDB] :: Type 'Loftd_SleepingBagPacked_black' will be ignored. (Type does not exist. (Typo?))
11:15:31.06 !!! [CE][offlineDB] :: Type 'Loftd_SleepingBagPacked_blue' will be ignored. (Type does not exist. (Typo?))
11:15:31.06 !!! [CE][offlineDB] :: Type 'Loftd_SleepingBagPacked_green' will be ignored. (Type does not exist. (Typo?))
11:15:31.06 !!! [CE][offlineDB] :: Type 'Loftd_SleepingBagPacked_red' will be ignored. (Type does not exist. (Typo?))
11:15:31.06 !!! [CE][offlineDB] :: Type 'Loftd_SleepingBag_black' will be ignored. (Type does not exist. (Typo?))
11:15:31.06 !!! [CE][offlineDB] :: Type 'Loftd_SleepingBag_blue' will be ignored. (Type does not exist. (Typo?))
11:15:31.07 !!! [CE][offlineDB] :: Type 'Loftd_SleepingBag_green' will be ignored. (Type does not exist. (Typo?))
11:15:31.07 !!! [CE][offlineDB] :: Type 'Loftd_SleepingBag_red' will be ignored. (Type does not exist. (Typo?))
11:15:31.07 !!! [CE][offlineDB] :: Type 'Ririteo_razor' will be ignored. (Type does not exist. (Typo?))
11:15:31.07 !!! [CE][offlineDB] :: Type 'Loftd_woodenbabycrib' will be ignored. (Type does not exist. (Typo?))
11:15:31.07 !!! [CE][offlineDB] :: Type 'Loftd_totem_lada' will be ignored. (Type does not exist. (Typo?))
11:15:31.07 !!! [CE][offlineDB] :: Type 'Loftd_totem_mara' will be ignored. (Type does not exist. (Typo?))
11:15:31.07 !!! [CE][offlineDB] :: Type 'Loftd_totem_chur' will be ignored. (Type does not exist. (Typo?))
11:15:31.07 !!! [CE][offlineDB] :: Type 'Loftd_totem_kashchei' will be ignored. (Type does not exist. (Typo?))
11:15:31.07 !!! [CE][offlineDB] :: Type 'Loftd_totem_perun' will be ignored. (Type does not exist. (Typo?))
11:15:31.08 !!! [CE][offlineDB] :: Type 'Loftd_totem_rod' will be ignored. (Type does not exist. (Typo?))
11:15:31.08 !!! [CE][offlineDB] :: Type 'Loftd_totem_svarog' will be ignored. (Type does not exist. (Typo?))
11:15:31.08 !!! [CE][offlineDB] :: Type 'Loftd_totem_veles' will be ignored. (Type does not exist. (Typo?))
11:15:31.08 !!! [CE][offlineDB] :: Type 'Loftd_babyBandage' will be ignored. (Type does not exist. (Typo?))
11:15:31.09 !!! [CE][offlineDB] :: Type 'Loftd_baby' will be ignored. (Type does not exist. (Typo?))
11:15:31.09 !!! [CE][offlineDB] :: Type 'Loftd_huggers' will be ignored. (Type does not exist. (Typo?))
11:15:31.17 !!! [CE][offlineDB] :: Type 'SA_Loot_Case' will be ignored. (Not spawnable. (Scope is not public?))
11:15:31.155 !!! [CE][offlineDB] :: Type 'UAZ_3163_MCHS' will be ignored. (Type does not exist. (Typo?))
11:15:31.155 !!! [CE][offlineDB] :: Type 'UAZ_3163_VP' will be ignored. (Type does not exist. (Typo?))
11:15:31.155 !!! [CE][offlineDB] :: Type 'UAZ_3163_emergency_service' will be ignored. (Type does not exist. (Typo?))
11:15:31.155 !!! [CE][offlineDB] :: Type 'opel_blitz' will be ignored. (Type does not exist. (Typo?))
11:15:31.155 !!! [CE][offlineDB] :: Type 'dodge_power_wagonrus_doors_cargo3		' will be ignored. (Type does not exist. (Typo?))
11:15:31.156 !!! [CE][offlineDB] :: Type 'dodge_power_wagonrus_doors_cargo3_yellow		' will be ignored. (Type does not exist. (Typo?))
11:15:31.156 !!! [CE][offlineDB] :: Type 'dodge_power_wagonrus_doors_cargo3_white		' will be ignored. (Type does not exist. (Typo?))
11:15:31.156 !!! [CE][offlineDB] :: Type 'dodge_power_wagonrus_doors_cargo3_black		' will be ignored. (Type does not exist. (Typo?))
11:15:31.156 !!! [CE][offlineDB] :: Type 'dodge_power_wagonrus_doors_cargo3_red		' will be ignored. (Type does not exist. (Typo?))
11:15:31.156 !!! [CE][offlineDB] :: Type 'UAZ_3163_doors_driver_MCHS' will be ignored. (Type does not exist. (Typo?))
11:15:31.156 !!! [CE][offlineDB] :: Type 'UAZ_3163_doors_codriver_MCHS' will be ignored. (Type does not exist. (Typo?))
11:15:31.156 !!! [CE][offlineDB] :: Type 'UAZ_3163_doors_cargo1_MCHS' will be ignored. (Type does not exist. (Typo?))
11:15:31.156 !!! [CE][offlineDB] :: Type 'UAZ_3163_doors_cargo2_MCHS' will be ignored. (Type does not exist. (Typo?))
11:15:31.157 !!! [CE][offlineDB] :: Type 'UAZ_3163_doors_hood_MCHS' will be ignored. (Type does not exist. (Typo?))
11:15:31.157 !!! [CE][offlineDB] :: Type 'UAZ_3163_doors_trunk_MCHS' will be ignored. (Type does not exist. (Typo?))
11:15:31.157 !!! [CE][offlineDB] :: Type 'UAZ_3163_doors_driver_VP' will be ignored. (Type does not exist. (Typo?))
11:15:31.157 !!! [CE][offlineDB] :: Type 'UAZ_3163_doors_codriver_VP' will be ignored. (Type does not exist. (Typo?))
11:15:31.158 !!! [CE][offlineDB] :: Type 'UAZ_3163_doors_cargo1_VP' will be ignored. (Type does not exist. (Typo?))
11:15:31.158 !!! [CE][offlineDB] :: Type 'UAZ_3163_doors_cargo2_VP' will be ignored. (Type does not exist. (Typo?))
11:15:31.158 !!! [CE][offlineDB] :: Type 'UAZ_3163_doors_hood_VP' will be ignored. (Type does not exist. (Typo?))
11:15:31.158 !!! [CE][offlineDB] :: Type 'UAZ_3163_doors_trunk_VP' will be ignored. (Type does not exist. (Typo?))
11:15:31.158 !!! [CE][offlineDB] :: Type 'UAZ_3163_doors_driver_emergency_service' will be ignored. (Type does not exist. (Typo?))
11:15:31.158 !!! [CE][offlineDB] :: Type 'UAZ_3163_doors_codriver_emergency_service' will be ignored. (Type does not exist. (Typo?))
11:15:31.158 !!! [CE][offlineDB] :: Type 'UAZ_3163_doors_cargo1_emergency_service' will be ignored. (Type does not exist. (Typo?))
11:15:31.158 !!! [CE][offlineDB] :: Type 'UAZ_3163_doors_cargo2_emergency_service' will be ignored. (Type does not exist. (Typo?))
11:15:31.158 !!! [CE][offlineDB] :: Type 'UAZ_3163_doors_hood_emergency_service' will be ignored. (Type does not exist. (Typo?))
11:15:31.158 !!! [CE][offlineDB] :: Type 'UAZ_3163_doors_trunk_emergency_service' will be ignored. (Type does not exist. (Typo?))
11:15:31.158 !!! [CE][offlineDB] :: Type 'UAZ_469_milicia_wheel ' will be ignored. (Type does not exist. (Typo?))
11:15:31.159 !!! [CE][offlineDB] :: Type 'UAZ_469_milicia_doors_cargo1	' will be ignored. (Type does not exist. (Typo?))
11:15:31.159 !!! [CE][offlineDB] :: Type 'UAZ_27722_mchs_doors_cargo2_ambulancia' will be ignored. (Type does not exist. (Typo?))
11:15:31.159 !!! [CE][offlineDB] :: Type 'IJ_2125_Kombi_wheel ' will be ignored. (Type does not exist. (Typo?))
11:15:31.211 !!! [CE][offlineDB] :: Type 'RubberBox_380ACP' will be ignored. (Type does not exist. (Typo?))
11:15:31.212 !!! [CE][offlineDB] :: Type 'RubberBox_45ACP' will be ignored. (Type does not exist. (Typo?))
11:15:31.212 !!! [CE][offlineDB] :: Type 'RubberBox_9x19' will be ignored. (Type does not exist. (Typo?))
11:15:31.212 !!! [CE][offlineDB] :: Type 'Ammo_45ACPRubber' will be ignored. (Type does not exist. (Typo?))
11:15:31.212 !!! [CE][offlineDB] :: Type 'Ammo_9x19Rubber' will be ignored. (Type does not exist. (Typo?))
11:15:31.212 !!! [CE][offlineDB] :: Type 'Ammo_380Rubber' will be ignored. (Type does not exist. (Typo?))
11:15:31.212 !!! [CE][offlineDB] :: Type 'ScrapRubber' will be ignored. (Type does not exist. (Typo?))
11:15:31.212 !!! [CE][offlineDB] :: Type 'PressWdie' will be ignored. (Type does not exist. (Typo?))
11:15:31.212 !!! [CE][offlineDB] :: Type 'PressWdieWattachmentplate' will be ignored. (Type does not exist. (Typo?))
11:15:31.212 !!! [CE][offlineDB] :: Type 'Presswdiemechismhandle' will be ignored. (Type does not exist. (Typo?))
11:15:31.212 !!! [CE][offlineDB] :: Type 'PresswithAttachmentplate' will be ignored. (Type does not exist. (Typo?))
11:15:31.212 !!! [CE][offlineDB] :: Type 'PresswithMechanism' will be ignored. (Type does not exist. (Typo?))
11:15:31.212 !!! [CE][offlineDB] :: Type 'PresswithMechanismhandle' will be ignored. (Type does not exist. (Typo?))
11:15:31.212 !!! [CE][offlineDB] :: Type 'CrucibleOreLead' will be ignored. (Type does not exist. (Typo?))
11:15:31.390 [CE][DE][SPAWNS] :: Total positions: 279
11:15:31.390 [CE][DE][GROUPS] :: Total eventgroups defined: 83, Eventgroups in use: 0
11:15:31.416 [CE][Storage] ver:25 stamp:1733, valid:yes, name:"G:\SteamLibrary\steamapps\common\DayZServer\mpmissions\empty.alteria\storage_380881\data\events.bin"
11:15:31.421 [CE][Storage] ver:25 stamp:1732, valid:yes, name:"G:\SteamLibrary\steamapps\common\DayZServer\mpmissions\empty.alteria\storage_380881\data\events.001"
11:15:31.445 [CE][Storage] ver:25 stamp:1730, valid:yes, name:"G:\SteamLibrary\steamapps\common\DayZServer\mpmissions\empty.alteria\storage_380881\data\events.002"
11:15:31.445 [CE][Storage] Restoring file "G:\SteamLibrary\steamapps\common\DayZServer\mpmissions\empty.alteria\storage_380881\data\events.bin".
11:15:31.445 [CE][DynamicEvent] Load  Events:[33] Primary spawners: 33 Secondary spawners: 2
11:15:31.446 [CE][InfectedRespawner] (PRIArmy) :: Zones:0 Respawner Function DISABLED !!!
11:15:31.446 [CE][InfectedRespawner] (PRIArmyHard) :: Status
11:15:31.446   Zones:21, Unpopulated:0
11:15:31.446   SMin:59, SMax:89
11:15:31.446   DMin:90, DMax:143
11:15:31.446 [CE][InfectedRespawner] (PRICity) :: Status
11:15:31.446   Zones:12, Unpopulated:0
11:15:31.446   SMin:0, SMax:0
11:15:31.446   DMin:98, DMax:161
11:15:31.446 [CE][InfectedRespawner] (PRIFirefighter) :: Status
11:15:31.446   Zones:3, Unpopulated:0
11:15:31.446   SMin:0, SMax:0
11:15:31.446   DMin:9, DMax:16
11:15:31.446 [CE][InfectedRespawner] (PRIIndustrial) :: Status
11:15:31.446   Zones:21, Unpopulated:0
11:15:31.446   SMin:0, SMax:0
11:15:31.446   DMin:82, DMax:161
11:15:31.446 [CE][InfectedRespawner] (PRIMedic) :: Status
11:15:31.446   Zones:1, Unpopulated:0
11:15:31.446   SMin:0, SMax:0
11:15:31.446   DMin:1, DMax:4
11:15:31.446 [CE][InfectedRespawner] (PRINBC) :: Zones:0 Respawner Function DISABLED !!!
11:15:31.446 [CE][InfectedRespawner] (PRINBCYellow) :: Status
11:15:31.446   Zones:2, Unpopulated:0
11:15:31.447   SMin:0, SMax:0
11:15:31.447   DMin:36, DMax:48
11:15:31.447 [CE][InfectedRespawner] (PRIPolice) :: Status
11:15:31.447   Zones:2, Unpopulated:0
11:15:31.447   SMin:0, SMax:0
11:15:31.447   DMin:6, DMax:10
11:15:31.448 [CE][InfectedRespawner] (PRIPoliceHard) :: Zones:0 Respawner Function DISABLED !!!
11:15:31.448 [CE][InfectedRespawner] (PRIPrisoner) :: Status
11:15:31.448   Zones:1, Unpopulated:0
11:15:31.448   SMin:4, SMax:8
11:15:31.448   DMin:4, DMax:8
11:15:31.448 [CE][InfectedRespawner] (PRIReligious) :: Status
11:15:31.448   Zones:1, Unpopulated:0
11:15:31.448   SMin:0, SMax:0
11:15:31.448   DMin:1, DMax:3
11:15:31.448 [CE][InfectedRespawner] (PRISolitude) :: Status
11:15:31.448   Zones:70, Unpopulated:0
11:15:31.448   SMin:0, SMax:0
11:15:31.448   DMin:347, DMax:629
11:15:31.449 [CE][InfectedRespawner] (PRIVillage) :: Status
11:15:31.449   Zones:11, Unpopulated:0
11:15:31.449   SMin:0, SMax:0
11:15:31.449   DMin:33, DMax:66
11:15:31.449 [CE][InfectedRespawner] (SECArmy) :: Zones:0 Respawner Function DISABLED !!!
11:15:31.449 [CE][InfectedRespawner] (SECPoliceHard) :: Zones:0 Respawner Function DISABLED !!!
11:15:31.493 [CE][Storage] ver:25 stamp:1733, valid:yes, name:"G:\SteamLibrary\steamapps\common\DayZServer\mpmissions\empty.alteria\storage_380881\data\dynamic_000.bin"
11:15:31.518 [CE][Storage] ver:25 stamp:1732, valid:yes, name:"G:\SteamLibrary\steamapps\common\DayZServer\mpmissions\empty.alteria\storage_380881\data\dynamic_000.001"
11:15:31.524 [CE][Storage] ver:25 stamp:1730, valid:yes, name:"G:\SteamLibrary\steamapps\common\DayZServer\mpmissions\empty.alteria\storage_380881\data\dynamic_000.002"
11:15:31.525 [CE][Storage] Restoring file "G:\SteamLibrary\steamapps\common\DayZServer\mpmissions\empty.alteria\storage_380881\data\dynamic_000.bin" 138 items.
11:15:33.500   138 items loaded. (0 failed)
11:15:33.527 [CE][Storage] ver:25 stamp:1733, valid:yes, name:"G:\SteamLibrary\steamapps\common\DayZServer\mpmissions\empty.alteria\storage_380881\data\dynamic_001.bin"
11:15:33.568 [CE][Storage] ver:25 stamp:1732, valid:yes, name:"G:\SteamLibrary\steamapps\common\DayZServer\mpmissions\empty.alteria\storage_380881\data\dynamic_001.001"
11:15:33.629 [CE][Storage] ver:25 stamp:1730, valid:yes, name:"G:\SteamLibrary\steamapps\common\DayZServer\mpmissions\empty.alteria\storage_380881\data\dynamic_001.002"
11:15:33.630 [CE][Storage] Restoring file "G:\SteamLibrary\steamapps\common\DayZServer\mpmissions\empty.alteria\storage_380881\data\dynamic_001.bin" 560 items.
11:16:03.23   560 items loaded. (0 failed)
11:16:03.51 [CE][Storage] ver:25 stamp:1733, valid:yes, name:"G:\SteamLibrary\steamapps\common\DayZServer\mpmissions\empty.alteria\storage_380881\data\dynamic_002.bin"
11:16:03.84 [CE][Storage] ver:25 stamp:1732, valid:yes, name:"G:\SteamLibrary\steamapps\common\DayZServer\mpmissions\empty.alteria\storage_380881\data\dynamic_002.001"
11:16:03.149 [CE][Storage] ver:25 stamp:1730, valid:yes, name:"G:\SteamLibrary\steamapps\common\DayZServer\mpmissions\empty.alteria\storage_380881\data\dynamic_002.002"
11:16:03.149 [CE][Storage] Restoring file "G:\SteamLibrary\steamapps\common\DayZServer\mpmissions\empty.alteria\storage_380881\data\dynamic_002.bin" 1433 items.
11:16:16.239   1433 items loaded. (0 failed)
11:16:16.293 [CE][Storage] ver:25 stamp:1733, valid:yes, name:"G:\SteamLibrary\steamapps\common\DayZServer\mpmissions\empty.alteria\storage_380881\data\dynamic_003.bin"
11:16:16.334 [CE][Storage] ver:25 stamp:1732, valid:yes, name:"G:\SteamLibrary\steamapps\common\DayZServer\mpmissions\empty.alteria\storage_380881\data\dynamic_003.001"
11:16:16.357 [CE][Storage] ver:25 stamp:1730, valid:yes, name:"G:\SteamLibrary\steamapps\common\DayZServer\mpmissions\empty.alteria\storage_380881\data\dynamic_003.002"
11:16:16.357 [CE][Storage] Restoring file "G:\SteamLibrary\steamapps\common\DayZServer\mpmissions\empty.alteria\storage_380881\data\dynamic_003.bin" 1506 items.
11:16:21.382   1506 items loaded. (0 failed)
11:16:21.408 [CE][Storage] ver:25 stamp:1733, valid:yes, name:"G:\SteamLibrary\steamapps\common\DayZServer\mpmissions\empty.alteria\storage_380881\data\dynamic_004.bin"
11:16:21.437 [CE][Storage] ver:25 stamp:1732, valid:yes, name:"G:\SteamLibrary\steamapps\common\DayZServer\mpmissions\empty.alteria\storage_380881\data\dynamic_004.001"
11:16:21.466 [CE][Storage] ver:25 stamp:1730, valid:yes, name:"G:\SteamLibrary\steamapps\common\DayZServer\mpmissions\empty.alteria\storage_380881\data\dynamic_004.002"
11:16:21.466 [CE][Storage] Restoring file "G:\SteamLibrary\steamapps\common\DayZServer\mpmissions\empty.alteria\storage_380881\data\dynamic_004.bin" 683 items.
11:16:22.863   683 items loaded. (0 failed)
11:16:22.876 [CE][Storage] ver:25 stamp:1733, valid:yes, name:"G:\SteamLibrary\steamapps\common\DayZServer\mpmissions\empty.alteria\storage_380881\data\dynamic_005.bin"
11:16:22.898 [CE][Storage] ver:25 stamp:1732, valid:yes, name:"G:\SteamLibrary\steamapps\common\DayZServer\mpmissions\empty.alteria\storage_380881\data\dynamic_005.001"
11:16:22.934 [CE][Storage] ver:25 stamp:1730, valid:yes, name:"G:\SteamLibrary\steamapps\common\DayZServer\mpmissions\empty.alteria\storage_380881\data\dynamic_005.002"
11:16:22.934 [CE][Storage] Restoring file "G:\SteamLibrary\steamapps\common\DayZServer\mpmissions\empty.alteria\storage_380881\data\dynamic_005.bin" 766 items.
11:16:24.775   766 items loaded. (0 failed)
11:16:24.797 [CE][Storage] ver:25 stamp:1733, valid:yes, name:"G:\SteamLibrary\steamapps\common\DayZServer\mpmissions\empty.alteria\storage_380881\data\dynamic_006.bin"
11:16:24.824 [CE][Storage] ver:25 stamp:1732, valid:yes, name:"G:\SteamLibrary\steamapps\common\DayZServer\mpmissions\empty.alteria\storage_380881\data\dynamic_006.001"
11:16:24.832 [CE][Storage] ver:25 stamp:1730, valid:yes, name:"G:\SteamLibrary\steamapps\common\DayZServer\mpmissions\empty.alteria\storage_380881\data\dynamic_006.002"
11:16:24.832 [CE][Storage] Restoring file "G:\SteamLibrary\steamapps\common\DayZServer\mpmissions\empty.alteria\storage_380881\data\dynamic_006.bin" 1345 items.
11:16:28.839   1345 items loaded. (0 failed)
11:16:28.864 [CE][Storage] ver:25 stamp:1733, valid:yes, name:"G:\SteamLibrary\steamapps\common\DayZServer\mpmissions\empty.alteria\storage_380881\data\dynamic_007.bin"
11:16:28.881 [CE][Storage] ver:25 stamp:1732, valid:yes, name:"G:\SteamLibrary\steamapps\common\DayZServer\mpmissions\empty.alteria\storage_380881\data\dynamic_007.001"
11:16:28.943 [CE][Storage] ver:25 stamp:1730, valid:yes, name:"G:\SteamLibrary\steamapps\common\DayZServer\mpmissions\empty.alteria\storage_380881\data\dynamic_007.002"
11:16:28.943 [CE][Storage] Restoring file "G:\SteamLibrary\steamapps\common\DayZServer\mpmissions\empty.alteria\storage_380881\data\dynamic_007.bin" 569 items.
11:16:30.224   569 items loaded. (0 failed)
11:16:30.249 [CE][Storage] ver:25 stamp:1733, valid:yes, name:"G:\SteamLibrary\steamapps\common\DayZServer\mpmissions\empty.alteria\storage_380881\data\dynamic_008.bin"
11:16:30.271 [CE][Storage] ver:25 stamp:1732, valid:yes, name:"G:\SteamLibrary\steamapps\common\DayZServer\mpmissions\empty.alteria\storage_380881\data\dynamic_008.001"
11:16:30.365 [CE][Storage] ver:25 stamp:1730, valid:yes, name:"G:\SteamLibrary\steamapps\common\DayZServer\mpmissions\empty.alteria\storage_380881\data\dynamic_008.002"
11:16:30.365 [CE][Storage] Restoring file "G:\SteamLibrary\steamapps\common\DayZServer\mpmissions\empty.alteria\storage_380881\data\dynamic_008.bin" 497 items.
11:16:31.644   497 items loaded. (0 failed)
11:16:31.662 [CE][Storage] ver:25 stamp:1733, valid:yes, name:"G:\SteamLibrary\steamapps\common\DayZServer\mpmissions\empty.alteria\storage_380881\data\dynamic_009.bin"
11:16:31.682 [CE][Storage] ver:25 stamp:1732, valid:yes, name:"G:\SteamLibrary\steamapps\common\DayZServer\mpmissions\empty.alteria\storage_380881\data\dynamic_009.001"
11:16:31.706 [CE][Storage] ver:25 stamp:1730, valid:yes, name:"G:\SteamLibrary\steamapps\common\DayZServer\mpmissions\empty.alteria\storage_380881\data\dynamic_009.002"
11:16:31.706 [CE][Storage] Restoring file "G:\SteamLibrary\steamapps\common\DayZServer\mpmissions\empty.alteria\storage_380881\data\dynamic_009.bin" 829 items.
11:16:32.679   829 items loaded. (0 failed)
11:16:32.698 [CE][Storage] ver:25 stamp:1733, valid:yes, name:"G:\SteamLibrary\steamapps\common\DayZServer\mpmissions\empty.alteria\storage_380881\data\dynamic_010.bin"
11:16:32.723 [CE][Storage] ver:25 stamp:1732, valid:yes, name:"G:\SteamLibrary\steamapps\common\DayZServer\mpmissions\empty.alteria\storage_380881\data\dynamic_010.001"
11:16:32.750 [CE][Storage] ver:25 stamp:1730, valid:yes, name:"G:\SteamLibrary\steamapps\common\DayZServer\mpmissions\empty.alteria\storage_380881\data\dynamic_010.002"
11:16:32.750 [CE][Storage] Restoring file "G:\SteamLibrary\steamapps\common\DayZServer\mpmissions\empty.alteria\storage_380881\data\dynamic_010.bin" 801 items.
11:16:33.400   801 items loaded. (0 failed)
11:16:33.413 [CE][Storage] ver:25 stamp:1733, valid:yes, name:"G:\SteamLibrary\steamapps\common\DayZServer\mpmissions\empty.alteria\storage_380881\data\dynamic_011.bin"
11:16:33.463 [CE][Storage] ver:25 stamp:1732, valid:yes, name:"G:\SteamLibrary\steamapps\common\DayZServer\mpmissions\empty.alteria\storage_380881\data\dynamic_011.001"
11:16:33.486 [CE][Storage] ver:25 stamp:1730, valid:yes, name:"G:\SteamLibrary\steamapps\common\DayZServer\mpmissions\empty.alteria\storage_380881\data\dynamic_011.002"
11:16:33.486 [CE][Storage] Restoring file "G:\SteamLibrary\steamapps\common\DayZServer\mpmissions\empty.alteria\storage_380881\data\dynamic_011.bin" 452 items.
11:16:34.271   452 items loaded. (0 failed)
11:16:34.271 [CE][Storage] ver:26 stamp:1733, valid:yes, name:"G:\SteamLibrary\steamapps\common\DayZServer\mpmissions\empty.alteria\storage_380881\data\building.bin"
11:16:34.271 [CE][Storage] ver:26 stamp:1732, valid:yes, name:"G:\SteamLibrary\steamapps\common\DayZServer\mpmissions\empty.alteria\storage_380881\data\building.001"
11:16:34.271 [CE][Storage] ver:26 stamp:1730, valid:yes, name:"G:\SteamLibrary\steamapps\common\DayZServer\mpmissions\empty.alteria\storage_380881\data\building.002"
11:16:34.271 [CE][Storage] Restoring file "G:\SteamLibrary\steamapps\common\DayZServer\mpmissions\empty.alteria\storage_380881\data\building.bin" 2 items.
11:16:34.271   2 items loaded. (0 failed)
11:16:34.286 [CE][Storage] ver:25 stamp:1733, valid:yes, name:"G:\SteamLibrary\steamapps\common\DayZServer\mpmissions\empty.alteria\storage_380881\data\vehicles.bin"
11:16:34.293 [CE][Storage] ver:25 stamp:1732, valid:yes, name:"G:\SteamLibrary\steamapps\common\DayZServer\mpmissions\empty.alteria\storage_380881\data\vehicles.001"
11:16:34.300 [CE][Storage] ver:25 stamp:1730, valid:yes, name:"G:\SteamLibrary\steamapps\common\DayZServer\mpmissions\empty.alteria\storage_380881\data\vehicles.002"
11:16:34.300 [CE][Storage] Restoring file "G:\SteamLibrary\steamapps\common\DayZServer\mpmissions\empty.alteria\storage_380881\data\vehicles.bin" 9 items.
11:16:34.479   9 items loaded. (0 failed)
11:16:34.485 [CE][Hive] :: Storage load took:63.03 seconds, recovery stamp:1733
11:16:34.485   entity: 11292, building: 2
11:16:34.485   pathgraph's: 279
11:16:34.485 [CE][Hive] :: Initializing ... 
11:16:34.485 [CE][OnInit]
11:16:34.485   static groups: 5607
11:16:34.485   containers: 9811
11:16:34.486   points: 86046
11:16:34.486   proxies: 2050
11:16:34.486   linked groups: 803, points: 0
11:16:34.486   abandoned groups: 0, points: 0
11:16:34.486   dynamic groups: 0
11:16:34.512 [CE][InitializeMap] :: initialized: 0
11:16:34.512 [CE][Hive] :: Initializing spawners ... 
11:16:34.572 [CE][InfectedRespawner] (PRIArmy) :: Initial Spawn: 0
11:16:34.575 !!! [CE][Spawn] Character "ZmbM_usSoldier_Officer_Desert" at 1770.654175, 4988.230469
11:16:34.576 !!! [CE][Spawn] Character "ZmbM_usSoldier_normal_Desert" at 1738.346313, 5013.181641
11:16:34.578 !!! [CE][Spawn] Character "ZmbM_PatrolNormal_Summer" at 1747.392334, 5047.957031
11:16:34.578 !!! [CE][Spawn] Character "ZmbM_usSoldier_normal_Desert" at 1828.606445, 6548.086914
11:16:34.579 !!! [CE][Spawn] Character "ZmbM_usSoldier_normal_Desert" at 1859.795410, 6501.495117
11:16:34.580 !!! [CE][Spawn] Character "ZmbM_usSoldier_Heavy_Woodland" at 1814.126709, 6437.922363
11:16:34.581 !!! [CE][Spawn] Character "ZmbM_PatrolNormal_PautRev" at 1774.588135, 6507.986328
11:16:34.581 !!! [CE][Spawn] Character "ZmbM_usSoldier_Officer_Desert" at 1761.846436, 6537.256836
11:16:34.582 !!! [CE][Spawn] Character "ZmbM_usSoldier_normal_Woodland" at 1766.617310, 6591.706543
11:16:34.583 !!! [CE][Spawn] Character "ZmbM_PatrolNormal_Summer" at 1812.649780, 6561.403809
11:16:34.583 !!! [CE][Spawn] Character "ZmbM_usSoldier_normal_Desert" at 1829.404053, 6537.383301
11:16:34.583 !!! [CE][Spawn] Character "ZmbM_usSoldier_normal_Desert" at 1831.042969, 6499.579590
11:16:34.584 !!! [CE][Spawn] Character "ZmbM_usSoldier_Officer_Desert" at 1784.989380, 6442.520020
11:16:34.584 !!! [CE][Spawn] Character "ZmbM_usSoldier_normal_Woodland" at 2574.765625, 5868.193848
11:16:34.585 !!! [CE][Spawn] Character "ZmbM_PatrolNormal_PautRev" at 2609.672852, 5866.002441
11:16:34.586 !!! [CE][Spawn] Character "ZmbM_PatrolNormal_Autumn" at 1682.756592, 2641.610107
11:16:34.586 !!! [CE][Spawn] Character "ZmbM_PatrolNormal_Flat" at 1742.118042, 2586.593506
11:16:34.587 !!! [CE][Spawn] Character "ZmbM_usSoldier_normal_Woodland" at 1675.857910, 2536.212646
11:16:34.587 !!! [CE][Spawn] Character "ZmbM_PatrolNormal_Summer" at 1628.056396, 2580.796387
11:16:34.588 !!! [CE][Spawn] Character "ZmbM_PatrolNormal_Flat" at 1618.808472, 2609.591553
11:16:34.588 !!! [CE][Spawn] Character "ZmbM_usSoldier_normal_Woodland" at 1593.400024, 2672.500000
11:16:34.588 !!! [CE][Spawn] Character "ZmbM_PatrolNormal_Summer" at 1655.283447, 2649.190430
11:16:34.589 !!! [CE][Spawn] Character "ZmbM_PatrolNormal_Autumn" at 1670.057861, 2620.528320
11:16:34.589 !!! [CE][Spawn] Character "ZmbM_usSoldier_Officer_Desert" at 1676.752808, 2592.124023
11:16:34.590 !!! [CE][Spawn] Character "ZmbM_PatrolNormal_Autumn" at 1650.971924, 2513.466309
11:16:34.590 !!! [CE][Spawn] Character "ZmbM_PatrolNormal_Summer" at 1622.619507, 2591.265137
11:16:34.591 !!! [CE][Spawn] Character "ZmbM_PatrolNormal_Summer" at 7676.888672, 1541.347778
11:16:34.592 !!! [CE][Spawn] Character "ZmbM_SoldierNormal" at 7647.019531, 1542.261108
11:16:34.593 !!! [CE][Spawn] Character "ZmbM_usSoldier_normal_Woodland" at 7561.887207, 1536.020020
11:16:34.593 !!! [CE][Spawn] Character "ZmbM_PatrolNormal_Summer" at 7623.469727, 1590.952759
11:16:34.594 !!! [CE][Spawn] Character "ZmbM_usSoldier_Officer_Desert" at 7652.934082, 1631.929199
11:16:34.594 !!! [CE][Spawn] Character "ZmbM_PatrolNormal_PautRev" at 7719.857910, 1620.033447
11:16:34.595 !!! [CE][Spawn] Character "ZmbM_usSoldier_Officer_Desert" at 7717.819336, 1551.382935
11:16:34.595 !!! [CE][Spawn] Character "ZmbM_usSoldier_normal_Woodland" at 7682.937500, 1492.016357
11:16:34.596 !!! [CE][Spawn] Character "ZmbM_PatrolNormal_Summer" at 7602.466797, 1492.262939
11:16:34.596 !!! [CE][Spawn] Character "ZmbM_PatrolNormal_Summer" at 7601.733887, 1567.887939
11:16:34.596 !!! [CE][Spawn] Character "ZmbM_PatrolNormal_Summer" at 7639.001465, 1590.115967
11:16:34.597 !!! [CE][Spawn] Character "ZmbM_PatrolNormal_Flat" at 7681.046387, 1659.712158
11:16:34.598 !!! [CE][Spawn] Character "ZmbM_PatrolNormal_Flat" at 7721.685547, 1593.686523
11:16:34.598 !!! [CE][Spawn] Character "ZmbM_usSoldier_Heavy_Woodland" at 7678.061523, 1553.911987
11:16:34.598 !!! [CE][Spawn] Character "ZmbM_PatrolNormal_PautRev" at 6620.310059, 2352.355469
11:16:34.599 !!! [CE][Spawn] Character "ZmbM_PatrolNormal_PautRev" at 6765.497070, 2334.747559
11:16:34.599 !!! [CE][Spawn] Character "ZmbM_PatrolNormal_Autumn" at 6802.493164, 2261.665283
11:16:34.600 !!! [CE][Spawn] Character "ZmbM_PatrolNormal_Autumn" at 6897.342773, 2176.211670
11:16:34.600 !!! [CE][Spawn] Character "ZmbM_SoldierNormal" at 6769.106934, 2185.038086
11:16:34.600 !!! [CE][Spawn] Character "ZmbM_PatrolNormal_Flat" at 6707.145996, 2176.220459
11:16:34.601 !!! [CE][Spawn] Character "ZmbM_PatrolNormal_Summer" at 6683.583008, 2240.671143
11:16:34.601 !!! [CE][Spawn] Character "ZmbM_PatrolNormal_Autumn" at 6721.638184, 2293.285400
11:16:34.602 !!! [CE][Spawn] Character "ZmbM_SoldierNormal" at 6802.513184, 2342.865723
11:16:34.602 !!! [CE][Spawn] Character "ZmbM_SoldierNormal" at 6895.654785, 2267.459717
11:16:34.603 !!! [CE][Spawn] Character "ZmbM_PatrolNormal_Autumn" at 6871.102539, 2136.948486
11:16:34.603 !!! [CE][Spawn] Character "ZmbM_PatrolNormal_Flat" at 6741.796387, 2043.948853
11:16:34.604 !!! [CE][Spawn] Character "ZmbM_usSoldier_Heavy_Woodland" at 6676.577148, 2185.477051
11:16:34.604 !!! [CE][Spawn] Character "ZmbM_PatrolNormal_Autumn" at 6623.542480, 2290.517090
11:16:34.605 !!! [CE][Spawn] Character "ZmbM_SoldierNormal" at 6731.118652, 2345.233643
11:16:34.606 !!! [CE][Spawn] Character "ZmbM_SoldierNormal" at 6722.799805, 2054.199951
11:16:34.606 !!! [CE][Spawn] Character "ZmbM_PatrolNormal_Autumn" at 6635.302734, 2177.247803
11:16:34.606 !!! [CE][Spawn] Character "ZmbM_PatrolNormal_Autumn" at 6602.368652, 2319.875000
11:16:34.607 !!! [CE][Spawn] Character "ZmbM_PatrolNormal_Flat" at 6734.239258, 2417.656982
11:16:34.607 !!! [CE][Spawn] Character "ZmbM_PatrolNormal_Flat" at 7506.574707, 1578.130493
11:16:34.607 !!! [CE][Spawn] Character "ZmbM_PatrolNormal_PautRev" at 7521.916016, 1500.644531
11:16:34.607 !!! [CE][Spawn] Character "ZmbM_PatrolNormal_PautRev" at 7475.549805, 1473.511230
11:16:34.607 !!! [CE][Spawn] Character "ZmbM_PatrolNormal_PautRev" at 7446.898926, 1445.416504
11:16:34.608 !!! [CE][Spawn] Character "ZmbM_PatrolNormal_PautRev" at 7385.241699, 1462.672607
11:16:34.608 !!! [CE][Spawn] Character "ZmbM_SoldierNormal" at 7397.805664, 1529.374268
11:16:34.609 !!! [CE][Spawn] Character "ZmbM_SoldierNormal" at 7452.265625, 1548.071655
11:16:34.609 !!! [CE][Spawn] Character "ZmbM_SoldierNormal" at 7500.699219, 1532.789917
11:16:34.609 !!! [CE][Spawn] Character "ZmbM_PatrolNormal_Autumn" at 7496.943359, 1485.804688
11:16:34.610 !!! [CE][Spawn] Character "ZmbM_usSoldier_Heavy_Woodland" at 7493.560059, 1412.388550
11:16:34.611 !!! [CE][Spawn] Character "ZmbM_usSoldier_Heavy_Woodland" at 3302.167480, 6204.596680
11:16:34.611 !!! [CE][Spawn] Character "ZmbM_PatrolNormal_Flat" at 3383.359619, 6183.665527
11:16:34.612 !!! [CE][Spawn] Character "ZmbM_PatrolNormal_Flat" at 3320.157715, 6133.943359
11:16:34.612 !!! [CE][Spawn] Character "ZmbM_usSoldier_Heavy_Woodland" at 3264.727051, 6090.640625
11:16:34.612 [CE][InfectedRespawner] (PRIArmyHard) :: Initial Spawn: 73
11:16:34.612 [CE][InfectedRespawner] (PRICity) :: Initial Spawn: 0
11:16:34.612 [CE][InfectedRespawner] (PRIFirefighter) :: Initial Spawn: 0
11:16:34.612 [CE][InfectedRespawner] (PRIIndustrial) :: Initial Spawn: 0
11:16:34.612 [CE][InfectedRespawner] (PRIMedic) :: Initial Spawn: 0
11:16:34.612 [CE][InfectedRespawner] (PRINBC) :: Initial Spawn: 0
11:16:34.612 [CE][InfectedRespawner] (PRINBCYellow) :: Initial Spawn: 0
11:16:34.612 [CE][InfectedRespawner] (PRIPolice) :: Initial Spawn: 0
11:16:34.612 [CE][InfectedRespawner] (PRIPoliceHard) :: Initial Spawn: 0
11:16:34.613 !!! [CE][Spawn] Character "ZmbM_PrisonerSkinny" at 1684.972290, 4690.686035
11:16:34.614 !!! [CE][Spawn] Character "ZmbM_PrisonerSkinny" at 1686.636841, 4728.247070
11:16:34.615 !!! [CE][Spawn] Character "ZmbM_PrisonerSkinny" at 1701.853271, 4739.579590
11:16:34.615 !!! [CE][Spawn] Character "ZmbM_PrisonerSkinny" at 1718.629639, 4762.069824
11:16:34.615 !!! [CE][Spawn] Character "ZmbM_PrisonerSkinny" at 1748.928711, 4744.627930
11:16:34.615 !!! [CE][Spawn] Character "ZmbM_PrisonerSkinny" at 1734.355469, 4713.865723
11:16:34.615 [CE][InfectedRespawner] (PRIPrisoner) :: Initial Spawn: 6
11:16:34.615 [CE][InfectedRespawner] (PRIReligious) :: Initial Spawn: 0
11:16:34.615 [CE][InfectedRespawner] (PRISolitude) :: Initial Spawn: 0
11:16:34.615 [CE][InfectedRespawner] (PRIVillage) :: Initial Spawn: 0
11:16:34.616 [CE][LootRespawner] (PRIDummy) :: Initially (re)spawned:0, Nominal:14292, Total in Map: 10803 at 0 (sec)
11:16:34.616   tests:0, repeats:0 fails:0, overtime:0
11:16:34.617 !!! [CE][Spawn] Character "ZmbM_usSoldier_normal_Desert" at 1593.477051, 3176.744873
11:16:34.618 !!! [CE][Spawn] Character "ZmbM_SoldierNormal" at 1612.120117, 3197.732422
11:16:34.618 !!! [CE][Spawn] Character "ZmbM_PatrolNormal_Summer" at 1619.027710, 3211.439209
11:16:34.619 !!! [CE][Spawn] Character "ZmbM_PatrolNormal_Flat" at 6823.961426, 2125.940430
11:16:34.620 !!! [CE][Spawn] Character "ZmbM_SoldierNormal" at 6805.674805, 2097.795654
11:16:34.620 !!! [CE][Spawn] Character "ZmbM_PatrolNormal_Autumn" at 6778.710449, 2111.676514
11:16:34.621 !!! [CE][Spawn] Character "ZmbM_PatrolNormal_Autumn" at 2633.483887, 3531.767090
11:16:34.622 !!! [CE][Spawn] Character "ZmbM_PatrolNormal_PautRev" at 2627.243164, 3506.463623
11:16:34.623 !!! [CE][Spawn] Character "ZmbM_PatrolNormal_Autumn" at 2604.730225, 3484.419922
11:16:34.623 [CE][InfectedRespawner] (SECArmy) :: Initial Spawn: 9
11:16:34.624 [CE][InfectedRespawner] (SECPoliceHard) :: Initial Spawn: 0
11:16:34.624 [CE][DynEvent] :: 33 types
11:16:34.625 [00] AmbientHen
11:16:34.625   Primary Spawner: "Ambient", active: yes, repeat: 1
11:16:34.625 [01] AmbientBear
11:16:34.625   Primary Spawner: "Ambient", active: yes, repeat: 1
11:16:34.625 [02] AnimalCow
11:16:34.625   Primary Spawner: "Animal", active: yes, repeat: 1
11:16:34.625 [03] AnimalDeer
11:16:34.625   Primary Spawner: "Animal", active: yes, repeat: 1
11:16:34.625 [04] AmbientGoat
11:16:34.625   Primary Spawner: "Ambient", active: yes, repeat: 1
11:16:34.625 [05] AmbientPig
11:16:34.625   Primary Spawner: "Ambient", active: yes, repeat: 1
11:16:34.625 [06] AnimalRoeDeer
11:16:34.625   Primary Spawner: "Animal", active: yes, repeat: 1
11:16:34.625 [07] AnimalSheep
11:16:34.625   Primary Spawner: "Animal", active: yes, repeat: 1
11:16:34.625 [08] AnimalWildBoar
11:16:34.625   Primary Spawner: "Animal", active: yes, repeat: 1
11:16:34.625 [09] AnimalWolf
11:16:34.625   Primary Spawner: "Animal", active: yes, repeat: 1
11:16:34.625 [10] InfectedArmy
11:16:34.625   Primary Spawner: "Infected", active: yes, repeat: 1
11:16:34.625 [11] InfectedArmyHard
11:16:34.625   Primary Spawner: "Infected", active: yes, repeat: 1
11:16:34.625 [12] InfectedCity
11:16:34.626   Primary Spawner: "Infected", active: yes, repeat: 1
11:16:34.626 [13] InfectedFirefighter
11:16:34.626   Primary Spawner: "Infected", active: yes, repeat: 1
11:16:34.626 [14] InfectedIndustrial
11:16:34.626   Primary Spawner: "Infected", active: yes, repeat: 1
11:16:34.627 [15] InfectedMedic
11:16:34.627   Primary Spawner: "Infected", active: yes, repeat: 1
11:16:34.627 [16] InfectedNBC
11:16:34.627   Primary Spawner: "Infected", active: yes, repeat: 1
11:16:34.627 [17] InfectedNBCYellow
11:16:34.627   Primary Spawner: "Infected", active: yes, repeat: 1
11:16:34.627 [18] InfectedPolice
11:16:34.627   Primary Spawner: "Infected", active: yes, repeat: 1
11:16:34.627 [19] InfectedPoliceHard
11:16:34.627   Primary Spawner: "Infected", active: yes, repeat: 1
11:16:34.627 [20] InfectedPrisoner
11:16:34.627   Primary Spawner: "Infected", active: yes, repeat: 1
11:16:34.627 [21] InfectedReligious
11:16:34.627   Primary Spawner: "Infected", active: yes, repeat: 1
11:16:34.627 [22] InfectedSolitude
11:16:34.627   Primary Spawner: "Infected", active: yes, repeat: 1
11:16:34.627 [23] InfectedVillage
11:16:34.627   Primary Spawner: "Infected", active: yes, repeat: 1
11:16:34.627 [24] Loot
11:16:34.627   Primary Spawner: "Loot", active: yes, repeat: 2
11:16:34.627 [25] StaticHeliCrash
11:16:34.627   Primary Spawner: "Static", active: yes, repeat: 1
11:16:34.627   Secondary Spawner: "Infected", active: yes, repeat: 1
11:16:34.627 [26] StaticPoliceCar
11:16:34.627   Primary Spawner: "Static", active: yes, repeat: 1
11:16:34.627   Secondary Spawner: "Infected", active: yes, repeat: 1
11:16:34.627 [27] TrajectoryApple
11:16:34.627   Primary Spawner: "Trajectory", active: yes, repeat: 1
11:16:34.627 [28] TrajectoryConiferous
11:16:34.627   Primary Spawner: "Trajectory", active: yes, repeat: 1
11:16:34.628 [29] TrajectoryDeciduous
11:16:34.628   Primary Spawner: "Trajectory", active: yes, repeat: 1
11:16:34.628 [30] TrajectoryHumus
11:16:34.628   Primary Spawner: "Trajectory", active: yes, repeat: 1
11:16:34.628 [31] TrajectoryPear
11:16:34.628   Primary Spawner: "Trajectory", active: yes, repeat: 1
11:16:34.628 [32] TrajectoryPlum
11:16:34.628   Primary Spawner: "Trajectory", active: yes, repeat: 1
11:16:34.628 [CE][Hive] :: Initializing of spawners done.
11:16:34.630 [CE][Hive] :: Init sequence finished.
11:16:34.631 Player connect enabled
11:16:34.703 [Login]: Adding player LEE (174008350) to login queue at position 0
11:16:34.703 [LoginMachine]: Add player LEE (174008350 192.168.1.4:60058)
11:16:34.703 [StateMachine]: Player LEE (dpnid 174008350 uid ) Entering AuthPlayerLoginState
11:16:35.384 [StateMachine]: Player LEE (dpnid 174008350 uid ) State Error (AuthPlayerLoginState)
11:16:35.384 Player Unknown (174008350) kicked from server: 146 (Client has a more recent version. Please wait until server updates. (TerjeStartScreen (PBO: )))
11:16:35.384 [StateMachine]: Kick player LEE (dpnid 174008350 uid ) State AuthPlayerLoginState
11:16:35.391 [Disconnect]: Client 174008350 early disconnect
11:16:35.446 [Disconnect]: No identity -> remove player info 174008350 
11:16:35.446 [Disconnect]: DisconnectPlayerFinish 174008350
11:16:35.446 [Disconnect]: Remove player info 174008350
11:16:35.446 [Disconnect]: Player destroy 174008350 
11:16:58.612 [CE][LootRespawner] (PRIDummy) :: Item [0] causing search overtime: "HipPack_Party"
11:16:58.812 [CE][LootRespawner] (PRIDummy) :: Item [1] causing search overtime: "STAG_Clothing_MountainBag"
11:16:59.13 [CE][LootRespawner] (PRIDummy) :: Item [0] is hard to place, performance drops: "STAG_Clothing_Cargo_Pants"
11:16:59.13 [CE][LootRespawner] (PRIDummy) :: Item [1] is hard to place, performance drops: "STAG_Clothing_Cargo_Pants"
11:16:59.13 [CE][LootRespawner] (PRIDummy) :: Item [2] is hard to place, performance drops: "STAG_Clothing_Cargo_Pants"
11:16:59.13 [CE][LootRespawner] (PRIDummy) :: Item [3] is hard to place, performance drops: "STAG_Clothing_Cargo_Pants"
11:16:59.13 [CE][LootRespawner] (PRIDummy) :: Item [4] is hard to place, performance drops: "STAG_Clothing_Cargo_Pants"
11:16:59.13 [CE][LootRespawner] (PRIDummy) :: Item [5] is hard to place, performance drops: "STAG_Clothing_Cargo_Pants"
11:16:59.13 [CE][LootRespawner] (PRIDummy) :: Item [6] is hard to place, performance drops: "STAG_Clothing_Cargo_Pants"
11:16:59.13 [CE][LootRespawner] (PRIDummy) :: Item [7] is hard to place, performance drops: "STAG_Clothing_Cargo_Pants"
11:16:59.13 [CE][LootRespawner] (PRIDummy) :: Item [8] is hard to place, performance drops: "STAG_Clothing_Cargo_Pants"
11:16:59.13 [CE][LootRespawner] (PRIDummy) :: Item [2] causing search overtime: "STAG_Clothing_Cargo_Pants"
11:16:59.112 [CE][LootRespawner] (PRIDummy) :: Item [9] is hard to place, performance drops: "PSO6Optic"
11:16:59.113 [CE][LootRespawner] (PRIDummy) :: Item [10] is hard to place, performance drops: "PSO6Optic"
11:16:59.113 [CE][LootRespawner] (PRIDummy) :: Item [11] is hard to place, performance drops: "PSO6Optic"
11:16:59.113 [CE][LootRespawner] (PRIDummy) :: Item [12] is hard to place, performance drops: "PSO6Optic"
11:16:59.113 [CE][LootRespawner] (PRIDummy) :: Item [13] is hard to place, performance drops: "PSO6Optic"
11:16:59.114 [CE][LootRespawner] (PRIDummy) :: Item [14] is hard to place, performance drops: "PSO6Optic"
11:16:59.114 [CE][LootRespawner] (PRIDummy) :: Item [15] is hard to place, performance drops: "PSO6Optic"
11:16:59.114 [CE][LootRespawner] (PRIDummy) :: Item [16] is hard to place, performance drops: "PSO6Optic"
11:17:00.212 !!! [CE][Spawn] Character "ZmbM_PatrolNormal_Flat" at 1767.687134, 5082.410645
11:17:00.214 !!! [CE][Spawn] Character "ZmbM_PatrolNormal_PautRev" at 1843.949707, 5104.927734
11:17:00.214 !!! [CE][Spawn] Character "ZmbM_PatrolNormal_Summer" at 1822.098999, 5028.028809
11:17:00.215 !!! [CE][Spawn] Character "ZmbM_PatrolNormal_PautRev" at 1726.928955, 6494.644043
11:17:00.215 !!! [CE][Spawn] Character "ZmbM_PatrolNormal_Summer" at 1721.287476, 6569.868652
11:17:00.215 !!! [CE][Spawn] Character "ZmbM_PatrolNormal_PautRev" at 1785.836792, 6602.956055
11:17:00.216 !!! [CE][Spawn] Character "ZmbM_PatrolNormal_PautRev" at 1855.272827, 6590.745117
11:17:00.216 !!! [CE][Spawn] Character "ZmbM_PatrolNormal_Summer" at 1850.144897, 6524.417969
11:17:00.217 !!! [CE][Spawn] Character "ZmbM_usSoldier_Heavy_Woodland" at 1817.432861, 6494.187500
11:17:00.218 !!! [CE][Spawn] Character "ZmbM_usSoldier_Officer_Desert" at 1753.737183, 6442.334473
11:17:00.219 !!! [CE][Spawn] Character "ZmbM_usSoldier_Heavy_Woodland" at 1702.724609, 6515.667969
11:17:00.220 !!! [CE][Spawn] Character "ZmbM_usSoldier_Heavy_Woodland" at 1763.122070, 6566.003906
11:17:00.220 !!! [CE][Spawn] Character "ZmbM_usSoldier_Heavy_Woodland" at 1806.808105, 6601.120117
11:17:00.221 !!! [CE][Spawn] Character "ZmbM_usSoldier_Officer_Desert" at 2628.283447, 5833.949219
11:17:00.221 !!! [CE][Spawn] Character "ZmbM_PatrolNormal_Summer" at 2596.473633, 5819.957520
11:17:00.222 !!! [CE][Spawn] Character "ZmbM_usSoldier_Heavy_Woodland" at 1564.000000, 2631.248779
11:17:00.223 !!! [CE][Spawn] Character "ZmbM_usSoldier_Officer_Desert" at 1630.000000, 2651.888672
11:17:00.223 !!! [CE][Spawn] Character "ZmbM_usSoldier_normal_Desert" at 1587.099976, 2601.300049
11:17:00.224 !!! [CE][Spawn] Character "ZmbM_usSoldier_Officer_Desert" at 1581.023438, 2675.802734
11:17:00.224 !!! [CE][Spawn] Character "ZmbM_usSoldier_normal_Woodland" at 1650.815552, 2642.203857
11:17:00.225 !!! [CE][Spawn] Character "ZmbM_PrisonerSkinny" at 1711.397095, 4705.004883
11:17:00.225 !!! [CE][Spawn] Character "ZmbM_PrisonerSkinny" at 1695.904541, 4717.480469
11:17:00.225 !!! [CE][Spawn] Character "ZmbM_PrisonerSkinny" at 1679.963623, 4737.369629
11:17:00.225 !!! [CE][Spawn] Character "ZmbM_PrisonerSkinny" at 1696.983521, 4763.207031
11:17:00.226 !!! [CE][Spawn] Character "ZmbM_PrisonerSkinny" at 1730.027344, 4760.564941
11:17:00.226 !!! [CE][Spawn] Character "ZmbM_PrisonerSkinny" at 1747.977417, 4731.663086
11:17:00.314 !!! [CE][Spawn] Character "ZmbM_PatrolNormal_PautRev" at 1633.096069, 3204.016602
11:17:00.316 !!! [CE][Spawn] Character "ZmbM_PatrolNormal_Flat" at 1639.723511, 3190.678955
11:17:00.317 !!! [CE][Spawn] Character "ZmbM_PatrolNormal_Autumn" at 1633.170776, 3173.669678
11:17:00.318 !!! [CE][Spawn] Character "ZmbM_PatrolNormal_Summer" at 6764.695801, 2126.505371
11:17:00.318 !!! [CE][Spawn] Character "ZmbM_PatrolNormal_Autumn" at 6767.879395, 2149.772705
11:17:00.319 !!! [CE][Spawn] Character "ZmbM_usSoldier_normal_Desert" at 6789.456543, 2142.799072
11:17:00.319 !!! [CE][Spawn] Character "ZmbM_SoldierNormal" at 2588.627930, 3511.171631
11:17:00.319 !!! [CE][Spawn] Character "ZmbM_SoldierNormal" at 2578.764404, 3532.018555
11:17:00.320 !!! [CE][Spawn] Character "ZmbM_PatrolNormal_Autumn" at 2600.578369, 3538.407471
11:17:26.736  --- Termination successfully completed --- 
