=====================================================================
== G:\SteamLibrary\steamapps\common\DayZServer\DayZServer_x64.exe
== G:\SteamLibrary\steamapps\common\DayZServer\DayZServer_x64.exe -config=serverDZ.cfg "-mod=@AICFireplaceIndoor;@AimSounds;@AI War Zones;@Alteria;@AmmoStacks;@Basic Ear Plugs;@BetterSuppressors;@BoomLays Craftables;@CarVanillaPlus;@CF;@Code Lock;@Combinable RepairKits;@Coupled Mag Vanilla;@Dabs Framework;@DayZ-Dynamic-AI-Addon;@DayZ-Expansion-AI;@DayZ-Expansion-Core;@Forward Operator Gear;@GoreZ;@GSC Gameworld Assets;@InventoryInCar;@Inventory Move Sounds;@JunkYardDog;@LoftDModGR Clothes Pack;@LoftD_old_size;@Loot Barrel Transfer;@MagazineLoading;@More Durable Weapons;@Mounts Sights;@Nomadbackpack;@pvez test;@RaG_BaseItems;@RaG_Immersive_Vehicles;@RaG_Immersive_Wells;@Realistic Display Quantity;@RUSForma_vehicles;@SearchInventory;@SimpleLootChests;@StaminaRevised;@TerjeCompatibilityVPP;@TerjeCore;@Terje for FOG v2;@TerjeMedicine;@TerjePartyMod;@TerjeSkills;@TerjeSleepingBagAttach;@TerjeStartScreen;@Utopia Airdrop;@VPPAdminTools;@WindstridesClothingPack;@Utopia Animated Heli Crashs;@RaG_BaseBuilding;@No Build Zones;@Vanilla Suppressor Plus;@Harks Blood Plague;@HP Crafter Workbench;@Knock Knock Zombies;@GarbageSearch;@TWOC_CombineItems;@FC_Fish_Equip;@CookZ;@Territory Plus;@CBD Loot Rooms;@Ammo Making;@InediaTerjeCompatibility;@InediaInfectedAI;" -profiles=profiles
=====================================================================
Exe timestamp: 2025/08/07 20:07:14
Current time:  2025/08/30 03:02:28
Version 1.28.160123
=====================================================================

 3:02:28.371 [Inputs] Loading inputs default "bin/constants.xml"
 3:02:28.397 [Inputs] Loading inputs default "bin/specific.xml"
 3:02:28.398 [Inputs] Loading inputs default "EarPlugs\data\inputs.xml"
 3:02:28.398 [Inputs] Loading inputs default "InventoryMoveSounds/Scripts/Data/Inputs.xml"
 3:02:28.398 [Inputs] Loading inputs default "PVEZ/data/inputs.xml"
 3:02:28.398 [Inputs] Loading inputs default "SearchInventory/Scripts/Data/inputs.xml"
 3:02:28.398 [Inputs] Loading inputs default "VPPAdminTools/data/modded_Inputs.xml"
 3:02:28.413 [Inputs] Loading inputs default "WindstrideClothing/Inputs.xml"
 3:02:28.426 !!! [Inputs] Cannot load inputs default "", file does not exist
 3:02:28.426 !!! [Inputs] Failed to load MODDED inputs - file name/ path invalid?
 3:02:28.426 [Inputs] Loading inputs default "FOG_MOD/Scripts/Data/inputs.xml"
 3:02:28.426 [Inputs] Loading inputs default "rag/rag_immersive_vehicles/scripts/4_world/rag_immersive_vehicles/actions/inputs/inputs.xml"
 3:02:28.426 [Inputs] Loading inputs default "RaG_BaseBuilding/Data/inputs/Inputs.xml"
 3:02:28.439 [Inputs] Loading inputs default "DayZExpansion/AI/Scripts/inputs.xml"
 3:02:28.439 [Inputs] Loading inputs cfg "profiles\Users\Survivor\Server.core.xml"
 3:02:28.439 !!! [Inputs] Cannot read inputs cfg "profiles\Users\Survivor\Server.core.xml", parser error
 3:02:28.439 [Inputs] Loading inputs cfg "bin/core.xml"
 3:02:28.439 !!! [Inputs] Cannot load input preset "#STR_USER", file does not exist
 3:02:28.441 [Inputs] Exporting inputs cfg "profiles\Users\Survivor\Server.core.xml"
 3:03:02.566 Hostname of server: "[AU]Project Genesis|Alteria|PVE|AI|Skills|Hardcore Survival"
 3:04:52.63 [CE][Hive] :: Initializing OFFLINE
 3:04:52.63 [StorageDirs] :: Selected storage directory: G:\SteamLibrary\steamapps\common\DayZServer\mpmissions\empty.alteria\storage_380881\
 3:04:52.63 [CE][Hive] :: Loading core data ... 
 3:04:52.90 [CE][CoreData] :: 7 root classes, 19 defaults, 0 updaters...
 3:05:17.256 [CE] :: WARNING :: Preset (attachments) with name 'SantaHat' was not found.
 3:05:17.256 [CE] :: WARNING :: Preset (cargo) with name 'optics' was not found.
 3:05:17.256 [CE] :: WARNING :: Preset (cargo) with name 'optics' was not found.
 3:05:17.257 [CE][TypeSetup] :: 496 classes setuped...
 3:05:17.296 [CE][TypeSetup] :: 117 classes setuped...
 3:05:21.226 [CE][RegisterBind] :: 0 classes binded...
 3:05:21.227 [CE][RegisterConfig] :: 20306 config classes registered, 0 sub-counters...
 3:05:21.227 [CE][Hive] :: Loading map data ... 
 3:05:21.235 [CE][IgnoreList] "cfgignorelist.xml" :: loaded 1 types
 3:05:21.351 [CE][LoadPrototype] :: loaded 573 prototypes
 3:05:21.351   1113 containers, 11353 points
 3:05:21.351   43 dispatches, 188 proxies
 3:05:21.351 !!! [CE][LoadPrototype] 43 groups have no points...
 3:05:21.351 !!! [CE][LoadPrototype] 3 groups have wrong points...
 3:05:21.351 [CE][LoadPrototype] :: last group name: Land_Jupiter_Building_5...
 3:05:21.371 [CE][LoadPrototype] :: loaded 0 prototypes
 3:05:21.371   55 containers, 232 points
 3:05:21.371   0 dispatches, 0 proxies
 3:05:21.371 [CE][LoadPrototype] :: last group name: Rail9...
 3:05:21.812 [CE][LoadMap] "Group" :: loaded 5607 groups, groups failed: 0, largest group range: 34.1
 3:05:21.820 [CE][LoadMap] "Dirt" :: loaded 0 groups, groups failed: 0, largest group range: 34.1
 3:05:21.897 [CE][Links] found 1048 total links between groups, of 5607
 3:05:21.897 [CE][LoadClusters] "Cluster" :: Loading files...
 3:05:22.73 [CE][LoadClusters] :: file: "mapgroupcluster.xml", 9 types, 36307 instances
 3:05:22.102 [CE][Storage] ver:21 stamp:1865, valid:yes, name:"G:\SteamLibrary\steamapps\common\DayZServer\mpmissions\empty.alteria\storage_380881\data\types.bin"
 3:05:22.120 [CE][Storage] ver:21 stamp:1865, valid:yes, name:"G:\SteamLibrary\steamapps\common\DayZServer\mpmissions\empty.alteria\storage_380881\data\types.001"
 3:05:22.134 [CE][Storage] ver:21 stamp:1863, valid:yes, name:"G:\SteamLibrary\steamapps\common\DayZServer\mpmissions\empty.alteria\storage_380881\data\types.002"
 3:05:22.134 [CE][Storage] Restoring file "G:\SteamLibrary\steamapps\common\DayZServer\mpmissions\empty.alteria\storage_380881\data\types.bin".
 3:05:22.592 !!! [CE][offlineDB] :: No Shutdown message present.
 3:05:22.622 [CE][offlineDB] :: Loaded 33 dynamic events 207 total types.
 3:05:22.693 !!! [CE] :: Unknown usage: 'Special'.
 3:05:22.748 !!! [CE] :: Unknown value: 'Tier7'.
 3:05:22.748 !!! [CE] :: Unknown value: 'Tier8'.
 3:05:22.748 !!! [CE] :: Unknown value: 'Tier9'.
 3:05:22.748 !!! [CE] :: Unknown value: 'Tier7'.
 3:05:22.748 !!! [CE] :: Unknown value: 'Tier8'.
 3:05:22.748 !!! [CE] :: Unknown value: 'Tier9'.
 3:05:22.748 !!! [CE] :: Unknown value: 'Tier7'.
 3:05:22.748 !!! [CE] :: Unknown value: 'Tier8'.
 3:05:22.748 !!! [CE] :: Unknown value: 'Tier9'.
 3:05:22.748 !!! [CE] :: Unknown value: 'Tier7'.
 3:05:22.748 !!! [CE] :: Unknown value: 'Tier8'.
 3:05:22.748 !!! [CE] :: Unknown value: 'Tier9'.
 3:05:22.748 !!! [CE] :: Unknown value: 'Tier7'.
 3:05:22.748 !!! [CE] :: Unknown value: 'Tier8'.
 3:05:22.748 !!! [CE] :: Unknown value: 'Tier9'.
 3:05:22.748 !!! [CE] :: Unknown value: 'Tier7'.
 3:05:22.748 !!! [CE] :: Unknown value: 'Tier8'.
 3:05:22.748 !!! [CE] :: Unknown value: 'Tier9'.
 3:05:22.748 !!! [CE] :: Unknown value: 'Tier7'.
 3:05:22.748 !!! [CE] :: Unknown value: 'Tier8'.
 3:05:22.748 !!! [CE] :: Unknown value: 'Tier9'.
 3:05:22.748 !!! [CE] :: Unknown value: 'Tier7'.
 3:05:22.748 !!! [CE] :: Unknown value: 'Tier8'.
 3:05:22.748 !!! [CE] :: Unknown value: 'Tier9'.
 3:05:22.748 !!! [CE] :: Unknown value: 'Tier7'.
 3:05:22.748 !!! [CE] :: Unknown value: 'Tier8'.
 3:05:22.748 !!! [CE] :: Unknown value: 'Tier9'.
 3:05:22.748 !!! [CE] :: Unknown value: 'Tier7'.
 3:05:22.748 !!! [CE] :: Unknown value: 'Tier8'.
 3:05:22.748 !!! [CE] :: Unknown value: 'Tier9'.
 3:05:22.748 !!! [CE] :: Unknown value: 'Tier7'.
 3:05:22.748 !!! [CE] :: Unknown value: 'Tier8'.
 3:05:22.748 !!! [CE] :: Unknown value: 'Tier9'.
 3:05:22.748 !!! [CE] :: Unknown value: 'Tier7'.
 3:05:22.748 !!! [CE] :: Unknown value: 'Tier8'.
 3:05:22.748 !!! [CE] :: Unknown value: 'Tier9'.
 3:05:22.748 !!! [CE] :: Unknown value: 'Tier7'.
 3:05:22.748 !!! [CE] :: Unknown value: 'Tier8'.
 3:05:22.748 !!! [CE] :: Unknown value: 'Tier9'.
 3:05:22.748 !!! [CE] :: Unknown value: 'Tier7'.
 3:05:22.748 !!! [CE] :: Unknown value: 'Tier8'.
 3:05:22.748 !!! [CE] :: Unknown value: 'Tier9'.
 3:05:22.748 !!! [CE] :: Unknown value: 'Tier7'.
 3:05:22.748 !!! [CE] :: Unknown value: 'Tier8'.
 3:05:22.748 !!! [CE] :: Unknown value: 'Tier9'.
 3:05:22.748 !!! [CE] :: Unknown value: 'Tier7'.
 3:05:22.748 !!! [CE] :: Unknown value: 'Tier8'.
 3:05:22.748 !!! [CE] :: Unknown value: 'Tier9'.
 3:05:22.748 !!! [CE] :: Unknown value: 'Tier7'.
 3:05:22.748 !!! [CE] :: Unknown value: 'Tier8'.
 3:05:22.748 !!! [CE] :: Unknown value: 'Tier9'.
 3:05:22.748 !!! [CE] :: Unknown value: 'Tier7'.
 3:05:22.748 !!! [CE] :: Unknown value: 'Tier8'.
 3:05:22.748 !!! [CE] :: Unknown value: 'Tier9'.
 3:05:22.748 !!! [CE] :: Unknown value: 'Tier7'.
 3:05:22.748 !!! [CE] :: Unknown value: 'Tier8'.
 3:05:22.748 !!! [CE] :: Unknown value: 'Tier9'.
 3:05:22.748 !!! [CE] :: Unknown value: 'Tier7'.
 3:05:22.748 !!! [CE] :: Unknown value: 'Tier8'.
 3:05:22.748 !!! [CE] :: Unknown value: 'Tier9'.
 3:05:22.748 !!! [CE] :: Unknown value: 'Tier7'.
 3:05:22.748 !!! [CE] :: Unknown value: 'Tier8'.
 3:05:22.748 !!! [CE] :: Unknown value: 'Tier9'.
 3:05:22.748 !!! [CE] :: Unknown value: 'Tier7'.
 3:05:22.748 !!! [CE] :: Unknown value: 'Tier8'.
 3:05:22.748 !!! [CE] :: Unknown value: 'Tier9'.
 3:05:22.748 !!! [CE] :: Unknown value: 'Tier7'.
 3:05:22.748 !!! [CE] :: Unknown value: 'Tier8'.
 3:05:22.748 !!! [CE] :: Unknown value: 'Tier9'.
 3:05:22.748 !!! [CE] :: Unknown value: 'Tier7'.
 3:05:22.748 !!! [CE] :: Unknown value: 'Tier8'.
 3:05:22.748 !!! [CE] :: Unknown value: 'Tier9'.
 3:05:22.748 !!! [CE] :: Unknown value: 'Tier7'.
 3:05:22.748 !!! [CE] :: Unknown value: 'Tier8'.
 3:05:22.748 !!! [CE] :: Unknown value: 'Tier9'.
 3:05:22.748 !!! [CE] :: Unknown value: 'Tier7'.
 3:05:22.748 !!! [CE] :: Unknown value: 'Tier8'.
 3:05:22.748 !!! [CE] :: Unknown value: 'Tier9'.
 3:05:22.748 !!! [CE] :: Unknown value: 'Tier7'.
 3:05:22.748 !!! [CE] :: Unknown value: 'Tier8'.
 3:05:22.748 !!! [CE] :: Unknown value: 'Tier9'.
 3:05:22.748 !!! [CE] :: Unknown value: 'Tier7'.
 3:05:22.748 !!! [CE] :: Unknown value: 'Tier8'.
 3:05:22.748 !!! [CE] :: Unknown value: 'Tier9'.
 3:05:22.748 !!! [CE] :: Unknown value: 'Tier7'.
 3:05:22.748 !!! [CE] :: Unknown value: 'Tier8'.
 3:05:22.748 !!! [CE] :: Unknown value: 'Tier9'.
 3:05:22.748 !!! [CE] :: Unknown value: 'Tier7'.
 3:05:22.748 !!! [CE] :: Unknown value: 'Tier8'.
 3:05:22.748 !!! [CE] :: Unknown value: 'Tier9'.
 3:05:22.748 !!! [CE] :: Unknown value: 'Tier7'.
 3:05:22.748 !!! [CE] :: Unknown value: 'Tier8'.
 3:05:22.748 !!! [CE] :: Unknown value: 'Tier9'.
 3:05:22.748 !!! [CE] :: Unknown value: 'Tier7'.
 3:05:22.748 !!! [CE] :: Unknown value: 'Tier8'.
 3:05:22.748 !!! [CE] :: Unknown value: 'Tier9'.
 3:05:22.748 !!! [CE] :: Unknown value: 'Tier7'.
 3:05:22.748 !!! [CE] :: Unknown value: 'Tier8'.
 3:05:22.748 !!! [CE] :: Unknown value: 'Tier9'.
 3:05:22.748 !!! [CE] :: Unknown value: 'Tier7'.
 3:05:22.748 !!! [CE] :: Unknown value: 'Tier8'.
 3:05:22.748 !!! [CE] :: Unknown value: 'Tier9'.
 3:05:22.748 !!! [CE] :: Unknown value: 'Tier7'.
 3:05:22.748 !!! [CE] :: Unknown value: 'Tier8'.
 3:05:22.748 !!! [CE] :: Unknown value: 'Tier9'.
 3:05:22.748 !!! [CE] :: Unknown value: 'Tier7'.
 3:05:22.748 !!! [CE] :: Unknown value: 'Tier8'.
 3:05:22.748 !!! [CE] :: Unknown value: 'Tier9'.
 3:05:22.748 !!! [CE] :: Unknown value: 'Tier7'.
 3:05:22.748 !!! [CE] :: Unknown value: 'Tier8'.
 3:05:22.748 !!! [CE] :: Unknown value: 'Tier9'.
 3:05:22.748 !!! [CE] :: Unknown value: 'Tier7'.
 3:05:22.748 !!! [CE] :: Unknown value: 'Tier8'.
 3:05:22.748 !!! [CE] :: Unknown value: 'Tier9'.
 3:05:22.748 !!! [CE] :: Unknown value: 'Tier7'.
 3:05:22.748 !!! [CE] :: Unknown value: 'Tier8'.
 3:05:22.748 !!! [CE] :: Unknown value: 'Tier9'.
 3:05:22.748 !!! [CE] :: Unknown value: 'Tier7'.
 3:05:22.748 !!! [CE] :: Unknown value: 'Tier8'.
 3:05:22.748 !!! [CE] :: Unknown value: 'Tier9'.
 3:05:22.748 !!! [CE] :: Unknown value: 'Tier7'.
 3:05:22.748 !!! [CE] :: Unknown value: 'Tier8'.
 3:05:22.748 !!! [CE] :: Unknown value: 'Tier9'.
 3:05:22.748 !!! [CE] :: Unknown value: 'Tier7'.
 3:05:22.748 !!! [CE] :: Unknown value: 'Tier8'.
 3:05:22.748 !!! [CE] :: Unknown value: 'Tier9'.
 3:05:22.748 !!! [CE] :: Unknown value: 'Tier7'.
 3:05:22.748 !!! [CE] :: Unknown value: 'Tier8'.
 3:05:22.748 !!! [CE] :: Unknown value: 'Tier9'.
 3:05:22.748 !!! [CE] :: Unknown value: 'Tier7'.
 3:05:22.748 !!! [CE] :: Unknown value: 'Tier8'.
 3:05:22.748 !!! [CE] :: Unknown value: 'Tier9'.
 3:05:22.748 !!! [CE] :: Unknown value: 'Tier7'.
 3:05:22.748 !!! [CE] :: Unknown value: 'Tier8'.
 3:05:22.748 !!! [CE] :: Unknown value: 'Tier9'.
 3:05:22.748 !!! [CE] :: Unknown value: 'Tier7'.
 3:05:22.748 !!! [CE] :: Unknown value: 'Tier8'.
 3:05:22.748 !!! [CE] :: Unknown value: 'Tier9'.
 3:05:22.748 !!! [CE] :: Unknown value: 'Tier7'.
 3:05:22.748 !!! [CE] :: Unknown value: 'Tier8'.
 3:05:22.748 !!! [CE] :: Unknown value: 'Tier9'.
 3:05:22.748 !!! [CE] :: Unknown value: 'Tier7'.
 3:05:22.748 !!! [CE] :: Unknown value: 'Tier8'.
 3:05:22.748 !!! [CE] :: Unknown value: 'Tier9'.
 3:05:22.748 !!! [CE] :: Unknown value: 'Tier7'.
 3:05:22.748 !!! [CE] :: Unknown value: 'Tier8'.
 3:05:22.748 !!! [CE] :: Unknown value: 'Tier9'.
 3:05:22.748 !!! [CE] :: Unknown value: 'Tier7'.
 3:05:22.748 !!! [CE] :: Unknown value: 'Tier8'.
 3:05:22.748 !!! [CE] :: Unknown value: 'Tier9'.
 3:05:22.748 !!! [CE] :: Unknown value: 'Tier7'.
 3:05:22.748 !!! [CE] :: Unknown value: 'Tier8'.
 3:05:22.748 !!! [CE] :: Unknown value: 'Tier9'.
 3:05:22.748 !!! [CE] :: Unknown value: 'Tier7'.
 3:05:22.748 !!! [CE] :: Unknown value: 'Tier8'.
 3:05:22.748 !!! [CE] :: Unknown value: 'Tier9'.
 3:05:22.748 !!! [CE] :: Unknown value: 'Tier7'.
 3:05:22.748 !!! [CE] :: Unknown value: 'Tier8'.
 3:05:22.748 !!! [CE] :: Unknown value: 'Tier9'.
 3:05:22.748 !!! [CE] :: Unknown value: 'Tier7'.
 3:05:22.748 !!! [CE] :: Unknown value: 'Tier8'.
 3:05:22.748 !!! [CE] :: Unknown value: 'Tier9'.
 3:05:22.748 !!! [CE] :: Unknown value: 'Tier7'.
 3:05:22.748 !!! [CE] :: Unknown value: 'Tier8'.
 3:05:22.748 !!! [CE] :: Unknown value: 'Tier9'.
 3:05:22.748 !!! [CE] :: Unknown value: 'Tier7'.
 3:05:22.748 !!! [CE] :: Unknown value: 'Tier8'.
 3:05:22.748 !!! [CE] :: Unknown value: 'Tier9'.
 3:05:22.748 !!! [CE] :: Unknown value: 'Tier7'.
 3:05:22.748 !!! [CE] :: Unknown value: 'Tier8'.
 3:05:22.748 !!! [CE] :: Unknown value: 'Tier9'.
 3:05:22.748 !!! [CE] :: Unknown value: 'Tier7'.
 3:05:22.748 !!! [CE] :: Unknown value: 'Tier8'.
 3:05:22.748 !!! [CE] :: Unknown value: 'Tier9'.
 3:05:22.748 !!! [CE] :: Unknown value: 'Tier7'.
 3:05:22.748 !!! [CE] :: Unknown value: 'Tier8'.
 3:05:22.748 !!! [CE] :: Unknown value: 'Tier9'.
 3:05:22.748 !!! [CE] :: Unknown value: 'Tier7'.
 3:05:22.748 !!! [CE] :: Unknown value: 'Tier8'.
 3:05:22.748 !!! [CE] :: Unknown value: 'Tier9'.
 3:05:22.748 !!! [CE] :: Unknown value: 'Tier7'.
 3:05:22.748 !!! [CE] :: Unknown value: 'Tier8'.
 3:05:22.748 !!! [CE] :: Unknown value: 'Tier9'.
 3:05:22.748 !!! [CE] :: Unknown value: 'Tier7'.
 3:05:22.748 !!! [CE] :: Unknown value: 'Tier8'.
 3:05:22.748 !!! [CE] :: Unknown value: 'Tier9'.
 3:05:22.748 !!! [CE] :: Unknown value: 'Tier7'.
 3:05:22.748 !!! [CE] :: Unknown value: 'Tier8'.
 3:05:22.748 !!! [CE] :: Unknown value: 'Tier9'.
 3:05:22.748 !!! [CE] :: Unknown value: 'Tier7'.
 3:05:22.748 !!! [CE] :: Unknown value: 'Tier8'.
 3:05:22.748 !!! [CE] :: Unknown value: 'Tier9'.
 3:05:22.748 !!! [CE] :: Unknown value: 'Tier7'.
 3:05:22.748 !!! [CE] :: Unknown value: 'Tier8'.
 3:05:22.748 !!! [CE] :: Unknown value: 'Tier9'.
 3:05:22.748 !!! [CE] :: Unknown value: 'Tier7'.
 3:05:22.748 !!! [CE] :: Unknown value: 'Tier8'.
 3:05:22.748 !!! [CE] :: Unknown value: 'Tier9'.
 3:05:22.748 !!! [CE] :: Unknown value: 'Tier7'.
 3:05:22.748 !!! [CE] :: Unknown value: 'Tier8'.
 3:05:22.748 !!! [CE] :: Unknown value: 'Tier9'.
 3:05:22.748 !!! [CE] :: Unknown value: 'Tier7'.
 3:05:22.748 !!! [CE] :: Unknown value: 'Tier8'.
 3:05:22.748 !!! [CE] :: Unknown value: 'Tier9'.
 3:05:22.748 !!! [CE] :: Unknown value: 'Tier7'.
 3:05:22.748 !!! [CE] :: Unknown value: 'Tier8'.
 3:05:22.748 !!! [CE] :: Unknown value: 'Tier9'.
 3:05:22.748 !!! [CE] :: Unknown value: 'Tier7'.
 3:05:22.748 !!! [CE] :: Unknown value: 'Tier8'.
 3:05:22.748 !!! [CE] :: Unknown value: 'Tier9'.
 3:05:22.748 !!! [CE] :: Unknown value: 'Tier7'.
 3:05:22.748 !!! [CE] :: Unknown value: 'Tier8'.
 3:05:22.748 !!! [CE] :: Unknown value: 'Tier9'.
 3:05:22.748 !!! [CE] :: Unknown value: 'Tier7'.
 3:05:22.748 !!! [CE] :: Unknown value: 'Tier8'.
 3:05:22.748 !!! [CE] :: Unknown value: 'Tier9'.
 3:05:22.748 !!! [CE] :: Unknown value: 'Tier7'.
 3:05:22.748 !!! [CE] :: Unknown value: 'Tier8'.
 3:05:22.748 !!! [CE] :: Unknown value: 'Tier9'.
 3:05:22.748 !!! [CE] :: Unknown value: 'Tier7'.
 3:05:22.748 !!! [CE] :: Unknown value: 'Tier8'.
 3:05:22.748 !!! [CE] :: Unknown value: 'Tier9'.
 3:05:22.748 !!! [CE] :: Unknown value: 'Tier7'.
 3:05:22.748 !!! [CE] :: Unknown value: 'Tier8'.
 3:05:22.748 !!! [CE] :: Unknown value: 'Tier9'.
 3:05:22.748 !!! [CE] :: Unknown value: 'Tier7'.
 3:05:22.748 !!! [CE] :: Unknown value: 'Tier8'.
 3:05:22.748 !!! [CE] :: Unknown value: 'Tier9'.
 3:05:22.748 !!! [CE] :: Unknown value: 'Tier7'.
 3:05:22.748 !!! [CE] :: Unknown value: 'Tier8'.
 3:05:22.748 !!! [CE] :: Unknown value: 'Tier9'.
 3:05:22.748 !!! [CE] :: Unknown value: 'Tier7'.
 3:05:22.748 !!! [CE] :: Unknown value: 'Tier8'.
 3:05:22.748 !!! [CE] :: Unknown value: 'Tier9'.
 3:05:22.748 !!! [CE] :: Unknown value: 'Tier7'.
 3:05:22.748 !!! [CE] :: Unknown value: 'Tier8'.
 3:05:22.748 !!! [CE] :: Unknown value: 'Tier9'.
 3:05:22.748 !!! [CE] :: Unknown value: 'Tier7'.
 3:05:22.748 !!! [CE] :: Unknown value: 'Tier8'.
 3:05:22.748 !!! [CE] :: Unknown value: 'Tier9'.
 3:05:22.748 !!! [CE] :: Unknown value: 'Tier7'.
 3:05:22.748 !!! [CE] :: Unknown value: 'Tier8'.
 3:05:22.748 !!! [CE] :: Unknown value: 'Tier9'.
 3:05:22.748 !!! [CE] :: Unknown value: 'Tier7'.
 3:05:22.748 !!! [CE] :: Unknown value: 'Tier8'.
 3:05:22.748 !!! [CE] :: Unknown value: 'Tier9'.
 3:05:22.748 !!! [CE] :: Unknown value: 'Tier7'.
 3:05:22.748 !!! [CE] :: Unknown value: 'Tier8'.
 3:05:22.748 !!! [CE] :: Unknown value: 'Tier9'.
 3:05:22.748 !!! [CE] :: Unknown value: 'Tier7'.
 3:05:22.748 !!! [CE] :: Unknown value: 'Tier8'.
 3:05:22.748 !!! [CE] :: Unknown value: 'Tier9'.
 3:05:22.748 !!! [CE] :: Unknown value: 'Tier7'.
 3:05:22.748 !!! [CE] :: Unknown value: 'Tier8'.
 3:05:22.748 !!! [CE] :: Unknown value: 'Tier9'.
 3:05:22.748 !!! [CE] :: Unknown value: 'Tier7'.
 3:05:22.748 !!! [CE] :: Unknown value: 'Tier8'.
 3:05:22.748 !!! [CE] :: Unknown value: 'Tier9'.
 3:05:22.748 !!! [CE] :: Unknown value: 'Tier7'.
 3:05:22.748 !!! [CE] :: Unknown value: 'Tier8'.
 3:05:22.748 !!! [CE] :: Unknown value: 'Tier9'.
 3:05:22.748 !!! [CE] :: Unknown value: 'Tier7'.
 3:05:22.748 !!! [CE] :: Unknown value: 'Tier8'.
 3:05:22.748 !!! [CE] :: Unknown value: 'Tier9'.
 3:05:22.748 !!! [CE] :: Unknown value: 'Tier7'.
 3:05:22.748 !!! [CE] :: Unknown value: 'Tier8'.
 3:05:22.748 !!! [CE] :: Unknown value: 'Tier9'.
 3:05:22.748 !!! [CE] :: Unknown value: 'Tier7'.
 3:05:22.748 !!! [CE] :: Unknown value: 'Tier8'.
 3:05:22.748 !!! [CE] :: Unknown value: 'Tier9'.
 3:05:22.748 !!! [CE] :: Unknown value: 'Tier7'.
 3:05:22.748 !!! [CE] :: Unknown value: 'Tier8'.
 3:05:22.748 !!! [CE] :: Unknown value: 'Tier9'.
 3:05:22.748 !!! [CE] :: Unknown value: 'Tier7'.
 3:05:22.748 !!! [CE] :: Unknown value: 'Tier8'.
 3:05:22.748 !!! [CE] :: Unknown value: 'Tier9'.
 3:05:22.748 !!! [CE] :: Unknown value: 'Tier7'.
 3:05:22.748 !!! [CE] :: Unknown value: 'Tier8'.
 3:05:22.748 !!! [CE] :: Unknown value: 'Tier9'.
 3:05:22.748 !!! [CE] :: Unknown value: 'Tier7'.
 3:05:22.749 !!! [CE] :: Unknown value: 'Tier8'.
 3:05:22.749 !!! [CE] :: Unknown value: 'Tier9'.
 3:05:22.749 !!! [CE] :: Unknown value: 'Tier7'.
 3:05:22.749 !!! [CE] :: Unknown value: 'Tier8'.
 3:05:22.749 !!! [CE] :: Unknown value: 'Tier9'.
 3:05:22.749 !!! [CE] :: Unknown value: 'Tier7'.
 3:05:22.749 !!! [CE] :: Unknown value: 'Tier8'.
 3:05:22.749 !!! [CE] :: Unknown value: 'Tier9'.
 3:05:22.749 !!! [CE] :: Unknown value: 'Tier7'.
 3:05:22.749 !!! [CE] :: Unknown value: 'Tier8'.
 3:05:22.749 !!! [CE] :: Unknown value: 'Tier9'.
 3:05:22.749 !!! [CE] :: Unknown value: 'Tier7'.
 3:05:22.749 !!! [CE] :: Unknown value: 'Tier8'.
 3:05:22.749 !!! [CE] :: Unknown value: 'Tier9'.
 3:05:22.749 !!! [CE] :: Unknown value: 'Tier7'.
 3:05:22.749 !!! [CE] :: Unknown value: 'Tier8'.
 3:05:22.749 !!! [CE] :: Unknown value: 'Tier9'.
 3:05:22.749 !!! [CE] :: Unknown value: 'Tier7'.
 3:05:22.749 !!! [CE] :: Unknown value: 'Tier8'.
 3:05:22.749 !!! [CE] :: Unknown value: 'Tier9'.
 3:05:22.749 !!! [CE] :: Unknown value: 'Tier7'.
 3:05:22.749 !!! [CE] :: Unknown value: 'Tier8'.
 3:05:22.749 !!! [CE] :: Unknown value: 'Tier9'.
 3:05:22.749 !!! [CE] :: Unknown value: 'Tier7'.
 3:05:22.749 !!! [CE] :: Unknown value: 'Tier8'.
 3:05:22.749 !!! [CE] :: Unknown value: 'Tier9'.
 3:05:22.749 !!! [CE] :: Unknown value: 'Tier7'.
 3:05:22.749 !!! [CE] :: Unknown value: 'Tier8'.
 3:05:22.749 !!! [CE] :: Unknown value: 'Tier9'.
 3:05:22.749 !!! [CE] :: Unknown value: 'Tier7'.
 3:05:22.749 !!! [CE] :: Unknown value: 'Tier8'.
 3:05:22.749 !!! [CE] :: Unknown value: 'Tier9'.
 3:05:22.749 !!! [CE] :: Unknown value: 'Tier7'.
 3:05:22.749 !!! [CE] :: Unknown value: 'Tier8'.
 3:05:22.749 !!! [CE] :: Unknown value: 'Tier9'.
 3:05:22.749 !!! [CE] :: Unknown value: 'Tier7'.
 3:05:22.749 !!! [CE] :: Unknown value: 'Tier8'.
 3:05:22.749 !!! [CE] :: Unknown value: 'Tier9'.
 3:05:22.749 !!! [CE] :: Unknown value: 'Tier7'.
 3:05:22.749 !!! [CE] :: Unknown value: 'Tier8'.
 3:05:22.749 !!! [CE] :: Unknown value: 'Tier9'.
 3:05:22.749 !!! [CE] :: Unknown value: 'Tier7'.
 3:05:22.749 !!! [CE] :: Unknown value: 'Tier8'.
 3:05:22.749 !!! [CE] :: Unknown value: 'Tier9'.
 3:05:22.749 !!! [CE] :: Unknown value: 'Tier7'.
 3:05:22.749 !!! [CE] :: Unknown value: 'Tier8'.
 3:05:22.749 !!! [CE] :: Unknown value: 'Tier9'.
 3:05:22.749 !!! [CE] :: Unknown value: 'Tier7'.
 3:05:22.749 !!! [CE] :: Unknown value: 'Tier8'.
 3:05:22.749 !!! [CE] :: Unknown value: 'Tier9'.
 3:05:22.749 !!! [CE] :: Unknown value: 'Tier7'.
 3:05:22.749 !!! [CE] :: Unknown value: 'Tier8'.
 3:05:22.749 !!! [CE] :: Unknown value: 'Tier9'.
 3:05:22.749 !!! [CE] :: Unknown value: 'Tier7'.
 3:05:22.749 !!! [CE] :: Unknown value: 'Tier8'.
 3:05:22.749 !!! [CE] :: Unknown value: 'Tier9'.
 3:05:22.749 !!! [CE] :: Unknown value: 'Tier7'.
 3:05:22.749 !!! [CE] :: Unknown value: 'Tier8'.
 3:05:22.749 !!! [CE] :: Unknown value: 'Tier9'.
 3:05:22.749 !!! [CE] :: Unknown value: 'Tier7'.
 3:05:22.749 !!! [CE] :: Unknown value: 'Tier8'.
 3:05:22.749 !!! [CE] :: Unknown value: 'Tier9'.
 3:05:22.749 !!! [CE] :: Unknown value: 'Tier7'.
 3:05:22.749 !!! [CE] :: Unknown value: 'Tier8'.
 3:05:22.749 !!! [CE] :: Unknown value: 'Tier9'.
 3:05:22.749 !!! [CE] :: Unknown value: 'Tier7'.
 3:05:22.749 !!! [CE] :: Unknown value: 'Tier8'.
 3:05:22.749 !!! [CE] :: Unknown value: 'Tier9'.
 3:05:22.749 !!! [CE] :: Unknown value: 'Tier7'.
 3:05:22.749 !!! [CE] :: Unknown value: 'Tier8'.
 3:05:22.749 !!! [CE] :: Unknown value: 'Tier9'.
 3:05:22.749 !!! [CE] :: Unknown value: 'Tier7'.
 3:05:22.749 !!! [CE] :: Unknown value: 'Tier8'.
 3:05:22.749 !!! [CE] :: Unknown value: 'Tier9'.
 3:05:22.749 !!! [CE] :: Unknown value: 'Tier7'.
 3:05:22.749 !!! [CE] :: Unknown value: 'Tier8'.
 3:05:22.749 !!! [CE] :: Unknown value: 'Tier9'.
 3:05:22.749 !!! [CE] :: Unknown value: 'Tier7'.
 3:05:22.749 !!! [CE] :: Unknown value: 'Tier8'.
 3:05:22.749 !!! [CE] :: Unknown value: 'Tier9'.
 3:05:22.749 !!! [CE] :: Unknown value: 'Tier7'.
 3:05:22.749 !!! [CE] :: Unknown value: 'Tier8'.
 3:05:22.749 !!! [CE] :: Unknown value: 'Tier9'.
 3:05:22.749 !!! [CE] :: Unknown value: 'Tier7'.
 3:05:22.749 !!! [CE] :: Unknown value: 'Tier8'.
 3:05:22.749 !!! [CE] :: Unknown value: 'Tier9'.
 3:05:22.749 !!! [CE] :: Unknown value: 'Tier7'.
 3:05:22.749 !!! [CE] :: Unknown value: 'Tier8'.
 3:05:22.749 !!! [CE] :: Unknown value: 'Tier9'.
 3:05:22.749 !!! [CE] :: Unknown value: 'Tier7'.
 3:05:22.749 !!! [CE] :: Unknown value: 'Tier8'.
 3:05:22.749 !!! [CE] :: Unknown value: 'Tier9'.
 3:05:22.749 !!! [CE] :: Unknown value: 'Tier7'.
 3:05:22.749 !!! [CE] :: Unknown value: 'Tier8'.
 3:05:22.749 !!! [CE] :: Unknown value: 'Tier9'.
 3:05:22.749 !!! [CE] :: Unknown value: 'Tier7'.
 3:05:22.749 !!! [CE] :: Unknown value: 'Tier8'.
 3:05:22.749 !!! [CE] :: Unknown value: 'Tier9'.
 3:05:22.749 !!! [CE] :: Unknown value: 'Tier7'.
 3:05:22.749 !!! [CE] :: Unknown value: 'Tier8'.
 3:05:22.749 !!! [CE] :: Unknown value: 'Tier9'.
 3:05:22.749 !!! [CE] :: Unknown value: 'Tier7'.
 3:05:22.749 !!! [CE] :: Unknown value: 'Tier8'.
 3:05:22.749 !!! [CE] :: Unknown value: 'Tier9'.
 3:05:22.749 !!! [CE] :: Unknown value: 'Tier7'.
 3:05:22.749 !!! [CE] :: Unknown value: 'Tier8'.
 3:05:22.749 !!! [CE] :: Unknown value: 'Tier9'.
 3:05:22.749 !!! [CE] :: Unknown value: 'Tier7'.
 3:05:22.749 !!! [CE] :: Unknown value: 'Tier8'.
 3:05:22.749 !!! [CE] :: Unknown value: 'Tier9'.
 3:05:22.749 !!! [CE] :: Unknown value: 'Tier7'.
 3:05:22.749 !!! [CE] :: Unknown value: 'Tier8'.
 3:05:22.749 !!! [CE] :: Unknown value: 'Tier9'.
 3:05:22.749 !!! [CE] :: Unknown value: 'Tier7'.
 3:05:22.749 !!! [CE] :: Unknown value: 'Tier8'.
 3:05:22.749 !!! [CE] :: Unknown value: 'Tier9'.
 3:05:22.749 !!! [CE] :: Unknown value: 'Tier7'.
 3:05:22.749 !!! [CE] :: Unknown value: 'Tier8'.
 3:05:22.749 !!! [CE] :: Unknown value: 'Tier9'.
 3:05:22.749 !!! [CE] :: Unknown value: 'Tier7'.
 3:05:22.749 !!! [CE] :: Unknown value: 'Tier8'.
 3:05:22.749 !!! [CE] :: Unknown value: 'Tier9'.
 3:05:22.749 !!! [CE] :: Unknown value: 'Tier7'.
 3:05:22.749 !!! [CE] :: Unknown value: 'Tier8'.
 3:05:22.749 !!! [CE] :: Unknown value: 'Tier9'.
 3:05:22.749 !!! [CE] :: Unknown value: 'Tier7'.
 3:05:22.749 !!! [CE] :: Unknown value: 'Tier8'.
 3:05:22.749 !!! [CE] :: Unknown value: 'Tier9'.
 3:05:22.749 !!! [CE] :: Unknown value: 'Tier7'.
 3:05:22.749 !!! [CE] :: Unknown value: 'Tier8'.
 3:05:22.749 !!! [CE] :: Unknown value: 'Tier9'.
 3:05:22.749 !!! [CE] :: Unknown value: 'Tier7'.
 3:05:22.749 !!! [CE] :: Unknown value: 'Tier8'.
 3:05:22.749 !!! [CE] :: Unknown value: 'Tier9'.
 3:05:22.749 !!! [CE] :: Unknown value: 'Tier7'.
 3:05:22.749 !!! [CE] :: Unknown value: 'Tier8'.
 3:05:22.749 !!! [CE] :: Unknown value: 'Tier9'.
 3:05:22.749 !!! [CE] :: Unknown value: 'Tier7'.
 3:05:22.749 !!! [CE] :: Unknown value: 'Tier8'.
 3:05:22.749 !!! [CE] :: Unknown value: 'Tier9'.
 3:05:22.749 !!! [CE] :: Unknown value: 'Tier7'.
 3:05:22.749 !!! [CE] :: Unknown value: 'Tier8'.
 3:05:22.749 !!! [CE] :: Unknown value: 'Tier9'.
 3:05:22.749 !!! [CE] :: Unknown value: 'Tier7'.
 3:05:22.749 !!! [CE] :: Unknown value: 'Tier8'.
 3:05:22.749 !!! [CE] :: Unknown value: 'Tier9'.
 3:05:22.749 !!! [CE] :: Unknown value: 'Tier7'.
 3:05:22.749 !!! [CE] :: Unknown value: 'Tier8'.
 3:05:22.749 !!! [CE] :: Unknown value: 'Tier9'.
 3:05:22.749 !!! [CE] :: Unknown value: 'Tier7'.
 3:05:22.749 !!! [CE] :: Unknown value: 'Tier8'.
 3:05:22.749 !!! [CE] :: Unknown value: 'Tier9'.
 3:05:22.749 !!! [CE] :: Unknown value: 'Tier7'.
 3:05:22.749 !!! [CE] :: Unknown value: 'Tier8'.
 3:05:22.749 !!! [CE] :: Unknown value: 'Tier9'.
 3:05:22.749 !!! [CE] :: Unknown value: 'Tier7'.
 3:05:22.749 !!! [CE] :: Unknown value: 'Tier8'.
 3:05:22.749 !!! [CE] :: Unknown value: 'Tier9'.
 3:05:22.749 !!! [CE] :: Unknown value: 'Tier7'.
 3:05:22.749 !!! [CE] :: Unknown value: 'Tier8'.
 3:05:22.749 !!! [CE] :: Unknown value: 'Tier9'.
 3:05:22.749 !!! [CE] :: Unknown value: 'Tier7'.
 3:05:22.749 !!! [CE] :: Unknown value: 'Tier8'.
 3:05:22.749 !!! [CE] :: Unknown value: 'Tier9'.
 3:05:22.749 !!! [CE] :: Unknown value: 'Tier7'.
 3:05:22.749 !!! [CE] :: Unknown value: 'Tier8'.
 3:05:22.749 !!! [CE] :: Unknown value: 'Tier9'.
 3:05:22.749 !!! [CE] :: Unknown value: 'Tier7'.
 3:05:22.749 !!! [CE] :: Unknown value: 'Tier8'.
 3:05:22.749 !!! [CE] :: Unknown value: 'Tier9'.
 3:05:22.749 !!! [CE] :: Unknown value: 'Tier7'.
 3:05:22.749 !!! [CE] :: Unknown value: 'Tier8'.
 3:05:22.749 !!! [CE] :: Unknown value: 'Tier9'.
 3:05:22.749 !!! [CE] :: Unknown value: 'Tier7'.
 3:05:22.749 !!! [CE] :: Unknown value: 'Tier8'.
 3:05:22.749 !!! [CE] :: Unknown value: 'Tier9'.
 3:05:22.749 !!! [CE] :: Unknown value: 'Tier7'.
 3:05:22.749 !!! [CE] :: Unknown value: 'Tier8'.
 3:05:22.749 !!! [CE] :: Unknown value: 'Tier9'.
 3:05:22.749 !!! [CE] :: Unknown value: 'Tier7'.
 3:05:22.749 !!! [CE] :: Unknown value: 'Tier8'.
 3:05:22.749 !!! [CE] :: Unknown value: 'Tier9'.
 3:05:22.749 !!! [CE] :: Unknown value: 'Tier7'.
 3:05:22.749 !!! [CE] :: Unknown value: 'Tier8'.
 3:05:22.749 !!! [CE] :: Unknown value: 'Tier9'.
 3:05:22.749 !!! [CE] :: Unknown value: 'Tier7'.
 3:05:22.749 !!! [CE] :: Unknown value: 'Tier8'.
 3:05:22.749 !!! [CE] :: Unknown value: 'Tier9'.
 3:05:22.749 !!! [CE] :: Unknown value: 'Tier7'.
 3:05:22.749 !!! [CE] :: Unknown value: 'Tier8'.
 3:05:22.749 !!! [CE] :: Unknown value: 'Tier9'.
 3:05:22.749 !!! [CE] :: Unknown value: 'Tier7'.
 3:05:22.749 !!! [CE] :: Unknown value: 'Tier8'.
 3:05:22.749 !!! [CE] :: Unknown value: 'Tier9'.
 3:05:22.749 !!! [CE] :: Unknown value: 'Tier7'.
 3:05:22.749 !!! [CE] :: Unknown value: 'Tier8'.
 3:05:22.749 !!! [CE] :: Unknown value: 'Tier9'.
 3:05:22.749 !!! [CE] :: Unknown value: 'Tier7'.
 3:05:22.749 !!! [CE] :: Unknown value: 'Tier8'.
 3:05:22.749 !!! [CE] :: Unknown value: 'Tier9'.
 3:05:22.749 !!! [CE] :: Unknown value: 'Tier7'.
 3:05:22.749 !!! [CE] :: Unknown value: 'Tier8'.
 3:05:22.749 !!! [CE] :: Unknown value: 'Tier9'.
 3:05:22.749 !!! [CE] :: Unknown value: 'Tier7'.
 3:05:22.749 !!! [CE] :: Unknown value: 'Tier8'.
 3:05:22.749 !!! [CE] :: Unknown value: 'Tier9'.
 3:05:22.749 !!! [CE] :: Unknown value: 'Tier7'.
 3:05:22.749 !!! [CE] :: Unknown value: 'Tier8'.
 3:05:22.749 !!! [CE] :: Unknown value: 'Tier9'.
 3:05:22.749 !!! [CE] :: Unknown value: 'Tier7'.
 3:05:22.749 !!! [CE] :: Unknown value: 'Tier8'.
 3:05:22.749 !!! [CE] :: Unknown value: 'Tier9'.
 3:05:22.749 !!! [CE] :: Unknown value: 'Tier7'.
 3:05:22.749 !!! [CE] :: Unknown value: 'Tier8'.
 3:05:22.749 !!! [CE] :: Unknown value: 'Tier9'.
 3:05:22.749 !!! [CE] :: Unknown value: 'Tier7'.
 3:05:22.749 !!! [CE] :: Unknown value: 'Tier8'.
 3:05:22.749 !!! [CE] :: Unknown value: 'Tier9'.
 3:05:22.749 !!! [CE] :: Unknown value: 'Tier7'.
 3:05:22.749 !!! [CE] :: Unknown value: 'Tier8'.
 3:05:22.749 !!! [CE] :: Unknown value: 'Tier9'.
 3:05:22.749 !!! [CE] :: Unknown value: 'Tier7'.
 3:05:22.749 !!! [CE] :: Unknown value: 'Tier8'.
 3:05:22.749 !!! [CE] :: Unknown value: 'Tier9'.
 3:05:22.749 !!! [CE] :: Unknown value: 'Tier7'.
 3:05:22.749 !!! [CE] :: Unknown value: 'Tier8'.
 3:05:22.749 !!! [CE] :: Unknown value: 'Tier9'.
 3:05:22.749 !!! [CE] :: Unknown value: 'Tier7'.
 3:05:22.749 !!! [CE] :: Unknown value: 'Tier8'.
 3:05:22.749 !!! [CE] :: Unknown value: 'Tier9'.
 3:05:22.749 !!! [CE] :: Unknown value: 'Tier7'.
 3:05:22.749 !!! [CE] :: Unknown value: 'Tier8'.
 3:05:22.749 !!! [CE] :: Unknown value: 'Tier9'.
 3:05:22.749 !!! [CE] :: Unknown value: 'Tier7'.
 3:05:22.749 !!! [CE] :: Unknown value: 'Tier8'.
 3:05:22.749 !!! [CE] :: Unknown value: 'Tier9'.
 3:05:22.749 !!! [CE] :: Unknown value: 'Tier7'.
 3:05:22.749 !!! [CE] :: Unknown value: 'Tier8'.
 3:05:22.749 !!! [CE] :: Unknown value: 'Tier9'.
 3:05:22.749 !!! [CE] :: Unknown value: 'Tier7'.
 3:05:22.749 !!! [CE] :: Unknown value: 'Tier8'.
 3:05:22.749 !!! [CE] :: Unknown value: 'Tier9'.
 3:05:22.749 !!! [CE] :: Unknown value: 'Tier7'.
 3:05:22.749 !!! [CE] :: Unknown value: 'Tier8'.
 3:05:22.749 !!! [CE] :: Unknown value: 'Tier9'.
 3:05:22.749 !!! [CE] :: Unknown value: 'Tier7'.
 3:05:22.749 !!! [CE] :: Unknown value: 'Tier8'.
 3:05:22.749 !!! [CE] :: Unknown value: 'Tier9'.
 3:05:22.749 !!! [CE] :: Unknown value: 'Tier7'.
 3:05:22.749 !!! [CE] :: Unknown value: 'Tier8'.
 3:05:22.749 !!! [CE] :: Unknown value: 'Tier9'.
 3:05:22.749 !!! [CE] :: Unknown value: 'Tier7'.
 3:05:22.749 !!! [CE] :: Unknown value: 'Tier8'.
 3:05:22.749 !!! [CE] :: Unknown value: 'Tier9'.
 3:05:22.749 !!! [CE] :: Unknown value: 'Tier7'.
 3:05:22.749 !!! [CE] :: Unknown value: 'Tier8'.
 3:05:22.749 !!! [CE] :: Unknown value: 'Tier9'.
 3:05:22.749 !!! [CE] :: Unknown value: 'Tier7'.
 3:05:22.749 !!! [CE] :: Unknown value: 'Tier8'.
 3:05:22.749 !!! [CE] :: Unknown value: 'Tier9'.
 3:05:22.749 !!! [CE] :: Unknown value: 'Tier7'.
 3:05:22.749 !!! [CE] :: Unknown value: 'Tier8'.
 3:05:22.749 !!! [CE] :: Unknown value: 'Tier9'.
 3:05:22.749 !!! [CE] :: Unknown value: 'Tier7'.
 3:05:22.749 !!! [CE] :: Unknown value: 'Tier8'.
 3:05:22.749 !!! [CE] :: Unknown value: 'Tier9'.
 3:05:22.749 !!! [CE] :: Unknown value: 'Tier7'.
 3:05:22.749 !!! [CE] :: Unknown value: 'Tier8'.
 3:05:22.749 !!! [CE] :: Unknown value: 'Tier9'.
 3:05:22.749 !!! [CE] :: Unknown value: 'Tier7'.
 3:05:22.749 !!! [CE] :: Unknown value: 'Tier8'.
 3:05:22.749 !!! [CE] :: Unknown value: 'Tier9'.
 3:05:22.749 !!! [CE] :: Unknown value: 'Tier7'.
 3:05:22.749 !!! [CE] :: Unknown value: 'Tier8'.
 3:05:22.749 !!! [CE] :: Unknown value: 'Tier9'.
 3:05:22.749 !!! [CE] :: Unknown value: 'Tier7'.
 3:05:22.749 !!! [CE] :: Unknown value: 'Tier8'.
 3:05:22.749 !!! [CE] :: Unknown value: 'Tier9'.
 3:05:22.749 !!! [CE] :: Unknown value: 'Tier7'.
 3:05:22.749 !!! [CE] :: Unknown value: 'Tier8'.
 3:05:22.749 !!! [CE] :: Unknown value: 'Tier9'.
 3:05:22.749 !!! [CE] :: Unknown value: 'Tier7'.
 3:05:22.749 !!! [CE] :: Unknown value: 'Tier8'.
 3:05:22.749 !!! [CE] :: Unknown value: 'Tier9'.
 3:05:22.749 !!! [CE] :: Unknown value: 'Tier7'.
 3:05:22.749 !!! [CE] :: Unknown value: 'Tier8'.
 3:05:22.749 !!! [CE] :: Unknown value: 'Tier9'.
 3:05:22.749 !!! [CE] :: Unknown value: 'Tier7'.
 3:05:22.749 !!! [CE] :: Unknown value: 'Tier8'.
 3:05:22.749 !!! [CE] :: Unknown value: 'Tier9'.
 3:05:22.749 !!! [CE] :: Unknown value: 'Tier7'.
 3:05:22.749 !!! [CE] :: Unknown value: 'Tier8'.
 3:05:22.749 !!! [CE] :: Unknown value: 'Tier9'.
 3:05:22.749 !!! [CE] :: Unknown value: 'Tier7'.
 3:05:22.749 !!! [CE] :: Unknown value: 'Tier8'.
 3:05:22.749 !!! [CE] :: Unknown value: 'Tier9'.
 3:05:22.749 !!! [CE] :: Unknown value: 'Tier7'.
 3:05:22.749 !!! [CE] :: Unknown value: 'Tier8'.
 3:05:22.749 !!! [CE] :: Unknown value: 'Tier9'.
 3:05:22.749 !!! [CE] :: Unknown value: 'Tier7'.
 3:05:22.749 !!! [CE] :: Unknown value: 'Tier8'.
 3:05:22.749 !!! [CE] :: Unknown value: 'Tier9'.
 3:05:22.749 !!! [CE] :: Unknown value: 'Tier7'.
 3:05:22.749 !!! [CE] :: Unknown value: 'Tier8'.
 3:05:22.749 !!! [CE] :: Unknown value: 'Tier9'.
 3:05:22.749 !!! [CE] :: Unknown value: 'Tier7'.
 3:05:22.749 !!! [CE] :: Unknown value: 'Tier8'.
 3:05:22.749 !!! [CE] :: Unknown value: 'Tier9'.
 3:05:22.749 !!! [CE] :: Unknown value: 'Tier7'.
 3:05:22.749 !!! [CE] :: Unknown value: 'Tier8'.
 3:05:22.749 !!! [CE] :: Unknown value: 'Tier9'.
 3:05:22.749 !!! [CE] :: Unknown value: 'Tier7'.
 3:05:22.749 !!! [CE] :: Unknown value: 'Tier8'.
 3:05:22.749 !!! [CE] :: Unknown value: 'Tier9'.
 3:05:22.749 !!! [CE] :: Unknown value: 'Tier7'.
 3:05:22.749 !!! [CE] :: Unknown value: 'Tier8'.
 3:05:22.749 !!! [CE] :: Unknown value: 'Tier9'.
 3:05:22.749 !!! [CE] :: Unknown value: 'Tier7'.
 3:05:22.749 !!! [CE] :: Unknown value: 'Tier8'.
 3:05:22.749 !!! [CE] :: Unknown value: 'Tier9'.
 3:05:22.749 !!! [CE] :: Unknown value: 'Tier7'.
 3:05:22.749 !!! [CE] :: Unknown value: 'Tier8'.
 3:05:22.749 !!! [CE] :: Unknown value: 'Tier9'.
 3:05:22.749 !!! [CE] :: Unknown value: 'Tier7'.
 3:05:22.749 !!! [CE] :: Unknown value: 'Tier8'.
 3:05:22.749 !!! [CE] :: Unknown value: 'Tier9'.
 3:05:22.749 !!! [CE] :: Unknown value: 'Tier7'.
 3:05:22.749 !!! [CE] :: Unknown value: 'Tier8'.
 3:05:22.749 !!! [CE] :: Unknown value: 'Tier9'.
 3:05:22.749 !!! [CE] :: Unknown value: 'Tier7'.
 3:05:22.749 !!! [CE] :: Unknown value: 'Tier8'.
 3:05:22.749 !!! [CE] :: Unknown value: 'Tier9'.
 3:05:22.749 !!! [CE] :: Unknown value: 'Tier7'.
 3:05:22.749 !!! [CE] :: Unknown value: 'Tier8'.
 3:05:22.749 !!! [CE] :: Unknown value: 'Tier9'.
 3:05:22.749 !!! [CE] :: Unknown value: 'Tier7'.
 3:05:22.749 !!! [CE] :: Unknown value: 'Tier8'.
 3:05:22.749 !!! [CE] :: Unknown value: 'Tier9'.
 3:05:22.749 !!! [CE] :: Unknown value: 'Tier7'.
 3:05:22.749 !!! [CE] :: Unknown value: 'Tier8'.
 3:05:22.749 !!! [CE] :: Unknown value: 'Tier9'.
 3:05:22.749 !!! [CE] :: Unknown value: 'Tier7'.
 3:05:22.749 !!! [CE] :: Unknown value: 'Tier8'.
 3:05:22.749 !!! [CE] :: Unknown value: 'Tier9'.
 3:05:22.749 !!! [CE] :: Unknown value: 'Tier7'.
 3:05:22.749 !!! [CE] :: Unknown value: 'Tier8'.
 3:05:22.749 !!! [CE] :: Unknown value: 'Tier9'.
 3:05:22.749 !!! [CE] :: Unknown value: 'Tier7'.
 3:05:22.749 !!! [CE] :: Unknown value: 'Tier8'.
 3:05:22.749 !!! [CE] :: Unknown value: 'Tier9'.
 3:05:22.749 !!! [CE] :: Unknown value: 'Tier7'.
 3:05:22.749 !!! [CE] :: Unknown value: 'Tier8'.
 3:05:22.749 !!! [CE] :: Unknown value: 'Tier9'.
 3:05:22.749 !!! [CE] :: Unknown value: 'Tier7'.
 3:05:22.749 !!! [CE] :: Unknown value: 'Tier8'.
 3:05:22.749 !!! [CE] :: Unknown value: 'Tier9'.
 3:05:22.749 !!! [CE] :: Unknown value: 'Tier7'.
 3:05:22.749 !!! [CE] :: Unknown value: 'Tier8'.
 3:05:22.749 !!! [CE] :: Unknown value: 'Tier9'.
 3:05:22.749 !!! [CE] :: Unknown value: 'Tier7'.
 3:05:22.749 !!! [CE] :: Unknown value: 'Tier8'.
 3:05:22.749 !!! [CE] :: Unknown value: 'Tier9'.
 3:05:22.749 !!! [CE] :: Unknown value: 'Tier7'.
 3:05:22.749 !!! [CE] :: Unknown value: 'Tier8'.
 3:05:22.749 !!! [CE] :: Unknown value: 'Tier9'.
 3:05:22.749 !!! [CE] :: Unknown value: 'Tier7'.
 3:05:22.749 !!! [CE] :: Unknown value: 'Tier8'.
 3:05:22.749 !!! [CE] :: Unknown value: 'Tier9'.
 3:05:22.749 !!! [CE] :: Unknown value: 'Tier7'.
 3:05:22.749 !!! [CE] :: Unknown value: 'Tier8'.
 3:05:22.749 !!! [CE] :: Unknown value: 'Tier9'.
 3:05:22.749 !!! [CE] :: Unknown value: 'Tier7'.
 3:05:22.749 !!! [CE] :: Unknown value: 'Tier8'.
 3:05:22.749 !!! [CE] :: Unknown value: 'Tier9'.
 3:05:22.749 !!! [CE] :: Unknown value: 'Tier7'.
 3:05:22.749 !!! [CE] :: Unknown value: 'Tier8'.
 3:05:22.749 !!! [CE] :: Unknown value: 'Tier9'.
 3:05:22.749 !!! [CE] :: Unknown value: 'Tier7'.
 3:05:22.749 !!! [CE] :: Unknown value: 'Tier8'.
 3:05:22.749 !!! [CE] :: Unknown value: 'Tier9'.
 3:05:22.749 !!! [CE] :: Unknown value: 'Tier7'.
 3:05:22.749 !!! [CE] :: Unknown value: 'Tier8'.
 3:05:22.749 !!! [CE] :: Unknown value: 'Tier9'.
 3:05:22.749 !!! [CE] :: Unknown value: 'Tier7'.
 3:05:22.749 !!! [CE] :: Unknown value: 'Tier8'.
 3:05:22.749 !!! [CE] :: Unknown value: 'Tier9'.
 3:05:22.749 !!! [CE] :: Unknown value: 'Tier7'.
 3:05:22.749 !!! [CE] :: Unknown value: 'Tier8'.
 3:05:22.749 !!! [CE] :: Unknown value: 'Tier9'.
 3:05:22.749 !!! [CE] :: Unknown value: 'Tier7'.
 3:05:22.749 !!! [CE] :: Unknown value: 'Tier8'.
 3:05:22.749 !!! [CE] :: Unknown value: 'Tier9'.
 3:05:22.749 !!! [CE] :: Unknown value: 'Tier7'.
 3:05:22.749 !!! [CE] :: Unknown value: 'Tier8'.
 3:05:22.749 !!! [CE] :: Unknown value: 'Tier9'.
 3:05:22.749 !!! [CE] :: Unknown value: 'Tier7'.
 3:05:22.749 !!! [CE] :: Unknown value: 'Tier8'.
 3:05:22.749 !!! [CE] :: Unknown value: 'Tier9'.
 3:05:22.749 !!! [CE] :: Unknown value: 'Tier7'.
 3:05:22.749 !!! [CE] :: Unknown value: 'Tier8'.
 3:05:22.749 !!! [CE] :: Unknown value: 'Tier9'.
 3:05:22.749 !!! [CE] :: Unknown value: 'Tier7'.
 3:05:22.749 !!! [CE] :: Unknown value: 'Tier8'.
 3:05:22.749 !!! [CE] :: Unknown value: 'Tier9'.
 3:05:22.749 !!! [CE] :: Unknown value: 'Tier7'.
 3:05:22.749 !!! [CE] :: Unknown value: 'Tier8'.
 3:05:22.749 !!! [CE] :: Unknown value: 'Tier9'.
 3:05:22.749 !!! [CE] :: Unknown value: 'Tier7'.
 3:05:22.749 !!! [CE] :: Unknown value: 'Tier8'.
 3:05:22.749 !!! [CE] :: Unknown value: 'Tier9'.
 3:05:22.749 !!! [CE] :: Unknown value: 'Tier7'.
 3:05:22.749 !!! [CE] :: Unknown value: 'Tier8'.
 3:05:22.749 !!! [CE] :: Unknown value: 'Tier9'.
 3:05:22.749 !!! [CE] :: Unknown value: 'Tier7'.
 3:05:22.749 !!! [CE] :: Unknown value: 'Tier8'.
 3:05:22.749 !!! [CE] :: Unknown value: 'Tier9'.
 3:05:22.749 !!! [CE] :: Unknown value: 'Tier7'.
 3:05:22.749 !!! [CE] :: Unknown value: 'Tier8'.
 3:05:22.749 !!! [CE] :: Unknown value: 'Tier9'.
 3:05:22.749 !!! [CE] :: Unknown value: 'Tier7'.
 3:05:22.749 !!! [CE] :: Unknown value: 'Tier8'.
 3:05:22.749 !!! [CE] :: Unknown value: 'Tier9'.
 3:05:22.749 !!! [CE] :: Unknown value: 'Tier7'.
 3:05:22.749 !!! [CE] :: Unknown value: 'Tier8'.
 3:05:22.749 !!! [CE] :: Unknown value: 'Tier9'.
 3:05:22.749 !!! [CE] :: Unknown value: 'Tier7'.
 3:05:22.749 !!! [CE] :: Unknown value: 'Tier8'.
 3:05:22.749 !!! [CE] :: Unknown value: 'Tier9'.
 3:05:22.749 !!! [CE] :: Unknown value: 'Tier7'.
 3:05:22.749 !!! [CE] :: Unknown value: 'Tier8'.
 3:05:22.749 !!! [CE] :: Unknown value: 'Tier9'.
 3:05:22.749 !!! [CE] :: Unknown value: 'Tier7'.
 3:05:22.749 !!! [CE] :: Unknown value: 'Tier8'.
 3:05:22.749 !!! [CE] :: Unknown value: 'Tier9'.
 3:05:22.749 !!! [CE] :: Unknown value: 'Tier7'.
 3:05:22.749 !!! [CE] :: Unknown value: 'Tier8'.
 3:05:22.749 !!! [CE] :: Unknown value: 'Tier9'.
 3:05:22.749 !!! [CE] :: Unknown value: 'Tier7'.
 3:05:22.749 !!! [CE] :: Unknown value: 'Tier8'.
 3:05:22.749 !!! [CE] :: Unknown value: 'Tier9'.
 3:05:22.749 !!! [CE] :: Unknown value: 'Tier7'.
 3:05:22.749 !!! [CE] :: Unknown value: 'Tier8'.
 3:05:22.749 !!! [CE] :: Unknown value: 'Tier9'.
 3:05:22.749 !!! [CE] :: Unknown value: 'Tier7'.
 3:05:22.749 !!! [CE] :: Unknown value: 'Tier8'.
 3:05:22.749 !!! [CE] :: Unknown value: 'Tier9'.
 3:05:22.749 !!! [CE] :: Unknown value: 'Tier7'.
 3:05:22.749 !!! [CE] :: Unknown value: 'Tier8'.
 3:05:22.749 !!! [CE] :: Unknown value: 'Tier9'.
 3:05:22.749 !!! [CE] :: Unknown value: 'Tier7'.
 3:05:22.749 !!! [CE] :: Unknown value: 'Tier8'.
 3:05:22.749 !!! [CE] :: Unknown value: 'Tier9'.
 3:05:22.749 !!! [CE] :: Unknown value: 'Tier7'.
 3:05:22.749 !!! [CE] :: Unknown value: 'Tier8'.
 3:05:22.749 !!! [CE] :: Unknown value: 'Tier9'.
 3:05:22.749 !!! [CE] :: Unknown value: 'Tier7'.
 3:05:22.749 !!! [CE] :: Unknown value: 'Tier8'.
 3:05:22.749 !!! [CE] :: Unknown value: 'Tier9'.
 3:05:22.749 !!! [CE] :: Unknown value: 'Tier7'.
 3:05:22.749 !!! [CE] :: Unknown value: 'Tier8'.
 3:05:22.749 !!! [CE] :: Unknown value: 'Tier9'.
 3:05:22.749 !!! [CE] :: Unknown value: 'Tier7'.
 3:05:22.749 !!! [CE] :: Unknown value: 'Tier8'.
 3:05:22.749 !!! [CE] :: Unknown value: 'Tier9'.
 3:05:22.749 !!! [CE] :: Unknown value: 'Tier7'.
 3:05:22.749 !!! [CE] :: Unknown value: 'Tier8'.
 3:05:22.749 !!! [CE] :: Unknown value: 'Tier9'.
 3:05:22.749 !!! [CE] :: Unknown value: 'Tier7'.
 3:05:22.749 !!! [CE] :: Unknown value: 'Tier8'.
 3:05:22.749 !!! [CE] :: Unknown value: 'Tier9'.
 3:05:22.749 !!! [CE] :: Unknown value: 'Tier7'.
 3:05:22.749 !!! [CE] :: Unknown value: 'Tier8'.
 3:05:22.749 !!! [CE] :: Unknown value: 'Tier9'.
 3:05:22.749 !!! [CE] :: Unknown value: 'Tier7'.
 3:05:22.749 !!! [CE] :: Unknown value: 'Tier8'.
 3:05:22.749 !!! [CE] :: Unknown value: 'Tier9'.
 3:05:22.749 !!! [CE] :: Unknown value: 'Tier7'.
 3:05:22.749 !!! [CE] :: Unknown value: 'Tier8'.
 3:05:22.749 !!! [CE] :: Unknown value: 'Tier9'.
 3:05:22.749 !!! [CE] :: Unknown value: 'Tier7'.
 3:05:22.749 !!! [CE] :: Unknown value: 'Tier8'.
 3:05:22.749 !!! [CE] :: Unknown value: 'Tier9'.
 3:05:22.749 !!! [CE] :: Unknown value: 'Tier7'.
 3:05:22.749 !!! [CE] :: Unknown value: 'Tier8'.
 3:05:22.749 !!! [CE] :: Unknown value: 'Tier9'.
 3:05:22.749 !!! [CE] :: Unknown value: 'Tier7'.
 3:05:22.749 !!! [CE] :: Unknown value: 'Tier8'.
 3:05:22.749 !!! [CE] :: Unknown value: 'Tier9'.
 3:05:22.749 !!! [CE] :: Unknown value: 'Tier7'.
 3:05:22.749 !!! [CE] :: Unknown value: 'Tier8'.
 3:05:22.749 !!! [CE] :: Unknown value: 'Tier9'.
 3:05:22.749 !!! [CE] :: Unknown value: 'Tier7'.
 3:05:22.749 !!! [CE] :: Unknown value: 'Tier8'.
 3:05:22.749 !!! [CE] :: Unknown value: 'Tier9'.
 3:05:22.749 !!! [CE] :: Unknown value: 'Tier7'.
 3:05:22.749 !!! [CE] :: Unknown value: 'Tier8'.
 3:05:22.749 !!! [CE] :: Unknown value: 'Tier9'.
 3:05:22.749 !!! [CE] :: Unknown value: 'Tier7'.
 3:05:22.749 !!! [CE] :: Unknown value: 'Tier8'.
 3:05:22.749 !!! [CE] :: Unknown value: 'Tier9'.
 3:05:22.749 !!! [CE] :: Unknown value: 'Tier7'.
 3:05:22.749 !!! [CE] :: Unknown value: 'Tier8'.
 3:05:22.749 !!! [CE] :: Unknown value: 'Tier9'.
 3:05:22.749 !!! [CE] :: Unknown value: 'Tier7'.
 3:05:22.749 !!! [CE] :: Unknown value: 'Tier8'.
 3:05:22.749 !!! [CE] :: Unknown value: 'Tier9'.
 3:05:22.749 !!! [CE] :: Unknown value: 'Tier7'.
 3:05:22.749 !!! [CE] :: Unknown value: 'Tier8'.
 3:05:22.749 !!! [CE] :: Unknown value: 'Tier9'.
 3:05:22.749 !!! [CE] :: Unknown value: 'Tier7'.
 3:05:22.749 !!! [CE] :: Unknown value: 'Tier8'.
 3:05:22.749 !!! [CE] :: Unknown value: 'Tier9'.
 3:05:22.749 !!! [CE] :: Unknown value: 'Tier7'.
 3:05:22.749 !!! [CE] :: Unknown value: 'Tier8'.
 3:05:22.749 !!! [CE] :: Unknown value: 'Tier9'.
 3:05:22.749 !!! [CE] :: Unknown value: 'Tier7'.
 3:05:22.749 !!! [CE] :: Unknown value: 'Tier8'.
 3:05:22.749 !!! [CE] :: Unknown value: 'Tier9'.
 3:05:22.749 !!! [CE] :: Unknown value: 'Tier7'.
 3:05:22.749 !!! [CE] :: Unknown value: 'Tier8'.
 3:05:22.749 !!! [CE] :: Unknown value: 'Tier9'.
 3:05:22.749 !!! [CE] :: Unknown value: 'Tier7'.
 3:05:22.749 !!! [CE] :: Unknown value: 'Tier8'.
 3:05:22.749 !!! [CE] :: Unknown value: 'Tier9'.
 3:05:22.749 !!! [CE] :: Unknown value: 'Tier7'.
 3:05:22.749 !!! [CE] :: Unknown value: 'Tier8'.
 3:05:22.749 !!! [CE] :: Unknown value: 'Tier9'.
 3:05:22.749 !!! [CE] :: Unknown value: 'Tier7'.
 3:05:22.749 !!! [CE] :: Unknown value: 'Tier8'.
 3:05:22.749 !!! [CE] :: Unknown value: 'Tier9'.
 3:05:22.749 !!! [CE] :: Unknown value: 'Tier7'.
 3:05:22.749 !!! [CE] :: Unknown value: 'Tier8'.
 3:05:22.749 !!! [CE] :: Unknown value: 'Tier9'.
 3:05:22.749 !!! [CE] :: Unknown value: 'Tier7'.
 3:05:22.749 !!! [CE] :: Unknown value: 'Tier8'.
 3:05:22.749 !!! [CE] :: Unknown value: 'Tier9'.
 3:05:22.749 !!! [CE] :: Unknown value: 'Tier7'.
 3:05:22.749 !!! [CE] :: Unknown value: 'Tier8'.
 3:05:22.749 !!! [CE] :: Unknown value: 'Tier9'.
 3:05:22.749 !!! [CE] :: Unknown value: 'Tier7'.
 3:05:22.749 !!! [CE] :: Unknown value: 'Tier8'.
 3:05:22.749 !!! [CE] :: Unknown value: 'Tier9'.
 3:05:22.749 !!! [CE] :: Unknown value: 'Tier7'.
 3:05:22.749 !!! [CE] :: Unknown value: 'Tier8'.
 3:05:22.749 !!! [CE] :: Unknown value: 'Tier9'.
 3:05:22.749 !!! [CE] :: Unknown value: 'Tier7'.
 3:05:22.749 !!! [CE] :: Unknown value: 'Tier8'.
 3:05:22.749 !!! [CE] :: Unknown value: 'Tier9'.
 3:05:22.749 !!! [CE] :: Unknown value: 'Tier7'.
 3:05:22.749 !!! [CE] :: Unknown value: 'Tier8'.
 3:05:22.749 !!! [CE] :: Unknown value: 'Tier9'.
 3:05:22.749 !!! [CE] :: Unknown value: 'Tier7'.
 3:05:22.749 !!! [CE] :: Unknown value: 'Tier8'.
 3:05:22.749 !!! [CE] :: Unknown value: 'Tier9'.
 3:05:22.749 !!! [CE] :: Unknown value: 'Tier7'.
 3:05:22.749 !!! [CE] :: Unknown value: 'Tier8'.
 3:05:22.749 !!! [CE] :: Unknown value: 'Tier9'.
 3:05:22.749 !!! [CE] :: Unknown value: 'Tier7'.
 3:05:22.749 !!! [CE] :: Unknown value: 'Tier8'.
 3:05:22.749 !!! [CE] :: Unknown value: 'Tier9'.
 3:05:22.749 !!! [CE] :: Unknown value: 'Tier7'.
 3:05:22.749 !!! [CE] :: Unknown value: 'Tier8'.
 3:05:22.749 !!! [CE] :: Unknown value: 'Tier9'.
 3:05:22.749 !!! [CE] :: Unknown value: 'Tier7'.
 3:05:22.749 !!! [CE] :: Unknown value: 'Tier8'.
 3:05:22.749 !!! [CE] :: Unknown value: 'Tier9'.
 3:05:22.749 !!! [CE] :: Unknown value: 'Tier7'.
 3:05:22.749 !!! [CE] :: Unknown value: 'Tier8'.
 3:05:22.749 !!! [CE] :: Unknown value: 'Tier9'.
 3:05:22.749 !!! [CE] :: Unknown value: 'Tier7'.
 3:05:22.749 !!! [CE] :: Unknown value: 'Tier8'.
 3:05:22.749 !!! [CE] :: Unknown value: 'Tier9'.
 3:05:22.749 !!! [CE] :: Unknown value: 'Tier7'.
 3:05:22.749 !!! [CE] :: Unknown value: 'Tier8'.
 3:05:22.749 !!! [CE] :: Unknown value: 'Tier9'.
 3:05:22.749 !!! [CE] :: Unknown value: 'Tier7'.
 3:05:22.749 !!! [CE] :: Unknown value: 'Tier8'.
 3:05:22.749 !!! [CE] :: Unknown value: 'Tier9'.
 3:05:22.749 !!! [CE] :: Unknown value: 'Tier7'.
 3:05:22.749 !!! [CE] :: Unknown value: 'Tier8'.
 3:05:22.749 !!! [CE] :: Unknown value: 'Tier9'.
 3:05:22.749 !!! [CE] :: Unknown value: 'Tier7'.
 3:05:22.749 !!! [CE] :: Unknown value: 'Tier8'.
 3:05:22.749 !!! [CE] :: Unknown value: 'Tier9'.
 3:05:22.749 !!! [CE] :: Unknown value: 'Tier7'.
 3:05:22.749 !!! [CE] :: Unknown value: 'Tier8'.
 3:05:22.749 !!! [CE] :: Unknown value: 'Tier9'.
 3:05:22.749 !!! [CE] :: Unknown value: 'Tier7'.
 3:05:22.749 !!! [CE] :: Unknown value: 'Tier8'.
 3:05:22.749 !!! [CE] :: Unknown value: 'Tier9'.
 3:05:22.749 !!! [CE] :: Unknown value: 'Tier7'.
 3:05:22.749 !!! [CE] :: Unknown value: 'Tier8'.
 3:05:22.749 !!! [CE] :: Unknown value: 'Tier9'.
 3:05:22.749 !!! [CE] :: Unknown value: 'Tier7'.
 3:05:22.749 !!! [CE] :: Unknown value: 'Tier8'.
 3:05:22.749 !!! [CE] :: Unknown value: 'Tier9'.
 3:05:22.749 !!! [CE] :: Unknown value: 'Tier7'.
 3:05:22.749 !!! [CE] :: Unknown value: 'Tier8'.
 3:05:22.749 !!! [CE] :: Unknown value: 'Tier9'.
 3:05:22.749 !!! [CE] :: Unknown value: 'Tier7'.
 3:05:22.749 !!! [CE] :: Unknown value: 'Tier8'.
 3:05:22.749 !!! [CE] :: Unknown value: 'Tier9'.
 3:05:22.749 !!! [CE] :: Unknown value: 'Tier7'.
 3:05:22.749 !!! [CE] :: Unknown value: 'Tier8'.
 3:05:22.749 !!! [CE] :: Unknown value: 'Tier9'.
 3:05:22.749 !!! [CE] :: Unknown value: 'Tier7'.
 3:05:22.749 !!! [CE] :: Unknown value: 'Tier8'.
 3:05:22.749 !!! [CE] :: Unknown value: 'Tier9'.
 3:05:22.749 !!! [CE] :: Unknown value: 'Tier7'.
 3:05:22.749 !!! [CE] :: Unknown value: 'Tier8'.
 3:05:22.749 !!! [CE] :: Unknown value: 'Tier9'.
 3:05:22.749 !!! [CE] :: Unknown value: 'Tier7'.
 3:05:22.749 !!! [CE] :: Unknown value: 'Tier8'.
 3:05:22.749 !!! [CE] :: Unknown value: 'Tier9'.
 3:05:22.749 !!! [CE] :: Unknown value: 'Tier7'.
 3:05:22.749 !!! [CE] :: Unknown value: 'Tier8'.
 3:05:22.749 !!! [CE] :: Unknown value: 'Tier9'.
 3:05:22.749 !!! [CE] :: Unknown value: 'Tier7'.
 3:05:22.749 !!! [CE] :: Unknown value: 'Tier8'.
 3:05:22.749 !!! [CE] :: Unknown value: 'Tier9'.
 3:05:22.749 !!! [CE] :: Unknown value: 'Tier7'.
 3:05:22.749 !!! [CE] :: Unknown value: 'Tier8'.
 3:05:22.749 !!! [CE] :: Unknown value: 'Tier9'.
 3:05:22.749 !!! [CE] :: Unknown value: 'Tier7'.
 3:05:22.749 !!! [CE] :: Unknown value: 'Tier8'.
 3:05:22.749 !!! [CE] :: Unknown value: 'Tier9'.
 3:05:22.749 !!! [CE] :: Unknown value: 'Tier7'.
 3:05:22.749 !!! [CE] :: Unknown value: 'Tier8'.
 3:05:22.749 !!! [CE] :: Unknown value: 'Tier9'.
 3:05:22.749 !!! [CE] :: Unknown value: 'Tier7'.
 3:05:22.749 !!! [CE] :: Unknown value: 'Tier8'.
 3:05:22.749 !!! [CE] :: Unknown value: 'Tier9'.
 3:05:22.749 !!! [CE] :: Unknown value: 'Tier7'.
 3:05:22.749 !!! [CE] :: Unknown value: 'Tier8'.
 3:05:22.749 !!! [CE] :: Unknown value: 'Tier9'.
 3:05:22.749 !!! [CE] :: Unknown value: 'Tier7'.
 3:05:22.749 !!! [CE] :: Unknown value: 'Tier8'.
 3:05:22.749 !!! [CE] :: Unknown value: 'Tier9'.
 3:05:22.749 !!! [CE] :: Unknown value: 'Tier7'.
 3:05:22.749 !!! [CE] :: Unknown value: 'Tier8'.
 3:05:22.749 !!! [CE] :: Unknown value: 'Tier9'.
 3:05:22.749 !!! [CE] :: Unknown value: 'Tier7'.
 3:05:22.749 !!! [CE] :: Unknown value: 'Tier8'.
 3:05:22.749 !!! [CE] :: Unknown value: 'Tier9'.
 3:05:22.749 !!! [CE] :: Unknown value: 'Tier7'.
 3:05:22.749 !!! [CE] :: Unknown value: 'Tier8'.
 3:05:22.749 !!! [CE] :: Unknown value: 'Tier9'.
 3:05:22.749 !!! [CE] :: Unknown value: 'Tier7'.
 3:05:22.749 !!! [CE] :: Unknown value: 'Tier8'.
 3:05:22.749 !!! [CE] :: Unknown value: 'Tier9'.
 3:05:22.749 !!! [CE] :: Unknown value: 'Tier7'.
 3:05:22.749 !!! [CE] :: Unknown value: 'Tier8'.
 3:05:22.749 !!! [CE] :: Unknown value: 'Tier9'.
 3:05:22.749 !!! [CE] :: Unknown value: 'Tier7'.
 3:05:22.749 !!! [CE] :: Unknown value: 'Tier8'.
 3:05:22.749 !!! [CE] :: Unknown value: 'Tier9'.
 3:05:22.749 !!! [CE] :: Unknown value: 'Tier7'.
 3:05:22.749 !!! [CE] :: Unknown value: 'Tier8'.
 3:05:22.749 !!! [CE] :: Unknown value: 'Tier9'.
 3:05:22.749 !!! [CE] :: Unknown value: 'Tier7'.
 3:05:22.749 !!! [CE] :: Unknown value: 'Tier8'.
 3:05:22.749 !!! [CE] :: Unknown value: 'Tier9'.
 3:05:22.749 !!! [CE] :: Unknown value: 'Tier7'.
 3:05:22.749 !!! [CE] :: Unknown value: 'Tier8'.
 3:05:22.749 !!! [CE] :: Unknown value: 'Tier9'.
 3:05:22.749 !!! [CE] :: Unknown value: 'Tier7'.
 3:05:22.749 !!! [CE] :: Unknown value: 'Tier8'.
 3:05:22.749 !!! [CE] :: Unknown value: 'Tier9'.
 3:05:22.749 !!! [CE] :: Unknown value: 'Tier7'.
 3:05:22.749 !!! [CE] :: Unknown value: 'Tier8'.
 3:05:22.749 !!! [CE] :: Unknown value: 'Tier9'.
 3:05:22.749 !!! [CE] :: Unknown value: 'Tier7'.
 3:05:22.749 !!! [CE] :: Unknown value: 'Tier8'.
 3:05:22.749 !!! [CE] :: Unknown value: 'Tier9'.
 3:05:22.749 !!! [CE] :: Unknown value: 'Tier7'.
 3:05:22.749 !!! [CE] :: Unknown value: 'Tier8'.
 3:05:22.749 !!! [CE] :: Unknown value: 'Tier9'.
 3:05:22.749 !!! [CE] :: Unknown value: 'Tier7'.
 3:05:22.749 !!! [CE] :: Unknown value: 'Tier8'.
 3:05:22.749 !!! [CE] :: Unknown value: 'Tier9'.
 3:05:22.749 !!! [CE] :: Unknown value: 'Tier7'.
 3:05:22.749 !!! [CE] :: Unknown value: 'Tier8'.
 3:05:22.749 !!! [CE] :: Unknown value: 'Tier9'.
 3:05:22.749 !!! [CE] :: Unknown value: 'Tier7'.
 3:05:22.749 !!! [CE] :: Unknown value: 'Tier8'.
 3:05:22.749 !!! [CE] :: Unknown value: 'Tier9'.
 3:05:22.749 !!! [CE] :: Unknown value: 'Tier7'.
 3:05:22.749 !!! [CE] :: Unknown value: 'Tier8'.
 3:05:22.749 !!! [CE] :: Unknown value: 'Tier9'.
 3:05:22.749 !!! [CE] :: Unknown value: 'Tier7'.
 3:05:22.749 !!! [CE] :: Unknown value: 'Tier8'.
 3:05:22.749 !!! [CE] :: Unknown value: 'Tier9'.
 3:05:22.749 !!! [CE] :: Unknown value: 'Tier7'.
 3:05:22.749 !!! [CE] :: Unknown value: 'Tier8'.
 3:05:22.749 !!! [CE] :: Unknown value: 'Tier9'.
 3:05:22.749 !!! [CE] :: Unknown value: 'Tier7'.
 3:05:22.749 !!! [CE] :: Unknown value: 'Tier8'.
 3:05:22.749 !!! [CE] :: Unknown value: 'Tier9'.
 3:05:22.749 !!! [CE] :: Unknown value: 'Tier7'.
 3:05:22.749 !!! [CE] :: Unknown value: 'Tier8'.
 3:05:22.749 !!! [CE] :: Unknown value: 'Tier9'.
 3:05:22.749 !!! [CE] :: Unknown value: 'Tier7'.
 3:05:22.749 !!! [CE] :: Unknown value: 'Tier8'.
 3:05:22.749 !!! [CE] :: Unknown value: 'Tier9'.
 3:05:22.749 !!! [CE] :: Unknown value: 'Tier7'.
 3:05:22.749 !!! [CE] :: Unknown value: 'Tier8'.
 3:05:22.749 !!! [CE] :: Unknown value: 'Tier9'.
 3:05:22.749 !!! [CE] :: Unknown value: 'Tier7'.
 3:05:22.749 !!! [CE] :: Unknown value: 'Tier8'.
 3:05:22.749 !!! [CE] :: Unknown value: 'Tier9'.
 3:05:22.749 !!! [CE] :: Unknown value: 'Tier7'.
 3:05:22.749 !!! [CE] :: Unknown value: 'Tier8'.
 3:05:22.749 !!! [CE] :: Unknown value: 'Tier9'.
 3:05:22.749 !!! [CE] :: Unknown value: 'Tier7'.
 3:05:22.749 !!! [CE] :: Unknown value: 'Tier8'.
 3:05:22.749 !!! [CE] :: Unknown value: 'Tier9'.
 3:05:22.749 !!! [CE] :: Unknown value: 'Tier7'.
 3:05:22.749 !!! [CE] :: Unknown value: 'Tier8'.
 3:05:22.749 !!! [CE] :: Unknown value: 'Tier9'.
 3:05:22.749 !!! [CE] :: Unknown value: 'Tier7'.
 3:05:22.749 !!! [CE] :: Unknown value: 'Tier8'.
 3:05:22.749 !!! [CE] :: Unknown value: 'Tier9'.
 3:05:22.749 !!! [CE] :: Unknown value: 'Tier7'.
 3:05:22.749 !!! [CE] :: Unknown value: 'Tier8'.
 3:05:22.749 !!! [CE] :: Unknown value: 'Tier9'.
 3:05:22.749 !!! [CE] :: Unknown value: 'Tier7'.
 3:05:22.749 !!! [CE] :: Unknown value: 'Tier8'.
 3:05:22.749 !!! [CE] :: Unknown value: 'Tier9'.
 3:05:22.749 !!! [CE] :: Unknown value: 'Tier7'.
 3:05:22.749 !!! [CE] :: Unknown value: 'Tier8'.
 3:05:22.749 !!! [CE] :: Unknown value: 'Tier9'.
 3:05:22.749 !!! [CE] :: Unknown value: 'Tier7'.
 3:05:22.749 !!! [CE] :: Unknown value: 'Tier8'.
 3:05:22.749 !!! [CE] :: Unknown value: 'Tier9'.
 3:05:22.749 !!! [CE] :: Unknown value: 'Tier7'.
 3:05:22.749 !!! [CE] :: Unknown value: 'Tier8'.
 3:05:22.749 !!! [CE] :: Unknown value: 'Tier9'.
 3:05:22.749 !!! [CE] :: Unknown value: 'Tier7'.
 3:05:22.749 !!! [CE] :: Unknown value: 'Tier8'.
 3:05:22.749 !!! [CE] :: Unknown value: 'Tier9'.
 3:05:22.749 !!! [CE] :: Unknown value: 'Tier7'.
 3:05:22.749 !!! [CE] :: Unknown value: 'Tier8'.
 3:05:22.749 !!! [CE] :: Unknown value: 'Tier9'.
 3:05:22.749 !!! [CE] :: Unknown value: 'Tier7'.
 3:05:22.749 !!! [CE] :: Unknown value: 'Tier8'.
 3:05:22.749 !!! [CE] :: Unknown value: 'Tier9'.
 3:05:22.749 !!! [CE] :: Unknown value: 'Tier7'.
 3:05:22.749 !!! [CE] :: Unknown value: 'Tier8'.
 3:05:22.749 !!! [CE] :: Unknown value: 'Tier9'.
 3:05:22.749 !!! [CE] :: Unknown value: 'Tier7'.
 3:05:22.749 !!! [CE] :: Unknown value: 'Tier8'.
 3:05:22.749 !!! [CE] :: Unknown value: 'Tier9'.
 3:05:22.749 !!! [CE] :: Unknown value: 'Tier7'.
 3:05:22.749 !!! [CE] :: Unknown value: 'Tier8'.
 3:05:22.749 !!! [CE] :: Unknown value: 'Tier9'.
 3:05:22.749 !!! [CE] :: Unknown value: 'Tier7'.
 3:05:22.749 !!! [CE] :: Unknown value: 'Tier8'.
 3:05:22.749 !!! [CE] :: Unknown value: 'Tier9'.
 3:05:22.749 !!! [CE] :: Unknown value: 'Tier7'.
 3:05:22.749 !!! [CE] :: Unknown value: 'Tier8'.
 3:05:22.749 !!! [CE] :: Unknown value: 'Tier9'.
 3:05:22.749 !!! [CE] :: Unknown value: 'Tier7'.
 3:05:22.749 !!! [CE] :: Unknown value: 'Tier8'.
 3:05:22.749 !!! [CE] :: Unknown value: 'Tier9'.
 3:05:22.749 !!! [CE] :: Unknown value: 'Tier7'.
 3:05:22.749 !!! [CE] :: Unknown value: 'Tier8'.
 3:05:22.749 !!! [CE] :: Unknown value: 'Tier9'.
 3:05:22.749 !!! [CE] :: Unknown value: 'Tier7'.
 3:05:22.749 !!! [CE] :: Unknown value: 'Tier8'.
 3:05:22.749 !!! [CE] :: Unknown value: 'Tier9'.
 3:05:22.749 !!! [CE] :: Unknown value: 'Tier7'.
 3:05:22.749 !!! [CE] :: Unknown value: 'Tier8'.
 3:05:22.749 !!! [CE] :: Unknown value: 'Tier9'.
 3:05:22.749 !!! [CE] :: Unknown value: 'Tier7'.
 3:05:22.749 !!! [CE] :: Unknown value: 'Tier8'.
 3:05:22.749 !!! [CE] :: Unknown value: 'Tier9'.
 3:05:22.749 !!! [CE] :: Unknown value: 'Tier7'.
 3:05:22.749 !!! [CE] :: Unknown value: 'Tier8'.
 3:05:22.749 !!! [CE] :: Unknown value: 'Tier9'.
 3:05:22.749 !!! [CE] :: Unknown value: 'Tier7'.
 3:05:22.749 !!! [CE] :: Unknown value: 'Tier8'.
 3:05:22.749 !!! [CE] :: Unknown value: 'Tier9'.
 3:05:22.749 !!! [CE] :: Unknown value: 'Tier7'.
 3:05:22.749 !!! [CE] :: Unknown value: 'Tier8'.
 3:05:22.749 !!! [CE] :: Unknown value: 'Tier9'.
 3:05:22.749 !!! [CE] :: Unknown value: 'Tier7'.
 3:05:22.749 !!! [CE] :: Unknown value: 'Tier8'.
 3:05:22.749 !!! [CE] :: Unknown value: 'Tier9'.
 3:05:22.749 !!! [CE] :: Unknown value: 'Tier7'.
 3:05:22.749 !!! [CE] :: Unknown value: 'Tier8'.
 3:05:22.750 !!! [CE] :: Unknown value: 'Tier9'.
 3:05:22.750 !!! [CE] :: Unknown value: 'Tier7'.
 3:05:22.750 !!! [CE] :: Unknown value: 'Tier8'.
 3:05:22.750 !!! [CE] :: Unknown value: 'Tier9'.
 3:05:22.750 !!! [CE] :: Unknown value: 'Tier7'.
 3:05:22.750 !!! [CE] :: Unknown value: 'Tier8'.
 3:05:22.750 !!! [CE] :: Unknown value: 'Tier9'.
 3:05:22.750 !!! [CE] :: Unknown value: 'Tier7'.
 3:05:22.750 !!! [CE] :: Unknown value: 'Tier8'.
 3:05:22.750 !!! [CE] :: Unknown value: 'Tier9'.
 3:05:22.750 !!! [CE] :: Unknown value: 'Tier7'.
 3:05:22.750 !!! [CE] :: Unknown value: 'Tier8'.
 3:05:22.750 !!! [CE] :: Unknown value: 'Tier9'.
 3:05:22.750 !!! [CE] :: Unknown value: 'Tier7'.
 3:05:22.750 !!! [CE] :: Unknown value: 'Tier8'.
 3:05:22.750 !!! [CE] :: Unknown value: 'Tier9'.
 3:05:22.750 !!! [CE] :: Unknown value: 'Tier7'.
 3:05:22.750 !!! [CE] :: Unknown value: 'Tier8'.
 3:05:22.750 !!! [CE] :: Unknown value: 'Tier9'.
 3:05:22.750 !!! [CE] :: Unknown value: 'Tier7'.
 3:05:22.750 !!! [CE] :: Unknown value: 'Tier8'.
 3:05:22.750 !!! [CE] :: Unknown value: 'Tier9'.
 3:05:22.750 !!! [CE] :: Unknown value: 'Tier7'.
 3:05:22.750 !!! [CE] :: Unknown value: 'Tier8'.
 3:05:22.750 !!! [CE] :: Unknown value: 'Tier9'.
 3:05:22.750 !!! [CE] :: Unknown value: 'Tier7'.
 3:05:22.750 !!! [CE] :: Unknown value: 'Tier8'.
 3:05:22.750 !!! [CE] :: Unknown value: 'Tier9'.
 3:05:22.750 !!! [CE] :: Unknown value: 'Tier7'.
 3:05:22.750 !!! [CE] :: Unknown value: 'Tier8'.
 3:05:22.750 !!! [CE] :: Unknown value: 'Tier9'.
 3:05:22.750 !!! [CE] :: Unknown value: 'Tier7'.
 3:05:22.750 !!! [CE] :: Unknown value: 'Tier8'.
 3:05:22.750 !!! [CE] :: Unknown value: 'Tier9'.
 3:05:22.750 !!! [CE] :: Unknown value: 'Tier7'.
 3:05:22.750 !!! [CE] :: Unknown value: 'Tier8'.
 3:05:22.750 !!! [CE] :: Unknown value: 'Tier9'.
 3:05:22.750 !!! [CE] :: Unknown value: 'Tier7'.
 3:05:22.750 !!! [CE] :: Unknown value: 'Tier8'.
 3:05:22.750 !!! [CE] :: Unknown value: 'Tier9'.
 3:05:22.750 !!! [CE] :: Unknown value: 'Tier7'.
 3:05:22.750 !!! [CE] :: Unknown value: 'Tier8'.
 3:05:22.750 !!! [CE] :: Unknown value: 'Tier9'.
 3:05:22.750 !!! [CE] :: Unknown value: 'Tier7'.
 3:05:22.750 !!! [CE] :: Unknown value: 'Tier8'.
 3:05:22.750 !!! [CE] :: Unknown value: 'Tier9'.
 3:05:22.750 !!! [CE] :: Unknown value: 'Tier7'.
 3:05:22.750 !!! [CE] :: Unknown value: 'Tier8'.
 3:05:22.750 !!! [CE] :: Unknown value: 'Tier9'.
 3:05:22.750 !!! [CE] :: Unknown value: 'Tier7'.
 3:05:22.750 !!! [CE] :: Unknown value: 'Tier8'.
 3:05:22.750 !!! [CE] :: Unknown value: 'Tier9'.
 3:05:22.750 !!! [CE] :: Unknown value: 'Tier7'.
 3:05:22.750 !!! [CE] :: Unknown value: 'Tier8'.
 3:05:22.750 !!! [CE] :: Unknown value: 'Tier9'.
 3:05:22.750 !!! [CE] :: Unknown value: 'Tier7'.
 3:05:22.750 !!! [CE] :: Unknown value: 'Tier8'.
 3:05:22.750 !!! [CE] :: Unknown value: 'Tier9'.
 3:05:22.750 !!! [CE] :: Unknown value: 'Tier7'.
 3:05:22.750 !!! [CE] :: Unknown value: 'Tier8'.
 3:05:22.750 !!! [CE] :: Unknown value: 'Tier9'.
 3:05:22.750 !!! [CE] :: Unknown value: 'Tier7'.
 3:05:22.750 !!! [CE] :: Unknown value: 'Tier8'.
 3:05:22.750 !!! [CE] :: Unknown value: 'Tier9'.
 3:05:22.750 !!! [CE] :: Unknown value: 'Tier7'.
 3:05:22.750 !!! [CE] :: Unknown value: 'Tier8'.
 3:05:22.750 !!! [CE] :: Unknown value: 'Tier9'.
 3:05:22.750 !!! [CE] :: Unknown value: 'Tier7'.
 3:05:22.750 !!! [CE] :: Unknown value: 'Tier8'.
 3:05:22.750 !!! [CE] :: Unknown value: 'Tier9'.
 3:05:22.750 !!! [CE] :: Unknown value: 'Tier7'.
 3:05:22.750 !!! [CE] :: Unknown value: 'Tier8'.
 3:05:22.750 !!! [CE] :: Unknown value: 'Tier9'.
 3:05:22.750 !!! [CE] :: Unknown value: 'Tier7'.
 3:05:22.750 !!! [CE] :: Unknown value: 'Tier8'.
 3:05:22.750 !!! [CE] :: Unknown value: 'Tier9'.
 3:05:22.750 !!! [CE] :: Unknown value: 'Tier7'.
 3:05:22.750 !!! [CE] :: Unknown value: 'Tier8'.
 3:05:22.750 !!! [CE] :: Unknown value: 'Tier9'.
 3:05:22.750 !!! [CE] :: Unknown value: 'Tier7'.
 3:05:22.750 !!! [CE] :: Unknown value: 'Tier8'.
 3:05:22.750 !!! [CE] :: Unknown value: 'Tier9'.
 3:05:22.750 !!! [CE] :: Unknown value: 'Tier7'.
 3:05:22.750 !!! [CE] :: Unknown value: 'Tier8'.
 3:05:22.750 !!! [CE] :: Unknown value: 'Tier9'.
 3:05:22.750 !!! [CE] :: Unknown value: 'Tier7'.
 3:05:22.750 !!! [CE] :: Unknown value: 'Tier8'.
 3:05:22.750 !!! [CE] :: Unknown value: 'Tier9'.
 3:05:22.750 !!! [CE] :: Unknown value: 'Tier7'.
 3:05:22.750 !!! [CE] :: Unknown value: 'Tier8'.
 3:05:22.750 !!! [CE] :: Unknown value: 'Tier9'.
 3:05:22.750 !!! [CE] :: Unknown value: 'Tier7'.
 3:05:22.750 !!! [CE] :: Unknown value: 'Tier8'.
 3:05:22.750 !!! [CE] :: Unknown value: 'Tier9'.
 3:05:22.750 !!! [CE] :: Unknown value: 'Tier7'.
 3:05:22.750 !!! [CE] :: Unknown value: 'Tier8'.
 3:05:22.750 !!! [CE] :: Unknown value: 'Tier9'.
 3:05:22.750 !!! [CE] :: Unknown value: 'Tier7'.
 3:05:22.750 !!! [CE] :: Unknown value: 'Tier8'.
 3:05:22.750 !!! [CE] :: Unknown value: 'Tier9'.
 3:05:22.750 !!! [CE] :: Unknown value: 'Tier7'.
 3:05:22.750 !!! [CE] :: Unknown value: 'Tier8'.
 3:05:22.750 !!! [CE] :: Unknown value: 'Tier9'.
 3:05:22.750 !!! [CE] :: Unknown value: 'Tier7'.
 3:05:22.750 !!! [CE] :: Unknown value: 'Tier8'.
 3:05:22.750 !!! [CE] :: Unknown value: 'Tier9'.
 3:05:22.750 !!! [CE] :: Unknown value: 'Tier7'.
 3:05:22.750 !!! [CE] :: Unknown value: 'Tier8'.
 3:05:22.750 !!! [CE] :: Unknown value: 'Tier9'.
 3:05:22.750 !!! [CE] :: Unknown value: 'Tier7'.
 3:05:22.750 !!! [CE] :: Unknown value: 'Tier8'.
 3:05:22.750 !!! [CE] :: Unknown value: 'Tier9'.
 3:05:22.750 !!! [CE] :: Unknown value: 'Tier7'.
 3:05:22.750 !!! [CE] :: Unknown value: 'Tier8'.
 3:05:22.750 !!! [CE] :: Unknown value: 'Tier9'.
 3:05:22.750 !!! [CE] :: Unknown value: 'Tier7'.
 3:05:22.750 !!! [CE] :: Unknown value: 'Tier8'.
 3:05:22.750 !!! [CE] :: Unknown value: 'Tier9'.
 3:05:22.750 !!! [CE] :: Unknown value: 'Tier7'.
 3:05:22.750 !!! [CE] :: Unknown value: 'Tier8'.
 3:05:22.750 !!! [CE] :: Unknown value: 'Tier9'.
 3:05:22.750 !!! [CE] :: Unknown value: 'Tier7'.
 3:05:22.750 !!! [CE] :: Unknown value: 'Tier8'.
 3:05:22.750 !!! [CE] :: Unknown value: 'Tier9'.
 3:05:22.750 !!! [CE] :: Unknown value: 'Tier7'.
 3:05:22.750 !!! [CE] :: Unknown value: 'Tier8'.
 3:05:22.750 !!! [CE] :: Unknown value: 'Tier9'.
 3:05:22.750 !!! [CE] :: Unknown value: 'Tier7'.
 3:05:22.750 !!! [CE] :: Unknown value: 'Tier8'.
 3:05:22.750 !!! [CE] :: Unknown value: 'Tier9'.
 3:05:22.750 !!! [CE] :: Unknown value: 'Tier7'.
 3:05:22.750 !!! [CE] :: Unknown value: 'Tier8'.
 3:05:22.750 !!! [CE] :: Unknown value: 'Tier9'.
 3:05:22.750 !!! [CE] :: Unknown value: 'Tier7'.
 3:05:22.750 !!! [CE] :: Unknown value: 'Tier8'.
 3:05:22.750 !!! [CE] :: Unknown value: 'Tier9'.
 3:05:22.750 !!! [CE] :: Unknown value: 'Tier7'.
 3:05:22.750 !!! [CE] :: Unknown value: 'Tier8'.
 3:05:22.750 !!! [CE] :: Unknown value: 'Tier9'.
 3:05:22.750 !!! [CE] :: Unknown value: 'Tier7'.
 3:05:22.750 !!! [CE] :: Unknown value: 'Tier8'.
 3:05:22.750 !!! [CE] :: Unknown value: 'Tier9'.
 3:05:22.750 !!! [CE] :: Unknown value: 'Tier7'.
 3:05:22.750 !!! [CE] :: Unknown value: 'Tier8'.
 3:05:22.750 !!! [CE] :: Unknown value: 'Tier9'.
 3:05:22.750 !!! [CE] :: Unknown value: 'Tier7'.
 3:05:22.750 !!! [CE] :: Unknown value: 'Tier8'.
 3:05:22.750 !!! [CE] :: Unknown value: 'Tier9'.
 3:05:22.750 !!! [CE] :: Unknown value: 'Tier7'.
 3:05:22.750 !!! [CE] :: Unknown value: 'Tier8'.
 3:05:22.750 !!! [CE] :: Unknown value: 'Tier9'.
 3:05:22.750 !!! [CE] :: Unknown value: 'Tier7'.
 3:05:22.750 !!! [CE] :: Unknown value: 'Tier8'.
 3:05:22.750 !!! [CE] :: Unknown value: 'Tier9'.
 3:05:22.750 !!! [CE] :: Unknown value: 'Tier7'.
 3:05:22.750 !!! [CE] :: Unknown value: 'Tier8'.
 3:05:22.750 !!! [CE] :: Unknown value: 'Tier9'.
 3:05:22.750 !!! [CE] :: Unknown value: 'Tier7'.
 3:05:22.750 !!! [CE] :: Unknown value: 'Tier8'.
 3:05:22.750 !!! [CE] :: Unknown value: 'Tier9'.
 3:05:22.750 !!! [CE] :: Unknown value: 'Tier7'.
 3:05:22.750 !!! [CE] :: Unknown value: 'Tier8'.
 3:05:22.750 !!! [CE] :: Unknown value: 'Tier9'.
 3:05:22.750 !!! [CE] :: Unknown value: 'Tier7'.
 3:05:22.750 !!! [CE] :: Unknown value: 'Tier8'.
 3:05:22.750 !!! [CE] :: Unknown value: 'Tier9'.
 3:05:22.750 !!! [CE] :: Unknown value: 'Tier7'.
 3:05:22.750 !!! [CE] :: Unknown value: 'Tier8'.
 3:05:22.750 !!! [CE] :: Unknown value: 'Tier9'.
 3:05:22.750 !!! [CE] :: Unknown value: 'Tier7'.
 3:05:22.750 !!! [CE] :: Unknown value: 'Tier8'.
 3:05:22.750 !!! [CE] :: Unknown value: 'Tier9'.
 3:05:22.750 !!! [CE] :: Unknown value: 'Tier7'.
 3:05:22.750 !!! [CE] :: Unknown value: 'Tier8'.
 3:05:22.750 !!! [CE] :: Unknown value: 'Tier9'.
 3:05:22.750 !!! [CE] :: Unknown value: 'Tier7'.
 3:05:22.750 !!! [CE] :: Unknown value: 'Tier8'.
 3:05:22.750 !!! [CE] :: Unknown value: 'Tier9'.
 3:05:22.750 !!! [CE] :: Unknown value: 'Tier7'.
 3:05:22.750 !!! [CE] :: Unknown value: 'Tier8'.
 3:05:22.750 !!! [CE] :: Unknown value: 'Tier9'.
 3:05:22.750 !!! [CE] :: Unknown value: 'Tier7'.
 3:05:22.750 !!! [CE] :: Unknown value: 'Tier8'.
 3:05:22.750 !!! [CE] :: Unknown value: 'Tier9'.
 3:05:22.750 !!! [CE] :: Unknown value: 'Tier7'.
 3:05:22.750 !!! [CE] :: Unknown value: 'Tier8'.
 3:05:22.750 !!! [CE] :: Unknown value: 'Tier9'.
 3:05:22.750 !!! [CE] :: Unknown value: 'Tier7'.
 3:05:22.750 !!! [CE] :: Unknown value: 'Tier8'.
 3:05:22.750 !!! [CE] :: Unknown value: 'Tier9'.
 3:05:22.750 !!! [CE] :: Unknown value: 'Tier7'.
 3:05:22.750 !!! [CE] :: Unknown value: 'Tier8'.
 3:05:22.750 !!! [CE] :: Unknown value: 'Tier9'.
 3:05:22.750 !!! [CE] :: Unknown value: 'Tier7'.
 3:05:22.750 !!! [CE] :: Unknown value: 'Tier8'.
 3:05:22.750 !!! [CE] :: Unknown value: 'Tier9'.
 3:05:22.750 !!! [CE] :: Unknown value: 'Tier7'.
 3:05:22.750 !!! [CE] :: Unknown value: 'Tier8'.
 3:05:22.750 !!! [CE] :: Unknown value: 'Tier9'.
 3:05:22.750 !!! [CE] :: Unknown value: 'Tier7'.
 3:05:22.750 !!! [CE] :: Unknown value: 'Tier8'.
 3:05:22.750 !!! [CE] :: Unknown value: 'Tier9'.
 3:05:22.750 !!! [CE] :: Unknown value: 'Tier7'.
 3:05:22.750 !!! [CE] :: Unknown value: 'Tier8'.
 3:05:22.750 !!! [CE] :: Unknown value: 'Tier9'.
 3:05:22.750 !!! [CE] :: Unknown value: 'Tier7'.
 3:05:22.750 !!! [CE] :: Unknown value: 'Tier8'.
 3:05:22.750 !!! [CE] :: Unknown value: 'Tier9'.
 3:05:22.750 !!! [CE] :: Unknown value: 'Tier7'.
 3:05:22.750 !!! [CE] :: Unknown value: 'Tier8'.
 3:05:22.750 !!! [CE] :: Unknown value: 'Tier9'.
 3:05:22.750 !!! [CE] :: Unknown value: 'Tier7'.
 3:05:22.750 !!! [CE] :: Unknown value: 'Tier8'.
 3:05:22.750 !!! [CE] :: Unknown value: 'Tier9'.
 3:05:22.750 !!! [CE] :: Unknown value: 'Tier7'.
 3:05:22.750 !!! [CE] :: Unknown value: 'Tier8'.
 3:05:22.750 !!! [CE] :: Unknown value: 'Tier9'.
 3:05:22.750 !!! [CE] :: Unknown value: 'Tier7'.
 3:05:22.750 !!! [CE] :: Unknown value: 'Tier8'.
 3:05:22.750 !!! [CE] :: Unknown value: 'Tier9'.
 3:05:22.750 !!! [CE] :: Unknown value: 'Tier7'.
 3:05:22.750 !!! [CE] :: Unknown value: 'Tier8'.
 3:05:22.750 !!! [CE] :: Unknown value: 'Tier9'.
 3:05:22.750 !!! [CE] :: Unknown value: 'Tier7'.
 3:05:22.750 !!! [CE] :: Unknown value: 'Tier8'.
 3:05:22.750 !!! [CE] :: Unknown value: 'Tier9'.
 3:05:22.750 !!! [CE] :: Unknown value: 'Tier7'.
 3:05:22.750 !!! [CE] :: Unknown value: 'Tier8'.
 3:05:22.750 !!! [CE] :: Unknown value: 'Tier9'.
 3:05:22.750 !!! [CE] :: Unknown value: 'Tier7'.
 3:05:22.750 !!! [CE] :: Unknown value: 'Tier8'.
 3:05:22.750 !!! [CE] :: Unknown value: 'Tier9'.
 3:05:22.750 !!! [CE] :: Unknown value: 'Tier7'.
 3:05:22.750 !!! [CE] :: Unknown value: 'Tier8'.
 3:05:22.750 !!! [CE] :: Unknown value: 'Tier9'.
 3:05:22.750 !!! [CE] :: Unknown value: 'Tier7'.
 3:05:22.750 !!! [CE] :: Unknown value: 'Tier8'.
 3:05:22.750 !!! [CE] :: Unknown value: 'Tier9'.
 3:05:22.750 !!! [CE] :: Unknown value: 'Tier7'.
 3:05:22.750 !!! [CE] :: Unknown value: 'Tier8'.
 3:05:22.750 !!! [CE] :: Unknown value: 'Tier9'.
 3:05:22.750 !!! [CE] :: Unknown value: 'Tier7'.
 3:05:22.750 !!! [CE] :: Unknown value: 'Tier8'.
 3:05:22.750 !!! [CE] :: Unknown value: 'Tier9'.
 3:05:22.750 !!! [CE] :: Unknown value: 'Tier7'.
 3:05:22.750 !!! [CE] :: Unknown value: 'Tier8'.
 3:05:22.750 !!! [CE] :: Unknown value: 'Tier9'.
 3:05:22.750 !!! [CE] :: Unknown value: 'Tier7'.
 3:05:22.750 !!! [CE] :: Unknown value: 'Tier8'.
 3:05:22.750 !!! [CE] :: Unknown value: 'Tier9'.
 3:05:22.750 !!! [CE] :: Unknown value: 'Tier7'.
 3:05:22.750 !!! [CE] :: Unknown value: 'Tier8'.
 3:05:22.750 !!! [CE] :: Unknown value: 'Tier9'.
 3:05:22.750 !!! [CE] :: Unknown value: 'Tier7'.
 3:05:22.750 !!! [CE] :: Unknown value: 'Tier8'.
 3:05:22.750 !!! [CE] :: Unknown value: 'Tier9'.
 3:05:22.750 !!! [CE] :: Unknown value: 'Tier7'.
 3:05:22.750 !!! [CE] :: Unknown value: 'Tier8'.
 3:05:22.750 !!! [CE] :: Unknown value: 'Tier9'.
 3:05:22.750 !!! [CE] :: Unknown value: 'Tier7'.
 3:05:22.750 !!! [CE] :: Unknown value: 'Tier8'.
 3:05:22.750 !!! [CE] :: Unknown value: 'Tier9'.
 3:05:22.750 !!! [CE] :: Unknown value: 'Tier7'.
 3:05:22.750 !!! [CE] :: Unknown value: 'Tier8'.
 3:05:22.750 !!! [CE] :: Unknown value: 'Tier9'.
 3:05:22.750 !!! [CE] :: Unknown value: 'Tier7'.
 3:05:22.750 !!! [CE] :: Unknown value: 'Tier8'.
 3:05:22.750 !!! [CE] :: Unknown value: 'Tier9'.
 3:05:22.750 !!! [CE] :: Unknown value: 'Tier7'.
 3:05:22.750 !!! [CE] :: Unknown value: 'Tier8'.
 3:05:22.750 !!! [CE] :: Unknown value: 'Tier9'.
 3:05:22.750 !!! [CE] :: Unknown value: 'Tier7'.
 3:05:22.750 !!! [CE] :: Unknown value: 'Tier8'.
 3:05:22.750 !!! [CE] :: Unknown value: 'Tier9'.
 3:05:22.750 !!! [CE] :: Unknown value: 'Tier7'.
 3:05:22.750 !!! [CE] :: Unknown value: 'Tier8'.
 3:05:22.750 !!! [CE] :: Unknown value: 'Tier9'.
 3:05:22.750 !!! [CE] :: Unknown value: 'Tier7'.
 3:05:22.750 !!! [CE] :: Unknown value: 'Tier8'.
 3:05:22.750 !!! [CE] :: Unknown value: 'Tier9'.
 3:05:22.750 !!! [CE] :: Unknown value: 'Tier7'.
 3:05:22.750 !!! [CE] :: Unknown value: 'Tier8'.
 3:05:22.750 !!! [CE] :: Unknown value: 'Tier9'.
 3:05:22.750 !!! [CE] :: Unknown value: 'Unique'.
 3:05:22.750 !!! [CE] :: Unknown value: 'Tier7'.
 3:05:22.750 !!! [CE] :: Unknown value: 'Tier8'.
 3:05:22.750 !!! [CE] :: Unknown value: 'Tier9'.
 3:05:22.750 !!! [CE] :: Unknown value: 'Tier7'.
 3:05:22.750 !!! [CE] :: Unknown value: 'Tier8'.
 3:05:22.750 !!! [CE] :: Unknown value: 'Tier9'.
 3:05:22.750 !!! [CE] :: Unknown value: 'Tier7'.
 3:05:22.750 !!! [CE] :: Unknown value: 'Tier8'.
 3:05:22.750 !!! [CE] :: Unknown value: 'Tier9'.
 3:05:22.750 !!! [CE] :: Unknown value: 'Tier7'.
 3:05:22.750 !!! [CE] :: Unknown value: 'Tier8'.
 3:05:22.750 !!! [CE] :: Unknown value: 'Tier9'.
 3:05:22.750 !!! [CE] :: Unknown value: 'Tier7'.
 3:05:22.750 !!! [CE] :: Unknown value: 'Tier8'.
 3:05:22.750 !!! [CE] :: Unknown value: 'Tier9'.
 3:05:22.750 !!! [CE] :: Unknown value: 'Tier7'.
 3:05:22.750 !!! [CE] :: Unknown value: 'Tier8'.
 3:05:22.750 !!! [CE] :: Unknown value: 'Tier9'.
 3:05:22.750 !!! [CE] :: Unknown value: 'Tier7'.
 3:05:22.750 !!! [CE] :: Unknown value: 'Tier8'.
 3:05:22.750 !!! [CE] :: Unknown value: 'Tier9'.
 3:05:22.750 !!! [CE] :: Unknown value: 'Tier7'.
 3:05:22.750 !!! [CE] :: Unknown value: 'Tier8'.
 3:05:22.750 !!! [CE] :: Unknown value: 'Tier9'.
 3:05:22.750 !!! [CE] :: Unknown value: 'Tier7'.
 3:05:22.750 !!! [CE] :: Unknown value: 'Tier8'.
 3:05:22.750 !!! [CE] :: Unknown value: 'Tier9'.
 3:05:22.750 !!! [CE] :: Unknown value: 'Tier7'.
 3:05:22.750 !!! [CE] :: Unknown value: 'Tier8'.
 3:05:22.750 !!! [CE] :: Unknown value: 'Tier9'.
 3:05:22.750 !!! [CE] :: Unknown value: 'Tier7'.
 3:05:22.750 !!! [CE] :: Unknown value: 'Tier8'.
 3:05:22.750 !!! [CE] :: Unknown value: 'Tier9'.
 3:05:22.750 !!! [CE] :: Unknown value: 'Tier7'.
 3:05:22.750 !!! [CE] :: Unknown value: 'Tier8'.
 3:05:22.750 !!! [CE] :: Unknown value: 'Tier9'.
 3:05:22.750 !!! [CE] :: Unknown value: 'Tier7'.
 3:05:22.750 !!! [CE] :: Unknown value: 'Tier8'.
 3:05:22.750 !!! [CE] :: Unknown value: 'Tier9'.
 3:05:22.750 !!! [CE] :: Unknown value: 'Tier7'.
 3:05:22.750 !!! [CE] :: Unknown value: 'Tier8'.
 3:05:22.750 !!! [CE] :: Unknown value: 'Tier9'.
 3:05:22.750 !!! [CE] :: Unknown value: 'Tier7'.
 3:05:22.750 !!! [CE] :: Unknown value: 'Tier8'.
 3:05:22.750 !!! [CE] :: Unknown value: 'Tier9'.
 3:05:22.750 !!! [CE] :: Unknown value: 'Tier7'.
 3:05:22.750 !!! [CE] :: Unknown value: 'Tier8'.
 3:05:22.750 !!! [CE] :: Unknown value: 'Tier9'.
 3:05:22.750 !!! [CE] :: Unknown value: 'Tier7'.
 3:05:22.750 !!! [CE] :: Unknown value: 'Tier8'.
 3:05:22.750 !!! [CE] :: Unknown value: 'Tier9'.
 3:05:22.750 !!! [CE] :: Unknown value: 'Tier7'.
 3:05:22.750 !!! [CE] :: Unknown value: 'Tier8'.
 3:05:22.750 !!! [CE] :: Unknown value: 'Tier9'.
 3:05:22.750 !!! [CE] :: Unknown value: 'Tier7'.
 3:05:22.750 !!! [CE] :: Unknown value: 'Tier8'.
 3:05:22.750 !!! [CE] :: Unknown value: 'Tier9'.
 3:05:22.750 !!! [CE] :: Unknown value: 'Tier7'.
 3:05:22.750 !!! [CE] :: Unknown value: 'Tier8'.
 3:05:22.750 !!! [CE] :: Unknown value: 'Tier9'.
 3:05:22.750 !!! [CE] :: Unknown value: 'Tier7'.
 3:05:22.750 !!! [CE] :: Unknown value: 'Tier8'.
 3:05:22.750 !!! [CE] :: Unknown value: 'Tier9'.
 3:05:22.750 !!! [CE] :: Unknown value: 'Tier7'.
 3:05:22.750 !!! [CE] :: Unknown value: 'Tier8'.
 3:05:22.750 !!! [CE] :: Unknown value: 'Tier9'.
 3:05:22.750 !!! [CE] :: Unknown value: 'Tier7'.
 3:05:22.750 !!! [CE] :: Unknown value: 'Tier8'.
 3:05:22.750 !!! [CE] :: Unknown value: 'Tier9'.
 3:05:22.750 !!! [CE] :: Unknown value: 'Tier7'.
 3:05:22.750 !!! [CE] :: Unknown value: 'Tier8'.
 3:05:22.750 !!! [CE] :: Unknown value: 'Tier9'.
 3:05:22.750 !!! [CE] :: Unknown value: 'Tier7'.
 3:05:22.750 !!! [CE] :: Unknown value: 'Tier8'.
 3:05:22.750 !!! [CE] :: Unknown value: 'Tier9'.
 3:05:22.750 !!! [CE] :: Unknown value: 'Tier7'.
 3:05:22.750 !!! [CE] :: Unknown value: 'Tier8'.
 3:05:22.750 !!! [CE] :: Unknown value: 'Tier9'.
 3:05:22.750 !!! [CE] :: Unknown value: 'Tier7'.
 3:05:22.750 !!! [CE] :: Unknown value: 'Tier8'.
 3:05:22.750 !!! [CE] :: Unknown value: 'Tier9'.
 3:05:22.750 !!! [CE] :: Unknown value: 'Tier7'.
 3:05:22.750 !!! [CE] :: Unknown value: 'Tier8'.
 3:05:22.750 !!! [CE] :: Unknown value: 'Tier9'.
 3:05:22.750 !!! [CE] :: Unknown value: 'Tier7'.
 3:05:22.750 !!! [CE] :: Unknown value: 'Tier8'.
 3:05:22.750 !!! [CE] :: Unknown value: 'Tier9'.
 3:05:22.750 !!! [CE] :: Unknown value: 'Tier7'.
 3:05:22.750 !!! [CE] :: Unknown value: 'Tier8'.
 3:05:22.750 !!! [CE] :: Unknown value: 'Tier9'.
 3:05:22.750 !!! [CE] :: Unknown value: 'Tier7'.
 3:05:22.750 !!! [CE] :: Unknown value: 'Tier8'.
 3:05:22.750 !!! [CE] :: Unknown value: 'Tier9'.
 3:05:22.750 !!! [CE] :: Unknown value: 'Tier7'.
 3:05:22.750 !!! [CE] :: Unknown value: 'Tier8'.
 3:05:22.750 !!! [CE] :: Unknown value: 'Tier9'.
 3:05:22.750 !!! [CE] :: Unknown value: 'Tier7'.
 3:05:22.750 !!! [CE] :: Unknown value: 'Tier8'.
 3:05:22.750 !!! [CE] :: Unknown value: 'Tier9'.
 3:05:22.750 !!! [CE] :: Unknown value: 'Tier7'.
 3:05:22.750 !!! [CE] :: Unknown value: 'Tier8'.
 3:05:22.750 !!! [CE] :: Unknown value: 'Tier9'.
 3:05:22.750 !!! [CE] :: Unknown value: 'Tier7'.
 3:05:22.750 !!! [CE] :: Unknown value: 'Tier8'.
 3:05:22.750 !!! [CE] :: Unknown value: 'Tier9'.
 3:05:22.750 !!! [CE] :: Unknown value: 'Tier7'.
 3:05:22.750 !!! [CE] :: Unknown value: 'Tier8'.
 3:05:22.750 !!! [CE] :: Unknown value: 'Tier9'.
 3:05:22.750 !!! [CE] :: Unknown value: 'Tier7'.
 3:05:22.750 !!! [CE] :: Unknown value: 'Tier8'.
 3:05:22.750 !!! [CE] :: Unknown value: 'Tier9'.
 3:05:22.750 !!! [CE] :: Unknown value: 'Tier7'.
 3:05:22.750 !!! [CE] :: Unknown value: 'Tier8'.
 3:05:22.750 !!! [CE] :: Unknown value: 'Tier9'.
 3:05:22.750 !!! [CE] :: Unknown value: 'Tier7'.
 3:05:22.750 !!! [CE] :: Unknown value: 'Tier8'.
 3:05:22.750 !!! [CE] :: Unknown value: 'Tier9'.
 3:05:22.750 !!! [CE] :: Unknown value: 'Tier7'.
 3:05:22.750 !!! [CE] :: Unknown value: 'Tier8'.
 3:05:22.750 !!! [CE] :: Unknown value: 'Tier9'.
 3:05:22.750 !!! [CE] :: Unknown value: 'Tier7'.
 3:05:22.750 !!! [CE] :: Unknown value: 'Tier8'.
 3:05:22.750 !!! [CE] :: Unknown value: 'Tier9'.
 3:05:22.750 !!! [CE] :: Unknown value: 'Tier7'.
 3:05:22.750 !!! [CE] :: Unknown value: 'Tier8'.
 3:05:22.750 !!! [CE] :: Unknown value: 'Tier9'.
 3:05:22.750 !!! [CE] :: Unknown value: 'Tier7'.
 3:05:22.750 !!! [CE] :: Unknown value: 'Tier8'.
 3:05:22.750 !!! [CE] :: Unknown value: 'Tier9'.
 3:05:22.750 !!! [CE] :: Unknown value: 'Tier7'.
 3:05:22.750 !!! [CE] :: Unknown value: 'Tier8'.
 3:05:22.750 !!! [CE] :: Unknown value: 'Tier9'.
 3:05:22.750 !!! [CE] :: Unknown value: 'Tier7'.
 3:05:22.750 !!! [CE] :: Unknown value: 'Tier8'.
 3:05:22.750 !!! [CE] :: Unknown value: 'Tier9'.
 3:05:22.750 !!! [CE] :: Unknown value: 'Tier7'.
 3:05:22.750 !!! [CE] :: Unknown value: 'Tier8'.
 3:05:22.750 !!! [CE] :: Unknown value: 'Tier9'.
 3:05:22.750 !!! [CE] :: Unknown value: 'Tier7'.
 3:05:22.750 !!! [CE] :: Unknown value: 'Tier8'.
 3:05:22.750 !!! [CE] :: Unknown value: 'Tier9'.
 3:05:22.750 !!! [CE] :: Unknown value: 'Tier7'.
 3:05:22.750 !!! [CE] :: Unknown value: 'Tier8'.
 3:05:22.750 !!! [CE] :: Unknown value: 'Tier9'.
 3:05:22.750 !!! [CE] :: Unknown value: 'Tier7'.
 3:05:22.750 !!! [CE] :: Unknown value: 'Tier8'.
 3:05:22.750 !!! [CE] :: Unknown value: 'Tier9'.
 3:05:22.750 !!! [CE] :: Unknown value: 'Tier7'.
 3:05:22.750 !!! [CE] :: Unknown value: 'Tier8'.
 3:05:22.750 !!! [CE] :: Unknown value: 'Tier9'.
 3:05:22.750 !!! [CE] :: Unknown value: 'Tier7'.
 3:05:22.750 !!! [CE] :: Unknown value: 'Tier8'.
 3:05:22.750 !!! [CE] :: Unknown value: 'Tier9'.
 3:05:22.750 !!! [CE] :: Unknown value: 'Tier7'.
 3:05:22.750 !!! [CE] :: Unknown value: 'Tier8'.
 3:05:22.750 !!! [CE] :: Unknown value: 'Tier9'.
 3:05:22.750 !!! [CE] :: Unknown value: 'Tier7'.
 3:05:22.750 !!! [CE] :: Unknown value: 'Tier8'.
 3:05:22.750 !!! [CE] :: Unknown value: 'Tier9'.
 3:05:22.750 !!! [CE] :: Unknown value: 'Tier7'.
 3:05:22.750 !!! [CE] :: Unknown value: 'Tier8'.
 3:05:22.750 !!! [CE] :: Unknown value: 'Tier9'.
 3:05:22.750 !!! [CE] :: Unknown value: 'Unique'.
 3:05:22.750 !!! [CE] :: Unknown value: 'Tier7'.
 3:05:22.750 !!! [CE] :: Unknown value: 'Tier8'.
 3:05:22.750 !!! [CE] :: Unknown value: 'Tier9'.
 3:05:22.750 !!! [CE] :: Unknown value: 'Unique'.
 3:05:22.750 !!! [CE] :: Unknown value: 'Tier7'.
 3:05:22.750 !!! [CE] :: Unknown value: 'Tier8'.
 3:05:22.750 !!! [CE] :: Unknown value: 'Tier9'.
 3:05:22.750 !!! [CE] :: Unknown value: 'Unique'.
 3:05:22.750 !!! [CE] :: Unknown value: 'Tier7'.
 3:05:22.750 !!! [CE] :: Unknown value: 'Tier8'.
 3:05:22.750 !!! [CE] :: Unknown value: 'Tier9'.
 3:05:22.750 !!! [CE] :: Unknown value: 'Unique'.
 3:05:22.750 !!! [CE] :: Unknown value: 'Tier7'.
 3:05:22.750 !!! [CE] :: Unknown value: 'Tier8'.
 3:05:22.750 !!! [CE] :: Unknown value: 'Tier9'.
 3:05:22.750 !!! [CE] :: Unknown value: 'Tier7'.
 3:05:22.750 !!! [CE] :: Unknown value: 'Tier8'.
 3:05:22.750 !!! [CE] :: Unknown value: 'Tier9'.
 3:05:22.750 !!! [CE] :: Unknown value: 'Tier7'.
 3:05:22.750 !!! [CE] :: Unknown value: 'Tier8'.
 3:05:22.750 !!! [CE] :: Unknown value: 'Tier9'.
 3:05:22.750 !!! [CE] :: Unknown value: 'Tier7'.
 3:05:22.750 !!! [CE] :: Unknown value: 'Tier8'.
 3:05:22.750 !!! [CE] :: Unknown value: 'Tier9'.
 3:05:22.750 !!! [CE] :: Unknown value: 'Tier7'.
 3:05:22.750 !!! [CE] :: Unknown value: 'Tier8'.
 3:05:22.750 !!! [CE] :: Unknown value: 'Tier9'.
 3:05:22.750 !!! [CE] :: Unknown value: 'Tier7'.
 3:05:22.750 !!! [CE] :: Unknown value: 'Tier8'.
 3:05:22.750 !!! [CE] :: Unknown value: 'Tier9'.
 3:05:22.750 !!! [CE] :: Unknown value: 'Tier7'.
 3:05:22.750 !!! [CE] :: Unknown value: 'Tier8'.
 3:05:22.750 !!! [CE] :: Unknown value: 'Tier9'.
 3:05:22.750 !!! [CE] :: Unknown value: 'Tier7'.
 3:05:22.750 !!! [CE] :: Unknown value: 'Tier8'.
 3:05:22.750 !!! [CE] :: Unknown value: 'Tier9'.
 3:05:22.750 !!! [CE] :: Unknown value: 'Tier7'.
 3:05:22.750 !!! [CE] :: Unknown value: 'Tier8'.
 3:05:22.750 !!! [CE] :: Unknown value: 'Tier9'.
 3:05:22.750 !!! [CE] :: Unknown value: 'Tier7'.
 3:05:22.750 !!! [CE] :: Unknown value: 'Tier8'.
 3:05:22.750 !!! [CE] :: Unknown value: 'Tier9'.
 3:05:22.750 !!! [CE] :: Unknown value: 'Tier7'.
 3:05:22.750 !!! [CE] :: Unknown value: 'Tier8'.
 3:05:22.750 !!! [CE] :: Unknown value: 'Tier9'.
 3:05:22.750 !!! [CE] :: Unknown value: 'Tier7'.
 3:05:22.750 !!! [CE] :: Unknown value: 'Tier8'.
 3:05:22.750 !!! [CE] :: Unknown value: 'Tier9'.
 3:05:22.750 !!! [CE] :: Unknown value: 'Tier7'.
 3:05:22.750 !!! [CE] :: Unknown value: 'Tier8'.
 3:05:22.750 !!! [CE] :: Unknown value: 'Tier9'.
 3:05:22.750 !!! [CE] :: Unknown value: 'Tier7'.
 3:05:22.750 !!! [CE] :: Unknown value: 'Tier8'.
 3:05:22.750 !!! [CE] :: Unknown value: 'Tier9'.
 3:05:22.750 !!! [CE] :: Unknown value: 'Tier7'.
 3:05:22.750 !!! [CE] :: Unknown value: 'Tier8'.
 3:05:22.750 !!! [CE] :: Unknown value: 'Tier9'.
 3:05:22.750 !!! [CE] :: Unknown value: 'Tier7'.
 3:05:22.750 !!! [CE] :: Unknown value: 'Tier8'.
 3:05:22.750 !!! [CE] :: Unknown value: 'Tier9'.
 3:05:22.750 !!! [CE] :: Unknown value: 'Tier7'.
 3:05:22.750 !!! [CE] :: Unknown value: 'Tier8'.
 3:05:22.750 !!! [CE] :: Unknown value: 'Tier9'.
 3:05:22.750 !!! [CE] :: Unknown value: 'Tier7'.
 3:05:22.750 !!! [CE] :: Unknown value: 'Tier8'.
 3:05:22.750 !!! [CE] :: Unknown value: 'Tier9'.
 3:05:22.750 !!! [CE] :: Unknown value: 'Tier7'.
 3:05:22.750 !!! [CE] :: Unknown value: 'Tier8'.
 3:05:22.750 !!! [CE] :: Unknown value: 'Tier9'.
 3:05:22.750 !!! [CE] :: Unknown value: 'Tier7'.
 3:05:22.750 !!! [CE] :: Unknown value: 'Tier8'.
 3:05:22.750 !!! [CE] :: Unknown value: 'Tier9'.
 3:05:22.750 !!! [CE] :: Unknown value: 'Tier7'.
 3:05:22.750 !!! [CE] :: Unknown value: 'Tier8'.
 3:05:22.750 !!! [CE] :: Unknown value: 'Tier9'.
 3:05:22.750 !!! [CE] :: Unknown value: 'Tier7'.
 3:05:22.750 !!! [CE] :: Unknown value: 'Tier8'.
 3:05:22.750 !!! [CE] :: Unknown value: 'Tier9'.
 3:05:22.750 !!! [CE] :: Unknown value: 'Tier7'.
 3:05:22.750 !!! [CE] :: Unknown value: 'Tier8'.
 3:05:22.750 !!! [CE] :: Unknown value: 'Tier9'.
 3:05:22.750 !!! [CE] :: Unknown value: 'Tier7'.
 3:05:22.750 !!! [CE] :: Unknown value: 'Tier8'.
 3:05:22.750 !!! [CE] :: Unknown value: 'Tier9'.
 3:05:22.750 !!! [CE] :: Unknown value: 'Tier7'.
 3:05:22.750 !!! [CE] :: Unknown value: 'Tier8'.
 3:05:22.750 !!! [CE] :: Unknown value: 'Tier9'.
 3:05:22.750 !!! [CE] :: Unknown value: 'Tier7'.
 3:05:22.750 !!! [CE] :: Unknown value: 'Tier8'.
 3:05:22.750 !!! [CE] :: Unknown value: 'Tier9'.
 3:05:22.750 !!! [CE] :: Unknown value: 'Tier7'.
 3:05:22.750 !!! [CE] :: Unknown value: 'Tier8'.
 3:05:22.750 !!! [CE] :: Unknown value: 'Tier9'.
 3:05:22.750 !!! [CE] :: Unknown value: 'Tier7'.
 3:05:22.750 !!! [CE] :: Unknown value: 'Tier8'.
 3:05:22.750 !!! [CE] :: Unknown value: 'Tier9'.
 3:05:22.750 !!! [CE] :: Unknown value: 'Tier7'.
 3:05:22.750 !!! [CE] :: Unknown value: 'Tier8'.
 3:05:22.750 !!! [CE] :: Unknown value: 'Tier9'.
 3:05:22.750 !!! [CE] :: Unknown value: 'Tier7'.
 3:05:22.750 !!! [CE] :: Unknown value: 'Tier8'.
 3:05:22.750 !!! [CE] :: Unknown value: 'Tier9'.
 3:05:22.750 !!! [CE] :: Unknown value: 'Tier7'.
 3:05:22.750 !!! [CE] :: Unknown value: 'Tier8'.
 3:05:22.750 !!! [CE] :: Unknown value: 'Tier9'.
 3:05:22.750 !!! [CE] :: Unknown value: 'Tier7'.
 3:05:22.750 !!! [CE] :: Unknown value: 'Tier8'.
 3:05:22.750 !!! [CE] :: Unknown value: 'Tier9'.
 3:05:22.750 !!! [CE] :: Unknown value: 'Tier7'.
 3:05:22.750 !!! [CE] :: Unknown value: 'Tier8'.
 3:05:22.750 !!! [CE] :: Unknown value: 'Tier9'.
 3:05:22.750 !!! [CE] :: Unknown value: 'Tier7'.
 3:05:22.750 !!! [CE] :: Unknown value: 'Tier8'.
 3:05:22.750 !!! [CE] :: Unknown value: 'Tier9'.
 3:05:22.750 !!! [CE] :: Unknown value: 'Tier7'.
 3:05:22.750 !!! [CE] :: Unknown value: 'Tier8'.
 3:05:22.750 !!! [CE] :: Unknown value: 'Tier9'.
 3:05:22.750 !!! [CE] :: Unknown value: 'Tier7'.
 3:05:22.750 !!! [CE] :: Unknown value: 'Tier8'.
 3:05:22.750 !!! [CE] :: Unknown value: 'Tier9'.
 3:05:22.750 !!! [CE] :: Unknown value: 'Tier7'.
 3:05:22.750 !!! [CE] :: Unknown value: 'Tier8'.
 3:05:22.750 !!! [CE] :: Unknown value: 'Tier9'.
 3:05:22.750 !!! [CE] :: Unknown value: 'Tier7'.
 3:05:22.750 !!! [CE] :: Unknown value: 'Tier8'.
 3:05:22.750 !!! [CE] :: Unknown value: 'Tier9'.
 3:05:22.750 !!! [CE] :: Unknown value: 'Tier7'.
 3:05:22.750 !!! [CE] :: Unknown value: 'Tier8'.
 3:05:22.750 !!! [CE] :: Unknown value: 'Tier9'.
 3:05:22.750 !!! [CE] :: Unknown value: 'Tier7'.
 3:05:22.750 !!! [CE] :: Unknown value: 'Tier8'.
 3:05:22.750 !!! [CE] :: Unknown value: 'Tier9'.
 3:05:22.750 !!! [CE] :: Unknown value: 'Tier7'.
 3:05:22.750 !!! [CE] :: Unknown value: 'Tier8'.
 3:05:22.750 !!! [CE] :: Unknown value: 'Tier9'.
 3:05:22.750 !!! [CE] :: Unknown value: 'Tier7'.
 3:05:22.750 !!! [CE] :: Unknown value: 'Tier8'.
 3:05:22.750 !!! [CE] :: Unknown value: 'Tier9'.
 3:05:22.750 !!! [CE] :: Unknown value: 'Tier7'.
 3:05:22.750 !!! [CE] :: Unknown value: 'Tier8'.
 3:05:22.750 !!! [CE] :: Unknown value: 'Tier9'.
 3:05:22.750 !!! [CE] :: Unknown value: 'Tier7'.
 3:05:22.750 !!! [CE] :: Unknown value: 'Tier8'.
 3:05:22.750 !!! [CE] :: Unknown value: 'Tier9'.
 3:05:22.750 !!! [CE] :: Unknown value: 'Tier7'.
 3:05:22.750 !!! [CE] :: Unknown value: 'Tier8'.
 3:05:22.750 !!! [CE] :: Unknown value: 'Tier9'.
 3:05:22.750 !!! [CE] :: Unknown value: 'Tier7'.
 3:05:22.750 !!! [CE] :: Unknown value: 'Tier8'.
 3:05:22.750 !!! [CE] :: Unknown value: 'Tier9'.
 3:05:22.750 !!! [CE] :: Unknown value: 'Tier7'.
 3:05:22.750 !!! [CE] :: Unknown value: 'Tier8'.
 3:05:22.750 !!! [CE] :: Unknown value: 'Tier9'.
 3:05:22.750 !!! [CE] :: Unknown value: 'Tier7'.
 3:05:22.750 !!! [CE] :: Unknown value: 'Tier8'.
 3:05:22.750 !!! [CE] :: Unknown value: 'Tier9'.
 3:05:22.750 !!! [CE] :: Unknown value: 'Tier7'.
 3:05:22.750 !!! [CE] :: Unknown value: 'Tier8'.
 3:05:22.750 !!! [CE] :: Unknown value: 'Tier9'.
 3:05:22.750 !!! [CE] :: Unknown value: 'Tier7'.
 3:05:22.750 !!! [CE] :: Unknown value: 'Tier8'.
 3:05:22.750 !!! [CE] :: Unknown value: 'Tier9'.
 3:05:22.750 !!! [CE] :: Unknown value: 'Tier7'.
 3:05:22.750 !!! [CE] :: Unknown value: 'Tier8'.
 3:05:22.750 !!! [CE] :: Unknown value: 'Tier9'.
 3:05:22.750 !!! [CE] :: Unknown value: 'Tier7'.
 3:05:22.750 !!! [CE] :: Unknown value: 'Tier8'.
 3:05:22.750 !!! [CE] :: Unknown value: 'Tier9'.
 3:05:22.750 !!! [CE] :: Unknown value: 'Tier7'.
 3:05:22.750 !!! [CE] :: Unknown value: 'Tier8'.
 3:05:22.750 !!! [CE] :: Unknown value: 'Tier9'.
 3:05:22.750 !!! [CE] :: Unknown value: 'Tier7'.
 3:05:22.750 !!! [CE] :: Unknown value: 'Tier8'.
 3:05:22.750 !!! [CE] :: Unknown value: 'Tier9'.
 3:05:22.750 !!! [CE] :: Unknown value: 'Tier7'.
 3:05:22.750 !!! [CE] :: Unknown value: 'Tier8'.
 3:05:22.750 !!! [CE] :: Unknown value: 'Tier9'.
 3:05:22.750 !!! [CE] :: Unknown value: 'Tier7'.
 3:05:22.750 !!! [CE] :: Unknown value: 'Tier8'.
 3:05:22.750 !!! [CE] :: Unknown value: 'Tier9'.
 3:05:22.750 !!! [CE] :: Unknown value: 'Tier7'.
 3:05:22.750 !!! [CE] :: Unknown value: 'Tier8'.
 3:05:22.750 !!! [CE] :: Unknown value: 'Tier9'.
 3:05:22.750 !!! [CE] :: Unknown value: 'Tier7'.
 3:05:22.750 !!! [CE] :: Unknown value: 'Tier8'.
 3:05:22.750 !!! [CE] :: Unknown value: 'Tier9'.
 3:05:22.750 !!! [CE] :: Unknown value: 'Tier7'.
 3:05:22.750 !!! [CE] :: Unknown value: 'Tier8'.
 3:05:22.750 !!! [CE] :: Unknown value: 'Tier9'.
 3:05:22.750 !!! [CE] :: Unknown value: 'Tier7'.
 3:05:22.750 !!! [CE] :: Unknown value: 'Tier8'.
 3:05:22.750 !!! [CE] :: Unknown value: 'Tier9'.
 3:05:22.750 !!! [CE] :: Unknown value: 'Tier7'.
 3:05:22.750 !!! [CE] :: Unknown value: 'Tier8'.
 3:05:22.750 !!! [CE] :: Unknown value: 'Tier9'.
 3:05:22.750 !!! [CE] :: Unknown value: 'Tier7'.
 3:05:22.750 !!! [CE] :: Unknown value: 'Tier8'.
 3:05:22.750 !!! [CE] :: Unknown value: 'Tier9'.
 3:05:22.750 !!! [CE] :: Unknown value: 'Tier7'.
 3:05:22.750 !!! [CE] :: Unknown value: 'Tier8'.
 3:05:22.750 !!! [CE] :: Unknown value: 'Tier9'.
 3:05:22.750 !!! [CE] :: Unknown value: 'Tier7'.
 3:05:22.750 !!! [CE] :: Unknown value: 'Tier8'.
 3:05:22.750 !!! [CE] :: Unknown value: 'Tier9'.
 3:05:22.750 !!! [CE] :: Unknown value: 'Tier7'.
 3:05:22.750 !!! [CE] :: Unknown value: 'Tier8'.
 3:05:22.750 !!! [CE] :: Unknown value: 'Tier9'.
 3:05:22.750 !!! [CE] :: Unknown value: 'Tier7'.
 3:05:22.750 !!! [CE] :: Unknown value: 'Tier8'.
 3:05:22.750 !!! [CE] :: Unknown value: 'Tier9'.
 3:05:22.750 !!! [CE] :: Unknown value: 'Tier7'.
 3:05:22.750 !!! [CE] :: Unknown value: 'Tier8'.
 3:05:22.750 !!! [CE] :: Unknown value: 'Tier9'.
 3:05:22.750 !!! [CE] :: Unknown value: 'Tier7'.
 3:05:22.750 !!! [CE] :: Unknown value: 'Tier8'.
 3:05:22.750 !!! [CE] :: Unknown value: 'Tier9'.
 3:05:22.750 !!! [CE] :: Unknown value: 'Tier7'.
 3:05:22.750 !!! [CE] :: Unknown value: 'Tier8'.
 3:05:22.750 !!! [CE] :: Unknown value: 'Tier9'.
 3:05:22.750 !!! [CE] :: Unknown value: 'Tier7'.
 3:05:22.750 !!! [CE] :: Unknown value: 'Tier8'.
 3:05:22.750 !!! [CE] :: Unknown value: 'Tier9'.
 3:05:22.750 !!! [CE] :: Unknown value: 'Tier7'.
 3:05:22.750 !!! [CE] :: Unknown value: 'Tier8'.
 3:05:22.750 !!! [CE] :: Unknown value: 'Tier9'.
 3:05:22.750 !!! [CE] :: Unknown value: 'Tier7'.
 3:05:22.750 !!! [CE] :: Unknown value: 'Tier8'.
 3:05:22.750 !!! [CE] :: Unknown value: 'Tier9'.
 3:05:22.750 !!! [CE] :: Unknown value: 'Tier7'.
 3:05:22.750 !!! [CE] :: Unknown value: 'Tier8'.
 3:05:22.750 !!! [CE] :: Unknown value: 'Tier9'.
 3:05:22.750 !!! [CE] :: Unknown value: 'Tier7'.
 3:05:22.750 !!! [CE] :: Unknown value: 'Tier8'.
 3:05:22.750 !!! [CE] :: Unknown value: 'Tier9'.
 3:05:22.750 !!! [CE] :: Unknown value: 'Tier7'.
 3:05:22.750 !!! [CE] :: Unknown value: 'Tier8'.
 3:05:22.750 !!! [CE] :: Unknown value: 'Tier9'.
 3:05:22.750 !!! [CE] :: Unknown value: 'Tier7'.
 3:05:22.750 !!! [CE] :: Unknown value: 'Tier8'.
 3:05:22.750 !!! [CE] :: Unknown value: 'Tier9'.
 3:05:22.750 !!! [CE] :: Unknown value: 'Tier7'.
 3:05:22.750 !!! [CE] :: Unknown value: 'Tier8'.
 3:05:22.750 !!! [CE] :: Unknown value: 'Tier9'.
 3:05:22.750 !!! [CE] :: Unknown value: 'Tier7'.
 3:05:22.750 !!! [CE] :: Unknown value: 'Tier8'.
 3:05:22.750 !!! [CE] :: Unknown value: 'Tier9'.
 3:05:22.750 !!! [CE] :: Unknown value: 'Tier7'.
 3:05:22.750 !!! [CE] :: Unknown value: 'Tier8'.
 3:05:22.750 !!! [CE] :: Unknown value: 'Tier9'.
 3:05:22.750 !!! [CE] :: Unknown value: 'Tier7'.
 3:05:22.750 !!! [CE] :: Unknown value: 'Tier8'.
 3:05:22.750 !!! [CE] :: Unknown value: 'Tier9'.
 3:05:22.750 !!! [CE] :: Unknown value: 'Tier7'.
 3:05:22.750 !!! [CE] :: Unknown value: 'Tier8'.
 3:05:22.750 !!! [CE] :: Unknown value: 'Tier9'.
 3:05:22.750 !!! [CE] :: Unknown value: 'Tier7'.
 3:05:22.750 !!! [CE] :: Unknown value: 'Tier8'.
 3:05:22.750 !!! [CE] :: Unknown value: 'Tier9'.
 3:05:22.750 !!! [CE] :: Unknown value: 'Tier7'.
 3:05:22.750 !!! [CE] :: Unknown value: 'Tier8'.
 3:05:22.750 !!! [CE] :: Unknown value: 'Tier9'.
 3:05:22.750 !!! [CE] :: Unknown value: 'Tier7'.
 3:05:22.750 !!! [CE] :: Unknown value: 'Tier8'.
 3:05:22.750 !!! [CE] :: Unknown value: 'Tier9'.
 3:05:22.750 !!! [CE] :: Unknown value: 'Tier7'.
 3:05:22.750 !!! [CE] :: Unknown value: 'Tier8'.
 3:05:22.750 !!! [CE] :: Unknown value: 'Tier9'.
 3:05:22.750 !!! [CE] :: Unknown value: 'Tier7'.
 3:05:22.750 !!! [CE] :: Unknown value: 'Tier8'.
 3:05:22.750 !!! [CE] :: Unknown value: 'Tier9'.
 3:05:22.750 !!! [CE] :: Unknown value: 'Tier7'.
 3:05:22.750 !!! [CE] :: Unknown value: 'Tier8'.
 3:05:22.750 !!! [CE] :: Unknown value: 'Tier9'.
 3:05:22.750 !!! [CE] :: Unknown value: 'Tier7'.
 3:05:22.750 !!! [CE] :: Unknown value: 'Tier8'.
 3:05:22.750 !!! [CE] :: Unknown value: 'Tier9'.
 3:05:22.750 !!! [CE] :: Unknown value: 'Tier7'.
 3:05:22.750 !!! [CE] :: Unknown value: 'Tier8'.
 3:05:22.750 !!! [CE] :: Unknown value: 'Tier9'.
 3:05:22.750 !!! [CE] :: Unknown value: 'Tier7'.
 3:05:22.750 !!! [CE] :: Unknown value: 'Tier8'.
 3:05:22.750 !!! [CE] :: Unknown value: 'Tier9'.
 3:05:22.750 !!! [CE] :: Unknown value: 'Tier7'.
 3:05:22.750 !!! [CE] :: Unknown value: 'Tier8'.
 3:05:22.750 !!! [CE] :: Unknown value: 'Tier9'.
 3:05:22.750 !!! [CE] :: Unknown value: 'Tier7'.
 3:05:22.750 !!! [CE] :: Unknown value: 'Tier8'.
 3:05:22.750 !!! [CE] :: Unknown value: 'Tier9'.
 3:05:22.750 !!! [CE] :: Unknown value: 'Tier7'.
 3:05:22.750 !!! [CE] :: Unknown value: 'Tier8'.
 3:05:22.750 !!! [CE] :: Unknown value: 'Tier9'.
 3:05:22.750 !!! [CE] :: Unknown value: 'Tier7'.
 3:05:22.750 !!! [CE] :: Unknown value: 'Tier8'.
 3:05:22.750 !!! [CE] :: Unknown value: 'Tier9'.
 3:05:22.750 !!! [CE] :: Unknown value: 'Tier7'.
 3:05:22.750 !!! [CE] :: Unknown value: 'Tier8'.
 3:05:22.750 !!! [CE] :: Unknown value: 'Tier9'.
 3:05:22.750 !!! [CE] :: Unknown value: 'Tier7'.
 3:05:22.750 !!! [CE] :: Unknown value: 'Tier8'.
 3:05:22.750 !!! [CE] :: Unknown value: 'Tier9'.
 3:05:22.750 !!! [CE] :: Unknown value: 'Tier7'.
 3:05:22.750 !!! [CE] :: Unknown value: 'Tier8'.
 3:05:22.750 !!! [CE] :: Unknown value: 'Tier9'.
 3:05:22.750 !!! [CE] :: Unknown value: 'Tier7'.
 3:05:22.750 !!! [CE] :: Unknown value: 'Tier8'.
 3:05:22.750 !!! [CE] :: Unknown value: 'Tier9'.
 3:05:22.750 !!! [CE] :: Unknown value: 'Tier7'.
 3:05:22.750 !!! [CE] :: Unknown value: 'Tier8'.
 3:05:22.750 !!! [CE] :: Unknown value: 'Tier9'.
 3:05:22.750 !!! [CE] :: Unknown value: 'Tier7'.
 3:05:22.750 !!! [CE] :: Unknown value: 'Tier8'.
 3:05:22.750 !!! [CE] :: Unknown value: 'Tier9'.
 3:05:22.750 !!! [CE] :: Unknown value: 'Tier7'.
 3:05:22.750 !!! [CE] :: Unknown value: 'Tier8'.
 3:05:22.750 !!! [CE] :: Unknown value: 'Tier9'.
 3:05:22.750 !!! [CE] :: Unknown value: 'Tier7'.
 3:05:22.750 !!! [CE] :: Unknown value: 'Tier8'.
 3:05:22.750 !!! [CE] :: Unknown value: 'Tier9'.
 3:05:22.750 !!! [CE] :: Unknown value: 'Tier7'.
 3:05:22.750 !!! [CE] :: Unknown value: 'Tier8'.
 3:05:22.750 !!! [CE] :: Unknown value: 'Tier9'.
 3:05:22.750 !!! [CE] :: Unknown value: 'Tier7'.
 3:05:22.750 !!! [CE] :: Unknown value: 'Tier8'.
 3:05:22.750 !!! [CE] :: Unknown value: 'Tier9'.
 3:05:22.750 !!! [CE] :: Unknown value: 'Tier7'.
 3:05:22.750 !!! [CE] :: Unknown value: 'Tier8'.
 3:05:22.750 !!! [CE] :: Unknown value: 'Tier9'.
 3:05:22.750 !!! [CE] :: Unknown value: 'Tier7'.
 3:05:22.750 !!! [CE] :: Unknown value: 'Tier8'.
 3:05:22.750 !!! [CE] :: Unknown value: 'Tier9'.
 3:05:22.750 !!! [CE] :: Unknown value: 'Tier7'.
 3:05:22.750 !!! [CE] :: Unknown value: 'Tier8'.
 3:05:22.750 !!! [CE] :: Unknown value: 'Tier9'.
 3:05:22.750 !!! [CE] :: Unknown value: 'Tier7'.
 3:05:22.750 !!! [CE] :: Unknown value: 'Tier8'.
 3:05:22.750 !!! [CE] :: Unknown value: 'Tier9'.
 3:05:22.750 !!! [CE] :: Unknown value: 'Tier7'.
 3:05:22.750 !!! [CE] :: Unknown value: 'Tier8'.
 3:05:22.750 !!! [CE] :: Unknown value: 'Tier9'.
 3:05:22.751 !!! [CE] :: Unknown value: 'Tier7'.
 3:05:22.751 !!! [CE] :: Unknown value: 'Tier8'.
 3:05:22.751 !!! [CE] :: Unknown value: 'Tier9'.
 3:05:22.751 !!! [CE] :: Unknown value: 'Tier7'.
 3:05:22.751 !!! [CE] :: Unknown value: 'Tier8'.
 3:05:22.751 !!! [CE] :: Unknown value: 'Tier9'.
 3:05:22.751 !!! [CE] :: Unknown value: 'Tier7'.
 3:05:22.751 !!! [CE] :: Unknown value: 'Tier8'.
 3:05:22.751 !!! [CE] :: Unknown value: 'Tier9'.
 3:05:22.751 !!! [CE] :: Unknown value: 'Tier7'.
 3:05:22.751 !!! [CE] :: Unknown value: 'Tier8'.
 3:05:22.751 !!! [CE] :: Unknown value: 'Tier9'.
 3:05:22.751 !!! [CE] :: Unknown value: 'Tier7'.
 3:05:22.751 !!! [CE] :: Unknown value: 'Tier8'.
 3:05:22.751 !!! [CE] :: Unknown value: 'Tier9'.
 3:05:22.751 !!! [CE] :: Unknown value: 'Tier7'.
 3:05:22.751 !!! [CE] :: Unknown value: 'Tier8'.
 3:05:22.751 !!! [CE] :: Unknown value: 'Tier9'.
 3:05:22.751 !!! [CE] :: Unknown value: 'Tier7'.
 3:05:22.751 !!! [CE] :: Unknown value: 'Tier8'.
 3:05:22.751 !!! [CE] :: Unknown value: 'Tier9'.
 3:05:22.751 !!! [CE] :: Unknown value: 'Tier7'.
 3:05:22.751 !!! [CE] :: Unknown value: 'Tier8'.
 3:05:22.751 !!! [CE] :: Unknown value: 'Tier9'.
 3:05:22.751 !!! [CE] :: Unknown value: 'Tier7'.
 3:05:22.751 !!! [CE] :: Unknown value: 'Tier8'.
 3:05:22.751 !!! [CE] :: Unknown value: 'Tier9'.
 3:05:22.751 !!! [CE] :: Unknown value: 'Tier7'.
 3:05:22.751 !!! [CE] :: Unknown value: 'Tier8'.
 3:05:22.751 !!! [CE] :: Unknown value: 'Tier9'.
 3:05:22.751 !!! [CE] :: Unknown value: 'Tier7'.
 3:05:22.751 !!! [CE] :: Unknown value: 'Tier8'.
 3:05:22.751 !!! [CE] :: Unknown value: 'Tier9'.
 3:05:22.751 !!! [CE] :: Unknown value: 'Tier7'.
 3:05:22.751 !!! [CE] :: Unknown value: 'Tier8'.
 3:05:22.751 !!! [CE] :: Unknown value: 'Tier9'.
 3:05:22.751 !!! [CE] :: Unknown value: 'Tier7'.
 3:05:22.751 !!! [CE] :: Unknown value: 'Tier8'.
 3:05:22.751 !!! [CE] :: Unknown value: 'Tier9'.
 3:05:22.751 !!! [CE] :: Unknown value: 'Tier7'.
 3:05:22.751 !!! [CE] :: Unknown value: 'Tier8'.
 3:05:22.751 !!! [CE] :: Unknown value: 'Tier9'.
 3:05:22.751 !!! [CE] :: Unknown value: 'Tier7'.
 3:05:22.751 !!! [CE] :: Unknown value: 'Tier8'.
 3:05:22.751 !!! [CE] :: Unknown value: 'Tier9'.
 3:05:22.751 !!! [CE] :: Unknown value: 'Tier7'.
 3:05:22.751 !!! [CE] :: Unknown value: 'Tier8'.
 3:05:22.751 !!! [CE] :: Unknown value: 'Tier9'.
 3:05:22.751 !!! [CE] :: Unknown value: 'Tier7'.
 3:05:22.751 !!! [CE] :: Unknown value: 'Tier8'.
 3:05:22.751 !!! [CE] :: Unknown value: 'Tier9'.
 3:05:22.751 !!! [CE] :: Unknown value: 'Tier7'.
 3:05:22.751 !!! [CE] :: Unknown value: 'Tier8'.
 3:05:22.751 !!! [CE] :: Unknown value: 'Tier9'.
 3:05:22.751 !!! [CE] :: Unknown value: 'Tier7'.
 3:05:22.751 !!! [CE] :: Unknown value: 'Tier8'.
 3:05:22.751 !!! [CE] :: Unknown value: 'Tier9'.
 3:05:22.751 !!! [CE] :: Unknown value: 'Tier7'.
 3:05:22.751 !!! [CE] :: Unknown value: 'Tier8'.
 3:05:22.751 !!! [CE] :: Unknown value: 'Tier9'.
 3:05:22.751 !!! [CE] :: Unknown value: 'Tier7'.
 3:05:22.751 !!! [CE] :: Unknown value: 'Tier8'.
 3:05:22.751 !!! [CE] :: Unknown value: 'Tier9'.
 3:05:22.751 !!! [CE] :: Unknown value: 'Tier7'.
 3:05:22.751 !!! [CE] :: Unknown value: 'Tier8'.
 3:05:22.751 !!! [CE] :: Unknown value: 'Tier9'.
 3:05:22.751 !!! [CE] :: Unknown value: 'Tier7'.
 3:05:22.751 !!! [CE] :: Unknown value: 'Tier8'.
 3:05:22.751 !!! [CE] :: Unknown value: 'Tier9'.
 3:05:22.751 !!! [CE] :: Unknown value: 'Tier7'.
 3:05:22.751 !!! [CE] :: Unknown value: 'Tier8'.
 3:05:22.751 !!! [CE] :: Unknown value: 'Tier9'.
 3:05:22.751 !!! [CE] :: Unknown value: 'Tier7'.
 3:05:22.751 !!! [CE] :: Unknown value: 'Tier8'.
 3:05:22.751 !!! [CE] :: Unknown value: 'Tier9'.
 3:05:22.751 !!! [CE] :: Unknown value: 'Tier7'.
 3:05:22.751 !!! [CE] :: Unknown value: 'Tier8'.
 3:05:22.751 !!! [CE] :: Unknown value: 'Tier9'.
 3:05:22.751 !!! [CE] :: Unknown value: 'Tier7'.
 3:05:22.751 !!! [CE] :: Unknown value: 'Tier8'.
 3:05:22.751 !!! [CE] :: Unknown value: 'Tier9'.
 3:05:22.751 !!! [CE] :: Unknown value: 'Tier7'.
 3:05:22.751 !!! [CE] :: Unknown value: 'Tier8'.
 3:05:22.751 !!! [CE] :: Unknown value: 'Tier9'.
 3:05:22.751 !!! [CE] :: Unknown value: 'Tier7'.
 3:05:22.751 !!! [CE] :: Unknown value: 'Tier8'.
 3:05:22.751 !!! [CE] :: Unknown value: 'Tier9'.
 3:05:22.751 !!! [CE] :: Unknown value: 'Tier7'.
 3:05:22.751 !!! [CE] :: Unknown value: 'Tier8'.
 3:05:22.751 !!! [CE] :: Unknown value: 'Tier9'.
 3:05:22.751 !!! [CE] :: Unknown value: 'Tier7'.
 3:05:22.751 !!! [CE] :: Unknown value: 'Tier8'.
 3:05:22.751 !!! [CE] :: Unknown value: 'Tier9'.
 3:05:22.751 !!! [CE] :: Unknown value: 'Tier7'.
 3:05:22.751 !!! [CE] :: Unknown value: 'Tier8'.
 3:05:22.751 !!! [CE] :: Unknown value: 'Tier9'.
 3:05:22.751 !!! [CE] :: Unknown value: 'Tier7'.
 3:05:22.751 !!! [CE] :: Unknown value: 'Tier8'.
 3:05:22.751 !!! [CE] :: Unknown value: 'Tier9'.
 3:05:22.751 !!! [CE] :: Unknown value: 'Tier7'.
 3:05:22.751 !!! [CE] :: Unknown value: 'Tier8'.
 3:05:22.751 !!! [CE] :: Unknown value: 'Tier9'.
 3:05:22.751 !!! [CE] :: Unknown value: 'Tier7'.
 3:05:22.751 !!! [CE] :: Unknown value: 'Tier8'.
 3:05:22.751 !!! [CE] :: Unknown value: 'Tier9'.
 3:05:22.751 !!! [CE] :: Unknown value: 'Tier7'.
 3:05:22.751 !!! [CE] :: Unknown value: 'Tier8'.
 3:05:22.751 !!! [CE] :: Unknown value: 'Tier9'.
 3:05:22.751 !!! [CE] :: Unknown value: 'Tier7'.
 3:05:22.751 !!! [CE] :: Unknown value: 'Tier8'.
 3:05:22.751 !!! [CE] :: Unknown value: 'Tier9'.
 3:05:22.751 !!! [CE] :: Unknown value: 'Tier7'.
 3:05:22.751 !!! [CE] :: Unknown value: 'Tier8'.
 3:05:22.751 !!! [CE] :: Unknown value: 'Tier9'.
 3:05:22.751 !!! [CE] :: Unknown value: 'Tier7'.
 3:05:22.751 !!! [CE] :: Unknown value: 'Tier8'.
 3:05:22.751 !!! [CE] :: Unknown value: 'Tier9'.
 3:05:22.751 !!! [CE] :: Unknown value: 'Tier7'.
 3:05:22.751 !!! [CE] :: Unknown value: 'Tier8'.
 3:05:22.751 !!! [CE] :: Unknown value: 'Tier9'.
 3:05:22.751 !!! [CE] :: Unknown value: 'Tier7'.
 3:05:22.751 !!! [CE] :: Unknown value: 'Tier8'.
 3:05:22.751 !!! [CE] :: Unknown value: 'Tier9'.
 3:05:22.751 !!! [CE] :: Unknown value: 'Tier7'.
 3:05:22.751 !!! [CE] :: Unknown value: 'Tier8'.
 3:05:22.751 !!! [CE] :: Unknown value: 'Tier9'.
 3:05:22.751 !!! [CE] :: Unknown value: 'Tier7'.
 3:05:22.751 !!! [CE] :: Unknown value: 'Tier8'.
 3:05:22.751 !!! [CE] :: Unknown value: 'Tier9'.
 3:05:22.751 !!! [CE] :: Unknown value: 'Tier7'.
 3:05:22.751 !!! [CE] :: Unknown value: 'Tier8'.
 3:05:22.751 !!! [CE] :: Unknown value: 'Tier9'.
 3:05:22.751 !!! [CE] :: Unknown value: 'Tier7'.
 3:05:22.751 !!! [CE] :: Unknown value: 'Tier8'.
 3:05:22.751 !!! [CE] :: Unknown value: 'Tier9'.
 3:05:22.751 !!! [CE] :: Unknown value: 'Tier7'.
 3:05:22.751 !!! [CE] :: Unknown value: 'Tier8'.
 3:05:22.751 !!! [CE] :: Unknown value: 'Tier9'.
 3:05:22.751 !!! [CE] :: Unknown value: 'Tier7'.
 3:05:22.751 !!! [CE] :: Unknown value: 'Tier8'.
 3:05:22.751 !!! [CE] :: Unknown value: 'Tier9'.
 3:05:22.751 !!! [CE] :: Unknown value: 'Tier7'.
 3:05:22.751 !!! [CE] :: Unknown value: 'Tier8'.
 3:05:22.751 !!! [CE] :: Unknown value: 'Tier9'.
 3:05:22.751 !!! [CE] :: Unknown value: 'Tier7'.
 3:05:22.751 !!! [CE] :: Unknown value: 'Tier8'.
 3:05:22.751 !!! [CE] :: Unknown value: 'Tier9'.
 3:05:22.751 !!! [CE] :: Unknown value: 'Tier7'.
 3:05:22.751 !!! [CE] :: Unknown value: 'Tier8'.
 3:05:22.751 !!! [CE] :: Unknown value: 'Tier9'.
 3:05:22.751 !!! [CE] :: Unknown value: 'Tier7'.
 3:05:22.751 !!! [CE] :: Unknown value: 'Tier8'.
 3:05:22.751 !!! [CE] :: Unknown value: 'Tier9'.
 3:05:22.751 !!! [CE] :: Unknown value: 'Tier7'.
 3:05:22.751 !!! [CE] :: Unknown value: 'Tier8'.
 3:05:22.751 !!! [CE] :: Unknown value: 'Tier9'.
 3:05:22.751 !!! [CE] :: Unknown value: 'Tier7'.
 3:05:22.751 !!! [CE] :: Unknown value: 'Tier8'.
 3:05:22.751 !!! [CE] :: Unknown value: 'Tier9'.
 3:05:22.751 !!! [CE] :: Unknown value: 'Tier7'.
 3:05:22.751 !!! [CE] :: Unknown value: 'Tier8'.
 3:05:22.751 !!! [CE] :: Unknown value: 'Tier9'.
 3:05:22.751 !!! [CE] :: Unknown value: 'Tier7'.
 3:05:22.751 !!! [CE] :: Unknown value: 'Tier8'.
 3:05:22.751 !!! [CE] :: Unknown value: 'Tier9'.
 3:05:22.751 !!! [CE] :: Unknown value: 'Tier7'.
 3:05:22.751 !!! [CE] :: Unknown value: 'Tier8'.
 3:05:22.751 !!! [CE] :: Unknown value: 'Tier9'.
 3:05:22.751 !!! [CE] :: Unknown value: 'Tier7'.
 3:05:22.751 !!! [CE] :: Unknown value: 'Tier8'.
 3:05:22.751 !!! [CE] :: Unknown value: 'Tier9'.
 3:05:22.751 !!! [CE] :: Unknown value: 'Tier7'.
 3:05:22.751 !!! [CE] :: Unknown value: 'Tier8'.
 3:05:22.751 !!! [CE] :: Unknown value: 'Tier9'.
 3:05:22.751 !!! [CE] :: Unknown value: 'Tier7'.
 3:05:22.751 !!! [CE] :: Unknown value: 'Tier8'.
 3:05:22.751 !!! [CE] :: Unknown value: 'Tier9'.
 3:05:22.751 !!! [CE] :: Unknown value: 'Tier7'.
 3:05:22.751 !!! [CE] :: Unknown value: 'Tier8'.
 3:05:22.751 !!! [CE] :: Unknown value: 'Tier9'.
 3:05:22.751 !!! [CE] :: Unknown value: 'Tier7'.
 3:05:22.751 !!! [CE] :: Unknown value: 'Tier8'.
 3:05:22.751 !!! [CE] :: Unknown value: 'Tier9'.
 3:05:22.751 !!! [CE] :: Unknown value: 'Tier7'.
 3:05:22.751 !!! [CE] :: Unknown value: 'Tier8'.
 3:05:22.751 !!! [CE] :: Unknown value: 'Tier9'.
 3:05:22.751 !!! [CE] :: Unknown value: 'Tier7'.
 3:05:22.751 !!! [CE] :: Unknown value: 'Tier8'.
 3:05:22.751 !!! [CE] :: Unknown value: 'Tier9'.
 3:05:22.751 !!! [CE] :: Unknown value: 'Tier7'.
 3:05:22.751 !!! [CE] :: Unknown value: 'Tier8'.
 3:05:22.751 !!! [CE] :: Unknown value: 'Tier9'.
 3:05:22.751 !!! [CE] :: Unknown value: 'Tier7'.
 3:05:22.751 !!! [CE] :: Unknown value: 'Tier8'.
 3:05:22.751 !!! [CE] :: Unknown value: 'Tier9'.
 3:05:22.751 !!! [CE] :: Unknown value: 'Tier7'.
 3:05:22.751 !!! [CE] :: Unknown value: 'Tier8'.
 3:05:22.751 !!! [CE] :: Unknown value: 'Tier9'.
 3:05:22.751 !!! [CE] :: Unknown value: 'Tier7'.
 3:05:22.751 !!! [CE] :: Unknown value: 'Tier8'.
 3:05:22.751 !!! [CE] :: Unknown value: 'Tier9'.
 3:05:22.751 !!! [CE] :: Unknown value: 'Tier7'.
 3:05:22.751 !!! [CE] :: Unknown value: 'Tier8'.
 3:05:22.751 !!! [CE] :: Unknown value: 'Tier9'.
 3:05:22.751 !!! [CE] :: Unknown value: 'Tier7'.
 3:05:22.751 !!! [CE] :: Unknown value: 'Tier8'.
 3:05:22.751 !!! [CE] :: Unknown value: 'Tier9'.
 3:05:22.751 !!! [CE] :: Unknown value: 'Tier7'.
 3:05:22.751 !!! [CE] :: Unknown value: 'Tier8'.
 3:05:22.751 !!! [CE] :: Unknown value: 'Tier9'.
 3:05:22.751 !!! [CE] :: Unknown value: 'Tier7'.
 3:05:22.751 !!! [CE] :: Unknown value: 'Tier8'.
 3:05:22.751 !!! [CE] :: Unknown value: 'Tier9'.
 3:05:22.751 !!! [CE] :: Unknown value: 'Tier7'.
 3:05:22.751 !!! [CE] :: Unknown value: 'Tier8'.
 3:05:22.751 !!! [CE] :: Unknown value: 'Tier9'.
 3:05:22.751 !!! [CE] :: Unknown value: 'Tier7'.
 3:05:22.751 !!! [CE] :: Unknown value: 'Tier8'.
 3:05:22.751 !!! [CE] :: Unknown value: 'Tier9'.
 3:05:22.751 !!! [CE] :: Unknown value: 'Tier7'.
 3:05:22.751 !!! [CE] :: Unknown value: 'Tier8'.
 3:05:22.751 !!! [CE] :: Unknown value: 'Tier9'.
 3:05:22.751 !!! [CE] :: Unknown value: 'Tier7'.
 3:05:22.751 !!! [CE] :: Unknown value: 'Tier8'.
 3:05:22.751 !!! [CE] :: Unknown value: 'Tier9'.
 3:05:22.751 !!! [CE] :: Unknown value: 'Tier7'.
 3:05:22.751 !!! [CE] :: Unknown value: 'Tier8'.
 3:05:22.751 !!! [CE] :: Unknown value: 'Tier9'.
 3:05:22.751 !!! [CE] :: Unknown value: 'Tier7'.
 3:05:22.751 !!! [CE] :: Unknown value: 'Tier8'.
 3:05:22.751 !!! [CE] :: Unknown value: 'Tier9'.
 3:05:22.751 !!! [CE] :: Unknown value: 'Tier7'.
 3:05:22.751 !!! [CE] :: Unknown value: 'Tier8'.
 3:05:22.751 !!! [CE] :: Unknown value: 'Tier9'.
 3:05:22.751 !!! [CE] :: Unknown value: 'Tier7'.
 3:05:22.751 !!! [CE] :: Unknown value: 'Tier8'.
 3:05:22.751 !!! [CE] :: Unknown value: 'Tier9'.
 3:05:22.751 !!! [CE] :: Unknown value: 'Tier7'.
 3:05:22.751 !!! [CE] :: Unknown value: 'Tier8'.
 3:05:22.751 !!! [CE] :: Unknown value: 'Tier9'.
 3:05:22.751 !!! [CE] :: Unknown value: 'Tier7'.
 3:05:22.751 !!! [CE] :: Unknown value: 'Tier8'.
 3:05:22.751 !!! [CE] :: Unknown value: 'Tier9'.
 3:05:22.751 !!! [CE] :: Unknown value: 'Tier7'.
 3:05:22.751 !!! [CE] :: Unknown value: 'Tier8'.
 3:05:22.751 !!! [CE] :: Unknown value: 'Tier9'.
 3:05:22.751 !!! [CE] :: Unknown value: 'Tier7'.
 3:05:22.751 !!! [CE] :: Unknown value: 'Tier8'.
 3:05:22.751 !!! [CE] :: Unknown value: 'Tier9'.
 3:05:22.751 !!! [CE] :: Unknown value: 'Tier7'.
 3:05:22.751 !!! [CE] :: Unknown value: 'Tier8'.
 3:05:22.751 !!! [CE] :: Unknown value: 'Tier9'.
 3:05:22.751 !!! [CE] :: Unknown value: 'Tier7'.
 3:05:22.751 !!! [CE] :: Unknown value: 'Tier8'.
 3:05:22.751 !!! [CE] :: Unknown value: 'Tier9'.
 3:05:22.751 !!! [CE] :: Unknown value: 'Tier7'.
 3:05:22.751 !!! [CE] :: Unknown value: 'Tier8'.
 3:05:22.751 !!! [CE] :: Unknown value: 'Tier9'.
 3:05:22.751 !!! [CE] :: Unknown value: 'Tier7'.
 3:05:22.751 !!! [CE] :: Unknown value: 'Tier8'.
 3:05:22.751 !!! [CE] :: Unknown value: 'Tier9'.
 3:05:22.751 !!! [CE] :: Unknown value: 'Tier7'.
 3:05:22.751 !!! [CE] :: Unknown value: 'Tier8'.
 3:05:22.751 !!! [CE] :: Unknown value: 'Tier9'.
 3:05:22.751 !!! [CE] :: Unknown value: 'Tier7'.
 3:05:22.751 !!! [CE] :: Unknown value: 'Tier8'.
 3:05:22.751 !!! [CE] :: Unknown value: 'Tier9'.
 3:05:22.751 !!! [CE] :: Unknown value: 'Tier7'.
 3:05:22.751 !!! [CE] :: Unknown value: 'Tier8'.
 3:05:22.751 !!! [CE] :: Unknown value: 'Tier9'.
 3:05:22.751 !!! [CE] :: Unknown value: 'Tier7'.
 3:05:22.751 !!! [CE] :: Unknown value: 'Tier8'.
 3:05:22.751 !!! [CE] :: Unknown value: 'Tier9'.
 3:05:22.751 !!! [CE] :: Unknown value: 'Tier7'.
 3:05:22.751 !!! [CE] :: Unknown value: 'Tier8'.
 3:05:22.751 !!! [CE] :: Unknown value: 'Tier9'.
 3:05:22.751 !!! [CE] :: Unknown value: 'Tier7'.
 3:05:22.751 !!! [CE] :: Unknown value: 'Tier8'.
 3:05:22.751 !!! [CE] :: Unknown value: 'Tier9'.
 3:05:22.751 !!! [CE] :: Unknown value: 'Tier7'.
 3:05:22.751 !!! [CE] :: Unknown value: 'Tier8'.
 3:05:22.751 !!! [CE] :: Unknown value: 'Tier9'.
 3:05:22.751 !!! [CE] :: Unknown value: 'Tier7'.
 3:05:22.751 !!! [CE] :: Unknown value: 'Tier8'.
 3:05:22.751 !!! [CE] :: Unknown value: 'Tier9'.
 3:05:22.751 !!! [CE] :: Unknown value: 'Tier7'.
 3:05:22.751 !!! [CE] :: Unknown value: 'Tier8'.
 3:05:22.751 !!! [CE] :: Unknown value: 'Tier9'.
 3:05:22.751 !!! [CE] :: Unknown value: 'Tier7'.
 3:05:22.751 !!! [CE] :: Unknown value: 'Tier8'.
 3:05:22.751 !!! [CE] :: Unknown value: 'Tier9'.
 3:05:22.751 !!! [CE] :: Unknown value: 'Tier7'.
 3:05:22.751 !!! [CE] :: Unknown value: 'Tier8'.
 3:05:22.751 !!! [CE] :: Unknown value: 'Tier9'.
 3:05:22.751 !!! [CE] :: Unknown value: 'Tier7'.
 3:05:22.751 !!! [CE] :: Unknown value: 'Tier8'.
 3:05:22.751 !!! [CE] :: Unknown value: 'Tier9'.
 3:05:22.751 !!! [CE] :: Unknown value: 'Tier7'.
 3:05:22.751 !!! [CE] :: Unknown value: 'Tier8'.
 3:05:22.751 !!! [CE] :: Unknown value: 'Tier9'.
 3:05:22.751 !!! [CE] :: Unknown value: 'Tier7'.
 3:05:22.751 !!! [CE] :: Unknown value: 'Tier8'.
 3:05:22.751 !!! [CE] :: Unknown value: 'Tier9'.
 3:05:22.751 !!! [CE] :: Unknown value: 'Tier7'.
 3:05:22.751 !!! [CE] :: Unknown value: 'Tier8'.
 3:05:22.751 !!! [CE] :: Unknown value: 'Tier9'.
 3:05:22.751 !!! [CE] :: Unknown value: 'Tier7'.
 3:05:22.751 !!! [CE] :: Unknown value: 'Tier8'.
 3:05:22.751 !!! [CE] :: Unknown value: 'Tier9'.
 3:05:22.751 !!! [CE] :: Unknown value: 'Tier7'.
 3:05:22.751 !!! [CE] :: Unknown value: 'Tier8'.
 3:05:22.751 !!! [CE] :: Unknown value: 'Tier9'.
 3:05:22.751 !!! [CE] :: Unknown value: 'Tier7'.
 3:05:22.751 !!! [CE] :: Unknown value: 'Tier8'.
 3:05:22.751 !!! [CE] :: Unknown value: 'Tier9'.
 3:05:22.751 !!! [CE] :: Unknown value: 'Tier7'.
 3:05:22.751 !!! [CE] :: Unknown value: 'Tier8'.
 3:05:22.751 !!! [CE] :: Unknown value: 'Tier9'.
 3:05:22.751 !!! [CE] :: Unknown value: 'Tier7'.
 3:05:22.751 !!! [CE] :: Unknown value: 'Tier8'.
 3:05:22.751 !!! [CE] :: Unknown value: 'Tier9'.
 3:05:22.751 !!! [CE] :: Unknown value: 'Tier7'.
 3:05:22.751 !!! [CE] :: Unknown value: 'Tier8'.
 3:05:22.751 !!! [CE] :: Unknown value: 'Tier9'.
 3:05:22.751 !!! [CE] :: Unknown value: 'Tier7'.
 3:05:22.751 !!! [CE] :: Unknown value: 'Tier8'.
 3:05:22.751 !!! [CE] :: Unknown value: 'Tier9'.
 3:05:22.751 !!! [CE] :: Unknown value: 'Tier7'.
 3:05:22.751 !!! [CE] :: Unknown value: 'Tier8'.
 3:05:22.751 !!! [CE] :: Unknown value: 'Tier9'.
 3:05:22.751 !!! [CE] :: Unknown value: 'Tier7'.
 3:05:22.751 !!! [CE] :: Unknown value: 'Tier8'.
 3:05:22.751 !!! [CE] :: Unknown value: 'Tier9'.
 3:05:22.751 !!! [CE] :: Unknown value: 'Tier7'.
 3:05:22.751 !!! [CE] :: Unknown value: 'Tier8'.
 3:05:22.751 !!! [CE] :: Unknown value: 'Tier9'.
 3:05:22.751 !!! [CE] :: Unknown value: 'Tier7'.
 3:05:22.751 !!! [CE] :: Unknown value: 'Tier8'.
 3:05:22.751 !!! [CE] :: Unknown value: 'Tier9'.
 3:05:22.751 !!! [CE] :: Unknown value: 'Tier7'.
 3:05:22.751 !!! [CE] :: Unknown value: 'Tier8'.
 3:05:22.751 !!! [CE] :: Unknown value: 'Tier9'.
 3:05:22.751 !!! [CE] :: Unknown value: 'Tier7'.
 3:05:22.751 !!! [CE] :: Unknown value: 'Tier8'.
 3:05:22.751 !!! [CE] :: Unknown value: 'Tier9'.
 3:05:22.751 !!! [CE] :: Unknown value: 'Tier7'.
 3:05:22.751 !!! [CE] :: Unknown value: 'Tier8'.
 3:05:22.751 !!! [CE] :: Unknown value: 'Tier9'.
 3:05:22.751 !!! [CE] :: Unknown value: 'Tier7'.
 3:05:22.751 !!! [CE] :: Unknown value: 'Tier8'.
 3:05:22.751 !!! [CE] :: Unknown value: 'Tier9'.
 3:05:22.751 !!! [CE] :: Unknown value: 'Tier7'.
 3:05:22.751 !!! [CE] :: Unknown value: 'Tier8'.
 3:05:22.751 !!! [CE] :: Unknown value: 'Tier9'.
 3:05:22.751 !!! [CE] :: Unknown value: 'Tier7'.
 3:05:22.751 !!! [CE] :: Unknown value: 'Tier8'.
 3:05:22.751 !!! [CE] :: Unknown value: 'Tier9'.
 3:05:22.751 !!! [CE] :: Unknown value: 'Tier7'.
 3:05:22.751 !!! [CE] :: Unknown value: 'Tier8'.
 3:05:22.751 !!! [CE] :: Unknown value: 'Tier9'.
 3:05:22.751 !!! [CE] :: Unknown value: 'Tier7'.
 3:05:22.751 !!! [CE] :: Unknown value: 'Tier8'.
 3:05:22.751 !!! [CE] :: Unknown value: 'Tier9'.
 3:05:22.751 !!! [CE] :: Unknown value: 'Tier7'.
 3:05:22.751 !!! [CE] :: Unknown value: 'Tier8'.
 3:05:22.751 !!! [CE] :: Unknown value: 'Tier9'.
 3:05:22.751 !!! [CE] :: Unknown value: 'Tier7'.
 3:05:22.751 !!! [CE] :: Unknown value: 'Tier8'.
 3:05:22.751 !!! [CE] :: Unknown value: 'Tier9'.
 3:05:22.751 !!! [CE] :: Unknown value: 'Tier7'.
 3:05:22.751 !!! [CE] :: Unknown value: 'Tier8'.
 3:05:22.751 !!! [CE] :: Unknown value: 'Tier9'.
 3:05:22.751 !!! [CE] :: Unknown value: 'Tier7'.
 3:05:22.751 !!! [CE] :: Unknown value: 'Tier8'.
 3:05:22.751 !!! [CE] :: Unknown value: 'Tier9'.
 3:05:22.751 !!! [CE] :: Unknown value: 'Tier7'.
 3:05:22.751 !!! [CE] :: Unknown value: 'Tier8'.
 3:05:22.751 !!! [CE] :: Unknown value: 'Tier9'.
 3:05:22.751 !!! [CE] :: Unknown value: 'Tier7'.
 3:05:22.751 !!! [CE] :: Unknown value: 'Tier8'.
 3:05:22.751 !!! [CE] :: Unknown value: 'Tier9'.
 3:05:22.751 !!! [CE] :: Unknown value: 'Tier7'.
 3:05:22.751 !!! [CE] :: Unknown value: 'Tier8'.
 3:05:22.751 !!! [CE] :: Unknown value: 'Tier9'.
 3:05:22.751 !!! [CE] :: Unknown value: 'Tier7'.
 3:05:22.751 !!! [CE] :: Unknown value: 'Tier8'.
 3:05:22.751 !!! [CE] :: Unknown value: 'Tier9'.
 3:05:22.751 !!! [CE] :: Unknown value: 'Tier7'.
 3:05:22.751 !!! [CE] :: Unknown value: 'Tier8'.
 3:05:22.751 !!! [CE] :: Unknown value: 'Tier9'.
 3:05:22.751 !!! [CE] :: Unknown value: 'Tier7'.
 3:05:22.751 !!! [CE] :: Unknown value: 'Tier8'.
 3:05:22.751 !!! [CE] :: Unknown value: 'Tier9'.
 3:05:22.751 !!! [CE] :: Unknown value: 'Tier7'.
 3:05:22.751 !!! [CE] :: Unknown value: 'Tier8'.
 3:05:22.751 !!! [CE] :: Unknown value: 'Tier9'.
 3:05:22.751 !!! [CE] :: Unknown value: 'Tier7'.
 3:05:22.751 !!! [CE] :: Unknown value: 'Tier8'.
 3:05:22.751 !!! [CE] :: Unknown value: 'Tier9'.
 3:05:22.751 !!! [CE] :: Unknown value: 'Tier7'.
 3:05:22.751 !!! [CE] :: Unknown value: 'Tier8'.
 3:05:22.751 !!! [CE] :: Unknown value: 'Tier9'.
 3:05:22.751 !!! [CE] :: Unknown value: 'Tier7'.
 3:05:22.751 !!! [CE] :: Unknown value: 'Tier8'.
 3:05:22.751 !!! [CE] :: Unknown value: 'Tier9'.
 3:05:22.751 !!! [CE] :: Unknown value: 'Tier7'.
 3:05:22.751 !!! [CE] :: Unknown value: 'Tier8'.
 3:05:22.751 !!! [CE] :: Unknown value: 'Tier9'.
 3:05:22.751 !!! [CE] :: Unknown value: 'Tier7'.
 3:05:22.751 !!! [CE] :: Unknown value: 'Tier8'.
 3:05:22.751 !!! [CE] :: Unknown value: 'Tier9'.
 3:05:22.751 !!! [CE] :: Unknown value: 'Tier7'.
 3:05:22.751 !!! [CE] :: Unknown value: 'Tier8'.
 3:05:22.751 !!! [CE] :: Unknown value: 'Tier9'.
 3:05:22.751 !!! [CE] :: Unknown value: 'Tier7'.
 3:05:22.751 !!! [CE] :: Unknown value: 'Tier8'.
 3:05:22.751 !!! [CE] :: Unknown value: 'Tier9'.
 3:05:22.751 !!! [CE] :: Unknown value: 'Tier7'.
 3:05:22.751 !!! [CE] :: Unknown value: 'Tier8'.
 3:05:22.751 !!! [CE] :: Unknown value: 'Tier9'.
 3:05:22.751 !!! [CE] :: Unknown value: 'Tier7'.
 3:05:22.751 !!! [CE] :: Unknown value: 'Tier8'.
 3:05:22.751 !!! [CE] :: Unknown value: 'Tier9'.
 3:05:22.751 !!! [CE] :: Unknown value: 'Tier7'.
 3:05:22.751 !!! [CE] :: Unknown value: 'Tier8'.
 3:05:22.751 !!! [CE] :: Unknown value: 'Tier9'.
 3:05:22.751 !!! [CE] :: Unknown value: 'Tier7'.
 3:05:22.751 !!! [CE] :: Unknown value: 'Tier8'.
 3:05:22.751 !!! [CE] :: Unknown value: 'Tier9'.
 3:05:22.751 !!! [CE] :: Unknown value: 'Tier7'.
 3:05:22.751 !!! [CE] :: Unknown value: 'Tier8'.
 3:05:22.751 !!! [CE] :: Unknown value: 'Tier9'.
 3:05:22.751 !!! [CE] :: Unknown value: 'Tier7'.
 3:05:22.751 !!! [CE] :: Unknown value: 'Tier8'.
 3:05:22.751 !!! [CE] :: Unknown value: 'Tier9'.
 3:05:22.751 !!! [CE] :: Unknown value: 'Tier7'.
 3:05:22.751 !!! [CE] :: Unknown value: 'Tier8'.
 3:05:22.751 !!! [CE] :: Unknown value: 'Tier9'.
 3:05:22.751 !!! [CE] :: Unknown value: 'Tier7'.
 3:05:22.751 !!! [CE] :: Unknown value: 'Tier8'.
 3:05:22.751 !!! [CE] :: Unknown value: 'Tier9'.
 3:05:22.751 !!! [CE] :: Unknown value: 'Tier7'.
 3:05:22.751 !!! [CE] :: Unknown value: 'Tier8'.
 3:05:22.751 !!! [CE] :: Unknown value: 'Tier9'.
 3:05:22.751 !!! [CE] :: Unknown value: 'Tier7'.
 3:05:22.751 !!! [CE] :: Unknown value: 'Tier8'.
 3:05:22.751 !!! [CE] :: Unknown value: 'Tier9'.
 3:05:22.751 !!! [CE] :: Unknown value: 'Tier7'.
 3:05:22.751 !!! [CE] :: Unknown value: 'Tier8'.
 3:05:22.751 !!! [CE] :: Unknown value: 'Tier9'.
 3:05:22.751 !!! [CE] :: Unknown value: 'Tier7'.
 3:05:22.751 !!! [CE] :: Unknown value: 'Tier8'.
 3:05:22.751 !!! [CE] :: Unknown value: 'Tier9'.
 3:05:22.751 !!! [CE] :: Unknown value: 'Tier7'.
 3:05:22.751 !!! [CE] :: Unknown value: 'Tier8'.
 3:05:22.751 !!! [CE] :: Unknown value: 'Tier9'.
 3:05:22.751 !!! [CE] :: Unknown value: 'Tier7'.
 3:05:22.751 !!! [CE] :: Unknown value: 'Tier8'.
 3:05:22.751 !!! [CE] :: Unknown value: 'Tier9'.
 3:05:22.751 !!! [CE] :: Unknown value: 'Tier7'.
 3:05:22.751 !!! [CE] :: Unknown value: 'Tier8'.
 3:05:22.751 !!! [CE] :: Unknown value: 'Tier9'.
 3:05:22.751 !!! [CE] :: Unknown value: 'Tier7'.
 3:05:22.751 !!! [CE] :: Unknown value: 'Tier8'.
 3:05:22.751 !!! [CE] :: Unknown value: 'Tier9'.
 3:05:22.751 !!! [CE] :: Unknown value: 'Tier7'.
 3:05:22.751 !!! [CE] :: Unknown value: 'Tier8'.
 3:05:22.751 !!! [CE] :: Unknown value: 'Tier9'.
 3:05:22.751 !!! [CE] :: Unknown value: 'Tier7'.
 3:05:22.751 !!! [CE] :: Unknown value: 'Tier8'.
 3:05:22.751 !!! [CE] :: Unknown value: 'Tier9'.
 3:05:22.751 !!! [CE] :: Unknown value: 'Tier7'.
 3:05:22.751 !!! [CE] :: Unknown value: 'Tier8'.
 3:05:22.751 !!! [CE] :: Unknown value: 'Tier9'.
 3:05:22.751 !!! [CE] :: Unknown value: 'Tier7'.
 3:05:22.751 !!! [CE] :: Unknown value: 'Tier8'.
 3:05:22.751 !!! [CE] :: Unknown value: 'Tier9'.
 3:05:22.751 !!! [CE] :: Unknown value: 'Tier7'.
 3:05:22.751 !!! [CE] :: Unknown value: 'Tier8'.
 3:05:22.751 !!! [CE] :: Unknown value: 'Tier9'.
 3:05:22.751 !!! [CE] :: Unknown value: 'Tier7'.
 3:05:22.751 !!! [CE] :: Unknown value: 'Tier8'.
 3:05:22.751 !!! [CE] :: Unknown value: 'Tier9'.
 3:05:22.751 !!! [CE] :: Unknown value: 'Tier7'.
 3:05:22.751 !!! [CE] :: Unknown value: 'Tier8'.
 3:05:22.751 !!! [CE] :: Unknown value: 'Tier9'.
 3:05:22.751 !!! [CE] :: Unknown value: 'Tier7'.
 3:05:22.751 !!! [CE] :: Unknown value: 'Tier8'.
 3:05:22.751 !!! [CE] :: Unknown value: 'Tier9'.
 3:05:22.751 !!! [CE] :: Unknown value: 'Tier7'.
 3:05:22.751 !!! [CE] :: Unknown value: 'Tier8'.
 3:05:22.751 !!! [CE] :: Unknown value: 'Tier9'.
 3:05:22.751 !!! [CE] :: Unknown value: 'Tier7'.
 3:05:22.751 !!! [CE] :: Unknown value: 'Tier8'.
 3:05:22.751 !!! [CE] :: Unknown value: 'Tier9'.
 3:05:22.751 !!! [CE] :: Unknown value: 'Tier7'.
 3:05:22.751 !!! [CE] :: Unknown value: 'Tier8'.
 3:05:22.751 !!! [CE] :: Unknown value: 'Tier9'.
 3:05:22.751 !!! [CE] :: Unknown value: 'Tier7'.
 3:05:22.751 !!! [CE] :: Unknown value: 'Tier8'.
 3:05:22.751 !!! [CE] :: Unknown value: 'Tier9'.
 3:05:22.751 !!! [CE] :: Unknown value: 'Tier7'.
 3:05:22.751 !!! [CE] :: Unknown value: 'Tier8'.
 3:05:22.751 !!! [CE] :: Unknown value: 'Tier9'.
 3:05:22.751 !!! [CE] :: Unknown value: 'Tier7'.
 3:05:22.751 !!! [CE] :: Unknown value: 'Tier8'.
 3:05:22.751 !!! [CE] :: Unknown value: 'Tier9'.
 3:05:22.751 !!! [CE] :: Unknown value: 'Tier7'.
 3:05:22.751 !!! [CE] :: Unknown value: 'Tier8'.
 3:05:22.751 !!! [CE] :: Unknown value: 'Tier9'.
 3:05:22.751 !!! [CE] :: Unknown value: 'Tier7'.
 3:05:22.751 !!! [CE] :: Unknown value: 'Tier8'.
 3:05:22.751 !!! [CE] :: Unknown value: 'Tier9'.
 3:05:22.751 !!! [CE] :: Unknown value: 'Tier7'.
 3:05:22.751 !!! [CE] :: Unknown value: 'Tier8'.
 3:05:22.751 !!! [CE] :: Unknown value: 'Tier9'.
 3:05:22.751 !!! [CE] :: Unknown value: 'Tier7'.
 3:05:22.751 !!! [CE] :: Unknown value: 'Tier8'.
 3:05:22.751 !!! [CE] :: Unknown value: 'Tier9'.
 3:05:22.751 !!! [CE] :: Unknown value: 'Tier7'.
 3:05:22.751 !!! [CE] :: Unknown value: 'Tier8'.
 3:05:22.751 !!! [CE] :: Unknown value: 'Tier9'.
 3:05:22.751 !!! [CE] :: Unknown value: 'Tier7'.
 3:05:22.751 !!! [CE] :: Unknown value: 'Tier8'.
 3:05:22.751 !!! [CE] :: Unknown value: 'Tier9'.
 3:05:22.751 !!! [CE] :: Unknown value: 'Tier7'.
 3:05:22.751 !!! [CE] :: Unknown value: 'Tier8'.
 3:05:22.751 !!! [CE] :: Unknown value: 'Tier9'.
 3:05:22.751 !!! [CE] :: Unknown value: 'Tier7'.
 3:05:22.751 !!! [CE] :: Unknown value: 'Tier8'.
 3:05:22.751 !!! [CE] :: Unknown value: 'Tier9'.
 3:05:22.751 !!! [CE] :: Unknown value: 'Tier7'.
 3:05:22.751 !!! [CE] :: Unknown value: 'Tier8'.
 3:05:22.751 !!! [CE] :: Unknown value: 'Tier9'.
 3:05:22.751 !!! [CE] :: Unknown value: 'Tier7'.
 3:05:22.751 !!! [CE] :: Unknown value: 'Tier8'.
 3:05:22.751 !!! [CE] :: Unknown value: 'Tier9'.
 3:05:22.751 !!! [CE] :: Unknown value: 'Tier7'.
 3:05:22.751 !!! [CE] :: Unknown value: 'Tier8'.
 3:05:22.751 !!! [CE] :: Unknown value: 'Tier9'.
 3:05:22.751 !!! [CE] :: Unknown value: 'Tier7'.
 3:05:22.751 !!! [CE] :: Unknown value: 'Tier8'.
 3:05:22.751 !!! [CE] :: Unknown value: 'Tier9'.
 3:05:22.751 !!! [CE] :: Unknown value: 'Tier7'.
 3:05:22.751 !!! [CE] :: Unknown value: 'Tier8'.
 3:05:22.751 !!! [CE] :: Unknown value: 'Tier9'.
 3:05:22.751 !!! [CE] :: Unknown value: 'Tier7'.
 3:05:22.751 !!! [CE] :: Unknown value: 'Tier8'.
 3:05:22.751 !!! [CE] :: Unknown value: 'Tier9'.
 3:05:22.751 !!! [CE] :: Unknown value: 'Tier7'.
 3:05:22.751 !!! [CE] :: Unknown value: 'Tier8'.
 3:05:22.751 !!! [CE] :: Unknown value: 'Tier9'.
 3:05:22.751 !!! [CE] :: Unknown value: 'Tier7'.
 3:05:22.751 !!! [CE] :: Unknown value: 'Tier8'.
 3:05:22.751 !!! [CE] :: Unknown value: 'Tier9'.
 3:05:22.751 !!! [CE] :: Unknown value: 'Tier7'.
 3:05:22.751 !!! [CE] :: Unknown value: 'Tier8'.
 3:05:22.751 !!! [CE] :: Unknown value: 'Tier9'.
 3:05:22.751 !!! [CE] :: Unknown value: 'Tier7'.
 3:05:22.751 !!! [CE] :: Unknown value: 'Tier8'.
 3:05:22.751 !!! [CE] :: Unknown value: 'Tier9'.
 3:05:22.751 !!! [CE] :: Unknown value: 'Tier7'.
 3:05:22.751 !!! [CE] :: Unknown value: 'Tier8'.
 3:05:22.751 !!! [CE] :: Unknown value: 'Tier9'.
 3:05:22.751 !!! [CE] :: Unknown value: 'Tier7'.
 3:05:22.751 !!! [CE] :: Unknown value: 'Tier8'.
 3:05:22.751 !!! [CE] :: Unknown value: 'Tier9'.
 3:05:22.751 !!! [CE] :: Unknown value: 'Tier7'.
 3:05:22.751 !!! [CE] :: Unknown value: 'Tier8'.
 3:05:22.751 !!! [CE] :: Unknown value: 'Tier9'.
 3:05:22.751 !!! [CE] :: Unknown value: 'Tier7'.
 3:05:22.751 !!! [CE] :: Unknown value: 'Tier8'.
 3:05:22.751 !!! [CE] :: Unknown value: 'Tier9'.
 3:05:22.751 !!! [CE] :: Unknown value: 'Tier7'.
 3:05:22.751 !!! [CE] :: Unknown value: 'Tier8'.
 3:05:22.751 !!! [CE] :: Unknown value: 'Tier9'.
 3:05:22.751 !!! [CE] :: Unknown value: 'Tier7'.
 3:05:22.751 !!! [CE] :: Unknown value: 'Tier8'.
 3:05:22.751 !!! [CE] :: Unknown value: 'Tier9'.
 3:05:22.751 !!! [CE] :: Unknown value: 'Tier7'.
 3:05:22.751 !!! [CE] :: Unknown value: 'Tier8'.
 3:05:22.751 !!! [CE] :: Unknown value: 'Tier9'.
 3:05:22.751 !!! [CE] :: Unknown value: 'Tier7'.
 3:05:22.751 !!! [CE] :: Unknown value: 'Tier8'.
 3:05:22.751 !!! [CE] :: Unknown value: 'Tier9'.
 3:05:22.751 !!! [CE] :: Unknown value: 'Tier7'.
 3:05:22.751 !!! [CE] :: Unknown value: 'Tier8'.
 3:05:22.751 !!! [CE] :: Unknown value: 'Tier9'.
 3:05:22.751 !!! [CE] :: Unknown value: 'Tier7'.
 3:05:22.751 !!! [CE] :: Unknown value: 'Tier8'.
 3:05:22.751 !!! [CE] :: Unknown value: 'Tier9'.
 3:05:22.751 !!! [CE] :: Unknown value: 'Tier7'.
 3:05:22.751 !!! [CE] :: Unknown value: 'Tier8'.
 3:05:22.751 !!! [CE] :: Unknown value: 'Tier9'.
 3:05:22.751 !!! [CE] :: Unknown value: 'Tier7'.
 3:05:22.751 !!! [CE] :: Unknown value: 'Tier8'.
 3:05:22.751 !!! [CE] :: Unknown value: 'Tier9'.
 3:05:22.751 !!! [CE] :: Unknown value: 'Tier7'.
 3:05:22.751 !!! [CE] :: Unknown value: 'Tier8'.
 3:05:22.751 !!! [CE] :: Unknown value: 'Tier9'.
 3:05:22.751 !!! [CE] :: Unknown value: 'Tier7'.
 3:05:22.751 !!! [CE] :: Unknown value: 'Tier8'.
 3:05:22.751 !!! [CE] :: Unknown value: 'Tier9'.
 3:05:22.751 !!! [CE] :: Unknown value: 'Tier7'.
 3:05:22.751 !!! [CE] :: Unknown value: 'Tier8'.
 3:05:22.751 !!! [CE] :: Unknown value: 'Tier9'.
 3:05:22.751 !!! [CE] :: Unknown value: 'Tier7'.
 3:05:22.751 !!! [CE] :: Unknown value: 'Tier8'.
 3:05:22.751 !!! [CE] :: Unknown value: 'Tier9'.
 3:05:22.751 !!! [CE] :: Unknown value: 'Tier7'.
 3:05:22.751 !!! [CE] :: Unknown value: 'Tier8'.
 3:05:22.751 !!! [CE] :: Unknown value: 'Tier9'.
 3:05:22.751 !!! [CE] :: Unknown value: 'Tier7'.
 3:05:22.751 !!! [CE] :: Unknown value: 'Tier8'.
 3:05:22.751 !!! [CE] :: Unknown value: 'Tier9'.
 3:05:22.751 !!! [CE] :: Unknown value: 'Tier7'.
 3:05:22.751 !!! [CE] :: Unknown value: 'Tier8'.
 3:05:22.751 !!! [CE] :: Unknown value: 'Tier9'.
 3:05:22.751 !!! [CE] :: Unknown value: 'Tier7'.
 3:05:22.751 !!! [CE] :: Unknown value: 'Tier8'.
 3:05:22.751 !!! [CE] :: Unknown value: 'Tier9'.
 3:05:22.751 !!! [CE] :: Unknown value: 'Tier7'.
 3:05:22.751 !!! [CE] :: Unknown value: 'Tier8'.
 3:05:22.751 !!! [CE] :: Unknown value: 'Tier9'.
 3:05:22.751 !!! [CE] :: Unknown value: 'Tier7'.
 3:05:22.751 !!! [CE] :: Unknown value: 'Tier8'.
 3:05:22.751 !!! [CE] :: Unknown value: 'Tier9'.
 3:05:22.751 !!! [CE] :: Unknown value: 'Tier7'.
 3:05:22.751 !!! [CE] :: Unknown value: 'Tier8'.
 3:05:22.751 !!! [CE] :: Unknown value: 'Tier9'.
 3:05:22.751 !!! [CE] :: Unknown value: 'Tier7'.
 3:05:22.751 !!! [CE] :: Unknown value: 'Tier8'.
 3:05:22.751 !!! [CE] :: Unknown value: 'Tier9'.
 3:05:22.751 !!! [CE] :: Unknown value: 'Tier7'.
 3:05:22.751 !!! [CE] :: Unknown value: 'Tier8'.
 3:05:22.751 !!! [CE] :: Unknown value: 'Tier9'.
 3:05:22.751 !!! [CE] :: Unknown value: 'Tier7'.
 3:05:22.751 !!! [CE] :: Unknown value: 'Tier8'.
 3:05:22.751 !!! [CE] :: Unknown value: 'Tier9'.
 3:05:22.751 !!! [CE] :: Unknown value: 'Tier7'.
 3:05:22.751 !!! [CE] :: Unknown value: 'Tier8'.
 3:05:22.751 !!! [CE] :: Unknown value: 'Tier9'.
 3:05:22.751 !!! [CE] :: Unknown value: 'Tier7'.
 3:05:22.751 !!! [CE] :: Unknown value: 'Tier8'.
 3:05:22.751 !!! [CE] :: Unknown value: 'Tier9'.
 3:05:22.751 !!! [CE] :: Unknown value: 'Tier7'.
 3:05:22.751 !!! [CE] :: Unknown value: 'Tier8'.
 3:05:22.751 !!! [CE] :: Unknown value: 'Tier9'.
 3:05:22.751 !!! [CE] :: Unknown value: 'Tier7'.
 3:05:22.751 !!! [CE] :: Unknown value: 'Tier8'.
 3:05:22.751 !!! [CE] :: Unknown value: 'Tier9'.
 3:05:22.751 !!! [CE] :: Unknown value: 'Tier7'.
 3:05:22.751 !!! [CE] :: Unknown value: 'Tier8'.
 3:05:22.751 !!! [CE] :: Unknown value: 'Tier9'.
 3:05:22.751 !!! [CE] :: Unknown value: 'Tier7'.
 3:05:22.751 !!! [CE] :: Unknown value: 'Tier8'.
 3:05:22.751 !!! [CE] :: Unknown value: 'Tier9'.
 3:05:22.751 !!! [CE] :: Unknown value: 'Tier7'.
 3:05:22.751 !!! [CE] :: Unknown value: 'Tier8'.
 3:05:22.751 !!! [CE] :: Unknown value: 'Tier9'.
 3:05:22.751 !!! [CE] :: Unknown value: 'Tier7'.
 3:05:22.751 !!! [CE] :: Unknown value: 'Tier8'.
 3:05:22.751 !!! [CE] :: Unknown value: 'Tier9'.
 3:05:22.751 !!! [CE] :: Unknown value: 'Tier7'.
 3:05:22.751 !!! [CE] :: Unknown value: 'Tier8'.
 3:05:22.751 !!! [CE] :: Unknown value: 'Tier9'.
 3:05:22.751 !!! [CE] :: Unknown value: 'Tier7'.
 3:05:22.751 !!! [CE] :: Unknown value: 'Tier8'.
 3:05:22.751 !!! [CE] :: Unknown value: 'Tier9'.
 3:05:22.751 !!! [CE] :: Unknown value: 'Tier7'.
 3:05:22.751 !!! [CE] :: Unknown value: 'Tier8'.
 3:05:22.751 !!! [CE] :: Unknown value: 'Tier9'.
 3:05:22.751 !!! [CE] :: Unknown value: 'Tier7'.
 3:05:22.751 !!! [CE] :: Unknown value: 'Tier8'.
 3:05:22.751 !!! [CE] :: Unknown value: 'Tier9'.
 3:05:22.751 !!! [CE] :: Unknown value: 'Tier7'.
 3:05:22.751 !!! [CE] :: Unknown value: 'Tier8'.
 3:05:22.751 !!! [CE] :: Unknown value: 'Tier9'.
 3:05:22.751 !!! [CE] :: Unknown value: 'Tier7'.
 3:05:22.751 !!! [CE] :: Unknown value: 'Tier8'.
 3:05:22.751 !!! [CE] :: Unknown value: 'Tier9'.
 3:05:22.751 !!! [CE] :: Unknown value: 'Tier7'.
 3:05:22.751 !!! [CE] :: Unknown value: 'Tier8'.
 3:05:22.751 !!! [CE] :: Unknown value: 'Tier9'.
 3:05:22.751 !!! [CE] :: Unknown value: 'Tier7'.
 3:05:22.751 !!! [CE] :: Unknown value: 'Tier8'.
 3:05:22.751 !!! [CE] :: Unknown value: 'Tier9'.
 3:05:22.751 !!! [CE] :: Unknown value: 'Tier7'.
 3:05:22.751 !!! [CE] :: Unknown value: 'Tier8'.
 3:05:22.751 !!! [CE] :: Unknown value: 'Tier9'.
 3:05:22.751 !!! [CE] :: Unknown value: 'Tier7'.
 3:05:22.751 !!! [CE] :: Unknown value: 'Tier8'.
 3:05:22.751 !!! [CE] :: Unknown value: 'Tier9'.
 3:05:22.751 !!! [CE] :: Unknown value: 'Tier7'.
 3:05:22.751 !!! [CE] :: Unknown value: 'Tier8'.
 3:05:22.751 !!! [CE] :: Unknown value: 'Tier9'.
 3:05:22.751 !!! [CE] :: Unknown value: 'Tier7'.
 3:05:22.751 !!! [CE] :: Unknown value: 'Tier8'.
 3:05:22.751 !!! [CE] :: Unknown value: 'Tier9'.
 3:05:22.751 !!! [CE] :: Unknown value: 'Tier7'.
 3:05:22.751 !!! [CE] :: Unknown value: 'Tier8'.
 3:05:22.751 !!! [CE] :: Unknown value: 'Tier9'.
 3:05:22.751 !!! [CE] :: Unknown value: 'Tier7'.
 3:05:22.751 !!! [CE] :: Unknown value: 'Tier8'.
 3:05:22.751 !!! [CE] :: Unknown value: 'Tier9'.
 3:05:22.751 !!! [CE] :: Unknown value: 'Tier7'.
 3:05:22.751 !!! [CE] :: Unknown value: 'Tier8'.
 3:05:22.751 !!! [CE] :: Unknown value: 'Tier9'.
 3:05:22.751 !!! [CE] :: Unknown value: 'Tier7'.
 3:05:22.751 !!! [CE] :: Unknown value: 'Tier8'.
 3:05:22.751 !!! [CE] :: Unknown value: 'Tier9'.
 3:05:22.751 !!! [CE] :: Unknown value: 'Tier7'.
 3:05:22.751 !!! [CE] :: Unknown value: 'Tier8'.
 3:05:22.751 !!! [CE] :: Unknown value: 'Tier9'.
 3:05:22.751 !!! [CE] :: Unknown value: 'Tier7'.
 3:05:22.751 !!! [CE] :: Unknown value: 'Tier8'.
 3:05:22.751 !!! [CE] :: Unknown value: 'Tier9'.
 3:05:22.751 !!! [CE] :: Unknown value: 'Tier7'.
 3:05:22.751 !!! [CE] :: Unknown value: 'Tier8'.
 3:05:22.751 !!! [CE] :: Unknown value: 'Tier9'.
 3:05:22.751 !!! [CE] :: Unknown value: 'Tier7'.
 3:05:22.751 !!! [CE] :: Unknown value: 'Tier8'.
 3:05:22.751 !!! [CE] :: Unknown value: 'Tier9'.
 3:05:22.751 !!! [CE] :: Unknown value: 'Tier7'.
 3:05:22.751 !!! [CE] :: Unknown value: 'Tier8'.
 3:05:22.751 !!! [CE] :: Unknown value: 'Tier9'.
 3:05:22.751 !!! [CE] :: Unknown value: 'Tier7'.
 3:05:22.751 !!! [CE] :: Unknown value: 'Tier8'.
 3:05:22.751 !!! [CE] :: Unknown value: 'Tier9'.
 3:05:22.751 !!! [CE] :: Unknown value: 'Tier7'.
 3:05:22.751 !!! [CE] :: Unknown value: 'Tier8'.
 3:05:22.751 !!! [CE] :: Unknown value: 'Tier9'.
 3:05:22.751 !!! [CE] :: Unknown value: 'Tier7'.
 3:05:22.751 !!! [CE] :: Unknown value: 'Tier8'.
 3:05:22.751 !!! [CE] :: Unknown value: 'Tier9'.
 3:05:22.751 !!! [CE] :: Unknown value: 'Tier7'.
 3:05:22.751 !!! [CE] :: Unknown value: 'Tier8'.
 3:05:22.751 !!! [CE] :: Unknown value: 'Tier9'.
 3:05:22.751 !!! [CE] :: Unknown value: 'Tier7'.
 3:05:22.751 !!! [CE] :: Unknown value: 'Tier8'.
 3:05:22.751 !!! [CE] :: Unknown value: 'Tier9'.
 3:05:22.751 !!! [CE] :: Unknown value: 'Tier7'.
 3:05:22.751 !!! [CE] :: Unknown value: 'Tier8'.
 3:05:22.751 !!! [CE] :: Unknown value: 'Tier9'.
 3:05:22.751 !!! [CE] :: Unknown value: 'Tier7'.
 3:05:22.751 !!! [CE] :: Unknown value: 'Tier8'.
 3:05:22.751 !!! [CE] :: Unknown value: 'Tier9'.
 3:05:22.751 !!! [CE] :: Unknown value: 'Tier7'.
 3:05:22.751 !!! [CE] :: Unknown value: 'Tier8'.
 3:05:22.751 !!! [CE] :: Unknown value: 'Tier9'.
 3:05:22.751 !!! [CE] :: Unknown value: 'Tier7'.
 3:05:22.751 !!! [CE] :: Unknown value: 'Tier8'.
 3:05:22.751 !!! [CE] :: Unknown value: 'Tier9'.
 3:05:22.751 !!! [CE] :: Unknown value: 'Tier7'.
 3:05:22.751 !!! [CE] :: Unknown value: 'Tier8'.
 3:05:22.751 !!! [CE] :: Unknown value: 'Tier9'.
 3:05:22.751 !!! [CE] :: Unknown value: 'Tier7'.
 3:05:22.751 !!! [CE] :: Unknown value: 'Tier8'.
 3:05:22.751 !!! [CE] :: Unknown value: 'Tier9'.
 3:05:22.751 !!! [CE] :: Unknown value: 'Tier7'.
 3:05:22.751 !!! [CE] :: Unknown value: 'Tier8'.
 3:05:22.751 !!! [CE] :: Unknown value: 'Tier9'.
 3:05:22.751 !!! [CE] :: Unknown value: 'Tier7'.
 3:05:22.751 !!! [CE] :: Unknown value: 'Tier8'.
 3:05:22.751 !!! [CE] :: Unknown value: 'Tier9'.
 3:05:22.751 !!! [CE] :: Unknown value: 'Tier7'.
 3:05:22.751 !!! [CE] :: Unknown value: 'Tier8'.
 3:05:22.751 !!! [CE] :: Unknown value: 'Tier9'.
 3:05:22.751 !!! [CE] :: Unknown value: 'Tier7'.
 3:05:22.751 !!! [CE] :: Unknown value: 'Tier8'.
 3:05:22.751 !!! [CE] :: Unknown value: 'Tier9'.
 3:05:22.751 !!! [CE] :: Unknown value: 'Tier7'.
 3:05:22.751 !!! [CE] :: Unknown value: 'Tier8'.
 3:05:22.751 !!! [CE] :: Unknown value: 'Tier9'.
 3:05:22.751 !!! [CE] :: Unknown value: 'Tier7'.
 3:05:22.751 !!! [CE] :: Unknown value: 'Tier8'.
 3:05:22.751 !!! [CE] :: Unknown value: 'Tier9'.
 3:05:22.751 !!! [CE] :: Unknown value: 'Tier7'.
 3:05:22.751 !!! [CE] :: Unknown value: 'Tier8'.
 3:05:22.751 !!! [CE] :: Unknown value: 'Tier9'.
 3:05:22.751 !!! [CE] :: Unknown value: 'Tier7'.
 3:05:22.751 !!! [CE] :: Unknown value: 'Tier8'.
 3:05:22.751 !!! [CE] :: Unknown value: 'Tier9'.
 3:05:22.751 !!! [CE] :: Unknown value: 'Tier7'.
 3:05:22.751 !!! [CE] :: Unknown value: 'Tier8'.
 3:05:22.751 !!! [CE] :: Unknown value: 'Tier9'.
 3:05:22.751 !!! [CE] :: Unknown value: 'Tier7'.
 3:05:22.751 !!! [CE] :: Unknown value: 'Tier8'.
 3:05:22.751 !!! [CE] :: Unknown value: 'Tier9'.
 3:05:22.751 !!! [CE] :: Unknown value: 'Tier7'.
 3:05:22.751 !!! [CE] :: Unknown value: 'Tier8'.
 3:05:22.751 !!! [CE] :: Unknown value: 'Tier9'.
 3:05:22.751 !!! [CE] :: Unknown value: 'Tier7'.
 3:05:22.751 !!! [CE] :: Unknown value: 'Tier8'.
 3:05:22.751 !!! [CE] :: Unknown value: 'Tier9'.
 3:05:22.751 !!! [CE] :: Unknown value: 'Tier7'.
 3:05:22.751 !!! [CE] :: Unknown value: 'Tier8'.
 3:05:22.751 !!! [CE] :: Unknown value: 'Tier9'.
 3:05:22.751 !!! [CE] :: Unknown value: 'Tier7'.
 3:05:22.751 !!! [CE] :: Unknown value: 'Tier8'.
 3:05:22.751 !!! [CE] :: Unknown value: 'Tier9'.
 3:05:22.751 !!! [CE] :: Unknown value: 'Tier7'.
 3:05:22.751 !!! [CE] :: Unknown value: 'Tier8'.
 3:05:22.751 !!! [CE] :: Unknown value: 'Tier9'.
 3:05:22.751 !!! [CE] :: Unknown value: 'Tier7'.
 3:05:22.751 !!! [CE] :: Unknown value: 'Tier8'.
 3:05:22.751 !!! [CE] :: Unknown value: 'Tier9'.
 3:05:22.751 !!! [CE] :: Unknown value: 'Tier7'.
 3:05:22.751 !!! [CE] :: Unknown value: 'Tier8'.
 3:05:22.751 !!! [CE] :: Unknown value: 'Tier9'.
 3:05:22.751 !!! [CE] :: Unknown value: 'Tier7'.
 3:05:22.751 !!! [CE] :: Unknown value: 'Tier8'.
 3:05:22.751 !!! [CE] :: Unknown value: 'Tier9'.
 3:05:22.751 !!! [CE] :: Unknown value: 'Tier7'.
 3:05:22.752 !!! [CE] :: Unknown value: 'Tier8'.
 3:05:22.752 !!! [CE] :: Unknown value: 'Tier9'.
 3:05:22.752 !!! [CE] :: Unknown value: 'Tier7'.
 3:05:22.752 !!! [CE] :: Unknown value: 'Tier8'.
 3:05:22.752 !!! [CE] :: Unknown value: 'Tier9'.
 3:05:22.752 !!! [CE] :: Unknown value: 'Tier7'.
 3:05:22.752 !!! [CE] :: Unknown value: 'Tier8'.
 3:05:22.752 !!! [CE] :: Unknown value: 'Tier9'.
 3:05:22.752 !!! [CE] :: Unknown value: 'Tier7'.
 3:05:22.752 !!! [CE] :: Unknown value: 'Tier8'.
 3:05:22.752 !!! [CE] :: Unknown value: 'Tier9'.
 3:05:22.752 !!! [CE] :: Unknown value: 'Tier7'.
 3:05:22.752 !!! [CE] :: Unknown value: 'Tier8'.
 3:05:22.752 !!! [CE] :: Unknown value: 'Tier9'.
 3:05:22.752 !!! [CE] :: Unknown value: 'Tier7'.
 3:05:22.752 !!! [CE] :: Unknown value: 'Tier8'.
 3:05:22.752 !!! [CE] :: Unknown value: 'Tier9'.
 3:05:22.752 !!! [CE] :: Unknown value: 'Tier7'.
 3:05:22.752 !!! [CE] :: Unknown value: 'Tier8'.
 3:05:22.752 !!! [CE] :: Unknown value: 'Tier9'.
 3:05:22.752 !!! [CE] :: Unknown value: 'Tier7'.
 3:05:22.752 !!! [CE] :: Unknown value: 'Tier8'.
 3:05:22.752 !!! [CE] :: Unknown value: 'Tier9'.
 3:05:22.752 !!! [CE] :: Unknown value: 'Tier7'.
 3:05:22.752 !!! [CE] :: Unknown value: 'Tier8'.
 3:05:22.752 !!! [CE] :: Unknown value: 'Tier9'.
 3:05:22.752 !!! [CE] :: Unknown value: 'Tier7'.
 3:05:22.752 !!! [CE] :: Unknown value: 'Tier8'.
 3:05:22.752 !!! [CE] :: Unknown value: 'Tier9'.
 3:05:22.752 !!! [CE] :: Unknown value: 'Tier7'.
 3:05:22.752 !!! [CE] :: Unknown value: 'Tier8'.
 3:05:22.752 !!! [CE] :: Unknown value: 'Tier9'.
 3:05:22.752 !!! [CE] :: Unknown value: 'Tier7'.
 3:05:22.752 !!! [CE] :: Unknown value: 'Tier8'.
 3:05:22.752 !!! [CE] :: Unknown value: 'Tier9'.
 3:05:22.752 !!! [CE] :: Unknown value: 'Tier7'.
 3:05:22.752 !!! [CE] :: Unknown value: 'Tier8'.
 3:05:22.752 !!! [CE] :: Unknown value: 'Tier9'.
 3:05:22.752 !!! [CE] :: Unknown value: 'Tier7'.
 3:05:22.752 !!! [CE] :: Unknown value: 'Tier8'.
 3:05:22.752 !!! [CE] :: Unknown value: 'Tier9'.
 3:05:22.752 !!! [CE] :: Unknown value: 'Tier7'.
 3:05:22.752 !!! [CE] :: Unknown value: 'Tier8'.
 3:05:22.752 !!! [CE] :: Unknown value: 'Tier9'.
 3:05:22.752 !!! [CE] :: Unknown value: 'Tier7'.
 3:05:22.752 !!! [CE] :: Unknown value: 'Tier8'.
 3:05:22.752 !!! [CE] :: Unknown value: 'Tier9'.
 3:05:22.752 !!! [CE] :: Unknown value: 'Tier7'.
 3:05:22.752 !!! [CE] :: Unknown value: 'Tier8'.
 3:05:22.752 !!! [CE] :: Unknown value: 'Tier9'.
 3:05:22.752 !!! [CE] :: Unknown value: 'Tier7'.
 3:05:22.752 !!! [CE] :: Unknown value: 'Tier8'.
 3:05:22.752 !!! [CE] :: Unknown value: 'Tier9'.
 3:05:22.752 !!! [CE] :: Unknown value: 'Tier7'.
 3:05:22.752 !!! [CE] :: Unknown value: 'Tier8'.
 3:05:22.752 !!! [CE] :: Unknown value: 'Tier9'.
 3:05:22.752 !!! [CE] :: Unknown value: 'Tier7'.
 3:05:22.752 !!! [CE] :: Unknown value: 'Tier8'.
 3:05:22.752 !!! [CE] :: Unknown value: 'Tier9'.
 3:05:22.752 !!! [CE] :: Unknown value: 'Tier7'.
 3:05:22.752 !!! [CE] :: Unknown value: 'Tier8'.
 3:05:22.752 !!! [CE] :: Unknown value: 'Tier9'.
 3:05:22.752 !!! [CE] :: Unknown value: 'Tier7'.
 3:05:22.752 !!! [CE] :: Unknown value: 'Tier8'.
 3:05:22.752 !!! [CE] :: Unknown value: 'Tier9'.
 3:05:22.752 !!! [CE] :: Unknown value: 'Tier7'.
 3:05:22.752 !!! [CE] :: Unknown value: 'Tier8'.
 3:05:22.752 !!! [CE] :: Unknown value: 'Tier9'.
 3:05:22.752 !!! [CE] :: Unknown value: 'Tier7'.
 3:05:22.752 !!! [CE] :: Unknown value: 'Tier8'.
 3:05:22.752 !!! [CE] :: Unknown value: 'Tier9'.
 3:05:22.752 !!! [CE] :: Unknown value: 'Tier7'.
 3:05:22.752 !!! [CE] :: Unknown value: 'Tier8'.
 3:05:22.752 !!! [CE] :: Unknown value: 'Tier9'.
 3:05:22.752 !!! [CE] :: Unknown value: 'Tier7'.
 3:05:22.752 !!! [CE] :: Unknown value: 'Tier8'.
 3:05:22.752 !!! [CE] :: Unknown value: 'Tier9'.
 3:05:22.752 !!! [CE] :: Unknown value: 'Tier7'.
 3:05:22.752 !!! [CE] :: Unknown value: 'Tier8'.
 3:05:22.752 !!! [CE] :: Unknown value: 'Tier9'.
 3:05:22.752 !!! [CE] :: Unknown value: 'Tier7'.
 3:05:22.752 !!! [CE] :: Unknown value: 'Tier8'.
 3:05:22.752 !!! [CE] :: Unknown value: 'Tier9'.
 3:05:22.752 !!! [CE] :: Unknown value: 'Tier7'.
 3:05:22.752 !!! [CE] :: Unknown value: 'Tier8'.
 3:05:22.752 !!! [CE] :: Unknown value: 'Tier9'.
 3:05:22.752 !!! [CE] :: Unknown value: 'Tier7'.
 3:05:22.752 !!! [CE] :: Unknown value: 'Tier8'.
 3:05:22.752 !!! [CE] :: Unknown value: 'Tier9'.
 3:05:22.752 !!! [CE] :: Unknown value: 'Tier7'.
 3:05:22.752 !!! [CE] :: Unknown value: 'Tier8'.
 3:05:22.752 !!! [CE] :: Unknown value: 'Tier9'.
 3:05:22.752 !!! [CE] :: Unknown value: 'Tier7'.
 3:05:22.752 !!! [CE] :: Unknown value: 'Tier8'.
 3:05:22.752 !!! [CE] :: Unknown value: 'Tier9'.
 3:05:22.752 !!! [CE] :: Unknown value: 'Tier7'.
 3:05:22.752 !!! [CE] :: Unknown value: 'Tier8'.
 3:05:22.752 !!! [CE] :: Unknown value: 'Tier9'.
 3:05:22.752 !!! [CE] :: Unknown value: 'Tier7'.
 3:05:22.752 !!! [CE] :: Unknown value: 'Tier8'.
 3:05:22.752 !!! [CE] :: Unknown value: 'Tier9'.
 3:05:22.752 !!! [CE] :: Unknown value: 'Tier7'.
 3:05:22.752 !!! [CE] :: Unknown value: 'Tier8'.
 3:05:22.752 !!! [CE] :: Unknown value: 'Tier9'.
 3:05:22.752 !!! [CE] :: Unknown value: 'Tier7'.
 3:05:22.752 !!! [CE] :: Unknown value: 'Tier8'.
 3:05:22.752 !!! [CE] :: Unknown value: 'Tier9'.
 3:05:22.752 !!! [CE] :: Unknown value: 'Tier7'.
 3:05:22.752 !!! [CE] :: Unknown value: 'Tier8'.
 3:05:22.752 !!! [CE] :: Unknown value: 'Tier9'.
 3:05:22.752 !!! [CE] :: Unknown value: 'Tier7'.
 3:05:22.752 !!! [CE] :: Unknown value: 'Tier8'.
 3:05:22.752 !!! [CE] :: Unknown value: 'Tier9'.
 3:05:22.752 !!! [CE] :: Unknown value: 'Tier7'.
 3:05:22.752 !!! [CE] :: Unknown value: 'Tier8'.
 3:05:22.752 !!! [CE] :: Unknown value: 'Tier9'.
 3:05:22.752 !!! [CE] :: Unknown value: 'Tier7'.
 3:05:22.752 !!! [CE] :: Unknown value: 'Tier8'.
 3:05:22.752 !!! [CE] :: Unknown value: 'Tier9'.
 3:05:22.752 !!! [CE] :: Unknown value: 'Tier7'.
 3:05:22.752 !!! [CE] :: Unknown value: 'Tier8'.
 3:05:22.752 !!! [CE] :: Unknown value: 'Tier9'.
 3:05:22.752 !!! [CE] :: Unknown value: 'Tier7'.
 3:05:22.752 !!! [CE] :: Unknown value: 'Tier8'.
 3:05:22.752 !!! [CE] :: Unknown value: 'Tier9'.
 3:05:22.752 !!! [CE] :: Unknown value: 'Tier7'.
 3:05:22.752 !!! [CE] :: Unknown value: 'Tier8'.
 3:05:22.752 !!! [CE] :: Unknown value: 'Tier9'.
 3:05:22.752 !!! [CE] :: Unknown value: 'Tier7'.
 3:05:22.752 !!! [CE] :: Unknown value: 'Tier8'.
 3:05:22.752 !!! [CE] :: Unknown value: 'Tier9'.
 3:05:22.752 !!! [CE] :: Unknown value: 'Tier7'.
 3:05:22.752 !!! [CE] :: Unknown value: 'Tier8'.
 3:05:22.752 !!! [CE] :: Unknown value: 'Tier9'.
 3:05:22.752 !!! [CE] :: Unknown value: 'Tier7'.
 3:05:22.752 !!! [CE] :: Unknown value: 'Tier8'.
 3:05:22.752 !!! [CE] :: Unknown value: 'Tier9'.
 3:05:22.752 !!! [CE] :: Unknown value: 'Tier7'.
 3:05:22.752 !!! [CE] :: Unknown value: 'Tier8'.
 3:05:22.752 !!! [CE] :: Unknown value: 'Tier9'.
 3:05:22.752 !!! [CE] :: Unknown value: 'Tier7'.
 3:05:22.752 !!! [CE] :: Unknown value: 'Tier8'.
 3:05:22.752 !!! [CE] :: Unknown value: 'Tier9'.
 3:05:22.752 !!! [CE] :: Unknown value: 'Tier7'.
 3:05:22.752 !!! [CE] :: Unknown value: 'Tier8'.
 3:05:22.752 !!! [CE] :: Unknown value: 'Tier9'.
 3:05:22.752 !!! [CE] :: Unknown value: 'Tier7'.
 3:05:22.752 !!! [CE] :: Unknown value: 'Tier8'.
 3:05:22.752 !!! [CE] :: Unknown value: 'Tier9'.
 3:05:22.752 !!! [CE] :: Unknown value: 'Tier7'.
 3:05:22.752 !!! [CE] :: Unknown value: 'Tier8'.
 3:05:22.752 !!! [CE] :: Unknown value: 'Tier9'.
 3:05:22.752 !!! [CE] :: Unknown value: 'Tier7'.
 3:05:22.752 !!! [CE] :: Unknown value: 'Tier8'.
 3:05:22.752 !!! [CE] :: Unknown value: 'Tier9'.
 3:05:22.752 !!! [CE] :: Unknown value: 'Tier7'.
 3:05:22.752 !!! [CE] :: Unknown value: 'Tier8'.
 3:05:22.752 !!! [CE] :: Unknown value: 'Tier9'.
 3:05:22.752 !!! [CE] :: Unknown value: 'Tier7'.
 3:05:22.752 !!! [CE] :: Unknown value: 'Tier8'.
 3:05:22.752 !!! [CE] :: Unknown value: 'Tier9'.
 3:05:22.752 !!! [CE] :: Unknown value: 'Tier7'.
 3:05:22.752 !!! [CE] :: Unknown value: 'Tier8'.
 3:05:22.752 !!! [CE] :: Unknown value: 'Tier9'.
 3:05:22.752 !!! [CE] :: Unknown value: 'Tier7'.
 3:05:22.752 !!! [CE] :: Unknown value: 'Tier8'.
 3:05:22.752 !!! [CE] :: Unknown value: 'Tier9'.
 3:05:22.752 !!! [CE] :: Unknown value: 'Tier7'.
 3:05:22.752 !!! [CE] :: Unknown value: 'Tier8'.
 3:05:22.752 !!! [CE] :: Unknown value: 'Tier9'.
 3:05:22.752 !!! [CE] :: Unknown value: 'Tier7'.
 3:05:22.752 !!! [CE] :: Unknown value: 'Tier8'.
 3:05:22.752 !!! [CE] :: Unknown value: 'Tier9'.
 3:05:22.752 !!! [CE] :: Unknown value: 'Tier7'.
 3:05:22.752 !!! [CE] :: Unknown value: 'Tier8'.
 3:05:22.752 !!! [CE] :: Unknown value: 'Tier9'.
 3:05:22.752 !!! [CE] :: Unknown value: 'Tier7'.
 3:05:22.752 !!! [CE] :: Unknown value: 'Tier8'.
 3:05:22.752 !!! [CE] :: Unknown value: 'Tier9'.
 3:05:22.752 !!! [CE] :: Unknown value: 'Tier7'.
 3:05:22.752 !!! [CE] :: Unknown value: 'Tier8'.
 3:05:22.752 !!! [CE] :: Unknown value: 'Tier9'.
 3:05:22.752 !!! [CE] :: Unknown value: 'Tier7'.
 3:05:22.752 !!! [CE] :: Unknown value: 'Tier8'.
 3:05:22.752 !!! [CE] :: Unknown value: 'Tier9'.
 3:05:22.752 !!! [CE] :: Unknown value: 'Tier7'.
 3:05:22.752 !!! [CE] :: Unknown value: 'Tier8'.
 3:05:22.752 !!! [CE] :: Unknown value: 'Tier9'.
 3:05:22.752 !!! [CE] :: Unknown value: 'Tier7'.
 3:05:22.752 !!! [CE] :: Unknown value: 'Tier8'.
 3:05:22.752 !!! [CE] :: Unknown value: 'Tier9'.
 3:05:22.752 !!! [CE] :: Unknown value: 'Tier7'.
 3:05:22.752 !!! [CE] :: Unknown value: 'Tier8'.
 3:05:22.752 !!! [CE] :: Unknown value: 'Tier9'.
 3:05:22.752 !!! [CE] :: Unknown value: 'Tier7'.
 3:05:22.752 !!! [CE] :: Unknown value: 'Tier8'.
 3:05:22.752 !!! [CE] :: Unknown value: 'Tier9'.
 3:05:22.752 !!! [CE] :: Unknown value: 'Tier7'.
 3:05:22.752 !!! [CE] :: Unknown value: 'Tier8'.
 3:05:22.752 !!! [CE] :: Unknown value: 'Tier9'.
 3:05:22.752 !!! [CE] :: Unknown value: 'Tier7'.
 3:05:22.752 !!! [CE] :: Unknown value: 'Tier8'.
 3:05:22.752 !!! [CE] :: Unknown value: 'Tier9'.
 3:05:22.752 !!! [CE] :: Unknown value: 'Tier7'.
 3:05:22.752 !!! [CE] :: Unknown value: 'Tier8'.
 3:05:22.752 !!! [CE] :: Unknown value: 'Tier9'.
 3:05:22.752 !!! [CE] :: Unknown value: 'Tier7'.
 3:05:22.752 !!! [CE] :: Unknown value: 'Tier8'.
 3:05:22.752 !!! [CE] :: Unknown value: 'Tier9'.
 3:05:22.752 !!! [CE] :: Unknown value: 'Tier7'.
 3:05:22.752 !!! [CE] :: Unknown value: 'Tier8'.
 3:05:22.752 !!! [CE] :: Unknown value: 'Tier9'.
 3:05:22.752 !!! [CE] :: Unknown value: 'Tier7'.
 3:05:22.752 !!! [CE] :: Unknown value: 'Tier8'.
 3:05:22.752 !!! [CE] :: Unknown value: 'Tier9'.
 3:05:22.752 !!! [CE] :: Unknown value: 'Tier7'.
 3:05:22.752 !!! [CE] :: Unknown value: 'Tier8'.
 3:05:22.752 !!! [CE] :: Unknown value: 'Tier9'.
 3:05:22.752 !!! [CE] :: Unknown value: 'Tier7'.
 3:05:22.752 !!! [CE] :: Unknown value: 'Tier8'.
 3:05:22.752 !!! [CE] :: Unknown value: 'Tier9'.
 3:05:22.752 !!! [CE] :: Unknown value: 'Tier7'.
 3:05:22.752 !!! [CE] :: Unknown value: 'Tier8'.
 3:05:22.752 !!! [CE] :: Unknown value: 'Tier9'.
 3:05:22.752 !!! [CE] :: Unknown value: 'Tier7'.
 3:05:22.752 !!! [CE] :: Unknown value: 'Tier8'.
 3:05:22.752 !!! [CE] :: Unknown value: 'Tier9'.
 3:05:22.752 !!! [CE] :: Unknown value: 'Tier7'.
 3:05:22.752 !!! [CE] :: Unknown value: 'Tier8'.
 3:05:22.752 !!! [CE] :: Unknown value: 'Tier9'.
 3:05:22.752 !!! [CE] :: Unknown value: 'Tier7'.
 3:05:22.752 !!! [CE] :: Unknown value: 'Tier8'.
 3:05:22.752 !!! [CE] :: Unknown value: 'Tier9'.
 3:05:22.752 !!! [CE] :: Unknown value: 'Tier7'.
 3:05:22.752 !!! [CE] :: Unknown value: 'Tier8'.
 3:05:22.752 !!! [CE] :: Unknown value: 'Tier9'.
 3:05:22.752 !!! [CE] :: Unknown value: 'Tier7'.
 3:05:22.752 !!! [CE] :: Unknown value: 'Tier8'.
 3:05:22.752 !!! [CE] :: Unknown value: 'Tier9'.
 3:05:22.752 !!! [CE] :: Unknown value: 'Tier7'.
 3:05:22.752 !!! [CE] :: Unknown value: 'Tier8'.
 3:05:22.752 !!! [CE] :: Unknown value: 'Tier9'.
 3:05:22.752 !!! [CE] :: Unknown value: 'Tier7'.
 3:05:22.752 !!! [CE] :: Unknown value: 'Tier8'.
 3:05:22.752 !!! [CE] :: Unknown value: 'Tier9'.
 3:05:22.752 !!! [CE] :: Unknown value: 'Tier7'.
 3:05:22.752 !!! [CE] :: Unknown value: 'Tier8'.
 3:05:22.752 !!! [CE] :: Unknown value: 'Tier9'.
 3:05:22.752 !!! [CE] :: Unknown value: 'Tier7'.
 3:05:22.752 !!! [CE] :: Unknown value: 'Tier8'.
 3:05:22.752 !!! [CE] :: Unknown value: 'Tier9'.
 3:05:22.752 !!! [CE] :: Unknown value: 'Tier7'.
 3:05:22.752 !!! [CE] :: Unknown value: 'Tier8'.
 3:05:22.752 !!! [CE] :: Unknown value: 'Tier9'.
 3:05:22.752 !!! [CE] :: Unknown value: 'Tier7'.
 3:05:22.752 !!! [CE] :: Unknown value: 'Tier8'.
 3:05:22.752 !!! [CE] :: Unknown value: 'Tier9'.
 3:05:22.752 !!! [CE] :: Unknown value: 'Tier7'.
 3:05:22.752 !!! [CE] :: Unknown value: 'Tier8'.
 3:05:22.752 !!! [CE] :: Unknown value: 'Tier9'.
 3:05:22.752 !!! [CE] :: Unknown value: 'Tier7'.
 3:05:22.752 !!! [CE] :: Unknown value: 'Tier8'.
 3:05:22.752 !!! [CE] :: Unknown value: 'Tier9'.
 3:05:22.752 !!! [CE] :: Unknown value: 'Tier7'.
 3:05:22.752 !!! [CE] :: Unknown value: 'Tier8'.
 3:05:22.752 !!! [CE] :: Unknown value: 'Tier9'.
 3:05:22.752 !!! [CE] :: Unknown value: 'Tier7'.
 3:05:22.752 !!! [CE] :: Unknown value: 'Tier8'.
 3:05:22.752 !!! [CE] :: Unknown value: 'Tier9'.
 3:05:22.752 !!! [CE] :: Unknown value: 'Tier7'.
 3:05:22.752 !!! [CE] :: Unknown value: 'Tier8'.
 3:05:22.752 !!! [CE] :: Unknown value: 'Tier9'.
 3:05:22.752 !!! [CE] :: Unknown value: 'Tier7'.
 3:05:22.752 !!! [CE] :: Unknown value: 'Tier8'.
 3:05:22.752 !!! [CE] :: Unknown value: 'Tier9'.
 3:05:22.752 !!! [CE] :: Unknown value: 'Tier7'.
 3:05:22.752 !!! [CE] :: Unknown value: 'Tier8'.
 3:05:22.752 !!! [CE] :: Unknown value: 'Tier9'.
 3:05:22.752 !!! [CE] :: Unknown value: 'Tier7'.
 3:05:22.752 !!! [CE] :: Unknown value: 'Tier8'.
 3:05:22.752 !!! [CE] :: Unknown value: 'Tier9'.
 3:05:22.752 !!! [CE] :: Unknown value: 'Tier7'.
 3:05:22.752 !!! [CE] :: Unknown value: 'Tier8'.
 3:05:22.752 !!! [CE] :: Unknown value: 'Tier9'.
 3:05:22.752 !!! [CE] :: Unknown value: 'Tier7'.
 3:05:22.752 !!! [CE] :: Unknown value: 'Tier8'.
 3:05:22.752 !!! [CE] :: Unknown value: 'Tier9'.
 3:05:22.752 !!! [CE] :: Unknown value: 'Tier7'.
 3:05:22.752 !!! [CE] :: Unknown value: 'Tier8'.
 3:05:22.752 !!! [CE] :: Unknown value: 'Tier9'.
 3:05:22.752 !!! [CE] :: Unknown value: 'Tier7'.
 3:05:22.752 !!! [CE] :: Unknown value: 'Tier8'.
 3:05:22.752 !!! [CE] :: Unknown value: 'Tier9'.
 3:05:22.752 !!! [CE] :: Unknown value: 'Tier7'.
 3:05:22.752 !!! [CE] :: Unknown value: 'Tier8'.
 3:05:22.752 !!! [CE] :: Unknown value: 'Tier9'.
 3:05:22.752 !!! [CE] :: Unknown value: 'Tier7'.
 3:05:22.752 !!! [CE] :: Unknown value: 'Tier8'.
 3:05:22.752 !!! [CE] :: Unknown value: 'Tier9'.
 3:05:22.752 !!! [CE] :: Unknown value: 'Tier7'.
 3:05:22.752 !!! [CE] :: Unknown value: 'Tier8'.
 3:05:22.752 !!! [CE] :: Unknown value: 'Tier9'.
 3:05:22.752 !!! [CE] :: Unknown value: 'Tier7'.
 3:05:22.752 !!! [CE] :: Unknown value: 'Tier8'.
 3:05:22.752 !!! [CE] :: Unknown value: 'Tier9'.
 3:05:22.752 !!! [CE] :: Unknown value: 'Tier7'.
 3:05:22.752 !!! [CE] :: Unknown value: 'Tier8'.
 3:05:22.752 !!! [CE] :: Unknown value: 'Tier9'.
 3:05:22.752 !!! [CE] :: Unknown value: 'Tier7'.
 3:05:22.752 !!! [CE] :: Unknown value: 'Tier8'.
 3:05:22.752 !!! [CE] :: Unknown value: 'Tier9'.
 3:05:22.752 !!! [CE] :: Unknown value: 'Tier7'.
 3:05:22.752 !!! [CE] :: Unknown value: 'Tier8'.
 3:05:22.752 !!! [CE] :: Unknown value: 'Tier9'.
 3:05:22.752 !!! [CE] :: Unknown value: 'Tier7'.
 3:05:22.752 !!! [CE] :: Unknown value: 'Tier8'.
 3:05:22.752 !!! [CE] :: Unknown value: 'Tier9'.
 3:05:22.752 !!! [CE] :: Unknown value: 'Tier7'.
 3:05:22.752 !!! [CE] :: Unknown value: 'Tier8'.
 3:05:22.752 !!! [CE] :: Unknown value: 'Tier9'.
 3:05:22.752 !!! [CE] :: Unknown value: 'Tier7'.
 3:05:22.752 !!! [CE] :: Unknown value: 'Tier8'.
 3:05:22.752 !!! [CE] :: Unknown value: 'Tier9'.
 3:05:22.752 !!! [CE] :: Unknown value: 'Tier7'.
 3:05:22.752 !!! [CE] :: Unknown value: 'Tier8'.
 3:05:22.752 !!! [CE] :: Unknown value: 'Tier9'.
 3:05:22.752 !!! [CE] :: Unknown value: 'Tier7'.
 3:05:22.752 !!! [CE] :: Unknown value: 'Tier8'.
 3:05:22.752 !!! [CE] :: Unknown value: 'Tier9'.
 3:05:22.752 !!! [CE] :: Unknown value: 'Tier7'.
 3:05:22.752 !!! [CE] :: Unknown value: 'Tier8'.
 3:05:22.752 !!! [CE] :: Unknown value: 'Tier9'.
 3:05:22.752 !!! [CE] :: Unknown value: 'Tier7'.
 3:05:22.752 !!! [CE] :: Unknown value: 'Tier8'.
 3:05:22.752 !!! [CE] :: Unknown value: 'Tier9'.
 3:05:22.752 !!! [CE] :: Unknown value: 'Tier7'.
 3:05:22.752 !!! [CE] :: Unknown value: 'Tier8'.
 3:05:22.752 !!! [CE] :: Unknown value: 'Tier9'.
 3:05:22.752 !!! [CE] :: Unknown value: 'Tier7'.
 3:05:22.752 !!! [CE] :: Unknown value: 'Tier8'.
 3:05:22.752 !!! [CE] :: Unknown value: 'Tier9'.
 3:05:22.752 !!! [CE] :: Unknown value: 'Tier7'.
 3:05:22.752 !!! [CE] :: Unknown value: 'Tier8'.
 3:05:22.752 !!! [CE] :: Unknown value: 'Tier9'.
 3:05:22.752 !!! [CE] :: Unknown value: 'Tier7'.
 3:05:22.752 !!! [CE] :: Unknown value: 'Tier8'.
 3:05:22.752 !!! [CE] :: Unknown value: 'Tier9'.
 3:05:22.752 !!! [CE] :: Unknown value: 'Tier7'.
 3:05:22.752 !!! [CE] :: Unknown value: 'Tier8'.
 3:05:22.752 !!! [CE] :: Unknown value: 'Tier9'.
 3:05:22.752 !!! [CE] :: Unknown value: 'Tier7'.
 3:05:22.752 !!! [CE] :: Unknown value: 'Tier8'.
 3:05:22.752 !!! [CE] :: Unknown value: 'Tier9'.
 3:05:22.752 !!! [CE] :: Unknown value: 'Tier7'.
 3:05:22.752 !!! [CE] :: Unknown value: 'Tier8'.
 3:05:22.752 !!! [CE] :: Unknown value: 'Tier9'.
 3:05:22.752 !!! [CE] :: Unknown value: 'Tier7'.
 3:05:22.752 !!! [CE] :: Unknown value: 'Tier8'.
 3:05:22.752 !!! [CE] :: Unknown value: 'Tier9'.
 3:05:22.752 !!! [CE] :: Unknown value: 'Tier7'.
 3:05:22.752 !!! [CE] :: Unknown value: 'Tier8'.
 3:05:22.752 !!! [CE] :: Unknown value: 'Tier9'.
 3:05:22.752 !!! [CE] :: Unknown value: 'Tier7'.
 3:05:22.752 !!! [CE] :: Unknown value: 'Tier8'.
 3:05:22.752 !!! [CE] :: Unknown value: 'Tier9'.
 3:05:22.752 !!! [CE] :: Unknown value: 'Tier7'.
 3:05:22.752 !!! [CE] :: Unknown value: 'Tier8'.
 3:05:22.752 !!! [CE] :: Unknown value: 'Tier9'.
 3:05:22.752 !!! [CE] :: Unknown value: 'Tier7'.
 3:05:22.752 !!! [CE] :: Unknown value: 'Tier8'.
 3:05:22.752 !!! [CE] :: Unknown value: 'Tier9'.
 3:05:22.752 !!! [CE] :: Unknown value: 'Tier7'.
 3:05:22.752 !!! [CE] :: Unknown value: 'Tier8'.
 3:05:22.752 !!! [CE] :: Unknown value: 'Tier9'.
 3:05:22.752 !!! [CE] :: Unknown value: 'Tier7'.
 3:05:22.752 !!! [CE] :: Unknown value: 'Tier8'.
 3:05:22.752 !!! [CE] :: Unknown value: 'Tier9'.
 3:05:22.752 !!! [CE] :: Unknown value: 'Tier7'.
 3:05:22.752 !!! [CE] :: Unknown value: 'Tier8'.
 3:05:22.752 !!! [CE] :: Unknown value: 'Tier9'.
 3:05:22.752 !!! [CE] :: Unknown value: 'Tier7'.
 3:05:22.752 !!! [CE] :: Unknown value: 'Tier8'.
 3:05:22.752 !!! [CE] :: Unknown value: 'Tier9'.
 3:05:22.752 !!! [CE] :: Unknown value: 'Tier7'.
 3:05:22.752 !!! [CE] :: Unknown value: 'Tier8'.
 3:05:22.752 !!! [CE] :: Unknown value: 'Tier9'.
 3:05:22.752 !!! [CE] :: Unknown value: 'Tier7'.
 3:05:22.752 !!! [CE] :: Unknown value: 'Tier8'.
 3:05:22.752 !!! [CE] :: Unknown value: 'Tier9'.
 3:05:22.752 !!! [CE] :: Unknown value: 'Tier7'.
 3:05:22.752 !!! [CE] :: Unknown value: 'Tier8'.
 3:05:22.752 !!! [CE] :: Unknown value: 'Tier9'.
 3:05:22.752 !!! [CE] :: Unknown value: 'Tier7'.
 3:05:22.752 !!! [CE] :: Unknown value: 'Tier8'.
 3:05:22.752 !!! [CE] :: Unknown value: 'Tier9'.
 3:05:22.752 !!! [CE] :: Unknown value: 'Tier7'.
 3:05:22.752 !!! [CE] :: Unknown value: 'Tier8'.
 3:05:22.752 !!! [CE] :: Unknown value: 'Tier9'.
 3:05:22.752 !!! [CE] :: Unknown value: 'Tier7'.
 3:05:22.752 !!! [CE] :: Unknown value: 'Tier8'.
 3:05:22.752 !!! [CE] :: Unknown value: 'Tier9'.
 3:05:22.752 !!! [CE] :: Unknown value: 'Tier7'.
 3:05:22.752 !!! [CE] :: Unknown value: 'Tier8'.
 3:05:22.752 !!! [CE] :: Unknown value: 'Tier9'.
 3:05:22.752 !!! [CE] :: Unknown value: 'Tier7'.
 3:05:22.752 !!! [CE] :: Unknown value: 'Tier8'.
 3:05:22.752 !!! [CE] :: Unknown value: 'Tier9'.
 3:05:22.752 !!! [CE] :: Unknown value: 'Tier7'.
 3:05:22.752 !!! [CE] :: Unknown value: 'Tier8'.
 3:05:22.752 !!! [CE] :: Unknown value: 'Tier9'.
 3:05:22.752 !!! [CE] :: Unknown value: 'Tier7'.
 3:05:22.752 !!! [CE] :: Unknown value: 'Tier8'.
 3:05:22.752 !!! [CE] :: Unknown value: 'Tier9'.
 3:05:22.752 !!! [CE] :: Unknown value: 'Tier7'.
 3:05:22.752 !!! [CE] :: Unknown value: 'Tier8'.
 3:05:22.752 !!! [CE] :: Unknown value: 'Tier9'.
 3:05:22.752 !!! [CE] :: Unknown value: 'Tier7'.
 3:05:22.752 !!! [CE] :: Unknown value: 'Tier8'.
 3:05:22.752 !!! [CE] :: Unknown value: 'Tier9'.
 3:05:22.752 !!! [CE] :: Unknown value: 'Tier7'.
 3:05:22.752 !!! [CE] :: Unknown value: 'Tier8'.
 3:05:22.752 !!! [CE] :: Unknown value: 'Tier9'.
 3:05:22.752 !!! [CE] :: Unknown value: 'Tier7'.
 3:05:22.752 !!! [CE] :: Unknown value: 'Tier8'.
 3:05:22.752 !!! [CE] :: Unknown value: 'Tier9'.
 3:05:22.752 !!! [CE] :: Unknown value: 'Tier7'.
 3:05:22.752 !!! [CE] :: Unknown value: 'Tier8'.
 3:05:22.752 !!! [CE] :: Unknown value: 'Tier9'.
 3:05:22.752 !!! [CE] :: Unknown value: 'Tier7'.
 3:05:22.752 !!! [CE] :: Unknown value: 'Tier8'.
 3:05:22.752 !!! [CE] :: Unknown value: 'Tier9'.
 3:05:22.752 !!! [CE] :: Unknown value: 'Tier7'.
 3:05:22.752 !!! [CE] :: Unknown value: 'Tier8'.
 3:05:22.752 !!! [CE] :: Unknown value: 'Tier9'.
 3:05:22.752 !!! [CE] :: Unknown value: 'Tier7'.
 3:05:22.752 !!! [CE] :: Unknown value: 'Tier8'.
 3:05:22.752 !!! [CE] :: Unknown value: 'Tier9'.
 3:05:22.752 !!! [CE] :: Unknown value: 'Tier7'.
 3:05:22.752 !!! [CE] :: Unknown value: 'Tier8'.
 3:05:22.752 !!! [CE] :: Unknown value: 'Tier9'.
 3:05:22.752 !!! [CE] :: Unknown value: 'Tier7'.
 3:05:22.752 !!! [CE] :: Unknown value: 'Tier8'.
 3:05:22.752 !!! [CE] :: Unknown value: 'Tier9'.
 3:05:22.752 !!! [CE] :: Unknown value: 'Tier7'.
 3:05:22.752 !!! [CE] :: Unknown value: 'Tier8'.
 3:05:22.752 !!! [CE] :: Unknown value: 'Tier9'.
 3:05:22.752 !!! [CE] :: Unknown value: 'Tier7'.
 3:05:22.752 !!! [CE] :: Unknown value: 'Tier8'.
 3:05:22.752 !!! [CE] :: Unknown value: 'Tier9'.
 3:05:22.752 !!! [CE] :: Unknown value: 'Tier7'.
 3:05:22.752 !!! [CE] :: Unknown value: 'Tier8'.
 3:05:22.752 !!! [CE] :: Unknown value: 'Tier9'.
 3:05:22.752 !!! [CE] :: Unknown value: 'Tier7'.
 3:05:22.752 !!! [CE] :: Unknown value: 'Tier8'.
 3:05:22.752 !!! [CE] :: Unknown value: 'Tier9'.
 3:05:22.752 !!! [CE] :: Unknown value: 'Tier7'.
 3:05:22.752 !!! [CE] :: Unknown value: 'Tier8'.
 3:05:22.752 !!! [CE] :: Unknown value: 'Tier9'.
 3:05:22.752 !!! [CE] :: Unknown value: 'Tier7'.
 3:05:22.752 !!! [CE] :: Unknown value: 'Tier8'.
 3:05:22.752 !!! [CE] :: Unknown value: 'Tier9'.
 3:05:22.752 !!! [CE] :: Unknown value: 'Tier7'.
 3:05:22.752 !!! [CE] :: Unknown value: 'Tier8'.
 3:05:22.752 !!! [CE] :: Unknown value: 'Tier9'.
 3:05:22.752 !!! [CE] :: Unknown value: 'Tier7'.
 3:05:22.752 !!! [CE] :: Unknown value: 'Tier8'.
 3:05:22.752 !!! [CE] :: Unknown value: 'Tier9'.
 3:05:22.752 !!! [CE] :: Unknown value: 'Tier7'.
 3:05:22.752 !!! [CE] :: Unknown value: 'Tier8'.
 3:05:22.752 !!! [CE] :: Unknown value: 'Tier9'.
 3:05:22.752 !!! [CE] :: Unknown value: 'Tier7'.
 3:05:22.752 !!! [CE] :: Unknown value: 'Tier8'.
 3:05:22.752 !!! [CE] :: Unknown value: 'Tier9'.
 3:05:22.752 !!! [CE] :: Unknown value: 'Tier7'.
 3:05:22.752 !!! [CE] :: Unknown value: 'Tier8'.
 3:05:22.752 !!! [CE] :: Unknown value: 'Tier9'.
 3:05:22.752 !!! [CE] :: Unknown value: 'Tier7'.
 3:05:22.752 !!! [CE] :: Unknown value: 'Tier8'.
 3:05:22.752 !!! [CE] :: Unknown value: 'Tier9'.
 3:05:22.752 !!! [CE] :: Unknown value: 'Tier7'.
 3:05:22.752 !!! [CE] :: Unknown value: 'Tier8'.
 3:05:22.752 !!! [CE] :: Unknown value: 'Tier9'.
 3:05:22.752 !!! [CE] :: Unknown value: 'Tier7'.
 3:05:22.752 !!! [CE] :: Unknown value: 'Tier8'.
 3:05:22.752 !!! [CE] :: Unknown value: 'Tier9'.
 3:05:22.752 !!! [CE] :: Unknown value: 'Tier7'.
 3:05:22.752 !!! [CE] :: Unknown value: 'Tier8'.
 3:05:22.752 !!! [CE] :: Unknown value: 'Tier9'.
 3:05:22.752 !!! [CE] :: Unknown value: 'Tier7'.
 3:05:22.752 !!! [CE] :: Unknown value: 'Tier8'.
 3:05:22.752 !!! [CE] :: Unknown value: 'Tier9'.
 3:05:22.752 !!! [CE] :: Unknown value: 'Tier7'.
 3:05:22.752 !!! [CE] :: Unknown value: 'Tier8'.
 3:05:22.752 !!! [CE] :: Unknown value: 'Tier9'.
 3:05:22.752 !!! [CE] :: Unknown value: 'Tier7'.
 3:05:22.752 !!! [CE] :: Unknown value: 'Tier8'.
 3:05:22.752 !!! [CE] :: Unknown value: 'Tier9'.
 3:05:22.752 !!! [CE] :: Unknown value: 'Tier7'.
 3:05:22.752 !!! [CE] :: Unknown value: 'Tier8'.
 3:05:22.752 !!! [CE] :: Unknown value: 'Tier9'.
 3:05:22.752 !!! [CE] :: Unknown value: 'Tier7'.
 3:05:22.752 !!! [CE] :: Unknown value: 'Tier8'.
 3:05:22.752 !!! [CE] :: Unknown value: 'Tier9'.
 3:05:22.752 !!! [CE] :: Unknown value: 'Tier7'.
 3:05:22.752 !!! [CE] :: Unknown value: 'Tier8'.
 3:05:22.752 !!! [CE] :: Unknown value: 'Tier9'.
 3:05:22.752 !!! [CE] :: Unknown value: 'Tier7'.
 3:05:22.752 !!! [CE] :: Unknown value: 'Tier8'.
 3:05:22.752 !!! [CE] :: Unknown value: 'Tier9'.
 3:05:22.752 !!! [CE] :: Unknown value: 'Tier7'.
 3:05:22.752 !!! [CE] :: Unknown value: 'Tier8'.
 3:05:22.752 !!! [CE] :: Unknown value: 'Tier9'.
 3:05:22.752 !!! [CE] :: Unknown value: 'Tier7'.
 3:05:22.752 !!! [CE] :: Unknown value: 'Tier8'.
 3:05:22.752 !!! [CE] :: Unknown value: 'Tier9'.
 3:05:22.752 !!! [CE] :: Unknown value: 'Tier7'.
 3:05:22.752 !!! [CE] :: Unknown value: 'Tier8'.
 3:05:22.752 !!! [CE] :: Unknown value: 'Tier9'.
 3:05:22.752 !!! [CE] :: Unknown value: 'Tier7'.
 3:05:22.752 !!! [CE] :: Unknown value: 'Tier8'.
 3:05:22.752 !!! [CE] :: Unknown value: 'Tier9'.
 3:05:22.752 !!! [CE] :: Unknown value: 'Tier7'.
 3:05:22.752 !!! [CE] :: Unknown value: 'Tier8'.
 3:05:22.752 !!! [CE] :: Unknown value: 'Tier9'.
 3:05:22.752 !!! [CE] :: Unknown value: 'Tier7'.
 3:05:22.752 !!! [CE] :: Unknown value: 'Tier8'.
 3:05:22.752 !!! [CE] :: Unknown value: 'Tier9'.
 3:05:22.752 !!! [CE] :: Unknown value: 'Tier7'.
 3:05:22.752 !!! [CE] :: Unknown value: 'Tier8'.
 3:05:22.752 !!! [CE] :: Unknown value: 'Tier9'.
 3:05:22.752 !!! [CE] :: Unknown value: 'Tier7'.
 3:05:22.752 !!! [CE] :: Unknown value: 'Tier8'.
 3:05:22.752 !!! [CE] :: Unknown value: 'Tier9'.
 3:05:22.752 !!! [CE] :: Unknown value: 'Tier7'.
 3:05:22.752 !!! [CE] :: Unknown value: 'Tier8'.
 3:05:22.752 !!! [CE] :: Unknown value: 'Tier9'.
 3:05:22.752 !!! [CE] :: Unknown value: 'Tier7'.
 3:05:22.752 !!! [CE] :: Unknown value: 'Tier8'.
 3:05:22.752 !!! [CE] :: Unknown value: 'Tier9'.
 3:05:22.752 !!! [CE] :: Unknown value: 'Tier7'.
 3:05:22.752 !!! [CE] :: Unknown value: 'Tier8'.
 3:05:22.752 !!! [CE] :: Unknown value: 'Tier9'.
 3:05:22.752 !!! [CE] :: Unknown value: 'Tier7'.
 3:05:22.752 !!! [CE] :: Unknown value: 'Tier8'.
 3:05:22.752 !!! [CE] :: Unknown value: 'Tier9'.
 3:05:22.752 !!! [CE] :: Unknown value: 'Tier7'.
 3:05:22.752 !!! [CE] :: Unknown value: 'Tier8'.
 3:05:22.752 !!! [CE] :: Unknown value: 'Tier9'.
 3:05:22.752 !!! [CE] :: Unknown value: 'Tier7'.
 3:05:22.752 !!! [CE] :: Unknown value: 'Tier8'.
 3:05:22.752 !!! [CE] :: Unknown value: 'Tier9'.
 3:05:22.752 !!! [CE] :: Unknown value: 'Tier7'.
 3:05:22.752 !!! [CE] :: Unknown value: 'Tier8'.
 3:05:22.752 !!! [CE] :: Unknown value: 'Tier9'.
 3:05:22.752 !!! [CE] :: Unknown value: 'Tier7'.
 3:05:22.752 !!! [CE] :: Unknown value: 'Tier8'.
 3:05:22.752 !!! [CE] :: Unknown value: 'Tier9'.
 3:05:22.752 !!! [CE] :: Unknown value: 'Tier7'.
 3:05:22.752 !!! [CE] :: Unknown value: 'Tier8'.
 3:05:22.752 !!! [CE] :: Unknown value: 'Tier9'.
 3:05:22.752 !!! [CE] :: Unknown value: 'Tier7'.
 3:05:22.752 !!! [CE] :: Unknown value: 'Tier8'.
 3:05:22.752 !!! [CE] :: Unknown value: 'Tier9'.
 3:05:22.752 !!! [CE] :: Unknown value: 'Tier7'.
 3:05:22.752 !!! [CE] :: Unknown value: 'Tier8'.
 3:05:22.752 !!! [CE] :: Unknown value: 'Tier9'.
 3:05:22.752 !!! [CE] :: Unknown value: 'Tier7'.
 3:05:22.752 !!! [CE] :: Unknown value: 'Tier8'.
 3:05:22.752 !!! [CE] :: Unknown value: 'Tier9'.
 3:05:22.752 !!! [CE] :: Unknown value: 'Tier7'.
 3:05:22.752 !!! [CE] :: Unknown value: 'Tier8'.
 3:05:22.752 !!! [CE] :: Unknown value: 'Tier9'.
 3:05:22.752 !!! [CE] :: Unknown value: 'Tier7'.
 3:05:22.752 !!! [CE] :: Unknown value: 'Tier8'.
 3:05:22.752 !!! [CE] :: Unknown value: 'Tier9'.
 3:05:22.752 !!! [CE] :: Unknown value: 'Tier7'.
 3:05:22.752 !!! [CE] :: Unknown value: 'Tier8'.
 3:05:22.752 !!! [CE] :: Unknown value: 'Tier9'.
 3:05:22.752 !!! [CE] :: Unknown value: 'Tier7'.
 3:05:22.752 !!! [CE] :: Unknown value: 'Tier8'.
 3:05:22.752 !!! [CE] :: Unknown value: 'Tier9'.
 3:05:22.752 !!! [CE] :: Unknown value: 'Tier7'.
 3:05:22.752 !!! [CE] :: Unknown value: 'Tier8'.
 3:05:22.752 !!! [CE] :: Unknown value: 'Tier9'.
 3:05:22.752 !!! [CE] :: Unknown value: 'Tier7'.
 3:05:22.752 !!! [CE] :: Unknown value: 'Tier8'.
 3:05:22.752 !!! [CE] :: Unknown value: 'Tier9'.
 3:05:22.752 !!! [CE] :: Unknown value: 'Tier7'.
 3:05:22.752 !!! [CE] :: Unknown value: 'Tier8'.
 3:05:22.752 !!! [CE] :: Unknown value: 'Tier9'.
 3:05:22.752 !!! [CE] :: Unknown value: 'Tier7'.
 3:05:22.752 !!! [CE] :: Unknown value: 'Tier8'.
 3:05:22.752 !!! [CE] :: Unknown value: 'Tier9'.
 3:05:22.752 !!! [CE] :: Unknown value: 'Tier7'.
 3:05:22.752 !!! [CE] :: Unknown value: 'Tier8'.
 3:05:22.752 !!! [CE] :: Unknown value: 'Tier9'.
 3:05:22.752 !!! [CE] :: Unknown value: 'Tier7'.
 3:05:22.752 !!! [CE] :: Unknown value: 'Tier8'.
 3:05:22.752 !!! [CE] :: Unknown value: 'Tier9'.
 3:05:22.752 !!! [CE] :: Unknown value: 'Tier7'.
 3:05:22.752 !!! [CE] :: Unknown value: 'Tier8'.
 3:05:22.752 !!! [CE] :: Unknown value: 'Tier9'.
 3:05:22.752 !!! [CE] :: Unknown value: 'Tier7'.
 3:05:22.752 !!! [CE] :: Unknown value: 'Tier8'.
 3:05:22.752 !!! [CE] :: Unknown value: 'Tier9'.
 3:05:22.752 !!! [CE] :: Unknown value: 'Tier7'.
 3:05:22.752 !!! [CE] :: Unknown value: 'Tier8'.
 3:05:22.752 !!! [CE] :: Unknown value: 'Tier9'.
 3:05:22.752 !!! [CE] :: Unknown value: 'Tier7'.
 3:05:22.752 !!! [CE] :: Unknown value: 'Tier8'.
 3:05:22.752 !!! [CE] :: Unknown value: 'Tier9'.
 3:05:22.752 !!! [CE] :: Unknown value: 'Tier7'.
 3:05:22.752 !!! [CE] :: Unknown value: 'Tier8'.
 3:05:22.752 !!! [CE] :: Unknown value: 'Tier9'.
 3:05:22.752 !!! [CE] :: Unknown value: 'Tier7'.
 3:05:22.752 !!! [CE] :: Unknown value: 'Tier8'.
 3:05:22.752 !!! [CE] :: Unknown value: 'Tier9'.
 3:05:22.752 !!! [CE] :: Unknown value: 'Tier7'.
 3:05:22.752 !!! [CE] :: Unknown value: 'Tier8'.
 3:05:22.752 !!! [CE] :: Unknown value: 'Tier9'.
 3:05:22.752 !!! [CE] :: Unknown value: 'Tier7'.
 3:05:22.752 !!! [CE] :: Unknown value: 'Tier8'.
 3:05:22.752 !!! [CE] :: Unknown value: 'Tier9'.
 3:05:22.752 !!! [CE] :: Unknown value: 'Tier7'.
 3:05:22.752 !!! [CE] :: Unknown value: 'Tier8'.
 3:05:22.752 !!! [CE] :: Unknown value: 'Tier9'.
 3:05:22.752 !!! [CE] :: Unknown value: 'Tier7'.
 3:05:22.752 !!! [CE] :: Unknown value: 'Tier8'.
 3:05:22.752 !!! [CE] :: Unknown value: 'Tier9'.
 3:05:22.752 !!! [CE] :: Unknown value: 'Tier7'.
 3:05:22.752 !!! [CE] :: Unknown value: 'Tier8'.
 3:05:22.752 !!! [CE] :: Unknown value: 'Tier9'.
 3:05:22.752 !!! [CE] :: Unknown value: 'Tier7'.
 3:05:22.752 !!! [CE] :: Unknown value: 'Tier8'.
 3:05:22.752 !!! [CE] :: Unknown value: 'Tier9'.
 3:05:22.752 !!! [CE] :: Unknown value: 'Tier7'.
 3:05:22.752 !!! [CE] :: Unknown value: 'Tier8'.
 3:05:22.752 !!! [CE] :: Unknown value: 'Tier9'.
 3:05:22.752 !!! [CE] :: Unknown value: 'Tier7'.
 3:05:22.752 !!! [CE] :: Unknown value: 'Tier8'.
 3:05:22.752 !!! [CE] :: Unknown value: 'Tier9'.
 3:05:22.752 !!! [CE] :: Unknown value: 'Tier7'.
 3:05:22.752 !!! [CE] :: Unknown value: 'Tier8'.
 3:05:22.752 !!! [CE] :: Unknown value: 'Tier9'.
 3:05:22.752 !!! [CE] :: Unknown value: 'Tier7'.
 3:05:22.752 !!! [CE] :: Unknown value: 'Tier8'.
 3:05:22.752 !!! [CE] :: Unknown value: 'Tier9'.
 3:05:22.752 !!! [CE] :: Unknown value: 'Tier7'.
 3:05:22.752 !!! [CE] :: Unknown value: 'Tier8'.
 3:05:22.752 !!! [CE] :: Unknown value: 'Tier9'.
 3:05:22.752 !!! [CE] :: Unknown value: 'Tier7'.
 3:05:22.752 !!! [CE] :: Unknown value: 'Tier8'.
 3:05:22.752 !!! [CE] :: Unknown value: 'Tier9'.
 3:05:22.752 !!! [CE] :: Unknown value: 'Tier7'.
 3:05:22.752 !!! [CE] :: Unknown value: 'Tier8'.
 3:05:22.752 !!! [CE] :: Unknown value: 'Tier9'.
 3:05:22.752 !!! [CE] :: Unknown value: 'Tier7'.
 3:05:22.752 !!! [CE] :: Unknown value: 'Tier8'.
 3:05:22.752 !!! [CE] :: Unknown value: 'Tier9'.
 3:05:22.752 !!! [CE] :: Unknown value: 'Tier7'.
 3:05:22.752 !!! [CE] :: Unknown value: 'Tier8'.
 3:05:22.752 !!! [CE] :: Unknown value: 'Tier9'.
 3:05:22.752 !!! [CE] :: Unknown value: 'Tier7'.
 3:05:22.752 !!! [CE] :: Unknown value: 'Tier8'.
 3:05:22.752 !!! [CE] :: Unknown value: 'Tier9'.
 3:05:22.752 !!! [CE] :: Unknown value: 'Tier7'.
 3:05:22.752 !!! [CE] :: Unknown value: 'Tier8'.
 3:05:22.752 !!! [CE] :: Unknown value: 'Tier9'.
 3:05:22.752 !!! [CE] :: Unknown value: 'Tier7'.
 3:05:22.752 !!! [CE] :: Unknown value: 'Tier8'.
 3:05:22.752 !!! [CE] :: Unknown value: 'Tier9'.
 3:05:22.752 !!! [CE] :: Unknown value: 'Tier7'.
 3:05:22.752 !!! [CE] :: Unknown value: 'Tier8'.
 3:05:22.752 !!! [CE] :: Unknown value: 'Tier9'.
 3:05:22.752 !!! [CE] :: Unknown value: 'Tier7'.
 3:05:22.752 !!! [CE] :: Unknown value: 'Tier8'.
 3:05:22.752 !!! [CE] :: Unknown value: 'Tier9'.
 3:05:22.752 !!! [CE] :: Unknown value: 'Tier7'.
 3:05:22.752 !!! [CE] :: Unknown value: 'Tier8'.
 3:05:22.752 !!! [CE] :: Unknown value: 'Tier9'.
 3:05:22.752 !!! [CE] :: Unknown value: 'Tier7'.
 3:05:22.752 !!! [CE] :: Unknown value: 'Tier8'.
 3:05:22.752 !!! [CE] :: Unknown value: 'Tier9'.
 3:05:22.752 !!! [CE] :: Unknown value: 'Tier7'.
 3:05:22.752 !!! [CE] :: Unknown value: 'Tier8'.
 3:05:22.752 !!! [CE] :: Unknown value: 'Tier9'.
 3:05:22.752 !!! [CE] :: Unknown value: 'Tier7'.
 3:05:22.752 !!! [CE] :: Unknown value: 'Tier8'.
 3:05:22.752 !!! [CE] :: Unknown value: 'Tier9'.
 3:05:22.752 !!! [CE] :: Unknown value: 'Tier7'.
 3:05:22.752 !!! [CE] :: Unknown value: 'Tier8'.
 3:05:22.752 !!! [CE] :: Unknown value: 'Tier9'.
 3:05:22.752 !!! [CE] :: Unknown value: 'Tier7'.
 3:05:22.752 !!! [CE] :: Unknown value: 'Tier8'.
 3:05:22.752 !!! [CE] :: Unknown value: 'Tier9'.
 3:05:22.752 !!! [CE] :: Unknown value: 'Tier7'.
 3:05:22.752 !!! [CE] :: Unknown value: 'Tier8'.
 3:05:22.752 !!! [CE] :: Unknown value: 'Tier9'.
 3:05:22.752 !!! [CE] :: Unknown value: 'Tier7'.
 3:05:22.752 !!! [CE] :: Unknown value: 'Tier8'.
 3:05:22.752 !!! [CE] :: Unknown value: 'Tier9'.
 3:05:22.752 !!! [CE] :: Unknown value: 'Tier7'.
 3:05:22.752 !!! [CE] :: Unknown value: 'Tier8'.
 3:05:22.752 !!! [CE] :: Unknown value: 'Tier9'.
 3:05:22.752 !!! [CE] :: Unknown value: 'Tier7'.
 3:05:22.752 !!! [CE] :: Unknown value: 'Tier8'.
 3:05:22.752 !!! [CE] :: Unknown value: 'Tier9'.
 3:05:22.752 !!! [CE] :: Unknown value: 'Tier7'.
 3:05:22.752 !!! [CE] :: Unknown value: 'Tier8'.
 3:05:22.752 !!! [CE] :: Unknown value: 'Tier9'.
 3:05:22.752 !!! [CE] :: Unknown value: 'Tier7'.
 3:05:22.752 !!! [CE] :: Unknown value: 'Tier8'.
 3:05:22.752 !!! [CE] :: Unknown value: 'Tier9'.
 3:05:22.752 !!! [CE] :: Unknown value: 'Tier7'.
 3:05:22.752 !!! [CE] :: Unknown value: 'Tier8'.
 3:05:22.752 !!! [CE] :: Unknown value: 'Tier9'.
 3:05:22.752 !!! [CE] :: Unknown value: 'Tier7'.
 3:05:22.752 !!! [CE] :: Unknown value: 'Tier8'.
 3:05:22.752 !!! [CE] :: Unknown value: 'Tier9'.
 3:05:22.752 !!! [CE] :: Unknown value: 'Tier7'.
 3:05:22.752 !!! [CE] :: Unknown value: 'Tier8'.
 3:05:22.752 !!! [CE] :: Unknown value: 'Tier9'.
 3:05:22.752 !!! [CE] :: Unknown value: 'Tier7'.
 3:05:22.752 !!! [CE] :: Unknown value: 'Tier8'.
 3:05:22.752 !!! [CE] :: Unknown value: 'Tier9'.
 3:05:22.752 !!! [CE] :: Unknown value: 'Tier7'.
 3:05:22.752 !!! [CE] :: Unknown value: 'Tier8'.
 3:05:22.752 !!! [CE] :: Unknown value: 'Tier9'.
 3:05:22.752 !!! [CE] :: Unknown value: 'Tier7'.
 3:05:22.752 !!! [CE] :: Unknown value: 'Tier8'.
 3:05:22.752 !!! [CE] :: Unknown value: 'Tier9'.
 3:05:22.752 !!! [CE] :: Unknown value: 'Tier7'.
 3:05:22.752 !!! [CE] :: Unknown value: 'Tier8'.
 3:05:22.752 !!! [CE] :: Unknown value: 'Tier9'.
 3:05:22.752 !!! [CE] :: Unknown value: 'Tier7'.
 3:05:22.752 !!! [CE] :: Unknown value: 'Tier8'.
 3:05:22.752 !!! [CE] :: Unknown value: 'Tier9'.
 3:05:22.752 !!! [CE] :: Unknown value: 'Tier7'.
 3:05:22.752 !!! [CE] :: Unknown value: 'Tier8'.
 3:05:22.752 !!! [CE] :: Unknown value: 'Tier9'.
 3:05:22.752 !!! [CE] :: Unknown value: 'Tier7'.
 3:05:22.752 !!! [CE] :: Unknown value: 'Tier8'.
 3:05:22.752 !!! [CE] :: Unknown value: 'Tier9'.
 3:05:22.752 !!! [CE] :: Unknown value: 'Tier7'.
 3:05:22.752 !!! [CE] :: Unknown value: 'Tier8'.
 3:05:22.752 !!! [CE] :: Unknown value: 'Tier9'.
 3:05:22.752 !!! [CE] :: Unknown value: 'Tier7'.
 3:05:22.752 !!! [CE] :: Unknown value: 'Tier8'.
 3:05:22.752 !!! [CE] :: Unknown value: 'Tier9'.
 3:05:22.752 !!! [CE] :: Unknown value: 'Tier7'.
 3:05:22.752 !!! [CE] :: Unknown value: 'Tier8'.
 3:05:22.752 !!! [CE] :: Unknown value: 'Tier9'.
 3:05:22.752 !!! [CE] :: Unknown value: 'Tier7'.
 3:05:22.752 !!! [CE] :: Unknown value: 'Tier8'.
 3:05:22.752 !!! [CE] :: Unknown value: 'Tier9'.
 3:05:22.752 !!! [CE] :: Unknown value: 'Tier7'.
 3:05:22.752 !!! [CE] :: Unknown value: 'Tier8'.
 3:05:22.752 !!! [CE] :: Unknown value: 'Tier9'.
 3:05:22.752 !!! [CE] :: Unknown value: 'Tier7'.
 3:05:22.752 !!! [CE] :: Unknown value: 'Tier8'.
 3:05:22.752 !!! [CE] :: Unknown value: 'Tier9'.
 3:05:22.752 !!! [CE] :: Unknown value: 'Tier7'.
 3:05:22.752 !!! [CE] :: Unknown value: 'Tier8'.
 3:05:22.752 !!! [CE] :: Unknown value: 'Tier9'.
 3:05:22.752 !!! [CE] :: Unknown value: 'Tier7'.
 3:05:22.752 !!! [CE] :: Unknown value: 'Tier8'.
 3:05:22.752 !!! [CE] :: Unknown value: 'Tier9'.
 3:05:22.752 !!! [CE] :: Unknown value: 'Tier7'.
 3:05:22.752 !!! [CE] :: Unknown value: 'Tier8'.
 3:05:22.752 !!! [CE] :: Unknown value: 'Tier9'.
 3:05:22.752 !!! [CE] :: Unknown value: 'Tier7'.
 3:05:22.752 !!! [CE] :: Unknown value: 'Tier8'.
 3:05:22.752 !!! [CE] :: Unknown value: 'Tier9'.
 3:05:22.752 !!! [CE] :: Unknown value: 'Tier7'.
 3:05:22.752 !!! [CE] :: Unknown value: 'Tier8'.
 3:05:22.752 !!! [CE] :: Unknown value: 'Tier9'.
 3:05:22.752 !!! [CE] :: Unknown value: 'Tier7'.
 3:05:22.752 !!! [CE] :: Unknown value: 'Tier8'.
 3:05:22.752 !!! [CE] :: Unknown value: 'Tier9'.
 3:05:22.752 !!! [CE] :: Unknown value: 'Tier7'.
 3:05:22.752 !!! [CE] :: Unknown value: 'Tier8'.
 3:05:22.752 !!! [CE] :: Unknown value: 'Tier9'.
 3:05:22.752 !!! [CE] :: Unknown value: 'Tier7'.
 3:05:22.752 !!! [CE] :: Unknown value: 'Tier8'.
 3:05:22.752 !!! [CE] :: Unknown value: 'Tier9'.
 3:05:22.752 !!! [CE] :: Unknown value: 'Tier7'.
 3:05:22.752 !!! [CE] :: Unknown value: 'Tier8'.
 3:05:22.753 !!! [CE] :: Unknown value: 'Tier9'.
 3:05:22.753 !!! [CE] :: Unknown value: 'Tier7'.
 3:05:22.753 !!! [CE] :: Unknown value: 'Tier8'.
 3:05:22.753 !!! [CE] :: Unknown value: 'Tier9'.
 3:05:22.753 !!! [CE] :: Unknown value: 'Tier7'.
 3:05:22.753 !!! [CE] :: Unknown value: 'Tier8'.
 3:05:22.753 !!! [CE] :: Unknown value: 'Tier9'.
 3:05:22.753 !!! [CE] :: Unknown value: 'Tier7'.
 3:05:22.753 !!! [CE] :: Unknown value: 'Tier8'.
 3:05:22.753 !!! [CE] :: Unknown value: 'Tier9'.
 3:05:22.753 !!! [CE] :: Unknown value: 'Tier7'.
 3:05:22.753 !!! [CE] :: Unknown value: 'Tier8'.
 3:05:22.753 !!! [CE] :: Unknown value: 'Tier9'.
 3:05:22.753 !!! [CE] :: Unknown value: 'Tier7'.
 3:05:22.753 !!! [CE] :: Unknown value: 'Tier8'.
 3:05:22.753 !!! [CE] :: Unknown value: 'Tier9'.
 3:05:22.753 !!! [CE] :: Unknown value: 'Tier7'.
 3:05:22.753 !!! [CE] :: Unknown value: 'Tier8'.
 3:05:22.753 !!! [CE] :: Unknown value: 'Tier9'.
 3:05:22.753 !!! [CE] :: Unknown value: 'Tier7'.
 3:05:22.753 !!! [CE] :: Unknown value: 'Tier8'.
 3:05:22.753 !!! [CE] :: Unknown value: 'Tier9'.
 3:05:22.753 !!! [CE] :: Unknown value: 'Tier7'.
 3:05:22.753 !!! [CE] :: Unknown value: 'Tier8'.
 3:05:22.753 !!! [CE] :: Unknown value: 'Tier9'.
 3:05:22.753 !!! [CE] :: Unknown value: 'Tier7'.
 3:05:22.753 !!! [CE] :: Unknown value: 'Tier8'.
 3:05:22.753 !!! [CE] :: Unknown value: 'Tier9'.
 3:05:22.753 !!! [CE] :: Unknown value: 'Tier7'.
 3:05:22.753 !!! [CE] :: Unknown value: 'Tier8'.
 3:05:22.753 !!! [CE] :: Unknown value: 'Tier9'.
 3:05:22.753 !!! [CE] :: Unknown value: 'Tier7'.
 3:05:22.753 !!! [CE] :: Unknown value: 'Tier8'.
 3:05:22.753 !!! [CE] :: Unknown value: 'Tier9'.
 3:05:22.753 !!! [CE] :: Unknown value: 'Tier7'.
 3:05:22.753 !!! [CE] :: Unknown value: 'Tier8'.
 3:05:22.753 !!! [CE] :: Unknown value: 'Tier9'.
 3:05:22.753 !!! [CE] :: Unknown value: 'Tier7'.
 3:05:22.753 !!! [CE] :: Unknown value: 'Tier8'.
 3:05:22.753 !!! [CE] :: Unknown value: 'Tier9'.
 3:05:22.753 !!! [CE] :: Unknown value: 'Tier7'.
 3:05:22.753 !!! [CE] :: Unknown value: 'Tier8'.
 3:05:22.753 !!! [CE] :: Unknown value: 'Tier9'.
 3:05:22.753 !!! [CE] :: Unknown value: 'Tier7'.
 3:05:22.753 !!! [CE] :: Unknown value: 'Tier8'.
 3:05:22.753 !!! [CE] :: Unknown value: 'Tier9'.
 3:05:22.753 !!! [CE] :: Unknown value: 'Tier7'.
 3:05:22.753 !!! [CE] :: Unknown value: 'Tier8'.
 3:05:22.753 !!! [CE] :: Unknown value: 'Tier9'.
 3:05:22.753 !!! [CE] :: Unknown value: 'Tier7'.
 3:05:22.753 !!! [CE] :: Unknown value: 'Tier8'.
 3:05:22.753 !!! [CE] :: Unknown value: 'Tier9'.
 3:05:22.753 !!! [CE] :: Unknown value: 'Tier7'.
 3:05:22.753 !!! [CE] :: Unknown value: 'Tier8'.
 3:05:22.753 !!! [CE] :: Unknown value: 'Tier9'.
 3:05:22.753 !!! [CE] :: Unknown value: 'Tier7'.
 3:05:22.753 !!! [CE] :: Unknown value: 'Tier8'.
 3:05:22.753 !!! [CE] :: Unknown value: 'Tier9'.
 3:05:22.753 !!! [CE] :: Unknown value: 'Tier7'.
 3:05:22.753 !!! [CE] :: Unknown value: 'Tier8'.
 3:05:22.753 !!! [CE] :: Unknown value: 'Tier9'.
 3:05:22.753 !!! [CE] :: Unknown value: 'Tier7'.
 3:05:22.753 !!! [CE] :: Unknown value: 'Tier8'.
 3:05:22.753 !!! [CE] :: Unknown value: 'Tier9'.
 3:05:22.753 !!! [CE] :: Unknown value: 'Tier7'.
 3:05:22.753 !!! [CE] :: Unknown value: 'Tier8'.
 3:05:22.753 !!! [CE] :: Unknown value: 'Tier9'.
 3:05:22.753 !!! [CE] :: Unknown value: 'Tier7'.
 3:05:22.753 !!! [CE] :: Unknown value: 'Tier8'.
 3:05:22.753 !!! [CE] :: Unknown value: 'Tier9'.
 3:05:22.753 !!! [CE] :: Unknown value: 'Tier7'.
 3:05:22.753 !!! [CE] :: Unknown value: 'Tier8'.
 3:05:22.753 !!! [CE] :: Unknown value: 'Tier9'.
 3:05:22.753 !!! [CE] :: Unknown value: 'Tier7'.
 3:05:22.753 !!! [CE] :: Unknown value: 'Tier8'.
 3:05:22.753 !!! [CE] :: Unknown value: 'Tier9'.
 3:05:22.753 !!! [CE] :: Unknown value: 'Tier7'.
 3:05:22.753 !!! [CE] :: Unknown value: 'Tier8'.
 3:05:22.753 !!! [CE] :: Unknown value: 'Tier9'.
 3:05:22.753 !!! [CE] :: Unknown value: 'Tier7'.
 3:05:22.753 !!! [CE] :: Unknown value: 'Tier8'.
 3:05:22.753 !!! [CE] :: Unknown value: 'Tier9'.
 3:05:22.753 !!! [CE] :: Unknown value: 'Tier7'.
 3:05:22.753 !!! [CE] :: Unknown value: 'Tier8'.
 3:05:22.753 !!! [CE] :: Unknown value: 'Tier9'.
 3:05:22.753 !!! [CE] :: Unknown value: 'Tier7'.
 3:05:22.753 !!! [CE] :: Unknown value: 'Tier8'.
 3:05:22.753 !!! [CE] :: Unknown value: 'Tier9'.
 3:05:22.753 !!! [CE] :: Unknown value: 'Tier7'.
 3:05:22.753 !!! [CE] :: Unknown value: 'Tier8'.
 3:05:22.753 !!! [CE] :: Unknown value: 'Tier9'.
 3:05:22.753 !!! [CE] :: Unknown value: 'Tier7'.
 3:05:22.753 !!! [CE] :: Unknown value: 'Tier8'.
 3:05:22.753 !!! [CE] :: Unknown value: 'Tier9'.
 3:05:22.753 !!! [CE] :: Unknown value: 'Tier7'.
 3:05:22.753 !!! [CE] :: Unknown value: 'Tier8'.
 3:05:22.753 !!! [CE] :: Unknown value: 'Tier9'.
 3:05:22.753 !!! [CE] :: Unknown value: 'Tier7'.
 3:05:22.753 !!! [CE] :: Unknown value: 'Tier8'.
 3:05:22.753 !!! [CE] :: Unknown value: 'Tier9'.
 3:05:22.753 !!! [CE] :: Unknown value: 'Tier7'.
 3:05:22.753 !!! [CE] :: Unknown value: 'Tier8'.
 3:05:22.753 !!! [CE] :: Unknown value: 'Tier9'.
 3:05:22.753 !!! [CE] :: Unknown value: 'Tier7'.
 3:05:22.753 !!! [CE] :: Unknown value: 'Tier8'.
 3:05:22.753 !!! [CE] :: Unknown value: 'Tier9'.
 3:05:22.753 !!! [CE] :: Unknown value: 'Tier7'.
 3:05:22.753 !!! [CE] :: Unknown value: 'Tier8'.
 3:05:22.753 !!! [CE] :: Unknown value: 'Tier9'.
 3:05:22.753 !!! [CE] :: Unknown value: 'Tier7'.
 3:05:22.753 !!! [CE] :: Unknown value: 'Tier8'.
 3:05:22.753 !!! [CE] :: Unknown value: 'Tier9'.
 3:05:22.753 !!! [CE] :: Unknown value: 'Tier7'.
 3:05:22.753 !!! [CE] :: Unknown value: 'Tier8'.
 3:05:22.753 !!! [CE] :: Unknown value: 'Tier9'.
 3:05:22.753 !!! [CE] :: Unknown value: 'Tier7'.
 3:05:22.753 !!! [CE] :: Unknown value: 'Tier8'.
 3:05:22.753 !!! [CE] :: Unknown value: 'Tier9'.
 3:05:22.753 !!! [CE] :: Unknown value: 'Tier7'.
 3:05:22.753 !!! [CE] :: Unknown value: 'Tier8'.
 3:05:22.753 !!! [CE] :: Unknown value: 'Tier9'.
 3:05:22.753 !!! [CE] :: Unknown value: 'Tier7'.
 3:05:22.753 !!! [CE] :: Unknown value: 'Tier8'.
 3:05:22.753 !!! [CE] :: Unknown value: 'Tier9'.
 3:05:22.753 !!! [CE] :: Unknown value: 'Tier7'.
 3:05:22.753 !!! [CE] :: Unknown value: 'Tier8'.
 3:05:22.753 !!! [CE] :: Unknown value: 'Tier9'.
 3:05:22.753 !!! [CE] :: Unknown value: 'Tier7'.
 3:05:22.753 !!! [CE] :: Unknown value: 'Tier8'.
 3:05:22.753 !!! [CE] :: Unknown value: 'Tier9'.
 3:05:22.753 !!! [CE] :: Unknown value: 'Tier7'.
 3:05:22.753 !!! [CE] :: Unknown value: 'Tier8'.
 3:05:22.753 !!! [CE] :: Unknown value: 'Tier9'.
 3:05:22.753 !!! [CE] :: Unknown value: 'Tier7'.
 3:05:22.753 !!! [CE] :: Unknown value: 'Tier8'.
 3:05:22.753 !!! [CE] :: Unknown value: 'Tier9'.
 3:05:22.753 !!! [CE] :: Unknown value: 'Tier7'.
 3:05:22.753 !!! [CE] :: Unknown value: 'Tier8'.
 3:05:22.753 !!! [CE] :: Unknown value: 'Tier9'.
 3:05:22.753 !!! [CE] :: Unknown value: 'Tier7'.
 3:05:22.753 !!! [CE] :: Unknown value: 'Tier8'.
 3:05:22.753 !!! [CE] :: Unknown value: 'Tier9'.
 3:05:22.753 !!! [CE] :: Unknown value: 'Tier7'.
 3:05:22.753 !!! [CE] :: Unknown value: 'Tier8'.
 3:05:22.753 !!! [CE] :: Unknown value: 'Tier9'.
 3:05:22.753 !!! [CE] :: Unknown value: 'Tier7'.
 3:05:22.753 !!! [CE] :: Unknown value: 'Tier8'.
 3:05:22.753 !!! [CE] :: Unknown value: 'Tier9'.
 3:05:22.753 !!! [CE] :: Unknown value: 'Tier7'.
 3:05:22.753 !!! [CE] :: Unknown value: 'Tier8'.
 3:05:22.753 !!! [CE] :: Unknown value: 'Tier9'.
 3:05:22.753 !!! [CE] :: Unknown value: 'Tier7'.
 3:05:22.753 !!! [CE] :: Unknown value: 'Tier8'.
 3:05:22.753 !!! [CE] :: Unknown value: 'Tier9'.
 3:05:22.753 !!! [CE] :: Unknown value: 'Tier7'.
 3:05:22.753 !!! [CE] :: Unknown value: 'Tier8'.
 3:05:22.753 !!! [CE] :: Unknown value: 'Tier9'.
 3:05:22.753 !!! [CE] :: Unknown value: 'Tier7'.
 3:05:22.753 !!! [CE] :: Unknown value: 'Tier8'.
 3:05:22.753 !!! [CE] :: Unknown value: 'Tier9'.
 3:05:22.753 !!! [CE] :: Unknown value: 'Tier7'.
 3:05:22.753 !!! [CE] :: Unknown value: 'Tier8'.
 3:05:22.753 !!! [CE] :: Unknown value: 'Tier9'.
 3:05:22.753 !!! [CE] :: Unknown value: 'Tier7'.
 3:05:22.753 !!! [CE] :: Unknown value: 'Tier8'.
 3:05:22.753 !!! [CE] :: Unknown value: 'Tier9'.
 3:05:22.753 !!! [CE] :: Unknown value: 'Tier7'.
 3:05:22.753 !!! [CE] :: Unknown value: 'Tier8'.
 3:05:22.753 !!! [CE] :: Unknown value: 'Tier9'.
 3:05:22.753 !!! [CE] :: Unknown value: 'Tier7'.
 3:05:22.753 !!! [CE] :: Unknown value: 'Tier8'.
 3:05:22.753 !!! [CE] :: Unknown value: 'Tier9'.
 3:05:22.753 !!! [CE] :: Unknown value: 'Tier7'.
 3:05:22.753 !!! [CE] :: Unknown value: 'Tier8'.
 3:05:22.753 !!! [CE] :: Unknown value: 'Tier9'.
 3:05:22.753 !!! [CE] :: Unknown value: 'Tier7'.
 3:05:22.753 !!! [CE] :: Unknown value: 'Tier8'.
 3:05:22.753 !!! [CE] :: Unknown value: 'Tier9'.
 3:05:22.753 !!! [CE] :: Unknown value: 'Tier7'.
 3:05:22.753 !!! [CE] :: Unknown value: 'Tier8'.
 3:05:22.753 !!! [CE] :: Unknown value: 'Tier9'.
 3:05:22.753 !!! [CE] :: Unknown value: 'Tier7'.
 3:05:22.753 !!! [CE] :: Unknown value: 'Tier8'.
 3:05:22.753 !!! [CE] :: Unknown value: 'Tier9'.
 3:05:22.753 !!! [CE] :: Unknown value: 'Tier7'.
 3:05:22.753 !!! [CE] :: Unknown value: 'Tier8'.
 3:05:22.753 !!! [CE] :: Unknown value: 'Tier9'.
 3:05:22.753 !!! [CE] :: Unknown value: 'Tier7'.
 3:05:22.753 !!! [CE] :: Unknown value: 'Tier8'.
 3:05:22.753 !!! [CE] :: Unknown value: 'Tier9'.
 3:05:22.753 !!! [CE] :: Unknown value: 'Tier7'.
 3:05:22.753 !!! [CE] :: Unknown value: 'Tier8'.
 3:05:22.753 !!! [CE] :: Unknown value: 'Tier9'.
 3:05:22.753 !!! [CE] :: Unknown value: 'Tier7'.
 3:05:22.753 !!! [CE] :: Unknown value: 'Tier8'.
 3:05:22.753 !!! [CE] :: Unknown value: 'Tier9'.
 3:05:22.753 !!! [CE] :: Unknown value: 'Tier7'.
 3:05:22.753 !!! [CE] :: Unknown value: 'Tier8'.
 3:05:22.753 !!! [CE] :: Unknown value: 'Tier9'.
 3:05:22.753 !!! [CE] :: Unknown value: 'Tier7'.
 3:05:22.753 !!! [CE] :: Unknown value: 'Tier8'.
 3:05:22.753 !!! [CE] :: Unknown value: 'Tier9'.
 3:05:22.753 !!! [CE] :: Unknown value: 'Tier7'.
 3:05:22.753 !!! [CE] :: Unknown value: 'Tier8'.
 3:05:22.753 !!! [CE] :: Unknown value: 'Tier9'.
 3:05:22.753 !!! [CE] :: Unknown value: 'Tier7'.
 3:05:22.753 !!! [CE] :: Unknown value: 'Tier8'.
 3:05:22.753 !!! [CE] :: Unknown value: 'Tier9'.
 3:05:22.753 !!! [CE] :: Unknown value: 'Tier7'.
 3:05:22.753 !!! [CE] :: Unknown value: 'Tier8'.
 3:05:22.753 !!! [CE] :: Unknown value: 'Tier9'.
 3:05:22.753 !!! [CE] :: Unknown value: 'Tier7'.
 3:05:22.753 !!! [CE] :: Unknown value: 'Tier8'.
 3:05:22.753 !!! [CE] :: Unknown value: 'Tier9'.
 3:05:22.753 !!! [CE] :: Unknown value: 'Tier7'.
 3:05:22.753 !!! [CE] :: Unknown value: 'Tier8'.
 3:05:22.753 !!! [CE] :: Unknown value: 'Tier9'.
 3:05:22.753 !!! [CE] :: Unknown value: 'Tier7'.
 3:05:22.753 !!! [CE] :: Unknown value: 'Tier8'.
 3:05:22.753 !!! [CE] :: Unknown value: 'Tier9'.
 3:05:22.753 !!! [CE] :: Unknown value: 'Tier7'.
 3:05:22.753 !!! [CE] :: Unknown value: 'Tier8'.
 3:05:22.753 !!! [CE] :: Unknown value: 'Tier9'.
 3:05:22.753 !!! [CE] :: Unknown value: 'Tier7'.
 3:05:22.753 !!! [CE] :: Unknown value: 'Tier8'.
 3:05:22.753 !!! [CE] :: Unknown value: 'Tier9'.
 3:05:22.753 !!! [CE] :: Unknown value: 'Tier7'.
 3:05:22.753 !!! [CE] :: Unknown value: 'Tier8'.
 3:05:22.753 !!! [CE] :: Unknown value: 'Tier9'.
 3:05:22.753 !!! [CE] :: Unknown value: 'Tier7'.
 3:05:22.753 !!! [CE] :: Unknown value: 'Tier8'.
 3:05:22.753 !!! [CE] :: Unknown value: 'Tier9'.
 3:05:22.753 !!! [CE] :: Unknown value: 'Tier7'.
 3:05:22.753 !!! [CE] :: Unknown value: 'Tier8'.
 3:05:22.753 !!! [CE] :: Unknown value: 'Tier9'.
 3:05:22.753 !!! [CE] :: Unknown value: 'Tier7'.
 3:05:22.753 !!! [CE] :: Unknown value: 'Tier8'.
 3:05:22.753 !!! [CE] :: Unknown value: 'Tier9'.
 3:05:22.753 !!! [CE] :: Unknown value: 'Tier7'.
 3:05:22.753 !!! [CE] :: Unknown value: 'Tier8'.
 3:05:22.753 !!! [CE] :: Unknown value: 'Tier9'.
 3:05:22.753 !!! [CE] :: Unknown value: 'Tier7'.
 3:05:22.753 !!! [CE] :: Unknown value: 'Tier8'.
 3:05:22.753 !!! [CE] :: Unknown value: 'Tier9'.
 3:05:22.753 !!! [CE] :: Unknown value: 'Tier7'.
 3:05:22.753 !!! [CE] :: Unknown value: 'Tier8'.
 3:05:22.753 !!! [CE] :: Unknown value: 'Tier9'.
 3:05:22.753 !!! [CE] :: Unknown value: 'Tier7'.
 3:05:22.753 !!! [CE] :: Unknown value: 'Tier8'.
 3:05:22.753 !!! [CE] :: Unknown value: 'Tier9'.
 3:05:22.753 !!! [CE] :: Unknown value: 'Tier7'.
 3:05:22.753 !!! [CE] :: Unknown value: 'Tier8'.
 3:05:22.753 !!! [CE] :: Unknown value: 'Tier9'.
 3:05:22.753 !!! [CE] :: Unknown value: 'Tier7'.
 3:05:22.753 !!! [CE] :: Unknown value: 'Tier8'.
 3:05:22.753 !!! [CE] :: Unknown value: 'Tier9'.
 3:05:22.753 !!! [CE] :: Unknown value: 'Tier7'.
 3:05:22.753 !!! [CE] :: Unknown value: 'Tier8'.
 3:05:22.753 !!! [CE] :: Unknown value: 'Tier9'.
 3:05:22.753 !!! [CE] :: Unknown value: 'Tier7'.
 3:05:22.753 !!! [CE] :: Unknown value: 'Tier8'.
 3:05:22.753 !!! [CE] :: Unknown value: 'Tier9'.
 3:05:22.753 !!! [CE] :: Unknown value: 'Tier7'.
 3:05:22.753 !!! [CE] :: Unknown value: 'Tier8'.
 3:05:22.753 !!! [CE] :: Unknown value: 'Tier9'.
 3:05:22.753 !!! [CE] :: Unknown value: 'Tier7'.
 3:05:22.753 !!! [CE] :: Unknown value: 'Tier8'.
 3:05:22.753 !!! [CE] :: Unknown value: 'Tier9'.
 3:05:22.753 !!! [CE] :: Unknown value: 'Tier7'.
 3:05:22.753 !!! [CE] :: Unknown value: 'Tier8'.
 3:05:22.753 !!! [CE] :: Unknown value: 'Tier9'.
 3:05:22.753 !!! [CE] :: Unknown value: 'Tier7'.
 3:05:22.753 !!! [CE] :: Unknown value: 'Tier8'.
 3:05:22.753 !!! [CE] :: Unknown value: 'Tier9'.
 3:05:22.753 !!! [CE] :: Unknown value: 'Tier7'.
 3:05:22.753 !!! [CE] :: Unknown value: 'Tier8'.
 3:05:22.753 !!! [CE] :: Unknown value: 'Tier9'.
 3:05:22.753 !!! [CE] :: Unknown value: 'Tier7'.
 3:05:22.753 !!! [CE] :: Unknown value: 'Tier8'.
 3:05:22.753 !!! [CE] :: Unknown value: 'Tier9'.
 3:05:22.753 !!! [CE] :: Unknown value: 'Tier7'.
 3:05:22.753 !!! [CE] :: Unknown value: 'Tier8'.
 3:05:22.753 !!! [CE] :: Unknown value: 'Tier9'.
 3:05:22.753 !!! [CE] :: Unknown value: 'Tier7'.
 3:05:22.753 !!! [CE] :: Unknown value: 'Tier8'.
 3:05:22.753 !!! [CE] :: Unknown value: 'Tier9'.
 3:05:22.753 !!! [CE] :: Unknown value: 'Tier7'.
 3:05:22.753 !!! [CE] :: Unknown value: 'Tier8'.
 3:05:22.753 !!! [CE] :: Unknown value: 'Tier9'.
 3:05:22.753 !!! [CE] :: Unknown value: 'Tier7'.
 3:05:22.753 !!! [CE] :: Unknown value: 'Tier8'.
 3:05:22.753 !!! [CE] :: Unknown value: 'Tier9'.
 3:05:22.753 !!! [CE] :: Unknown value: 'Tier7'.
 3:05:22.753 !!! [CE] :: Unknown value: 'Tier8'.
 3:05:22.753 !!! [CE] :: Unknown value: 'Tier9'.
 3:05:22.753 !!! [CE] :: Unknown value: 'Tier7'.
 3:05:22.753 !!! [CE] :: Unknown value: 'Tier8'.
 3:05:22.753 !!! [CE] :: Unknown value: 'Tier9'.
 3:05:22.753 !!! [CE] :: Unknown value: 'Tier7'.
 3:05:22.753 !!! [CE] :: Unknown value: 'Tier8'.
 3:05:22.753 !!! [CE] :: Unknown value: 'Tier9'.
 3:05:22.753 !!! [CE] :: Unknown value: 'Tier7'.
 3:05:22.753 !!! [CE] :: Unknown value: 'Tier8'.
 3:05:22.753 !!! [CE] :: Unknown value: 'Tier9'.
 3:05:22.753 !!! [CE] :: Unknown value: 'Tier7'.
 3:05:22.753 !!! [CE] :: Unknown value: 'Tier8'.
 3:05:22.753 !!! [CE] :: Unknown value: 'Tier9'.
 3:05:22.753 !!! [CE] :: Unknown value: 'Tier7'.
 3:05:22.753 !!! [CE] :: Unknown value: 'Tier8'.
 3:05:22.753 !!! [CE] :: Unknown value: 'Tier9'.
 3:05:22.753 !!! [CE] :: Unknown value: 'Tier7'.
 3:05:22.753 !!! [CE] :: Unknown value: 'Tier8'.
 3:05:22.753 !!! [CE] :: Unknown value: 'Tier9'.
 3:05:22.753 !!! [CE] :: Unknown value: 'Tier7'.
 3:05:22.753 !!! [CE] :: Unknown value: 'Tier8'.
 3:05:22.753 !!! [CE] :: Unknown value: 'Tier9'.
 3:05:22.753 !!! [CE] :: Unknown value: 'Tier7'.
 3:05:22.753 !!! [CE] :: Unknown value: 'Tier8'.
 3:05:22.753 !!! [CE] :: Unknown value: 'Tier9'.
 3:05:22.753 !!! [CE] :: Unknown value: 'Tier7'.
 3:05:22.753 !!! [CE] :: Unknown value: 'Tier8'.
 3:05:22.753 !!! [CE] :: Unknown value: 'Tier9'.
 3:05:22.753 !!! [CE] :: Unknown value: 'Tier7'.
 3:05:22.753 !!! [CE] :: Unknown value: 'Tier8'.
 3:05:22.753 !!! [CE] :: Unknown value: 'Tier9'.
 3:05:22.753 !!! [CE] :: Unknown value: 'Tier7'.
 3:05:22.753 !!! [CE] :: Unknown value: 'Tier8'.
 3:05:22.753 !!! [CE] :: Unknown value: 'Tier9'.
 3:05:22.753 !!! [CE] :: Unknown value: 'Tier7'.
 3:05:22.753 !!! [CE] :: Unknown value: 'Tier8'.
 3:05:22.753 !!! [CE] :: Unknown value: 'Tier9'.
 3:05:22.753 !!! [CE] :: Unknown value: 'Tier7'.
 3:05:22.753 !!! [CE] :: Unknown value: 'Tier8'.
 3:05:22.753 !!! [CE] :: Unknown value: 'Tier9'.
 3:05:22.753 !!! [CE] :: Unknown value: 'Tier7'.
 3:05:22.753 !!! [CE] :: Unknown value: 'Tier8'.
 3:05:22.753 !!! [CE] :: Unknown value: 'Tier9'.
 3:05:22.753 !!! [CE] :: Unknown value: 'Tier7'.
 3:05:22.753 !!! [CE] :: Unknown value: 'Tier8'.
 3:05:22.753 !!! [CE] :: Unknown value: 'Tier9'.
 3:05:22.753 !!! [CE] :: Unknown value: 'Tier7'.
 3:05:22.753 !!! [CE] :: Unknown value: 'Tier8'.
 3:05:22.753 !!! [CE] :: Unknown value: 'Tier9'.
 3:05:22.753 !!! [CE] :: Unknown value: 'Tier7'.
 3:05:22.753 !!! [CE] :: Unknown value: 'Tier8'.
 3:05:22.753 !!! [CE] :: Unknown value: 'Tier9'.
 3:05:22.753 !!! [CE] :: Unknown value: 'Tier7'.
 3:05:22.753 !!! [CE] :: Unknown value: 'Tier8'.
 3:05:22.753 !!! [CE] :: Unknown value: 'Tier9'.
 3:05:22.753 !!! [CE] :: Unknown value: 'Tier7'.
 3:05:22.753 !!! [CE] :: Unknown value: 'Tier8'.
 3:05:22.753 !!! [CE] :: Unknown value: 'Tier9'.
 3:05:22.753 !!! [CE] :: Unknown value: 'Tier7'.
 3:05:22.753 !!! [CE] :: Unknown value: 'Tier8'.
 3:05:22.753 !!! [CE] :: Unknown value: 'Tier9'.
 3:05:22.753 !!! [CE] :: Unknown value: 'Tier7'.
 3:05:22.753 !!! [CE] :: Unknown value: 'Tier8'.
 3:05:22.753 !!! [CE] :: Unknown value: 'Tier9'.
 3:05:22.753 !!! [CE] :: Unknown value: 'Tier7'.
 3:05:22.753 !!! [CE] :: Unknown value: 'Tier8'.
 3:05:22.753 !!! [CE] :: Unknown value: 'Tier9'.
 3:05:22.753 !!! [CE] :: Unknown value: 'Tier7'.
 3:05:22.753 !!! [CE] :: Unknown value: 'Tier8'.
 3:05:22.753 !!! [CE] :: Unknown value: 'Tier9'.
 3:05:22.753 !!! [CE] :: Unknown value: 'Tier7'.
 3:05:22.753 !!! [CE] :: Unknown value: 'Tier8'.
 3:05:22.753 !!! [CE] :: Unknown value: 'Tier9'.
 3:05:22.753 !!! [CE] :: Unknown value: 'Tier7'.
 3:05:22.753 !!! [CE] :: Unknown value: 'Tier8'.
 3:05:22.753 !!! [CE] :: Unknown value: 'Tier9'.
 3:05:22.753 !!! [CE] :: Unknown value: 'Tier7'.
 3:05:22.753 !!! [CE] :: Unknown value: 'Tier8'.
 3:05:22.753 !!! [CE] :: Unknown value: 'Tier9'.
 3:05:22.753 !!! [CE] :: Unknown value: 'Tier7'.
 3:05:22.753 !!! [CE] :: Unknown value: 'Tier8'.
 3:05:22.753 !!! [CE] :: Unknown value: 'Tier9'.
 3:05:22.753 !!! [CE] :: Unknown value: 'Tier7'.
 3:05:22.753 !!! [CE] :: Unknown value: 'Tier8'.
 3:05:22.753 !!! [CE] :: Unknown value: 'Tier9'.
 3:05:22.753 !!! [CE] :: Unknown value: 'Tier7'.
 3:05:22.753 !!! [CE] :: Unknown value: 'Tier8'.
 3:05:22.753 !!! [CE] :: Unknown value: 'Tier9'.
 3:05:22.753 !!! [CE] :: Unknown value: 'Tier7'.
 3:05:22.753 !!! [CE] :: Unknown value: 'Tier8'.
 3:05:22.753 !!! [CE] :: Unknown value: 'Tier9'.
 3:05:22.753 !!! [CE] :: Unknown value: 'Tier7'.
 3:05:22.753 !!! [CE] :: Unknown value: 'Tier8'.
 3:05:22.753 !!! [CE] :: Unknown value: 'Tier9'.
 3:05:22.753 !!! [CE] :: Unknown value: 'Tier7'.
 3:05:22.753 !!! [CE] :: Unknown value: 'Tier8'.
 3:05:22.753 !!! [CE] :: Unknown value: 'Tier9'.
 3:05:22.753 !!! [CE] :: Unknown value: 'Tier7'.
 3:05:22.753 !!! [CE] :: Unknown value: 'Tier8'.
 3:05:22.753 !!! [CE] :: Unknown value: 'Tier9'.
 3:05:22.753 !!! [CE] :: Unknown value: 'Tier7'.
 3:05:22.753 !!! [CE] :: Unknown value: 'Tier8'.
 3:05:22.753 !!! [CE] :: Unknown value: 'Tier9'.
 3:05:22.753 !!! [CE] :: Unknown value: 'Tier7'.
 3:05:22.753 !!! [CE] :: Unknown value: 'Tier8'.
 3:05:22.753 !!! [CE] :: Unknown value: 'Tier9'.
 3:05:22.753 !!! [CE] :: Unknown value: 'Tier7'.
 3:05:22.753 !!! [CE] :: Unknown value: 'Tier8'.
 3:05:22.753 !!! [CE] :: Unknown value: 'Tier9'.
 3:05:22.753 !!! [CE] :: Unknown value: 'Tier7'.
 3:05:22.753 !!! [CE] :: Unknown value: 'Tier8'.
 3:05:22.753 !!! [CE] :: Unknown value: 'Tier9'.
 3:05:22.753 !!! [CE] :: Unknown value: 'Tier7'.
 3:05:22.753 !!! [CE] :: Unknown value: 'Tier8'.
 3:05:22.753 !!! [CE] :: Unknown value: 'Tier9'.
 3:05:22.753 !!! [CE] :: Unknown value: 'Tier7'.
 3:05:22.753 !!! [CE] :: Unknown value: 'Tier8'.
 3:05:22.753 !!! [CE] :: Unknown value: 'Tier9'.
 3:05:22.753 !!! [CE] :: Unknown value: 'Tier7'.
 3:05:22.753 !!! [CE] :: Unknown value: 'Tier8'.
 3:05:22.753 !!! [CE] :: Unknown value: 'Tier9'.
 3:05:22.753 !!! [CE] :: Unknown value: 'Tier7'.
 3:05:22.753 !!! [CE] :: Unknown value: 'Tier8'.
 3:05:22.753 !!! [CE] :: Unknown value: 'Tier9'.
 3:05:22.753 !!! [CE] :: Unknown value: 'Tier7'.
 3:05:22.753 !!! [CE] :: Unknown value: 'Tier8'.
 3:05:22.753 !!! [CE] :: Unknown value: 'Tier9'.
 3:05:22.753 !!! [CE] :: Unknown value: 'Tier7'.
 3:05:22.753 !!! [CE] :: Unknown value: 'Tier8'.
 3:05:22.753 !!! [CE] :: Unknown value: 'Tier9'.
 3:05:22.753 !!! [CE] :: Unknown value: 'Tier7'.
 3:05:22.753 !!! [CE] :: Unknown value: 'Tier8'.
 3:05:22.753 !!! [CE] :: Unknown value: 'Tier9'.
 3:05:22.753 !!! [CE] :: Unknown value: 'Tier7'.
 3:05:22.753 !!! [CE] :: Unknown value: 'Tier8'.
 3:05:22.753 !!! [CE] :: Unknown value: 'Tier9'.
 3:05:22.753 !!! [CE] :: Unknown value: 'Tier7'.
 3:05:22.753 !!! [CE] :: Unknown value: 'Tier8'.
 3:05:22.753 !!! [CE] :: Unknown value: 'Tier9'.
 3:05:22.753 !!! [CE] :: Unknown value: 'Tier7'.
 3:05:22.753 !!! [CE] :: Unknown value: 'Tier8'.
 3:05:22.753 !!! [CE] :: Unknown value: 'Tier9'.
 3:05:22.753 !!! [CE] :: Unknown value: 'Tier7'.
 3:05:22.753 !!! [CE] :: Unknown value: 'Tier8'.
 3:05:22.753 !!! [CE] :: Unknown value: 'Tier9'.
 3:05:22.753 !!! [CE] :: Unknown value: 'Tier7'.
 3:05:22.753 !!! [CE] :: Unknown value: 'Tier8'.
 3:05:22.753 !!! [CE] :: Unknown value: 'Tier9'.
 3:05:22.753 !!! [CE] :: Unknown value: 'Tier7'.
 3:05:22.753 !!! [CE] :: Unknown value: 'Tier8'.
 3:05:22.753 !!! [CE] :: Unknown value: 'Tier9'.
 3:05:22.907 !!! [CE] :: Unknown tag: 'hunting'.
 3:05:22.907 !!! [CE] :: Unknown tag: 'farm'.
 3:05:22.907 !!! [CE] :: Unknown tag: 'fishing'.
 3:05:22.907 !!! [CE] :: Unknown usage: 'Tenement'.
 3:05:22.969 !!! [CE][offlineDB] :: Type 'Loftd_hijab' will be ignored. (Type does not exist. (Typo?))
 3:05:22.969 !!! [CE][offlineDB] :: Type 'Loftd_hijab_black' will be ignored. (Type does not exist. (Typo?))
 3:05:22.969 !!! [CE][offlineDB] :: Type 'Loftd_hijab_bordo' will be ignored. (Type does not exist. (Typo?))
 3:05:22.969 !!! [CE][offlineDB] :: Type 'Loftd_hijab_green' will be ignored. (Type does not exist. (Typo?))
 3:05:22.969 !!! [CE][offlineDB] :: Type 'Loftd_hijab_home' will be ignored. (Type does not exist. (Typo?))
 3:05:22.969 !!! [CE][offlineDB] :: Type 'Loftd_hijab_kletka' will be ignored. (Type does not exist. (Typo?))
 3:05:22.969 !!! [CE][offlineDB] :: Type 'Loftd_hijab_red' will be ignored. (Type does not exist. (Typo?))
 3:05:22.969 !!! [CE][offlineDB] :: Type 'Loftd_hijab_stars' will be ignored. (Type does not exist. (Typo?))
 3:05:22.969 !!! [CE][offlineDB] :: Type 'Loftd_leatherHat' will be ignored. (Type does not exist. (Typo?))
 3:05:22.970 !!! [CE][offlineDB] :: Type 'Loftd_TiiliaksienHat' will be ignored. (Type does not exist. (Typo?))
 3:05:22.970 !!! [CE][offlineDB] :: Type 'Loftd_TropicalBag' will be ignored. (Type does not exist. (Typo?))
 3:05:22.970 !!! [CE][offlineDB] :: Type 'Loftd_campingbackpack' will be ignored. (Type does not exist. (Typo?))
 3:05:22.970 !!! [CE][offlineDB] :: Type 'Loftd_campingbackpack_green' will be ignored. (Type does not exist. (Typo?))
 3:05:22.970 !!! [CE][offlineDB] :: Type 'Loftd_oldbackpack' will be ignored. (Type does not exist. (Typo?))
 3:05:22.971 !!! [CE][offlineDB] :: Type 'Loftd_uniform_gloves' will be ignored. (Type does not exist. (Typo?))
 3:05:22.971 !!! [CE][offlineDB] :: Type 'Loftd_uniform_gloves_GR' will be ignored. (Type does not exist. (Typo?))
 3:05:22.971 !!! [CE][offlineDB] :: Type 'Loftd_uniform_gloves_WR' will be ignored. (Type does not exist. (Typo?))
 3:05:22.971 !!! [CE][offlineDB] :: Type 'Loftd_ghostmask' will be ignored. (Type does not exist. (Typo?))
 3:05:22.971 !!! [CE][offlineDB] :: Type 'Loftd_ghostpants' will be ignored. (Type does not exist. (Typo?))
 3:05:22.971 !!! [CE][offlineDB] :: Type 'Loftd_ghostpants_city' will be ignored. (Type does not exist. (Typo?))
 3:05:22.971 !!! [CE][offlineDB] :: Type 'Loftd_uniform_pants' will be ignored. (Type does not exist. (Typo?))
 3:05:22.971 !!! [CE][offlineDB] :: Type 'Loftd_uniform_pants_GR' will be ignored. (Type does not exist. (Typo?))
 3:05:22.971 !!! [CE][offlineDB] :: Type 'Loftd_uniform_pants_WR' will be ignored. (Type does not exist. (Typo?))
 3:05:22.971 !!! [CE][offlineDB] :: Type 'Loftd_pantalonvaron_ver1' will be ignored. (Type does not exist. (Typo?))
 3:05:22.972 !!! [CE][offlineDB] :: Type 'Loftd_pantalonvaron_ver2' will be ignored. (Type does not exist. (Typo?))
 3:05:22.972 !!! [CE][offlineDB] :: Type 'Loftd_pantalonvaron_ver3' will be ignored. (Type does not exist. (Typo?))
 3:05:22.972 !!! [CE][offlineDB] :: Type 'Loftd_uniform_boots' will be ignored. (Type does not exist. (Typo?))
 3:05:22.972 !!! [CE][offlineDB] :: Type 'Loftd_uniform_boots_GR' will be ignored. (Type does not exist. (Typo?))
 3:05:22.972 !!! [CE][offlineDB] :: Type 'Loftd_uniform_boots_WR' will be ignored. (Type does not exist. (Typo?))
 3:05:22.972 !!! [CE][offlineDB] :: Type 'Loftd_crosslander_blu' will be ignored. (Type does not exist. (Typo?))
 3:05:22.972 !!! [CE][offlineDB] :: Type 'Loftd_crosslander_green' will be ignored. (Type does not exist. (Typo?))
 3:05:22.973 !!! [CE][offlineDB] :: Type 'Loftd_crosslander_red' will be ignored. (Type does not exist. (Typo?))
 3:05:22.973 !!! [CE][offlineDB] :: Type 'Loftd_hikingboots_dirty' will be ignored. (Type does not exist. (Typo?))
 3:05:22.973 !!! [CE][offlineDB] :: Type 'Loftd_BunnySlippers' will be ignored. (Type does not exist. (Typo?))
 3:05:22.973 !!! [CE][offlineDB] :: Type 'Loftd_FuzzySlippers' will be ignored. (Type does not exist. (Typo?))
 3:05:22.973 !!! [CE][offlineDB] :: Type 'Loftd_houseslippers' will be ignored. (Type does not exist. (Typo?))
 3:05:22.973 !!! [CE][offlineDB] :: Type 'Loftd_NifflerSlippers' will be ignored. (Type does not exist. (Typo?))
 3:05:22.973 !!! [CE][offlineDB] :: Type 'Loftd_PigSlipper' will be ignored. (Type does not exist. (Typo?))
 3:05:22.973 !!! [CE][offlineDB] :: Type 'Loftd_leatherboots_dirty' will be ignored. (Type does not exist. (Typo?))
 3:05:22.973 !!! [CE][offlineDB] :: Type 'Loftd_ghostjacket' will be ignored. (Type does not exist. (Typo?))
 3:05:22.973 !!! [CE][offlineDB] :: Type 'Loftd_ghostjacket_city' will be ignored. (Type does not exist. (Typo?))
 3:05:22.973 !!! [CE][offlineDB] :: Type 'Loftd_uniform_jacket' will be ignored. (Type does not exist. (Typo?))
 3:05:22.973 !!! [CE][offlineDB] :: Type 'Loftd_uniform_jacket_GR' will be ignored. (Type does not exist. (Typo?))
 3:05:22.973 !!! [CE][offlineDB] :: Type 'Loftd_uniform_jacket_WR' will be ignored. (Type does not exist. (Typo?))
 3:05:22.973 !!! [CE][offlineDB] :: Type 'Loftd_Mjjacket_red' will be ignored. (Type does not exist. (Typo?))
 3:05:22.973 !!! [CE][offlineDB] :: Type 'Loftd_Mjjacket_black' will be ignored. (Type does not exist. (Typo?))
 3:05:22.973 !!! [CE][offlineDB] :: Type 'Loftd_Wrfemalejacket' will be ignored. (Type does not exist. (Typo?))
 3:05:22.973 !!! [CE][offlineDB] :: Type 'Loftd_huntercoat_camo' will be ignored. (Type does not exist. (Typo?))
 3:05:22.973 !!! [CE][offlineDB] :: Type 'Loftd_huntercoat_dubok' will be ignored. (Type does not exist. (Typo?))
 3:05:22.973 !!! [CE][offlineDB] :: Type 'Loftd_huntercoat_flora' will be ignored. (Type does not exist. (Typo?))
 3:05:22.973 !!! [CE][offlineDB] :: Type 'Loftd_ghostvest' will be ignored. (Type does not exist. (Typo?))
 3:05:22.973 !!! [CE][offlineDB] :: Type 'Loftd_ghostvest_city' will be ignored. (Type does not exist. (Typo?))
 3:05:22.973 !!! [CE][offlineDB] :: Type 'Loftd_knifeholster' will be ignored. (Not spawnable. (Scope is not public?))
 3:05:22.974 !!! [CE][offlineDB] :: Type 'Loftd_tropicalbag_pouch' will be ignored. (Type does not exist. (Typo?))
 3:05:22.974 !!! [CE][offlineDB] :: Type 'Loftd_tropicalbag_shovelpouch' will be ignored. (Type does not exist. (Typo?))
 3:05:22.974 !!! [CE][offlineDB] :: Type 'Loftd_tropicalbag_canteen' will be ignored. (Type does not exist. (Typo?))
 3:05:22.974 !!! [CE][offlineDB] :: Type 'Loftd_tropicalbag_spalnikpouch' will be ignored. (Type does not exist. (Typo?))
 3:05:22.974 !!! [CE][offlineDB] :: Type 'Loftd_militarybeltCIRAS_black (craft)' will be ignored. (Type does not exist. (Typo?))
 3:05:22.974 !!! [CE][offlineDB] :: Type 'Loftd_militarybeltCIRAS_dubok (craft)' will be ignored. (Type does not exist. (Typo?))
 3:05:22.975 !!! [CE][offlineDB] :: Type 'Loftd_militarybeltCIRAS_winter (craft)' will be ignored. (Type does not exist. (Typo?))
 3:05:22.975 !!! [CE][offlineDB] :: Type 'Loftd_uniform_belt' will be ignored. (Type does not exist. (Typo?))
 3:05:22.975 !!! [CE][offlineDB] :: Type 'Loftd_uniform_belt_GR' will be ignored. (Type does not exist. (Typo?))
 3:05:22.975 !!! [CE][offlineDB] :: Type 'Loftd_uniform_belt_WR' will be ignored. (Type does not exist. (Typo?))
 3:05:22.975 !!! [CE][offlineDB] :: Type 'Loftd_ghostponcho' will be ignored. (Type does not exist. (Typo?))
 3:05:22.975 !!! [CE][offlineDB] :: Type 'Loftd_ghostponcho_city' will be ignored. (Type does not exist. (Typo?))
 3:05:22.975 !!! [CE][offlineDB] :: Type 'Loftd_fabricscarf ' will be ignored. (Type does not exist. (Typo?))
 3:05:22.975 !!! [CE][offlineDB] :: Type 'Loftd_SleepingBagPacked_black' will be ignored. (Type does not exist. (Typo?))
 3:05:22.975 !!! [CE][offlineDB] :: Type 'Loftd_SleepingBagPacked_blue' will be ignored. (Type does not exist. (Typo?))
 3:05:22.975 !!! [CE][offlineDB] :: Type 'Loftd_SleepingBagPacked_green' will be ignored. (Type does not exist. (Typo?))
 3:05:22.976 !!! [CE][offlineDB] :: Type 'Loftd_SleepingBagPacked_red' will be ignored. (Type does not exist. (Typo?))
 3:05:22.976 !!! [CE][offlineDB] :: Type 'Loftd_SleepingBag_black' will be ignored. (Type does not exist. (Typo?))
 3:05:22.976 !!! [CE][offlineDB] :: Type 'Loftd_SleepingBag_blue' will be ignored. (Type does not exist. (Typo?))
 3:05:22.976 !!! [CE][offlineDB] :: Type 'Loftd_SleepingBag_green' will be ignored. (Type does not exist. (Typo?))
 3:05:22.976 !!! [CE][offlineDB] :: Type 'Loftd_SleepingBag_red' will be ignored. (Type does not exist. (Typo?))
 3:05:22.976 !!! [CE][offlineDB] :: Type 'Ririteo_razor' will be ignored. (Type does not exist. (Typo?))
 3:05:22.976 !!! [CE][offlineDB] :: Type 'Loftd_woodenbabycrib' will be ignored. (Type does not exist. (Typo?))
 3:05:22.976 !!! [CE][offlineDB] :: Type 'Loftd_totem_lada' will be ignored. (Type does not exist. (Typo?))
 3:05:22.976 !!! [CE][offlineDB] :: Type 'Loftd_totem_mara' will be ignored. (Type does not exist. (Typo?))
 3:05:22.976 !!! [CE][offlineDB] :: Type 'Loftd_totem_chur' will be ignored. (Type does not exist. (Typo?))
 3:05:22.976 !!! [CE][offlineDB] :: Type 'Loftd_totem_kashchei' will be ignored. (Type does not exist. (Typo?))
 3:05:22.977 !!! [CE][offlineDB] :: Type 'Loftd_totem_perun' will be ignored. (Type does not exist. (Typo?))
 3:05:22.977 !!! [CE][offlineDB] :: Type 'Loftd_totem_rod' will be ignored. (Type does not exist. (Typo?))
 3:05:22.977 !!! [CE][offlineDB] :: Type 'Loftd_totem_svarog' will be ignored. (Type does not exist. (Typo?))
 3:05:22.977 !!! [CE][offlineDB] :: Type 'Loftd_totem_veles' will be ignored. (Type does not exist. (Typo?))
 3:05:22.977 !!! [CE][offlineDB] :: Type 'Loftd_babyBandage' will be ignored. (Type does not exist. (Typo?))
 3:05:22.977 !!! [CE][offlineDB] :: Type 'Loftd_baby' will be ignored. (Type does not exist. (Typo?))
 3:05:22.977 !!! [CE][offlineDB] :: Type 'Loftd_huggers' will be ignored. (Type does not exist. (Typo?))
 3:05:23.11 !!! [CE][offlineDB] :: Type 'SA_Loot_Case' will be ignored. (Not spawnable. (Scope is not public?))
 3:05:23.127 !!! [CE][offlineDB] :: Type 'UAZ_3163_MCHS' will be ignored. (Type does not exist. (Typo?))
 3:05:23.127 !!! [CE][offlineDB] :: Type 'UAZ_3163_VP' will be ignored. (Type does not exist. (Typo?))
 3:05:23.128 !!! [CE][offlineDB] :: Type 'UAZ_3163_emergency_service' will be ignored. (Type does not exist. (Typo?))
 3:05:23.128 !!! [CE][offlineDB] :: Type 'opel_blitz' will be ignored. (Type does not exist. (Typo?))
 3:05:23.128 !!! [CE][offlineDB] :: Type 'dodge_power_wagonrus_doors_cargo3		' will be ignored. (Type does not exist. (Typo?))
 3:05:23.128 !!! [CE][offlineDB] :: Type 'dodge_power_wagonrus_doors_cargo3_yellow		' will be ignored. (Type does not exist. (Typo?))
 3:05:23.128 !!! [CE][offlineDB] :: Type 'dodge_power_wagonrus_doors_cargo3_white		' will be ignored. (Type does not exist. (Typo?))
 3:05:23.128 !!! [CE][offlineDB] :: Type 'dodge_power_wagonrus_doors_cargo3_black		' will be ignored. (Type does not exist. (Typo?))
 3:05:23.128 !!! [CE][offlineDB] :: Type 'dodge_power_wagonrus_doors_cargo3_red		' will be ignored. (Type does not exist. (Typo?))
 3:05:23.129 !!! [CE][offlineDB] :: Type 'UAZ_3163_doors_driver_MCHS' will be ignored. (Type does not exist. (Typo?))
 3:05:23.129 !!! [CE][offlineDB] :: Type 'UAZ_3163_doors_codriver_MCHS' will be ignored. (Type does not exist. (Typo?))
 3:05:23.129 !!! [CE][offlineDB] :: Type 'UAZ_3163_doors_cargo1_MCHS' will be ignored. (Type does not exist. (Typo?))
 3:05:23.129 !!! [CE][offlineDB] :: Type 'UAZ_3163_doors_cargo2_MCHS' will be ignored. (Type does not exist. (Typo?))
 3:05:23.129 !!! [CE][offlineDB] :: Type 'UAZ_3163_doors_hood_MCHS' will be ignored. (Type does not exist. (Typo?))
 3:05:23.129 !!! [CE][offlineDB] :: Type 'UAZ_3163_doors_trunk_MCHS' will be ignored. (Type does not exist. (Typo?))
 3:05:23.130 !!! [CE][offlineDB] :: Type 'UAZ_3163_doors_driver_VP' will be ignored. (Type does not exist. (Typo?))
 3:05:23.130 !!! [CE][offlineDB] :: Type 'UAZ_3163_doors_codriver_VP' will be ignored. (Type does not exist. (Typo?))
 3:05:23.130 !!! [CE][offlineDB] :: Type 'UAZ_3163_doors_cargo1_VP' will be ignored. (Type does not exist. (Typo?))
 3:05:23.130 !!! [CE][offlineDB] :: Type 'UAZ_3163_doors_cargo2_VP' will be ignored. (Type does not exist. (Typo?))
 3:05:23.130 !!! [CE][offlineDB] :: Type 'UAZ_3163_doors_hood_VP' will be ignored. (Type does not exist. (Typo?))
 3:05:23.130 !!! [CE][offlineDB] :: Type 'UAZ_3163_doors_trunk_VP' will be ignored. (Type does not exist. (Typo?))
 3:05:23.130 !!! [CE][offlineDB] :: Type 'UAZ_3163_doors_driver_emergency_service' will be ignored. (Type does not exist. (Typo?))
 3:05:23.130 !!! [CE][offlineDB] :: Type 'UAZ_3163_doors_codriver_emergency_service' will be ignored. (Type does not exist. (Typo?))
 3:05:23.130 !!! [CE][offlineDB] :: Type 'UAZ_3163_doors_cargo1_emergency_service' will be ignored. (Type does not exist. (Typo?))
 3:05:23.130 !!! [CE][offlineDB] :: Type 'UAZ_3163_doors_cargo2_emergency_service' will be ignored. (Type does not exist. (Typo?))
 3:05:23.130 !!! [CE][offlineDB] :: Type 'UAZ_3163_doors_hood_emergency_service' will be ignored. (Type does not exist. (Typo?))
 3:05:23.130 !!! [CE][offlineDB] :: Type 'UAZ_3163_doors_trunk_emergency_service' will be ignored. (Type does not exist. (Typo?))
 3:05:23.131 !!! [CE][offlineDB] :: Type 'UAZ_469_milicia_wheel ' will be ignored. (Type does not exist. (Typo?))
 3:05:23.131 !!! [CE][offlineDB] :: Type 'UAZ_469_milicia_doors_cargo1	' will be ignored. (Type does not exist. (Typo?))
 3:05:23.131 !!! [CE][offlineDB] :: Type 'UAZ_27722_mchs_doors_cargo2_ambulancia' will be ignored. (Type does not exist. (Typo?))
 3:05:23.131 !!! [CE][offlineDB] :: Type 'IJ_2125_Kombi_wheel ' will be ignored. (Type does not exist. (Typo?))
 3:05:23.162 !!! [CE][offlineDB] :: Type 'RubberBox_380ACP' will be ignored. (Type does not exist. (Typo?))
 3:05:23.162 !!! [CE][offlineDB] :: Type 'RubberBox_45ACP' will be ignored. (Type does not exist. (Typo?))
 3:05:23.162 !!! [CE][offlineDB] :: Type 'RubberBox_9x19' will be ignored. (Type does not exist. (Typo?))
 3:05:23.162 !!! [CE][offlineDB] :: Type 'Ammo_45ACPRubber' will be ignored. (Type does not exist. (Typo?))
 3:05:23.162 !!! [CE][offlineDB] :: Type 'Ammo_9x19Rubber' will be ignored. (Type does not exist. (Typo?))
 3:05:23.162 !!! [CE][offlineDB] :: Type 'Ammo_380Rubber' will be ignored. (Type does not exist. (Typo?))
 3:05:23.162 !!! [CE][offlineDB] :: Type 'ScrapRubber' will be ignored. (Type does not exist. (Typo?))
 3:05:23.163 !!! [CE][offlineDB] :: Type 'PressWdie' will be ignored. (Type does not exist. (Typo?))
 3:05:23.163 !!! [CE][offlineDB] :: Type 'PressWdieWattachmentplate' will be ignored. (Type does not exist. (Typo?))
 3:05:23.163 !!! [CE][offlineDB] :: Type 'Presswdiemechismhandle' will be ignored. (Type does not exist. (Typo?))
 3:05:23.163 !!! [CE][offlineDB] :: Type 'PresswithAttachmentplate' will be ignored. (Type does not exist. (Typo?))
 3:05:23.163 !!! [CE][offlineDB] :: Type 'PresswithMechanism' will be ignored. (Type does not exist. (Typo?))
 3:05:23.163 !!! [CE][offlineDB] :: Type 'PresswithMechanismhandle' will be ignored. (Type does not exist. (Typo?))
 3:05:23.163 !!! [CE][offlineDB] :: Type 'CrucibleOreLead' will be ignored. (Type does not exist. (Typo?))
 3:05:23.275 [CE][DE][SPAWNS] :: Total positions: 279
 3:05:23.275 [CE][DE][GROUPS] :: Total eventgroups defined: 83, Eventgroups in use: 0
 3:05:23.296 [CE][Storage] ver:25 stamp:1865, valid:yes, name:"G:\SteamLibrary\steamapps\common\DayZServer\mpmissions\empty.alteria\storage_380881\data\events.bin"
 3:05:23.315 [CE][Storage] ver:25 stamp:1865, valid:yes, name:"G:\SteamLibrary\steamapps\common\DayZServer\mpmissions\empty.alteria\storage_380881\data\events.001"
 3:05:23.330 [CE][Storage] ver:25 stamp:1863, valid:yes, name:"G:\SteamLibrary\steamapps\common\DayZServer\mpmissions\empty.alteria\storage_380881\data\events.002"
 3:05:23.331 [CE][Storage] Restoring file "G:\SteamLibrary\steamapps\common\DayZServer\mpmissions\empty.alteria\storage_380881\data\events.bin".
 3:05:23.331 [CE][DynamicEvent] Load  Events:[33] Primary spawners: 33 Secondary spawners: 2
 3:05:23.331 [CE][InfectedRespawner] (PRIArmy) :: Zones:0 Respawner Function DISABLED !!!
 3:05:23.331 [CE][InfectedRespawner] (PRIArmyHard) :: Status
 3:05:23.331   Zones:21, Unpopulated:0
 3:05:23.331   SMin:59, SMax:89
 3:05:23.331   DMin:90, DMax:143
 3:05:23.331 [CE][InfectedRespawner] (PRICity) :: Status
 3:05:23.331   Zones:12, Unpopulated:0
 3:05:23.331   SMin:0, SMax:0
 3:05:23.331   DMin:98, DMax:161
 3:05:23.331 [CE][InfectedRespawner] (PRIFirefighter) :: Status
 3:05:23.331   Zones:3, Unpopulated:0
 3:05:23.331   SMin:0, SMax:0
 3:05:23.331   DMin:9, DMax:16
 3:05:23.331 [CE][InfectedRespawner] (PRIIndustrial) :: Status
 3:05:23.331   Zones:21, Unpopulated:0
 3:05:23.331   SMin:0, SMax:0
 3:05:23.331   DMin:82, DMax:161
 3:05:23.331 [CE][InfectedRespawner] (PRIMedic) :: Status
 3:05:23.332   Zones:1, Unpopulated:0
 3:05:23.332   SMin:0, SMax:0
 3:05:23.332   DMin:1, DMax:4
 3:05:23.332 [CE][InfectedRespawner] (PRINBC) :: Zones:0 Respawner Function DISABLED !!!
 3:05:23.332 [CE][InfectedRespawner] (PRINBCYellow) :: Status
 3:05:23.332   Zones:2, Unpopulated:0
 3:05:23.332   SMin:0, SMax:0
 3:05:23.332   DMin:36, DMax:48
 3:05:23.332 [CE][InfectedRespawner] (PRIPolice) :: Status
 3:05:23.332   Zones:2, Unpopulated:0
 3:05:23.332   SMin:0, SMax:0
 3:05:23.332   DMin:6, DMax:10
 3:05:23.332 [CE][InfectedRespawner] (PRIPoliceHard) :: Zones:0 Respawner Function DISABLED !!!
 3:05:23.332 [CE][InfectedRespawner] (PRIPrisoner) :: Status
 3:05:23.332   Zones:1, Unpopulated:0
 3:05:23.332   SMin:4, SMax:8
 3:05:23.332   DMin:4, DMax:8
 3:05:23.332 [CE][InfectedRespawner] (PRIReligious) :: Status
 3:05:23.332   Zones:1, Unpopulated:0
 3:05:23.332   SMin:0, SMax:0
 3:05:23.332   DMin:1, DMax:3
 3:05:23.333 [CE][InfectedRespawner] (PRISolitude) :: Status
 3:05:23.333   Zones:70, Unpopulated:0
 3:05:23.333   SMin:0, SMax:0
 3:05:23.333   DMin:347, DMax:629
 3:05:23.333 [CE][InfectedRespawner] (PRIVillage) :: Status
 3:05:23.334   Zones:11, Unpopulated:0
 3:05:23.334   SMin:0, SMax:0
 3:05:23.334   DMin:33, DMax:66
 3:05:23.334 [CE][InfectedRespawner] (SECArmy) :: Zones:0 Respawner Function DISABLED !!!
 3:05:23.334 [CE][InfectedRespawner] (SECPoliceHard) :: Zones:0 Respawner Function DISABLED !!!
 3:05:23.371 [CE][Storage] ver:25 stamp:1865, valid:yes, name:"G:\SteamLibrary\steamapps\common\DayZServer\mpmissions\empty.alteria\storage_380881\data\dynamic_000.bin"
 3:05:23.384 [CE][Storage] ver:25 stamp:1865, valid:yes, name:"G:\SteamLibrary\steamapps\common\DayZServer\mpmissions\empty.alteria\storage_380881\data\dynamic_000.001"
 3:05:23.408 [CE][Storage] ver:25 stamp:1863, valid:yes, name:"G:\SteamLibrary\steamapps\common\DayZServer\mpmissions\empty.alteria\storage_380881\data\dynamic_000.002"
 3:05:23.408 [CE][Storage] Restoring file "G:\SteamLibrary\steamapps\common\DayZServer\mpmissions\empty.alteria\storage_380881\data\dynamic_000.bin" 146 items.
 3:05:24.224   146 items loaded. (0 failed)
 3:05:24.248 [CE][Storage] ver:25 stamp:1865, valid:yes, name:"G:\SteamLibrary\steamapps\common\DayZServer\mpmissions\empty.alteria\storage_380881\data\dynamic_001.bin"
 3:05:24.286 [CE][Storage] ver:25 stamp:1865, valid:yes, name:"G:\SteamLibrary\steamapps\common\DayZServer\mpmissions\empty.alteria\storage_380881\data\dynamic_001.001"
 3:05:24.324 [CE][Storage] ver:25 stamp:1863, valid:yes, name:"G:\SteamLibrary\steamapps\common\DayZServer\mpmissions\empty.alteria\storage_380881\data\dynamic_001.002"
 3:05:24.324 [CE][Storage] Restoring file "G:\SteamLibrary\steamapps\common\DayZServer\mpmissions\empty.alteria\storage_380881\data\dynamic_001.bin" 586 items.
 3:05:28.681   586 items loaded. (0 failed)
 3:05:28.712 [CE][Storage] ver:25 stamp:1865, valid:yes, name:"G:\SteamLibrary\steamapps\common\DayZServer\mpmissions\empty.alteria\storage_380881\data\dynamic_002.bin"
 3:05:28.740 [CE][Storage] ver:25 stamp:1865, valid:yes, name:"G:\SteamLibrary\steamapps\common\DayZServer\mpmissions\empty.alteria\storage_380881\data\dynamic_002.001"
 3:05:28.758 [CE][Storage] ver:25 stamp:1863, valid:yes, name:"G:\SteamLibrary\steamapps\common\DayZServer\mpmissions\empty.alteria\storage_380881\data\dynamic_002.002"
 3:05:28.758 [CE][Storage] Restoring file "G:\SteamLibrary\steamapps\common\DayZServer\mpmissions\empty.alteria\storage_380881\data\dynamic_002.bin" 1452 items.
 3:05:35.09   1452 items loaded. (0 failed)
 3:05:35.77 [CE][Storage] ver:25 stamp:1865, valid:yes, name:"G:\SteamLibrary\steamapps\common\DayZServer\mpmissions\empty.alteria\storage_380881\data\dynamic_003.bin"
 3:05:35.121 [CE][Storage] ver:25 stamp:1865, valid:yes, name:"G:\SteamLibrary\steamapps\common\DayZServer\mpmissions\empty.alteria\storage_380881\data\dynamic_003.001"
 3:05:35.147 [CE][Storage] ver:25 stamp:1863, valid:yes, name:"G:\SteamLibrary\steamapps\common\DayZServer\mpmissions\empty.alteria\storage_380881\data\dynamic_003.002"
 3:05:35.147 [CE][Storage] Restoring file "G:\SteamLibrary\steamapps\common\DayZServer\mpmissions\empty.alteria\storage_380881\data\dynamic_003.bin" 1521 items.
 3:05:40.507   1521 items loaded. (0 failed)
 3:05:40.534 [CE][Storage] ver:25 stamp:1865, valid:yes, name:"G:\SteamLibrary\steamapps\common\DayZServer\mpmissions\empty.alteria\storage_380881\data\dynamic_004.bin"
 3:05:40.581 [CE][Storage] ver:25 stamp:1865, valid:yes, name:"G:\SteamLibrary\steamapps\common\DayZServer\mpmissions\empty.alteria\storage_380881\data\dynamic_004.001"
 3:05:40.604 [CE][Storage] ver:25 stamp:1863, valid:yes, name:"G:\SteamLibrary\steamapps\common\DayZServer\mpmissions\empty.alteria\storage_380881\data\dynamic_004.002"
 3:05:40.604 [CE][Storage] Restoring file "G:\SteamLibrary\steamapps\common\DayZServer\mpmissions\empty.alteria\storage_380881\data\dynamic_004.bin" 695 items.
 3:05:41.945   695 items loaded. (0 failed)
 3:05:41.971 [CE][Storage] ver:25 stamp:1865, valid:yes, name:"G:\SteamLibrary\steamapps\common\DayZServer\mpmissions\empty.alteria\storage_380881\data\dynamic_005.bin"
 3:05:41.999 [CE][Storage] ver:25 stamp:1865, valid:yes, name:"G:\SteamLibrary\steamapps\common\DayZServer\mpmissions\empty.alteria\storage_380881\data\dynamic_005.001"
 3:05:42.15 [CE][Storage] ver:25 stamp:1863, valid:yes, name:"G:\SteamLibrary\steamapps\common\DayZServer\mpmissions\empty.alteria\storage_380881\data\dynamic_005.002"
 3:05:42.15 [CE][Storage] Restoring file "G:\SteamLibrary\steamapps\common\DayZServer\mpmissions\empty.alteria\storage_380881\data\dynamic_005.bin" 783 items.
 3:05:43.944   783 items loaded. (0 failed)
 3:05:44.10 [CE][Storage] ver:25 stamp:1865, valid:yes, name:"G:\SteamLibrary\steamapps\common\DayZServer\mpmissions\empty.alteria\storage_380881\data\dynamic_006.bin"
 3:05:44.45 [CE][Storage] ver:25 stamp:1865, valid:yes, name:"G:\SteamLibrary\steamapps\common\DayZServer\mpmissions\empty.alteria\storage_380881\data\dynamic_006.001"
 3:05:44.78 [CE][Storage] ver:25 stamp:1863, valid:yes, name:"G:\SteamLibrary\steamapps\common\DayZServer\mpmissions\empty.alteria\storage_380881\data\dynamic_006.002"
 3:05:44.78 [CE][Storage] Restoring file "G:\SteamLibrary\steamapps\common\DayZServer\mpmissions\empty.alteria\storage_380881\data\dynamic_006.bin" 1389 items.
 3:05:45.994   1389 items loaded. (0 failed)
 3:05:46.19 [CE][Storage] ver:25 stamp:1865, valid:yes, name:"G:\SteamLibrary\steamapps\common\DayZServer\mpmissions\empty.alteria\storage_380881\data\dynamic_007.bin"
 3:05:46.62 [CE][Storage] ver:25 stamp:1865, valid:yes, name:"G:\SteamLibrary\steamapps\common\DayZServer\mpmissions\empty.alteria\storage_380881\data\dynamic_007.001"
 3:05:46.100 [CE][Storage] ver:25 stamp:1863, valid:yes, name:"G:\SteamLibrary\steamapps\common\DayZServer\mpmissions\empty.alteria\storage_380881\data\dynamic_007.002"
 3:05:46.100 [CE][Storage] Restoring file "G:\SteamLibrary\steamapps\common\DayZServer\mpmissions\empty.alteria\storage_380881\data\dynamic_007.bin" 591 items.
 3:05:47.112   591 items loaded. (0 failed)
 3:05:47.137 [CE][Storage] ver:25 stamp:1865, valid:yes, name:"G:\SteamLibrary\steamapps\common\DayZServer\mpmissions\empty.alteria\storage_380881\data\dynamic_008.bin"
 3:05:47.173 [CE][Storage] ver:25 stamp:1865, valid:yes, name:"G:\SteamLibrary\steamapps\common\DayZServer\mpmissions\empty.alteria\storage_380881\data\dynamic_008.001"
 3:05:47.214 [CE][Storage] ver:25 stamp:1863, valid:yes, name:"G:\SteamLibrary\steamapps\common\DayZServer\mpmissions\empty.alteria\storage_380881\data\dynamic_008.002"
 3:05:47.214 [CE][Storage] Restoring file "G:\SteamLibrary\steamapps\common\DayZServer\mpmissions\empty.alteria\storage_380881\data\dynamic_008.bin" 497 items.
 3:05:48.233   497 items loaded. (0 failed)
 3:05:48.260 [CE][Storage] ver:25 stamp:1865, valid:yes, name:"G:\SteamLibrary\steamapps\common\DayZServer\mpmissions\empty.alteria\storage_380881\data\dynamic_009.bin"
 3:05:48.276 [CE][Storage] ver:25 stamp:1865, valid:yes, name:"G:\SteamLibrary\steamapps\common\DayZServer\mpmissions\empty.alteria\storage_380881\data\dynamic_009.001"
 3:05:48.304 [CE][Storage] ver:25 stamp:1863, valid:yes, name:"G:\SteamLibrary\steamapps\common\DayZServer\mpmissions\empty.alteria\storage_380881\data\dynamic_009.002"
 3:05:48.304 [CE][Storage] Restoring file "G:\SteamLibrary\steamapps\common\DayZServer\mpmissions\empty.alteria\storage_380881\data\dynamic_009.bin" 1049 items.
 3:05:49.745   1049 items loaded. (0 failed)
 3:05:49.770 [CE][Storage] ver:25 stamp:1865, valid:yes, name:"G:\SteamLibrary\steamapps\common\DayZServer\mpmissions\empty.alteria\storage_380881\data\dynamic_010.bin"
 3:05:49.792 [CE][Storage] ver:25 stamp:1865, valid:yes, name:"G:\SteamLibrary\steamapps\common\DayZServer\mpmissions\empty.alteria\storage_380881\data\dynamic_010.001"
 3:05:49.854 [CE][Storage] ver:25 stamp:1863, valid:yes, name:"G:\SteamLibrary\steamapps\common\DayZServer\mpmissions\empty.alteria\storage_380881\data\dynamic_010.002"
 3:05:49.854 [CE][Storage] Restoring file "G:\SteamLibrary\steamapps\common\DayZServer\mpmissions\empty.alteria\storage_380881\data\dynamic_010.bin" 879 items.
 3:05:50.929   879 items loaded. (0 failed)
 3:05:50.948 [CE][Storage] ver:25 stamp:1865, valid:yes, name:"G:\SteamLibrary\steamapps\common\DayZServer\mpmissions\empty.alteria\storage_380881\data\dynamic_011.bin"
 3:05:51.28 [CE][Storage] ver:25 stamp:1865, valid:yes, name:"G:\SteamLibrary\steamapps\common\DayZServer\mpmissions\empty.alteria\storage_380881\data\dynamic_011.001"
 3:05:51.117 [CE][Storage] ver:25 stamp:1863, valid:yes, name:"G:\SteamLibrary\steamapps\common\DayZServer\mpmissions\empty.alteria\storage_380881\data\dynamic_011.002"
 3:05:51.117 [CE][Storage] Restoring file "G:\SteamLibrary\steamapps\common\DayZServer\mpmissions\empty.alteria\storage_380881\data\dynamic_011.bin" 424 items.
 3:05:51.805   424 items loaded. (0 failed)
 3:05:51.806 [CE][Storage] ver:26 stamp:1865, valid:yes, name:"G:\SteamLibrary\steamapps\common\DayZServer\mpmissions\empty.alteria\storage_380881\data\building.bin"
 3:05:51.807 [CE][Storage] ver:26 stamp:1865, valid:yes, name:"G:\SteamLibrary\steamapps\common\DayZServer\mpmissions\empty.alteria\storage_380881\data\building.001"
 3:05:51.812 [CE][Storage] ver:26 stamp:1863, valid:yes, name:"G:\SteamLibrary\steamapps\common\DayZServer\mpmissions\empty.alteria\storage_380881\data\building.002"
 3:05:51.812 [CE][Storage] Restoring file "G:\SteamLibrary\steamapps\common\DayZServer\mpmissions\empty.alteria\storage_380881\data\building.bin" 2 items.
 3:05:51.812   2 items loaded. (0 failed)
 3:05:51.840 [CE][Storage] ver:25 stamp:1865, valid:yes, name:"G:\SteamLibrary\steamapps\common\DayZServer\mpmissions\empty.alteria\storage_380881\data\vehicles.bin"
 3:05:51.858 [CE][Storage] ver:25 stamp:1865, valid:yes, name:"G:\SteamLibrary\steamapps\common\DayZServer\mpmissions\empty.alteria\storage_380881\data\vehicles.001"
 3:05:51.872 [CE][Storage] ver:25 stamp:1863, valid:yes, name:"G:\SteamLibrary\steamapps\common\DayZServer\mpmissions\empty.alteria\storage_380881\data\vehicles.002"
 3:05:51.872 [CE][Storage] Restoring file "G:\SteamLibrary\steamapps\common\DayZServer\mpmissions\empty.alteria\storage_380881\data\vehicles.bin" 11 items.
 3:05:51.982   11 items loaded. (0 failed)
 3:05:51.988 [CE][Hive] :: Storage load took:28.66 seconds, recovery stamp:1865
 3:05:51.988   entity: 11971, building: 2
 3:05:51.988   pathgraph's: 291
 3:05:51.988 [CE][Hive] :: Initializing ... 
 3:05:51.988 [CE][OnInit]
 3:05:51.988   static groups: 5607
 3:05:51.988   containers: 9811
 3:05:51.989   points: 86046
 3:05:51.989   proxies: 2050
 3:05:51.989   linked groups: 803, points: 0
 3:05:51.989   abandoned groups: 0, points: 0
 3:05:51.989   dynamic groups: 0
 3:05:52.20 [CE][InitializeMap] :: initialized: 0
 3:05:52.20 [CE][Hive] :: Initializing spawners ... 
 3:05:52.104 [CE][InfectedRespawner] (PRIArmy) :: Initial Spawn: 0
 3:05:52.106 !!! [CE][Spawn] Character "ZmbM_PatrolNormal_Autumn" at 1852.048828, 4974.931641
 3:05:52.107 !!! [CE][Spawn] Character "ZmbM_PatrolNormal_Autumn" at 1775.261475, 4995.273926
 3:05:52.110 !!! [CE][Spawn] Character "ZmbM_usSoldier_Officer_Desert" at 1718.567871, 4994.932129
 3:05:52.111 !!! [CE][Spawn] Character "ZmbM_PatrolNormal_Flat" at 1749.875244, 5043.796387
 3:05:52.113 !!! [CE][Spawn] Character "ZmbM_usSoldier_normal_Woodland" at 1781.845947, 6482.418945
 3:05:52.113 !!! [CE][Spawn] Character "ZmbM_usSoldier_normal_Woodland" at 1725.741211, 6508.585938
 3:05:52.114 !!! [CE][Spawn] Character "ZmbM_usSoldier_normal_Desert" at 1759.661011, 6559.902344
 3:05:52.117 !!! [CE][Spawn] Character "ZmbM_SoldierNormal" at 1798.045776, 6588.808594
 3:05:52.118 !!! [CE][Spawn] Character "ZmbM_usSoldier_Officer_Desert" at 1840.647217, 6562.932617
 3:05:52.118 !!! [CE][Spawn] Character "ZmbM_PatrolNormal_Autumn" at 1841.511353, 6517.823730
 3:05:52.119 !!! [CE][Spawn] Character "ZmbM_usSoldier_Officer_Desert" at 1821.673706, 6459.187988
 3:05:52.120 !!! [CE][Spawn] Character "ZmbM_usSoldier_Heavy_Woodland" at 1781.420654, 6509.470215
 3:05:52.121 !!! [CE][Spawn] Character "ZmbM_usSoldier_normal_Desert" at 1733.129883, 6532.052246
 3:05:52.122 !!! [CE][Spawn] Character "ZmbM_SoldierNormal" at 2599.716309, 5831.418945
 3:05:52.125 !!! [CE][Spawn] Character "ZmbM_PatrolNormal_Summer" at 2601.340088, 5803.468750
 3:05:52.126 !!! [CE][Spawn] Character "ZmbM_usSoldier_Heavy_Woodland" at 1667.454834, 2551.529297
 3:05:52.128 !!! [CE][Spawn] Character "ZmbM_usSoldier_Officer_Desert" at 1615.400024, 2563.600098
 3:05:52.129 !!! [CE][Spawn] Character "ZmbM_PatrolNormal_Flat" at 1591.272583, 2608.184814
 3:05:52.130 !!! [CE][Spawn] Character "ZmbM_SoldierNormal" at 1619.699951, 2644.600098
 3:05:52.131 !!! [CE][Spawn] Character "ZmbM_usSoldier_Heavy_Woodland" at 1661.932007, 2667.300049
 3:05:52.133 !!! [CE][Spawn] Character "ZmbM_usSoldier_Officer_Desert" at 1673.243042, 2620.793213
 3:05:52.135 !!! [CE][Spawn] Character "ZmbM_PatrolNormal_PautRev" at 1683.268311, 2585.514893
 3:05:52.135 !!! [CE][Spawn] Character "ZmbM_SoldierNormal" at 1647.255493, 2519.406006
 3:05:52.137 !!! [CE][Spawn] Character "ZmbM_usSoldier_Heavy_Woodland" at 1586.959595, 2564.458740
 3:05:52.138 !!! [CE][Spawn] Character "ZmbM_PatrolNormal_PautRev" at 1617.269043, 2618.724609
 3:05:52.140 !!! [CE][Spawn] Character "ZmbM_PatrolNormal_PautRev" at 7619.611328, 1485.434692
 3:05:52.141 !!! [CE][Spawn] Character "ZmbM_PatrolNormal_Flat" at 7569.857422, 1549.597778
 3:05:52.141 !!! [CE][Spawn] Character "ZmbM_usSoldier_normal_Desert" at 7610.108887, 1608.256714
 3:05:52.142 !!! [CE][Spawn] Character "ZmbM_PatrolNormal_Autumn" at 7659.919922, 1629.275146
 3:05:52.143 !!! [CE][Spawn] Character "ZmbM_PatrolNormal_PautRev" at 7729.898438, 1615.049316
 3:05:52.143 !!! [CE][Spawn] Character "ZmbM_usSoldier_normal_Woodland" at 7714.741699, 1544.498047
 3:05:52.145 !!! [CE][Spawn] Character "ZmbM_PatrolNormal_Flat" at 7677.576660, 1473.312256
 3:05:52.145 !!! [CE][Spawn] Character "ZmbM_PatrolNormal_Flat" at 7606.232910, 1513.113159
 3:05:52.146 !!! [CE][Spawn] Character "ZmbM_usSoldier_Officer_Desert" at 7596.804199, 1574.451538
 3:05:52.147 !!! [CE][Spawn] Character "ZmbM_SoldierNormal" at 7632.982910, 1605.813110
 3:05:52.147 !!! [CE][Spawn] Character "ZmbM_SoldierNormal" at 7691.978516, 1657.838623
 3:05:52.148 !!! [CE][Spawn] Character "ZmbM_usSoldier_normal_Woodland" at 6749.459473, 2381.314209
 3:05:52.148 !!! [CE][Spawn] Character "ZmbM_usSoldier_normal_Woodland" at 6869.640625, 2325.845459
 3:05:52.149 !!! [CE][Spawn] Character "ZmbM_PatrolNormal_Flat" at 6933.886230, 2187.604492
 3:05:52.150 !!! [CE][Spawn] Character "ZmbM_usSoldier_Heavy_Woodland" at 6823.626953, 2062.656006
 3:05:52.151 !!! [CE][Spawn] Character "ZmbM_usSoldier_normal_Desert" at 6725.739258, 2185.858398
 3:05:52.152 !!! [CE][Spawn] Character "ZmbM_PatrolNormal_PautRev" at 6624.349121, 2227.513916
 3:05:52.152 !!! [CE][Spawn] Character "ZmbM_usSoldier_normal_Desert" at 6648.301270, 2368.948242
 3:05:52.153 !!! [CE][Spawn] Character "ZmbM_SoldierNormal" at 6778.924805, 2315.644043
 3:05:52.154 !!! [CE][Spawn] Character "ZmbM_PatrolNormal_Summer" at 6916.131836, 2295.800049
 3:05:52.156 !!! [CE][Spawn] Character "ZmbM_PatrolNormal_Flat" at 6818.200195, 2195.348633
 3:05:52.156 !!! [CE][Spawn] Character "ZmbM_PatrolNormal_PautRev" at 6765.434082, 2084.019531
 3:05:52.158 !!! [CE][Spawn] Character "ZmbM_SoldierNormal" at 6675.740234, 2168.403076
 3:05:52.159 !!! [CE][Spawn] Character "ZmbM_PatrolNormal_Autumn" at 6604.630859, 2275.362061
 3:05:52.159 !!! [CE][Spawn] Character "ZmbM_SoldierNormal" at 6717.529785, 2337.800049
 3:05:52.160 !!! [CE][Spawn] Character "ZmbM_usSoldier_normal_Woodland" at 6694.088379, 2170.814209
 3:05:52.161 !!! [CE][Spawn] Character "ZmbM_usSoldier_Heavy_Woodland" at 6643.532715, 2252.140381
 3:05:52.163 !!! [CE][Spawn] Character "ZmbM_PatrolNormal_PautRev" at 6713.595703, 2319.529785
 3:05:52.163 !!! [CE][Spawn] Character "ZmbM_PatrolNormal_PautRev" at 6793.493652, 2306.443115
 3:05:52.164 !!! [CE][Spawn] Character "ZmbM_PatrolNormal_Autumn" at 6872.207520, 2253.404053
 3:05:52.165 !!! [CE][Spawn] Character "ZmbM_PatrolNormal_PautRev" at 7475.212402, 1512.297241
 3:05:52.166 !!! [CE][Spawn] Character "ZmbM_PatrolNormal_PautRev" at 7530.759766, 1483.413452
 3:05:52.166 !!! [CE][Spawn] Character "ZmbM_PatrolNormal_Flat" at 7493.784668, 1423.845825
 3:05:52.167 !!! [CE][Spawn] Character "ZmbM_PatrolNormal_Autumn" at 7428.089355, 1435.315552
 3:05:52.168 !!! [CE][Spawn] Character "ZmbM_PatrolNormal_Autumn" at 7385.696289, 1482.419678
 3:05:52.168 !!! [CE][Spawn] Character "ZmbM_SoldierNormal" at 7437.147949, 1513.870850
 3:05:52.169 !!! [CE][Spawn] Character "ZmbM_PatrolNormal_Summer" at 7464.100098, 1534.444458
 3:05:52.171 !!! [CE][Spawn] Character "ZmbM_PatrolNormal_Flat" at 7519.396484, 1526.513672
 3:05:52.173 !!! [CE][Spawn] Character "ZmbM_PatrolNormal_Flat" at 7488.932129, 1478.750610
 3:05:52.175 !!! [CE][Spawn] Character "ZmbM_SoldierNormal" at 7472.718750, 1403.659668
 3:05:52.175 !!! [CE][Spawn] Character "ZmbM_SoldierNormal" at 7417.935059, 1454.093750
 3:05:52.177 !!! [CE][Spawn] Character "ZmbM_PatrolNormal_Flat" at 7391.310059, 1504.355103
 3:05:52.178 !!! [CE][Spawn] Character "ZmbM_PatrolNormal_Summer" at 7416.268066, 1573.935303
 3:05:52.179 !!! [CE][Spawn] Character "ZmbM_SoldierNormal" at 7378.820801, 1488.888672
 3:05:52.180 !!! [CE][Spawn] Character "ZmbM_SoldierNormal" at 3211.952148, 6134.823242
 3:05:52.181 !!! [CE][Spawn] Character "ZmbM_PatrolNormal_Autumn" at 3257.682861, 6187.609863
 3:05:52.181 !!! [CE][Spawn] Character "ZmbM_PatrolNormal_Autumn" at 3278.857178, 6203.541992
 3:05:52.183 !!! [CE][Spawn] Character "ZmbM_PatrolNormal_Summer" at 3317.103760, 6210.405273
 3:05:52.183 [CE][InfectedRespawner] (PRIArmyHard) :: Initial Spawn: 73
 3:05:52.183 [CE][InfectedRespawner] (PRICity) :: Initial Spawn: 0
 3:05:52.184 [CE][InfectedRespawner] (PRIFirefighter) :: Initial Spawn: 0
 3:05:52.184 [CE][InfectedRespawner] (PRIIndustrial) :: Initial Spawn: 0
 3:05:52.184 [CE][InfectedRespawner] (PRIMedic) :: Initial Spawn: 0
 3:05:52.184 [CE][InfectedRespawner] (PRINBC) :: Initial Spawn: 0
 3:05:52.184 [CE][InfectedRespawner] (PRINBCYellow) :: Initial Spawn: 0
 3:05:52.184 [CE][InfectedRespawner] (PRIPolice) :: Initial Spawn: 0
 3:05:52.184 [CE][InfectedRespawner] (PRIPoliceHard) :: Initial Spawn: 0
 3:05:52.186 !!! [CE][Spawn] Character "ZmbM_PrisonerSkinny" at 1677.513550, 4701.955078
 3:05:52.188 !!! [CE][Spawn] Character "ZmbM_PrisonerSkinny" at 1690.635010, 4733.283691
 3:05:52.188 !!! [CE][Spawn] Character "ZmbM_PrisonerSkinny" at 1701.898315, 4746.906738
 3:05:52.189 !!! [CE][Spawn] Character "ZmbM_PrisonerSkinny" at 1728.635620, 4763.257813
 3:05:52.189 !!! [CE][Spawn] Character "ZmbM_PrisonerSkinny" at 1758.649170, 4735.607910
 3:05:52.190 [CE][InfectedRespawner] (PRIPrisoner) :: Initial Spawn: 5
 3:05:52.190 [CE][InfectedRespawner] (PRIReligious) :: Initial Spawn: 0
 3:05:52.190 [CE][InfectedRespawner] (PRISolitude) :: Initial Spawn: 0
 3:05:52.190 [CE][InfectedRespawner] (PRIVillage) :: Initial Spawn: 0
 3:05:52.191 [CE][LootRespawner] (PRIDummy) :: Initially (re)spawned:0, Nominal:13028, Total in Map: 11161 at 0 (sec)
 3:05:52.191   tests:0, repeats:0 fails:0, overtime:0
 3:05:52.193 !!! [CE][Spawn] Character "ZmbM_PatrolNormal_PautRev" at 6757.855469, 1001.377441
 3:05:52.195 !!! [CE][Spawn] Character "ZmbM_PatrolNormal_PautRev" at 6735.123535, 995.687561
 3:05:52.196 !!! [CE][Spawn] Character "ZmbM_usSoldier_normal_Desert" at 6720.348145, 1002.850098
 3:05:52.196 !!! [CE][Spawn] Character "ZmbM_PatrolNormal_Flat" at 6705.317871, 1019.015991
 3:05:52.198 !!! [CE][Spawn] Character "ZmbM_PatrolNormal_Summer" at 5217.937988, 6899.563965
 3:05:52.198 !!! [CE][Spawn] Character "ZmbM_SoldierNormal" at 5191.796875, 6876.257813
 3:05:52.199 !!! [CE][Spawn] Character "ZmbM_SoldierNormal" at 5171.702637, 6904.731934
 3:05:52.201 !!! [CE][Spawn] Character "ZmbM_PatrolNormal_Autumn" at 5152.496094, 6922.992188
 3:05:52.203 !!! [CE][Spawn] Character "ZmbM_PatrolNormal_Autumn" at 6978.628418, 6303.194336
 3:05:52.203 !!! [CE][Spawn] Character "ZmbM_PatrolNormal_Autumn" at 6956.090820, 6298.539551
 3:05:52.204 [CE][InfectedRespawner] (SECArmy) :: Initial Spawn: 10
 3:05:52.205 [CE][InfectedRespawner] (SECPoliceHard) :: Initial Spawn: 0
 3:05:52.205 [CE][DynEvent] :: 33 types
 3:05:52.206 [00] AmbientHen
 3:05:52.206   Primary Spawner: "Ambient", active: yes, repeat: 1
 3:05:52.206 [01] AmbientBear
 3:05:52.206   Primary Spawner: "Ambient", active: yes, repeat: 1
 3:05:52.206 [02] AnimalCow
 3:05:52.206   Primary Spawner: "Animal", active: yes, repeat: 1
 3:05:52.206 [03] AnimalDeer
 3:05:52.206   Primary Spawner: "Animal", active: yes, repeat: 1
 3:05:52.206 [04] AmbientGoat
 3:05:52.206   Primary Spawner: "Ambient", active: yes, repeat: 1
 3:05:52.206 [05] AmbientPig
 3:05:52.206   Primary Spawner: "Ambient", active: yes, repeat: 1
 3:05:52.206 [06] AnimalRoeDeer
 3:05:52.206   Primary Spawner: "Animal", active: yes, repeat: 1
 3:05:52.206 [07] AnimalSheep
 3:05:52.206   Primary Spawner: "Animal", active: yes, repeat: 1
 3:05:52.206 [08] AnimalWildBoar
 3:05:52.206   Primary Spawner: "Animal", active: yes, repeat: 1
 3:05:52.207 [09] AnimalWolf
 3:05:52.207   Primary Spawner: "Animal", active: yes, repeat: 1
 3:05:52.207 [10] InfectedArmy
 3:05:52.207   Primary Spawner: "Infected", active: yes, repeat: 1
 3:05:52.207 [11] InfectedArmyHard
 3:05:52.207   Primary Spawner: "Infected", active: yes, repeat: 1
 3:05:52.207 [12] InfectedCity
 3:05:52.207   Primary Spawner: "Infected", active: yes, repeat: 1
 3:05:52.207 [13] InfectedFirefighter
 3:05:52.207   Primary Spawner: "Infected", active: yes, repeat: 1
 3:05:52.207 [14] InfectedIndustrial
 3:05:52.207   Primary Spawner: "Infected", active: yes, repeat: 1
 3:05:52.207 [15] InfectedMedic
 3:05:52.207   Primary Spawner: "Infected", active: yes, repeat: 1
 3:05:52.207 [16] InfectedNBC
 3:05:52.207   Primary Spawner: "Infected", active: yes, repeat: 1
 3:05:52.207 [17] InfectedNBCYellow
 3:05:52.207   Primary Spawner: "Infected", active: yes, repeat: 1
 3:05:52.207 [18] InfectedPolice
 3:05:52.207   Primary Spawner: "Infected", active: yes, repeat: 1
 3:05:52.207 [19] InfectedPoliceHard
 3:05:52.207   Primary Spawner: "Infected", active: yes, repeat: 1
 3:05:52.207 [20] InfectedPrisoner
 3:05:52.207   Primary Spawner: "Infected", active: yes, repeat: 1
 3:05:52.207 [21] InfectedReligious
 3:05:52.207   Primary Spawner: "Infected", active: yes, repeat: 1
 3:05:52.207 [22] InfectedSolitude
 3:05:52.207   Primary Spawner: "Infected", active: yes, repeat: 1
 3:05:52.207 [23] InfectedVillage
 3:05:52.207   Primary Spawner: "Infected", active: yes, repeat: 1
 3:05:52.207 [24] Loot
 3:05:52.207   Primary Spawner: "Loot", active: yes, repeat: 2
 3:05:52.207 [25] StaticHeliCrash
 3:05:52.207   Primary Spawner: "Static", active: yes, repeat: 1
 3:05:52.207   Secondary Spawner: "Infected", active: yes, repeat: 1
 3:05:52.208 [26] StaticPoliceCar
 3:05:52.208   Primary Spawner: "Static", active: yes, repeat: 1
 3:05:52.208   Secondary Spawner: "Infected", active: yes, repeat: 1
 3:05:52.208 [27] TrajectoryApple
 3:05:52.208   Primary Spawner: "Trajectory", active: yes, repeat: 1
 3:05:52.209 [28] TrajectoryConiferous
 3:05:52.209   Primary Spawner: "Trajectory", active: yes, repeat: 1
 3:05:52.209 [29] TrajectoryDeciduous
 3:05:52.209   Primary Spawner: "Trajectory", active: yes, repeat: 1
 3:05:52.209 [30] TrajectoryHumus
 3:05:52.209   Primary Spawner: "Trajectory", active: yes, repeat: 1
 3:05:52.209 [31] TrajectoryPear
 3:05:52.209   Primary Spawner: "Trajectory", active: yes, repeat: 1
 3:05:52.209 [32] TrajectoryPlum
 3:05:52.209   Primary Spawner: "Trajectory", active: yes, repeat: 1
 3:05:52.209 [CE][Hive] :: Initializing of spawners done.
 3:05:52.213 [CE][Hive] :: Init sequence finished.
 3:05:52.213 Player connect enabled
 3:06:14.452 [CE][LootRespawner] (PRIDummy) :: Item [0] causing search overtime: "HipPack_Party"
 3:06:14.550 [CE][LootRespawner] (PRIDummy) :: Item [1] causing search overtime: "STAG_Clothing_MountainBag"
 3:06:14.688 [CE][LootRespawner] (PRIDummy) :: Item [0] is hard to place, performance drops: "STAG_Clothing_PlateCarrier"
 3:06:14.688 [CE][LootRespawner] (PRIDummy) :: Item [1] is hard to place, performance drops: "STAG_Clothing_PlateCarrier"
 3:06:14.688 [CE][LootRespawner] (PRIDummy) :: Item [2] is hard to place, performance drops: "STAG_Clothing_PlateCarrier"
 3:06:14.688 [CE][LootRespawner] (PRIDummy) :: Item [3] is hard to place, performance drops: "STAG_Clothing_PlateCarrier"
 3:06:14.688 [CE][LootRespawner] (PRIDummy) :: Item [4] is hard to place, performance drops: "STAG_Clothing_PlateCarrier"
 3:06:14.688 [CE][LootRespawner] (PRIDummy) :: Item [5] is hard to place, performance drops: "STAG_Clothing_PlateCarrier"
 3:06:14.688 [CE][LootRespawner] (PRIDummy) :: Item [6] is hard to place, performance drops: "STAG_Clothing_PlateCarrier"
 3:06:14.688 [CE][LootRespawner] (PRIDummy) :: Item [7] is hard to place, performance drops: "STAG_Clothing_PlateCarrier"
 3:06:14.688 [CE][LootRespawner] (PRIDummy) :: Item [2] causing search overtime: "STAG_Clothing_PlateCarrier"
 3:06:14.786 [CE][LootRespawner] (PRIDummy) :: Item [8] is hard to place, performance drops: "STAG_Clothing_Cargo_Pants"
 3:06:14.786 [CE][LootRespawner] (PRIDummy) :: Item [9] is hard to place, performance drops: "STAG_Clothing_Cargo_Pants"
 3:06:14.786 [CE][LootRespawner] (PRIDummy) :: Item [10] is hard to place, performance drops: "STAG_Clothing_Cargo_Pants"
 3:06:14.787 [CE][LootRespawner] (PRIDummy) :: Item [11] is hard to place, performance drops: "STAG_Clothing_Cargo_Pants"
 3:06:14.787 [CE][LootRespawner] (PRIDummy) :: Item [12] is hard to place, performance drops: "STAG_Clothing_Cargo_Pants"
 3:06:14.787 [CE][LootRespawner] (PRIDummy) :: Item [13] is hard to place, performance drops: "STAG_Clothing_Cargo_Pants"
 3:06:14.787 [CE][LootRespawner] (PRIDummy) :: Item [14] is hard to place, performance drops: "STAG_Clothing_Cargo_Pants"
 3:06:14.787 [CE][LootRespawner] (PRIDummy) :: Item [15] is hard to place, performance drops: "STAG_Clothing_Cargo_Pants"
 3:06:14.787 [CE][LootRespawner] (PRIDummy) :: Item [16] is hard to place, performance drops: "STAG_Clothing_Cargo_Pants"
 3:06:14.787 [CE][LootRespawner] (PRIDummy) :: Item [3] causing search overtime: "STAG_Clothing_Cargo_Pants"
 3:06:14.908 [CE][LootRespawner] (PRIDummy) :: Item [17] is hard to place, performance drops: "STAG_Clothing_M65_Jacket"
 3:06:14.908 [CE][LootRespawner] (PRIDummy) :: Item [18] is hard to place, performance drops: "STAG_Clothing_M65_Jacket"
 3:06:14.908 [CE][LootRespawner] (PRIDummy) :: Item [19] is hard to place, performance drops: "STAG_Clothing_M65_Jacket"
 3:06:14.908 [CE][LootRespawner] (PRIDummy) :: Item [20] is hard to place, performance drops: "STAG_Clothing_M65_Jacket"
 3:06:14.908 [CE][LootRespawner] (PRIDummy) :: Item [21] is hard to place, performance drops: "STAG_Clothing_M65_Jacket"
 3:06:14.908 [CE][LootRespawner] (PRIDummy) :: Item [22] is hard to place, performance drops: "STAG_Clothing_M65_Jacket"
 3:06:14.908 [CE][LootRespawner] (PRIDummy) :: Item [23] is hard to place, performance drops: "STAG_Clothing_M65_Jacket"
 3:06:14.908 [CE][LootRespawner] (PRIDummy) :: Item [24] is hard to place, performance drops: "STAG_Clothing_M65_Jacket"
 3:06:14.908 [CE][LootRespawner] (PRIDummy) :: Item [4] causing search overtime: "STAG_Clothing_M65_Jacket"
 3:06:15.05 [CE][LootRespawner] (PRIDummy) :: Item [5] causing search overtime: "MimeMask_Female"
 3:06:15.106 [CE][LootRespawner] (PRIDummy) :: Item [6] causing search overtime: "EyeMask_Black"
 3:06:15.243 [CE][LootRespawner] (PRIDummy) :: Item [25] is hard to place, performance drops: "SA_Loot_Chest_Red"
 3:06:15.243 [CE][LootRespawner] (PRIDummy) :: Item [26] is hard to place, performance drops: "SA_Loot_Chest_Red"
 3:06:15.243 [CE][LootRespawner] (PRIDummy) :: Item [27] is hard to place, performance drops: "SA_Loot_Chest_Red"
 3:06:15.243 [CE][LootRespawner] (PRIDummy) :: Item [28] is hard to place, performance drops: "SA_Loot_Chest_Red"
 3:06:15.243 [CE][LootRespawner] (PRIDummy) :: Item [29] is hard to place, performance drops: "SA_Loot_Chest_Red"
 3:06:15.243 [CE][LootRespawner] (PRIDummy) :: Item [30] is hard to place, performance drops: "SA_Loot_Chest_Red"
 3:06:15.243 [CE][LootRespawner] (PRIDummy) :: Item [31] is hard to place, performance drops: "SA_Loot_Chest_Red"
 3:06:15.243 [CE][LootRespawner] (PRIDummy) :: Item [7] causing search overtime: "SA_Loot_Chest_Red"
 3:06:15.339 [CE][LootRespawner] (PRIDummy) :: Item [8] causing search overtime: "EyeMask_Yellow"
 3:06:15.452 [CE][LootRespawner] (PRIDummy) :: Item [9] causing search overtime: "MimeMask_Male"
 3:06:15.551 [CE][LootRespawner] (PRIDummy) :: Item [10] causing search overtime: "EyeMask_Blue"
 3:06:15.651 [CE][LootRespawner] (PRIDummy) :: Item [11] causing search overtime: "EyeMask_Red"
 3:06:15.750 [CE][LootRespawner] (PRIDummy) :: Item [12] causing search overtime: "Chestplate"
 3:06:15.899 [CE][LootRespawner] (PRIDummy) :: Item [13] causing search overtime: "GreatHelm"
 3:06:16.98 [CE][LootRespawner] (PRIDummy) :: Item [14] causing search overtime: "WoolGlovesFingerless_ChristmasBlue"
 3:06:16.195 [CE][LootRespawner] (PRIDummy) :: Item [15] causing search overtime: "Sword"
 3:06:16.395 [CE][LootRespawner] (PRIDummy) :: Item [16] causing search overtime: "Chainmail_Leggings"
 3:06:16.496 [CE][LootRespawner] (PRIDummy) :: Item [17] causing search overtime: "WoolGloves_ChristmasBlue"
 3:06:16.601 !!! [CE][Spawn] Character "ZmbM_PatrolNormal_Flat" at 1752.970581, 5117.104492
 3:06:16.601 !!! [CE][Spawn] Character "ZmbM_SoldierNormal" at 1825.839111, 5096.745605
 3:06:16.602 !!! [CE][Spawn] Character "ZmbM_usSoldier_Officer_Desert" at 1806.477661, 5032.916016
 3:06:16.603 !!! [CE][Spawn] Character "ZmbM_PatrolNormal_Autumn" at 1831.466431, 4952.506348
 3:06:16.603 !!! [CE][Spawn] Character "ZmbM_usSoldier_Officer_Desert" at 1761.632690, 6582.140137
 3:06:16.604 !!! [CE][Spawn] Character "ZmbM_PatrolNormal_Flat" at 1807.154175, 6560.096680
 3:06:16.604 !!! [CE][Spawn] Character "ZmbM_usSoldier_Officer_Desert" at 1853.995483, 6550.144043
 3:06:16.605 !!! [CE][Spawn] Character "ZmbM_usSoldier_Heavy_Woodland" at 1873.829834, 6476.812988
 3:06:16.605 !!! [CE][Spawn] Character "ZmbM_SoldierNormal" at 1797.941406, 6459.251465
 3:06:16.606 !!! [CE][Spawn] Character "ZmbM_usSoldier_Heavy_Woodland" at 1755.612061, 6501.255371
 3:06:16.606 !!! [CE][Spawn] Character "ZmbM_usSoldier_normal_Desert" at 1708.270752, 6561.234863
 3:06:16.606 !!! [CE][Spawn] Character "ZmbM_PatrolNormal_Summer" at 1768.053955, 6624.417480
 3:06:16.607 !!! [CE][Spawn] Character "ZmbM_PatrolNormal_Summer" at 1825.191650, 6516.662598
 3:06:16.607 !!! [CE][Spawn] Character "ZmbM_usSoldier_normal_Desert" at 2576.326416, 5813.742188
 3:06:16.608 !!! [CE][Spawn] Character "ZmbM_usSoldier_Heavy_Woodland" at 2558.172852, 5829.242188
 3:06:16.608 !!! [CE][Spawn] Character "ZmbM_SoldierNormal" at 1610.498047, 2701.815918
 3:06:16.609 !!! [CE][Spawn] Character "ZmbM_PatrolNormal_PautRev" at 1660.558105, 2632.839355
 3:06:16.609 !!! [CE][Spawn] Character "ZmbM_usSoldier_Heavy_Woodland" at 1718.046387, 2613.432861
 3:06:16.609 !!! [CE][Spawn] Character "ZmbM_SoldierNormal" at 1675.651978, 2572.603271
 3:06:16.610 !!! [CE][Spawn] Character "ZmbM_PatrolNormal_Summer" at 1634.098999, 2569.671631
 3:06:16.610 !!! [CE][Spawn] Character "ZmbM_PrisonerSkinny" at 1724.361450, 4714.236328
 3:06:16.611 !!! [CE][Spawn] Character "ZmbM_PrisonerSkinny" at 1707.340454, 4715.579590
 3:06:16.611 !!! [CE][Spawn] Character "ZmbM_PrisonerSkinny" at 1684.599976, 4719.299805
 3:06:16.611 !!! [CE][Spawn] Character "ZmbM_PrisonerSkinny" at 1672.273315, 4750.390137
 3:06:16.612 !!! [CE][Spawn] Character "ZmbM_PrisonerSkinny" at 1705.109131, 4769.040527
 3:06:16.701 !!! [CE][Spawn] Character "ZmbM_PatrolNormal_PautRev" at 6721.611816, 1035.723755
 3:06:16.702 !!! [CE][Spawn] Character "ZmbM_PatrolNormal_Autumn" at 6751.064941, 1051.089722
 3:06:16.702 !!! [CE][Spawn] Character "ZmbM_SoldierNormal" at 6746.073730, 1016.723450
 3:06:16.703 !!! [CE][Spawn] Character "ZmbM_PatrolNormal_Summer" at 6752.166504, 994.457031
 3:06:16.704 !!! [CE][Spawn] Character "ZmbM_PatrolNormal_Flat" at 5167.003906, 6953.697266
 3:06:16.704 !!! [CE][Spawn] Character "ZmbM_PatrolNormal_Autumn" at 5190.291504, 6927.725586
 3:06:16.705 !!! [CE][Spawn] Character "ZmbM_SoldierNormal" at 5221.256836, 6922.367676
 3:06:16.705 !!! [CE][Spawn] Character "ZmbM_PatrolNormal_Autumn" at 5201.504395, 6899.854004
 3:06:16.705 !!! [CE][Spawn] Character "ZmbM_usSoldier_normal_Desert" at 6925.441895, 6316.799805
 3:06:16.705 !!! [CE][Spawn] Character "ZmbM_PatrolNormal_PautRev" at 6953.222656, 6337.775879
 3:06:42.972 [CE][LootRespawner] (PRIDummy) :: Item [18] causing search overtime: "WoolGloves_ChristmasBlue"
 3:06:43.71 [CE][LootRespawner] (PRIDummy) :: Item [19] causing search overtime: "Chainmail_Coif"
 3:06:43.172 [CE][LootRespawner] (PRIDummy) :: Item [20] causing search overtime: "MedievalBoots"
 3:06:43.271 [CE][LootRespawner] (PRIDummy) :: Item [21] causing search overtime: "Mace"
 3:06:43.371 [CE][LootRespawner] (PRIDummy) :: Item [22] causing search overtime: "Chainmail"
 3:06:43.490 [CE][LootRespawner] (PRIDummy) :: Item [23] causing search overtime: "WoolGlovesFingerless_ChristmasRed"
 3:06:43.587 [CE][LootRespawner] (PRIDummy) :: Item [24] causing search overtime: "WoolGloves_ChristmasRed"
 3:06:44.228 [CE][LootRespawner] (PRIDummy) :: Item [32] is hard to place, performance drops: "AKM"
 3:06:44.228 [CE][LootRespawner] (PRIDummy) :: Item [33] is hard to place, performance drops: "AKM"
 3:06:44.228 [CE][LootRespawner] (PRIDummy) :: Item [34] is hard to place, performance drops: "AKM"
 3:06:44.228 [CE][LootRespawner] (PRIDummy) :: Item [35] is hard to place, performance drops: "AKM"
 3:06:44.228 [CE][LootRespawner] (PRIDummy) :: Item [36] is hard to place, performance drops: "AKM"
 3:06:44.228 [CE][LootRespawner] (PRIDummy) :: Item [37] is hard to place, performance drops: "AKM"
 3:06:44.228 [CE][LootRespawner] (PRIDummy) :: Item [38] is hard to place, performance drops: "AKM"
 3:06:44.228 [CE][LootRespawner] (PRIDummy) :: Item [39] is hard to place, performance drops: "AKM"
 3:06:44.228 [CE][LootRespawner] (PRIDummy) :: Item [40] is hard to place, performance drops: "AKM"
 3:06:44.228 [CE][LootRespawner] (PRIDummy) :: Item [41] is hard to place, performance drops: "AKM"
 3:06:44.328 [CE][LootRespawner] (PRIDummy) :: Item [25] causing search overtime: "HipPack_Party"
 3:06:44.637 [CE][LootRespawner] (PRIDummy) :: Item [26] causing search overtime: "STAG_Clothing_MountainBag"
 3:06:45.505 [CE][DE] [StaticPoliceCar] Spawning: EventID:[26] CurrentID:[409] at [1809.5,-1.0,4152.7] a: -1.000
 3:06:45.609 [CE][Links] found 0 total links between groups, of 1
 3:06:45.609 [CE][SpawnRandomLoot] (StaticPoliceCar) :: Type: Land_Wreck_sed01_aban2_police, lootmin: 3, lootmax: 5, wanted: 4, deloot: 6, containermaxsum: 6
 3:06:45.611 [CE][SpawnRandomLoot] (StaticPoliceCar) :: EventID:[26] CurrentID[409] at [1809.52,4152.80]: 4 items added :: DELoot(1) other(3)
 3:06:45.611   3 DELoot not placed because (count >= nominal)
 3:06:45.611 	!!! (child) Land_Wreck_sed01_aban2_police spawns loot or dispatch but can not be saved because of non-saveable StorageCategory.
 3:06:45.611   Infected Zone for DynamicEvent "StaticPoliceCar" ID[409] at [1809.52,4152.80]...
 3:06:45.611 	(child) Spawned Land_Wreck_sed01_aban2_police EventID:[26] CurrentID:[409] at [1809.5,34.3,4152.8] a: 256.771
 3:06:45.611 [CE][DE] [StaticPoliceCar] Spawning: EventID:[26] CurrentID:[410] at [7767.3,-1.0,2295.4] a: -1.000
 3:06:45.611 [CE][Links] found 0 total links between groups, of 2
 3:06:45.611 [CE][SpawnRandomLoot] (StaticPoliceCar) :: Type: Land_Wreck_sed01_aban2_police, lootmin: 3, lootmax: 5, wanted: 4, deloot: 6, containermaxsum: 6
 3:06:45.612 [CE][SpawnRandomLoot] (StaticPoliceCar) :: EventID:[26] CurrentID[410] at [7767.18,2295.42]: 4 items added :: DELoot(3) other(1)
 3:06:45.612   1 DELoot not placed because (count >= nominal)
 3:06:45.612 	!!! (child) Land_Wreck_sed01_aban2_police spawns loot or dispatch but can not be saved because of non-saveable StorageCategory.
 3:06:45.612   Infected Zone for DynamicEvent "StaticPoliceCar" ID[410] at [7767.18,2295.42]...
 3:06:45.612 	(child) Spawned Land_Wreck_sed01_aban2_police EventID:[26] CurrentID:[410] at [7767.2,26.9,2295.4] a: 219.755
 3:06:45.612 [CE][DE] [StaticPoliceCar] Spawning: EventID:[26] CurrentID:[411] at [1809.5,-1.0,4152.7] a: -1.000
 3:06:45.612 	spawn refused... too close to another one.
 3:06:45.612 [CE][DE] [StaticPoliceCar] Spawning: EventID:[26] CurrentID:[411] at [1916.5,-1.0,2878.6] a: -1.000
 3:06:45.613 [CE][Links] found 0 total links between groups, of 3
 3:06:45.613 [CE][SpawnRandomLoot] (StaticPoliceCar) :: Type: Land_Wreck_sed01_aban2_police, lootmin: 3, lootmax: 5, wanted: 4, deloot: 6, containermaxsum: 6
 3:06:45.614 [CE][SpawnRandomLoot] (StaticPoliceCar) :: EventID:[26] CurrentID[411] at [1916.55,2878.48]: 4 items added :: DELoot(2) other(2)
 3:06:45.614   2 DELoot not placed because (count >= nominal)
 3:06:45.614 	!!! (child) Land_Wreck_sed01_aban2_police spawns loot or dispatch but can not be saved because of non-saveable StorageCategory.
 3:06:45.614   Infected Zone for DynamicEvent "StaticPoliceCar" ID[411] at [1916.55,2878.48]...
 3:06:45.614 	(child) Spawned Land_Wreck_sed01_aban2_police EventID:[26] CurrentID:[411] at [1916.6,55.6,2878.5] a: 27.280
 3:06:45.614 [CE][DE] [StaticPoliceCar] Spawning: EventID:[26] CurrentID:[412] at [3875.5,-1.0,1174.8] a: -1.000
 3:06:45.616 [CE][Links] found 0 total links between groups, of 4
 3:06:45.616 [CE][SpawnRandomLoot] (StaticPoliceCar) :: Type: Land_Wreck_sed01_aban2_police, lootmin: 3, lootmax: 5, wanted: 4, deloot: 6, containermaxsum: 6
 3:06:45.617 [CE][SpawnRandomLoot] (StaticPoliceCar) :: EventID:[26] CurrentID[412] at [3875.45,1174.74]: 4 items added :: DELoot(1) other(3)
 3:06:45.617   3 DELoot not placed because (count >= nominal)
 3:06:45.617 	!!! (child) Land_Wreck_sed01_aban2_police spawns loot or dispatch but can not be saved because of non-saveable StorageCategory.
 3:06:45.617   Infected Zone for DynamicEvent "StaticPoliceCar" ID[412] at [3875.45,1174.74]...
 3:06:45.617 	(child) Spawned Land_Wreck_sed01_aban2_police EventID:[26] CurrentID:[412] at [3875.4,55.9,1174.7] a: 79.587
 3:06:45.617 [CE][DE] [StaticPoliceCar] Spawning: EventID:[26] CurrentID:[413] at [2728.1,-1.0,5961.0] a: -1.000
 3:06:45.627 [CE][Links] found 0 total links between groups, of 5
 3:06:45.627 [CE][SpawnRandomLoot] (StaticPoliceCar) :: Type: Land_Wreck_sed01_aban1_police, lootmin: 3, lootmax: 5, wanted: 4, deloot: 6, containermaxsum: 6
 3:06:45.628 [CE][SpawnRandomLoot] (StaticPoliceCar) :: EventID:[26] CurrentID[413] at [2728.02,5960.90]: 4 items added :: DELoot(1) other(3)
 3:06:45.628   3 DELoot not placed because (count >= nominal)
 3:06:45.628 	!!! (child) Land_Wreck_sed01_aban1_police spawns loot or dispatch but can not be saved because of non-saveable StorageCategory.
 3:06:45.628   Infected Zone for DynamicEvent "StaticPoliceCar" ID[413] at [2728.02,5960.90]...
 3:06:45.628 	(child) Spawned Land_Wreck_sed01_aban1_police EventID:[26] CurrentID:[413] at [2728.0,44.7,5960.9] a: 261.724
 3:06:45.628 [CE][DE] [StaticPoliceCar] Spawning: EventID:[26] CurrentID:[414] at [6136.0,-1.0,2174.3] a: -1.000
 3:06:45.634 [CE][Links] found 0 total links between groups, of 6
 3:06:45.634 [CE][SpawnRandomLoot] (StaticPoliceCar) :: Type: Land_Wreck_sed01_aban2_police, lootmin: 3, lootmax: 5, wanted: 3, deloot: 6, containermaxsum: 6
 3:06:45.635 [CE][SpawnRandomLoot] (StaticPoliceCar) :: EventID:[26] CurrentID[414] at [6135.90,2174.28]: 3 items added :: DELoot(0) other(3)
 3:06:45.635   3 DELoot not placed because (count >= nominal)
 3:06:45.635 	!!! (child) Land_Wreck_sed01_aban2_police spawns loot or dispatch but can not be saved because of non-saveable StorageCategory.
 3:06:45.635   Infected Zone for DynamicEvent "StaticPoliceCar" ID[414] at [6135.90,2174.28]...
 3:06:45.635 	(child) Spawned Land_Wreck_sed01_aban2_police EventID:[26] CurrentID:[414] at [6135.9,26.7,2174.3] a: 234.884
 3:06:45.635 [CE][DE] [StaticPoliceCar] Spawning: EventID:[26] CurrentID:[415] at [970.8,-1.0,3104.1] a: -1.000
 3:06:45.635 [CE][DE] [StaticPoliceCar] Spawning: EventID:[26] CurrentID:[415] at [5586.6,-1.0,5099.9] a: -1.000
 3:06:45.635 [CE][DE] [StaticPoliceCar] Spawning: EventID:[26] CurrentID:[415] at [3918.2,-1.0,1342.0] a: -1.000
 3:06:45.635 [CE][DE] [StaticPoliceCar] Spawning: EventID:[26] CurrentID:[415] at [1910.6,-1.0,603.2] a: -1.000
 3:06:45.636 [CE][Links] found 0 total links between groups, of 7
 3:06:45.636 [CE][SpawnRandomLoot] (StaticPoliceCar) :: Type: Land_Wreck_sed01_aban1_police, lootmin: 3, lootmax: 5, wanted: 4, deloot: 6, containermaxsum: 6
 3:06:45.648 [CE][SpawnRandomLoot] (StaticPoliceCar) :: EventID:[26] CurrentID[415] at [1910.60,603.38]: 4 items added :: DELoot(0) other(4)
 3:06:45.648   4 DELoot not placed because (count >= nominal)
 3:06:45.648 	!!! (child) Land_Wreck_sed01_aban1_police spawns loot or dispatch but can not be saved because of non-saveable StorageCategory.
 3:06:45.648   Infected Zone for DynamicEvent "StaticPoliceCar" ID[415] at [1910.60,603.38]...
 3:06:45.648 	(child) Spawned Land_Wreck_sed01_aban1_police EventID:[26] CurrentID:[415] at [1910.6,16.3,603.4] a: 261.955
 3:06:45.648 [CE][DE] [StaticPoliceCar] Spawning: EventID:[26] CurrentID:[416] at [5790.1,-1.0,672.2] a: -1.000
 3:06:45.649 [CE][Links] found 0 total links between groups, of 8
 3:06:45.649 [CE][SpawnRandomLoot] (StaticPoliceCar) :: Type: Land_Wreck_sed01_aban1_police, lootmin: 3, lootmax: 5, wanted: 4, deloot: 6, containermaxsum: 6
 3:06:45.654 [CE][SpawnRandomLoot] (StaticPoliceCar) :: EventID:[26] CurrentID[416] at [5790.02,672.34]: 4 items added :: DELoot(0) other(4)
 3:06:45.654   4 DELoot not placed because (count >= nominal)
 3:06:45.654 	!!! (child) Land_Wreck_sed01_aban1_police spawns loot or dispatch but can not be saved because of non-saveable StorageCategory.
 3:06:45.654   Infected Zone for DynamicEvent "StaticPoliceCar" ID[416] at [5790.02,672.34]...
 3:06:45.654 	(child) Spawned Land_Wreck_sed01_aban1_police EventID:[26] CurrentID:[416] at [5790.0,56.9,672.3] a: 244.431
 3:06:45.654 !!! [CE][Spawn] Character "ZmbM_PrisonerSkinny" at 7781.505371, 2299.924805
 3:06:45.656 !!! [CE][Spawn] Character "ZmbM_PolicemanSpecForce_Heavy" at 7797.253418, 2273.132813
 3:06:45.656 !!! [CE][Spawn] Character "ZmbM_PolicemanSpecForce_Heavy" at 1883.203125, 2863.925293
 3:06:45.656 !!! [CE][Spawn] Character "ZmbM_PolicemanSpecForce_Heavy" at 1889.534668, 2894.347900
 3:06:45.657 !!! [CE][Spawn] Character "ZmbM_PolicemanSpecForce_Heavy" at 3887.165283, 1162.119751
 3:06:45.658 !!! [CE][Spawn] Character "ZmbM_PolicemanSpecForce_Heavy" at 2695.692871, 5973.424316
 3:06:45.659 !!! [CE][Spawn] Character "ZmbM_PolicemanSpecForce_Heavy" at 6118.667969, 2178.399902
 3:06:45.659 !!! [CE][Spawn] Character "ZmbM_PolicemanSpecForce_Heavy" at 1896.918945, 586.928101
 3:06:45.659 !!! [CE][Spawn] Character "ZmbM_PolicemanSpecForce_Heavy" at 5770.417480, 686.662170
 3:06:45.660 !!! [CE][Spawn] Character "ZmbM_PolicemanSpecForce_Heavy" at 5790.128418, 711.040710
 3:07:11.919 [CE][LootRespawner] (PRIDummy) :: Item [42] is hard to place, performance drops: "STAG_Clothing_PlateCarrier"
 3:07:11.919 [CE][LootRespawner] (PRIDummy) :: Item [43] is hard to place, performance drops: "STAG_Clothing_PlateCarrier"
 3:07:11.919 [CE][LootRespawner] (PRIDummy) :: Item [44] is hard to place, performance drops: "STAG_Clothing_PlateCarrier"
 3:07:11.919 [CE][LootRespawner] (PRIDummy) :: Item [45] is hard to place, performance drops: "STAG_Clothing_PlateCarrier"
 3:07:11.919 [CE][LootRespawner] (PRIDummy) :: Item [46] is hard to place, performance drops: "STAG_Clothing_PlateCarrier"
 3:07:11.919 [CE][LootRespawner] (PRIDummy) :: Item [47] is hard to place, performance drops: "STAG_Clothing_PlateCarrier"
 3:07:11.919 [CE][LootRespawner] (PRIDummy) :: Item [48] is hard to place, performance drops: "STAG_Clothing_PlateCarrier"
 3:07:11.919 [CE][LootRespawner] (PRIDummy) :: Item [49] is hard to place, performance drops: "STAG_Clothing_PlateCarrier"
 3:07:11.919 [CE][LootRespawner] (PRIDummy) :: Item [50] is hard to place, performance drops: "STAG_Clothing_PlateCarrier"
 3:07:11.920 [CE][LootRespawner] (PRIDummy) :: Item [27] causing search overtime: "STAG_Clothing_PlateCarrier"
 3:07:12.119 [CE][LootRespawner] (PRIDummy) :: Item [51] is hard to place, performance drops: "STAG_Clothing_M65_Jacket"
 3:07:12.119 [CE][LootRespawner] (PRIDummy) :: Item [52] is hard to place, performance drops: "STAG_Clothing_M65_Jacket"
 3:07:12.119 [CE][LootRespawner] (PRIDummy) :: Item [53] is hard to place, performance drops: "STAG_Clothing_M65_Jacket"
 3:07:12.119 [CE][LootRespawner] (PRIDummy) :: Item [54] is hard to place, performance drops: "STAG_Clothing_M65_Jacket"
 3:07:12.119 [CE][LootRespawner] (PRIDummy) :: Item [55] is hard to place, performance drops: "STAG_Clothing_M65_Jacket"
 3:07:12.119 [CE][LootRespawner] (PRIDummy) :: Item [56] is hard to place, performance drops: "STAG_Clothing_M65_Jacket"
 3:07:12.119 [CE][LootRespawner] (PRIDummy) :: Item [57] is hard to place, performance drops: "STAG_Clothing_M65_Jacket"
 3:07:12.119 [CE][LootRespawner] (PRIDummy) :: Item [58] is hard to place, performance drops: "STAG_Clothing_M65_Jacket"
 3:07:12.119 [CE][LootRespawner] (PRIDummy) :: Item [59] is hard to place, performance drops: "STAG_Clothing_M65_Jacket"
 3:07:12.119 [CE][LootRespawner] (PRIDummy) :: Item [28] causing search overtime: "STAG_Clothing_M65_Jacket"
 3:07:12.419 !!! [CE][Spawn] Character "ZmbM_PolicemanSpecForce_Heavy" at 1822.381836, 4135.059082
 3:07:21.700 [IdleMode] Entering IN - save processed
 3:07:39.797 [Login]: Adding player LEE (129133549) to login queue at position 0
 3:07:39.797 [LoginMachine]: Add player LEE (129133549 192.168.1.4:55989)
 3:07:39.797 [StateMachine]: Player LEE (dpnid 129133549 uid ) Entering AuthPlayerLoginState
 3:07:40.989 [StateMachine]: Player LEE (dpnid 129133549 uid ) State Error (AuthPlayerLoginState)
 3:07:40.989 Player Unknown (129133549) kicked from server: 146 (Client has a more recent version. Please wait until server updates. (TerjeCompatibilityVPP (PBO: )))
 3:07:40.989 [StateMachine]: Kick player LEE (dpnid 129133549 uid ) State AuthPlayerLoginState
 3:07:40.994 [Disconnect]: Client 129133549 early disconnect
 3:07:40.994 [Disconnect]: No identity -> remove player info 129133549 
 3:07:40.994 [Disconnect]: DisconnectPlayerFinish 129133549
 3:07:40.994 [Disconnect]: Remove player info 129133549
 3:07:40.994 [Disconnect]: Player destroy 129133549 
 3:08:46.459  --- Termination successfully completed --- 
