=====================================================================
== G:\SteamLibrary\steamapps\common\DayZServer\DayZServer_x64.exe
== G:\SteamLibrary\steamapps\common\DayZServer\DayZServer_x64.exe -config=serverDZ.cfg "-mod=@AICFireplaceIndoor;@AimSounds;@AI War Zones;@Alteria;@AmmoStacks;@Basic Ear Plugs;@BetterSuppressors;@BoomLays Craftables;@CarVanillaPlus;@CF;@Code Lock;@Combinable RepairKits;@Coupled Mag Vanilla;@Dabs Framework;@DayZ-Dynamic-AI-Addon;@DayZ-Expansion-AI;@DayZ-Expansion-Core;@Forward Operator Gear;@GoreZ;@GSC Gameworld Assets;@InventoryInCar;@Inventory Move Sounds;@JunkYardDog;@LoftDModGR Clothes Pack;@LoftD_old_size;@Loot Barrel Transfer;@MagazineLoading;@More Durable Weapons;@Mounts Sights;@Nomadbackpack;@pvez test;@RaG_BaseItems;@RaG_Immersive_Vehicles;@RaG_Immersive_Wells;@Realistic Display Quantity;@RUSForma_vehicles;@SearchInventory;@SimpleLootChests;@StaminaRevised;@TerjeCompatibilityVPP;@TerjeCore;@Terje for FOG v2;@TerjeMedicine;@TerjePartyMod;@TerjeSkills;@TerjeSleepingBagAttach;@TerjeStartScreen;@Utopia Airdrop;@VPPAdminTools;@WindstridesClothingPack;@Utopia Animated Heli Crashs;@RaG_BaseBuilding;@No Build Zones;@Vanilla Suppressor Plus;@Harks Blood Plague;@HP Crafter Workbench;@Knock Knock Zombies;@GarbageSearch;@TWOC_CombineItems;@FC_Fish_Equip;@CookZ;@Territory Plus;@CBD Loot Rooms;@Ammo Making;@InediaTerjeCompatibility;@InediaInfectedAI;" -profiles=profiles
=====================================================================
Exe timestamp: 2025/08/07 20:07:14
Current time:  2025/08/30 03:10:34
Version 1.28.160123
=====================================================================

 3:10:34.934 [Inputs] Loading inputs default "bin/constants.xml"
 3:10:34.951 [Inputs] Loading inputs default "bin/specific.xml"
 3:10:34.951 [Inputs] Loading inputs default "EarPlugs\data\inputs.xml"
 3:10:34.951 [Inputs] Loading inputs default "InventoryMoveSounds/Scripts/Data/Inputs.xml"
 3:10:34.951 [Inputs] Loading inputs default "PVEZ/data/inputs.xml"
 3:10:34.952 [Inputs] Loading inputs default "SearchInventory/Scripts/Data/inputs.xml"
 3:10:34.952 [Inputs] Loading inputs default "VPPAdminTools/data/modded_Inputs.xml"
 3:10:34.967 [Inputs] Loading inputs default "WindstrideClothing/Inputs.xml"
 3:10:34.980 !!! [Inputs] Cannot load inputs default "", file does not exist
 3:10:34.980 !!! [Inputs] Failed to load MODDED inputs - file name/ path invalid?
 3:10:34.980 [Inputs] Loading inputs default "FOG_MOD/Scripts/Data/inputs.xml"
 3:10:34.980 [Inputs] Loading inputs default "rag/rag_immersive_vehicles/scripts/4_world/rag_immersive_vehicles/actions/inputs/inputs.xml"
 3:10:34.980 [Inputs] Loading inputs default "RaG_BaseBuilding/Data/inputs/Inputs.xml"
 3:10:34.993 [Inputs] Loading inputs default "DayZExpansion/AI/Scripts/inputs.xml"
 3:10:34.993 [Inputs] Loading inputs cfg "profiles\Users\Survivor\Server.core.xml"
 3:10:34.993 !!! [Inputs] Cannot read inputs cfg "profiles\Users\Survivor\Server.core.xml", parser error
 3:10:34.993 [Inputs] Loading inputs cfg "bin/core.xml"
 3:10:34.993 !!! [Inputs] Cannot load input preset "#STR_USER", file does not exist
 3:10:34.995 [Inputs] Exporting inputs cfg "profiles\Users\Survivor\Server.core.xml"
 3:11:07.109 Hostname of server: "[AU]Project Genesis|Alteria|PVE|AI|Skills|Hardcore Survival"
 3:13:00.349 [CE][Hive] :: Initializing OFFLINE
 3:13:00.349 [StorageDirs] :: Selected storage directory: G:\SteamLibrary\steamapps\common\DayZServer\mpmissions\empty.alteria\storage_380881\
 3:13:00.349 [CE][Hive] :: Loading core data ... 
 3:13:00.360 [CE][CoreData] :: 7 root classes, 19 defaults, 0 updaters...
 3:13:26.471 [CE] :: WARNING :: Preset (attachments) with name 'SantaHat' was not found.
 3:13:26.471 [CE] :: WARNING :: Preset (cargo) with name 'optics' was not found.
 3:13:26.471 [CE] :: WARNING :: Preset (cargo) with name 'optics' was not found.
 3:13:26.471 [CE][TypeSetup] :: 496 classes setuped...
 3:13:26.500 [CE][TypeSetup] :: 117 classes setuped...
 3:13:31.595 [CE][RegisterBind] :: 0 classes binded...
 3:13:31.595 [CE][RegisterConfig] :: 20306 config classes registered, 0 sub-counters...
 3:13:31.595 [CE][Hive] :: Loading map data ... 
 3:13:31.596 [CE][IgnoreList] "cfgignorelist.xml" :: loaded 1 types
 3:13:31.664 [CE][LoadPrototype] :: loaded 573 prototypes
 3:13:31.664   1113 containers, 11353 points
 3:13:31.664   43 dispatches, 188 proxies
 3:13:31.664 !!! [CE][LoadPrototype] 43 groups have no points...
 3:13:31.664 !!! [CE][LoadPrototype] 3 groups have wrong points...
 3:13:31.664 [CE][LoadPrototype] :: last group name: Land_Jupiter_Building_5...
 3:13:31.685 [CE][LoadPrototype] :: loaded 0 prototypes
 3:13:31.685   55 containers, 232 points
 3:13:31.685   0 dispatches, 0 proxies
 3:13:31.685 [CE][LoadPrototype] :: last group name: Rail9...
 3:13:32.81 [CE][LoadMap] "Group" :: loaded 5607 groups, groups failed: 0, largest group range: 34.1
 3:13:32.83 [CE][LoadMap] "Dirt" :: loaded 0 groups, groups failed: 0, largest group range: 34.1
 3:13:32.170 [CE][Links] found 1048 total links between groups, of 5607
 3:13:32.170 [CE][LoadClusters] "Cluster" :: Loading files...
 3:13:32.306 [CE][LoadClusters] :: file: "mapgroupcluster.xml", 9 types, 36307 instances
 3:13:32.325 [CE][Storage] ver:21 stamp:1885, valid:yes, name:"G:\SteamLibrary\steamapps\common\DayZServer\mpmissions\empty.alteria\storage_380881\data\types.bin"
 3:13:32.338 [CE][Storage] ver:21 stamp:1866, valid:yes, name:"G:\SteamLibrary\steamapps\common\DayZServer\mpmissions\empty.alteria\storage_380881\data\types.001"
 3:13:32.350 [CE][Storage] ver:21 stamp:1867, valid:yes, name:"G:\SteamLibrary\steamapps\common\DayZServer\mpmissions\empty.alteria\storage_380881\data\types.002"
 3:13:32.350 [CE][Storage] Restoring file "G:\SteamLibrary\steamapps\common\DayZServer\mpmissions\empty.alteria\storage_380881\data\types.bin".
 3:13:32.945 !!! [CE][offlineDB] :: No Shutdown message present.
 3:13:32.961 [CE][offlineDB] :: Loaded 33 dynamic events 207 total types.
 3:13:32.999 !!! [CE] :: Unknown usage: 'Special'.
 3:13:33.30 !!! [CE] :: Unknown value: 'Tier7'.
 3:13:33.30 !!! [CE] :: Unknown value: 'Tier8'.
 3:13:33.30 !!! [CE] :: Unknown value: 'Tier9'.
 3:13:33.30 !!! [CE] :: Unknown value: 'Tier7'.
 3:13:33.30 !!! [CE] :: Unknown value: 'Tier8'.
 3:13:33.30 !!! [CE] :: Unknown value: 'Tier9'.
 3:13:33.30 !!! [CE] :: Unknown value: 'Tier7'.
 3:13:33.30 !!! [CE] :: Unknown value: 'Tier8'.
 3:13:33.30 !!! [CE] :: Unknown value: 'Tier9'.
 3:13:33.30 !!! [CE] :: Unknown value: 'Tier7'.
 3:13:33.30 !!! [CE] :: Unknown value: 'Tier8'.
 3:13:33.30 !!! [CE] :: Unknown value: 'Tier9'.
 3:13:33.30 !!! [CE] :: Unknown value: 'Tier7'.
 3:13:33.30 !!! [CE] :: Unknown value: 'Tier8'.
 3:13:33.30 !!! [CE] :: Unknown value: 'Tier9'.
 3:13:33.30 !!! [CE] :: Unknown value: 'Tier7'.
 3:13:33.30 !!! [CE] :: Unknown value: 'Tier8'.
 3:13:33.30 !!! [CE] :: Unknown value: 'Tier9'.
 3:13:33.30 !!! [CE] :: Unknown value: 'Tier7'.
 3:13:33.30 !!! [CE] :: Unknown value: 'Tier8'.
 3:13:33.30 !!! [CE] :: Unknown value: 'Tier9'.
 3:13:33.30 !!! [CE] :: Unknown value: 'Tier7'.
 3:13:33.30 !!! [CE] :: Unknown value: 'Tier8'.
 3:13:33.30 !!! [CE] :: Unknown value: 'Tier9'.
 3:13:33.30 !!! [CE] :: Unknown value: 'Tier7'.
 3:13:33.30 !!! [CE] :: Unknown value: 'Tier8'.
 3:13:33.30 !!! [CE] :: Unknown value: 'Tier9'.
 3:13:33.30 !!! [CE] :: Unknown value: 'Tier7'.
 3:13:33.30 !!! [CE] :: Unknown value: 'Tier8'.
 3:13:33.30 !!! [CE] :: Unknown value: 'Tier9'.
 3:13:33.30 !!! [CE] :: Unknown value: 'Tier7'.
 3:13:33.30 !!! [CE] :: Unknown value: 'Tier8'.
 3:13:33.30 !!! [CE] :: Unknown value: 'Tier9'.
 3:13:33.30 !!! [CE] :: Unknown value: 'Tier7'.
 3:13:33.30 !!! [CE] :: Unknown value: 'Tier8'.
 3:13:33.30 !!! [CE] :: Unknown value: 'Tier9'.
 3:13:33.30 !!! [CE] :: Unknown value: 'Tier7'.
 3:13:33.30 !!! [CE] :: Unknown value: 'Tier8'.
 3:13:33.30 !!! [CE] :: Unknown value: 'Tier9'.
 3:13:33.30 !!! [CE] :: Unknown value: 'Tier7'.
 3:13:33.30 !!! [CE] :: Unknown value: 'Tier8'.
 3:13:33.30 !!! [CE] :: Unknown value: 'Tier9'.
 3:13:33.30 !!! [CE] :: Unknown value: 'Tier7'.
 3:13:33.30 !!! [CE] :: Unknown value: 'Tier8'.
 3:13:33.30 !!! [CE] :: Unknown value: 'Tier9'.
 3:13:33.30 !!! [CE] :: Unknown value: 'Tier7'.
 3:13:33.30 !!! [CE] :: Unknown value: 'Tier8'.
 3:13:33.30 !!! [CE] :: Unknown value: 'Tier9'.
 3:13:33.30 !!! [CE] :: Unknown value: 'Tier7'.
 3:13:33.30 !!! [CE] :: Unknown value: 'Tier8'.
 3:13:33.31 !!! [CE] :: Unknown value: 'Tier9'.
 3:13:33.31 !!! [CE] :: Unknown value: 'Tier7'.
 3:13:33.31 !!! [CE] :: Unknown value: 'Tier8'.
 3:13:33.31 !!! [CE] :: Unknown value: 'Tier9'.
 3:13:33.31 !!! [CE] :: Unknown value: 'Tier7'.
 3:13:33.31 !!! [CE] :: Unknown value: 'Tier8'.
 3:13:33.31 !!! [CE] :: Unknown value: 'Tier9'.
 3:13:33.31 !!! [CE] :: Unknown value: 'Tier7'.
 3:13:33.31 !!! [CE] :: Unknown value: 'Tier8'.
 3:13:33.31 !!! [CE] :: Unknown value: 'Tier9'.
 3:13:33.31 !!! [CE] :: Unknown value: 'Tier7'.
 3:13:33.31 !!! [CE] :: Unknown value: 'Tier8'.
 3:13:33.31 !!! [CE] :: Unknown value: 'Tier9'.
 3:13:33.31 !!! [CE] :: Unknown value: 'Tier7'.
 3:13:33.31 !!! [CE] :: Unknown value: 'Tier8'.
 3:13:33.31 !!! [CE] :: Unknown value: 'Tier9'.
 3:13:33.31 !!! [CE] :: Unknown value: 'Tier7'.
 3:13:33.31 !!! [CE] :: Unknown value: 'Tier8'.
 3:13:33.31 !!! [CE] :: Unknown value: 'Tier9'.
 3:13:33.31 !!! [CE] :: Unknown value: 'Tier7'.
 3:13:33.31 !!! [CE] :: Unknown value: 'Tier8'.
 3:13:33.31 !!! [CE] :: Unknown value: 'Tier9'.
 3:13:33.31 !!! [CE] :: Unknown value: 'Tier7'.
 3:13:33.31 !!! [CE] :: Unknown value: 'Tier8'.
 3:13:33.31 !!! [CE] :: Unknown value: 'Tier9'.
 3:13:33.31 !!! [CE] :: Unknown value: 'Tier7'.
 3:13:33.31 !!! [CE] :: Unknown value: 'Tier8'.
 3:13:33.31 !!! [CE] :: Unknown value: 'Tier9'.
 3:13:33.31 !!! [CE] :: Unknown value: 'Tier7'.
 3:13:33.31 !!! [CE] :: Unknown value: 'Tier8'.
 3:13:33.31 !!! [CE] :: Unknown value: 'Tier9'.
 3:13:33.31 !!! [CE] :: Unknown value: 'Tier7'.
 3:13:33.31 !!! [CE] :: Unknown value: 'Tier8'.
 3:13:33.31 !!! [CE] :: Unknown value: 'Tier9'.
 3:13:33.31 !!! [CE] :: Unknown value: 'Tier7'.
 3:13:33.31 !!! [CE] :: Unknown value: 'Tier8'.
 3:13:33.31 !!! [CE] :: Unknown value: 'Tier9'.
 3:13:33.31 !!! [CE] :: Unknown value: 'Tier7'.
 3:13:33.31 !!! [CE] :: Unknown value: 'Tier8'.
 3:13:33.31 !!! [CE] :: Unknown value: 'Tier9'.
 3:13:33.31 !!! [CE] :: Unknown value: 'Tier7'.
 3:13:33.31 !!! [CE] :: Unknown value: 'Tier8'.
 3:13:33.31 !!! [CE] :: Unknown value: 'Tier9'.
 3:13:33.31 !!! [CE] :: Unknown value: 'Tier7'.
 3:13:33.31 !!! [CE] :: Unknown value: 'Tier8'.
 3:13:33.31 !!! [CE] :: Unknown value: 'Tier9'.
 3:13:33.31 !!! [CE] :: Unknown value: 'Tier7'.
 3:13:33.31 !!! [CE] :: Unknown value: 'Tier8'.
 3:13:33.31 !!! [CE] :: Unknown value: 'Tier9'.
 3:13:33.31 !!! [CE] :: Unknown value: 'Tier7'.
 3:13:33.31 !!! [CE] :: Unknown value: 'Tier8'.
 3:13:33.31 !!! [CE] :: Unknown value: 'Tier9'.
 3:13:33.31 !!! [CE] :: Unknown value: 'Tier7'.
 3:13:33.31 !!! [CE] :: Unknown value: 'Tier8'.
 3:13:33.31 !!! [CE] :: Unknown value: 'Tier9'.
 3:13:33.31 !!! [CE] :: Unknown value: 'Tier7'.
 3:13:33.31 !!! [CE] :: Unknown value: 'Tier8'.
 3:13:33.31 !!! [CE] :: Unknown value: 'Tier9'.
 3:13:33.31 !!! [CE] :: Unknown value: 'Tier7'.
 3:13:33.31 !!! [CE] :: Unknown value: 'Tier8'.
 3:13:33.31 !!! [CE] :: Unknown value: 'Tier9'.
 3:13:33.31 !!! [CE] :: Unknown value: 'Tier7'.
 3:13:33.31 !!! [CE] :: Unknown value: 'Tier8'.
 3:13:33.31 !!! [CE] :: Unknown value: 'Tier9'.
 3:13:33.31 !!! [CE] :: Unknown value: 'Tier7'.
 3:13:33.31 !!! [CE] :: Unknown value: 'Tier8'.
 3:13:33.31 !!! [CE] :: Unknown value: 'Tier9'.
 3:13:33.31 !!! [CE] :: Unknown value: 'Tier7'.
 3:13:33.31 !!! [CE] :: Unknown value: 'Tier8'.
 3:13:33.31 !!! [CE] :: Unknown value: 'Tier9'.
 3:13:33.31 !!! [CE] :: Unknown value: 'Tier7'.
 3:13:33.31 !!! [CE] :: Unknown value: 'Tier8'.
 3:13:33.31 !!! [CE] :: Unknown value: 'Tier9'.
 3:13:33.31 !!! [CE] :: Unknown value: 'Tier7'.
 3:13:33.31 !!! [CE] :: Unknown value: 'Tier8'.
 3:13:33.31 !!! [CE] :: Unknown value: 'Tier9'.
 3:13:33.31 !!! [CE] :: Unknown value: 'Tier7'.
 3:13:33.31 !!! [CE] :: Unknown value: 'Tier8'.
 3:13:33.31 !!! [CE] :: Unknown value: 'Tier9'.
 3:13:33.31 !!! [CE] :: Unknown value: 'Tier7'.
 3:13:33.31 !!! [CE] :: Unknown value: 'Tier8'.
 3:13:33.31 !!! [CE] :: Unknown value: 'Tier9'.
 3:13:33.31 !!! [CE] :: Unknown value: 'Tier7'.
 3:13:33.31 !!! [CE] :: Unknown value: 'Tier8'.
 3:13:33.31 !!! [CE] :: Unknown value: 'Tier9'.
 3:13:33.31 !!! [CE] :: Unknown value: 'Tier7'.
 3:13:33.31 !!! [CE] :: Unknown value: 'Tier8'.
 3:13:33.31 !!! [CE] :: Unknown value: 'Tier9'.
 3:13:33.31 !!! [CE] :: Unknown value: 'Tier7'.
 3:13:33.31 !!! [CE] :: Unknown value: 'Tier8'.
 3:13:33.31 !!! [CE] :: Unknown value: 'Tier9'.
 3:13:33.31 !!! [CE] :: Unknown value: 'Tier7'.
 3:13:33.31 !!! [CE] :: Unknown value: 'Tier8'.
 3:13:33.31 !!! [CE] :: Unknown value: 'Tier9'.
 3:13:33.31 !!! [CE] :: Unknown value: 'Tier7'.
 3:13:33.31 !!! [CE] :: Unknown value: 'Tier8'.
 3:13:33.31 !!! [CE] :: Unknown value: 'Tier9'.
 3:13:33.31 !!! [CE] :: Unknown value: 'Tier7'.
 3:13:33.31 !!! [CE] :: Unknown value: 'Tier8'.
 3:13:33.31 !!! [CE] :: Unknown value: 'Tier9'.
 3:13:33.31 !!! [CE] :: Unknown value: 'Tier7'.
 3:13:33.31 !!! [CE] :: Unknown value: 'Tier8'.
 3:13:33.31 !!! [CE] :: Unknown value: 'Tier9'.
 3:13:33.31 !!! [CE] :: Unknown value: 'Tier7'.
 3:13:33.31 !!! [CE] :: Unknown value: 'Tier8'.
 3:13:33.31 !!! [CE] :: Unknown value: 'Tier9'.
 3:13:33.31 !!! [CE] :: Unknown value: 'Tier7'.
 3:13:33.31 !!! [CE] :: Unknown value: 'Tier8'.
 3:13:33.31 !!! [CE] :: Unknown value: 'Tier9'.
 3:13:33.31 !!! [CE] :: Unknown value: 'Tier7'.
 3:13:33.31 !!! [CE] :: Unknown value: 'Tier8'.
 3:13:33.31 !!! [CE] :: Unknown value: 'Tier9'.
 3:13:33.31 !!! [CE] :: Unknown value: 'Tier7'.
 3:13:33.31 !!! [CE] :: Unknown value: 'Tier8'.
 3:13:33.31 !!! [CE] :: Unknown value: 'Tier9'.
 3:13:33.31 !!! [CE] :: Unknown value: 'Tier7'.
 3:13:33.31 !!! [CE] :: Unknown value: 'Tier8'.
 3:13:33.31 !!! [CE] :: Unknown value: 'Tier9'.
 3:13:33.31 !!! [CE] :: Unknown value: 'Tier7'.
 3:13:33.31 !!! [CE] :: Unknown value: 'Tier8'.
 3:13:33.31 !!! [CE] :: Unknown value: 'Tier9'.
 3:13:33.31 !!! [CE] :: Unknown value: 'Tier7'.
 3:13:33.31 !!! [CE] :: Unknown value: 'Tier8'.
 3:13:33.31 !!! [CE] :: Unknown value: 'Tier9'.
 3:13:33.31 !!! [CE] :: Unknown value: 'Tier7'.
 3:13:33.31 !!! [CE] :: Unknown value: 'Tier8'.
 3:13:33.31 !!! [CE] :: Unknown value: 'Tier9'.
 3:13:33.31 !!! [CE] :: Unknown value: 'Tier7'.
 3:13:33.31 !!! [CE] :: Unknown value: 'Tier8'.
 3:13:33.31 !!! [CE] :: Unknown value: 'Tier9'.
 3:13:33.31 !!! [CE] :: Unknown value: 'Tier7'.
 3:13:33.31 !!! [CE] :: Unknown value: 'Tier8'.
 3:13:33.31 !!! [CE] :: Unknown value: 'Tier9'.
 3:13:33.31 !!! [CE] :: Unknown value: 'Tier7'.
 3:13:33.31 !!! [CE] :: Unknown value: 'Tier8'.
 3:13:33.31 !!! [CE] :: Unknown value: 'Tier9'.
 3:13:33.31 !!! [CE] :: Unknown value: 'Tier7'.
 3:13:33.31 !!! [CE] :: Unknown value: 'Tier8'.
 3:13:33.31 !!! [CE] :: Unknown value: 'Tier9'.
 3:13:33.31 !!! [CE] :: Unknown value: 'Tier7'.
 3:13:33.31 !!! [CE] :: Unknown value: 'Tier8'.
 3:13:33.31 !!! [CE] :: Unknown value: 'Tier9'.
 3:13:33.31 !!! [CE] :: Unknown value: 'Tier7'.
 3:13:33.31 !!! [CE] :: Unknown value: 'Tier8'.
 3:13:33.31 !!! [CE] :: Unknown value: 'Tier9'.
 3:13:33.31 !!! [CE] :: Unknown value: 'Tier7'.
 3:13:33.31 !!! [CE] :: Unknown value: 'Tier8'.
 3:13:33.31 !!! [CE] :: Unknown value: 'Tier9'.
 3:13:33.31 !!! [CE] :: Unknown value: 'Tier7'.
 3:13:33.31 !!! [CE] :: Unknown value: 'Tier8'.
 3:13:33.31 !!! [CE] :: Unknown value: 'Tier9'.
 3:13:33.31 !!! [CE] :: Unknown value: 'Tier7'.
 3:13:33.31 !!! [CE] :: Unknown value: 'Tier8'.
 3:13:33.31 !!! [CE] :: Unknown value: 'Tier9'.
 3:13:33.31 !!! [CE] :: Unknown value: 'Tier7'.
 3:13:33.31 !!! [CE] :: Unknown value: 'Tier8'.
 3:13:33.31 !!! [CE] :: Unknown value: 'Tier9'.
 3:13:33.31 !!! [CE] :: Unknown value: 'Tier7'.
 3:13:33.31 !!! [CE] :: Unknown value: 'Tier8'.
 3:13:33.31 !!! [CE] :: Unknown value: 'Tier9'.
 3:13:33.31 !!! [CE] :: Unknown value: 'Tier7'.
 3:13:33.31 !!! [CE] :: Unknown value: 'Tier8'.
 3:13:33.31 !!! [CE] :: Unknown value: 'Tier9'.
 3:13:33.31 !!! [CE] :: Unknown value: 'Tier7'.
 3:13:33.31 !!! [CE] :: Unknown value: 'Tier8'.
 3:13:33.31 !!! [CE] :: Unknown value: 'Tier9'.
 3:13:33.31 !!! [CE] :: Unknown value: 'Tier7'.
 3:13:33.31 !!! [CE] :: Unknown value: 'Tier8'.
 3:13:33.31 !!! [CE] :: Unknown value: 'Tier9'.
 3:13:33.31 !!! [CE] :: Unknown value: 'Tier7'.
 3:13:33.31 !!! [CE] :: Unknown value: 'Tier8'.
 3:13:33.31 !!! [CE] :: Unknown value: 'Tier9'.
 3:13:33.31 !!! [CE] :: Unknown value: 'Tier7'.
 3:13:33.31 !!! [CE] :: Unknown value: 'Tier8'.
 3:13:33.31 !!! [CE] :: Unknown value: 'Tier9'.
 3:13:33.31 !!! [CE] :: Unknown value: 'Tier7'.
 3:13:33.31 !!! [CE] :: Unknown value: 'Tier8'.
 3:13:33.31 !!! [CE] :: Unknown value: 'Tier9'.
 3:13:33.31 !!! [CE] :: Unknown value: 'Tier7'.
 3:13:33.31 !!! [CE] :: Unknown value: 'Tier8'.
 3:13:33.31 !!! [CE] :: Unknown value: 'Tier9'.
 3:13:33.31 !!! [CE] :: Unknown value: 'Tier7'.
 3:13:33.31 !!! [CE] :: Unknown value: 'Tier8'.
 3:13:33.31 !!! [CE] :: Unknown value: 'Tier9'.
 3:13:33.31 !!! [CE] :: Unknown value: 'Tier7'.
 3:13:33.31 !!! [CE] :: Unknown value: 'Tier8'.
 3:13:33.31 !!! [CE] :: Unknown value: 'Tier9'.
 3:13:33.31 !!! [CE] :: Unknown value: 'Tier7'.
 3:13:33.31 !!! [CE] :: Unknown value: 'Tier8'.
 3:13:33.31 !!! [CE] :: Unknown value: 'Tier9'.
 3:13:33.31 !!! [CE] :: Unknown value: 'Tier7'.
 3:13:33.31 !!! [CE] :: Unknown value: 'Tier8'.
 3:13:33.31 !!! [CE] :: Unknown value: 'Tier9'.
 3:13:33.31 !!! [CE] :: Unknown value: 'Tier7'.
 3:13:33.31 !!! [CE] :: Unknown value: 'Tier8'.
 3:13:33.31 !!! [CE] :: Unknown value: 'Tier9'.
 3:13:33.31 !!! [CE] :: Unknown value: 'Tier7'.
 3:13:33.31 !!! [CE] :: Unknown value: 'Tier8'.
 3:13:33.31 !!! [CE] :: Unknown value: 'Tier9'.
 3:13:33.31 !!! [CE] :: Unknown value: 'Tier7'.
 3:13:33.31 !!! [CE] :: Unknown value: 'Tier8'.
 3:13:33.31 !!! [CE] :: Unknown value: 'Tier9'.
 3:13:33.31 !!! [CE] :: Unknown value: 'Tier7'.
 3:13:33.31 !!! [CE] :: Unknown value: 'Tier8'.
 3:13:33.31 !!! [CE] :: Unknown value: 'Tier9'.
 3:13:33.31 !!! [CE] :: Unknown value: 'Tier7'.
 3:13:33.31 !!! [CE] :: Unknown value: 'Tier8'.
 3:13:33.31 !!! [CE] :: Unknown value: 'Tier9'.
 3:13:33.31 !!! [CE] :: Unknown value: 'Tier7'.
 3:13:33.31 !!! [CE] :: Unknown value: 'Tier8'.
 3:13:33.31 !!! [CE] :: Unknown value: 'Tier9'.
 3:13:33.31 !!! [CE] :: Unknown value: 'Tier7'.
 3:13:33.31 !!! [CE] :: Unknown value: 'Tier8'.
 3:13:33.31 !!! [CE] :: Unknown value: 'Tier9'.
 3:13:33.31 !!! [CE] :: Unknown value: 'Tier7'.
 3:13:33.31 !!! [CE] :: Unknown value: 'Tier8'.
 3:13:33.31 !!! [CE] :: Unknown value: 'Tier9'.
 3:13:33.31 !!! [CE] :: Unknown value: 'Tier7'.
 3:13:33.31 !!! [CE] :: Unknown value: 'Tier8'.
 3:13:33.31 !!! [CE] :: Unknown value: 'Tier9'.
 3:13:33.31 !!! [CE] :: Unknown value: 'Tier7'.
 3:13:33.31 !!! [CE] :: Unknown value: 'Tier8'.
 3:13:33.31 !!! [CE] :: Unknown value: 'Tier9'.
 3:13:33.31 !!! [CE] :: Unknown value: 'Tier7'.
 3:13:33.31 !!! [CE] :: Unknown value: 'Tier8'.
 3:13:33.31 !!! [CE] :: Unknown value: 'Tier9'.
 3:13:33.31 !!! [CE] :: Unknown value: 'Tier7'.
 3:13:33.31 !!! [CE] :: Unknown value: 'Tier8'.
 3:13:33.31 !!! [CE] :: Unknown value: 'Tier9'.
 3:13:33.31 !!! [CE] :: Unknown value: 'Tier7'.
 3:13:33.31 !!! [CE] :: Unknown value: 'Tier8'.
 3:13:33.31 !!! [CE] :: Unknown value: 'Tier9'.
 3:13:33.31 !!! [CE] :: Unknown value: 'Tier7'.
 3:13:33.31 !!! [CE] :: Unknown value: 'Tier8'.
 3:13:33.31 !!! [CE] :: Unknown value: 'Tier9'.
 3:13:33.32 !!! [CE] :: Unknown value: 'Tier7'.
 3:13:33.32 !!! [CE] :: Unknown value: 'Tier8'.
 3:13:33.32 !!! [CE] :: Unknown value: 'Tier9'.
 3:13:33.32 !!! [CE] :: Unknown value: 'Tier7'.
 3:13:33.32 !!! [CE] :: Unknown value: 'Tier8'.
 3:13:33.32 !!! [CE] :: Unknown value: 'Tier9'.
 3:13:33.32 !!! [CE] :: Unknown value: 'Tier7'.
 3:13:33.32 !!! [CE] :: Unknown value: 'Tier8'.
 3:13:33.32 !!! [CE] :: Unknown value: 'Tier9'.
 3:13:33.32 !!! [CE] :: Unknown value: 'Tier7'.
 3:13:33.32 !!! [CE] :: Unknown value: 'Tier8'.
 3:13:33.32 !!! [CE] :: Unknown value: 'Tier9'.
 3:13:33.32 !!! [CE] :: Unknown value: 'Tier7'.
 3:13:33.32 !!! [CE] :: Unknown value: 'Tier8'.
 3:13:33.32 !!! [CE] :: Unknown value: 'Tier9'.
 3:13:33.32 !!! [CE] :: Unknown value: 'Tier7'.
 3:13:33.32 !!! [CE] :: Unknown value: 'Tier8'.
 3:13:33.32 !!! [CE] :: Unknown value: 'Tier9'.
 3:13:33.32 !!! [CE] :: Unknown value: 'Tier7'.
 3:13:33.32 !!! [CE] :: Unknown value: 'Tier8'.
 3:13:33.32 !!! [CE] :: Unknown value: 'Tier9'.
 3:13:33.32 !!! [CE] :: Unknown value: 'Tier7'.
 3:13:33.32 !!! [CE] :: Unknown value: 'Tier8'.
 3:13:33.32 !!! [CE] :: Unknown value: 'Tier9'.
 3:13:33.32 !!! [CE] :: Unknown value: 'Tier7'.
 3:13:33.32 !!! [CE] :: Unknown value: 'Tier8'.
 3:13:33.32 !!! [CE] :: Unknown value: 'Tier9'.
 3:13:33.32 !!! [CE] :: Unknown value: 'Tier7'.
 3:13:33.32 !!! [CE] :: Unknown value: 'Tier8'.
 3:13:33.32 !!! [CE] :: Unknown value: 'Tier9'.
 3:13:33.32 !!! [CE] :: Unknown value: 'Tier7'.
 3:13:33.32 !!! [CE] :: Unknown value: 'Tier8'.
 3:13:33.32 !!! [CE] :: Unknown value: 'Tier9'.
 3:13:33.32 !!! [CE] :: Unknown value: 'Tier7'.
 3:13:33.32 !!! [CE] :: Unknown value: 'Tier8'.
 3:13:33.32 !!! [CE] :: Unknown value: 'Tier9'.
 3:13:33.32 !!! [CE] :: Unknown value: 'Tier7'.
 3:13:33.32 !!! [CE] :: Unknown value: 'Tier8'.
 3:13:33.32 !!! [CE] :: Unknown value: 'Tier9'.
 3:13:33.32 !!! [CE] :: Unknown value: 'Tier7'.
 3:13:33.32 !!! [CE] :: Unknown value: 'Tier8'.
 3:13:33.32 !!! [CE] :: Unknown value: 'Tier9'.
 3:13:33.32 !!! [CE] :: Unknown value: 'Tier7'.
 3:13:33.32 !!! [CE] :: Unknown value: 'Tier8'.
 3:13:33.32 !!! [CE] :: Unknown value: 'Tier9'.
 3:13:33.32 !!! [CE] :: Unknown value: 'Tier7'.
 3:13:33.32 !!! [CE] :: Unknown value: 'Tier8'.
 3:13:33.32 !!! [CE] :: Unknown value: 'Tier9'.
 3:13:33.32 !!! [CE] :: Unknown value: 'Tier7'.
 3:13:33.32 !!! [CE] :: Unknown value: 'Tier8'.
 3:13:33.32 !!! [CE] :: Unknown value: 'Tier9'.
 3:13:33.32 !!! [CE] :: Unknown value: 'Tier7'.
 3:13:33.32 !!! [CE] :: Unknown value: 'Tier8'.
 3:13:33.32 !!! [CE] :: Unknown value: 'Tier9'.
 3:13:33.32 !!! [CE] :: Unknown value: 'Tier7'.
 3:13:33.32 !!! [CE] :: Unknown value: 'Tier8'.
 3:13:33.32 !!! [CE] :: Unknown value: 'Tier9'.
 3:13:33.32 !!! [CE] :: Unknown value: 'Tier7'.
 3:13:33.32 !!! [CE] :: Unknown value: 'Tier8'.
 3:13:33.32 !!! [CE] :: Unknown value: 'Tier9'.
 3:13:33.32 !!! [CE] :: Unknown value: 'Tier7'.
 3:13:33.32 !!! [CE] :: Unknown value: 'Tier8'.
 3:13:33.32 !!! [CE] :: Unknown value: 'Tier9'.
 3:13:33.32 !!! [CE] :: Unknown value: 'Tier7'.
 3:13:33.32 !!! [CE] :: Unknown value: 'Tier8'.
 3:13:33.32 !!! [CE] :: Unknown value: 'Tier9'.
 3:13:33.32 !!! [CE] :: Unknown value: 'Tier7'.
 3:13:33.32 !!! [CE] :: Unknown value: 'Tier8'.
 3:13:33.32 !!! [CE] :: Unknown value: 'Tier9'.
 3:13:33.32 !!! [CE] :: Unknown value: 'Tier7'.
 3:13:33.32 !!! [CE] :: Unknown value: 'Tier8'.
 3:13:33.32 !!! [CE] :: Unknown value: 'Tier9'.
 3:13:33.32 !!! [CE] :: Unknown value: 'Tier7'.
 3:13:33.32 !!! [CE] :: Unknown value: 'Tier8'.
 3:13:33.32 !!! [CE] :: Unknown value: 'Tier9'.
 3:13:33.32 !!! [CE] :: Unknown value: 'Tier7'.
 3:13:33.32 !!! [CE] :: Unknown value: 'Tier8'.
 3:13:33.32 !!! [CE] :: Unknown value: 'Tier9'.
 3:13:33.32 !!! [CE] :: Unknown value: 'Tier7'.
 3:13:33.32 !!! [CE] :: Unknown value: 'Tier8'.
 3:13:33.32 !!! [CE] :: Unknown value: 'Tier9'.
 3:13:33.32 !!! [CE] :: Unknown value: 'Tier7'.
 3:13:33.32 !!! [CE] :: Unknown value: 'Tier8'.
 3:13:33.32 !!! [CE] :: Unknown value: 'Tier9'.
 3:13:33.32 !!! [CE] :: Unknown value: 'Tier7'.
 3:13:33.32 !!! [CE] :: Unknown value: 'Tier8'.
 3:13:33.32 !!! [CE] :: Unknown value: 'Tier9'.
 3:13:33.32 !!! [CE] :: Unknown value: 'Tier7'.
 3:13:33.32 !!! [CE] :: Unknown value: 'Tier8'.
 3:13:33.32 !!! [CE] :: Unknown value: 'Tier9'.
 3:13:33.32 !!! [CE] :: Unknown value: 'Tier7'.
 3:13:33.32 !!! [CE] :: Unknown value: 'Tier8'.
 3:13:33.32 !!! [CE] :: Unknown value: 'Tier9'.
 3:13:33.32 !!! [CE] :: Unknown value: 'Tier7'.
 3:13:33.32 !!! [CE] :: Unknown value: 'Tier8'.
 3:13:33.32 !!! [CE] :: Unknown value: 'Tier9'.
 3:13:33.32 !!! [CE] :: Unknown value: 'Tier7'.
 3:13:33.32 !!! [CE] :: Unknown value: 'Tier8'.
 3:13:33.32 !!! [CE] :: Unknown value: 'Tier9'.
 3:13:33.32 !!! [CE] :: Unknown value: 'Tier7'.
 3:13:33.32 !!! [CE] :: Unknown value: 'Tier8'.
 3:13:33.32 !!! [CE] :: Unknown value: 'Tier9'.
 3:13:33.32 !!! [CE] :: Unknown value: 'Tier7'.
 3:13:33.32 !!! [CE] :: Unknown value: 'Tier8'.
 3:13:33.32 !!! [CE] :: Unknown value: 'Tier9'.
 3:13:33.32 !!! [CE] :: Unknown value: 'Tier7'.
 3:13:33.32 !!! [CE] :: Unknown value: 'Tier8'.
 3:13:33.32 !!! [CE] :: Unknown value: 'Tier9'.
 3:13:33.32 !!! [CE] :: Unknown value: 'Tier7'.
 3:13:33.32 !!! [CE] :: Unknown value: 'Tier8'.
 3:13:33.32 !!! [CE] :: Unknown value: 'Tier9'.
 3:13:33.32 !!! [CE] :: Unknown value: 'Tier7'.
 3:13:33.32 !!! [CE] :: Unknown value: 'Tier8'.
 3:13:33.32 !!! [CE] :: Unknown value: 'Tier9'.
 3:13:33.32 !!! [CE] :: Unknown value: 'Tier7'.
 3:13:33.32 !!! [CE] :: Unknown value: 'Tier8'.
 3:13:33.32 !!! [CE] :: Unknown value: 'Tier9'.
 3:13:33.32 !!! [CE] :: Unknown value: 'Tier7'.
 3:13:33.32 !!! [CE] :: Unknown value: 'Tier8'.
 3:13:33.32 !!! [CE] :: Unknown value: 'Tier9'.
 3:13:33.32 !!! [CE] :: Unknown value: 'Tier7'.
 3:13:33.32 !!! [CE] :: Unknown value: 'Tier8'.
 3:13:33.32 !!! [CE] :: Unknown value: 'Tier9'.
 3:13:33.32 !!! [CE] :: Unknown value: 'Tier7'.
 3:13:33.32 !!! [CE] :: Unknown value: 'Tier8'.
 3:13:33.32 !!! [CE] :: Unknown value: 'Tier9'.
 3:13:33.32 !!! [CE] :: Unknown value: 'Tier7'.
 3:13:33.32 !!! [CE] :: Unknown value: 'Tier8'.
 3:13:33.32 !!! [CE] :: Unknown value: 'Tier9'.
 3:13:33.32 !!! [CE] :: Unknown value: 'Tier7'.
 3:13:33.32 !!! [CE] :: Unknown value: 'Tier8'.
 3:13:33.32 !!! [CE] :: Unknown value: 'Tier9'.
 3:13:33.32 !!! [CE] :: Unknown value: 'Tier7'.
 3:13:33.32 !!! [CE] :: Unknown value: 'Tier8'.
 3:13:33.32 !!! [CE] :: Unknown value: 'Tier9'.
 3:13:33.32 !!! [CE] :: Unknown value: 'Tier7'.
 3:13:33.32 !!! [CE] :: Unknown value: 'Tier8'.
 3:13:33.32 !!! [CE] :: Unknown value: 'Tier9'.
 3:13:33.32 !!! [CE] :: Unknown value: 'Tier7'.
 3:13:33.32 !!! [CE] :: Unknown value: 'Tier8'.
 3:13:33.32 !!! [CE] :: Unknown value: 'Tier9'.
 3:13:33.32 !!! [CE] :: Unknown value: 'Tier7'.
 3:13:33.32 !!! [CE] :: Unknown value: 'Tier8'.
 3:13:33.32 !!! [CE] :: Unknown value: 'Tier9'.
 3:13:33.32 !!! [CE] :: Unknown value: 'Tier7'.
 3:13:33.32 !!! [CE] :: Unknown value: 'Tier8'.
 3:13:33.32 !!! [CE] :: Unknown value: 'Tier9'.
 3:13:33.32 !!! [CE] :: Unknown value: 'Tier7'.
 3:13:33.32 !!! [CE] :: Unknown value: 'Tier8'.
 3:13:33.32 !!! [CE] :: Unknown value: 'Tier9'.
 3:13:33.32 !!! [CE] :: Unknown value: 'Tier7'.
 3:13:33.32 !!! [CE] :: Unknown value: 'Tier8'.
 3:13:33.32 !!! [CE] :: Unknown value: 'Tier9'.
 3:13:33.32 !!! [CE] :: Unknown value: 'Tier7'.
 3:13:33.32 !!! [CE] :: Unknown value: 'Tier8'.
 3:13:33.32 !!! [CE] :: Unknown value: 'Tier9'.
 3:13:33.32 !!! [CE] :: Unknown value: 'Tier7'.
 3:13:33.32 !!! [CE] :: Unknown value: 'Tier8'.
 3:13:33.32 !!! [CE] :: Unknown value: 'Tier9'.
 3:13:33.32 !!! [CE] :: Unknown value: 'Tier7'.
 3:13:33.32 !!! [CE] :: Unknown value: 'Tier8'.
 3:13:33.32 !!! [CE] :: Unknown value: 'Tier9'.
 3:13:33.32 !!! [CE] :: Unknown value: 'Tier7'.
 3:13:33.32 !!! [CE] :: Unknown value: 'Tier8'.
 3:13:33.32 !!! [CE] :: Unknown value: 'Tier9'.
 3:13:33.32 !!! [CE] :: Unknown value: 'Tier7'.
 3:13:33.32 !!! [CE] :: Unknown value: 'Tier8'.
 3:13:33.32 !!! [CE] :: Unknown value: 'Tier9'.
 3:13:33.32 !!! [CE] :: Unknown value: 'Tier7'.
 3:13:33.32 !!! [CE] :: Unknown value: 'Tier8'.
 3:13:33.32 !!! [CE] :: Unknown value: 'Tier9'.
 3:13:33.32 !!! [CE] :: Unknown value: 'Tier7'.
 3:13:33.32 !!! [CE] :: Unknown value: 'Tier8'.
 3:13:33.32 !!! [CE] :: Unknown value: 'Tier9'.
 3:13:33.32 !!! [CE] :: Unknown value: 'Tier7'.
 3:13:33.32 !!! [CE] :: Unknown value: 'Tier8'.
 3:13:33.32 !!! [CE] :: Unknown value: 'Tier9'.
 3:13:33.32 !!! [CE] :: Unknown value: 'Tier7'.
 3:13:33.32 !!! [CE] :: Unknown value: 'Tier8'.
 3:13:33.32 !!! [CE] :: Unknown value: 'Tier9'.
 3:13:33.32 !!! [CE] :: Unknown value: 'Tier7'.
 3:13:33.32 !!! [CE] :: Unknown value: 'Tier8'.
 3:13:33.32 !!! [CE] :: Unknown value: 'Tier9'.
 3:13:33.32 !!! [CE] :: Unknown value: 'Tier7'.
 3:13:33.32 !!! [CE] :: Unknown value: 'Tier8'.
 3:13:33.32 !!! [CE] :: Unknown value: 'Tier9'.
 3:13:33.32 !!! [CE] :: Unknown value: 'Tier7'.
 3:13:33.32 !!! [CE] :: Unknown value: 'Tier8'.
 3:13:33.32 !!! [CE] :: Unknown value: 'Tier9'.
 3:13:33.32 !!! [CE] :: Unknown value: 'Tier7'.
 3:13:33.32 !!! [CE] :: Unknown value: 'Tier8'.
 3:13:33.32 !!! [CE] :: Unknown value: 'Tier9'.
 3:13:33.32 !!! [CE] :: Unknown value: 'Tier7'.
 3:13:33.32 !!! [CE] :: Unknown value: 'Tier8'.
 3:13:33.32 !!! [CE] :: Unknown value: 'Tier9'.
 3:13:33.32 !!! [CE] :: Unknown value: 'Tier7'.
 3:13:33.32 !!! [CE] :: Unknown value: 'Tier8'.
 3:13:33.32 !!! [CE] :: Unknown value: 'Tier9'.
 3:13:33.32 !!! [CE] :: Unknown value: 'Tier7'.
 3:13:33.32 !!! [CE] :: Unknown value: 'Tier8'.
 3:13:33.32 !!! [CE] :: Unknown value: 'Tier9'.
 3:13:33.32 !!! [CE] :: Unknown value: 'Tier7'.
 3:13:33.32 !!! [CE] :: Unknown value: 'Tier8'.
 3:13:33.32 !!! [CE] :: Unknown value: 'Tier9'.
 3:13:33.32 !!! [CE] :: Unknown value: 'Tier7'.
 3:13:33.32 !!! [CE] :: Unknown value: 'Tier8'.
 3:13:33.32 !!! [CE] :: Unknown value: 'Tier9'.
 3:13:33.32 !!! [CE] :: Unknown value: 'Tier7'.
 3:13:33.32 !!! [CE] :: Unknown value: 'Tier8'.
 3:13:33.32 !!! [CE] :: Unknown value: 'Tier9'.
 3:13:33.32 !!! [CE] :: Unknown value: 'Tier7'.
 3:13:33.32 !!! [CE] :: Unknown value: 'Tier8'.
 3:13:33.32 !!! [CE] :: Unknown value: 'Tier9'.
 3:13:33.32 !!! [CE] :: Unknown value: 'Tier7'.
 3:13:33.32 !!! [CE] :: Unknown value: 'Tier8'.
 3:13:33.32 !!! [CE] :: Unknown value: 'Tier9'.
 3:13:33.32 !!! [CE] :: Unknown value: 'Tier7'.
 3:13:33.32 !!! [CE] :: Unknown value: 'Tier8'.
 3:13:33.32 !!! [CE] :: Unknown value: 'Tier9'.
 3:13:33.32 !!! [CE] :: Unknown value: 'Tier7'.
 3:13:33.32 !!! [CE] :: Unknown value: 'Tier8'.
 3:13:33.32 !!! [CE] :: Unknown value: 'Tier9'.
 3:13:33.32 !!! [CE] :: Unknown value: 'Tier7'.
 3:13:33.32 !!! [CE] :: Unknown value: 'Tier8'.
 3:13:33.32 !!! [CE] :: Unknown value: 'Tier9'.
 3:13:33.32 !!! [CE] :: Unknown value: 'Tier7'.
 3:13:33.32 !!! [CE] :: Unknown value: 'Tier8'.
 3:13:33.32 !!! [CE] :: Unknown value: 'Tier9'.
 3:13:33.32 !!! [CE] :: Unknown value: 'Tier7'.
 3:13:33.32 !!! [CE] :: Unknown value: 'Tier8'.
 3:13:33.32 !!! [CE] :: Unknown value: 'Tier9'.
 3:13:33.32 !!! [CE] :: Unknown value: 'Tier7'.
 3:13:33.32 !!! [CE] :: Unknown value: 'Tier8'.
 3:13:33.32 !!! [CE] :: Unknown value: 'Tier9'.
 3:13:33.32 !!! [CE] :: Unknown value: 'Tier7'.
 3:13:33.32 !!! [CE] :: Unknown value: 'Tier8'.
 3:13:33.32 !!! [CE] :: Unknown value: 'Tier9'.
 3:13:33.32 !!! [CE] :: Unknown value: 'Tier7'.
 3:13:33.32 !!! [CE] :: Unknown value: 'Tier8'.
 3:13:33.32 !!! [CE] :: Unknown value: 'Tier9'.
 3:13:33.32 !!! [CE] :: Unknown value: 'Tier7'.
 3:13:33.32 !!! [CE] :: Unknown value: 'Tier8'.
 3:13:33.32 !!! [CE] :: Unknown value: 'Tier9'.
 3:13:33.32 !!! [CE] :: Unknown value: 'Tier7'.
 3:13:33.32 !!! [CE] :: Unknown value: 'Tier8'.
 3:13:33.32 !!! [CE] :: Unknown value: 'Tier9'.
 3:13:33.32 !!! [CE] :: Unknown value: 'Tier7'.
 3:13:33.32 !!! [CE] :: Unknown value: 'Tier8'.
 3:13:33.32 !!! [CE] :: Unknown value: 'Tier9'.
 3:13:33.32 !!! [CE] :: Unknown value: 'Tier7'.
 3:13:33.32 !!! [CE] :: Unknown value: 'Tier8'.
 3:13:33.32 !!! [CE] :: Unknown value: 'Tier9'.
 3:13:33.32 !!! [CE] :: Unknown value: 'Tier7'.
 3:13:33.32 !!! [CE] :: Unknown value: 'Tier8'.
 3:13:33.32 !!! [CE] :: Unknown value: 'Tier9'.
 3:13:33.32 !!! [CE] :: Unknown value: 'Tier7'.
 3:13:33.32 !!! [CE] :: Unknown value: 'Tier8'.
 3:13:33.32 !!! [CE] :: Unknown value: 'Tier9'.
 3:13:33.32 !!! [CE] :: Unknown value: 'Tier7'.
 3:13:33.32 !!! [CE] :: Unknown value: 'Tier8'.
 3:13:33.32 !!! [CE] :: Unknown value: 'Tier9'.
 3:13:33.32 !!! [CE] :: Unknown value: 'Tier7'.
 3:13:33.32 !!! [CE] :: Unknown value: 'Tier8'.
 3:13:33.32 !!! [CE] :: Unknown value: 'Tier9'.
 3:13:33.32 !!! [CE] :: Unknown value: 'Tier7'.
 3:13:33.32 !!! [CE] :: Unknown value: 'Tier8'.
 3:13:33.32 !!! [CE] :: Unknown value: 'Tier9'.
 3:13:33.32 !!! [CE] :: Unknown value: 'Tier7'.
 3:13:33.32 !!! [CE] :: Unknown value: 'Tier8'.
 3:13:33.32 !!! [CE] :: Unknown value: 'Tier9'.
 3:13:33.32 !!! [CE] :: Unknown value: 'Tier7'.
 3:13:33.32 !!! [CE] :: Unknown value: 'Tier8'.
 3:13:33.32 !!! [CE] :: Unknown value: 'Tier9'.
 3:13:33.32 !!! [CE] :: Unknown value: 'Tier7'.
 3:13:33.32 !!! [CE] :: Unknown value: 'Tier8'.
 3:13:33.32 !!! [CE] :: Unknown value: 'Tier9'.
 3:13:33.32 !!! [CE] :: Unknown value: 'Tier7'.
 3:13:33.32 !!! [CE] :: Unknown value: 'Tier8'.
 3:13:33.32 !!! [CE] :: Unknown value: 'Tier9'.
 3:13:33.32 !!! [CE] :: Unknown value: 'Tier7'.
 3:13:33.32 !!! [CE] :: Unknown value: 'Tier8'.
 3:13:33.32 !!! [CE] :: Unknown value: 'Tier9'.
 3:13:33.32 !!! [CE] :: Unknown value: 'Tier7'.
 3:13:33.32 !!! [CE] :: Unknown value: 'Tier8'.
 3:13:33.32 !!! [CE] :: Unknown value: 'Tier9'.
 3:13:33.32 !!! [CE] :: Unknown value: 'Tier7'.
 3:13:33.32 !!! [CE] :: Unknown value: 'Tier8'.
 3:13:33.32 !!! [CE] :: Unknown value: 'Tier9'.
 3:13:33.32 !!! [CE] :: Unknown value: 'Tier7'.
 3:13:33.32 !!! [CE] :: Unknown value: 'Tier8'.
 3:13:33.32 !!! [CE] :: Unknown value: 'Tier9'.
 3:13:33.32 !!! [CE] :: Unknown value: 'Tier7'.
 3:13:33.32 !!! [CE] :: Unknown value: 'Tier8'.
 3:13:33.32 !!! [CE] :: Unknown value: 'Tier9'.
 3:13:33.32 !!! [CE] :: Unknown value: 'Tier7'.
 3:13:33.32 !!! [CE] :: Unknown value: 'Tier8'.
 3:13:33.32 !!! [CE] :: Unknown value: 'Tier9'.
 3:13:33.32 !!! [CE] :: Unknown value: 'Tier7'.
 3:13:33.32 !!! [CE] :: Unknown value: 'Tier8'.
 3:13:33.32 !!! [CE] :: Unknown value: 'Tier9'.
 3:13:33.32 !!! [CE] :: Unknown value: 'Tier7'.
 3:13:33.32 !!! [CE] :: Unknown value: 'Tier8'.
 3:13:33.32 !!! [CE] :: Unknown value: 'Tier9'.
 3:13:33.32 !!! [CE] :: Unknown value: 'Tier7'.
 3:13:33.32 !!! [CE] :: Unknown value: 'Tier8'.
 3:13:33.32 !!! [CE] :: Unknown value: 'Tier9'.
 3:13:33.32 !!! [CE] :: Unknown value: 'Tier7'.
 3:13:33.32 !!! [CE] :: Unknown value: 'Tier8'.
 3:13:33.32 !!! [CE] :: Unknown value: 'Tier9'.
 3:13:33.32 !!! [CE] :: Unknown value: 'Tier7'.
 3:13:33.32 !!! [CE] :: Unknown value: 'Tier8'.
 3:13:33.32 !!! [CE] :: Unknown value: 'Tier9'.
 3:13:33.32 !!! [CE] :: Unknown value: 'Tier7'.
 3:13:33.32 !!! [CE] :: Unknown value: 'Tier8'.
 3:13:33.32 !!! [CE] :: Unknown value: 'Tier9'.
 3:13:33.32 !!! [CE] :: Unknown value: 'Tier7'.
 3:13:33.32 !!! [CE] :: Unknown value: 'Tier8'.
 3:13:33.32 !!! [CE] :: Unknown value: 'Tier9'.
 3:13:33.32 !!! [CE] :: Unknown value: 'Tier7'.
 3:13:33.32 !!! [CE] :: Unknown value: 'Tier8'.
 3:13:33.32 !!! [CE] :: Unknown value: 'Tier9'.
 3:13:33.32 !!! [CE] :: Unknown value: 'Tier7'.
 3:13:33.32 !!! [CE] :: Unknown value: 'Tier8'.
 3:13:33.32 !!! [CE] :: Unknown value: 'Tier9'.
 3:13:33.32 !!! [CE] :: Unknown value: 'Tier7'.
 3:13:33.32 !!! [CE] :: Unknown value: 'Tier8'.
 3:13:33.32 !!! [CE] :: Unknown value: 'Tier9'.
 3:13:33.32 !!! [CE] :: Unknown value: 'Tier7'.
 3:13:33.32 !!! [CE] :: Unknown value: 'Tier8'.
 3:13:33.32 !!! [CE] :: Unknown value: 'Tier9'.
 3:13:33.32 !!! [CE] :: Unknown value: 'Tier7'.
 3:13:33.32 !!! [CE] :: Unknown value: 'Tier8'.
 3:13:33.32 !!! [CE] :: Unknown value: 'Tier9'.
 3:13:33.32 !!! [CE] :: Unknown value: 'Tier7'.
 3:13:33.32 !!! [CE] :: Unknown value: 'Tier8'.
 3:13:33.32 !!! [CE] :: Unknown value: 'Tier9'.
 3:13:33.32 !!! [CE] :: Unknown value: 'Tier7'.
 3:13:33.32 !!! [CE] :: Unknown value: 'Tier8'.
 3:13:33.32 !!! [CE] :: Unknown value: 'Tier9'.
 3:13:33.32 !!! [CE] :: Unknown value: 'Tier7'.
 3:13:33.32 !!! [CE] :: Unknown value: 'Tier8'.
 3:13:33.32 !!! [CE] :: Unknown value: 'Tier9'.
 3:13:33.32 !!! [CE] :: Unknown value: 'Tier7'.
 3:13:33.32 !!! [CE] :: Unknown value: 'Tier8'.
 3:13:33.32 !!! [CE] :: Unknown value: 'Tier9'.
 3:13:33.32 !!! [CE] :: Unknown value: 'Tier7'.
 3:13:33.32 !!! [CE] :: Unknown value: 'Tier8'.
 3:13:33.32 !!! [CE] :: Unknown value: 'Tier9'.
 3:13:33.32 !!! [CE] :: Unknown value: 'Tier7'.
 3:13:33.32 !!! [CE] :: Unknown value: 'Tier8'.
 3:13:33.32 !!! [CE] :: Unknown value: 'Tier9'.
 3:13:33.32 !!! [CE] :: Unknown value: 'Tier7'.
 3:13:33.32 !!! [CE] :: Unknown value: 'Tier8'.
 3:13:33.32 !!! [CE] :: Unknown value: 'Tier9'.
 3:13:33.32 !!! [CE] :: Unknown value: 'Tier7'.
 3:13:33.32 !!! [CE] :: Unknown value: 'Tier8'.
 3:13:33.32 !!! [CE] :: Unknown value: 'Tier9'.
 3:13:33.32 !!! [CE] :: Unknown value: 'Tier7'.
 3:13:33.32 !!! [CE] :: Unknown value: 'Tier8'.
 3:13:33.32 !!! [CE] :: Unknown value: 'Tier9'.
 3:13:33.32 !!! [CE] :: Unknown value: 'Tier7'.
 3:13:33.32 !!! [CE] :: Unknown value: 'Tier8'.
 3:13:33.32 !!! [CE] :: Unknown value: 'Tier9'.
 3:13:33.32 !!! [CE] :: Unknown value: 'Tier7'.
 3:13:33.32 !!! [CE] :: Unknown value: 'Tier8'.
 3:13:33.32 !!! [CE] :: Unknown value: 'Tier9'.
 3:13:33.32 !!! [CE] :: Unknown value: 'Tier7'.
 3:13:33.32 !!! [CE] :: Unknown value: 'Tier8'.
 3:13:33.32 !!! [CE] :: Unknown value: 'Tier9'.
 3:13:33.32 !!! [CE] :: Unknown value: 'Tier7'.
 3:13:33.32 !!! [CE] :: Unknown value: 'Tier8'.
 3:13:33.32 !!! [CE] :: Unknown value: 'Tier9'.
 3:13:33.32 !!! [CE] :: Unknown value: 'Tier7'.
 3:13:33.32 !!! [CE] :: Unknown value: 'Tier8'.
 3:13:33.32 !!! [CE] :: Unknown value: 'Tier9'.
 3:13:33.32 !!! [CE] :: Unknown value: 'Tier7'.
 3:13:33.32 !!! [CE] :: Unknown value: 'Tier8'.
 3:13:33.32 !!! [CE] :: Unknown value: 'Tier9'.
 3:13:33.32 !!! [CE] :: Unknown value: 'Tier7'.
 3:13:33.32 !!! [CE] :: Unknown value: 'Tier8'.
 3:13:33.32 !!! [CE] :: Unknown value: 'Tier9'.
 3:13:33.32 !!! [CE] :: Unknown value: 'Tier7'.
 3:13:33.32 !!! [CE] :: Unknown value: 'Tier8'.
 3:13:33.32 !!! [CE] :: Unknown value: 'Tier9'.
 3:13:33.32 !!! [CE] :: Unknown value: 'Tier7'.
 3:13:33.32 !!! [CE] :: Unknown value: 'Tier8'.
 3:13:33.32 !!! [CE] :: Unknown value: 'Tier9'.
 3:13:33.32 !!! [CE] :: Unknown value: 'Tier7'.
 3:13:33.32 !!! [CE] :: Unknown value: 'Tier8'.
 3:13:33.32 !!! [CE] :: Unknown value: 'Tier9'.
 3:13:33.32 !!! [CE] :: Unknown value: 'Tier7'.
 3:13:33.32 !!! [CE] :: Unknown value: 'Tier8'.
 3:13:33.32 !!! [CE] :: Unknown value: 'Tier9'.
 3:13:33.32 !!! [CE] :: Unknown value: 'Tier7'.
 3:13:33.32 !!! [CE] :: Unknown value: 'Tier8'.
 3:13:33.32 !!! [CE] :: Unknown value: 'Tier9'.
 3:13:33.32 !!! [CE] :: Unknown value: 'Tier7'.
 3:13:33.32 !!! [CE] :: Unknown value: 'Tier8'.
 3:13:33.32 !!! [CE] :: Unknown value: 'Tier9'.
 3:13:33.32 !!! [CE] :: Unknown value: 'Tier7'.
 3:13:33.32 !!! [CE] :: Unknown value: 'Tier8'.
 3:13:33.32 !!! [CE] :: Unknown value: 'Tier9'.
 3:13:33.32 !!! [CE] :: Unknown value: 'Tier7'.
 3:13:33.32 !!! [CE] :: Unknown value: 'Tier8'.
 3:13:33.32 !!! [CE] :: Unknown value: 'Tier9'.
 3:13:33.32 !!! [CE] :: Unknown value: 'Tier7'.
 3:13:33.32 !!! [CE] :: Unknown value: 'Tier8'.
 3:13:33.32 !!! [CE] :: Unknown value: 'Tier9'.
 3:13:33.32 !!! [CE] :: Unknown value: 'Tier7'.
 3:13:33.32 !!! [CE] :: Unknown value: 'Tier8'.
 3:13:33.32 !!! [CE] :: Unknown value: 'Tier9'.
 3:13:33.32 !!! [CE] :: Unknown value: 'Tier7'.
 3:13:33.32 !!! [CE] :: Unknown value: 'Tier8'.
 3:13:33.32 !!! [CE] :: Unknown value: 'Tier9'.
 3:13:33.32 !!! [CE] :: Unknown value: 'Tier7'.
 3:13:33.32 !!! [CE] :: Unknown value: 'Tier8'.
 3:13:33.32 !!! [CE] :: Unknown value: 'Tier9'.
 3:13:33.32 !!! [CE] :: Unknown value: 'Tier7'.
 3:13:33.32 !!! [CE] :: Unknown value: 'Tier8'.
 3:13:33.32 !!! [CE] :: Unknown value: 'Tier9'.
 3:13:33.32 !!! [CE] :: Unknown value: 'Tier7'.
 3:13:33.32 !!! [CE] :: Unknown value: 'Tier8'.
 3:13:33.32 !!! [CE] :: Unknown value: 'Tier9'.
 3:13:33.32 !!! [CE] :: Unknown value: 'Tier7'.
 3:13:33.32 !!! [CE] :: Unknown value: 'Tier8'.
 3:13:33.32 !!! [CE] :: Unknown value: 'Tier9'.
 3:13:33.32 !!! [CE] :: Unknown value: 'Tier7'.
 3:13:33.32 !!! [CE] :: Unknown value: 'Tier8'.
 3:13:33.32 !!! [CE] :: Unknown value: 'Tier9'.
 3:13:33.32 !!! [CE] :: Unknown value: 'Tier7'.
 3:13:33.32 !!! [CE] :: Unknown value: 'Tier8'.
 3:13:33.32 !!! [CE] :: Unknown value: 'Tier9'.
 3:13:33.32 !!! [CE] :: Unknown value: 'Tier7'.
 3:13:33.32 !!! [CE] :: Unknown value: 'Tier8'.
 3:13:33.32 !!! [CE] :: Unknown value: 'Tier9'.
 3:13:33.32 !!! [CE] :: Unknown value: 'Tier7'.
 3:13:33.32 !!! [CE] :: Unknown value: 'Tier8'.
 3:13:33.32 !!! [CE] :: Unknown value: 'Tier9'.
 3:13:33.32 !!! [CE] :: Unknown value: 'Tier7'.
 3:13:33.32 !!! [CE] :: Unknown value: 'Tier8'.
 3:13:33.32 !!! [CE] :: Unknown value: 'Tier9'.
 3:13:33.32 !!! [CE] :: Unknown value: 'Tier7'.
 3:13:33.32 !!! [CE] :: Unknown value: 'Tier8'.
 3:13:33.32 !!! [CE] :: Unknown value: 'Tier9'.
 3:13:33.32 !!! [CE] :: Unknown value: 'Tier7'.
 3:13:33.32 !!! [CE] :: Unknown value: 'Tier8'.
 3:13:33.32 !!! [CE] :: Unknown value: 'Tier9'.
 3:13:33.32 !!! [CE] :: Unknown value: 'Tier7'.
 3:13:33.32 !!! [CE] :: Unknown value: 'Tier8'.
 3:13:33.32 !!! [CE] :: Unknown value: 'Tier9'.
 3:13:33.32 !!! [CE] :: Unknown value: 'Tier7'.
 3:13:33.32 !!! [CE] :: Unknown value: 'Tier8'.
 3:13:33.32 !!! [CE] :: Unknown value: 'Tier9'.
 3:13:33.32 !!! [CE] :: Unknown value: 'Tier7'.
 3:13:33.32 !!! [CE] :: Unknown value: 'Tier8'.
 3:13:33.32 !!! [CE] :: Unknown value: 'Tier9'.
 3:13:33.32 !!! [CE] :: Unknown value: 'Tier7'.
 3:13:33.32 !!! [CE] :: Unknown value: 'Tier8'.
 3:13:33.32 !!! [CE] :: Unknown value: 'Tier9'.
 3:13:33.32 !!! [CE] :: Unknown value: 'Tier7'.
 3:13:33.32 !!! [CE] :: Unknown value: 'Tier8'.
 3:13:33.32 !!! [CE] :: Unknown value: 'Tier9'.
 3:13:33.32 !!! [CE] :: Unknown value: 'Tier7'.
 3:13:33.32 !!! [CE] :: Unknown value: 'Tier8'.
 3:13:33.32 !!! [CE] :: Unknown value: 'Tier9'.
 3:13:33.32 !!! [CE] :: Unknown value: 'Tier7'.
 3:13:33.32 !!! [CE] :: Unknown value: 'Tier8'.
 3:13:33.32 !!! [CE] :: Unknown value: 'Tier9'.
 3:13:33.32 !!! [CE] :: Unknown value: 'Tier7'.
 3:13:33.32 !!! [CE] :: Unknown value: 'Tier8'.
 3:13:33.32 !!! [CE] :: Unknown value: 'Tier9'.
 3:13:33.32 !!! [CE] :: Unknown value: 'Tier7'.
 3:13:33.32 !!! [CE] :: Unknown value: 'Tier8'.
 3:13:33.32 !!! [CE] :: Unknown value: 'Tier9'.
 3:13:33.32 !!! [CE] :: Unknown value: 'Tier7'.
 3:13:33.32 !!! [CE] :: Unknown value: 'Tier8'.
 3:13:33.32 !!! [CE] :: Unknown value: 'Tier9'.
 3:13:33.32 !!! [CE] :: Unknown value: 'Tier7'.
 3:13:33.32 !!! [CE] :: Unknown value: 'Tier8'.
 3:13:33.32 !!! [CE] :: Unknown value: 'Tier9'.
 3:13:33.32 !!! [CE] :: Unknown value: 'Tier7'.
 3:13:33.32 !!! [CE] :: Unknown value: 'Tier8'.
 3:13:33.32 !!! [CE] :: Unknown value: 'Tier9'.
 3:13:33.32 !!! [CE] :: Unknown value: 'Tier7'.
 3:13:33.32 !!! [CE] :: Unknown value: 'Tier8'.
 3:13:33.32 !!! [CE] :: Unknown value: 'Tier9'.
 3:13:33.32 !!! [CE] :: Unknown value: 'Tier7'.
 3:13:33.32 !!! [CE] :: Unknown value: 'Tier8'.
 3:13:33.32 !!! [CE] :: Unknown value: 'Tier9'.
 3:13:33.32 !!! [CE] :: Unknown value: 'Tier7'.
 3:13:33.32 !!! [CE] :: Unknown value: 'Tier8'.
 3:13:33.32 !!! [CE] :: Unknown value: 'Tier9'.
 3:13:33.32 !!! [CE] :: Unknown value: 'Tier7'.
 3:13:33.32 !!! [CE] :: Unknown value: 'Tier8'.
 3:13:33.32 !!! [CE] :: Unknown value: 'Tier9'.
 3:13:33.32 !!! [CE] :: Unknown value: 'Tier7'.
 3:13:33.32 !!! [CE] :: Unknown value: 'Tier8'.
 3:13:33.32 !!! [CE] :: Unknown value: 'Tier9'.
 3:13:33.32 !!! [CE] :: Unknown value: 'Tier7'.
 3:13:33.32 !!! [CE] :: Unknown value: 'Tier8'.
 3:13:33.32 !!! [CE] :: Unknown value: 'Tier9'.
 3:13:33.32 !!! [CE] :: Unknown value: 'Tier7'.
 3:13:33.32 !!! [CE] :: Unknown value: 'Tier8'.
 3:13:33.32 !!! [CE] :: Unknown value: 'Tier9'.
 3:13:33.32 !!! [CE] :: Unknown value: 'Tier7'.
 3:13:33.32 !!! [CE] :: Unknown value: 'Tier8'.
 3:13:33.32 !!! [CE] :: Unknown value: 'Tier9'.
 3:13:33.32 !!! [CE] :: Unknown value: 'Tier7'.
 3:13:33.32 !!! [CE] :: Unknown value: 'Tier8'.
 3:13:33.32 !!! [CE] :: Unknown value: 'Tier9'.
 3:13:33.32 !!! [CE] :: Unknown value: 'Tier7'.
 3:13:33.32 !!! [CE] :: Unknown value: 'Tier8'.
 3:13:33.32 !!! [CE] :: Unknown value: 'Tier9'.
 3:13:33.32 !!! [CE] :: Unknown value: 'Tier7'.
 3:13:33.32 !!! [CE] :: Unknown value: 'Tier8'.
 3:13:33.32 !!! [CE] :: Unknown value: 'Tier9'.
 3:13:33.32 !!! [CE] :: Unknown value: 'Tier7'.
 3:13:33.32 !!! [CE] :: Unknown value: 'Tier8'.
 3:13:33.32 !!! [CE] :: Unknown value: 'Tier9'.
 3:13:33.32 !!! [CE] :: Unknown value: 'Tier7'.
 3:13:33.32 !!! [CE] :: Unknown value: 'Tier8'.
 3:13:33.32 !!! [CE] :: Unknown value: 'Tier9'.
 3:13:33.32 !!! [CE] :: Unknown value: 'Tier7'.
 3:13:33.32 !!! [CE] :: Unknown value: 'Tier8'.
 3:13:33.32 !!! [CE] :: Unknown value: 'Tier9'.
 3:13:33.32 !!! [CE] :: Unknown value: 'Tier7'.
 3:13:33.32 !!! [CE] :: Unknown value: 'Tier8'.
 3:13:33.32 !!! [CE] :: Unknown value: 'Tier9'.
 3:13:33.32 !!! [CE] :: Unknown value: 'Tier7'.
 3:13:33.32 !!! [CE] :: Unknown value: 'Tier8'.
 3:13:33.32 !!! [CE] :: Unknown value: 'Tier9'.
 3:13:33.32 !!! [CE] :: Unknown value: 'Tier7'.
 3:13:33.32 !!! [CE] :: Unknown value: 'Tier8'.
 3:13:33.32 !!! [CE] :: Unknown value: 'Tier9'.
 3:13:33.32 !!! [CE] :: Unknown value: 'Tier7'.
 3:13:33.32 !!! [CE] :: Unknown value: 'Tier8'.
 3:13:33.32 !!! [CE] :: Unknown value: 'Tier9'.
 3:13:33.32 !!! [CE] :: Unknown value: 'Tier7'.
 3:13:33.32 !!! [CE] :: Unknown value: 'Tier8'.
 3:13:33.32 !!! [CE] :: Unknown value: 'Tier9'.
 3:13:33.32 !!! [CE] :: Unknown value: 'Tier7'.
 3:13:33.32 !!! [CE] :: Unknown value: 'Tier8'.
 3:13:33.32 !!! [CE] :: Unknown value: 'Tier9'.
 3:13:33.32 !!! [CE] :: Unknown value: 'Tier7'.
 3:13:33.32 !!! [CE] :: Unknown value: 'Tier8'.
 3:13:33.32 !!! [CE] :: Unknown value: 'Tier9'.
 3:13:33.32 !!! [CE] :: Unknown value: 'Tier7'.
 3:13:33.32 !!! [CE] :: Unknown value: 'Tier8'.
 3:13:33.32 !!! [CE] :: Unknown value: 'Tier9'.
 3:13:33.32 !!! [CE] :: Unknown value: 'Tier7'.
 3:13:33.32 !!! [CE] :: Unknown value: 'Tier8'.
 3:13:33.32 !!! [CE] :: Unknown value: 'Tier9'.
 3:13:33.32 !!! [CE] :: Unknown value: 'Tier7'.
 3:13:33.32 !!! [CE] :: Unknown value: 'Tier8'.
 3:13:33.32 !!! [CE] :: Unknown value: 'Tier9'.
 3:13:33.32 !!! [CE] :: Unknown value: 'Tier7'.
 3:13:33.32 !!! [CE] :: Unknown value: 'Tier8'.
 3:13:33.32 !!! [CE] :: Unknown value: 'Tier9'.
 3:13:33.32 !!! [CE] :: Unknown value: 'Tier7'.
 3:13:33.32 !!! [CE] :: Unknown value: 'Tier8'.
 3:13:33.32 !!! [CE] :: Unknown value: 'Tier9'.
 3:13:33.32 !!! [CE] :: Unknown value: 'Tier7'.
 3:13:33.32 !!! [CE] :: Unknown value: 'Tier8'.
 3:13:33.32 !!! [CE] :: Unknown value: 'Tier9'.
 3:13:33.32 !!! [CE] :: Unknown value: 'Tier7'.
 3:13:33.32 !!! [CE] :: Unknown value: 'Tier8'.
 3:13:33.32 !!! [CE] :: Unknown value: 'Tier9'.
 3:13:33.32 !!! [CE] :: Unknown value: 'Tier7'.
 3:13:33.32 !!! [CE] :: Unknown value: 'Tier8'.
 3:13:33.32 !!! [CE] :: Unknown value: 'Tier9'.
 3:13:33.32 !!! [CE] :: Unknown value: 'Tier7'.
 3:13:33.32 !!! [CE] :: Unknown value: 'Tier8'.
 3:13:33.32 !!! [CE] :: Unknown value: 'Tier9'.
 3:13:33.32 !!! [CE] :: Unknown value: 'Tier7'.
 3:13:33.32 !!! [CE] :: Unknown value: 'Tier8'.
 3:13:33.32 !!! [CE] :: Unknown value: 'Tier9'.
 3:13:33.32 !!! [CE] :: Unknown value: 'Tier7'.
 3:13:33.32 !!! [CE] :: Unknown value: 'Tier8'.
 3:13:33.32 !!! [CE] :: Unknown value: 'Tier9'.
 3:13:33.32 !!! [CE] :: Unknown value: 'Tier7'.
 3:13:33.32 !!! [CE] :: Unknown value: 'Tier8'.
 3:13:33.32 !!! [CE] :: Unknown value: 'Tier9'.
 3:13:33.32 !!! [CE] :: Unknown value: 'Tier7'.
 3:13:33.32 !!! [CE] :: Unknown value: 'Tier8'.
 3:13:33.32 !!! [CE] :: Unknown value: 'Tier9'.
 3:13:33.32 !!! [CE] :: Unknown value: 'Tier7'.
 3:13:33.32 !!! [CE] :: Unknown value: 'Tier8'.
 3:13:33.32 !!! [CE] :: Unknown value: 'Tier9'.
 3:13:33.32 !!! [CE] :: Unknown value: 'Tier7'.
 3:13:33.32 !!! [CE] :: Unknown value: 'Tier8'.
 3:13:33.32 !!! [CE] :: Unknown value: 'Tier9'.
 3:13:33.32 !!! [CE] :: Unknown value: 'Tier7'.
 3:13:33.32 !!! [CE] :: Unknown value: 'Tier8'.
 3:13:33.32 !!! [CE] :: Unknown value: 'Tier9'.
 3:13:33.33 !!! [CE] :: Unknown value: 'Tier7'.
 3:13:33.33 !!! [CE] :: Unknown value: 'Tier8'.
 3:13:33.33 !!! [CE] :: Unknown value: 'Tier9'.
 3:13:33.33 !!! [CE] :: Unknown value: 'Tier7'.
 3:13:33.33 !!! [CE] :: Unknown value: 'Tier8'.
 3:13:33.33 !!! [CE] :: Unknown value: 'Tier9'.
 3:13:33.33 !!! [CE] :: Unknown value: 'Tier7'.
 3:13:33.33 !!! [CE] :: Unknown value: 'Tier8'.
 3:13:33.33 !!! [CE] :: Unknown value: 'Tier9'.
 3:13:33.33 !!! [CE] :: Unknown value: 'Tier7'.
 3:13:33.33 !!! [CE] :: Unknown value: 'Tier8'.
 3:13:33.33 !!! [CE] :: Unknown value: 'Tier9'.
 3:13:33.33 !!! [CE] :: Unknown value: 'Tier7'.
 3:13:33.33 !!! [CE] :: Unknown value: 'Tier8'.
 3:13:33.33 !!! [CE] :: Unknown value: 'Tier9'.
 3:13:33.33 !!! [CE] :: Unknown value: 'Tier7'.
 3:13:33.33 !!! [CE] :: Unknown value: 'Tier8'.
 3:13:33.33 !!! [CE] :: Unknown value: 'Tier9'.
 3:13:33.33 !!! [CE] :: Unknown value: 'Tier7'.
 3:13:33.33 !!! [CE] :: Unknown value: 'Tier8'.
 3:13:33.33 !!! [CE] :: Unknown value: 'Tier9'.
 3:13:33.33 !!! [CE] :: Unknown value: 'Tier7'.
 3:13:33.33 !!! [CE] :: Unknown value: 'Tier8'.
 3:13:33.33 !!! [CE] :: Unknown value: 'Tier9'.
 3:13:33.33 !!! [CE] :: Unknown value: 'Tier7'.
 3:13:33.33 !!! [CE] :: Unknown value: 'Tier8'.
 3:13:33.33 !!! [CE] :: Unknown value: 'Tier9'.
 3:13:33.33 !!! [CE] :: Unknown value: 'Tier7'.
 3:13:33.33 !!! [CE] :: Unknown value: 'Tier8'.
 3:13:33.33 !!! [CE] :: Unknown value: 'Tier9'.
 3:13:33.33 !!! [CE] :: Unknown value: 'Tier7'.
 3:13:33.33 !!! [CE] :: Unknown value: 'Tier8'.
 3:13:33.33 !!! [CE] :: Unknown value: 'Tier9'.
 3:13:33.33 !!! [CE] :: Unknown value: 'Tier7'.
 3:13:33.33 !!! [CE] :: Unknown value: 'Tier8'.
 3:13:33.33 !!! [CE] :: Unknown value: 'Tier9'.
 3:13:33.33 !!! [CE] :: Unknown value: 'Tier7'.
 3:13:33.33 !!! [CE] :: Unknown value: 'Tier8'.
 3:13:33.33 !!! [CE] :: Unknown value: 'Tier9'.
 3:13:33.33 !!! [CE] :: Unknown value: 'Tier7'.
 3:13:33.33 !!! [CE] :: Unknown value: 'Tier8'.
 3:13:33.33 !!! [CE] :: Unknown value: 'Tier9'.
 3:13:33.33 !!! [CE] :: Unknown value: 'Tier7'.
 3:13:33.33 !!! [CE] :: Unknown value: 'Tier8'.
 3:13:33.33 !!! [CE] :: Unknown value: 'Tier9'.
 3:13:33.33 !!! [CE] :: Unknown value: 'Tier7'.
 3:13:33.33 !!! [CE] :: Unknown value: 'Tier8'.
 3:13:33.33 !!! [CE] :: Unknown value: 'Tier9'.
 3:13:33.33 !!! [CE] :: Unknown value: 'Tier7'.
 3:13:33.33 !!! [CE] :: Unknown value: 'Tier8'.
 3:13:33.33 !!! [CE] :: Unknown value: 'Tier9'.
 3:13:33.33 !!! [CE] :: Unknown value: 'Tier7'.
 3:13:33.33 !!! [CE] :: Unknown value: 'Tier8'.
 3:13:33.33 !!! [CE] :: Unknown value: 'Tier9'.
 3:13:33.33 !!! [CE] :: Unknown value: 'Tier7'.
 3:13:33.33 !!! [CE] :: Unknown value: 'Tier8'.
 3:13:33.33 !!! [CE] :: Unknown value: 'Tier9'.
 3:13:33.33 !!! [CE] :: Unknown value: 'Tier7'.
 3:13:33.33 !!! [CE] :: Unknown value: 'Tier8'.
 3:13:33.33 !!! [CE] :: Unknown value: 'Tier9'.
 3:13:33.33 !!! [CE] :: Unknown value: 'Tier7'.
 3:13:33.33 !!! [CE] :: Unknown value: 'Tier8'.
 3:13:33.33 !!! [CE] :: Unknown value: 'Tier9'.
 3:13:33.33 !!! [CE] :: Unknown value: 'Tier7'.
 3:13:33.33 !!! [CE] :: Unknown value: 'Tier8'.
 3:13:33.33 !!! [CE] :: Unknown value: 'Tier9'.
 3:13:33.33 !!! [CE] :: Unknown value: 'Tier7'.
 3:13:33.33 !!! [CE] :: Unknown value: 'Tier8'.
 3:13:33.33 !!! [CE] :: Unknown value: 'Tier9'.
 3:13:33.33 !!! [CE] :: Unknown value: 'Tier7'.
 3:13:33.33 !!! [CE] :: Unknown value: 'Tier8'.
 3:13:33.33 !!! [CE] :: Unknown value: 'Tier9'.
 3:13:33.33 !!! [CE] :: Unknown value: 'Tier7'.
 3:13:33.33 !!! [CE] :: Unknown value: 'Tier8'.
 3:13:33.33 !!! [CE] :: Unknown value: 'Tier9'.
 3:13:33.33 !!! [CE] :: Unknown value: 'Tier7'.
 3:13:33.33 !!! [CE] :: Unknown value: 'Tier8'.
 3:13:33.33 !!! [CE] :: Unknown value: 'Tier9'.
 3:13:33.33 !!! [CE] :: Unknown value: 'Tier7'.
 3:13:33.33 !!! [CE] :: Unknown value: 'Tier8'.
 3:13:33.33 !!! [CE] :: Unknown value: 'Tier9'.
 3:13:33.33 !!! [CE] :: Unknown value: 'Tier7'.
 3:13:33.33 !!! [CE] :: Unknown value: 'Tier8'.
 3:13:33.33 !!! [CE] :: Unknown value: 'Tier9'.
 3:13:33.33 !!! [CE] :: Unknown value: 'Tier7'.
 3:13:33.33 !!! [CE] :: Unknown value: 'Tier8'.
 3:13:33.33 !!! [CE] :: Unknown value: 'Tier9'.
 3:13:33.33 !!! [CE] :: Unknown value: 'Tier7'.
 3:13:33.33 !!! [CE] :: Unknown value: 'Tier8'.
 3:13:33.33 !!! [CE] :: Unknown value: 'Tier9'.
 3:13:33.33 !!! [CE] :: Unknown value: 'Tier7'.
 3:13:33.33 !!! [CE] :: Unknown value: 'Tier8'.
 3:13:33.33 !!! [CE] :: Unknown value: 'Tier9'.
 3:13:33.33 !!! [CE] :: Unknown value: 'Tier7'.
 3:13:33.33 !!! [CE] :: Unknown value: 'Tier8'.
 3:13:33.33 !!! [CE] :: Unknown value: 'Tier9'.
 3:13:33.33 !!! [CE] :: Unknown value: 'Tier7'.
 3:13:33.33 !!! [CE] :: Unknown value: 'Tier8'.
 3:13:33.33 !!! [CE] :: Unknown value: 'Tier9'.
 3:13:33.33 !!! [CE] :: Unknown value: 'Tier7'.
 3:13:33.33 !!! [CE] :: Unknown value: 'Tier8'.
 3:13:33.33 !!! [CE] :: Unknown value: 'Tier9'.
 3:13:33.33 !!! [CE] :: Unknown value: 'Tier7'.
 3:13:33.33 !!! [CE] :: Unknown value: 'Tier8'.
 3:13:33.33 !!! [CE] :: Unknown value: 'Tier9'.
 3:13:33.33 !!! [CE] :: Unknown value: 'Tier7'.
 3:13:33.33 !!! [CE] :: Unknown value: 'Tier8'.
 3:13:33.33 !!! [CE] :: Unknown value: 'Tier9'.
 3:13:33.33 !!! [CE] :: Unknown value: 'Tier7'.
 3:13:33.33 !!! [CE] :: Unknown value: 'Tier8'.
 3:13:33.33 !!! [CE] :: Unknown value: 'Tier9'.
 3:13:33.33 !!! [CE] :: Unknown value: 'Tier7'.
 3:13:33.33 !!! [CE] :: Unknown value: 'Tier8'.
 3:13:33.33 !!! [CE] :: Unknown value: 'Tier9'.
 3:13:33.33 !!! [CE] :: Unknown value: 'Tier7'.
 3:13:33.33 !!! [CE] :: Unknown value: 'Tier8'.
 3:13:33.33 !!! [CE] :: Unknown value: 'Tier9'.
 3:13:33.33 !!! [CE] :: Unknown value: 'Tier7'.
 3:13:33.33 !!! [CE] :: Unknown value: 'Tier8'.
 3:13:33.33 !!! [CE] :: Unknown value: 'Tier9'.
 3:13:33.33 !!! [CE] :: Unknown value: 'Tier7'.
 3:13:33.33 !!! [CE] :: Unknown value: 'Tier8'.
 3:13:33.33 !!! [CE] :: Unknown value: 'Tier9'.
 3:13:33.33 !!! [CE] :: Unknown value: 'Tier7'.
 3:13:33.33 !!! [CE] :: Unknown value: 'Tier8'.
 3:13:33.33 !!! [CE] :: Unknown value: 'Tier9'.
 3:13:33.33 !!! [CE] :: Unknown value: 'Tier7'.
 3:13:33.33 !!! [CE] :: Unknown value: 'Tier8'.
 3:13:33.33 !!! [CE] :: Unknown value: 'Tier9'.
 3:13:33.33 !!! [CE] :: Unknown value: 'Tier7'.
 3:13:33.33 !!! [CE] :: Unknown value: 'Tier8'.
 3:13:33.33 !!! [CE] :: Unknown value: 'Tier9'.
 3:13:33.33 !!! [CE] :: Unknown value: 'Tier7'.
 3:13:33.33 !!! [CE] :: Unknown value: 'Tier8'.
 3:13:33.33 !!! [CE] :: Unknown value: 'Tier9'.
 3:13:33.33 !!! [CE] :: Unknown value: 'Tier7'.
 3:13:33.33 !!! [CE] :: Unknown value: 'Tier8'.
 3:13:33.33 !!! [CE] :: Unknown value: 'Tier9'.
 3:13:33.33 !!! [CE] :: Unknown value: 'Tier7'.
 3:13:33.33 !!! [CE] :: Unknown value: 'Tier8'.
 3:13:33.33 !!! [CE] :: Unknown value: 'Tier9'.
 3:13:33.33 !!! [CE] :: Unknown value: 'Tier7'.
 3:13:33.33 !!! [CE] :: Unknown value: 'Tier8'.
 3:13:33.33 !!! [CE] :: Unknown value: 'Tier9'.
 3:13:33.33 !!! [CE] :: Unknown value: 'Tier7'.
 3:13:33.33 !!! [CE] :: Unknown value: 'Tier8'.
 3:13:33.33 !!! [CE] :: Unknown value: 'Tier9'.
 3:13:33.33 !!! [CE] :: Unknown value: 'Tier7'.
 3:13:33.33 !!! [CE] :: Unknown value: 'Tier8'.
 3:13:33.33 !!! [CE] :: Unknown value: 'Tier9'.
 3:13:33.33 !!! [CE] :: Unknown value: 'Tier7'.
 3:13:33.33 !!! [CE] :: Unknown value: 'Tier8'.
 3:13:33.33 !!! [CE] :: Unknown value: 'Tier9'.
 3:13:33.33 !!! [CE] :: Unknown value: 'Tier7'.
 3:13:33.33 !!! [CE] :: Unknown value: 'Tier8'.
 3:13:33.33 !!! [CE] :: Unknown value: 'Tier9'.
 3:13:33.33 !!! [CE] :: Unknown value: 'Tier7'.
 3:13:33.33 !!! [CE] :: Unknown value: 'Tier8'.
 3:13:33.33 !!! [CE] :: Unknown value: 'Tier9'.
 3:13:33.33 !!! [CE] :: Unknown value: 'Tier7'.
 3:13:33.33 !!! [CE] :: Unknown value: 'Tier8'.
 3:13:33.33 !!! [CE] :: Unknown value: 'Tier9'.
 3:13:33.33 !!! [CE] :: Unknown value: 'Tier7'.
 3:13:33.33 !!! [CE] :: Unknown value: 'Tier8'.
 3:13:33.33 !!! [CE] :: Unknown value: 'Tier9'.
 3:13:33.33 !!! [CE] :: Unknown value: 'Tier7'.
 3:13:33.33 !!! [CE] :: Unknown value: 'Tier8'.
 3:13:33.33 !!! [CE] :: Unknown value: 'Tier9'.
 3:13:33.33 !!! [CE] :: Unknown value: 'Tier7'.
 3:13:33.33 !!! [CE] :: Unknown value: 'Tier8'.
 3:13:33.33 !!! [CE] :: Unknown value: 'Tier9'.
 3:13:33.33 !!! [CE] :: Unknown value: 'Tier7'.
 3:13:33.33 !!! [CE] :: Unknown value: 'Tier8'.
 3:13:33.33 !!! [CE] :: Unknown value: 'Tier9'.
 3:13:33.33 !!! [CE] :: Unknown value: 'Tier7'.
 3:13:33.33 !!! [CE] :: Unknown value: 'Tier8'.
 3:13:33.33 !!! [CE] :: Unknown value: 'Tier9'.
 3:13:33.33 !!! [CE] :: Unknown value: 'Tier7'.
 3:13:33.33 !!! [CE] :: Unknown value: 'Tier8'.
 3:13:33.33 !!! [CE] :: Unknown value: 'Tier9'.
 3:13:33.33 !!! [CE] :: Unknown value: 'Tier7'.
 3:13:33.33 !!! [CE] :: Unknown value: 'Tier8'.
 3:13:33.33 !!! [CE] :: Unknown value: 'Tier9'.
 3:13:33.33 !!! [CE] :: Unknown value: 'Tier7'.
 3:13:33.33 !!! [CE] :: Unknown value: 'Tier8'.
 3:13:33.33 !!! [CE] :: Unknown value: 'Tier9'.
 3:13:33.33 !!! [CE] :: Unknown value: 'Tier7'.
 3:13:33.33 !!! [CE] :: Unknown value: 'Tier8'.
 3:13:33.33 !!! [CE] :: Unknown value: 'Tier9'.
 3:13:33.33 !!! [CE] :: Unknown value: 'Tier7'.
 3:13:33.33 !!! [CE] :: Unknown value: 'Tier8'.
 3:13:33.33 !!! [CE] :: Unknown value: 'Tier9'.
 3:13:33.33 !!! [CE] :: Unknown value: 'Tier7'.
 3:13:33.33 !!! [CE] :: Unknown value: 'Tier8'.
 3:13:33.33 !!! [CE] :: Unknown value: 'Tier9'.
 3:13:33.33 !!! [CE] :: Unknown value: 'Tier7'.
 3:13:33.33 !!! [CE] :: Unknown value: 'Tier8'.
 3:13:33.33 !!! [CE] :: Unknown value: 'Tier9'.
 3:13:33.33 !!! [CE] :: Unknown value: 'Tier7'.
 3:13:33.33 !!! [CE] :: Unknown value: 'Tier8'.
 3:13:33.33 !!! [CE] :: Unknown value: 'Tier9'.
 3:13:33.33 !!! [CE] :: Unknown value: 'Tier7'.
 3:13:33.33 !!! [CE] :: Unknown value: 'Tier8'.
 3:13:33.33 !!! [CE] :: Unknown value: 'Tier9'.
 3:13:33.33 !!! [CE] :: Unknown value: 'Tier7'.
 3:13:33.33 !!! [CE] :: Unknown value: 'Tier8'.
 3:13:33.33 !!! [CE] :: Unknown value: 'Tier9'.
 3:13:33.33 !!! [CE] :: Unknown value: 'Tier7'.
 3:13:33.33 !!! [CE] :: Unknown value: 'Tier8'.
 3:13:33.33 !!! [CE] :: Unknown value: 'Tier9'.
 3:13:33.33 !!! [CE] :: Unknown value: 'Tier7'.
 3:13:33.33 !!! [CE] :: Unknown value: 'Tier8'.
 3:13:33.33 !!! [CE] :: Unknown value: 'Tier9'.
 3:13:33.33 !!! [CE] :: Unknown value: 'Tier7'.
 3:13:33.33 !!! [CE] :: Unknown value: 'Tier8'.
 3:13:33.33 !!! [CE] :: Unknown value: 'Tier9'.
 3:13:33.33 !!! [CE] :: Unknown value: 'Tier7'.
 3:13:33.33 !!! [CE] :: Unknown value: 'Tier8'.
 3:13:33.33 !!! [CE] :: Unknown value: 'Tier9'.
 3:13:33.33 !!! [CE] :: Unknown value: 'Tier7'.
 3:13:33.33 !!! [CE] :: Unknown value: 'Tier8'.
 3:13:33.33 !!! [CE] :: Unknown value: 'Tier9'.
 3:13:33.33 !!! [CE] :: Unknown value: 'Tier7'.
 3:13:33.33 !!! [CE] :: Unknown value: 'Tier8'.
 3:13:33.33 !!! [CE] :: Unknown value: 'Tier9'.
 3:13:33.33 !!! [CE] :: Unknown value: 'Tier7'.
 3:13:33.33 !!! [CE] :: Unknown value: 'Tier8'.
 3:13:33.33 !!! [CE] :: Unknown value: 'Tier9'.
 3:13:33.33 !!! [CE] :: Unknown value: 'Tier7'.
 3:13:33.33 !!! [CE] :: Unknown value: 'Tier8'.
 3:13:33.33 !!! [CE] :: Unknown value: 'Tier9'.
 3:13:33.33 !!! [CE] :: Unknown value: 'Tier7'.
 3:13:33.33 !!! [CE] :: Unknown value: 'Tier8'.
 3:13:33.33 !!! [CE] :: Unknown value: 'Tier9'.
 3:13:33.33 !!! [CE] :: Unknown value: 'Tier7'.
 3:13:33.33 !!! [CE] :: Unknown value: 'Tier8'.
 3:13:33.33 !!! [CE] :: Unknown value: 'Tier9'.
 3:13:33.33 !!! [CE] :: Unknown value: 'Tier7'.
 3:13:33.33 !!! [CE] :: Unknown value: 'Tier8'.
 3:13:33.33 !!! [CE] :: Unknown value: 'Tier9'.
 3:13:33.33 !!! [CE] :: Unknown value: 'Tier7'.
 3:13:33.33 !!! [CE] :: Unknown value: 'Tier8'.
 3:13:33.33 !!! [CE] :: Unknown value: 'Tier9'.
 3:13:33.33 !!! [CE] :: Unknown value: 'Tier7'.
 3:13:33.33 !!! [CE] :: Unknown value: 'Tier8'.
 3:13:33.33 !!! [CE] :: Unknown value: 'Tier9'.
 3:13:33.33 !!! [CE] :: Unknown value: 'Tier7'.
 3:13:33.33 !!! [CE] :: Unknown value: 'Tier8'.
 3:13:33.33 !!! [CE] :: Unknown value: 'Tier9'.
 3:13:33.33 !!! [CE] :: Unknown value: 'Tier7'.
 3:13:33.33 !!! [CE] :: Unknown value: 'Tier8'.
 3:13:33.33 !!! [CE] :: Unknown value: 'Tier9'.
 3:13:33.33 !!! [CE] :: Unknown value: 'Tier7'.
 3:13:33.33 !!! [CE] :: Unknown value: 'Tier8'.
 3:13:33.33 !!! [CE] :: Unknown value: 'Tier9'.
 3:13:33.33 !!! [CE] :: Unknown value: 'Tier7'.
 3:13:33.33 !!! [CE] :: Unknown value: 'Tier8'.
 3:13:33.33 !!! [CE] :: Unknown value: 'Tier9'.
 3:13:33.33 !!! [CE] :: Unknown value: 'Tier7'.
 3:13:33.33 !!! [CE] :: Unknown value: 'Tier8'.
 3:13:33.33 !!! [CE] :: Unknown value: 'Tier9'.
 3:13:33.33 !!! [CE] :: Unknown value: 'Tier7'.
 3:13:33.33 !!! [CE] :: Unknown value: 'Tier8'.
 3:13:33.33 !!! [CE] :: Unknown value: 'Tier9'.
 3:13:33.33 !!! [CE] :: Unknown value: 'Tier7'.
 3:13:33.33 !!! [CE] :: Unknown value: 'Tier8'.
 3:13:33.33 !!! [CE] :: Unknown value: 'Tier9'.
 3:13:33.33 !!! [CE] :: Unknown value: 'Tier7'.
 3:13:33.33 !!! [CE] :: Unknown value: 'Tier8'.
 3:13:33.33 !!! [CE] :: Unknown value: 'Tier9'.
 3:13:33.33 !!! [CE] :: Unknown value: 'Tier7'.
 3:13:33.33 !!! [CE] :: Unknown value: 'Tier8'.
 3:13:33.33 !!! [CE] :: Unknown value: 'Tier9'.
 3:13:33.33 !!! [CE] :: Unknown value: 'Tier7'.
 3:13:33.33 !!! [CE] :: Unknown value: 'Tier8'.
 3:13:33.33 !!! [CE] :: Unknown value: 'Tier9'.
 3:13:33.33 !!! [CE] :: Unknown value: 'Tier7'.
 3:13:33.33 !!! [CE] :: Unknown value: 'Tier8'.
 3:13:33.33 !!! [CE] :: Unknown value: 'Tier9'.
 3:13:33.33 !!! [CE] :: Unknown value: 'Tier7'.
 3:13:33.33 !!! [CE] :: Unknown value: 'Tier8'.
 3:13:33.33 !!! [CE] :: Unknown value: 'Tier9'.
 3:13:33.33 !!! [CE] :: Unknown value: 'Tier7'.
 3:13:33.33 !!! [CE] :: Unknown value: 'Tier8'.
 3:13:33.33 !!! [CE] :: Unknown value: 'Tier9'.
 3:13:33.33 !!! [CE] :: Unknown value: 'Tier7'.
 3:13:33.33 !!! [CE] :: Unknown value: 'Tier8'.
 3:13:33.33 !!! [CE] :: Unknown value: 'Tier9'.
 3:13:33.33 !!! [CE] :: Unknown value: 'Tier7'.
 3:13:33.33 !!! [CE] :: Unknown value: 'Tier8'.
 3:13:33.33 !!! [CE] :: Unknown value: 'Tier9'.
 3:13:33.33 !!! [CE] :: Unknown value: 'Tier7'.
 3:13:33.33 !!! [CE] :: Unknown value: 'Tier8'.
 3:13:33.33 !!! [CE] :: Unknown value: 'Tier9'.
 3:13:33.33 !!! [CE] :: Unknown value: 'Tier7'.
 3:13:33.33 !!! [CE] :: Unknown value: 'Tier8'.
 3:13:33.33 !!! [CE] :: Unknown value: 'Tier9'.
 3:13:33.33 !!! [CE] :: Unknown value: 'Tier7'.
 3:13:33.33 !!! [CE] :: Unknown value: 'Tier8'.
 3:13:33.33 !!! [CE] :: Unknown value: 'Tier9'.
 3:13:33.33 !!! [CE] :: Unknown value: 'Tier7'.
 3:13:33.33 !!! [CE] :: Unknown value: 'Tier8'.
 3:13:33.33 !!! [CE] :: Unknown value: 'Tier9'.
 3:13:33.33 !!! [CE] :: Unknown value: 'Tier7'.
 3:13:33.33 !!! [CE] :: Unknown value: 'Tier8'.
 3:13:33.33 !!! [CE] :: Unknown value: 'Tier9'.
 3:13:33.33 !!! [CE] :: Unknown value: 'Tier7'.
 3:13:33.33 !!! [CE] :: Unknown value: 'Tier8'.
 3:13:33.33 !!! [CE] :: Unknown value: 'Tier9'.
 3:13:33.33 !!! [CE] :: Unknown value: 'Tier7'.
 3:13:33.33 !!! [CE] :: Unknown value: 'Tier8'.
 3:13:33.33 !!! [CE] :: Unknown value: 'Tier9'.
 3:13:33.33 !!! [CE] :: Unknown value: 'Tier7'.
 3:13:33.33 !!! [CE] :: Unknown value: 'Tier8'.
 3:13:33.33 !!! [CE] :: Unknown value: 'Tier9'.
 3:13:33.33 !!! [CE] :: Unknown value: 'Tier7'.
 3:13:33.33 !!! [CE] :: Unknown value: 'Tier8'.
 3:13:33.33 !!! [CE] :: Unknown value: 'Tier9'.
 3:13:33.33 !!! [CE] :: Unknown value: 'Tier7'.
 3:13:33.33 !!! [CE] :: Unknown value: 'Tier8'.
 3:13:33.33 !!! [CE] :: Unknown value: 'Tier9'.
 3:13:33.33 !!! [CE] :: Unknown value: 'Tier7'.
 3:13:33.33 !!! [CE] :: Unknown value: 'Tier8'.
 3:13:33.33 !!! [CE] :: Unknown value: 'Tier9'.
 3:13:33.33 !!! [CE] :: Unknown value: 'Tier7'.
 3:13:33.33 !!! [CE] :: Unknown value: 'Tier8'.
 3:13:33.33 !!! [CE] :: Unknown value: 'Tier9'.
 3:13:33.33 !!! [CE] :: Unknown value: 'Tier7'.
 3:13:33.33 !!! [CE] :: Unknown value: 'Tier8'.
 3:13:33.33 !!! [CE] :: Unknown value: 'Tier9'.
 3:13:33.33 !!! [CE] :: Unknown value: 'Tier7'.
 3:13:33.33 !!! [CE] :: Unknown value: 'Tier8'.
 3:13:33.33 !!! [CE] :: Unknown value: 'Tier9'.
 3:13:33.33 !!! [CE] :: Unknown value: 'Tier7'.
 3:13:33.33 !!! [CE] :: Unknown value: 'Tier8'.
 3:13:33.33 !!! [CE] :: Unknown value: 'Tier9'.
 3:13:33.33 !!! [CE] :: Unknown value: 'Tier7'.
 3:13:33.33 !!! [CE] :: Unknown value: 'Tier8'.
 3:13:33.33 !!! [CE] :: Unknown value: 'Tier9'.
 3:13:33.33 !!! [CE] :: Unknown value: 'Tier7'.
 3:13:33.33 !!! [CE] :: Unknown value: 'Tier8'.
 3:13:33.33 !!! [CE] :: Unknown value: 'Tier9'.
 3:13:33.33 !!! [CE] :: Unknown value: 'Tier7'.
 3:13:33.33 !!! [CE] :: Unknown value: 'Tier8'.
 3:13:33.33 !!! [CE] :: Unknown value: 'Tier9'.
 3:13:33.33 !!! [CE] :: Unknown value: 'Tier7'.
 3:13:33.33 !!! [CE] :: Unknown value: 'Tier8'.
 3:13:33.33 !!! [CE] :: Unknown value: 'Tier9'.
 3:13:33.33 !!! [CE] :: Unknown value: 'Tier7'.
 3:13:33.33 !!! [CE] :: Unknown value: 'Tier8'.
 3:13:33.33 !!! [CE] :: Unknown value: 'Tier9'.
 3:13:33.33 !!! [CE] :: Unknown value: 'Tier7'.
 3:13:33.33 !!! [CE] :: Unknown value: 'Tier8'.
 3:13:33.33 !!! [CE] :: Unknown value: 'Tier9'.
 3:13:33.33 !!! [CE] :: Unknown value: 'Tier7'.
 3:13:33.33 !!! [CE] :: Unknown value: 'Tier8'.
 3:13:33.33 !!! [CE] :: Unknown value: 'Tier9'.
 3:13:33.33 !!! [CE] :: Unknown value: 'Tier7'.
 3:13:33.33 !!! [CE] :: Unknown value: 'Tier8'.
 3:13:33.33 !!! [CE] :: Unknown value: 'Tier9'.
 3:13:33.33 !!! [CE] :: Unknown value: 'Tier7'.
 3:13:33.33 !!! [CE] :: Unknown value: 'Tier8'.
 3:13:33.33 !!! [CE] :: Unknown value: 'Tier9'.
 3:13:33.33 !!! [CE] :: Unknown value: 'Tier7'.
 3:13:33.33 !!! [CE] :: Unknown value: 'Tier8'.
 3:13:33.33 !!! [CE] :: Unknown value: 'Tier9'.
 3:13:33.33 !!! [CE] :: Unknown value: 'Tier7'.
 3:13:33.33 !!! [CE] :: Unknown value: 'Tier8'.
 3:13:33.33 !!! [CE] :: Unknown value: 'Tier9'.
 3:13:33.33 !!! [CE] :: Unknown value: 'Tier7'.
 3:13:33.33 !!! [CE] :: Unknown value: 'Tier8'.
 3:13:33.33 !!! [CE] :: Unknown value: 'Tier9'.
 3:13:33.33 !!! [CE] :: Unknown value: 'Tier7'.
 3:13:33.33 !!! [CE] :: Unknown value: 'Tier8'.
 3:13:33.33 !!! [CE] :: Unknown value: 'Tier9'.
 3:13:33.33 !!! [CE] :: Unknown value: 'Tier7'.
 3:13:33.33 !!! [CE] :: Unknown value: 'Tier8'.
 3:13:33.33 !!! [CE] :: Unknown value: 'Tier9'.
 3:13:33.33 !!! [CE] :: Unknown value: 'Tier7'.
 3:13:33.33 !!! [CE] :: Unknown value: 'Tier8'.
 3:13:33.33 !!! [CE] :: Unknown value: 'Tier9'.
 3:13:33.33 !!! [CE] :: Unknown value: 'Tier7'.
 3:13:33.33 !!! [CE] :: Unknown value: 'Tier8'.
 3:13:33.33 !!! [CE] :: Unknown value: 'Tier9'.
 3:13:33.33 !!! [CE] :: Unknown value: 'Tier7'.
 3:13:33.33 !!! [CE] :: Unknown value: 'Tier8'.
 3:13:33.33 !!! [CE] :: Unknown value: 'Tier9'.
 3:13:33.33 !!! [CE] :: Unknown value: 'Tier7'.
 3:13:33.33 !!! [CE] :: Unknown value: 'Tier8'.
 3:13:33.33 !!! [CE] :: Unknown value: 'Tier9'.
 3:13:33.33 !!! [CE] :: Unknown value: 'Tier7'.
 3:13:33.33 !!! [CE] :: Unknown value: 'Tier8'.
 3:13:33.33 !!! [CE] :: Unknown value: 'Tier9'.
 3:13:33.33 !!! [CE] :: Unknown value: 'Tier7'.
 3:13:33.33 !!! [CE] :: Unknown value: 'Tier8'.
 3:13:33.33 !!! [CE] :: Unknown value: 'Tier9'.
 3:13:33.33 !!! [CE] :: Unknown value: 'Tier7'.
 3:13:33.33 !!! [CE] :: Unknown value: 'Tier8'.
 3:13:33.33 !!! [CE] :: Unknown value: 'Tier9'.
 3:13:33.33 !!! [CE] :: Unknown value: 'Tier7'.
 3:13:33.33 !!! [CE] :: Unknown value: 'Tier8'.
 3:13:33.33 !!! [CE] :: Unknown value: 'Tier9'.
 3:13:33.33 !!! [CE] :: Unknown value: 'Tier7'.
 3:13:33.33 !!! [CE] :: Unknown value: 'Tier8'.
 3:13:33.33 !!! [CE] :: Unknown value: 'Tier9'.
 3:13:33.33 !!! [CE] :: Unknown value: 'Tier7'.
 3:13:33.33 !!! [CE] :: Unknown value: 'Tier8'.
 3:13:33.33 !!! [CE] :: Unknown value: 'Tier9'.
 3:13:33.33 !!! [CE] :: Unknown value: 'Tier7'.
 3:13:33.33 !!! [CE] :: Unknown value: 'Tier8'.
 3:13:33.33 !!! [CE] :: Unknown value: 'Tier9'.
 3:13:33.33 !!! [CE] :: Unknown value: 'Tier7'.
 3:13:33.33 !!! [CE] :: Unknown value: 'Tier8'.
 3:13:33.33 !!! [CE] :: Unknown value: 'Tier9'.
 3:13:33.33 !!! [CE] :: Unknown value: 'Tier7'.
 3:13:33.33 !!! [CE] :: Unknown value: 'Tier8'.
 3:13:33.33 !!! [CE] :: Unknown value: 'Tier9'.
 3:13:33.33 !!! [CE] :: Unknown value: 'Tier7'.
 3:13:33.33 !!! [CE] :: Unknown value: 'Tier8'.
 3:13:33.33 !!! [CE] :: Unknown value: 'Tier9'.
 3:13:33.33 !!! [CE] :: Unknown value: 'Tier7'.
 3:13:33.33 !!! [CE] :: Unknown value: 'Tier8'.
 3:13:33.33 !!! [CE] :: Unknown value: 'Tier9'.
 3:13:33.33 !!! [CE] :: Unknown value: 'Tier7'.
 3:13:33.33 !!! [CE] :: Unknown value: 'Tier8'.
 3:13:33.33 !!! [CE] :: Unknown value: 'Tier9'.
 3:13:33.33 !!! [CE] :: Unknown value: 'Tier7'.
 3:13:33.33 !!! [CE] :: Unknown value: 'Tier8'.
 3:13:33.33 !!! [CE] :: Unknown value: 'Tier9'.
 3:13:33.33 !!! [CE] :: Unknown value: 'Tier7'.
 3:13:33.33 !!! [CE] :: Unknown value: 'Tier8'.
 3:13:33.33 !!! [CE] :: Unknown value: 'Tier9'.
 3:13:33.33 !!! [CE] :: Unknown value: 'Tier7'.
 3:13:33.33 !!! [CE] :: Unknown value: 'Tier8'.
 3:13:33.33 !!! [CE] :: Unknown value: 'Tier9'.
 3:13:33.33 !!! [CE] :: Unknown value: 'Tier7'.
 3:13:33.33 !!! [CE] :: Unknown value: 'Tier8'.
 3:13:33.33 !!! [CE] :: Unknown value: 'Tier9'.
 3:13:33.33 !!! [CE] :: Unknown value: 'Tier7'.
 3:13:33.33 !!! [CE] :: Unknown value: 'Tier8'.
 3:13:33.33 !!! [CE] :: Unknown value: 'Tier9'.
 3:13:33.33 !!! [CE] :: Unknown value: 'Tier7'.
 3:13:33.33 !!! [CE] :: Unknown value: 'Tier8'.
 3:13:33.33 !!! [CE] :: Unknown value: 'Tier9'.
 3:13:33.33 !!! [CE] :: Unknown value: 'Tier7'.
 3:13:33.33 !!! [CE] :: Unknown value: 'Tier8'.
 3:13:33.33 !!! [CE] :: Unknown value: 'Tier9'.
 3:13:33.33 !!! [CE] :: Unknown value: 'Tier7'.
 3:13:33.33 !!! [CE] :: Unknown value: 'Tier8'.
 3:13:33.33 !!! [CE] :: Unknown value: 'Tier9'.
 3:13:33.33 !!! [CE] :: Unknown value: 'Tier7'.
 3:13:33.33 !!! [CE] :: Unknown value: 'Tier8'.
 3:13:33.33 !!! [CE] :: Unknown value: 'Tier9'.
 3:13:33.33 !!! [CE] :: Unknown value: 'Tier7'.
 3:13:33.33 !!! [CE] :: Unknown value: 'Tier8'.
 3:13:33.33 !!! [CE] :: Unknown value: 'Tier9'.
 3:13:33.33 !!! [CE] :: Unknown value: 'Tier7'.
 3:13:33.33 !!! [CE] :: Unknown value: 'Tier8'.
 3:13:33.33 !!! [CE] :: Unknown value: 'Tier9'.
 3:13:33.33 !!! [CE] :: Unknown value: 'Tier7'.
 3:13:33.33 !!! [CE] :: Unknown value: 'Tier8'.
 3:13:33.33 !!! [CE] :: Unknown value: 'Tier9'.
 3:13:33.33 !!! [CE] :: Unknown value: 'Tier7'.
 3:13:33.33 !!! [CE] :: Unknown value: 'Tier8'.
 3:13:33.33 !!! [CE] :: Unknown value: 'Tier9'.
 3:13:33.33 !!! [CE] :: Unknown value: 'Tier7'.
 3:13:33.33 !!! [CE] :: Unknown value: 'Tier8'.
 3:13:33.33 !!! [CE] :: Unknown value: 'Tier9'.
 3:13:33.33 !!! [CE] :: Unknown value: 'Tier7'.
 3:13:33.33 !!! [CE] :: Unknown value: 'Tier8'.
 3:13:33.33 !!! [CE] :: Unknown value: 'Tier9'.
 3:13:33.33 !!! [CE] :: Unknown value: 'Tier7'.
 3:13:33.33 !!! [CE] :: Unknown value: 'Tier8'.
 3:13:33.33 !!! [CE] :: Unknown value: 'Tier9'.
 3:13:33.33 !!! [CE] :: Unknown value: 'Unique'.
 3:13:33.33 !!! [CE] :: Unknown value: 'Tier7'.
 3:13:33.33 !!! [CE] :: Unknown value: 'Tier8'.
 3:13:33.33 !!! [CE] :: Unknown value: 'Tier9'.
 3:13:33.33 !!! [CE] :: Unknown value: 'Tier7'.
 3:13:33.33 !!! [CE] :: Unknown value: 'Tier8'.
 3:13:33.33 !!! [CE] :: Unknown value: 'Tier9'.
 3:13:33.33 !!! [CE] :: Unknown value: 'Tier7'.
 3:13:33.33 !!! [CE] :: Unknown value: 'Tier8'.
 3:13:33.33 !!! [CE] :: Unknown value: 'Tier9'.
 3:13:33.33 !!! [CE] :: Unknown value: 'Tier7'.
 3:13:33.33 !!! [CE] :: Unknown value: 'Tier8'.
 3:13:33.33 !!! [CE] :: Unknown value: 'Tier9'.
 3:13:33.33 !!! [CE] :: Unknown value: 'Tier7'.
 3:13:33.33 !!! [CE] :: Unknown value: 'Tier8'.
 3:13:33.33 !!! [CE] :: Unknown value: 'Tier9'.
 3:13:33.33 !!! [CE] :: Unknown value: 'Tier7'.
 3:13:33.33 !!! [CE] :: Unknown value: 'Tier8'.
 3:13:33.33 !!! [CE] :: Unknown value: 'Tier9'.
 3:13:33.33 !!! [CE] :: Unknown value: 'Tier7'.
 3:13:33.33 !!! [CE] :: Unknown value: 'Tier8'.
 3:13:33.33 !!! [CE] :: Unknown value: 'Tier9'.
 3:13:33.33 !!! [CE] :: Unknown value: 'Tier7'.
 3:13:33.33 !!! [CE] :: Unknown value: 'Tier8'.
 3:13:33.33 !!! [CE] :: Unknown value: 'Tier9'.
 3:13:33.33 !!! [CE] :: Unknown value: 'Tier7'.
 3:13:33.33 !!! [CE] :: Unknown value: 'Tier8'.
 3:13:33.33 !!! [CE] :: Unknown value: 'Tier9'.
 3:13:33.33 !!! [CE] :: Unknown value: 'Tier7'.
 3:13:33.33 !!! [CE] :: Unknown value: 'Tier8'.
 3:13:33.33 !!! [CE] :: Unknown value: 'Tier9'.
 3:13:33.33 !!! [CE] :: Unknown value: 'Tier7'.
 3:13:33.33 !!! [CE] :: Unknown value: 'Tier8'.
 3:13:33.33 !!! [CE] :: Unknown value: 'Tier9'.
 3:13:33.33 !!! [CE] :: Unknown value: 'Tier7'.
 3:13:33.33 !!! [CE] :: Unknown value: 'Tier8'.
 3:13:33.33 !!! [CE] :: Unknown value: 'Tier9'.
 3:13:33.33 !!! [CE] :: Unknown value: 'Tier7'.
 3:13:33.33 !!! [CE] :: Unknown value: 'Tier8'.
 3:13:33.33 !!! [CE] :: Unknown value: 'Tier9'.
 3:13:33.33 !!! [CE] :: Unknown value: 'Tier7'.
 3:13:33.33 !!! [CE] :: Unknown value: 'Tier8'.
 3:13:33.33 !!! [CE] :: Unknown value: 'Tier9'.
 3:13:33.33 !!! [CE] :: Unknown value: 'Tier7'.
 3:13:33.33 !!! [CE] :: Unknown value: 'Tier8'.
 3:13:33.33 !!! [CE] :: Unknown value: 'Tier9'.
 3:13:33.33 !!! [CE] :: Unknown value: 'Tier7'.
 3:13:33.33 !!! [CE] :: Unknown value: 'Tier8'.
 3:13:33.33 !!! [CE] :: Unknown value: 'Tier9'.
 3:13:33.33 !!! [CE] :: Unknown value: 'Tier7'.
 3:13:33.33 !!! [CE] :: Unknown value: 'Tier8'.
 3:13:33.33 !!! [CE] :: Unknown value: 'Tier9'.
 3:13:33.33 !!! [CE] :: Unknown value: 'Tier7'.
 3:13:33.33 !!! [CE] :: Unknown value: 'Tier8'.
 3:13:33.33 !!! [CE] :: Unknown value: 'Tier9'.
 3:13:33.33 !!! [CE] :: Unknown value: 'Tier7'.
 3:13:33.33 !!! [CE] :: Unknown value: 'Tier8'.
 3:13:33.33 !!! [CE] :: Unknown value: 'Tier9'.
 3:13:33.33 !!! [CE] :: Unknown value: 'Tier7'.
 3:13:33.33 !!! [CE] :: Unknown value: 'Tier8'.
 3:13:33.33 !!! [CE] :: Unknown value: 'Tier9'.
 3:13:33.33 !!! [CE] :: Unknown value: 'Tier7'.
 3:13:33.33 !!! [CE] :: Unknown value: 'Tier8'.
 3:13:33.33 !!! [CE] :: Unknown value: 'Tier9'.
 3:13:33.33 !!! [CE] :: Unknown value: 'Tier7'.
 3:13:33.33 !!! [CE] :: Unknown value: 'Tier8'.
 3:13:33.33 !!! [CE] :: Unknown value: 'Tier9'.
 3:13:33.33 !!! [CE] :: Unknown value: 'Tier7'.
 3:13:33.33 !!! [CE] :: Unknown value: 'Tier8'.
 3:13:33.33 !!! [CE] :: Unknown value: 'Tier9'.
 3:13:33.33 !!! [CE] :: Unknown value: 'Tier7'.
 3:13:33.33 !!! [CE] :: Unknown value: 'Tier8'.
 3:13:33.33 !!! [CE] :: Unknown value: 'Tier9'.
 3:13:33.33 !!! [CE] :: Unknown value: 'Tier7'.
 3:13:33.33 !!! [CE] :: Unknown value: 'Tier8'.
 3:13:33.33 !!! [CE] :: Unknown value: 'Tier9'.
 3:13:33.33 !!! [CE] :: Unknown value: 'Tier7'.
 3:13:33.33 !!! [CE] :: Unknown value: 'Tier8'.
 3:13:33.33 !!! [CE] :: Unknown value: 'Tier9'.
 3:13:33.33 !!! [CE] :: Unknown value: 'Tier7'.
 3:13:33.33 !!! [CE] :: Unknown value: 'Tier8'.
 3:13:33.33 !!! [CE] :: Unknown value: 'Tier9'.
 3:13:33.33 !!! [CE] :: Unknown value: 'Tier7'.
 3:13:33.33 !!! [CE] :: Unknown value: 'Tier8'.
 3:13:33.33 !!! [CE] :: Unknown value: 'Tier9'.
 3:13:33.33 !!! [CE] :: Unknown value: 'Tier7'.
 3:13:33.33 !!! [CE] :: Unknown value: 'Tier8'.
 3:13:33.33 !!! [CE] :: Unknown value: 'Tier9'.
 3:13:33.33 !!! [CE] :: Unknown value: 'Tier7'.
 3:13:33.33 !!! [CE] :: Unknown value: 'Tier8'.
 3:13:33.33 !!! [CE] :: Unknown value: 'Tier9'.
 3:13:33.33 !!! [CE] :: Unknown value: 'Tier7'.
 3:13:33.33 !!! [CE] :: Unknown value: 'Tier8'.
 3:13:33.33 !!! [CE] :: Unknown value: 'Tier9'.
 3:13:33.33 !!! [CE] :: Unknown value: 'Tier7'.
 3:13:33.33 !!! [CE] :: Unknown value: 'Tier8'.
 3:13:33.33 !!! [CE] :: Unknown value: 'Tier9'.
 3:13:33.33 !!! [CE] :: Unknown value: 'Tier7'.
 3:13:33.33 !!! [CE] :: Unknown value: 'Tier8'.
 3:13:33.33 !!! [CE] :: Unknown value: 'Tier9'.
 3:13:33.33 !!! [CE] :: Unknown value: 'Tier7'.
 3:13:33.33 !!! [CE] :: Unknown value: 'Tier8'.
 3:13:33.33 !!! [CE] :: Unknown value: 'Tier9'.
 3:13:33.33 !!! [CE] :: Unknown value: 'Tier7'.
 3:13:33.33 !!! [CE] :: Unknown value: 'Tier8'.
 3:13:33.33 !!! [CE] :: Unknown value: 'Tier9'.
 3:13:33.33 !!! [CE] :: Unknown value: 'Tier7'.
 3:13:33.33 !!! [CE] :: Unknown value: 'Tier8'.
 3:13:33.33 !!! [CE] :: Unknown value: 'Tier9'.
 3:13:33.33 !!! [CE] :: Unknown value: 'Tier7'.
 3:13:33.33 !!! [CE] :: Unknown value: 'Tier8'.
 3:13:33.33 !!! [CE] :: Unknown value: 'Tier9'.
 3:13:33.33 !!! [CE] :: Unknown value: 'Tier7'.
 3:13:33.33 !!! [CE] :: Unknown value: 'Tier8'.
 3:13:33.33 !!! [CE] :: Unknown value: 'Tier9'.
 3:13:33.33 !!! [CE] :: Unknown value: 'Tier7'.
 3:13:33.33 !!! [CE] :: Unknown value: 'Tier8'.
 3:13:33.33 !!! [CE] :: Unknown value: 'Tier9'.
 3:13:33.33 !!! [CE] :: Unknown value: 'Tier7'.
 3:13:33.33 !!! [CE] :: Unknown value: 'Tier8'.
 3:13:33.33 !!! [CE] :: Unknown value: 'Tier9'.
 3:13:33.33 !!! [CE] :: Unknown value: 'Tier7'.
 3:13:33.33 !!! [CE] :: Unknown value: 'Tier8'.
 3:13:33.33 !!! [CE] :: Unknown value: 'Tier9'.
 3:13:33.34 !!! [CE] :: Unknown value: 'Tier7'.
 3:13:33.34 !!! [CE] :: Unknown value: 'Tier8'.
 3:13:33.34 !!! [CE] :: Unknown value: 'Tier9'.
 3:13:33.34 !!! [CE] :: Unknown value: 'Tier7'.
 3:13:33.34 !!! [CE] :: Unknown value: 'Tier8'.
 3:13:33.34 !!! [CE] :: Unknown value: 'Tier9'.
 3:13:33.34 !!! [CE] :: Unknown value: 'Tier7'.
 3:13:33.34 !!! [CE] :: Unknown value: 'Tier8'.
 3:13:33.34 !!! [CE] :: Unknown value: 'Tier9'.
 3:13:33.34 !!! [CE] :: Unknown value: 'Tier7'.
 3:13:33.34 !!! [CE] :: Unknown value: 'Tier8'.
 3:13:33.34 !!! [CE] :: Unknown value: 'Tier9'.
 3:13:33.34 !!! [CE] :: Unknown value: 'Tier7'.
 3:13:33.34 !!! [CE] :: Unknown value: 'Tier8'.
 3:13:33.34 !!! [CE] :: Unknown value: 'Tier9'.
 3:13:33.34 !!! [CE] :: Unknown value: 'Tier7'.
 3:13:33.34 !!! [CE] :: Unknown value: 'Tier8'.
 3:13:33.34 !!! [CE] :: Unknown value: 'Tier9'.
 3:13:33.34 !!! [CE] :: Unknown value: 'Tier7'.
 3:13:33.34 !!! [CE] :: Unknown value: 'Tier8'.
 3:13:33.34 !!! [CE] :: Unknown value: 'Tier9'.
 3:13:33.34 !!! [CE] :: Unknown value: 'Tier7'.
 3:13:33.34 !!! [CE] :: Unknown value: 'Tier8'.
 3:13:33.34 !!! [CE] :: Unknown value: 'Tier9'.
 3:13:33.34 !!! [CE] :: Unknown value: 'Tier7'.
 3:13:33.34 !!! [CE] :: Unknown value: 'Tier8'.
 3:13:33.34 !!! [CE] :: Unknown value: 'Tier9'.
 3:13:33.34 !!! [CE] :: Unknown value: 'Tier7'.
 3:13:33.34 !!! [CE] :: Unknown value: 'Tier8'.
 3:13:33.34 !!! [CE] :: Unknown value: 'Tier9'.
 3:13:33.34 !!! [CE] :: Unknown value: 'Tier7'.
 3:13:33.34 !!! [CE] :: Unknown value: 'Tier8'.
 3:13:33.34 !!! [CE] :: Unknown value: 'Tier9'.
 3:13:33.34 !!! [CE] :: Unknown value: 'Tier7'.
 3:13:33.34 !!! [CE] :: Unknown value: 'Tier8'.
 3:13:33.34 !!! [CE] :: Unknown value: 'Tier9'.
 3:13:33.34 !!! [CE] :: Unknown value: 'Tier7'.
 3:13:33.34 !!! [CE] :: Unknown value: 'Tier8'.
 3:13:33.34 !!! [CE] :: Unknown value: 'Tier9'.
 3:13:33.34 !!! [CE] :: Unknown value: 'Unique'.
 3:13:33.34 !!! [CE] :: Unknown value: 'Tier7'.
 3:13:33.34 !!! [CE] :: Unknown value: 'Tier8'.
 3:13:33.34 !!! [CE] :: Unknown value: 'Tier9'.
 3:13:33.34 !!! [CE] :: Unknown value: 'Unique'.
 3:13:33.34 !!! [CE] :: Unknown value: 'Tier7'.
 3:13:33.34 !!! [CE] :: Unknown value: 'Tier8'.
 3:13:33.34 !!! [CE] :: Unknown value: 'Tier9'.
 3:13:33.34 !!! [CE] :: Unknown value: 'Unique'.
 3:13:33.34 !!! [CE] :: Unknown value: 'Tier7'.
 3:13:33.34 !!! [CE] :: Unknown value: 'Tier8'.
 3:13:33.34 !!! [CE] :: Unknown value: 'Tier9'.
 3:13:33.34 !!! [CE] :: Unknown value: 'Unique'.
 3:13:33.34 !!! [CE] :: Unknown value: 'Tier7'.
 3:13:33.34 !!! [CE] :: Unknown value: 'Tier8'.
 3:13:33.34 !!! [CE] :: Unknown value: 'Tier9'.
 3:13:33.34 !!! [CE] :: Unknown value: 'Tier7'.
 3:13:33.34 !!! [CE] :: Unknown value: 'Tier8'.
 3:13:33.34 !!! [CE] :: Unknown value: 'Tier9'.
 3:13:33.34 !!! [CE] :: Unknown value: 'Tier7'.
 3:13:33.34 !!! [CE] :: Unknown value: 'Tier8'.
 3:13:33.34 !!! [CE] :: Unknown value: 'Tier9'.
 3:13:33.34 !!! [CE] :: Unknown value: 'Tier7'.
 3:13:33.34 !!! [CE] :: Unknown value: 'Tier8'.
 3:13:33.34 !!! [CE] :: Unknown value: 'Tier9'.
 3:13:33.34 !!! [CE] :: Unknown value: 'Tier7'.
 3:13:33.34 !!! [CE] :: Unknown value: 'Tier8'.
 3:13:33.34 !!! [CE] :: Unknown value: 'Tier9'.
 3:13:33.34 !!! [CE] :: Unknown value: 'Tier7'.
 3:13:33.34 !!! [CE] :: Unknown value: 'Tier8'.
 3:13:33.34 !!! [CE] :: Unknown value: 'Tier9'.
 3:13:33.34 !!! [CE] :: Unknown value: 'Tier7'.
 3:13:33.34 !!! [CE] :: Unknown value: 'Tier8'.
 3:13:33.34 !!! [CE] :: Unknown value: 'Tier9'.
 3:13:33.34 !!! [CE] :: Unknown value: 'Tier7'.
 3:13:33.34 !!! [CE] :: Unknown value: 'Tier8'.
 3:13:33.34 !!! [CE] :: Unknown value: 'Tier9'.
 3:13:33.34 !!! [CE] :: Unknown value: 'Tier7'.
 3:13:33.34 !!! [CE] :: Unknown value: 'Tier8'.
 3:13:33.34 !!! [CE] :: Unknown value: 'Tier9'.
 3:13:33.34 !!! [CE] :: Unknown value: 'Tier7'.
 3:13:33.34 !!! [CE] :: Unknown value: 'Tier8'.
 3:13:33.34 !!! [CE] :: Unknown value: 'Tier9'.
 3:13:33.34 !!! [CE] :: Unknown value: 'Tier7'.
 3:13:33.34 !!! [CE] :: Unknown value: 'Tier8'.
 3:13:33.34 !!! [CE] :: Unknown value: 'Tier9'.
 3:13:33.34 !!! [CE] :: Unknown value: 'Tier7'.
 3:13:33.34 !!! [CE] :: Unknown value: 'Tier8'.
 3:13:33.34 !!! [CE] :: Unknown value: 'Tier9'.
 3:13:33.34 !!! [CE] :: Unknown value: 'Tier7'.
 3:13:33.34 !!! [CE] :: Unknown value: 'Tier8'.
 3:13:33.34 !!! [CE] :: Unknown value: 'Tier9'.
 3:13:33.34 !!! [CE] :: Unknown value: 'Tier7'.
 3:13:33.34 !!! [CE] :: Unknown value: 'Tier8'.
 3:13:33.34 !!! [CE] :: Unknown value: 'Tier9'.
 3:13:33.34 !!! [CE] :: Unknown value: 'Tier7'.
 3:13:33.34 !!! [CE] :: Unknown value: 'Tier8'.
 3:13:33.34 !!! [CE] :: Unknown value: 'Tier9'.
 3:13:33.34 !!! [CE] :: Unknown value: 'Tier7'.
 3:13:33.34 !!! [CE] :: Unknown value: 'Tier8'.
 3:13:33.34 !!! [CE] :: Unknown value: 'Tier9'.
 3:13:33.34 !!! [CE] :: Unknown value: 'Tier7'.
 3:13:33.34 !!! [CE] :: Unknown value: 'Tier8'.
 3:13:33.34 !!! [CE] :: Unknown value: 'Tier9'.
 3:13:33.34 !!! [CE] :: Unknown value: 'Tier7'.
 3:13:33.34 !!! [CE] :: Unknown value: 'Tier8'.
 3:13:33.34 !!! [CE] :: Unknown value: 'Tier9'.
 3:13:33.34 !!! [CE] :: Unknown value: 'Tier7'.
 3:13:33.34 !!! [CE] :: Unknown value: 'Tier8'.
 3:13:33.34 !!! [CE] :: Unknown value: 'Tier9'.
 3:13:33.34 !!! [CE] :: Unknown value: 'Tier7'.
 3:13:33.34 !!! [CE] :: Unknown value: 'Tier8'.
 3:13:33.34 !!! [CE] :: Unknown value: 'Tier9'.
 3:13:33.34 !!! [CE] :: Unknown value: 'Tier7'.
 3:13:33.34 !!! [CE] :: Unknown value: 'Tier8'.
 3:13:33.34 !!! [CE] :: Unknown value: 'Tier9'.
 3:13:33.34 !!! [CE] :: Unknown value: 'Tier7'.
 3:13:33.34 !!! [CE] :: Unknown value: 'Tier8'.
 3:13:33.34 !!! [CE] :: Unknown value: 'Tier9'.
 3:13:33.34 !!! [CE] :: Unknown value: 'Tier7'.
 3:13:33.34 !!! [CE] :: Unknown value: 'Tier8'.
 3:13:33.34 !!! [CE] :: Unknown value: 'Tier9'.
 3:13:33.34 !!! [CE] :: Unknown value: 'Tier7'.
 3:13:33.34 !!! [CE] :: Unknown value: 'Tier8'.
 3:13:33.34 !!! [CE] :: Unknown value: 'Tier9'.
 3:13:33.34 !!! [CE] :: Unknown value: 'Tier7'.
 3:13:33.34 !!! [CE] :: Unknown value: 'Tier8'.
 3:13:33.34 !!! [CE] :: Unknown value: 'Tier9'.
 3:13:33.34 !!! [CE] :: Unknown value: 'Tier7'.
 3:13:33.34 !!! [CE] :: Unknown value: 'Tier8'.
 3:13:33.34 !!! [CE] :: Unknown value: 'Tier9'.
 3:13:33.34 !!! [CE] :: Unknown value: 'Tier7'.
 3:13:33.34 !!! [CE] :: Unknown value: 'Tier8'.
 3:13:33.34 !!! [CE] :: Unknown value: 'Tier9'.
 3:13:33.34 !!! [CE] :: Unknown value: 'Tier7'.
 3:13:33.34 !!! [CE] :: Unknown value: 'Tier8'.
 3:13:33.34 !!! [CE] :: Unknown value: 'Tier9'.
 3:13:33.34 !!! [CE] :: Unknown value: 'Tier7'.
 3:13:33.34 !!! [CE] :: Unknown value: 'Tier8'.
 3:13:33.34 !!! [CE] :: Unknown value: 'Tier9'.
 3:13:33.34 !!! [CE] :: Unknown value: 'Tier7'.
 3:13:33.34 !!! [CE] :: Unknown value: 'Tier8'.
 3:13:33.34 !!! [CE] :: Unknown value: 'Tier9'.
 3:13:33.34 !!! [CE] :: Unknown value: 'Tier7'.
 3:13:33.34 !!! [CE] :: Unknown value: 'Tier8'.
 3:13:33.34 !!! [CE] :: Unknown value: 'Tier9'.
 3:13:33.34 !!! [CE] :: Unknown value: 'Tier7'.
 3:13:33.34 !!! [CE] :: Unknown value: 'Tier8'.
 3:13:33.34 !!! [CE] :: Unknown value: 'Tier9'.
 3:13:33.34 !!! [CE] :: Unknown value: 'Tier7'.
 3:13:33.34 !!! [CE] :: Unknown value: 'Tier8'.
 3:13:33.34 !!! [CE] :: Unknown value: 'Tier9'.
 3:13:33.34 !!! [CE] :: Unknown value: 'Tier7'.
 3:13:33.34 !!! [CE] :: Unknown value: 'Tier8'.
 3:13:33.34 !!! [CE] :: Unknown value: 'Tier9'.
 3:13:33.34 !!! [CE] :: Unknown value: 'Tier7'.
 3:13:33.34 !!! [CE] :: Unknown value: 'Tier8'.
 3:13:33.34 !!! [CE] :: Unknown value: 'Tier9'.
 3:13:33.34 !!! [CE] :: Unknown value: 'Tier7'.
 3:13:33.34 !!! [CE] :: Unknown value: 'Tier8'.
 3:13:33.34 !!! [CE] :: Unknown value: 'Tier9'.
 3:13:33.34 !!! [CE] :: Unknown value: 'Tier7'.
 3:13:33.34 !!! [CE] :: Unknown value: 'Tier8'.
 3:13:33.34 !!! [CE] :: Unknown value: 'Tier9'.
 3:13:33.34 !!! [CE] :: Unknown value: 'Tier7'.
 3:13:33.34 !!! [CE] :: Unknown value: 'Tier8'.
 3:13:33.34 !!! [CE] :: Unknown value: 'Tier9'.
 3:13:33.34 !!! [CE] :: Unknown value: 'Tier7'.
 3:13:33.34 !!! [CE] :: Unknown value: 'Tier8'.
 3:13:33.34 !!! [CE] :: Unknown value: 'Tier9'.
 3:13:33.34 !!! [CE] :: Unknown value: 'Tier7'.
 3:13:33.34 !!! [CE] :: Unknown value: 'Tier8'.
 3:13:33.34 !!! [CE] :: Unknown value: 'Tier9'.
 3:13:33.34 !!! [CE] :: Unknown value: 'Tier7'.
 3:13:33.34 !!! [CE] :: Unknown value: 'Tier8'.
 3:13:33.34 !!! [CE] :: Unknown value: 'Tier9'.
 3:13:33.34 !!! [CE] :: Unknown value: 'Tier7'.
 3:13:33.34 !!! [CE] :: Unknown value: 'Tier8'.
 3:13:33.34 !!! [CE] :: Unknown value: 'Tier9'.
 3:13:33.34 !!! [CE] :: Unknown value: 'Tier7'.
 3:13:33.34 !!! [CE] :: Unknown value: 'Tier8'.
 3:13:33.34 !!! [CE] :: Unknown value: 'Tier9'.
 3:13:33.34 !!! [CE] :: Unknown value: 'Tier7'.
 3:13:33.34 !!! [CE] :: Unknown value: 'Tier8'.
 3:13:33.34 !!! [CE] :: Unknown value: 'Tier9'.
 3:13:33.34 !!! [CE] :: Unknown value: 'Tier7'.
 3:13:33.34 !!! [CE] :: Unknown value: 'Tier8'.
 3:13:33.34 !!! [CE] :: Unknown value: 'Tier9'.
 3:13:33.34 !!! [CE] :: Unknown value: 'Tier7'.
 3:13:33.34 !!! [CE] :: Unknown value: 'Tier8'.
 3:13:33.34 !!! [CE] :: Unknown value: 'Tier9'.
 3:13:33.34 !!! [CE] :: Unknown value: 'Tier7'.
 3:13:33.34 !!! [CE] :: Unknown value: 'Tier8'.
 3:13:33.34 !!! [CE] :: Unknown value: 'Tier9'.
 3:13:33.34 !!! [CE] :: Unknown value: 'Tier7'.
 3:13:33.34 !!! [CE] :: Unknown value: 'Tier8'.
 3:13:33.34 !!! [CE] :: Unknown value: 'Tier9'.
 3:13:33.34 !!! [CE] :: Unknown value: 'Tier7'.
 3:13:33.34 !!! [CE] :: Unknown value: 'Tier8'.
 3:13:33.34 !!! [CE] :: Unknown value: 'Tier9'.
 3:13:33.34 !!! [CE] :: Unknown value: 'Tier7'.
 3:13:33.34 !!! [CE] :: Unknown value: 'Tier8'.
 3:13:33.34 !!! [CE] :: Unknown value: 'Tier9'.
 3:13:33.34 !!! [CE] :: Unknown value: 'Tier7'.
 3:13:33.34 !!! [CE] :: Unknown value: 'Tier8'.
 3:13:33.34 !!! [CE] :: Unknown value: 'Tier9'.
 3:13:33.34 !!! [CE] :: Unknown value: 'Tier7'.
 3:13:33.34 !!! [CE] :: Unknown value: 'Tier8'.
 3:13:33.34 !!! [CE] :: Unknown value: 'Tier9'.
 3:13:33.34 !!! [CE] :: Unknown value: 'Tier7'.
 3:13:33.34 !!! [CE] :: Unknown value: 'Tier8'.
 3:13:33.34 !!! [CE] :: Unknown value: 'Tier9'.
 3:13:33.34 !!! [CE] :: Unknown value: 'Tier7'.
 3:13:33.34 !!! [CE] :: Unknown value: 'Tier8'.
 3:13:33.34 !!! [CE] :: Unknown value: 'Tier9'.
 3:13:33.34 !!! [CE] :: Unknown value: 'Tier7'.
 3:13:33.34 !!! [CE] :: Unknown value: 'Tier8'.
 3:13:33.34 !!! [CE] :: Unknown value: 'Tier9'.
 3:13:33.34 !!! [CE] :: Unknown value: 'Tier7'.
 3:13:33.34 !!! [CE] :: Unknown value: 'Tier8'.
 3:13:33.34 !!! [CE] :: Unknown value: 'Tier9'.
 3:13:33.34 !!! [CE] :: Unknown value: 'Tier7'.
 3:13:33.34 !!! [CE] :: Unknown value: 'Tier8'.
 3:13:33.34 !!! [CE] :: Unknown value: 'Tier9'.
 3:13:33.34 !!! [CE] :: Unknown value: 'Tier7'.
 3:13:33.34 !!! [CE] :: Unknown value: 'Tier8'.
 3:13:33.34 !!! [CE] :: Unknown value: 'Tier9'.
 3:13:33.34 !!! [CE] :: Unknown value: 'Tier7'.
 3:13:33.34 !!! [CE] :: Unknown value: 'Tier8'.
 3:13:33.34 !!! [CE] :: Unknown value: 'Tier9'.
 3:13:33.34 !!! [CE] :: Unknown value: 'Tier7'.
 3:13:33.34 !!! [CE] :: Unknown value: 'Tier8'.
 3:13:33.34 !!! [CE] :: Unknown value: 'Tier9'.
 3:13:33.34 !!! [CE] :: Unknown value: 'Tier7'.
 3:13:33.34 !!! [CE] :: Unknown value: 'Tier8'.
 3:13:33.34 !!! [CE] :: Unknown value: 'Tier9'.
 3:13:33.34 !!! [CE] :: Unknown value: 'Tier7'.
 3:13:33.34 !!! [CE] :: Unknown value: 'Tier8'.
 3:13:33.34 !!! [CE] :: Unknown value: 'Tier9'.
 3:13:33.34 !!! [CE] :: Unknown value: 'Tier7'.
 3:13:33.34 !!! [CE] :: Unknown value: 'Tier8'.
 3:13:33.34 !!! [CE] :: Unknown value: 'Tier9'.
 3:13:33.34 !!! [CE] :: Unknown value: 'Tier7'.
 3:13:33.34 !!! [CE] :: Unknown value: 'Tier8'.
 3:13:33.34 !!! [CE] :: Unknown value: 'Tier9'.
 3:13:33.34 !!! [CE] :: Unknown value: 'Tier7'.
 3:13:33.34 !!! [CE] :: Unknown value: 'Tier8'.
 3:13:33.34 !!! [CE] :: Unknown value: 'Tier9'.
 3:13:33.34 !!! [CE] :: Unknown value: 'Tier7'.
 3:13:33.34 !!! [CE] :: Unknown value: 'Tier8'.
 3:13:33.34 !!! [CE] :: Unknown value: 'Tier9'.
 3:13:33.34 !!! [CE] :: Unknown value: 'Tier7'.
 3:13:33.34 !!! [CE] :: Unknown value: 'Tier8'.
 3:13:33.34 !!! [CE] :: Unknown value: 'Tier9'.
 3:13:33.34 !!! [CE] :: Unknown value: 'Tier7'.
 3:13:33.34 !!! [CE] :: Unknown value: 'Tier8'.
 3:13:33.34 !!! [CE] :: Unknown value: 'Tier9'.
 3:13:33.34 !!! [CE] :: Unknown value: 'Tier7'.
 3:13:33.34 !!! [CE] :: Unknown value: 'Tier8'.
 3:13:33.34 !!! [CE] :: Unknown value: 'Tier9'.
 3:13:33.34 !!! [CE] :: Unknown value: 'Tier7'.
 3:13:33.34 !!! [CE] :: Unknown value: 'Tier8'.
 3:13:33.34 !!! [CE] :: Unknown value: 'Tier9'.
 3:13:33.34 !!! [CE] :: Unknown value: 'Tier7'.
 3:13:33.34 !!! [CE] :: Unknown value: 'Tier8'.
 3:13:33.34 !!! [CE] :: Unknown value: 'Tier9'.
 3:13:33.34 !!! [CE] :: Unknown value: 'Tier7'.
 3:13:33.34 !!! [CE] :: Unknown value: 'Tier8'.
 3:13:33.34 !!! [CE] :: Unknown value: 'Tier9'.
 3:13:33.34 !!! [CE] :: Unknown value: 'Tier7'.
 3:13:33.34 !!! [CE] :: Unknown value: 'Tier8'.
 3:13:33.34 !!! [CE] :: Unknown value: 'Tier9'.
 3:13:33.34 !!! [CE] :: Unknown value: 'Tier7'.
 3:13:33.34 !!! [CE] :: Unknown value: 'Tier8'.
 3:13:33.34 !!! [CE] :: Unknown value: 'Tier9'.
 3:13:33.34 !!! [CE] :: Unknown value: 'Tier7'.
 3:13:33.34 !!! [CE] :: Unknown value: 'Tier8'.
 3:13:33.34 !!! [CE] :: Unknown value: 'Tier9'.
 3:13:33.34 !!! [CE] :: Unknown value: 'Tier7'.
 3:13:33.34 !!! [CE] :: Unknown value: 'Tier8'.
 3:13:33.34 !!! [CE] :: Unknown value: 'Tier9'.
 3:13:33.34 !!! [CE] :: Unknown value: 'Tier7'.
 3:13:33.34 !!! [CE] :: Unknown value: 'Tier8'.
 3:13:33.34 !!! [CE] :: Unknown value: 'Tier9'.
 3:13:33.34 !!! [CE] :: Unknown value: 'Tier7'.
 3:13:33.34 !!! [CE] :: Unknown value: 'Tier8'.
 3:13:33.34 !!! [CE] :: Unknown value: 'Tier9'.
 3:13:33.34 !!! [CE] :: Unknown value: 'Tier7'.
 3:13:33.34 !!! [CE] :: Unknown value: 'Tier8'.
 3:13:33.34 !!! [CE] :: Unknown value: 'Tier9'.
 3:13:33.34 !!! [CE] :: Unknown value: 'Tier7'.
 3:13:33.34 !!! [CE] :: Unknown value: 'Tier8'.
 3:13:33.34 !!! [CE] :: Unknown value: 'Tier9'.
 3:13:33.34 !!! [CE] :: Unknown value: 'Tier7'.
 3:13:33.34 !!! [CE] :: Unknown value: 'Tier8'.
 3:13:33.34 !!! [CE] :: Unknown value: 'Tier9'.
 3:13:33.34 !!! [CE] :: Unknown value: 'Tier7'.
 3:13:33.34 !!! [CE] :: Unknown value: 'Tier8'.
 3:13:33.34 !!! [CE] :: Unknown value: 'Tier9'.
 3:13:33.34 !!! [CE] :: Unknown value: 'Tier7'.
 3:13:33.34 !!! [CE] :: Unknown value: 'Tier8'.
 3:13:33.34 !!! [CE] :: Unknown value: 'Tier9'.
 3:13:33.34 !!! [CE] :: Unknown value: 'Tier7'.
 3:13:33.34 !!! [CE] :: Unknown value: 'Tier8'.
 3:13:33.34 !!! [CE] :: Unknown value: 'Tier9'.
 3:13:33.34 !!! [CE] :: Unknown value: 'Tier7'.
 3:13:33.34 !!! [CE] :: Unknown value: 'Tier8'.
 3:13:33.34 !!! [CE] :: Unknown value: 'Tier9'.
 3:13:33.34 !!! [CE] :: Unknown value: 'Tier7'.
 3:13:33.34 !!! [CE] :: Unknown value: 'Tier8'.
 3:13:33.34 !!! [CE] :: Unknown value: 'Tier9'.
 3:13:33.34 !!! [CE] :: Unknown value: 'Tier7'.
 3:13:33.34 !!! [CE] :: Unknown value: 'Tier8'.
 3:13:33.34 !!! [CE] :: Unknown value: 'Tier9'.
 3:13:33.34 !!! [CE] :: Unknown value: 'Tier7'.
 3:13:33.34 !!! [CE] :: Unknown value: 'Tier8'.
 3:13:33.34 !!! [CE] :: Unknown value: 'Tier9'.
 3:13:33.34 !!! [CE] :: Unknown value: 'Tier7'.
 3:13:33.34 !!! [CE] :: Unknown value: 'Tier8'.
 3:13:33.34 !!! [CE] :: Unknown value: 'Tier9'.
 3:13:33.34 !!! [CE] :: Unknown value: 'Tier7'.
 3:13:33.34 !!! [CE] :: Unknown value: 'Tier8'.
 3:13:33.34 !!! [CE] :: Unknown value: 'Tier9'.
 3:13:33.34 !!! [CE] :: Unknown value: 'Tier7'.
 3:13:33.34 !!! [CE] :: Unknown value: 'Tier8'.
 3:13:33.34 !!! [CE] :: Unknown value: 'Tier9'.
 3:13:33.34 !!! [CE] :: Unknown value: 'Tier7'.
 3:13:33.34 !!! [CE] :: Unknown value: 'Tier8'.
 3:13:33.34 !!! [CE] :: Unknown value: 'Tier9'.
 3:13:33.34 !!! [CE] :: Unknown value: 'Tier7'.
 3:13:33.34 !!! [CE] :: Unknown value: 'Tier8'.
 3:13:33.34 !!! [CE] :: Unknown value: 'Tier9'.
 3:13:33.34 !!! [CE] :: Unknown value: 'Tier7'.
 3:13:33.34 !!! [CE] :: Unknown value: 'Tier8'.
 3:13:33.34 !!! [CE] :: Unknown value: 'Tier9'.
 3:13:33.34 !!! [CE] :: Unknown value: 'Tier7'.
 3:13:33.34 !!! [CE] :: Unknown value: 'Tier8'.
 3:13:33.34 !!! [CE] :: Unknown value: 'Tier9'.
 3:13:33.34 !!! [CE] :: Unknown value: 'Tier7'.
 3:13:33.34 !!! [CE] :: Unknown value: 'Tier8'.
 3:13:33.34 !!! [CE] :: Unknown value: 'Tier9'.
 3:13:33.34 !!! [CE] :: Unknown value: 'Tier7'.
 3:13:33.34 !!! [CE] :: Unknown value: 'Tier8'.
 3:13:33.34 !!! [CE] :: Unknown value: 'Tier9'.
 3:13:33.34 !!! [CE] :: Unknown value: 'Tier7'.
 3:13:33.34 !!! [CE] :: Unknown value: 'Tier8'.
 3:13:33.34 !!! [CE] :: Unknown value: 'Tier9'.
 3:13:33.34 !!! [CE] :: Unknown value: 'Tier7'.
 3:13:33.34 !!! [CE] :: Unknown value: 'Tier8'.
 3:13:33.34 !!! [CE] :: Unknown value: 'Tier9'.
 3:13:33.34 !!! [CE] :: Unknown value: 'Tier7'.
 3:13:33.34 !!! [CE] :: Unknown value: 'Tier8'.
 3:13:33.34 !!! [CE] :: Unknown value: 'Tier9'.
 3:13:33.34 !!! [CE] :: Unknown value: 'Tier7'.
 3:13:33.34 !!! [CE] :: Unknown value: 'Tier8'.
 3:13:33.34 !!! [CE] :: Unknown value: 'Tier9'.
 3:13:33.34 !!! [CE] :: Unknown value: 'Tier7'.
 3:13:33.34 !!! [CE] :: Unknown value: 'Tier8'.
 3:13:33.34 !!! [CE] :: Unknown value: 'Tier9'.
 3:13:33.34 !!! [CE] :: Unknown value: 'Tier7'.
 3:13:33.34 !!! [CE] :: Unknown value: 'Tier8'.
 3:13:33.34 !!! [CE] :: Unknown value: 'Tier9'.
 3:13:33.34 !!! [CE] :: Unknown value: 'Tier7'.
 3:13:33.34 !!! [CE] :: Unknown value: 'Tier8'.
 3:13:33.34 !!! [CE] :: Unknown value: 'Tier9'.
 3:13:33.34 !!! [CE] :: Unknown value: 'Tier7'.
 3:13:33.34 !!! [CE] :: Unknown value: 'Tier8'.
 3:13:33.34 !!! [CE] :: Unknown value: 'Tier9'.
 3:13:33.34 !!! [CE] :: Unknown value: 'Tier7'.
 3:13:33.34 !!! [CE] :: Unknown value: 'Tier8'.
 3:13:33.34 !!! [CE] :: Unknown value: 'Tier9'.
 3:13:33.34 !!! [CE] :: Unknown value: 'Tier7'.
 3:13:33.34 !!! [CE] :: Unknown value: 'Tier8'.
 3:13:33.34 !!! [CE] :: Unknown value: 'Tier9'.
 3:13:33.34 !!! [CE] :: Unknown value: 'Tier7'.
 3:13:33.34 !!! [CE] :: Unknown value: 'Tier8'.
 3:13:33.34 !!! [CE] :: Unknown value: 'Tier9'.
 3:13:33.34 !!! [CE] :: Unknown value: 'Tier7'.
 3:13:33.34 !!! [CE] :: Unknown value: 'Tier8'.
 3:13:33.34 !!! [CE] :: Unknown value: 'Tier9'.
 3:13:33.34 !!! [CE] :: Unknown value: 'Tier7'.
 3:13:33.34 !!! [CE] :: Unknown value: 'Tier8'.
 3:13:33.34 !!! [CE] :: Unknown value: 'Tier9'.
 3:13:33.34 !!! [CE] :: Unknown value: 'Tier7'.
 3:13:33.34 !!! [CE] :: Unknown value: 'Tier8'.
 3:13:33.34 !!! [CE] :: Unknown value: 'Tier9'.
 3:13:33.34 !!! [CE] :: Unknown value: 'Tier7'.
 3:13:33.34 !!! [CE] :: Unknown value: 'Tier8'.
 3:13:33.34 !!! [CE] :: Unknown value: 'Tier9'.
 3:13:33.34 !!! [CE] :: Unknown value: 'Tier7'.
 3:13:33.34 !!! [CE] :: Unknown value: 'Tier8'.
 3:13:33.34 !!! [CE] :: Unknown value: 'Tier9'.
 3:13:33.34 !!! [CE] :: Unknown value: 'Tier7'.
 3:13:33.34 !!! [CE] :: Unknown value: 'Tier8'.
 3:13:33.34 !!! [CE] :: Unknown value: 'Tier9'.
 3:13:33.34 !!! [CE] :: Unknown value: 'Tier7'.
 3:13:33.34 !!! [CE] :: Unknown value: 'Tier8'.
 3:13:33.34 !!! [CE] :: Unknown value: 'Tier9'.
 3:13:33.34 !!! [CE] :: Unknown value: 'Tier7'.
 3:13:33.34 !!! [CE] :: Unknown value: 'Tier8'.
 3:13:33.34 !!! [CE] :: Unknown value: 'Tier9'.
 3:13:33.34 !!! [CE] :: Unknown value: 'Tier7'.
 3:13:33.34 !!! [CE] :: Unknown value: 'Tier8'.
 3:13:33.34 !!! [CE] :: Unknown value: 'Tier9'.
 3:13:33.34 !!! [CE] :: Unknown value: 'Tier7'.
 3:13:33.34 !!! [CE] :: Unknown value: 'Tier8'.
 3:13:33.34 !!! [CE] :: Unknown value: 'Tier9'.
 3:13:33.34 !!! [CE] :: Unknown value: 'Tier7'.
 3:13:33.34 !!! [CE] :: Unknown value: 'Tier8'.
 3:13:33.34 !!! [CE] :: Unknown value: 'Tier9'.
 3:13:33.34 !!! [CE] :: Unknown value: 'Tier7'.
 3:13:33.34 !!! [CE] :: Unknown value: 'Tier8'.
 3:13:33.34 !!! [CE] :: Unknown value: 'Tier9'.
 3:13:33.34 !!! [CE] :: Unknown value: 'Tier7'.
 3:13:33.34 !!! [CE] :: Unknown value: 'Tier8'.
 3:13:33.34 !!! [CE] :: Unknown value: 'Tier9'.
 3:13:33.34 !!! [CE] :: Unknown value: 'Tier7'.
 3:13:33.34 !!! [CE] :: Unknown value: 'Tier8'.
 3:13:33.34 !!! [CE] :: Unknown value: 'Tier9'.
 3:13:33.34 !!! [CE] :: Unknown value: 'Tier7'.
 3:13:33.34 !!! [CE] :: Unknown value: 'Tier8'.
 3:13:33.34 !!! [CE] :: Unknown value: 'Tier9'.
 3:13:33.34 !!! [CE] :: Unknown value: 'Tier7'.
 3:13:33.34 !!! [CE] :: Unknown value: 'Tier8'.
 3:13:33.34 !!! [CE] :: Unknown value: 'Tier9'.
 3:13:33.34 !!! [CE] :: Unknown value: 'Tier7'.
 3:13:33.34 !!! [CE] :: Unknown value: 'Tier8'.
 3:13:33.34 !!! [CE] :: Unknown value: 'Tier9'.
 3:13:33.34 !!! [CE] :: Unknown value: 'Tier7'.
 3:13:33.34 !!! [CE] :: Unknown value: 'Tier8'.
 3:13:33.34 !!! [CE] :: Unknown value: 'Tier9'.
 3:13:33.34 !!! [CE] :: Unknown value: 'Tier7'.
 3:13:33.34 !!! [CE] :: Unknown value: 'Tier8'.
 3:13:33.34 !!! [CE] :: Unknown value: 'Tier9'.
 3:13:33.34 !!! [CE] :: Unknown value: 'Tier7'.
 3:13:33.34 !!! [CE] :: Unknown value: 'Tier8'.
 3:13:33.34 !!! [CE] :: Unknown value: 'Tier9'.
 3:13:33.34 !!! [CE] :: Unknown value: 'Tier7'.
 3:13:33.34 !!! [CE] :: Unknown value: 'Tier8'.
 3:13:33.34 !!! [CE] :: Unknown value: 'Tier9'.
 3:13:33.34 !!! [CE] :: Unknown value: 'Tier7'.
 3:13:33.34 !!! [CE] :: Unknown value: 'Tier8'.
 3:13:33.34 !!! [CE] :: Unknown value: 'Tier9'.
 3:13:33.34 !!! [CE] :: Unknown value: 'Tier7'.
 3:13:33.34 !!! [CE] :: Unknown value: 'Tier8'.
 3:13:33.34 !!! [CE] :: Unknown value: 'Tier9'.
 3:13:33.34 !!! [CE] :: Unknown value: 'Tier7'.
 3:13:33.34 !!! [CE] :: Unknown value: 'Tier8'.
 3:13:33.34 !!! [CE] :: Unknown value: 'Tier9'.
 3:13:33.34 !!! [CE] :: Unknown value: 'Tier7'.
 3:13:33.34 !!! [CE] :: Unknown value: 'Tier8'.
 3:13:33.34 !!! [CE] :: Unknown value: 'Tier9'.
 3:13:33.34 !!! [CE] :: Unknown value: 'Tier7'.
 3:13:33.34 !!! [CE] :: Unknown value: 'Tier8'.
 3:13:33.34 !!! [CE] :: Unknown value: 'Tier9'.
 3:13:33.34 !!! [CE] :: Unknown value: 'Tier7'.
 3:13:33.34 !!! [CE] :: Unknown value: 'Tier8'.
 3:13:33.34 !!! [CE] :: Unknown value: 'Tier9'.
 3:13:33.34 !!! [CE] :: Unknown value: 'Tier7'.
 3:13:33.34 !!! [CE] :: Unknown value: 'Tier8'.
 3:13:33.34 !!! [CE] :: Unknown value: 'Tier9'.
 3:13:33.34 !!! [CE] :: Unknown value: 'Tier7'.
 3:13:33.34 !!! [CE] :: Unknown value: 'Tier8'.
 3:13:33.34 !!! [CE] :: Unknown value: 'Tier9'.
 3:13:33.34 !!! [CE] :: Unknown value: 'Tier7'.
 3:13:33.34 !!! [CE] :: Unknown value: 'Tier8'.
 3:13:33.34 !!! [CE] :: Unknown value: 'Tier9'.
 3:13:33.34 !!! [CE] :: Unknown value: 'Tier7'.
 3:13:33.34 !!! [CE] :: Unknown value: 'Tier8'.
 3:13:33.34 !!! [CE] :: Unknown value: 'Tier9'.
 3:13:33.34 !!! [CE] :: Unknown value: 'Tier7'.
 3:13:33.34 !!! [CE] :: Unknown value: 'Tier8'.
 3:13:33.34 !!! [CE] :: Unknown value: 'Tier9'.
 3:13:33.34 !!! [CE] :: Unknown value: 'Tier7'.
 3:13:33.34 !!! [CE] :: Unknown value: 'Tier8'.
 3:13:33.34 !!! [CE] :: Unknown value: 'Tier9'.
 3:13:33.34 !!! [CE] :: Unknown value: 'Tier7'.
 3:13:33.34 !!! [CE] :: Unknown value: 'Tier8'.
 3:13:33.34 !!! [CE] :: Unknown value: 'Tier9'.
 3:13:33.34 !!! [CE] :: Unknown value: 'Tier7'.
 3:13:33.34 !!! [CE] :: Unknown value: 'Tier8'.
 3:13:33.34 !!! [CE] :: Unknown value: 'Tier9'.
 3:13:33.34 !!! [CE] :: Unknown value: 'Tier7'.
 3:13:33.34 !!! [CE] :: Unknown value: 'Tier8'.
 3:13:33.34 !!! [CE] :: Unknown value: 'Tier9'.
 3:13:33.34 !!! [CE] :: Unknown value: 'Tier7'.
 3:13:33.34 !!! [CE] :: Unknown value: 'Tier8'.
 3:13:33.34 !!! [CE] :: Unknown value: 'Tier9'.
 3:13:33.34 !!! [CE] :: Unknown value: 'Tier7'.
 3:13:33.34 !!! [CE] :: Unknown value: 'Tier8'.
 3:13:33.34 !!! [CE] :: Unknown value: 'Tier9'.
 3:13:33.34 !!! [CE] :: Unknown value: 'Tier7'.
 3:13:33.34 !!! [CE] :: Unknown value: 'Tier8'.
 3:13:33.34 !!! [CE] :: Unknown value: 'Tier9'.
 3:13:33.34 !!! [CE] :: Unknown value: 'Tier7'.
 3:13:33.34 !!! [CE] :: Unknown value: 'Tier8'.
 3:13:33.34 !!! [CE] :: Unknown value: 'Tier9'.
 3:13:33.34 !!! [CE] :: Unknown value: 'Tier7'.
 3:13:33.34 !!! [CE] :: Unknown value: 'Tier8'.
 3:13:33.34 !!! [CE] :: Unknown value: 'Tier9'.
 3:13:33.34 !!! [CE] :: Unknown value: 'Tier7'.
 3:13:33.34 !!! [CE] :: Unknown value: 'Tier8'.
 3:13:33.34 !!! [CE] :: Unknown value: 'Tier9'.
 3:13:33.34 !!! [CE] :: Unknown value: 'Tier7'.
 3:13:33.34 !!! [CE] :: Unknown value: 'Tier8'.
 3:13:33.34 !!! [CE] :: Unknown value: 'Tier9'.
 3:13:33.34 !!! [CE] :: Unknown value: 'Tier7'.
 3:13:33.34 !!! [CE] :: Unknown value: 'Tier8'.
 3:13:33.34 !!! [CE] :: Unknown value: 'Tier9'.
 3:13:33.34 !!! [CE] :: Unknown value: 'Tier7'.
 3:13:33.34 !!! [CE] :: Unknown value: 'Tier8'.
 3:13:33.34 !!! [CE] :: Unknown value: 'Tier9'.
 3:13:33.34 !!! [CE] :: Unknown value: 'Tier7'.
 3:13:33.34 !!! [CE] :: Unknown value: 'Tier8'.
 3:13:33.34 !!! [CE] :: Unknown value: 'Tier9'.
 3:13:33.34 !!! [CE] :: Unknown value: 'Tier7'.
 3:13:33.34 !!! [CE] :: Unknown value: 'Tier8'.
 3:13:33.34 !!! [CE] :: Unknown value: 'Tier9'.
 3:13:33.34 !!! [CE] :: Unknown value: 'Tier7'.
 3:13:33.34 !!! [CE] :: Unknown value: 'Tier8'.
 3:13:33.34 !!! [CE] :: Unknown value: 'Tier9'.
 3:13:33.34 !!! [CE] :: Unknown value: 'Tier7'.
 3:13:33.34 !!! [CE] :: Unknown value: 'Tier8'.
 3:13:33.34 !!! [CE] :: Unknown value: 'Tier9'.
 3:13:33.34 !!! [CE] :: Unknown value: 'Tier7'.
 3:13:33.34 !!! [CE] :: Unknown value: 'Tier8'.
 3:13:33.34 !!! [CE] :: Unknown value: 'Tier9'.
 3:13:33.34 !!! [CE] :: Unknown value: 'Tier7'.
 3:13:33.34 !!! [CE] :: Unknown value: 'Tier8'.
 3:13:33.34 !!! [CE] :: Unknown value: 'Tier9'.
 3:13:33.34 !!! [CE] :: Unknown value: 'Tier7'.
 3:13:33.34 !!! [CE] :: Unknown value: 'Tier8'.
 3:13:33.34 !!! [CE] :: Unknown value: 'Tier9'.
 3:13:33.34 !!! [CE] :: Unknown value: 'Tier7'.
 3:13:33.34 !!! [CE] :: Unknown value: 'Tier8'.
 3:13:33.34 !!! [CE] :: Unknown value: 'Tier9'.
 3:13:33.34 !!! [CE] :: Unknown value: 'Tier7'.
 3:13:33.34 !!! [CE] :: Unknown value: 'Tier8'.
 3:13:33.34 !!! [CE] :: Unknown value: 'Tier9'.
 3:13:33.34 !!! [CE] :: Unknown value: 'Tier7'.
 3:13:33.34 !!! [CE] :: Unknown value: 'Tier8'.
 3:13:33.34 !!! [CE] :: Unknown value: 'Tier9'.
 3:13:33.34 !!! [CE] :: Unknown value: 'Tier7'.
 3:13:33.34 !!! [CE] :: Unknown value: 'Tier8'.
 3:13:33.34 !!! [CE] :: Unknown value: 'Tier9'.
 3:13:33.34 !!! [CE] :: Unknown value: 'Tier7'.
 3:13:33.34 !!! [CE] :: Unknown value: 'Tier8'.
 3:13:33.34 !!! [CE] :: Unknown value: 'Tier9'.
 3:13:33.34 !!! [CE] :: Unknown value: 'Tier7'.
 3:13:33.34 !!! [CE] :: Unknown value: 'Tier8'.
 3:13:33.34 !!! [CE] :: Unknown value: 'Tier9'.
 3:13:33.34 !!! [CE] :: Unknown value: 'Tier7'.
 3:13:33.34 !!! [CE] :: Unknown value: 'Tier8'.
 3:13:33.34 !!! [CE] :: Unknown value: 'Tier9'.
 3:13:33.34 !!! [CE] :: Unknown value: 'Tier7'.
 3:13:33.34 !!! [CE] :: Unknown value: 'Tier8'.
 3:13:33.34 !!! [CE] :: Unknown value: 'Tier9'.
 3:13:33.34 !!! [CE] :: Unknown value: 'Tier7'.
 3:13:33.34 !!! [CE] :: Unknown value: 'Tier8'.
 3:13:33.34 !!! [CE] :: Unknown value: 'Tier9'.
 3:13:33.34 !!! [CE] :: Unknown value: 'Tier7'.
 3:13:33.34 !!! [CE] :: Unknown value: 'Tier8'.
 3:13:33.34 !!! [CE] :: Unknown value: 'Tier9'.
 3:13:33.34 !!! [CE] :: Unknown value: 'Tier7'.
 3:13:33.34 !!! [CE] :: Unknown value: 'Tier8'.
 3:13:33.34 !!! [CE] :: Unknown value: 'Tier9'.
 3:13:33.34 !!! [CE] :: Unknown value: 'Tier7'.
 3:13:33.34 !!! [CE] :: Unknown value: 'Tier8'.
 3:13:33.34 !!! [CE] :: Unknown value: 'Tier9'.
 3:13:33.34 !!! [CE] :: Unknown value: 'Tier7'.
 3:13:33.34 !!! [CE] :: Unknown value: 'Tier8'.
 3:13:33.34 !!! [CE] :: Unknown value: 'Tier9'.
 3:13:33.34 !!! [CE] :: Unknown value: 'Tier7'.
 3:13:33.34 !!! [CE] :: Unknown value: 'Tier8'.
 3:13:33.34 !!! [CE] :: Unknown value: 'Tier9'.
 3:13:33.34 !!! [CE] :: Unknown value: 'Tier7'.
 3:13:33.34 !!! [CE] :: Unknown value: 'Tier8'.
 3:13:33.34 !!! [CE] :: Unknown value: 'Tier9'.
 3:13:33.34 !!! [CE] :: Unknown value: 'Tier7'.
 3:13:33.34 !!! [CE] :: Unknown value: 'Tier8'.
 3:13:33.34 !!! [CE] :: Unknown value: 'Tier9'.
 3:13:33.34 !!! [CE] :: Unknown value: 'Tier7'.
 3:13:33.34 !!! [CE] :: Unknown value: 'Tier8'.
 3:13:33.34 !!! [CE] :: Unknown value: 'Tier9'.
 3:13:33.34 !!! [CE] :: Unknown value: 'Tier7'.
 3:13:33.34 !!! [CE] :: Unknown value: 'Tier8'.
 3:13:33.34 !!! [CE] :: Unknown value: 'Tier9'.
 3:13:33.34 !!! [CE] :: Unknown value: 'Tier7'.
 3:13:33.34 !!! [CE] :: Unknown value: 'Tier8'.
 3:13:33.34 !!! [CE] :: Unknown value: 'Tier9'.
 3:13:33.34 !!! [CE] :: Unknown value: 'Tier7'.
 3:13:33.34 !!! [CE] :: Unknown value: 'Tier8'.
 3:13:33.34 !!! [CE] :: Unknown value: 'Tier9'.
 3:13:33.34 !!! [CE] :: Unknown value: 'Tier7'.
 3:13:33.34 !!! [CE] :: Unknown value: 'Tier8'.
 3:13:33.34 !!! [CE] :: Unknown value: 'Tier9'.
 3:13:33.34 !!! [CE] :: Unknown value: 'Tier7'.
 3:13:33.34 !!! [CE] :: Unknown value: 'Tier8'.
 3:13:33.34 !!! [CE] :: Unknown value: 'Tier9'.
 3:13:33.34 !!! [CE] :: Unknown value: 'Tier7'.
 3:13:33.34 !!! [CE] :: Unknown value: 'Tier8'.
 3:13:33.34 !!! [CE] :: Unknown value: 'Tier9'.
 3:13:33.34 !!! [CE] :: Unknown value: 'Tier7'.
 3:13:33.34 !!! [CE] :: Unknown value: 'Tier8'.
 3:13:33.34 !!! [CE] :: Unknown value: 'Tier9'.
 3:13:33.34 !!! [CE] :: Unknown value: 'Tier7'.
 3:13:33.34 !!! [CE] :: Unknown value: 'Tier8'.
 3:13:33.34 !!! [CE] :: Unknown value: 'Tier9'.
 3:13:33.34 !!! [CE] :: Unknown value: 'Tier7'.
 3:13:33.34 !!! [CE] :: Unknown value: 'Tier8'.
 3:13:33.34 !!! [CE] :: Unknown value: 'Tier9'.
 3:13:33.34 !!! [CE] :: Unknown value: 'Tier7'.
 3:13:33.34 !!! [CE] :: Unknown value: 'Tier8'.
 3:13:33.34 !!! [CE] :: Unknown value: 'Tier9'.
 3:13:33.34 !!! [CE] :: Unknown value: 'Tier7'.
 3:13:33.34 !!! [CE] :: Unknown value: 'Tier8'.
 3:13:33.34 !!! [CE] :: Unknown value: 'Tier9'.
 3:13:33.34 !!! [CE] :: Unknown value: 'Tier7'.
 3:13:33.34 !!! [CE] :: Unknown value: 'Tier8'.
 3:13:33.34 !!! [CE] :: Unknown value: 'Tier9'.
 3:13:33.34 !!! [CE] :: Unknown value: 'Tier7'.
 3:13:33.34 !!! [CE] :: Unknown value: 'Tier8'.
 3:13:33.34 !!! [CE] :: Unknown value: 'Tier9'.
 3:13:33.34 !!! [CE] :: Unknown value: 'Tier7'.
 3:13:33.34 !!! [CE] :: Unknown value: 'Tier8'.
 3:13:33.34 !!! [CE] :: Unknown value: 'Tier9'.
 3:13:33.34 !!! [CE] :: Unknown value: 'Tier7'.
 3:13:33.34 !!! [CE] :: Unknown value: 'Tier8'.
 3:13:33.34 !!! [CE] :: Unknown value: 'Tier9'.
 3:13:33.34 !!! [CE] :: Unknown value: 'Tier7'.
 3:13:33.34 !!! [CE] :: Unknown value: 'Tier8'.
 3:13:33.34 !!! [CE] :: Unknown value: 'Tier9'.
 3:13:33.34 !!! [CE] :: Unknown value: 'Tier7'.
 3:13:33.34 !!! [CE] :: Unknown value: 'Tier8'.
 3:13:33.34 !!! [CE] :: Unknown value: 'Tier9'.
 3:13:33.34 !!! [CE] :: Unknown value: 'Tier7'.
 3:13:33.34 !!! [CE] :: Unknown value: 'Tier8'.
 3:13:33.34 !!! [CE] :: Unknown value: 'Tier9'.
 3:13:33.34 !!! [CE] :: Unknown value: 'Tier7'.
 3:13:33.34 !!! [CE] :: Unknown value: 'Tier8'.
 3:13:33.34 !!! [CE] :: Unknown value: 'Tier9'.
 3:13:33.35 !!! [CE] :: Unknown value: 'Tier7'.
 3:13:33.35 !!! [CE] :: Unknown value: 'Tier8'.
 3:13:33.35 !!! [CE] :: Unknown value: 'Tier9'.
 3:13:33.35 !!! [CE] :: Unknown value: 'Tier7'.
 3:13:33.35 !!! [CE] :: Unknown value: 'Tier8'.
 3:13:33.35 !!! [CE] :: Unknown value: 'Tier9'.
 3:13:33.35 !!! [CE] :: Unknown value: 'Tier7'.
 3:13:33.35 !!! [CE] :: Unknown value: 'Tier8'.
 3:13:33.35 !!! [CE] :: Unknown value: 'Tier9'.
 3:13:33.35 !!! [CE] :: Unknown value: 'Tier7'.
 3:13:33.35 !!! [CE] :: Unknown value: 'Tier8'.
 3:13:33.35 !!! [CE] :: Unknown value: 'Tier9'.
 3:13:33.35 !!! [CE] :: Unknown value: 'Tier7'.
 3:13:33.35 !!! [CE] :: Unknown value: 'Tier8'.
 3:13:33.35 !!! [CE] :: Unknown value: 'Tier9'.
 3:13:33.35 !!! [CE] :: Unknown value: 'Tier7'.
 3:13:33.35 !!! [CE] :: Unknown value: 'Tier8'.
 3:13:33.35 !!! [CE] :: Unknown value: 'Tier9'.
 3:13:33.35 !!! [CE] :: Unknown value: 'Tier7'.
 3:13:33.35 !!! [CE] :: Unknown value: 'Tier8'.
 3:13:33.35 !!! [CE] :: Unknown value: 'Tier9'.
 3:13:33.35 !!! [CE] :: Unknown value: 'Tier7'.
 3:13:33.35 !!! [CE] :: Unknown value: 'Tier8'.
 3:13:33.35 !!! [CE] :: Unknown value: 'Tier9'.
 3:13:33.35 !!! [CE] :: Unknown value: 'Tier7'.
 3:13:33.35 !!! [CE] :: Unknown value: 'Tier8'.
 3:13:33.35 !!! [CE] :: Unknown value: 'Tier9'.
 3:13:33.35 !!! [CE] :: Unknown value: 'Tier7'.
 3:13:33.35 !!! [CE] :: Unknown value: 'Tier8'.
 3:13:33.35 !!! [CE] :: Unknown value: 'Tier9'.
 3:13:33.35 !!! [CE] :: Unknown value: 'Tier7'.
 3:13:33.35 !!! [CE] :: Unknown value: 'Tier8'.
 3:13:33.35 !!! [CE] :: Unknown value: 'Tier9'.
 3:13:33.35 !!! [CE] :: Unknown value: 'Tier7'.
 3:13:33.35 !!! [CE] :: Unknown value: 'Tier8'.
 3:13:33.35 !!! [CE] :: Unknown value: 'Tier9'.
 3:13:33.35 !!! [CE] :: Unknown value: 'Tier7'.
 3:13:33.35 !!! [CE] :: Unknown value: 'Tier8'.
 3:13:33.35 !!! [CE] :: Unknown value: 'Tier9'.
 3:13:33.35 !!! [CE] :: Unknown value: 'Tier7'.
 3:13:33.35 !!! [CE] :: Unknown value: 'Tier8'.
 3:13:33.35 !!! [CE] :: Unknown value: 'Tier9'.
 3:13:33.35 !!! [CE] :: Unknown value: 'Tier7'.
 3:13:33.35 !!! [CE] :: Unknown value: 'Tier8'.
 3:13:33.35 !!! [CE] :: Unknown value: 'Tier9'.
 3:13:33.35 !!! [CE] :: Unknown value: 'Tier7'.
 3:13:33.35 !!! [CE] :: Unknown value: 'Tier8'.
 3:13:33.35 !!! [CE] :: Unknown value: 'Tier9'.
 3:13:33.35 !!! [CE] :: Unknown value: 'Tier7'.
 3:13:33.35 !!! [CE] :: Unknown value: 'Tier8'.
 3:13:33.35 !!! [CE] :: Unknown value: 'Tier9'.
 3:13:33.35 !!! [CE] :: Unknown value: 'Tier7'.
 3:13:33.35 !!! [CE] :: Unknown value: 'Tier8'.
 3:13:33.35 !!! [CE] :: Unknown value: 'Tier9'.
 3:13:33.35 !!! [CE] :: Unknown value: 'Tier7'.
 3:13:33.35 !!! [CE] :: Unknown value: 'Tier8'.
 3:13:33.35 !!! [CE] :: Unknown value: 'Tier9'.
 3:13:33.35 !!! [CE] :: Unknown value: 'Tier7'.
 3:13:33.35 !!! [CE] :: Unknown value: 'Tier8'.
 3:13:33.35 !!! [CE] :: Unknown value: 'Tier9'.
 3:13:33.35 !!! [CE] :: Unknown value: 'Tier7'.
 3:13:33.35 !!! [CE] :: Unknown value: 'Tier8'.
 3:13:33.35 !!! [CE] :: Unknown value: 'Tier9'.
 3:13:33.35 !!! [CE] :: Unknown value: 'Tier7'.
 3:13:33.35 !!! [CE] :: Unknown value: 'Tier8'.
 3:13:33.35 !!! [CE] :: Unknown value: 'Tier9'.
 3:13:33.35 !!! [CE] :: Unknown value: 'Tier7'.
 3:13:33.35 !!! [CE] :: Unknown value: 'Tier8'.
 3:13:33.35 !!! [CE] :: Unknown value: 'Tier9'.
 3:13:33.35 !!! [CE] :: Unknown value: 'Tier7'.
 3:13:33.35 !!! [CE] :: Unknown value: 'Tier8'.
 3:13:33.35 !!! [CE] :: Unknown value: 'Tier9'.
 3:13:33.35 !!! [CE] :: Unknown value: 'Tier7'.
 3:13:33.35 !!! [CE] :: Unknown value: 'Tier8'.
 3:13:33.35 !!! [CE] :: Unknown value: 'Tier9'.
 3:13:33.35 !!! [CE] :: Unknown value: 'Tier7'.
 3:13:33.35 !!! [CE] :: Unknown value: 'Tier8'.
 3:13:33.35 !!! [CE] :: Unknown value: 'Tier9'.
 3:13:33.35 !!! [CE] :: Unknown value: 'Tier7'.
 3:13:33.35 !!! [CE] :: Unknown value: 'Tier8'.
 3:13:33.35 !!! [CE] :: Unknown value: 'Tier9'.
 3:13:33.35 !!! [CE] :: Unknown value: 'Tier7'.
 3:13:33.35 !!! [CE] :: Unknown value: 'Tier8'.
 3:13:33.35 !!! [CE] :: Unknown value: 'Tier9'.
 3:13:33.35 !!! [CE] :: Unknown value: 'Tier7'.
 3:13:33.35 !!! [CE] :: Unknown value: 'Tier8'.
 3:13:33.35 !!! [CE] :: Unknown value: 'Tier9'.
 3:13:33.35 !!! [CE] :: Unknown value: 'Tier7'.
 3:13:33.35 !!! [CE] :: Unknown value: 'Tier8'.
 3:13:33.35 !!! [CE] :: Unknown value: 'Tier9'.
 3:13:33.35 !!! [CE] :: Unknown value: 'Tier7'.
 3:13:33.35 !!! [CE] :: Unknown value: 'Tier8'.
 3:13:33.35 !!! [CE] :: Unknown value: 'Tier9'.
 3:13:33.35 !!! [CE] :: Unknown value: 'Tier7'.
 3:13:33.35 !!! [CE] :: Unknown value: 'Tier8'.
 3:13:33.35 !!! [CE] :: Unknown value: 'Tier9'.
 3:13:33.35 !!! [CE] :: Unknown value: 'Tier7'.
 3:13:33.35 !!! [CE] :: Unknown value: 'Tier8'.
 3:13:33.35 !!! [CE] :: Unknown value: 'Tier9'.
 3:13:33.35 !!! [CE] :: Unknown value: 'Tier7'.
 3:13:33.35 !!! [CE] :: Unknown value: 'Tier8'.
 3:13:33.35 !!! [CE] :: Unknown value: 'Tier9'.
 3:13:33.35 !!! [CE] :: Unknown value: 'Tier7'.
 3:13:33.35 !!! [CE] :: Unknown value: 'Tier8'.
 3:13:33.35 !!! [CE] :: Unknown value: 'Tier9'.
 3:13:33.35 !!! [CE] :: Unknown value: 'Tier7'.
 3:13:33.35 !!! [CE] :: Unknown value: 'Tier8'.
 3:13:33.35 !!! [CE] :: Unknown value: 'Tier9'.
 3:13:33.35 !!! [CE] :: Unknown value: 'Tier7'.
 3:13:33.35 !!! [CE] :: Unknown value: 'Tier8'.
 3:13:33.35 !!! [CE] :: Unknown value: 'Tier9'.
 3:13:33.35 !!! [CE] :: Unknown value: 'Tier7'.
 3:13:33.35 !!! [CE] :: Unknown value: 'Tier8'.
 3:13:33.35 !!! [CE] :: Unknown value: 'Tier9'.
 3:13:33.35 !!! [CE] :: Unknown value: 'Tier7'.
 3:13:33.35 !!! [CE] :: Unknown value: 'Tier8'.
 3:13:33.35 !!! [CE] :: Unknown value: 'Tier9'.
 3:13:33.35 !!! [CE] :: Unknown value: 'Tier7'.
 3:13:33.35 !!! [CE] :: Unknown value: 'Tier8'.
 3:13:33.35 !!! [CE] :: Unknown value: 'Tier9'.
 3:13:33.35 !!! [CE] :: Unknown value: 'Tier7'.
 3:13:33.35 !!! [CE] :: Unknown value: 'Tier8'.
 3:13:33.35 !!! [CE] :: Unknown value: 'Tier9'.
 3:13:33.35 !!! [CE] :: Unknown value: 'Tier7'.
 3:13:33.35 !!! [CE] :: Unknown value: 'Tier8'.
 3:13:33.35 !!! [CE] :: Unknown value: 'Tier9'.
 3:13:33.35 !!! [CE] :: Unknown value: 'Tier7'.
 3:13:33.35 !!! [CE] :: Unknown value: 'Tier8'.
 3:13:33.35 !!! [CE] :: Unknown value: 'Tier9'.
 3:13:33.35 !!! [CE] :: Unknown value: 'Tier7'.
 3:13:33.35 !!! [CE] :: Unknown value: 'Tier8'.
 3:13:33.35 !!! [CE] :: Unknown value: 'Tier9'.
 3:13:33.35 !!! [CE] :: Unknown value: 'Tier7'.
 3:13:33.35 !!! [CE] :: Unknown value: 'Tier8'.
 3:13:33.35 !!! [CE] :: Unknown value: 'Tier9'.
 3:13:33.35 !!! [CE] :: Unknown value: 'Tier7'.
 3:13:33.35 !!! [CE] :: Unknown value: 'Tier8'.
 3:13:33.35 !!! [CE] :: Unknown value: 'Tier9'.
 3:13:33.35 !!! [CE] :: Unknown value: 'Tier7'.
 3:13:33.35 !!! [CE] :: Unknown value: 'Tier8'.
 3:13:33.35 !!! [CE] :: Unknown value: 'Tier9'.
 3:13:33.35 !!! [CE] :: Unknown value: 'Tier7'.
 3:13:33.35 !!! [CE] :: Unknown value: 'Tier8'.
 3:13:33.35 !!! [CE] :: Unknown value: 'Tier9'.
 3:13:33.35 !!! [CE] :: Unknown value: 'Tier7'.
 3:13:33.35 !!! [CE] :: Unknown value: 'Tier8'.
 3:13:33.35 !!! [CE] :: Unknown value: 'Tier9'.
 3:13:33.35 !!! [CE] :: Unknown value: 'Tier7'.
 3:13:33.35 !!! [CE] :: Unknown value: 'Tier8'.
 3:13:33.35 !!! [CE] :: Unknown value: 'Tier9'.
 3:13:33.35 !!! [CE] :: Unknown value: 'Tier7'.
 3:13:33.35 !!! [CE] :: Unknown value: 'Tier8'.
 3:13:33.35 !!! [CE] :: Unknown value: 'Tier9'.
 3:13:33.35 !!! [CE] :: Unknown value: 'Tier7'.
 3:13:33.35 !!! [CE] :: Unknown value: 'Tier8'.
 3:13:33.35 !!! [CE] :: Unknown value: 'Tier9'.
 3:13:33.35 !!! [CE] :: Unknown value: 'Tier7'.
 3:13:33.35 !!! [CE] :: Unknown value: 'Tier8'.
 3:13:33.35 !!! [CE] :: Unknown value: 'Tier9'.
 3:13:33.35 !!! [CE] :: Unknown value: 'Tier7'.
 3:13:33.35 !!! [CE] :: Unknown value: 'Tier8'.
 3:13:33.35 !!! [CE] :: Unknown value: 'Tier9'.
 3:13:33.35 !!! [CE] :: Unknown value: 'Tier7'.
 3:13:33.35 !!! [CE] :: Unknown value: 'Tier8'.
 3:13:33.35 !!! [CE] :: Unknown value: 'Tier9'.
 3:13:33.35 !!! [CE] :: Unknown value: 'Tier7'.
 3:13:33.35 !!! [CE] :: Unknown value: 'Tier8'.
 3:13:33.35 !!! [CE] :: Unknown value: 'Tier9'.
 3:13:33.35 !!! [CE] :: Unknown value: 'Tier7'.
 3:13:33.35 !!! [CE] :: Unknown value: 'Tier8'.
 3:13:33.35 !!! [CE] :: Unknown value: 'Tier9'.
 3:13:33.35 !!! [CE] :: Unknown value: 'Tier7'.
 3:13:33.35 !!! [CE] :: Unknown value: 'Tier8'.
 3:13:33.35 !!! [CE] :: Unknown value: 'Tier9'.
 3:13:33.35 !!! [CE] :: Unknown value: 'Tier7'.
 3:13:33.35 !!! [CE] :: Unknown value: 'Tier8'.
 3:13:33.35 !!! [CE] :: Unknown value: 'Tier9'.
 3:13:33.35 !!! [CE] :: Unknown value: 'Tier7'.
 3:13:33.35 !!! [CE] :: Unknown value: 'Tier8'.
 3:13:33.35 !!! [CE] :: Unknown value: 'Tier9'.
 3:13:33.35 !!! [CE] :: Unknown value: 'Tier7'.
 3:13:33.35 !!! [CE] :: Unknown value: 'Tier8'.
 3:13:33.35 !!! [CE] :: Unknown value: 'Tier9'.
 3:13:33.35 !!! [CE] :: Unknown value: 'Tier7'.
 3:13:33.35 !!! [CE] :: Unknown value: 'Tier8'.
 3:13:33.35 !!! [CE] :: Unknown value: 'Tier9'.
 3:13:33.35 !!! [CE] :: Unknown value: 'Tier7'.
 3:13:33.35 !!! [CE] :: Unknown value: 'Tier8'.
 3:13:33.35 !!! [CE] :: Unknown value: 'Tier9'.
 3:13:33.35 !!! [CE] :: Unknown value: 'Tier7'.
 3:13:33.35 !!! [CE] :: Unknown value: 'Tier8'.
 3:13:33.35 !!! [CE] :: Unknown value: 'Tier9'.
 3:13:33.35 !!! [CE] :: Unknown value: 'Tier7'.
 3:13:33.35 !!! [CE] :: Unknown value: 'Tier8'.
 3:13:33.35 !!! [CE] :: Unknown value: 'Tier9'.
 3:13:33.35 !!! [CE] :: Unknown value: 'Tier7'.
 3:13:33.35 !!! [CE] :: Unknown value: 'Tier8'.
 3:13:33.35 !!! [CE] :: Unknown value: 'Tier9'.
 3:13:33.35 !!! [CE] :: Unknown value: 'Tier7'.
 3:13:33.35 !!! [CE] :: Unknown value: 'Tier8'.
 3:13:33.35 !!! [CE] :: Unknown value: 'Tier9'.
 3:13:33.35 !!! [CE] :: Unknown value: 'Tier7'.
 3:13:33.35 !!! [CE] :: Unknown value: 'Tier8'.
 3:13:33.35 !!! [CE] :: Unknown value: 'Tier9'.
 3:13:33.35 !!! [CE] :: Unknown value: 'Tier7'.
 3:13:33.35 !!! [CE] :: Unknown value: 'Tier8'.
 3:13:33.35 !!! [CE] :: Unknown value: 'Tier9'.
 3:13:33.35 !!! [CE] :: Unknown value: 'Tier7'.
 3:13:33.35 !!! [CE] :: Unknown value: 'Tier8'.
 3:13:33.35 !!! [CE] :: Unknown value: 'Tier9'.
 3:13:33.35 !!! [CE] :: Unknown value: 'Tier7'.
 3:13:33.35 !!! [CE] :: Unknown value: 'Tier8'.
 3:13:33.35 !!! [CE] :: Unknown value: 'Tier9'.
 3:13:33.35 !!! [CE] :: Unknown value: 'Tier7'.
 3:13:33.35 !!! [CE] :: Unknown value: 'Tier8'.
 3:13:33.35 !!! [CE] :: Unknown value: 'Tier9'.
 3:13:33.35 !!! [CE] :: Unknown value: 'Tier7'.
 3:13:33.35 !!! [CE] :: Unknown value: 'Tier8'.
 3:13:33.35 !!! [CE] :: Unknown value: 'Tier9'.
 3:13:33.35 !!! [CE] :: Unknown value: 'Tier7'.
 3:13:33.35 !!! [CE] :: Unknown value: 'Tier8'.
 3:13:33.35 !!! [CE] :: Unknown value: 'Tier9'.
 3:13:33.35 !!! [CE] :: Unknown value: 'Tier7'.
 3:13:33.35 !!! [CE] :: Unknown value: 'Tier8'.
 3:13:33.35 !!! [CE] :: Unknown value: 'Tier9'.
 3:13:33.35 !!! [CE] :: Unknown value: 'Tier7'.
 3:13:33.35 !!! [CE] :: Unknown value: 'Tier8'.
 3:13:33.35 !!! [CE] :: Unknown value: 'Tier9'.
 3:13:33.35 !!! [CE] :: Unknown value: 'Tier7'.
 3:13:33.35 !!! [CE] :: Unknown value: 'Tier8'.
 3:13:33.35 !!! [CE] :: Unknown value: 'Tier9'.
 3:13:33.35 !!! [CE] :: Unknown value: 'Tier7'.
 3:13:33.35 !!! [CE] :: Unknown value: 'Tier8'.
 3:13:33.35 !!! [CE] :: Unknown value: 'Tier9'.
 3:13:33.35 !!! [CE] :: Unknown value: 'Tier7'.
 3:13:33.35 !!! [CE] :: Unknown value: 'Tier8'.
 3:13:33.35 !!! [CE] :: Unknown value: 'Tier9'.
 3:13:33.35 !!! [CE] :: Unknown value: 'Tier7'.
 3:13:33.35 !!! [CE] :: Unknown value: 'Tier8'.
 3:13:33.35 !!! [CE] :: Unknown value: 'Tier9'.
 3:13:33.35 !!! [CE] :: Unknown value: 'Tier7'.
 3:13:33.35 !!! [CE] :: Unknown value: 'Tier8'.
 3:13:33.35 !!! [CE] :: Unknown value: 'Tier9'.
 3:13:33.35 !!! [CE] :: Unknown value: 'Tier7'.
 3:13:33.35 !!! [CE] :: Unknown value: 'Tier8'.
 3:13:33.35 !!! [CE] :: Unknown value: 'Tier9'.
 3:13:33.35 !!! [CE] :: Unknown value: 'Tier7'.
 3:13:33.35 !!! [CE] :: Unknown value: 'Tier8'.
 3:13:33.35 !!! [CE] :: Unknown value: 'Tier9'.
 3:13:33.35 !!! [CE] :: Unknown value: 'Tier7'.
 3:13:33.35 !!! [CE] :: Unknown value: 'Tier8'.
 3:13:33.35 !!! [CE] :: Unknown value: 'Tier9'.
 3:13:33.35 !!! [CE] :: Unknown value: 'Tier7'.
 3:13:33.35 !!! [CE] :: Unknown value: 'Tier8'.
 3:13:33.35 !!! [CE] :: Unknown value: 'Tier9'.
 3:13:33.35 !!! [CE] :: Unknown value: 'Tier7'.
 3:13:33.35 !!! [CE] :: Unknown value: 'Tier8'.
 3:13:33.35 !!! [CE] :: Unknown value: 'Tier9'.
 3:13:33.35 !!! [CE] :: Unknown value: 'Tier7'.
 3:13:33.35 !!! [CE] :: Unknown value: 'Tier8'.
 3:13:33.35 !!! [CE] :: Unknown value: 'Tier9'.
 3:13:33.35 !!! [CE] :: Unknown value: 'Tier7'.
 3:13:33.35 !!! [CE] :: Unknown value: 'Tier8'.
 3:13:33.35 !!! [CE] :: Unknown value: 'Tier9'.
 3:13:33.35 !!! [CE] :: Unknown value: 'Tier7'.
 3:13:33.35 !!! [CE] :: Unknown value: 'Tier8'.
 3:13:33.35 !!! [CE] :: Unknown value: 'Tier9'.
 3:13:33.35 !!! [CE] :: Unknown value: 'Tier7'.
 3:13:33.35 !!! [CE] :: Unknown value: 'Tier8'.
 3:13:33.35 !!! [CE] :: Unknown value: 'Tier9'.
 3:13:33.35 !!! [CE] :: Unknown value: 'Tier7'.
 3:13:33.35 !!! [CE] :: Unknown value: 'Tier8'.
 3:13:33.35 !!! [CE] :: Unknown value: 'Tier9'.
 3:13:33.35 !!! [CE] :: Unknown value: 'Tier7'.
 3:13:33.35 !!! [CE] :: Unknown value: 'Tier8'.
 3:13:33.35 !!! [CE] :: Unknown value: 'Tier9'.
 3:13:33.35 !!! [CE] :: Unknown value: 'Tier7'.
 3:13:33.35 !!! [CE] :: Unknown value: 'Tier8'.
 3:13:33.35 !!! [CE] :: Unknown value: 'Tier9'.
 3:13:33.35 !!! [CE] :: Unknown value: 'Tier7'.
 3:13:33.35 !!! [CE] :: Unknown value: 'Tier8'.
 3:13:33.35 !!! [CE] :: Unknown value: 'Tier9'.
 3:13:33.35 !!! [CE] :: Unknown value: 'Tier7'.
 3:13:33.35 !!! [CE] :: Unknown value: 'Tier8'.
 3:13:33.35 !!! [CE] :: Unknown value: 'Tier9'.
 3:13:33.35 !!! [CE] :: Unknown value: 'Tier7'.
 3:13:33.35 !!! [CE] :: Unknown value: 'Tier8'.
 3:13:33.35 !!! [CE] :: Unknown value: 'Tier9'.
 3:13:33.35 !!! [CE] :: Unknown value: 'Tier7'.
 3:13:33.35 !!! [CE] :: Unknown value: 'Tier8'.
 3:13:33.35 !!! [CE] :: Unknown value: 'Tier9'.
 3:13:33.35 !!! [CE] :: Unknown value: 'Tier7'.
 3:13:33.35 !!! [CE] :: Unknown value: 'Tier8'.
 3:13:33.35 !!! [CE] :: Unknown value: 'Tier9'.
 3:13:33.35 !!! [CE] :: Unknown value: 'Tier7'.
 3:13:33.35 !!! [CE] :: Unknown value: 'Tier8'.
 3:13:33.35 !!! [CE] :: Unknown value: 'Tier9'.
 3:13:33.35 !!! [CE] :: Unknown value: 'Tier7'.
 3:13:33.35 !!! [CE] :: Unknown value: 'Tier8'.
 3:13:33.35 !!! [CE] :: Unknown value: 'Tier9'.
 3:13:33.35 !!! [CE] :: Unknown value: 'Tier7'.
 3:13:33.35 !!! [CE] :: Unknown value: 'Tier8'.
 3:13:33.35 !!! [CE] :: Unknown value: 'Tier9'.
 3:13:33.35 !!! [CE] :: Unknown value: 'Tier7'.
 3:13:33.35 !!! [CE] :: Unknown value: 'Tier8'.
 3:13:33.35 !!! [CE] :: Unknown value: 'Tier9'.
 3:13:33.35 !!! [CE] :: Unknown value: 'Tier7'.
 3:13:33.35 !!! [CE] :: Unknown value: 'Tier8'.
 3:13:33.35 !!! [CE] :: Unknown value: 'Tier9'.
 3:13:33.35 !!! [CE] :: Unknown value: 'Tier7'.
 3:13:33.35 !!! [CE] :: Unknown value: 'Tier8'.
 3:13:33.35 !!! [CE] :: Unknown value: 'Tier9'.
 3:13:33.35 !!! [CE] :: Unknown value: 'Tier7'.
 3:13:33.35 !!! [CE] :: Unknown value: 'Tier8'.
 3:13:33.35 !!! [CE] :: Unknown value: 'Tier9'.
 3:13:33.35 !!! [CE] :: Unknown value: 'Tier7'.
 3:13:33.35 !!! [CE] :: Unknown value: 'Tier8'.
 3:13:33.35 !!! [CE] :: Unknown value: 'Tier9'.
 3:13:33.35 !!! [CE] :: Unknown value: 'Tier7'.
 3:13:33.35 !!! [CE] :: Unknown value: 'Tier8'.
 3:13:33.35 !!! [CE] :: Unknown value: 'Tier9'.
 3:13:33.35 !!! [CE] :: Unknown value: 'Tier7'.
 3:13:33.35 !!! [CE] :: Unknown value: 'Tier8'.
 3:13:33.35 !!! [CE] :: Unknown value: 'Tier9'.
 3:13:33.35 !!! [CE] :: Unknown value: 'Tier7'.
 3:13:33.35 !!! [CE] :: Unknown value: 'Tier8'.
 3:13:33.35 !!! [CE] :: Unknown value: 'Tier9'.
 3:13:33.35 !!! [CE] :: Unknown value: 'Tier7'.
 3:13:33.35 !!! [CE] :: Unknown value: 'Tier8'.
 3:13:33.35 !!! [CE] :: Unknown value: 'Tier9'.
 3:13:33.35 !!! [CE] :: Unknown value: 'Tier7'.
 3:13:33.35 !!! [CE] :: Unknown value: 'Tier8'.
 3:13:33.35 !!! [CE] :: Unknown value: 'Tier9'.
 3:13:33.35 !!! [CE] :: Unknown value: 'Tier7'.
 3:13:33.35 !!! [CE] :: Unknown value: 'Tier8'.
 3:13:33.35 !!! [CE] :: Unknown value: 'Tier9'.
 3:13:33.35 !!! [CE] :: Unknown value: 'Tier7'.
 3:13:33.35 !!! [CE] :: Unknown value: 'Tier8'.
 3:13:33.35 !!! [CE] :: Unknown value: 'Tier9'.
 3:13:33.35 !!! [CE] :: Unknown value: 'Tier7'.
 3:13:33.35 !!! [CE] :: Unknown value: 'Tier8'.
 3:13:33.35 !!! [CE] :: Unknown value: 'Tier9'.
 3:13:33.35 !!! [CE] :: Unknown value: 'Tier7'.
 3:13:33.35 !!! [CE] :: Unknown value: 'Tier8'.
 3:13:33.35 !!! [CE] :: Unknown value: 'Tier9'.
 3:13:33.35 !!! [CE] :: Unknown value: 'Tier7'.
 3:13:33.35 !!! [CE] :: Unknown value: 'Tier8'.
 3:13:33.35 !!! [CE] :: Unknown value: 'Tier9'.
 3:13:33.35 !!! [CE] :: Unknown value: 'Tier7'.
 3:13:33.35 !!! [CE] :: Unknown value: 'Tier8'.
 3:13:33.35 !!! [CE] :: Unknown value: 'Tier9'.
 3:13:33.35 !!! [CE] :: Unknown value: 'Tier7'.
 3:13:33.35 !!! [CE] :: Unknown value: 'Tier8'.
 3:13:33.35 !!! [CE] :: Unknown value: 'Tier9'.
 3:13:33.35 !!! [CE] :: Unknown value: 'Tier7'.
 3:13:33.35 !!! [CE] :: Unknown value: 'Tier8'.
 3:13:33.35 !!! [CE] :: Unknown value: 'Tier9'.
 3:13:33.35 !!! [CE] :: Unknown value: 'Tier7'.
 3:13:33.35 !!! [CE] :: Unknown value: 'Tier8'.
 3:13:33.35 !!! [CE] :: Unknown value: 'Tier9'.
 3:13:33.35 !!! [CE] :: Unknown value: 'Tier7'.
 3:13:33.35 !!! [CE] :: Unknown value: 'Tier8'.
 3:13:33.35 !!! [CE] :: Unknown value: 'Tier9'.
 3:13:33.35 !!! [CE] :: Unknown value: 'Tier7'.
 3:13:33.35 !!! [CE] :: Unknown value: 'Tier8'.
 3:13:33.35 !!! [CE] :: Unknown value: 'Tier9'.
 3:13:33.35 !!! [CE] :: Unknown value: 'Tier7'.
 3:13:33.35 !!! [CE] :: Unknown value: 'Tier8'.
 3:13:33.35 !!! [CE] :: Unknown value: 'Tier9'.
 3:13:33.35 !!! [CE] :: Unknown value: 'Tier7'.
 3:13:33.35 !!! [CE] :: Unknown value: 'Tier8'.
 3:13:33.35 !!! [CE] :: Unknown value: 'Tier9'.
 3:13:33.35 !!! [CE] :: Unknown value: 'Tier7'.
 3:13:33.35 !!! [CE] :: Unknown value: 'Tier8'.
 3:13:33.35 !!! [CE] :: Unknown value: 'Tier9'.
 3:13:33.35 !!! [CE] :: Unknown value: 'Tier7'.
 3:13:33.35 !!! [CE] :: Unknown value: 'Tier8'.
 3:13:33.35 !!! [CE] :: Unknown value: 'Tier9'.
 3:13:33.35 !!! [CE] :: Unknown value: 'Tier7'.
 3:13:33.35 !!! [CE] :: Unknown value: 'Tier8'.
 3:13:33.35 !!! [CE] :: Unknown value: 'Tier9'.
 3:13:33.35 !!! [CE] :: Unknown value: 'Tier7'.
 3:13:33.35 !!! [CE] :: Unknown value: 'Tier8'.
 3:13:33.35 !!! [CE] :: Unknown value: 'Tier9'.
 3:13:33.35 !!! [CE] :: Unknown value: 'Tier7'.
 3:13:33.35 !!! [CE] :: Unknown value: 'Tier8'.
 3:13:33.35 !!! [CE] :: Unknown value: 'Tier9'.
 3:13:33.35 !!! [CE] :: Unknown value: 'Tier7'.
 3:13:33.35 !!! [CE] :: Unknown value: 'Tier8'.
 3:13:33.35 !!! [CE] :: Unknown value: 'Tier9'.
 3:13:33.35 !!! [CE] :: Unknown value: 'Tier7'.
 3:13:33.35 !!! [CE] :: Unknown value: 'Tier8'.
 3:13:33.35 !!! [CE] :: Unknown value: 'Tier9'.
 3:13:33.35 !!! [CE] :: Unknown value: 'Tier7'.
 3:13:33.35 !!! [CE] :: Unknown value: 'Tier8'.
 3:13:33.35 !!! [CE] :: Unknown value: 'Tier9'.
 3:13:33.35 !!! [CE] :: Unknown value: 'Tier7'.
 3:13:33.35 !!! [CE] :: Unknown value: 'Tier8'.
 3:13:33.35 !!! [CE] :: Unknown value: 'Tier9'.
 3:13:33.35 !!! [CE] :: Unknown value: 'Tier7'.
 3:13:33.35 !!! [CE] :: Unknown value: 'Tier8'.
 3:13:33.35 !!! [CE] :: Unknown value: 'Tier9'.
 3:13:33.35 !!! [CE] :: Unknown value: 'Tier7'.
 3:13:33.35 !!! [CE] :: Unknown value: 'Tier8'.
 3:13:33.35 !!! [CE] :: Unknown value: 'Tier9'.
 3:13:33.35 !!! [CE] :: Unknown value: 'Tier7'.
 3:13:33.35 !!! [CE] :: Unknown value: 'Tier8'.
 3:13:33.35 !!! [CE] :: Unknown value: 'Tier9'.
 3:13:33.35 !!! [CE] :: Unknown value: 'Tier7'.
 3:13:33.35 !!! [CE] :: Unknown value: 'Tier8'.
 3:13:33.35 !!! [CE] :: Unknown value: 'Tier9'.
 3:13:33.35 !!! [CE] :: Unknown value: 'Tier7'.
 3:13:33.35 !!! [CE] :: Unknown value: 'Tier8'.
 3:13:33.35 !!! [CE] :: Unknown value: 'Tier9'.
 3:13:33.35 !!! [CE] :: Unknown value: 'Tier7'.
 3:13:33.35 !!! [CE] :: Unknown value: 'Tier8'.
 3:13:33.35 !!! [CE] :: Unknown value: 'Tier9'.
 3:13:33.35 !!! [CE] :: Unknown value: 'Tier7'.
 3:13:33.35 !!! [CE] :: Unknown value: 'Tier8'.
 3:13:33.35 !!! [CE] :: Unknown value: 'Tier9'.
 3:13:33.35 !!! [CE] :: Unknown value: 'Tier7'.
 3:13:33.35 !!! [CE] :: Unknown value: 'Tier8'.
 3:13:33.35 !!! [CE] :: Unknown value: 'Tier9'.
 3:13:33.35 !!! [CE] :: Unknown value: 'Tier7'.
 3:13:33.35 !!! [CE] :: Unknown value: 'Tier8'.
 3:13:33.35 !!! [CE] :: Unknown value: 'Tier9'.
 3:13:33.35 !!! [CE] :: Unknown value: 'Tier7'.
 3:13:33.35 !!! [CE] :: Unknown value: 'Tier8'.
 3:13:33.35 !!! [CE] :: Unknown value: 'Tier9'.
 3:13:33.35 !!! [CE] :: Unknown value: 'Tier7'.
 3:13:33.35 !!! [CE] :: Unknown value: 'Tier8'.
 3:13:33.35 !!! [CE] :: Unknown value: 'Tier9'.
 3:13:33.35 !!! [CE] :: Unknown value: 'Tier7'.
 3:13:33.35 !!! [CE] :: Unknown value: 'Tier8'.
 3:13:33.35 !!! [CE] :: Unknown value: 'Tier9'.
 3:13:33.35 !!! [CE] :: Unknown value: 'Tier7'.
 3:13:33.35 !!! [CE] :: Unknown value: 'Tier8'.
 3:13:33.35 !!! [CE] :: Unknown value: 'Tier9'.
 3:13:33.35 !!! [CE] :: Unknown value: 'Tier7'.
 3:13:33.35 !!! [CE] :: Unknown value: 'Tier8'.
 3:13:33.35 !!! [CE] :: Unknown value: 'Tier9'.
 3:13:33.35 !!! [CE] :: Unknown value: 'Tier7'.
 3:13:33.35 !!! [CE] :: Unknown value: 'Tier8'.
 3:13:33.35 !!! [CE] :: Unknown value: 'Tier9'.
 3:13:33.35 !!! [CE] :: Unknown value: 'Tier7'.
 3:13:33.35 !!! [CE] :: Unknown value: 'Tier8'.
 3:13:33.35 !!! [CE] :: Unknown value: 'Tier9'.
 3:13:33.35 !!! [CE] :: Unknown value: 'Tier7'.
 3:13:33.35 !!! [CE] :: Unknown value: 'Tier8'.
 3:13:33.35 !!! [CE] :: Unknown value: 'Tier9'.
 3:13:33.35 !!! [CE] :: Unknown value: 'Tier7'.
 3:13:33.35 !!! [CE] :: Unknown value: 'Tier8'.
 3:13:33.35 !!! [CE] :: Unknown value: 'Tier9'.
 3:13:33.35 !!! [CE] :: Unknown value: 'Tier7'.
 3:13:33.35 !!! [CE] :: Unknown value: 'Tier8'.
 3:13:33.35 !!! [CE] :: Unknown value: 'Tier9'.
 3:13:33.35 !!! [CE] :: Unknown value: 'Tier7'.
 3:13:33.35 !!! [CE] :: Unknown value: 'Tier8'.
 3:13:33.35 !!! [CE] :: Unknown value: 'Tier9'.
 3:13:33.35 !!! [CE] :: Unknown value: 'Tier7'.
 3:13:33.35 !!! [CE] :: Unknown value: 'Tier8'.
 3:13:33.35 !!! [CE] :: Unknown value: 'Tier9'.
 3:13:33.35 !!! [CE] :: Unknown value: 'Tier7'.
 3:13:33.35 !!! [CE] :: Unknown value: 'Tier8'.
 3:13:33.35 !!! [CE] :: Unknown value: 'Tier9'.
 3:13:33.35 !!! [CE] :: Unknown value: 'Tier7'.
 3:13:33.35 !!! [CE] :: Unknown value: 'Tier8'.
 3:13:33.35 !!! [CE] :: Unknown value: 'Tier9'.
 3:13:33.35 !!! [CE] :: Unknown value: 'Tier7'.
 3:13:33.35 !!! [CE] :: Unknown value: 'Tier8'.
 3:13:33.35 !!! [CE] :: Unknown value: 'Tier9'.
 3:13:33.35 !!! [CE] :: Unknown value: 'Tier7'.
 3:13:33.35 !!! [CE] :: Unknown value: 'Tier8'.
 3:13:33.35 !!! [CE] :: Unknown value: 'Tier9'.
 3:13:33.35 !!! [CE] :: Unknown value: 'Tier7'.
 3:13:33.35 !!! [CE] :: Unknown value: 'Tier8'.
 3:13:33.35 !!! [CE] :: Unknown value: 'Tier9'.
 3:13:33.35 !!! [CE] :: Unknown value: 'Tier7'.
 3:13:33.35 !!! [CE] :: Unknown value: 'Tier8'.
 3:13:33.35 !!! [CE] :: Unknown value: 'Tier9'.
 3:13:33.35 !!! [CE] :: Unknown value: 'Tier7'.
 3:13:33.35 !!! [CE] :: Unknown value: 'Tier8'.
 3:13:33.35 !!! [CE] :: Unknown value: 'Tier9'.
 3:13:33.35 !!! [CE] :: Unknown value: 'Tier7'.
 3:13:33.35 !!! [CE] :: Unknown value: 'Tier8'.
 3:13:33.35 !!! [CE] :: Unknown value: 'Tier9'.
 3:13:33.35 !!! [CE] :: Unknown value: 'Tier7'.
 3:13:33.35 !!! [CE] :: Unknown value: 'Tier8'.
 3:13:33.35 !!! [CE] :: Unknown value: 'Tier9'.
 3:13:33.35 !!! [CE] :: Unknown value: 'Tier7'.
 3:13:33.35 !!! [CE] :: Unknown value: 'Tier8'.
 3:13:33.35 !!! [CE] :: Unknown value: 'Tier9'.
 3:13:33.35 !!! [CE] :: Unknown value: 'Tier7'.
 3:13:33.35 !!! [CE] :: Unknown value: 'Tier8'.
 3:13:33.35 !!! [CE] :: Unknown value: 'Tier9'.
 3:13:33.35 !!! [CE] :: Unknown value: 'Tier7'.
 3:13:33.35 !!! [CE] :: Unknown value: 'Tier8'.
 3:13:33.35 !!! [CE] :: Unknown value: 'Tier9'.
 3:13:33.35 !!! [CE] :: Unknown value: 'Tier7'.
 3:13:33.35 !!! [CE] :: Unknown value: 'Tier8'.
 3:13:33.35 !!! [CE] :: Unknown value: 'Tier9'.
 3:13:33.35 !!! [CE] :: Unknown value: 'Tier7'.
 3:13:33.35 !!! [CE] :: Unknown value: 'Tier8'.
 3:13:33.35 !!! [CE] :: Unknown value: 'Tier9'.
 3:13:33.35 !!! [CE] :: Unknown value: 'Tier7'.
 3:13:33.35 !!! [CE] :: Unknown value: 'Tier8'.
 3:13:33.35 !!! [CE] :: Unknown value: 'Tier9'.
 3:13:33.35 !!! [CE] :: Unknown value: 'Tier7'.
 3:13:33.35 !!! [CE] :: Unknown value: 'Tier8'.
 3:13:33.35 !!! [CE] :: Unknown value: 'Tier9'.
 3:13:33.35 !!! [CE] :: Unknown value: 'Tier7'.
 3:13:33.35 !!! [CE] :: Unknown value: 'Tier8'.
 3:13:33.35 !!! [CE] :: Unknown value: 'Tier9'.
 3:13:33.35 !!! [CE] :: Unknown value: 'Tier7'.
 3:13:33.35 !!! [CE] :: Unknown value: 'Tier8'.
 3:13:33.35 !!! [CE] :: Unknown value: 'Tier9'.
 3:13:33.35 !!! [CE] :: Unknown value: 'Tier7'.
 3:13:33.35 !!! [CE] :: Unknown value: 'Tier8'.
 3:13:33.35 !!! [CE] :: Unknown value: 'Tier9'.
 3:13:33.35 !!! [CE] :: Unknown value: 'Tier7'.
 3:13:33.35 !!! [CE] :: Unknown value: 'Tier8'.
 3:13:33.35 !!! [CE] :: Unknown value: 'Tier9'.
 3:13:33.35 !!! [CE] :: Unknown value: 'Tier7'.
 3:13:33.35 !!! [CE] :: Unknown value: 'Tier8'.
 3:13:33.35 !!! [CE] :: Unknown value: 'Tier9'.
 3:13:33.35 !!! [CE] :: Unknown value: 'Tier7'.
 3:13:33.35 !!! [CE] :: Unknown value: 'Tier8'.
 3:13:33.35 !!! [CE] :: Unknown value: 'Tier9'.
 3:13:33.35 !!! [CE] :: Unknown value: 'Tier7'.
 3:13:33.35 !!! [CE] :: Unknown value: 'Tier8'.
 3:13:33.35 !!! [CE] :: Unknown value: 'Tier9'.
 3:13:33.35 !!! [CE] :: Unknown value: 'Tier7'.
 3:13:33.35 !!! [CE] :: Unknown value: 'Tier8'.
 3:13:33.35 !!! [CE] :: Unknown value: 'Tier9'.
 3:13:33.35 !!! [CE] :: Unknown value: 'Tier7'.
 3:13:33.35 !!! [CE] :: Unknown value: 'Tier8'.
 3:13:33.35 !!! [CE] :: Unknown value: 'Tier9'.
 3:13:33.35 !!! [CE] :: Unknown value: 'Tier7'.
 3:13:33.35 !!! [CE] :: Unknown value: 'Tier8'.
 3:13:33.35 !!! [CE] :: Unknown value: 'Tier9'.
 3:13:33.35 !!! [CE] :: Unknown value: 'Tier7'.
 3:13:33.35 !!! [CE] :: Unknown value: 'Tier8'.
 3:13:33.35 !!! [CE] :: Unknown value: 'Tier9'.
 3:13:33.35 !!! [CE] :: Unknown value: 'Tier7'.
 3:13:33.35 !!! [CE] :: Unknown value: 'Tier8'.
 3:13:33.35 !!! [CE] :: Unknown value: 'Tier9'.
 3:13:33.35 !!! [CE] :: Unknown value: 'Tier7'.
 3:13:33.35 !!! [CE] :: Unknown value: 'Tier8'.
 3:13:33.35 !!! [CE] :: Unknown value: 'Tier9'.
 3:13:33.35 !!! [CE] :: Unknown value: 'Tier7'.
 3:13:33.35 !!! [CE] :: Unknown value: 'Tier8'.
 3:13:33.35 !!! [CE] :: Unknown value: 'Tier9'.
 3:13:33.35 !!! [CE] :: Unknown value: 'Tier7'.
 3:13:33.35 !!! [CE] :: Unknown value: 'Tier8'.
 3:13:33.35 !!! [CE] :: Unknown value: 'Tier9'.
 3:13:33.35 !!! [CE] :: Unknown value: 'Tier7'.
 3:13:33.35 !!! [CE] :: Unknown value: 'Tier8'.
 3:13:33.35 !!! [CE] :: Unknown value: 'Tier9'.
 3:13:33.35 !!! [CE] :: Unknown value: 'Tier7'.
 3:13:33.35 !!! [CE] :: Unknown value: 'Tier8'.
 3:13:33.35 !!! [CE] :: Unknown value: 'Tier9'.
 3:13:33.35 !!! [CE] :: Unknown value: 'Tier7'.
 3:13:33.35 !!! [CE] :: Unknown value: 'Tier8'.
 3:13:33.35 !!! [CE] :: Unknown value: 'Tier9'.
 3:13:33.35 !!! [CE] :: Unknown value: 'Tier7'.
 3:13:33.35 !!! [CE] :: Unknown value: 'Tier8'.
 3:13:33.35 !!! [CE] :: Unknown value: 'Tier9'.
 3:13:33.35 !!! [CE] :: Unknown value: 'Tier7'.
 3:13:33.35 !!! [CE] :: Unknown value: 'Tier8'.
 3:13:33.35 !!! [CE] :: Unknown value: 'Tier9'.
 3:13:33.35 !!! [CE] :: Unknown value: 'Tier7'.
 3:13:33.35 !!! [CE] :: Unknown value: 'Tier8'.
 3:13:33.35 !!! [CE] :: Unknown value: 'Tier9'.
 3:13:33.35 !!! [CE] :: Unknown value: 'Tier7'.
 3:13:33.35 !!! [CE] :: Unknown value: 'Tier8'.
 3:13:33.35 !!! [CE] :: Unknown value: 'Tier9'.
 3:13:33.35 !!! [CE] :: Unknown value: 'Tier7'.
 3:13:33.35 !!! [CE] :: Unknown value: 'Tier8'.
 3:13:33.35 !!! [CE] :: Unknown value: 'Tier9'.
 3:13:33.35 !!! [CE] :: Unknown value: 'Tier7'.
 3:13:33.35 !!! [CE] :: Unknown value: 'Tier8'.
 3:13:33.35 !!! [CE] :: Unknown value: 'Tier9'.
 3:13:33.35 !!! [CE] :: Unknown value: 'Tier7'.
 3:13:33.35 !!! [CE] :: Unknown value: 'Tier8'.
 3:13:33.35 !!! [CE] :: Unknown value: 'Tier9'.
 3:13:33.35 !!! [CE] :: Unknown value: 'Tier7'.
 3:13:33.35 !!! [CE] :: Unknown value: 'Tier8'.
 3:13:33.35 !!! [CE] :: Unknown value: 'Tier9'.
 3:13:33.35 !!! [CE] :: Unknown value: 'Tier7'.
 3:13:33.35 !!! [CE] :: Unknown value: 'Tier8'.
 3:13:33.35 !!! [CE] :: Unknown value: 'Tier9'.
 3:13:33.35 !!! [CE] :: Unknown value: 'Tier7'.
 3:13:33.35 !!! [CE] :: Unknown value: 'Tier8'.
 3:13:33.35 !!! [CE] :: Unknown value: 'Tier9'.
 3:13:33.35 !!! [CE] :: Unknown value: 'Tier7'.
 3:13:33.35 !!! [CE] :: Unknown value: 'Tier8'.
 3:13:33.35 !!! [CE] :: Unknown value: 'Tier9'.
 3:13:33.35 !!! [CE] :: Unknown value: 'Tier7'.
 3:13:33.35 !!! [CE] :: Unknown value: 'Tier8'.
 3:13:33.35 !!! [CE] :: Unknown value: 'Tier9'.
 3:13:33.35 !!! [CE] :: Unknown value: 'Tier7'.
 3:13:33.35 !!! [CE] :: Unknown value: 'Tier8'.
 3:13:33.35 !!! [CE] :: Unknown value: 'Tier9'.
 3:13:33.35 !!! [CE] :: Unknown value: 'Tier7'.
 3:13:33.35 !!! [CE] :: Unknown value: 'Tier8'.
 3:13:33.35 !!! [CE] :: Unknown value: 'Tier9'.
 3:13:33.35 !!! [CE] :: Unknown value: 'Tier7'.
 3:13:33.35 !!! [CE] :: Unknown value: 'Tier8'.
 3:13:33.35 !!! [CE] :: Unknown value: 'Tier9'.
 3:13:33.35 !!! [CE] :: Unknown value: 'Tier7'.
 3:13:33.35 !!! [CE] :: Unknown value: 'Tier8'.
 3:13:33.35 !!! [CE] :: Unknown value: 'Tier9'.
 3:13:33.35 !!! [CE] :: Unknown value: 'Tier7'.
 3:13:33.35 !!! [CE] :: Unknown value: 'Tier8'.
 3:13:33.35 !!! [CE] :: Unknown value: 'Tier9'.
 3:13:33.35 !!! [CE] :: Unknown value: 'Tier7'.
 3:13:33.35 !!! [CE] :: Unknown value: 'Tier8'.
 3:13:33.35 !!! [CE] :: Unknown value: 'Tier9'.
 3:13:33.35 !!! [CE] :: Unknown value: 'Tier7'.
 3:13:33.35 !!! [CE] :: Unknown value: 'Tier8'.
 3:13:33.35 !!! [CE] :: Unknown value: 'Tier9'.
 3:13:33.35 !!! [CE] :: Unknown value: 'Tier7'.
 3:13:33.35 !!! [CE] :: Unknown value: 'Tier8'.
 3:13:33.35 !!! [CE] :: Unknown value: 'Tier9'.
 3:13:33.35 !!! [CE] :: Unknown value: 'Tier7'.
 3:13:33.35 !!! [CE] :: Unknown value: 'Tier8'.
 3:13:33.35 !!! [CE] :: Unknown value: 'Tier9'.
 3:13:33.35 !!! [CE] :: Unknown value: 'Tier7'.
 3:13:33.35 !!! [CE] :: Unknown value: 'Tier8'.
 3:13:33.35 !!! [CE] :: Unknown value: 'Tier9'.
 3:13:33.35 !!! [CE] :: Unknown value: 'Tier7'.
 3:13:33.35 !!! [CE] :: Unknown value: 'Tier8'.
 3:13:33.35 !!! [CE] :: Unknown value: 'Tier9'.
 3:13:33.35 !!! [CE] :: Unknown value: 'Tier7'.
 3:13:33.35 !!! [CE] :: Unknown value: 'Tier8'.
 3:13:33.35 !!! [CE] :: Unknown value: 'Tier9'.
 3:13:33.35 !!! [CE] :: Unknown value: 'Tier7'.
 3:13:33.35 !!! [CE] :: Unknown value: 'Tier8'.
 3:13:33.35 !!! [CE] :: Unknown value: 'Tier9'.
 3:13:33.35 !!! [CE] :: Unknown value: 'Tier7'.
 3:13:33.35 !!! [CE] :: Unknown value: 'Tier8'.
 3:13:33.35 !!! [CE] :: Unknown value: 'Tier9'.
 3:13:33.35 !!! [CE] :: Unknown value: 'Tier7'.
 3:13:33.35 !!! [CE] :: Unknown value: 'Tier8'.
 3:13:33.35 !!! [CE] :: Unknown value: 'Tier9'.
 3:13:33.35 !!! [CE] :: Unknown value: 'Tier7'.
 3:13:33.35 !!! [CE] :: Unknown value: 'Tier8'.
 3:13:33.35 !!! [CE] :: Unknown value: 'Tier9'.
 3:13:33.35 !!! [CE] :: Unknown value: 'Tier7'.
 3:13:33.35 !!! [CE] :: Unknown value: 'Tier8'.
 3:13:33.35 !!! [CE] :: Unknown value: 'Tier9'.
 3:13:33.36 !!! [CE] :: Unknown value: 'Tier7'.
 3:13:33.36 !!! [CE] :: Unknown value: 'Tier8'.
 3:13:33.36 !!! [CE] :: Unknown value: 'Tier9'.
 3:13:33.36 !!! [CE] :: Unknown value: 'Tier7'.
 3:13:33.36 !!! [CE] :: Unknown value: 'Tier8'.
 3:13:33.36 !!! [CE] :: Unknown value: 'Tier9'.
 3:13:33.36 !!! [CE] :: Unknown value: 'Tier7'.
 3:13:33.36 !!! [CE] :: Unknown value: 'Tier8'.
 3:13:33.36 !!! [CE] :: Unknown value: 'Tier9'.
 3:13:33.36 !!! [CE] :: Unknown value: 'Tier7'.
 3:13:33.36 !!! [CE] :: Unknown value: 'Tier8'.
 3:13:33.36 !!! [CE] :: Unknown value: 'Tier9'.
 3:13:33.36 !!! [CE] :: Unknown value: 'Tier7'.
 3:13:33.36 !!! [CE] :: Unknown value: 'Tier8'.
 3:13:33.36 !!! [CE] :: Unknown value: 'Tier9'.
 3:13:33.36 !!! [CE] :: Unknown value: 'Tier7'.
 3:13:33.36 !!! [CE] :: Unknown value: 'Tier8'.
 3:13:33.36 !!! [CE] :: Unknown value: 'Tier9'.
 3:13:33.36 !!! [CE] :: Unknown value: 'Tier7'.
 3:13:33.36 !!! [CE] :: Unknown value: 'Tier8'.
 3:13:33.36 !!! [CE] :: Unknown value: 'Tier9'.
 3:13:33.36 !!! [CE] :: Unknown value: 'Tier7'.
 3:13:33.36 !!! [CE] :: Unknown value: 'Tier8'.
 3:13:33.36 !!! [CE] :: Unknown value: 'Tier9'.
 3:13:33.36 !!! [CE] :: Unknown value: 'Tier7'.
 3:13:33.36 !!! [CE] :: Unknown value: 'Tier8'.
 3:13:33.36 !!! [CE] :: Unknown value: 'Tier9'.
 3:13:33.36 !!! [CE] :: Unknown value: 'Tier7'.
 3:13:33.36 !!! [CE] :: Unknown value: 'Tier8'.
 3:13:33.36 !!! [CE] :: Unknown value: 'Tier9'.
 3:13:33.36 !!! [CE] :: Unknown value: 'Tier7'.
 3:13:33.36 !!! [CE] :: Unknown value: 'Tier8'.
 3:13:33.36 !!! [CE] :: Unknown value: 'Tier9'.
 3:13:33.36 !!! [CE] :: Unknown value: 'Tier7'.
 3:13:33.36 !!! [CE] :: Unknown value: 'Tier8'.
 3:13:33.36 !!! [CE] :: Unknown value: 'Tier9'.
 3:13:33.36 !!! [CE] :: Unknown value: 'Tier7'.
 3:13:33.36 !!! [CE] :: Unknown value: 'Tier8'.
 3:13:33.36 !!! [CE] :: Unknown value: 'Tier9'.
 3:13:33.36 !!! [CE] :: Unknown value: 'Tier7'.
 3:13:33.36 !!! [CE] :: Unknown value: 'Tier8'.
 3:13:33.36 !!! [CE] :: Unknown value: 'Tier9'.
 3:13:33.36 !!! [CE] :: Unknown value: 'Tier7'.
 3:13:33.36 !!! [CE] :: Unknown value: 'Tier8'.
 3:13:33.36 !!! [CE] :: Unknown value: 'Tier9'.
 3:13:33.36 !!! [CE] :: Unknown value: 'Tier7'.
 3:13:33.36 !!! [CE] :: Unknown value: 'Tier8'.
 3:13:33.36 !!! [CE] :: Unknown value: 'Tier9'.
 3:13:33.36 !!! [CE] :: Unknown value: 'Tier7'.
 3:13:33.36 !!! [CE] :: Unknown value: 'Tier8'.
 3:13:33.36 !!! [CE] :: Unknown value: 'Tier9'.
 3:13:33.36 !!! [CE] :: Unknown value: 'Tier7'.
 3:13:33.36 !!! [CE] :: Unknown value: 'Tier8'.
 3:13:33.36 !!! [CE] :: Unknown value: 'Tier9'.
 3:13:33.36 !!! [CE] :: Unknown value: 'Tier7'.
 3:13:33.36 !!! [CE] :: Unknown value: 'Tier8'.
 3:13:33.36 !!! [CE] :: Unknown value: 'Tier9'.
 3:13:33.36 !!! [CE] :: Unknown value: 'Tier7'.
 3:13:33.36 !!! [CE] :: Unknown value: 'Tier8'.
 3:13:33.36 !!! [CE] :: Unknown value: 'Tier9'.
 3:13:33.36 !!! [CE] :: Unknown value: 'Tier7'.
 3:13:33.36 !!! [CE] :: Unknown value: 'Tier8'.
 3:13:33.36 !!! [CE] :: Unknown value: 'Tier9'.
 3:13:33.36 !!! [CE] :: Unknown value: 'Tier7'.
 3:13:33.36 !!! [CE] :: Unknown value: 'Tier8'.
 3:13:33.36 !!! [CE] :: Unknown value: 'Tier9'.
 3:13:33.36 !!! [CE] :: Unknown value: 'Tier7'.
 3:13:33.36 !!! [CE] :: Unknown value: 'Tier8'.
 3:13:33.36 !!! [CE] :: Unknown value: 'Tier9'.
 3:13:33.36 !!! [CE] :: Unknown value: 'Tier7'.
 3:13:33.36 !!! [CE] :: Unknown value: 'Tier8'.
 3:13:33.36 !!! [CE] :: Unknown value: 'Tier9'.
 3:13:33.36 !!! [CE] :: Unknown value: 'Tier7'.
 3:13:33.36 !!! [CE] :: Unknown value: 'Tier8'.
 3:13:33.36 !!! [CE] :: Unknown value: 'Tier9'.
 3:13:33.36 !!! [CE] :: Unknown value: 'Tier7'.
 3:13:33.36 !!! [CE] :: Unknown value: 'Tier8'.
 3:13:33.36 !!! [CE] :: Unknown value: 'Tier9'.
 3:13:33.36 !!! [CE] :: Unknown value: 'Tier7'.
 3:13:33.36 !!! [CE] :: Unknown value: 'Tier8'.
 3:13:33.36 !!! [CE] :: Unknown value: 'Tier9'.
 3:13:33.36 !!! [CE] :: Unknown value: 'Tier7'.
 3:13:33.36 !!! [CE] :: Unknown value: 'Tier8'.
 3:13:33.36 !!! [CE] :: Unknown value: 'Tier9'.
 3:13:33.36 !!! [CE] :: Unknown value: 'Tier7'.
 3:13:33.36 !!! [CE] :: Unknown value: 'Tier8'.
 3:13:33.36 !!! [CE] :: Unknown value: 'Tier9'.
 3:13:33.36 !!! [CE] :: Unknown value: 'Tier7'.
 3:13:33.36 !!! [CE] :: Unknown value: 'Tier8'.
 3:13:33.36 !!! [CE] :: Unknown value: 'Tier9'.
 3:13:33.36 !!! [CE] :: Unknown value: 'Tier7'.
 3:13:33.36 !!! [CE] :: Unknown value: 'Tier8'.
 3:13:33.36 !!! [CE] :: Unknown value: 'Tier9'.
 3:13:33.36 !!! [CE] :: Unknown value: 'Tier7'.
 3:13:33.36 !!! [CE] :: Unknown value: 'Tier8'.
 3:13:33.36 !!! [CE] :: Unknown value: 'Tier9'.
 3:13:33.36 !!! [CE] :: Unknown value: 'Tier7'.
 3:13:33.36 !!! [CE] :: Unknown value: 'Tier8'.
 3:13:33.36 !!! [CE] :: Unknown value: 'Tier9'.
 3:13:33.36 !!! [CE] :: Unknown value: 'Tier7'.
 3:13:33.36 !!! [CE] :: Unknown value: 'Tier8'.
 3:13:33.36 !!! [CE] :: Unknown value: 'Tier9'.
 3:13:33.36 !!! [CE] :: Unknown value: 'Tier7'.
 3:13:33.36 !!! [CE] :: Unknown value: 'Tier8'.
 3:13:33.36 !!! [CE] :: Unknown value: 'Tier9'.
 3:13:33.36 !!! [CE] :: Unknown value: 'Tier7'.
 3:13:33.36 !!! [CE] :: Unknown value: 'Tier8'.
 3:13:33.36 !!! [CE] :: Unknown value: 'Tier9'.
 3:13:33.36 !!! [CE] :: Unknown value: 'Tier7'.
 3:13:33.36 !!! [CE] :: Unknown value: 'Tier8'.
 3:13:33.36 !!! [CE] :: Unknown value: 'Tier9'.
 3:13:33.36 !!! [CE] :: Unknown value: 'Tier7'.
 3:13:33.36 !!! [CE] :: Unknown value: 'Tier8'.
 3:13:33.36 !!! [CE] :: Unknown value: 'Tier9'.
 3:13:33.36 !!! [CE] :: Unknown value: 'Tier7'.
 3:13:33.36 !!! [CE] :: Unknown value: 'Tier8'.
 3:13:33.36 !!! [CE] :: Unknown value: 'Tier9'.
 3:13:33.36 !!! [CE] :: Unknown value: 'Tier7'.
 3:13:33.36 !!! [CE] :: Unknown value: 'Tier8'.
 3:13:33.36 !!! [CE] :: Unknown value: 'Tier9'.
 3:13:33.36 !!! [CE] :: Unknown value: 'Tier7'.
 3:13:33.36 !!! [CE] :: Unknown value: 'Tier8'.
 3:13:33.36 !!! [CE] :: Unknown value: 'Tier9'.
 3:13:33.36 !!! [CE] :: Unknown value: 'Tier7'.
 3:13:33.36 !!! [CE] :: Unknown value: 'Tier8'.
 3:13:33.36 !!! [CE] :: Unknown value: 'Tier9'.
 3:13:33.36 !!! [CE] :: Unknown value: 'Tier7'.
 3:13:33.36 !!! [CE] :: Unknown value: 'Tier8'.
 3:13:33.36 !!! [CE] :: Unknown value: 'Tier9'.
 3:13:33.36 !!! [CE] :: Unknown value: 'Tier7'.
 3:13:33.36 !!! [CE] :: Unknown value: 'Tier8'.
 3:13:33.36 !!! [CE] :: Unknown value: 'Tier9'.
 3:13:33.36 !!! [CE] :: Unknown value: 'Tier7'.
 3:13:33.36 !!! [CE] :: Unknown value: 'Tier8'.
 3:13:33.36 !!! [CE] :: Unknown value: 'Tier9'.
 3:13:33.36 !!! [CE] :: Unknown value: 'Tier7'.
 3:13:33.36 !!! [CE] :: Unknown value: 'Tier8'.
 3:13:33.36 !!! [CE] :: Unknown value: 'Tier9'.
 3:13:33.36 !!! [CE] :: Unknown value: 'Tier7'.
 3:13:33.36 !!! [CE] :: Unknown value: 'Tier8'.
 3:13:33.36 !!! [CE] :: Unknown value: 'Tier9'.
 3:13:33.36 !!! [CE] :: Unknown value: 'Tier7'.
 3:13:33.36 !!! [CE] :: Unknown value: 'Tier8'.
 3:13:33.36 !!! [CE] :: Unknown value: 'Tier9'.
 3:13:33.36 !!! [CE] :: Unknown value: 'Tier7'.
 3:13:33.36 !!! [CE] :: Unknown value: 'Tier8'.
 3:13:33.36 !!! [CE] :: Unknown value: 'Tier9'.
 3:13:33.36 !!! [CE] :: Unknown value: 'Tier7'.
 3:13:33.36 !!! [CE] :: Unknown value: 'Tier8'.
 3:13:33.36 !!! [CE] :: Unknown value: 'Tier9'.
 3:13:33.36 !!! [CE] :: Unknown value: 'Tier7'.
 3:13:33.36 !!! [CE] :: Unknown value: 'Tier8'.
 3:13:33.36 !!! [CE] :: Unknown value: 'Tier9'.
 3:13:33.36 !!! [CE] :: Unknown value: 'Tier7'.
 3:13:33.36 !!! [CE] :: Unknown value: 'Tier8'.
 3:13:33.36 !!! [CE] :: Unknown value: 'Tier9'.
 3:13:33.36 !!! [CE] :: Unknown value: 'Tier7'.
 3:13:33.36 !!! [CE] :: Unknown value: 'Tier8'.
 3:13:33.36 !!! [CE] :: Unknown value: 'Tier9'.
 3:13:33.36 !!! [CE] :: Unknown value: 'Tier7'.
 3:13:33.36 !!! [CE] :: Unknown value: 'Tier8'.
 3:13:33.36 !!! [CE] :: Unknown value: 'Tier9'.
 3:13:33.36 !!! [CE] :: Unknown value: 'Tier7'.
 3:13:33.36 !!! [CE] :: Unknown value: 'Tier8'.
 3:13:33.36 !!! [CE] :: Unknown value: 'Tier9'.
 3:13:33.36 !!! [CE] :: Unknown value: 'Tier7'.
 3:13:33.36 !!! [CE] :: Unknown value: 'Tier8'.
 3:13:33.36 !!! [CE] :: Unknown value: 'Tier9'.
 3:13:33.36 !!! [CE] :: Unknown value: 'Tier7'.
 3:13:33.36 !!! [CE] :: Unknown value: 'Tier8'.
 3:13:33.36 !!! [CE] :: Unknown value: 'Tier9'.
 3:13:33.36 !!! [CE] :: Unknown value: 'Tier7'.
 3:13:33.36 !!! [CE] :: Unknown value: 'Tier8'.
 3:13:33.36 !!! [CE] :: Unknown value: 'Tier9'.
 3:13:33.36 !!! [CE] :: Unknown value: 'Tier7'.
 3:13:33.36 !!! [CE] :: Unknown value: 'Tier8'.
 3:13:33.36 !!! [CE] :: Unknown value: 'Tier9'.
 3:13:33.36 !!! [CE] :: Unknown value: 'Tier7'.
 3:13:33.36 !!! [CE] :: Unknown value: 'Tier8'.
 3:13:33.36 !!! [CE] :: Unknown value: 'Tier9'.
 3:13:33.36 !!! [CE] :: Unknown value: 'Tier7'.
 3:13:33.36 !!! [CE] :: Unknown value: 'Tier8'.
 3:13:33.36 !!! [CE] :: Unknown value: 'Tier9'.
 3:13:33.36 !!! [CE] :: Unknown value: 'Tier7'.
 3:13:33.36 !!! [CE] :: Unknown value: 'Tier8'.
 3:13:33.36 !!! [CE] :: Unknown value: 'Tier9'.
 3:13:33.36 !!! [CE] :: Unknown value: 'Tier7'.
 3:13:33.36 !!! [CE] :: Unknown value: 'Tier8'.
 3:13:33.36 !!! [CE] :: Unknown value: 'Tier9'.
 3:13:33.36 !!! [CE] :: Unknown value: 'Tier7'.
 3:13:33.36 !!! [CE] :: Unknown value: 'Tier8'.
 3:13:33.36 !!! [CE] :: Unknown value: 'Tier9'.
 3:13:33.36 !!! [CE] :: Unknown value: 'Tier7'.
 3:13:33.36 !!! [CE] :: Unknown value: 'Tier8'.
 3:13:33.36 !!! [CE] :: Unknown value: 'Tier9'.
 3:13:33.36 !!! [CE] :: Unknown value: 'Tier7'.
 3:13:33.36 !!! [CE] :: Unknown value: 'Tier8'.
 3:13:33.36 !!! [CE] :: Unknown value: 'Tier9'.
 3:13:33.36 !!! [CE] :: Unknown value: 'Tier7'.
 3:13:33.36 !!! [CE] :: Unknown value: 'Tier8'.
 3:13:33.36 !!! [CE] :: Unknown value: 'Tier9'.
 3:13:33.36 !!! [CE] :: Unknown value: 'Tier7'.
 3:13:33.36 !!! [CE] :: Unknown value: 'Tier8'.
 3:13:33.36 !!! [CE] :: Unknown value: 'Tier9'.
 3:13:33.36 !!! [CE] :: Unknown value: 'Tier7'.
 3:13:33.36 !!! [CE] :: Unknown value: 'Tier8'.
 3:13:33.36 !!! [CE] :: Unknown value: 'Tier9'.
 3:13:33.36 !!! [CE] :: Unknown value: 'Tier7'.
 3:13:33.36 !!! [CE] :: Unknown value: 'Tier8'.
 3:13:33.36 !!! [CE] :: Unknown value: 'Tier9'.
 3:13:33.36 !!! [CE] :: Unknown value: 'Tier7'.
 3:13:33.36 !!! [CE] :: Unknown value: 'Tier8'.
 3:13:33.36 !!! [CE] :: Unknown value: 'Tier9'.
 3:13:33.36 !!! [CE] :: Unknown value: 'Tier7'.
 3:13:33.36 !!! [CE] :: Unknown value: 'Tier8'.
 3:13:33.36 !!! [CE] :: Unknown value: 'Tier9'.
 3:13:33.36 !!! [CE] :: Unknown value: 'Tier7'.
 3:13:33.36 !!! [CE] :: Unknown value: 'Tier8'.
 3:13:33.36 !!! [CE] :: Unknown value: 'Tier9'.
 3:13:33.36 !!! [CE] :: Unknown value: 'Tier7'.
 3:13:33.36 !!! [CE] :: Unknown value: 'Tier8'.
 3:13:33.36 !!! [CE] :: Unknown value: 'Tier9'.
 3:13:33.36 !!! [CE] :: Unknown value: 'Tier7'.
 3:13:33.36 !!! [CE] :: Unknown value: 'Tier8'.
 3:13:33.36 !!! [CE] :: Unknown value: 'Tier9'.
 3:13:33.36 !!! [CE] :: Unknown value: 'Tier7'.
 3:13:33.36 !!! [CE] :: Unknown value: 'Tier8'.
 3:13:33.36 !!! [CE] :: Unknown value: 'Tier9'.
 3:13:33.36 !!! [CE] :: Unknown value: 'Tier7'.
 3:13:33.36 !!! [CE] :: Unknown value: 'Tier8'.
 3:13:33.36 !!! [CE] :: Unknown value: 'Tier9'.
 3:13:33.36 !!! [CE] :: Unknown value: 'Tier7'.
 3:13:33.36 !!! [CE] :: Unknown value: 'Tier8'.
 3:13:33.36 !!! [CE] :: Unknown value: 'Tier9'.
 3:13:33.36 !!! [CE] :: Unknown value: 'Tier7'.
 3:13:33.36 !!! [CE] :: Unknown value: 'Tier8'.
 3:13:33.36 !!! [CE] :: Unknown value: 'Tier9'.
 3:13:33.36 !!! [CE] :: Unknown value: 'Tier7'.
 3:13:33.36 !!! [CE] :: Unknown value: 'Tier8'.
 3:13:33.36 !!! [CE] :: Unknown value: 'Tier9'.
 3:13:33.36 !!! [CE] :: Unknown value: 'Tier7'.
 3:13:33.36 !!! [CE] :: Unknown value: 'Tier8'.
 3:13:33.36 !!! [CE] :: Unknown value: 'Tier9'.
 3:13:33.36 !!! [CE] :: Unknown value: 'Tier7'.
 3:13:33.36 !!! [CE] :: Unknown value: 'Tier8'.
 3:13:33.36 !!! [CE] :: Unknown value: 'Tier9'.
 3:13:33.36 !!! [CE] :: Unknown value: 'Tier7'.
 3:13:33.36 !!! [CE] :: Unknown value: 'Tier8'.
 3:13:33.36 !!! [CE] :: Unknown value: 'Tier9'.
 3:13:33.36 !!! [CE] :: Unknown value: 'Tier7'.
 3:13:33.36 !!! [CE] :: Unknown value: 'Tier8'.
 3:13:33.36 !!! [CE] :: Unknown value: 'Tier9'.
 3:13:33.36 !!! [CE] :: Unknown value: 'Tier7'.
 3:13:33.36 !!! [CE] :: Unknown value: 'Tier8'.
 3:13:33.36 !!! [CE] :: Unknown value: 'Tier9'.
 3:13:33.36 !!! [CE] :: Unknown value: 'Tier7'.
 3:13:33.36 !!! [CE] :: Unknown value: 'Tier8'.
 3:13:33.36 !!! [CE] :: Unknown value: 'Tier9'.
 3:13:33.36 !!! [CE] :: Unknown value: 'Tier7'.
 3:13:33.36 !!! [CE] :: Unknown value: 'Tier8'.
 3:13:33.36 !!! [CE] :: Unknown value: 'Tier9'.
 3:13:33.36 !!! [CE] :: Unknown value: 'Tier7'.
 3:13:33.36 !!! [CE] :: Unknown value: 'Tier8'.
 3:13:33.36 !!! [CE] :: Unknown value: 'Tier9'.
 3:13:33.36 !!! [CE] :: Unknown value: 'Tier7'.
 3:13:33.36 !!! [CE] :: Unknown value: 'Tier8'.
 3:13:33.36 !!! [CE] :: Unknown value: 'Tier9'.
 3:13:33.36 !!! [CE] :: Unknown value: 'Tier7'.
 3:13:33.36 !!! [CE] :: Unknown value: 'Tier8'.
 3:13:33.36 !!! [CE] :: Unknown value: 'Tier9'.
 3:13:33.36 !!! [CE] :: Unknown value: 'Tier7'.
 3:13:33.36 !!! [CE] :: Unknown value: 'Tier8'.
 3:13:33.36 !!! [CE] :: Unknown value: 'Tier9'.
 3:13:33.36 !!! [CE] :: Unknown value: 'Tier7'.
 3:13:33.36 !!! [CE] :: Unknown value: 'Tier8'.
 3:13:33.36 !!! [CE] :: Unknown value: 'Tier9'.
 3:13:33.36 !!! [CE] :: Unknown value: 'Tier7'.
 3:13:33.36 !!! [CE] :: Unknown value: 'Tier8'.
 3:13:33.36 !!! [CE] :: Unknown value: 'Tier9'.
 3:13:33.36 !!! [CE] :: Unknown value: 'Tier7'.
 3:13:33.36 !!! [CE] :: Unknown value: 'Tier8'.
 3:13:33.36 !!! [CE] :: Unknown value: 'Tier9'.
 3:13:33.36 !!! [CE] :: Unknown value: 'Tier7'.
 3:13:33.36 !!! [CE] :: Unknown value: 'Tier8'.
 3:13:33.36 !!! [CE] :: Unknown value: 'Tier9'.
 3:13:33.36 !!! [CE] :: Unknown value: 'Tier7'.
 3:13:33.36 !!! [CE] :: Unknown value: 'Tier8'.
 3:13:33.36 !!! [CE] :: Unknown value: 'Tier9'.
 3:13:33.36 !!! [CE] :: Unknown value: 'Tier7'.
 3:13:33.36 !!! [CE] :: Unknown value: 'Tier8'.
 3:13:33.36 !!! [CE] :: Unknown value: 'Tier9'.
 3:13:33.36 !!! [CE] :: Unknown value: 'Tier7'.
 3:13:33.36 !!! [CE] :: Unknown value: 'Tier8'.
 3:13:33.36 !!! [CE] :: Unknown value: 'Tier9'.
 3:13:33.36 !!! [CE] :: Unknown value: 'Tier7'.
 3:13:33.36 !!! [CE] :: Unknown value: 'Tier8'.
 3:13:33.36 !!! [CE] :: Unknown value: 'Tier9'.
 3:13:33.36 !!! [CE] :: Unknown value: 'Tier7'.
 3:13:33.36 !!! [CE] :: Unknown value: 'Tier8'.
 3:13:33.36 !!! [CE] :: Unknown value: 'Tier9'.
 3:13:33.36 !!! [CE] :: Unknown value: 'Tier7'.
 3:13:33.36 !!! [CE] :: Unknown value: 'Tier8'.
 3:13:33.36 !!! [CE] :: Unknown value: 'Tier9'.
 3:13:33.36 !!! [CE] :: Unknown value: 'Tier7'.
 3:13:33.36 !!! [CE] :: Unknown value: 'Tier8'.
 3:13:33.36 !!! [CE] :: Unknown value: 'Tier9'.
 3:13:33.36 !!! [CE] :: Unknown value: 'Tier7'.
 3:13:33.36 !!! [CE] :: Unknown value: 'Tier8'.
 3:13:33.36 !!! [CE] :: Unknown value: 'Tier9'.
 3:13:33.36 !!! [CE] :: Unknown value: 'Tier7'.
 3:13:33.36 !!! [CE] :: Unknown value: 'Tier8'.
 3:13:33.36 !!! [CE] :: Unknown value: 'Tier9'.
 3:13:33.36 !!! [CE] :: Unknown value: 'Tier7'.
 3:13:33.36 !!! [CE] :: Unknown value: 'Tier8'.
 3:13:33.36 !!! [CE] :: Unknown value: 'Tier9'.
 3:13:33.36 !!! [CE] :: Unknown value: 'Tier7'.
 3:13:33.36 !!! [CE] :: Unknown value: 'Tier8'.
 3:13:33.36 !!! [CE] :: Unknown value: 'Tier9'.
 3:13:33.36 !!! [CE] :: Unknown value: 'Tier7'.
 3:13:33.36 !!! [CE] :: Unknown value: 'Tier8'.
 3:13:33.36 !!! [CE] :: Unknown value: 'Tier9'.
 3:13:33.36 !!! [CE] :: Unknown value: 'Tier7'.
 3:13:33.36 !!! [CE] :: Unknown value: 'Tier8'.
 3:13:33.36 !!! [CE] :: Unknown value: 'Tier9'.
 3:13:33.36 !!! [CE] :: Unknown value: 'Tier7'.
 3:13:33.36 !!! [CE] :: Unknown value: 'Tier8'.
 3:13:33.36 !!! [CE] :: Unknown value: 'Tier9'.
 3:13:33.36 !!! [CE] :: Unknown value: 'Tier7'.
 3:13:33.36 !!! [CE] :: Unknown value: 'Tier8'.
 3:13:33.36 !!! [CE] :: Unknown value: 'Tier9'.
 3:13:33.36 !!! [CE] :: Unknown value: 'Tier7'.
 3:13:33.36 !!! [CE] :: Unknown value: 'Tier8'.
 3:13:33.36 !!! [CE] :: Unknown value: 'Tier9'.
 3:13:33.36 !!! [CE] :: Unknown value: 'Tier7'.
 3:13:33.36 !!! [CE] :: Unknown value: 'Tier8'.
 3:13:33.36 !!! [CE] :: Unknown value: 'Tier9'.
 3:13:33.36 !!! [CE] :: Unknown value: 'Tier7'.
 3:13:33.36 !!! [CE] :: Unknown value: 'Tier8'.
 3:13:33.36 !!! [CE] :: Unknown value: 'Tier9'.
 3:13:33.36 !!! [CE] :: Unknown value: 'Tier7'.
 3:13:33.36 !!! [CE] :: Unknown value: 'Tier8'.
 3:13:33.36 !!! [CE] :: Unknown value: 'Tier9'.
 3:13:33.36 !!! [CE] :: Unknown value: 'Tier7'.
 3:13:33.36 !!! [CE] :: Unknown value: 'Tier8'.
 3:13:33.36 !!! [CE] :: Unknown value: 'Tier9'.
 3:13:33.36 !!! [CE] :: Unknown value: 'Tier7'.
 3:13:33.36 !!! [CE] :: Unknown value: 'Tier8'.
 3:13:33.36 !!! [CE] :: Unknown value: 'Tier9'.
 3:13:33.36 !!! [CE] :: Unknown value: 'Tier7'.
 3:13:33.36 !!! [CE] :: Unknown value: 'Tier8'.
 3:13:33.36 !!! [CE] :: Unknown value: 'Tier9'.
 3:13:33.36 !!! [CE] :: Unknown value: 'Tier7'.
 3:13:33.36 !!! [CE] :: Unknown value: 'Tier8'.
 3:13:33.36 !!! [CE] :: Unknown value: 'Tier9'.
 3:13:33.36 !!! [CE] :: Unknown value: 'Tier7'.
 3:13:33.36 !!! [CE] :: Unknown value: 'Tier8'.
 3:13:33.36 !!! [CE] :: Unknown value: 'Tier9'.
 3:13:33.36 !!! [CE] :: Unknown value: 'Tier7'.
 3:13:33.36 !!! [CE] :: Unknown value: 'Tier8'.
 3:13:33.36 !!! [CE] :: Unknown value: 'Tier9'.
 3:13:33.36 !!! [CE] :: Unknown value: 'Tier7'.
 3:13:33.36 !!! [CE] :: Unknown value: 'Tier8'.
 3:13:33.36 !!! [CE] :: Unknown value: 'Tier9'.
 3:13:33.36 !!! [CE] :: Unknown value: 'Tier7'.
 3:13:33.36 !!! [CE] :: Unknown value: 'Tier8'.
 3:13:33.36 !!! [CE] :: Unknown value: 'Tier9'.
 3:13:33.36 !!! [CE] :: Unknown value: 'Tier7'.
 3:13:33.36 !!! [CE] :: Unknown value: 'Tier8'.
 3:13:33.36 !!! [CE] :: Unknown value: 'Tier9'.
 3:13:33.36 !!! [CE] :: Unknown value: 'Tier7'.
 3:13:33.36 !!! [CE] :: Unknown value: 'Tier8'.
 3:13:33.36 !!! [CE] :: Unknown value: 'Tier9'.
 3:13:33.36 !!! [CE] :: Unknown value: 'Tier7'.
 3:13:33.36 !!! [CE] :: Unknown value: 'Tier8'.
 3:13:33.36 !!! [CE] :: Unknown value: 'Tier9'.
 3:13:33.36 !!! [CE] :: Unknown value: 'Tier7'.
 3:13:33.36 !!! [CE] :: Unknown value: 'Tier8'.
 3:13:33.36 !!! [CE] :: Unknown value: 'Tier9'.
 3:13:33.36 !!! [CE] :: Unknown value: 'Tier7'.
 3:13:33.36 !!! [CE] :: Unknown value: 'Tier8'.
 3:13:33.36 !!! [CE] :: Unknown value: 'Tier9'.
 3:13:33.36 !!! [CE] :: Unknown value: 'Tier7'.
 3:13:33.36 !!! [CE] :: Unknown value: 'Tier8'.
 3:13:33.36 !!! [CE] :: Unknown value: 'Tier9'.
 3:13:33.36 !!! [CE] :: Unknown value: 'Tier7'.
 3:13:33.36 !!! [CE] :: Unknown value: 'Tier8'.
 3:13:33.36 !!! [CE] :: Unknown value: 'Tier9'.
 3:13:33.36 !!! [CE] :: Unknown value: 'Tier7'.
 3:13:33.36 !!! [CE] :: Unknown value: 'Tier8'.
 3:13:33.36 !!! [CE] :: Unknown value: 'Tier9'.
 3:13:33.36 !!! [CE] :: Unknown value: 'Tier7'.
 3:13:33.36 !!! [CE] :: Unknown value: 'Tier8'.
 3:13:33.36 !!! [CE] :: Unknown value: 'Tier9'.
 3:13:33.36 !!! [CE] :: Unknown value: 'Tier7'.
 3:13:33.36 !!! [CE] :: Unknown value: 'Tier8'.
 3:13:33.36 !!! [CE] :: Unknown value: 'Tier9'.
 3:13:33.36 !!! [CE] :: Unknown value: 'Tier7'.
 3:13:33.36 !!! [CE] :: Unknown value: 'Tier8'.
 3:13:33.36 !!! [CE] :: Unknown value: 'Tier9'.
 3:13:33.36 !!! [CE] :: Unknown value: 'Tier7'.
 3:13:33.36 !!! [CE] :: Unknown value: 'Tier8'.
 3:13:33.36 !!! [CE] :: Unknown value: 'Tier9'.
 3:13:33.36 !!! [CE] :: Unknown value: 'Tier7'.
 3:13:33.36 !!! [CE] :: Unknown value: 'Tier8'.
 3:13:33.36 !!! [CE] :: Unknown value: 'Tier9'.
 3:13:33.36 !!! [CE] :: Unknown value: 'Tier7'.
 3:13:33.36 !!! [CE] :: Unknown value: 'Tier8'.
 3:13:33.36 !!! [CE] :: Unknown value: 'Tier9'.
 3:13:33.36 !!! [CE] :: Unknown value: 'Tier7'.
 3:13:33.36 !!! [CE] :: Unknown value: 'Tier8'.
 3:13:33.36 !!! [CE] :: Unknown value: 'Tier9'.
 3:13:33.36 !!! [CE] :: Unknown value: 'Tier7'.
 3:13:33.36 !!! [CE] :: Unknown value: 'Tier8'.
 3:13:33.36 !!! [CE] :: Unknown value: 'Tier9'.
 3:13:33.36 !!! [CE] :: Unknown value: 'Tier7'.
 3:13:33.36 !!! [CE] :: Unknown value: 'Tier8'.
 3:13:33.36 !!! [CE] :: Unknown value: 'Tier9'.
 3:13:33.36 !!! [CE] :: Unknown value: 'Tier7'.
 3:13:33.36 !!! [CE] :: Unknown value: 'Tier8'.
 3:13:33.36 !!! [CE] :: Unknown value: 'Tier9'.
 3:13:33.36 !!! [CE] :: Unknown value: 'Tier7'.
 3:13:33.36 !!! [CE] :: Unknown value: 'Tier8'.
 3:13:33.36 !!! [CE] :: Unknown value: 'Tier9'.
 3:13:33.36 !!! [CE] :: Unknown value: 'Tier7'.
 3:13:33.36 !!! [CE] :: Unknown value: 'Tier8'.
 3:13:33.36 !!! [CE] :: Unknown value: 'Tier9'.
 3:13:33.36 !!! [CE] :: Unknown value: 'Tier7'.
 3:13:33.36 !!! [CE] :: Unknown value: 'Tier8'.
 3:13:33.36 !!! [CE] :: Unknown value: 'Tier9'.
 3:13:33.36 !!! [CE] :: Unknown value: 'Tier7'.
 3:13:33.36 !!! [CE] :: Unknown value: 'Tier8'.
 3:13:33.36 !!! [CE] :: Unknown value: 'Tier9'.
 3:13:33.36 !!! [CE] :: Unknown value: 'Tier7'.
 3:13:33.36 !!! [CE] :: Unknown value: 'Tier8'.
 3:13:33.36 !!! [CE] :: Unknown value: 'Tier9'.
 3:13:33.36 !!! [CE] :: Unknown value: 'Tier7'.
 3:13:33.36 !!! [CE] :: Unknown value: 'Tier8'.
 3:13:33.36 !!! [CE] :: Unknown value: 'Tier9'.
 3:13:33.36 !!! [CE] :: Unknown value: 'Tier7'.
 3:13:33.36 !!! [CE] :: Unknown value: 'Tier8'.
 3:13:33.36 !!! [CE] :: Unknown value: 'Tier9'.
 3:13:33.36 !!! [CE] :: Unknown value: 'Tier7'.
 3:13:33.36 !!! [CE] :: Unknown value: 'Tier8'.
 3:13:33.36 !!! [CE] :: Unknown value: 'Tier9'.
 3:13:33.36 !!! [CE] :: Unknown value: 'Tier7'.
 3:13:33.36 !!! [CE] :: Unknown value: 'Tier8'.
 3:13:33.36 !!! [CE] :: Unknown value: 'Tier9'.
 3:13:33.36 !!! [CE] :: Unknown value: 'Tier7'.
 3:13:33.36 !!! [CE] :: Unknown value: 'Tier8'.
 3:13:33.36 !!! [CE] :: Unknown value: 'Tier9'.
 3:13:33.36 !!! [CE] :: Unknown value: 'Tier7'.
 3:13:33.36 !!! [CE] :: Unknown value: 'Tier8'.
 3:13:33.36 !!! [CE] :: Unknown value: 'Tier9'.
 3:13:33.36 !!! [CE] :: Unknown value: 'Tier7'.
 3:13:33.36 !!! [CE] :: Unknown value: 'Tier8'.
 3:13:33.36 !!! [CE] :: Unknown value: 'Tier9'.
 3:13:33.36 !!! [CE] :: Unknown value: 'Tier7'.
 3:13:33.36 !!! [CE] :: Unknown value: 'Tier8'.
 3:13:33.36 !!! [CE] :: Unknown value: 'Tier9'.
 3:13:33.36 !!! [CE] :: Unknown value: 'Tier7'.
 3:13:33.36 !!! [CE] :: Unknown value: 'Tier8'.
 3:13:33.36 !!! [CE] :: Unknown value: 'Tier9'.
 3:13:33.36 !!! [CE] :: Unknown value: 'Tier7'.
 3:13:33.36 !!! [CE] :: Unknown value: 'Tier8'.
 3:13:33.36 !!! [CE] :: Unknown value: 'Tier9'.
 3:13:33.36 !!! [CE] :: Unknown value: 'Tier7'.
 3:13:33.36 !!! [CE] :: Unknown value: 'Tier8'.
 3:13:33.36 !!! [CE] :: Unknown value: 'Tier9'.
 3:13:33.36 !!! [CE] :: Unknown value: 'Tier7'.
 3:13:33.36 !!! [CE] :: Unknown value: 'Tier8'.
 3:13:33.36 !!! [CE] :: Unknown value: 'Tier9'.
 3:13:33.36 !!! [CE] :: Unknown value: 'Tier7'.
 3:13:33.36 !!! [CE] :: Unknown value: 'Tier8'.
 3:13:33.36 !!! [CE] :: Unknown value: 'Tier9'.
 3:13:33.36 !!! [CE] :: Unknown value: 'Tier7'.
 3:13:33.36 !!! [CE] :: Unknown value: 'Tier8'.
 3:13:33.36 !!! [CE] :: Unknown value: 'Tier9'.
 3:13:33.36 !!! [CE] :: Unknown value: 'Tier7'.
 3:13:33.36 !!! [CE] :: Unknown value: 'Tier8'.
 3:13:33.36 !!! [CE] :: Unknown value: 'Tier9'.
 3:13:33.36 !!! [CE] :: Unknown value: 'Tier7'.
 3:13:33.36 !!! [CE] :: Unknown value: 'Tier8'.
 3:13:33.36 !!! [CE] :: Unknown value: 'Tier9'.
 3:13:33.36 !!! [CE] :: Unknown value: 'Tier7'.
 3:13:33.36 !!! [CE] :: Unknown value: 'Tier8'.
 3:13:33.36 !!! [CE] :: Unknown value: 'Tier9'.
 3:13:33.36 !!! [CE] :: Unknown value: 'Tier7'.
 3:13:33.36 !!! [CE] :: Unknown value: 'Tier8'.
 3:13:33.36 !!! [CE] :: Unknown value: 'Tier9'.
 3:13:33.36 !!! [CE] :: Unknown value: 'Tier7'.
 3:13:33.36 !!! [CE] :: Unknown value: 'Tier8'.
 3:13:33.36 !!! [CE] :: Unknown value: 'Tier9'.
 3:13:33.36 !!! [CE] :: Unknown value: 'Tier7'.
 3:13:33.36 !!! [CE] :: Unknown value: 'Tier8'.
 3:13:33.36 !!! [CE] :: Unknown value: 'Tier9'.
 3:13:33.36 !!! [CE] :: Unknown value: 'Tier7'.
 3:13:33.36 !!! [CE] :: Unknown value: 'Tier8'.
 3:13:33.36 !!! [CE] :: Unknown value: 'Tier9'.
 3:13:33.36 !!! [CE] :: Unknown value: 'Tier7'.
 3:13:33.36 !!! [CE] :: Unknown value: 'Tier8'.
 3:13:33.36 !!! [CE] :: Unknown value: 'Tier9'.
 3:13:33.36 !!! [CE] :: Unknown value: 'Tier7'.
 3:13:33.36 !!! [CE] :: Unknown value: 'Tier8'.
 3:13:33.36 !!! [CE] :: Unknown value: 'Tier9'.
 3:13:33.36 !!! [CE] :: Unknown value: 'Tier7'.
 3:13:33.36 !!! [CE] :: Unknown value: 'Tier8'.
 3:13:33.36 !!! [CE] :: Unknown value: 'Tier9'.
 3:13:33.36 !!! [CE] :: Unknown value: 'Tier7'.
 3:13:33.36 !!! [CE] :: Unknown value: 'Tier8'.
 3:13:33.36 !!! [CE] :: Unknown value: 'Tier9'.
 3:13:33.36 !!! [CE] :: Unknown value: 'Tier7'.
 3:13:33.36 !!! [CE] :: Unknown value: 'Tier8'.
 3:13:33.36 !!! [CE] :: Unknown value: 'Tier9'.
 3:13:33.36 !!! [CE] :: Unknown value: 'Tier7'.
 3:13:33.36 !!! [CE] :: Unknown value: 'Tier8'.
 3:13:33.36 !!! [CE] :: Unknown value: 'Tier9'.
 3:13:33.36 !!! [CE] :: Unknown value: 'Tier7'.
 3:13:33.36 !!! [CE] :: Unknown value: 'Tier8'.
 3:13:33.36 !!! [CE] :: Unknown value: 'Tier9'.
 3:13:33.36 !!! [CE] :: Unknown value: 'Tier7'.
 3:13:33.36 !!! [CE] :: Unknown value: 'Tier8'.
 3:13:33.36 !!! [CE] :: Unknown value: 'Tier9'.
 3:13:33.36 !!! [CE] :: Unknown value: 'Tier7'.
 3:13:33.36 !!! [CE] :: Unknown value: 'Tier8'.
 3:13:33.36 !!! [CE] :: Unknown value: 'Tier9'.
 3:13:33.36 !!! [CE] :: Unknown value: 'Tier7'.
 3:13:33.36 !!! [CE] :: Unknown value: 'Tier8'.
 3:13:33.36 !!! [CE] :: Unknown value: 'Tier9'.
 3:13:33.36 !!! [CE] :: Unknown value: 'Tier7'.
 3:13:33.36 !!! [CE] :: Unknown value: 'Tier8'.
 3:13:33.36 !!! [CE] :: Unknown value: 'Tier9'.
 3:13:33.36 !!! [CE] :: Unknown value: 'Tier7'.
 3:13:33.36 !!! [CE] :: Unknown value: 'Tier8'.
 3:13:33.36 !!! [CE] :: Unknown value: 'Tier9'.
 3:13:33.36 !!! [CE] :: Unknown value: 'Tier7'.
 3:13:33.36 !!! [CE] :: Unknown value: 'Tier8'.
 3:13:33.36 !!! [CE] :: Unknown value: 'Tier9'.
 3:13:33.36 !!! [CE] :: Unknown value: 'Tier7'.
 3:13:33.36 !!! [CE] :: Unknown value: 'Tier8'.
 3:13:33.36 !!! [CE] :: Unknown value: 'Tier9'.
 3:13:33.36 !!! [CE] :: Unknown value: 'Tier7'.
 3:13:33.36 !!! [CE] :: Unknown value: 'Tier8'.
 3:13:33.36 !!! [CE] :: Unknown value: 'Tier9'.
 3:13:33.36 !!! [CE] :: Unknown value: 'Tier7'.
 3:13:33.36 !!! [CE] :: Unknown value: 'Tier8'.
 3:13:33.36 !!! [CE] :: Unknown value: 'Tier9'.
 3:13:33.36 !!! [CE] :: Unknown value: 'Tier7'.
 3:13:33.36 !!! [CE] :: Unknown value: 'Tier8'.
 3:13:33.36 !!! [CE] :: Unknown value: 'Tier9'.
 3:13:33.36 !!! [CE] :: Unknown value: 'Tier7'.
 3:13:33.36 !!! [CE] :: Unknown value: 'Tier8'.
 3:13:33.36 !!! [CE] :: Unknown value: 'Tier9'.
 3:13:33.36 !!! [CE] :: Unknown value: 'Tier7'.
 3:13:33.36 !!! [CE] :: Unknown value: 'Tier8'.
 3:13:33.36 !!! [CE] :: Unknown value: 'Tier9'.
 3:13:33.36 !!! [CE] :: Unknown value: 'Tier7'.
 3:13:33.36 !!! [CE] :: Unknown value: 'Tier8'.
 3:13:33.36 !!! [CE] :: Unknown value: 'Tier9'.
 3:13:33.36 !!! [CE] :: Unknown value: 'Tier7'.
 3:13:33.36 !!! [CE] :: Unknown value: 'Tier8'.
 3:13:33.36 !!! [CE] :: Unknown value: 'Tier9'.
 3:13:33.36 !!! [CE] :: Unknown value: 'Tier7'.
 3:13:33.36 !!! [CE] :: Unknown value: 'Tier8'.
 3:13:33.36 !!! [CE] :: Unknown value: 'Tier9'.
 3:13:33.36 !!! [CE] :: Unknown value: 'Tier7'.
 3:13:33.36 !!! [CE] :: Unknown value: 'Tier8'.
 3:13:33.36 !!! [CE] :: Unknown value: 'Tier9'.
 3:13:33.36 !!! [CE] :: Unknown value: 'Tier7'.
 3:13:33.36 !!! [CE] :: Unknown value: 'Tier8'.
 3:13:33.36 !!! [CE] :: Unknown value: 'Tier9'.
 3:13:33.36 !!! [CE] :: Unknown value: 'Tier7'.
 3:13:33.36 !!! [CE] :: Unknown value: 'Tier8'.
 3:13:33.36 !!! [CE] :: Unknown value: 'Tier9'.
 3:13:33.36 !!! [CE] :: Unknown value: 'Tier7'.
 3:13:33.36 !!! [CE] :: Unknown value: 'Tier8'.
 3:13:33.36 !!! [CE] :: Unknown value: 'Tier9'.
 3:13:33.36 !!! [CE] :: Unknown value: 'Tier7'.
 3:13:33.36 !!! [CE] :: Unknown value: 'Tier8'.
 3:13:33.36 !!! [CE] :: Unknown value: 'Tier9'.
 3:13:33.36 !!! [CE] :: Unknown value: 'Tier7'.
 3:13:33.36 !!! [CE] :: Unknown value: 'Tier8'.
 3:13:33.36 !!! [CE] :: Unknown value: 'Tier9'.
 3:13:33.36 !!! [CE] :: Unknown value: 'Tier7'.
 3:13:33.36 !!! [CE] :: Unknown value: 'Tier8'.
 3:13:33.36 !!! [CE] :: Unknown value: 'Tier9'.
 3:13:33.36 !!! [CE] :: Unknown value: 'Tier7'.
 3:13:33.36 !!! [CE] :: Unknown value: 'Tier8'.
 3:13:33.36 !!! [CE] :: Unknown value: 'Tier9'.
 3:13:33.36 !!! [CE] :: Unknown value: 'Tier7'.
 3:13:33.36 !!! [CE] :: Unknown value: 'Tier8'.
 3:13:33.36 !!! [CE] :: Unknown value: 'Tier9'.
 3:13:33.36 !!! [CE] :: Unknown value: 'Tier7'.
 3:13:33.36 !!! [CE] :: Unknown value: 'Tier8'.
 3:13:33.36 !!! [CE] :: Unknown value: 'Tier9'.
 3:13:33.36 !!! [CE] :: Unknown value: 'Tier7'.
 3:13:33.36 !!! [CE] :: Unknown value: 'Tier8'.
 3:13:33.36 !!! [CE] :: Unknown value: 'Tier9'.
 3:13:33.36 !!! [CE] :: Unknown value: 'Tier7'.
 3:13:33.36 !!! [CE] :: Unknown value: 'Tier8'.
 3:13:33.36 !!! [CE] :: Unknown value: 'Tier9'.
 3:13:33.36 !!! [CE] :: Unknown value: 'Tier7'.
 3:13:33.36 !!! [CE] :: Unknown value: 'Tier8'.
 3:13:33.36 !!! [CE] :: Unknown value: 'Tier9'.
 3:13:33.36 !!! [CE] :: Unknown value: 'Tier7'.
 3:13:33.36 !!! [CE] :: Unknown value: 'Tier8'.
 3:13:33.36 !!! [CE] :: Unknown value: 'Tier9'.
 3:13:33.36 !!! [CE] :: Unknown value: 'Tier7'.
 3:13:33.36 !!! [CE] :: Unknown value: 'Tier8'.
 3:13:33.36 !!! [CE] :: Unknown value: 'Tier9'.
 3:13:33.36 !!! [CE] :: Unknown value: 'Tier7'.
 3:13:33.36 !!! [CE] :: Unknown value: 'Tier8'.
 3:13:33.36 !!! [CE] :: Unknown value: 'Tier9'.
 3:13:33.36 !!! [CE] :: Unknown value: 'Tier7'.
 3:13:33.36 !!! [CE] :: Unknown value: 'Tier8'.
 3:13:33.36 !!! [CE] :: Unknown value: 'Tier9'.
 3:13:33.36 !!! [CE] :: Unknown value: 'Tier7'.
 3:13:33.36 !!! [CE] :: Unknown value: 'Tier8'.
 3:13:33.36 !!! [CE] :: Unknown value: 'Tier9'.
 3:13:33.36 !!! [CE] :: Unknown value: 'Tier7'.
 3:13:33.36 !!! [CE] :: Unknown value: 'Tier8'.
 3:13:33.36 !!! [CE] :: Unknown value: 'Tier9'.
 3:13:33.36 !!! [CE] :: Unknown value: 'Tier7'.
 3:13:33.36 !!! [CE] :: Unknown value: 'Tier8'.
 3:13:33.36 !!! [CE] :: Unknown value: 'Tier9'.
 3:13:33.36 !!! [CE] :: Unknown value: 'Tier7'.
 3:13:33.36 !!! [CE] :: Unknown value: 'Tier8'.
 3:13:33.36 !!! [CE] :: Unknown value: 'Tier9'.
 3:13:33.36 !!! [CE] :: Unknown value: 'Tier7'.
 3:13:33.36 !!! [CE] :: Unknown value: 'Tier8'.
 3:13:33.36 !!! [CE] :: Unknown value: 'Tier9'.
 3:13:33.36 !!! [CE] :: Unknown value: 'Tier7'.
 3:13:33.36 !!! [CE] :: Unknown value: 'Tier8'.
 3:13:33.36 !!! [CE] :: Unknown value: 'Tier9'.
 3:13:33.36 !!! [CE] :: Unknown value: 'Tier7'.
 3:13:33.36 !!! [CE] :: Unknown value: 'Tier8'.
 3:13:33.36 !!! [CE] :: Unknown value: 'Tier9'.
 3:13:33.36 !!! [CE] :: Unknown value: 'Tier7'.
 3:13:33.36 !!! [CE] :: Unknown value: 'Tier8'.
 3:13:33.36 !!! [CE] :: Unknown value: 'Tier9'.
 3:13:33.36 !!! [CE] :: Unknown value: 'Tier7'.
 3:13:33.36 !!! [CE] :: Unknown value: 'Tier8'.
 3:13:33.36 !!! [CE] :: Unknown value: 'Tier9'.
 3:13:33.36 !!! [CE] :: Unknown value: 'Tier7'.
 3:13:33.36 !!! [CE] :: Unknown value: 'Tier8'.
 3:13:33.36 !!! [CE] :: Unknown value: 'Tier9'.
 3:13:33.36 !!! [CE] :: Unknown value: 'Tier7'.
 3:13:33.36 !!! [CE] :: Unknown value: 'Tier8'.
 3:13:33.36 !!! [CE] :: Unknown value: 'Tier9'.
 3:13:33.36 !!! [CE] :: Unknown value: 'Tier7'.
 3:13:33.36 !!! [CE] :: Unknown value: 'Tier8'.
 3:13:33.36 !!! [CE] :: Unknown value: 'Tier9'.
 3:13:33.36 !!! [CE] :: Unknown value: 'Tier7'.
 3:13:33.36 !!! [CE] :: Unknown value: 'Tier8'.
 3:13:33.36 !!! [CE] :: Unknown value: 'Tier9'.
 3:13:33.37 !!! [CE] :: Unknown value: 'Tier7'.
 3:13:33.37 !!! [CE] :: Unknown value: 'Tier8'.
 3:13:33.37 !!! [CE] :: Unknown value: 'Tier9'.
 3:13:33.37 !!! [CE] :: Unknown value: 'Tier7'.
 3:13:33.37 !!! [CE] :: Unknown value: 'Tier8'.
 3:13:33.37 !!! [CE] :: Unknown value: 'Tier9'.
 3:13:33.37 !!! [CE] :: Unknown value: 'Tier7'.
 3:13:33.37 !!! [CE] :: Unknown value: 'Tier8'.
 3:13:33.37 !!! [CE] :: Unknown value: 'Tier9'.
 3:13:33.37 !!! [CE] :: Unknown value: 'Tier7'.
 3:13:33.37 !!! [CE] :: Unknown value: 'Tier8'.
 3:13:33.37 !!! [CE] :: Unknown value: 'Tier9'.
 3:13:33.37 !!! [CE] :: Unknown value: 'Tier7'.
 3:13:33.37 !!! [CE] :: Unknown value: 'Tier8'.
 3:13:33.37 !!! [CE] :: Unknown value: 'Tier9'.
 3:13:33.37 !!! [CE] :: Unknown value: 'Tier7'.
 3:13:33.37 !!! [CE] :: Unknown value: 'Tier8'.
 3:13:33.37 !!! [CE] :: Unknown value: 'Tier9'.
 3:13:33.37 !!! [CE] :: Unknown value: 'Tier7'.
 3:13:33.37 !!! [CE] :: Unknown value: 'Tier8'.
 3:13:33.37 !!! [CE] :: Unknown value: 'Tier9'.
 3:13:33.37 !!! [CE] :: Unknown value: 'Tier7'.
 3:13:33.37 !!! [CE] :: Unknown value: 'Tier8'.
 3:13:33.37 !!! [CE] :: Unknown value: 'Tier9'.
 3:13:33.37 !!! [CE] :: Unknown value: 'Tier7'.
 3:13:33.37 !!! [CE] :: Unknown value: 'Tier8'.
 3:13:33.37 !!! [CE] :: Unknown value: 'Tier9'.
 3:13:33.37 !!! [CE] :: Unknown value: 'Tier7'.
 3:13:33.37 !!! [CE] :: Unknown value: 'Tier8'.
 3:13:33.37 !!! [CE] :: Unknown value: 'Tier9'.
 3:13:33.37 !!! [CE] :: Unknown value: 'Tier7'.
 3:13:33.37 !!! [CE] :: Unknown value: 'Tier8'.
 3:13:33.37 !!! [CE] :: Unknown value: 'Tier9'.
 3:13:33.37 !!! [CE] :: Unknown value: 'Tier7'.
 3:13:33.37 !!! [CE] :: Unknown value: 'Tier8'.
 3:13:33.37 !!! [CE] :: Unknown value: 'Tier9'.
 3:13:33.37 !!! [CE] :: Unknown value: 'Tier7'.
 3:13:33.37 !!! [CE] :: Unknown value: 'Tier8'.
 3:13:33.37 !!! [CE] :: Unknown value: 'Tier9'.
 3:13:33.37 !!! [CE] :: Unknown value: 'Tier7'.
 3:13:33.37 !!! [CE] :: Unknown value: 'Tier8'.
 3:13:33.37 !!! [CE] :: Unknown value: 'Tier9'.
 3:13:33.37 !!! [CE] :: Unknown value: 'Tier7'.
 3:13:33.37 !!! [CE] :: Unknown value: 'Tier8'.
 3:13:33.37 !!! [CE] :: Unknown value: 'Tier9'.
 3:13:33.37 !!! [CE] :: Unknown value: 'Tier7'.
 3:13:33.37 !!! [CE] :: Unknown value: 'Tier8'.
 3:13:33.37 !!! [CE] :: Unknown value: 'Tier9'.
 3:13:33.37 !!! [CE] :: Unknown value: 'Tier7'.
 3:13:33.37 !!! [CE] :: Unknown value: 'Tier8'.
 3:13:33.37 !!! [CE] :: Unknown value: 'Tier9'.
 3:13:33.37 !!! [CE] :: Unknown value: 'Tier7'.
 3:13:33.37 !!! [CE] :: Unknown value: 'Tier8'.
 3:13:33.37 !!! [CE] :: Unknown value: 'Tier9'.
 3:13:33.37 !!! [CE] :: Unknown value: 'Tier7'.
 3:13:33.37 !!! [CE] :: Unknown value: 'Tier8'.
 3:13:33.37 !!! [CE] :: Unknown value: 'Tier9'.
 3:13:33.37 !!! [CE] :: Unknown value: 'Tier7'.
 3:13:33.37 !!! [CE] :: Unknown value: 'Tier8'.
 3:13:33.37 !!! [CE] :: Unknown value: 'Tier9'.
 3:13:33.37 !!! [CE] :: Unknown value: 'Tier7'.
 3:13:33.37 !!! [CE] :: Unknown value: 'Tier8'.
 3:13:33.37 !!! [CE] :: Unknown value: 'Tier9'.
 3:13:33.37 !!! [CE] :: Unknown value: 'Tier7'.
 3:13:33.37 !!! [CE] :: Unknown value: 'Tier8'.
 3:13:33.37 !!! [CE] :: Unknown value: 'Tier9'.
 3:13:33.37 !!! [CE] :: Unknown value: 'Tier7'.
 3:13:33.37 !!! [CE] :: Unknown value: 'Tier8'.
 3:13:33.37 !!! [CE] :: Unknown value: 'Tier9'.
 3:13:33.37 !!! [CE] :: Unknown value: 'Tier7'.
 3:13:33.37 !!! [CE] :: Unknown value: 'Tier8'.
 3:13:33.37 !!! [CE] :: Unknown value: 'Tier9'.
 3:13:33.37 !!! [CE] :: Unknown value: 'Tier7'.
 3:13:33.37 !!! [CE] :: Unknown value: 'Tier8'.
 3:13:33.37 !!! [CE] :: Unknown value: 'Tier9'.
 3:13:33.37 !!! [CE] :: Unknown value: 'Tier7'.
 3:13:33.37 !!! [CE] :: Unknown value: 'Tier8'.
 3:13:33.37 !!! [CE] :: Unknown value: 'Tier9'.
 3:13:33.37 !!! [CE] :: Unknown value: 'Tier7'.
 3:13:33.37 !!! [CE] :: Unknown value: 'Tier8'.
 3:13:33.37 !!! [CE] :: Unknown value: 'Tier9'.
 3:13:33.37 !!! [CE] :: Unknown value: 'Tier7'.
 3:13:33.37 !!! [CE] :: Unknown value: 'Tier8'.
 3:13:33.37 !!! [CE] :: Unknown value: 'Tier9'.
 3:13:33.37 !!! [CE] :: Unknown value: 'Tier7'.
 3:13:33.37 !!! [CE] :: Unknown value: 'Tier8'.
 3:13:33.37 !!! [CE] :: Unknown value: 'Tier9'.
 3:13:33.37 !!! [CE] :: Unknown value: 'Tier7'.
 3:13:33.37 !!! [CE] :: Unknown value: 'Tier8'.
 3:13:33.37 !!! [CE] :: Unknown value: 'Tier9'.
 3:13:33.37 !!! [CE] :: Unknown value: 'Tier7'.
 3:13:33.37 !!! [CE] :: Unknown value: 'Tier8'.
 3:13:33.37 !!! [CE] :: Unknown value: 'Tier9'.
 3:13:33.37 !!! [CE] :: Unknown value: 'Tier7'.
 3:13:33.37 !!! [CE] :: Unknown value: 'Tier8'.
 3:13:33.37 !!! [CE] :: Unknown value: 'Tier9'.
 3:13:33.37 !!! [CE] :: Unknown value: 'Tier7'.
 3:13:33.37 !!! [CE] :: Unknown value: 'Tier8'.
 3:13:33.37 !!! [CE] :: Unknown value: 'Tier9'.
 3:13:33.37 !!! [CE] :: Unknown value: 'Tier7'.
 3:13:33.37 !!! [CE] :: Unknown value: 'Tier8'.
 3:13:33.37 !!! [CE] :: Unknown value: 'Tier9'.
 3:13:33.37 !!! [CE] :: Unknown value: 'Tier7'.
 3:13:33.37 !!! [CE] :: Unknown value: 'Tier8'.
 3:13:33.37 !!! [CE] :: Unknown value: 'Tier9'.
 3:13:33.37 !!! [CE] :: Unknown value: 'Tier7'.
 3:13:33.37 !!! [CE] :: Unknown value: 'Tier8'.
 3:13:33.37 !!! [CE] :: Unknown value: 'Tier9'.
 3:13:33.37 !!! [CE] :: Unknown value: 'Tier7'.
 3:13:33.37 !!! [CE] :: Unknown value: 'Tier8'.
 3:13:33.37 !!! [CE] :: Unknown value: 'Tier9'.
 3:13:33.37 !!! [CE] :: Unknown value: 'Tier7'.
 3:13:33.37 !!! [CE] :: Unknown value: 'Tier8'.
 3:13:33.37 !!! [CE] :: Unknown value: 'Tier9'.
 3:13:33.37 !!! [CE] :: Unknown value: 'Tier7'.
 3:13:33.37 !!! [CE] :: Unknown value: 'Tier8'.
 3:13:33.37 !!! [CE] :: Unknown value: 'Tier9'.
 3:13:33.37 !!! [CE] :: Unknown value: 'Tier7'.
 3:13:33.37 !!! [CE] :: Unknown value: 'Tier8'.
 3:13:33.37 !!! [CE] :: Unknown value: 'Tier9'.
 3:13:33.37 !!! [CE] :: Unknown value: 'Tier7'.
 3:13:33.37 !!! [CE] :: Unknown value: 'Tier8'.
 3:13:33.37 !!! [CE] :: Unknown value: 'Tier9'.
 3:13:33.37 !!! [CE] :: Unknown value: 'Tier7'.
 3:13:33.37 !!! [CE] :: Unknown value: 'Tier8'.
 3:13:33.37 !!! [CE] :: Unknown value: 'Tier9'.
 3:13:33.37 !!! [CE] :: Unknown value: 'Tier7'.
 3:13:33.37 !!! [CE] :: Unknown value: 'Tier8'.
 3:13:33.37 !!! [CE] :: Unknown value: 'Tier9'.
 3:13:33.37 !!! [CE] :: Unknown value: 'Tier7'.
 3:13:33.37 !!! [CE] :: Unknown value: 'Tier8'.
 3:13:33.37 !!! [CE] :: Unknown value: 'Tier9'.
 3:13:33.37 !!! [CE] :: Unknown value: 'Tier7'.
 3:13:33.37 !!! [CE] :: Unknown value: 'Tier8'.
 3:13:33.37 !!! [CE] :: Unknown value: 'Tier9'.
 3:13:33.37 !!! [CE] :: Unknown value: 'Tier7'.
 3:13:33.37 !!! [CE] :: Unknown value: 'Tier8'.
 3:13:33.37 !!! [CE] :: Unknown value: 'Tier9'.
 3:13:33.37 !!! [CE] :: Unknown value: 'Tier7'.
 3:13:33.37 !!! [CE] :: Unknown value: 'Tier8'.
 3:13:33.37 !!! [CE] :: Unknown value: 'Tier9'.
 3:13:33.37 !!! [CE] :: Unknown value: 'Tier7'.
 3:13:33.37 !!! [CE] :: Unknown value: 'Tier8'.
 3:13:33.37 !!! [CE] :: Unknown value: 'Tier9'.
 3:13:33.37 !!! [CE] :: Unknown value: 'Tier7'.
 3:13:33.37 !!! [CE] :: Unknown value: 'Tier8'.
 3:13:33.37 !!! [CE] :: Unknown value: 'Tier9'.
 3:13:33.37 !!! [CE] :: Unknown value: 'Tier7'.
 3:13:33.37 !!! [CE] :: Unknown value: 'Tier8'.
 3:13:33.37 !!! [CE] :: Unknown value: 'Tier9'.
 3:13:33.37 !!! [CE] :: Unknown value: 'Tier7'.
 3:13:33.37 !!! [CE] :: Unknown value: 'Tier8'.
 3:13:33.37 !!! [CE] :: Unknown value: 'Tier9'.
 3:13:33.37 !!! [CE] :: Unknown value: 'Tier7'.
 3:13:33.37 !!! [CE] :: Unknown value: 'Tier8'.
 3:13:33.37 !!! [CE] :: Unknown value: 'Tier9'.
 3:13:33.37 !!! [CE] :: Unknown value: 'Tier7'.
 3:13:33.37 !!! [CE] :: Unknown value: 'Tier8'.
 3:13:33.37 !!! [CE] :: Unknown value: 'Tier9'.
 3:13:33.37 !!! [CE] :: Unknown value: 'Tier7'.
 3:13:33.37 !!! [CE] :: Unknown value: 'Tier8'.
 3:13:33.37 !!! [CE] :: Unknown value: 'Tier9'.
 3:13:33.37 !!! [CE] :: Unknown value: 'Tier7'.
 3:13:33.37 !!! [CE] :: Unknown value: 'Tier8'.
 3:13:33.37 !!! [CE] :: Unknown value: 'Tier9'.
 3:13:33.37 !!! [CE] :: Unknown value: 'Tier7'.
 3:13:33.37 !!! [CE] :: Unknown value: 'Tier8'.
 3:13:33.37 !!! [CE] :: Unknown value: 'Tier9'.
 3:13:33.37 !!! [CE] :: Unknown value: 'Tier7'.
 3:13:33.37 !!! [CE] :: Unknown value: 'Tier8'.
 3:13:33.37 !!! [CE] :: Unknown value: 'Tier9'.
 3:13:33.37 !!! [CE] :: Unknown value: 'Tier7'.
 3:13:33.37 !!! [CE] :: Unknown value: 'Tier8'.
 3:13:33.37 !!! [CE] :: Unknown value: 'Tier9'.
 3:13:33.37 !!! [CE] :: Unknown value: 'Tier7'.
 3:13:33.37 !!! [CE] :: Unknown value: 'Tier8'.
 3:13:33.37 !!! [CE] :: Unknown value: 'Tier9'.
 3:13:33.37 !!! [CE] :: Unknown value: 'Tier7'.
 3:13:33.37 !!! [CE] :: Unknown value: 'Tier8'.
 3:13:33.37 !!! [CE] :: Unknown value: 'Tier9'.
 3:13:33.37 !!! [CE] :: Unknown value: 'Tier7'.
 3:13:33.37 !!! [CE] :: Unknown value: 'Tier8'.
 3:13:33.37 !!! [CE] :: Unknown value: 'Tier9'.
 3:13:33.37 !!! [CE] :: Unknown value: 'Tier7'.
 3:13:33.37 !!! [CE] :: Unknown value: 'Tier8'.
 3:13:33.37 !!! [CE] :: Unknown value: 'Tier9'.
 3:13:33.37 !!! [CE] :: Unknown value: 'Tier7'.
 3:13:33.37 !!! [CE] :: Unknown value: 'Tier8'.
 3:13:33.37 !!! [CE] :: Unknown value: 'Tier9'.
 3:13:33.37 !!! [CE] :: Unknown value: 'Tier7'.
 3:13:33.37 !!! [CE] :: Unknown value: 'Tier8'.
 3:13:33.37 !!! [CE] :: Unknown value: 'Tier9'.
 3:13:33.37 !!! [CE] :: Unknown value: 'Tier7'.
 3:13:33.37 !!! [CE] :: Unknown value: 'Tier8'.
 3:13:33.37 !!! [CE] :: Unknown value: 'Tier9'.
 3:13:33.37 !!! [CE] :: Unknown value: 'Tier7'.
 3:13:33.37 !!! [CE] :: Unknown value: 'Tier8'.
 3:13:33.37 !!! [CE] :: Unknown value: 'Tier9'.
 3:13:33.37 !!! [CE] :: Unknown value: 'Tier7'.
 3:13:33.37 !!! [CE] :: Unknown value: 'Tier8'.
 3:13:33.37 !!! [CE] :: Unknown value: 'Tier9'.
 3:13:33.37 !!! [CE] :: Unknown value: 'Tier7'.
 3:13:33.37 !!! [CE] :: Unknown value: 'Tier8'.
 3:13:33.37 !!! [CE] :: Unknown value: 'Tier9'.
 3:13:33.37 !!! [CE] :: Unknown value: 'Tier7'.
 3:13:33.37 !!! [CE] :: Unknown value: 'Tier8'.
 3:13:33.37 !!! [CE] :: Unknown value: 'Tier9'.
 3:13:33.37 !!! [CE] :: Unknown value: 'Tier7'.
 3:13:33.37 !!! [CE] :: Unknown value: 'Tier8'.
 3:13:33.37 !!! [CE] :: Unknown value: 'Tier9'.
 3:13:33.37 !!! [CE] :: Unknown value: 'Tier7'.
 3:13:33.37 !!! [CE] :: Unknown value: 'Tier8'.
 3:13:33.37 !!! [CE] :: Unknown value: 'Tier9'.
 3:13:33.37 !!! [CE] :: Unknown value: 'Tier7'.
 3:13:33.37 !!! [CE] :: Unknown value: 'Tier8'.
 3:13:33.37 !!! [CE] :: Unknown value: 'Tier9'.
 3:13:33.37 !!! [CE] :: Unknown value: 'Tier7'.
 3:13:33.37 !!! [CE] :: Unknown value: 'Tier8'.
 3:13:33.37 !!! [CE] :: Unknown value: 'Tier9'.
 3:13:33.37 !!! [CE] :: Unknown value: 'Tier7'.
 3:13:33.37 !!! [CE] :: Unknown value: 'Tier8'.
 3:13:33.37 !!! [CE] :: Unknown value: 'Tier9'.
 3:13:33.37 !!! [CE] :: Unknown value: 'Tier7'.
 3:13:33.37 !!! [CE] :: Unknown value: 'Tier8'.
 3:13:33.37 !!! [CE] :: Unknown value: 'Tier9'.
 3:13:33.37 !!! [CE] :: Unknown value: 'Tier7'.
 3:13:33.37 !!! [CE] :: Unknown value: 'Tier8'.
 3:13:33.37 !!! [CE] :: Unknown value: 'Tier9'.
 3:13:33.37 !!! [CE] :: Unknown value: 'Tier7'.
 3:13:33.37 !!! [CE] :: Unknown value: 'Tier8'.
 3:13:33.37 !!! [CE] :: Unknown value: 'Tier9'.
 3:13:33.37 !!! [CE] :: Unknown value: 'Tier7'.
 3:13:33.37 !!! [CE] :: Unknown value: 'Tier8'.
 3:13:33.37 !!! [CE] :: Unknown value: 'Tier9'.
 3:13:33.37 !!! [CE] :: Unknown value: 'Tier7'.
 3:13:33.37 !!! [CE] :: Unknown value: 'Tier8'.
 3:13:33.37 !!! [CE] :: Unknown value: 'Tier9'.
 3:13:33.37 !!! [CE] :: Unknown value: 'Tier7'.
 3:13:33.37 !!! [CE] :: Unknown value: 'Tier8'.
 3:13:33.37 !!! [CE] :: Unknown value: 'Tier9'.
 3:13:33.37 !!! [CE] :: Unknown value: 'Tier7'.
 3:13:33.37 !!! [CE] :: Unknown value: 'Tier8'.
 3:13:33.37 !!! [CE] :: Unknown value: 'Tier9'.
 3:13:33.37 !!! [CE] :: Unknown value: 'Tier7'.
 3:13:33.37 !!! [CE] :: Unknown value: 'Tier8'.
 3:13:33.37 !!! [CE] :: Unknown value: 'Tier9'.
 3:13:33.37 !!! [CE] :: Unknown value: 'Tier7'.
 3:13:33.37 !!! [CE] :: Unknown value: 'Tier8'.
 3:13:33.37 !!! [CE] :: Unknown value: 'Tier9'.
 3:13:33.37 !!! [CE] :: Unknown value: 'Tier7'.
 3:13:33.37 !!! [CE] :: Unknown value: 'Tier8'.
 3:13:33.37 !!! [CE] :: Unknown value: 'Tier9'.
 3:13:33.37 !!! [CE] :: Unknown value: 'Tier7'.
 3:13:33.37 !!! [CE] :: Unknown value: 'Tier8'.
 3:13:33.37 !!! [CE] :: Unknown value: 'Tier9'.
 3:13:33.37 !!! [CE] :: Unknown value: 'Tier7'.
 3:13:33.37 !!! [CE] :: Unknown value: 'Tier8'.
 3:13:33.37 !!! [CE] :: Unknown value: 'Tier9'.
 3:13:33.37 !!! [CE] :: Unknown value: 'Tier7'.
 3:13:33.37 !!! [CE] :: Unknown value: 'Tier8'.
 3:13:33.37 !!! [CE] :: Unknown value: 'Tier9'.
 3:13:33.37 !!! [CE] :: Unknown value: 'Tier7'.
 3:13:33.37 !!! [CE] :: Unknown value: 'Tier8'.
 3:13:33.37 !!! [CE] :: Unknown value: 'Tier9'.
 3:13:33.37 !!! [CE] :: Unknown value: 'Tier7'.
 3:13:33.37 !!! [CE] :: Unknown value: 'Tier8'.
 3:13:33.37 !!! [CE] :: Unknown value: 'Tier9'.
 3:13:33.37 !!! [CE] :: Unknown value: 'Tier7'.
 3:13:33.37 !!! [CE] :: Unknown value: 'Tier8'.
 3:13:33.37 !!! [CE] :: Unknown value: 'Tier9'.
 3:13:33.37 !!! [CE] :: Unknown value: 'Tier7'.
 3:13:33.37 !!! [CE] :: Unknown value: 'Tier8'.
 3:13:33.37 !!! [CE] :: Unknown value: 'Tier9'.
 3:13:33.37 !!! [CE] :: Unknown value: 'Tier7'.
 3:13:33.37 !!! [CE] :: Unknown value: 'Tier8'.
 3:13:33.37 !!! [CE] :: Unknown value: 'Tier9'.
 3:13:33.37 !!! [CE] :: Unknown value: 'Tier7'.
 3:13:33.37 !!! [CE] :: Unknown value: 'Tier8'.
 3:13:33.37 !!! [CE] :: Unknown value: 'Tier9'.
 3:13:33.37 !!! [CE] :: Unknown value: 'Tier7'.
 3:13:33.37 !!! [CE] :: Unknown value: 'Tier8'.
 3:13:33.37 !!! [CE] :: Unknown value: 'Tier9'.
 3:13:33.37 !!! [CE] :: Unknown value: 'Tier7'.
 3:13:33.37 !!! [CE] :: Unknown value: 'Tier8'.
 3:13:33.37 !!! [CE] :: Unknown value: 'Tier9'.
 3:13:33.37 !!! [CE] :: Unknown value: 'Tier7'.
 3:13:33.37 !!! [CE] :: Unknown value: 'Tier8'.
 3:13:33.37 !!! [CE] :: Unknown value: 'Tier9'.
 3:13:33.37 !!! [CE] :: Unknown value: 'Tier7'.
 3:13:33.37 !!! [CE] :: Unknown value: 'Tier8'.
 3:13:33.37 !!! [CE] :: Unknown value: 'Tier9'.
 3:13:33.37 !!! [CE] :: Unknown value: 'Tier7'.
 3:13:33.37 !!! [CE] :: Unknown value: 'Tier8'.
 3:13:33.37 !!! [CE] :: Unknown value: 'Tier9'.
 3:13:33.37 !!! [CE] :: Unknown value: 'Tier7'.
 3:13:33.37 !!! [CE] :: Unknown value: 'Tier8'.
 3:13:33.37 !!! [CE] :: Unknown value: 'Tier9'.
 3:13:33.37 !!! [CE] :: Unknown value: 'Tier7'.
 3:13:33.37 !!! [CE] :: Unknown value: 'Tier8'.
 3:13:33.37 !!! [CE] :: Unknown value: 'Tier9'.
 3:13:33.37 !!! [CE] :: Unknown value: 'Tier7'.
 3:13:33.37 !!! [CE] :: Unknown value: 'Tier8'.
 3:13:33.37 !!! [CE] :: Unknown value: 'Tier9'.
 3:13:33.37 !!! [CE] :: Unknown value: 'Tier7'.
 3:13:33.37 !!! [CE] :: Unknown value: 'Tier8'.
 3:13:33.37 !!! [CE] :: Unknown value: 'Tier9'.
 3:13:33.37 !!! [CE] :: Unknown value: 'Tier7'.
 3:13:33.37 !!! [CE] :: Unknown value: 'Tier8'.
 3:13:33.37 !!! [CE] :: Unknown value: 'Tier9'.
 3:13:33.37 !!! [CE] :: Unknown value: 'Tier7'.
 3:13:33.37 !!! [CE] :: Unknown value: 'Tier8'.
 3:13:33.37 !!! [CE] :: Unknown value: 'Tier9'.
 3:13:33.37 !!! [CE] :: Unknown value: 'Tier7'.
 3:13:33.37 !!! [CE] :: Unknown value: 'Tier8'.
 3:13:33.37 !!! [CE] :: Unknown value: 'Tier9'.
 3:13:33.37 !!! [CE] :: Unknown value: 'Tier7'.
 3:13:33.37 !!! [CE] :: Unknown value: 'Tier8'.
 3:13:33.37 !!! [CE] :: Unknown value: 'Tier9'.
 3:13:33.37 !!! [CE] :: Unknown value: 'Tier7'.
 3:13:33.37 !!! [CE] :: Unknown value: 'Tier8'.
 3:13:33.37 !!! [CE] :: Unknown value: 'Tier9'.
 3:13:33.37 !!! [CE] :: Unknown value: 'Tier7'.
 3:13:33.37 !!! [CE] :: Unknown value: 'Tier8'.
 3:13:33.37 !!! [CE] :: Unknown value: 'Tier9'.
 3:13:33.37 !!! [CE] :: Unknown value: 'Tier7'.
 3:13:33.37 !!! [CE] :: Unknown value: 'Tier8'.
 3:13:33.37 !!! [CE] :: Unknown value: 'Tier9'.
 3:13:33.37 !!! [CE] :: Unknown value: 'Tier7'.
 3:13:33.37 !!! [CE] :: Unknown value: 'Tier8'.
 3:13:33.37 !!! [CE] :: Unknown value: 'Tier9'.
 3:13:33.37 !!! [CE] :: Unknown value: 'Tier7'.
 3:13:33.37 !!! [CE] :: Unknown value: 'Tier8'.
 3:13:33.37 !!! [CE] :: Unknown value: 'Tier9'.
 3:13:33.37 !!! [CE] :: Unknown value: 'Tier7'.
 3:13:33.37 !!! [CE] :: Unknown value: 'Tier8'.
 3:13:33.37 !!! [CE] :: Unknown value: 'Tier9'.
 3:13:33.37 !!! [CE] :: Unknown value: 'Tier7'.
 3:13:33.37 !!! [CE] :: Unknown value: 'Tier8'.
 3:13:33.37 !!! [CE] :: Unknown value: 'Tier9'.
 3:13:33.37 !!! [CE] :: Unknown value: 'Tier7'.
 3:13:33.37 !!! [CE] :: Unknown value: 'Tier8'.
 3:13:33.37 !!! [CE] :: Unknown value: 'Tier9'.
 3:13:33.37 !!! [CE] :: Unknown value: 'Tier7'.
 3:13:33.37 !!! [CE] :: Unknown value: 'Tier8'.
 3:13:33.37 !!! [CE] :: Unknown value: 'Tier9'.
 3:13:33.37 !!! [CE] :: Unknown value: 'Tier7'.
 3:13:33.37 !!! [CE] :: Unknown value: 'Tier8'.
 3:13:33.37 !!! [CE] :: Unknown value: 'Tier9'.
 3:13:33.37 !!! [CE] :: Unknown value: 'Tier7'.
 3:13:33.37 !!! [CE] :: Unknown value: 'Tier8'.
 3:13:33.37 !!! [CE] :: Unknown value: 'Tier9'.
 3:13:33.37 !!! [CE] :: Unknown value: 'Tier7'.
 3:13:33.37 !!! [CE] :: Unknown value: 'Tier8'.
 3:13:33.37 !!! [CE] :: Unknown value: 'Tier9'.
 3:13:33.37 !!! [CE] :: Unknown value: 'Tier7'.
 3:13:33.37 !!! [CE] :: Unknown value: 'Tier8'.
 3:13:33.37 !!! [CE] :: Unknown value: 'Tier9'.
 3:13:33.37 !!! [CE] :: Unknown value: 'Tier7'.
 3:13:33.37 !!! [CE] :: Unknown value: 'Tier8'.
 3:13:33.37 !!! [CE] :: Unknown value: 'Tier9'.
 3:13:33.37 !!! [CE] :: Unknown value: 'Tier7'.
 3:13:33.37 !!! [CE] :: Unknown value: 'Tier8'.
 3:13:33.37 !!! [CE] :: Unknown value: 'Tier9'.
 3:13:33.37 !!! [CE] :: Unknown value: 'Tier7'.
 3:13:33.37 !!! [CE] :: Unknown value: 'Tier8'.
 3:13:33.37 !!! [CE] :: Unknown value: 'Tier9'.
 3:13:33.37 !!! [CE] :: Unknown value: 'Tier7'.
 3:13:33.37 !!! [CE] :: Unknown value: 'Tier8'.
 3:13:33.37 !!! [CE] :: Unknown value: 'Tier9'.
 3:13:33.37 !!! [CE] :: Unknown value: 'Tier7'.
 3:13:33.37 !!! [CE] :: Unknown value: 'Tier8'.
 3:13:33.37 !!! [CE] :: Unknown value: 'Tier9'.
 3:13:33.37 !!! [CE] :: Unknown value: 'Tier7'.
 3:13:33.37 !!! [CE] :: Unknown value: 'Tier8'.
 3:13:33.37 !!! [CE] :: Unknown value: 'Tier9'.
 3:13:33.37 !!! [CE] :: Unknown value: 'Tier7'.
 3:13:33.37 !!! [CE] :: Unknown value: 'Tier8'.
 3:13:33.37 !!! [CE] :: Unknown value: 'Tier9'.
 3:13:33.37 !!! [CE] :: Unknown value: 'Tier7'.
 3:13:33.37 !!! [CE] :: Unknown value: 'Tier8'.
 3:13:33.37 !!! [CE] :: Unknown value: 'Tier9'.
 3:13:33.37 !!! [CE] :: Unknown value: 'Tier7'.
 3:13:33.37 !!! [CE] :: Unknown value: 'Tier8'.
 3:13:33.37 !!! [CE] :: Unknown value: 'Tier9'.
 3:13:33.37 !!! [CE] :: Unknown value: 'Tier7'.
 3:13:33.37 !!! [CE] :: Unknown value: 'Tier8'.
 3:13:33.37 !!! [CE] :: Unknown value: 'Tier9'.
 3:13:33.37 !!! [CE] :: Unknown value: 'Tier7'.
 3:13:33.37 !!! [CE] :: Unknown value: 'Tier8'.
 3:13:33.37 !!! [CE] :: Unknown value: 'Tier9'.
 3:13:33.37 !!! [CE] :: Unknown value: 'Tier7'.
 3:13:33.37 !!! [CE] :: Unknown value: 'Tier8'.
 3:13:33.37 !!! [CE] :: Unknown value: 'Tier9'.
 3:13:33.37 !!! [CE] :: Unknown value: 'Tier7'.
 3:13:33.37 !!! [CE] :: Unknown value: 'Tier8'.
 3:13:33.37 !!! [CE] :: Unknown value: 'Tier9'.
 3:13:33.37 !!! [CE] :: Unknown value: 'Tier7'.
 3:13:33.37 !!! [CE] :: Unknown value: 'Tier8'.
 3:13:33.37 !!! [CE] :: Unknown value: 'Tier9'.
 3:13:33.37 !!! [CE] :: Unknown value: 'Tier7'.
 3:13:33.37 !!! [CE] :: Unknown value: 'Tier8'.
 3:13:33.37 !!! [CE] :: Unknown value: 'Tier9'.
 3:13:33.37 !!! [CE] :: Unknown value: 'Tier7'.
 3:13:33.37 !!! [CE] :: Unknown value: 'Tier8'.
 3:13:33.37 !!! [CE] :: Unknown value: 'Tier9'.
 3:13:33.37 !!! [CE] :: Unknown value: 'Tier7'.
 3:13:33.37 !!! [CE] :: Unknown value: 'Tier8'.
 3:13:33.37 !!! [CE] :: Unknown value: 'Tier9'.
 3:13:33.37 !!! [CE] :: Unknown value: 'Tier7'.
 3:13:33.37 !!! [CE] :: Unknown value: 'Tier8'.
 3:13:33.37 !!! [CE] :: Unknown value: 'Tier9'.
 3:13:33.37 !!! [CE] :: Unknown value: 'Tier7'.
 3:13:33.37 !!! [CE] :: Unknown value: 'Tier8'.
 3:13:33.37 !!! [CE] :: Unknown value: 'Tier9'.
 3:13:33.37 !!! [CE] :: Unknown value: 'Tier7'.
 3:13:33.37 !!! [CE] :: Unknown value: 'Tier8'.
 3:13:33.37 !!! [CE] :: Unknown value: 'Tier9'.
 3:13:33.37 !!! [CE] :: Unknown value: 'Tier7'.
 3:13:33.37 !!! [CE] :: Unknown value: 'Tier8'.
 3:13:33.37 !!! [CE] :: Unknown value: 'Tier9'.
 3:13:33.37 !!! [CE] :: Unknown value: 'Tier7'.
 3:13:33.37 !!! [CE] :: Unknown value: 'Tier8'.
 3:13:33.37 !!! [CE] :: Unknown value: 'Tier9'.
 3:13:33.37 !!! [CE] :: Unknown value: 'Tier7'.
 3:13:33.37 !!! [CE] :: Unknown value: 'Tier8'.
 3:13:33.37 !!! [CE] :: Unknown value: 'Tier9'.
 3:13:33.37 !!! [CE] :: Unknown value: 'Tier7'.
 3:13:33.37 !!! [CE] :: Unknown value: 'Tier8'.
 3:13:33.37 !!! [CE] :: Unknown value: 'Tier9'.
 3:13:33.37 !!! [CE] :: Unknown value: 'Tier7'.
 3:13:33.37 !!! [CE] :: Unknown value: 'Tier8'.
 3:13:33.37 !!! [CE] :: Unknown value: 'Tier9'.
 3:13:33.37 !!! [CE] :: Unknown value: 'Tier7'.
 3:13:33.37 !!! [CE] :: Unknown value: 'Tier8'.
 3:13:33.37 !!! [CE] :: Unknown value: 'Tier9'.
 3:13:33.37 !!! [CE] :: Unknown value: 'Tier7'.
 3:13:33.37 !!! [CE] :: Unknown value: 'Tier8'.
 3:13:33.37 !!! [CE] :: Unknown value: 'Tier9'.
 3:13:33.37 !!! [CE] :: Unknown value: 'Tier7'.
 3:13:33.37 !!! [CE] :: Unknown value: 'Tier8'.
 3:13:33.37 !!! [CE] :: Unknown value: 'Tier9'.
 3:13:33.37 !!! [CE] :: Unknown value: 'Tier7'.
 3:13:33.37 !!! [CE] :: Unknown value: 'Tier8'.
 3:13:33.37 !!! [CE] :: Unknown value: 'Tier9'.
 3:13:33.37 !!! [CE] :: Unknown value: 'Tier7'.
 3:13:33.37 !!! [CE] :: Unknown value: 'Tier8'.
 3:13:33.37 !!! [CE] :: Unknown value: 'Tier9'.
 3:13:33.37 !!! [CE] :: Unknown value: 'Tier7'.
 3:13:33.37 !!! [CE] :: Unknown value: 'Tier8'.
 3:13:33.37 !!! [CE] :: Unknown value: 'Tier9'.
 3:13:33.37 !!! [CE] :: Unknown value: 'Tier7'.
 3:13:33.37 !!! [CE] :: Unknown value: 'Tier8'.
 3:13:33.37 !!! [CE] :: Unknown value: 'Tier9'.
 3:13:33.37 !!! [CE] :: Unknown value: 'Tier7'.
 3:13:33.37 !!! [CE] :: Unknown value: 'Tier8'.
 3:13:33.37 !!! [CE] :: Unknown value: 'Tier9'.
 3:13:33.37 !!! [CE] :: Unknown value: 'Tier7'.
 3:13:33.37 !!! [CE] :: Unknown value: 'Tier8'.
 3:13:33.37 !!! [CE] :: Unknown value: 'Tier9'.
 3:13:33.37 !!! [CE] :: Unknown value: 'Tier7'.
 3:13:33.37 !!! [CE] :: Unknown value: 'Tier8'.
 3:13:33.37 !!! [CE] :: Unknown value: 'Tier9'.
 3:13:33.37 !!! [CE] :: Unknown value: 'Tier7'.
 3:13:33.37 !!! [CE] :: Unknown value: 'Tier8'.
 3:13:33.37 !!! [CE] :: Unknown value: 'Tier9'.
 3:13:33.37 !!! [CE] :: Unknown value: 'Tier7'.
 3:13:33.37 !!! [CE] :: Unknown value: 'Tier8'.
 3:13:33.37 !!! [CE] :: Unknown value: 'Tier9'.
 3:13:33.37 !!! [CE] :: Unknown value: 'Tier7'.
 3:13:33.37 !!! [CE] :: Unknown value: 'Tier8'.
 3:13:33.37 !!! [CE] :: Unknown value: 'Tier9'.
 3:13:33.37 !!! [CE] :: Unknown value: 'Tier7'.
 3:13:33.37 !!! [CE] :: Unknown value: 'Tier8'.
 3:13:33.37 !!! [CE] :: Unknown value: 'Tier9'.
 3:13:33.37 !!! [CE] :: Unknown value: 'Tier7'.
 3:13:33.37 !!! [CE] :: Unknown value: 'Tier8'.
 3:13:33.37 !!! [CE] :: Unknown value: 'Tier9'.
 3:13:33.37 !!! [CE] :: Unknown value: 'Tier7'.
 3:13:33.37 !!! [CE] :: Unknown value: 'Tier8'.
 3:13:33.37 !!! [CE] :: Unknown value: 'Tier9'.
 3:13:33.94 !!! [CE] :: Unknown tag: 'hunting'.
 3:13:33.94 !!! [CE] :: Unknown tag: 'farm'.
 3:13:33.94 !!! [CE] :: Unknown tag: 'fishing'.
 3:13:33.94 !!! [CE] :: Unknown usage: 'Tenement'.
 3:13:33.124 !!! [CE][offlineDB] :: Type 'Loftd_hijab' will be ignored. (Type does not exist. (Typo?))
 3:13:33.124 !!! [CE][offlineDB] :: Type 'Loftd_hijab_black' will be ignored. (Type does not exist. (Typo?))
 3:13:33.124 !!! [CE][offlineDB] :: Type 'Loftd_hijab_bordo' will be ignored. (Type does not exist. (Typo?))
 3:13:33.125 !!! [CE][offlineDB] :: Type 'Loftd_hijab_green' will be ignored. (Type does not exist. (Typo?))
 3:13:33.125 !!! [CE][offlineDB] :: Type 'Loftd_hijab_home' will be ignored. (Type does not exist. (Typo?))
 3:13:33.125 !!! [CE][offlineDB] :: Type 'Loftd_hijab_kletka' will be ignored. (Type does not exist. (Typo?))
 3:13:33.125 !!! [CE][offlineDB] :: Type 'Loftd_hijab_red' will be ignored. (Type does not exist. (Typo?))
 3:13:33.125 !!! [CE][offlineDB] :: Type 'Loftd_hijab_stars' will be ignored. (Type does not exist. (Typo?))
 3:13:33.125 !!! [CE][offlineDB] :: Type 'Loftd_leatherHat' will be ignored. (Type does not exist. (Typo?))
 3:13:33.125 !!! [CE][offlineDB] :: Type 'Loftd_TiiliaksienHat' will be ignored. (Type does not exist. (Typo?))
 3:13:33.125 !!! [CE][offlineDB] :: Type 'Loftd_TropicalBag' will be ignored. (Type does not exist. (Typo?))
 3:13:33.125 !!! [CE][offlineDB] :: Type 'Loftd_campingbackpack' will be ignored. (Type does not exist. (Typo?))
 3:13:33.125 !!! [CE][offlineDB] :: Type 'Loftd_campingbackpack_green' will be ignored. (Type does not exist. (Typo?))
 3:13:33.125 !!! [CE][offlineDB] :: Type 'Loftd_oldbackpack' will be ignored. (Type does not exist. (Typo?))
 3:13:33.125 !!! [CE][offlineDB] :: Type 'Loftd_uniform_gloves' will be ignored. (Type does not exist. (Typo?))
 3:13:33.125 !!! [CE][offlineDB] :: Type 'Loftd_uniform_gloves_GR' will be ignored. (Type does not exist. (Typo?))
 3:13:33.125 !!! [CE][offlineDB] :: Type 'Loftd_uniform_gloves_WR' will be ignored. (Type does not exist. (Typo?))
 3:13:33.125 !!! [CE][offlineDB] :: Type 'Loftd_ghostmask' will be ignored. (Type does not exist. (Typo?))
 3:13:33.126 !!! [CE][offlineDB] :: Type 'Loftd_ghostpants' will be ignored. (Type does not exist. (Typo?))
 3:13:33.126 !!! [CE][offlineDB] :: Type 'Loftd_ghostpants_city' will be ignored. (Type does not exist. (Typo?))
 3:13:33.126 !!! [CE][offlineDB] :: Type 'Loftd_uniform_pants' will be ignored. (Type does not exist. (Typo?))
 3:13:33.126 !!! [CE][offlineDB] :: Type 'Loftd_uniform_pants_GR' will be ignored. (Type does not exist. (Typo?))
 3:13:33.126 !!! [CE][offlineDB] :: Type 'Loftd_uniform_pants_WR' will be ignored. (Type does not exist. (Typo?))
 3:13:33.127 !!! [CE][offlineDB] :: Type 'Loftd_pantalonvaron_ver1' will be ignored. (Type does not exist. (Typo?))
 3:13:33.127 !!! [CE][offlineDB] :: Type 'Loftd_pantalonvaron_ver2' will be ignored. (Type does not exist. (Typo?))
 3:13:33.127 !!! [CE][offlineDB] :: Type 'Loftd_pantalonvaron_ver3' will be ignored. (Type does not exist. (Typo?))
 3:13:33.128 !!! [CE][offlineDB] :: Type 'Loftd_uniform_boots' will be ignored. (Type does not exist. (Typo?))
 3:13:33.128 !!! [CE][offlineDB] :: Type 'Loftd_uniform_boots_GR' will be ignored. (Type does not exist. (Typo?))
 3:13:33.128 !!! [CE][offlineDB] :: Type 'Loftd_uniform_boots_WR' will be ignored. (Type does not exist. (Typo?))
 3:13:33.128 !!! [CE][offlineDB] :: Type 'Loftd_crosslander_blu' will be ignored. (Type does not exist. (Typo?))
 3:13:33.128 !!! [CE][offlineDB] :: Type 'Loftd_crosslander_green' will be ignored. (Type does not exist. (Typo?))
 3:13:33.128 !!! [CE][offlineDB] :: Type 'Loftd_crosslander_red' will be ignored. (Type does not exist. (Typo?))
 3:13:33.128 !!! [CE][offlineDB] :: Type 'Loftd_hikingboots_dirty' will be ignored. (Type does not exist. (Typo?))
 3:13:33.128 !!! [CE][offlineDB] :: Type 'Loftd_BunnySlippers' will be ignored. (Type does not exist. (Typo?))
 3:13:33.128 !!! [CE][offlineDB] :: Type 'Loftd_FuzzySlippers' will be ignored. (Type does not exist. (Typo?))
 3:13:33.129 !!! [CE][offlineDB] :: Type 'Loftd_houseslippers' will be ignored. (Type does not exist. (Typo?))
 3:13:33.129 !!! [CE][offlineDB] :: Type 'Loftd_NifflerSlippers' will be ignored. (Type does not exist. (Typo?))
 3:13:33.129 !!! [CE][offlineDB] :: Type 'Loftd_PigSlipper' will be ignored. (Type does not exist. (Typo?))
 3:13:33.129 !!! [CE][offlineDB] :: Type 'Loftd_leatherboots_dirty' will be ignored. (Type does not exist. (Typo?))
 3:13:33.129 !!! [CE][offlineDB] :: Type 'Loftd_ghostjacket' will be ignored. (Type does not exist. (Typo?))
 3:13:33.129 !!! [CE][offlineDB] :: Type 'Loftd_ghostjacket_city' will be ignored. (Type does not exist. (Typo?))
 3:13:33.129 !!! [CE][offlineDB] :: Type 'Loftd_uniform_jacket' will be ignored. (Type does not exist. (Typo?))
 3:13:33.129 !!! [CE][offlineDB] :: Type 'Loftd_uniform_jacket_GR' will be ignored. (Type does not exist. (Typo?))
 3:13:33.129 !!! [CE][offlineDB] :: Type 'Loftd_uniform_jacket_WR' will be ignored. (Type does not exist. (Typo?))
 3:13:33.129 !!! [CE][offlineDB] :: Type 'Loftd_Mjjacket_red' will be ignored. (Type does not exist. (Typo?))
 3:13:33.129 !!! [CE][offlineDB] :: Type 'Loftd_Mjjacket_black' will be ignored. (Type does not exist. (Typo?))
 3:13:33.130 !!! [CE][offlineDB] :: Type 'Loftd_Wrfemalejacket' will be ignored. (Type does not exist. (Typo?))
 3:13:33.130 !!! [CE][offlineDB] :: Type 'Loftd_huntercoat_camo' will be ignored. (Type does not exist. (Typo?))
 3:13:33.130 !!! [CE][offlineDB] :: Type 'Loftd_huntercoat_dubok' will be ignored. (Type does not exist. (Typo?))
 3:13:33.130 !!! [CE][offlineDB] :: Type 'Loftd_huntercoat_flora' will be ignored. (Type does not exist. (Typo?))
 3:13:33.131 !!! [CE][offlineDB] :: Type 'Loftd_ghostvest' will be ignored. (Type does not exist. (Typo?))
 3:13:33.131 !!! [CE][offlineDB] :: Type 'Loftd_ghostvest_city' will be ignored. (Type does not exist. (Typo?))
 3:13:33.131 !!! [CE][offlineDB] :: Type 'Loftd_knifeholster' will be ignored. (Not spawnable. (Scope is not public?))
 3:13:33.131 !!! [CE][offlineDB] :: Type 'Loftd_tropicalbag_pouch' will be ignored. (Type does not exist. (Typo?))
 3:13:33.131 !!! [CE][offlineDB] :: Type 'Loftd_tropicalbag_shovelpouch' will be ignored. (Type does not exist. (Typo?))
 3:13:33.131 !!! [CE][offlineDB] :: Type 'Loftd_tropicalbag_canteen' will be ignored. (Type does not exist. (Typo?))
 3:13:33.131 !!! [CE][offlineDB] :: Type 'Loftd_tropicalbag_spalnikpouch' will be ignored. (Type does not exist. (Typo?))
 3:13:33.131 !!! [CE][offlineDB] :: Type 'Loftd_militarybeltCIRAS_black (craft)' will be ignored. (Type does not exist. (Typo?))
 3:13:33.131 !!! [CE][offlineDB] :: Type 'Loftd_militarybeltCIRAS_dubok (craft)' will be ignored. (Type does not exist. (Typo?))
 3:13:33.131 !!! [CE][offlineDB] :: Type 'Loftd_militarybeltCIRAS_winter (craft)' will be ignored. (Type does not exist. (Typo?))
 3:13:33.131 !!! [CE][offlineDB] :: Type 'Loftd_uniform_belt' will be ignored. (Type does not exist. (Typo?))
 3:13:33.132 !!! [CE][offlineDB] :: Type 'Loftd_uniform_belt_GR' will be ignored. (Type does not exist. (Typo?))
 3:13:33.132 !!! [CE][offlineDB] :: Type 'Loftd_uniform_belt_WR' will be ignored. (Type does not exist. (Typo?))
 3:13:33.132 !!! [CE][offlineDB] :: Type 'Loftd_ghostponcho' will be ignored. (Type does not exist. (Typo?))
 3:13:33.132 !!! [CE][offlineDB] :: Type 'Loftd_ghostponcho_city' will be ignored. (Type does not exist. (Typo?))
 3:13:33.132 !!! [CE][offlineDB] :: Type 'Loftd_fabricscarf ' will be ignored. (Type does not exist. (Typo?))
 3:13:33.132 !!! [CE][offlineDB] :: Type 'Loftd_SleepingBagPacked_black' will be ignored. (Type does not exist. (Typo?))
 3:13:33.132 !!! [CE][offlineDB] :: Type 'Loftd_SleepingBagPacked_blue' will be ignored. (Type does not exist. (Typo?))
 3:13:33.132 !!! [CE][offlineDB] :: Type 'Loftd_SleepingBagPacked_green' will be ignored. (Type does not exist. (Typo?))
 3:13:33.132 !!! [CE][offlineDB] :: Type 'Loftd_SleepingBagPacked_red' will be ignored. (Type does not exist. (Typo?))
 3:13:33.132 !!! [CE][offlineDB] :: Type 'Loftd_SleepingBag_black' will be ignored. (Type does not exist. (Typo?))
 3:13:33.132 !!! [CE][offlineDB] :: Type 'Loftd_SleepingBag_blue' will be ignored. (Type does not exist. (Typo?))
 3:13:33.132 !!! [CE][offlineDB] :: Type 'Loftd_SleepingBag_green' will be ignored. (Type does not exist. (Typo?))
 3:13:33.132 !!! [CE][offlineDB] :: Type 'Loftd_SleepingBag_red' will be ignored. (Type does not exist. (Typo?))
 3:13:33.132 !!! [CE][offlineDB] :: Type 'Ririteo_razor' will be ignored. (Type does not exist. (Typo?))
 3:13:33.132 !!! [CE][offlineDB] :: Type 'Loftd_woodenbabycrib' will be ignored. (Type does not exist. (Typo?))
 3:13:33.133 !!! [CE][offlineDB] :: Type 'Loftd_totem_lada' will be ignored. (Type does not exist. (Typo?))
 3:13:33.133 !!! [CE][offlineDB] :: Type 'Loftd_totem_mara' will be ignored. (Type does not exist. (Typo?))
 3:13:33.133 !!! [CE][offlineDB] :: Type 'Loftd_totem_chur' will be ignored. (Type does not exist. (Typo?))
 3:13:33.133 !!! [CE][offlineDB] :: Type 'Loftd_totem_kashchei' will be ignored. (Type does not exist. (Typo?))
 3:13:33.133 !!! [CE][offlineDB] :: Type 'Loftd_totem_perun' will be ignored. (Type does not exist. (Typo?))
 3:13:33.134 !!! [CE][offlineDB] :: Type 'Loftd_totem_rod' will be ignored. (Type does not exist. (Typo?))
 3:13:33.134 !!! [CE][offlineDB] :: Type 'Loftd_totem_svarog' will be ignored. (Type does not exist. (Typo?))
 3:13:33.134 !!! [CE][offlineDB] :: Type 'Loftd_totem_veles' will be ignored. (Type does not exist. (Typo?))
 3:13:33.135 !!! [CE][offlineDB] :: Type 'Loftd_babyBandage' will be ignored. (Type does not exist. (Typo?))
 3:13:33.135 !!! [CE][offlineDB] :: Type 'Loftd_baby' will be ignored. (Type does not exist. (Typo?))
 3:13:33.135 !!! [CE][offlineDB] :: Type 'Loftd_huggers' will be ignored. (Type does not exist. (Typo?))
 3:13:33.156 !!! [CE][offlineDB] :: Type 'SA_Loot_Case' will be ignored. (Not spawnable. (Scope is not public?))
 3:13:33.251 !!! [CE][offlineDB] :: Type 'UAZ_3163_MCHS' will be ignored. (Type does not exist. (Typo?))
 3:13:33.251 !!! [CE][offlineDB] :: Type 'UAZ_3163_VP' will be ignored. (Type does not exist. (Typo?))
 3:13:33.251 !!! [CE][offlineDB] :: Type 'UAZ_3163_emergency_service' will be ignored. (Type does not exist. (Typo?))
 3:13:33.251 !!! [CE][offlineDB] :: Type 'opel_blitz' will be ignored. (Type does not exist. (Typo?))
 3:13:33.252 !!! [CE][offlineDB] :: Type 'dodge_power_wagonrus_doors_cargo3		' will be ignored. (Type does not exist. (Typo?))
 3:13:33.252 !!! [CE][offlineDB] :: Type 'dodge_power_wagonrus_doors_cargo3_yellow		' will be ignored. (Type does not exist. (Typo?))
 3:13:33.252 !!! [CE][offlineDB] :: Type 'dodge_power_wagonrus_doors_cargo3_white		' will be ignored. (Type does not exist. (Typo?))
 3:13:33.252 !!! [CE][offlineDB] :: Type 'dodge_power_wagonrus_doors_cargo3_black		' will be ignored. (Type does not exist. (Typo?))
 3:13:33.252 !!! [CE][offlineDB] :: Type 'dodge_power_wagonrus_doors_cargo3_red		' will be ignored. (Type does not exist. (Typo?))
 3:13:33.253 !!! [CE][offlineDB] :: Type 'UAZ_3163_doors_driver_MCHS' will be ignored. (Type does not exist. (Typo?))
 3:13:33.253 !!! [CE][offlineDB] :: Type 'UAZ_3163_doors_codriver_MCHS' will be ignored. (Type does not exist. (Typo?))
 3:13:33.253 !!! [CE][offlineDB] :: Type 'UAZ_3163_doors_cargo1_MCHS' will be ignored. (Type does not exist. (Typo?))
 3:13:33.253 !!! [CE][offlineDB] :: Type 'UAZ_3163_doors_cargo2_MCHS' will be ignored. (Type does not exist. (Typo?))
 3:13:33.253 !!! [CE][offlineDB] :: Type 'UAZ_3163_doors_hood_MCHS' will be ignored. (Type does not exist. (Typo?))
 3:13:33.253 !!! [CE][offlineDB] :: Type 'UAZ_3163_doors_trunk_MCHS' will be ignored. (Type does not exist. (Typo?))
 3:13:33.253 !!! [CE][offlineDB] :: Type 'UAZ_3163_doors_driver_VP' will be ignored. (Type does not exist. (Typo?))
 3:13:33.253 !!! [CE][offlineDB] :: Type 'UAZ_3163_doors_codriver_VP' will be ignored. (Type does not exist. (Typo?))
 3:13:33.253 !!! [CE][offlineDB] :: Type 'UAZ_3163_doors_cargo1_VP' will be ignored. (Type does not exist. (Typo?))
 3:13:33.253 !!! [CE][offlineDB] :: Type 'UAZ_3163_doors_cargo2_VP' will be ignored. (Type does not exist. (Typo?))
 3:13:33.253 !!! [CE][offlineDB] :: Type 'UAZ_3163_doors_hood_VP' will be ignored. (Type does not exist. (Typo?))
 3:13:33.253 !!! [CE][offlineDB] :: Type 'UAZ_3163_doors_trunk_VP' will be ignored. (Type does not exist. (Typo?))
 3:13:33.253 !!! [CE][offlineDB] :: Type 'UAZ_3163_doors_driver_emergency_service' will be ignored. (Type does not exist. (Typo?))
 3:13:33.253 !!! [CE][offlineDB] :: Type 'UAZ_3163_doors_codriver_emergency_service' will be ignored. (Type does not exist. (Typo?))
 3:13:33.253 !!! [CE][offlineDB] :: Type 'UAZ_3163_doors_cargo1_emergency_service' will be ignored. (Type does not exist. (Typo?))
 3:13:33.253 !!! [CE][offlineDB] :: Type 'UAZ_3163_doors_cargo2_emergency_service' will be ignored. (Type does not exist. (Typo?))
 3:13:33.253 !!! [CE][offlineDB] :: Type 'UAZ_3163_doors_hood_emergency_service' will be ignored. (Type does not exist. (Typo?))
 3:13:33.253 !!! [CE][offlineDB] :: Type 'UAZ_3163_doors_trunk_emergency_service' will be ignored. (Type does not exist. (Typo?))
 3:13:33.254 !!! [CE][offlineDB] :: Type 'UAZ_469_milicia_wheel ' will be ignored. (Type does not exist. (Typo?))
 3:13:33.254 !!! [CE][offlineDB] :: Type 'UAZ_469_milicia_doors_cargo1	' will be ignored. (Type does not exist. (Typo?))
 3:13:33.254 !!! [CE][offlineDB] :: Type 'UAZ_27722_mchs_doors_cargo2_ambulancia' will be ignored. (Type does not exist. (Typo?))
 3:13:33.254 !!! [CE][offlineDB] :: Type 'IJ_2125_Kombi_wheel ' will be ignored. (Type does not exist. (Typo?))
 3:13:33.274 !!! [CE][offlineDB] :: Type 'RubberBox_380ACP' will be ignored. (Type does not exist. (Typo?))
 3:13:33.275 !!! [CE][offlineDB] :: Type 'RubberBox_45ACP' will be ignored. (Type does not exist. (Typo?))
 3:13:33.275 !!! [CE][offlineDB] :: Type 'RubberBox_9x19' will be ignored. (Type does not exist. (Typo?))
 3:13:33.275 !!! [CE][offlineDB] :: Type 'Ammo_45ACPRubber' will be ignored. (Type does not exist. (Typo?))
 3:13:33.275 !!! [CE][offlineDB] :: Type 'Ammo_9x19Rubber' will be ignored. (Type does not exist. (Typo?))
 3:13:33.275 !!! [CE][offlineDB] :: Type 'Ammo_380Rubber' will be ignored. (Type does not exist. (Typo?))
 3:13:33.275 !!! [CE][offlineDB] :: Type 'ScrapRubber' will be ignored. (Type does not exist. (Typo?))
 3:13:33.275 !!! [CE][offlineDB] :: Type 'PressWdie' will be ignored. (Type does not exist. (Typo?))
 3:13:33.275 !!! [CE][offlineDB] :: Type 'PressWdieWattachmentplate' will be ignored. (Type does not exist. (Typo?))
 3:13:33.275 !!! [CE][offlineDB] :: Type 'Presswdiemechismhandle' will be ignored. (Type does not exist. (Typo?))
 3:13:33.275 !!! [CE][offlineDB] :: Type 'PresswithAttachmentplate' will be ignored. (Type does not exist. (Typo?))
 3:13:33.275 !!! [CE][offlineDB] :: Type 'PresswithMechanism' will be ignored. (Type does not exist. (Typo?))
 3:13:33.275 !!! [CE][offlineDB] :: Type 'PresswithMechanismhandle' will be ignored. (Type does not exist. (Typo?))
 3:13:33.275 !!! [CE][offlineDB] :: Type 'CrucibleOreLead' will be ignored. (Type does not exist. (Typo?))
 3:13:33.345 [CE][DE][SPAWNS] :: Total positions: 279
 3:13:33.345 [CE][DE][GROUPS] :: Total eventgroups defined: 83, Eventgroups in use: 0
 3:13:33.357 [CE][Storage] ver:25 stamp:1885, valid:yes, name:"G:\SteamLibrary\steamapps\common\DayZServer\mpmissions\empty.alteria\storage_380881\data\events.bin"
 3:13:33.358 [CE][Storage] ver:25 stamp:1866, valid:yes, name:"G:\SteamLibrary\steamapps\common\DayZServer\mpmissions\empty.alteria\storage_380881\data\events.001"
 3:13:33.369 [CE][Storage] ver:25 stamp:1867, valid:yes, name:"G:\SteamLibrary\steamapps\common\DayZServer\mpmissions\empty.alteria\storage_380881\data\events.002"
 3:13:33.369 [CE][Storage] Restoring file "G:\SteamLibrary\steamapps\common\DayZServer\mpmissions\empty.alteria\storage_380881\data\events.bin".
 3:13:33.369 [CE][DynamicEvent] Load  Events:[33] Primary spawners: 33 Secondary spawners: 2
 3:13:33.370 [CE][InfectedRespawner] (PRIArmy) :: Zones:0 Respawner Function DISABLED !!!
 3:13:33.370 [CE][InfectedRespawner] (PRIArmyHard) :: Status
 3:13:33.370   Zones:21, Unpopulated:0
 3:13:33.370   SMin:59, SMax:89
 3:13:33.370   DMin:90, DMax:143
 3:13:33.370 [CE][InfectedRespawner] (PRICity) :: Status
 3:13:33.370   Zones:12, Unpopulated:0
 3:13:33.370   SMin:0, SMax:0
 3:13:33.370   DMin:98, DMax:161
 3:13:33.370 [CE][InfectedRespawner] (PRIFirefighter) :: Status
 3:13:33.370   Zones:3, Unpopulated:0
 3:13:33.370   SMin:0, SMax:0
 3:13:33.370   DMin:9, DMax:16
 3:13:33.370 [CE][InfectedRespawner] (PRIIndustrial) :: Status
 3:13:33.370   Zones:21, Unpopulated:0
 3:13:33.370   SMin:0, SMax:0
 3:13:33.370   DMin:82, DMax:161
 3:13:33.370 [CE][InfectedRespawner] (PRIMedic) :: Status
 3:13:33.370   Zones:1, Unpopulated:0
 3:13:33.370   SMin:0, SMax:0
 3:13:33.371   DMin:1, DMax:4
 3:13:33.371 [CE][InfectedRespawner] (PRINBC) :: Zones:0 Respawner Function DISABLED !!!
 3:13:33.371 [CE][InfectedRespawner] (PRINBCYellow) :: Status
 3:13:33.371   Zones:2, Unpopulated:0
 3:13:33.372   SMin:0, SMax:0
 3:13:33.372   DMin:36, DMax:48
 3:13:33.372 [CE][InfectedRespawner] (PRIPolice) :: Status
 3:13:33.372   Zones:2, Unpopulated:0
 3:13:33.372   SMin:0, SMax:0
 3:13:33.372   DMin:6, DMax:10
 3:13:33.372 [CE][InfectedRespawner] (PRIPoliceHard) :: Zones:0 Respawner Function DISABLED !!!
 3:13:33.372 [CE][InfectedRespawner] (PRIPrisoner) :: Status
 3:13:33.373   Zones:1, Unpopulated:0
 3:13:33.373   SMin:4, SMax:8
 3:13:33.373   DMin:4, DMax:8
 3:13:33.373 [CE][InfectedRespawner] (PRIReligious) :: Status
 3:13:33.373   Zones:1, Unpopulated:0
 3:13:33.373   SMin:0, SMax:0
 3:13:33.373   DMin:1, DMax:3
 3:13:33.373 [CE][InfectedRespawner] (PRISolitude) :: Status
 3:13:33.373   Zones:70, Unpopulated:0
 3:13:33.373   SMin:0, SMax:0
 3:13:33.373   DMin:347, DMax:629
 3:13:33.373 [CE][InfectedRespawner] (PRIVillage) :: Status
 3:13:33.373   Zones:11, Unpopulated:0
 3:13:33.373   SMin:0, SMax:0
 3:13:33.373   DMin:33, DMax:66
 3:13:33.373 [CE][InfectedRespawner] (SECArmy) :: Zones:0 Respawner Function DISABLED !!!
 3:13:33.374 [CE][InfectedRespawner] (SECPoliceHard) :: Zones:0 Respawner Function DISABLED !!!
 3:13:33.384 [CE][Storage] ver:25 stamp:1885, valid:yes, name:"G:\SteamLibrary\steamapps\common\DayZServer\mpmissions\empty.alteria\storage_380881\data\dynamic_000.bin"
 3:13:33.392 [CE][Storage] ver:25 stamp:1866, valid:yes, name:"G:\SteamLibrary\steamapps\common\DayZServer\mpmissions\empty.alteria\storage_380881\data\dynamic_000.001"
 3:13:33.400 [CE][Storage] ver:25 stamp:1867, valid:yes, name:"G:\SteamLibrary\steamapps\common\DayZServer\mpmissions\empty.alteria\storage_380881\data\dynamic_000.002"
 3:13:33.401 [CE][Storage] Restoring file "G:\SteamLibrary\steamapps\common\DayZServer\mpmissions\empty.alteria\storage_380881\data\dynamic_000.bin" 146 items.
 3:13:34.326   146 items loaded. (0 failed)
 3:13:34.341 [CE][Storage] ver:25 stamp:1885, valid:yes, name:"G:\SteamLibrary\steamapps\common\DayZServer\mpmissions\empty.alteria\storage_380881\data\dynamic_001.bin"
 3:13:34.372 [CE][Storage] ver:25 stamp:1866, valid:yes, name:"G:\SteamLibrary\steamapps\common\DayZServer\mpmissions\empty.alteria\storage_380881\data\dynamic_001.001"
 3:13:34.400 [CE][Storage] ver:25 stamp:1867, valid:yes, name:"G:\SteamLibrary\steamapps\common\DayZServer\mpmissions\empty.alteria\storage_380881\data\dynamic_001.002"
 3:13:34.400 [CE][Storage] Restoring file "G:\SteamLibrary\steamapps\common\DayZServer\mpmissions\empty.alteria\storage_380881\data\dynamic_001.bin" 586 items.
 3:13:38.777   586 items loaded. (0 failed)
 3:13:38.796 [CE][Storage] ver:25 stamp:1885, valid:yes, name:"G:\SteamLibrary\steamapps\common\DayZServer\mpmissions\empty.alteria\storage_380881\data\dynamic_002.bin"
 3:13:38.813 [CE][Storage] ver:25 stamp:1866, valid:yes, name:"G:\SteamLibrary\steamapps\common\DayZServer\mpmissions\empty.alteria\storage_380881\data\dynamic_002.001"
 3:13:38.842 [CE][Storage] ver:25 stamp:1867, valid:yes, name:"G:\SteamLibrary\steamapps\common\DayZServer\mpmissions\empty.alteria\storage_380881\data\dynamic_002.002"
 3:13:38.842 [CE][Storage] Restoring file "G:\SteamLibrary\steamapps\common\DayZServer\mpmissions\empty.alteria\storage_380881\data\dynamic_002.bin" 1459 items.
 3:13:46.732   1459 items loaded. (0 failed)
 3:13:46.759 [CE][Storage] ver:25 stamp:1885, valid:yes, name:"G:\SteamLibrary\steamapps\common\DayZServer\mpmissions\empty.alteria\storage_380881\data\dynamic_003.bin"
 3:13:46.776 [CE][Storage] ver:25 stamp:1866, valid:yes, name:"G:\SteamLibrary\steamapps\common\DayZServer\mpmissions\empty.alteria\storage_380881\data\dynamic_003.001"
 3:13:46.800 [CE][Storage] ver:25 stamp:1867, valid:yes, name:"G:\SteamLibrary\steamapps\common\DayZServer\mpmissions\empty.alteria\storage_380881\data\dynamic_003.002"
 3:13:46.800 [CE][Storage] Restoring file "G:\SteamLibrary\steamapps\common\DayZServer\mpmissions\empty.alteria\storage_380881\data\dynamic_003.bin" 1525 items.
 3:13:53.283   1525 items loaded. (0 failed)
 3:13:53.315 [CE][Storage] ver:25 stamp:1885, valid:yes, name:"G:\SteamLibrary\steamapps\common\DayZServer\mpmissions\empty.alteria\storage_380881\data\dynamic_004.bin"
 3:13:53.377 [CE][Storage] ver:25 stamp:1866, valid:yes, name:"G:\SteamLibrary\steamapps\common\DayZServer\mpmissions\empty.alteria\storage_380881\data\dynamic_004.001"
 3:13:53.406 [CE][Storage] ver:25 stamp:1867, valid:yes, name:"G:\SteamLibrary\steamapps\common\DayZServer\mpmissions\empty.alteria\storage_380881\data\dynamic_004.002"
 3:13:53.406 [CE][Storage] Restoring file "G:\SteamLibrary\steamapps\common\DayZServer\mpmissions\empty.alteria\storage_380881\data\dynamic_004.bin" 693 items.
 3:13:55.349   693 items loaded. (0 failed)
 3:13:55.360 [CE][Storage] ver:25 stamp:1885, valid:yes, name:"G:\SteamLibrary\steamapps\common\DayZServer\mpmissions\empty.alteria\storage_380881\data\dynamic_005.bin"
 3:13:55.397 [CE][Storage] ver:25 stamp:1866, valid:yes, name:"G:\SteamLibrary\steamapps\common\DayZServer\mpmissions\empty.alteria\storage_380881\data\dynamic_005.001"
 3:13:55.426 [CE][Storage] ver:25 stamp:1867, valid:yes, name:"G:\SteamLibrary\steamapps\common\DayZServer\mpmissions\empty.alteria\storage_380881\data\dynamic_005.002"
 3:13:55.426 [CE][Storage] Restoring file "G:\SteamLibrary\steamapps\common\DayZServer\mpmissions\empty.alteria\storage_380881\data\dynamic_005.bin" 782 items.
 3:13:58.198   782 items loaded. (0 failed)
 3:13:58.223 [CE][Storage] ver:25 stamp:1885, valid:yes, name:"G:\SteamLibrary\steamapps\common\DayZServer\mpmissions\empty.alteria\storage_380881\data\dynamic_006.bin"
 3:13:58.263 [CE][Storage] ver:25 stamp:1866, valid:yes, name:"G:\SteamLibrary\steamapps\common\DayZServer\mpmissions\empty.alteria\storage_380881\data\dynamic_006.001"
 3:13:58.302 [CE][Storage] ver:25 stamp:1867, valid:yes, name:"G:\SteamLibrary\steamapps\common\DayZServer\mpmissions\empty.alteria\storage_380881\data\dynamic_006.002"
 3:13:58.303 [CE][Storage] Restoring file "G:\SteamLibrary\steamapps\common\DayZServer\mpmissions\empty.alteria\storage_380881\data\dynamic_006.bin" 1385 items.
 3:13:59.939   1385 items loaded. (0 failed)
 3:13:59.955 [CE][Storage] ver:25 stamp:1885, valid:yes, name:"G:\SteamLibrary\steamapps\common\DayZServer\mpmissions\empty.alteria\storage_380881\data\dynamic_007.bin"
 3:13:59.979 [CE][Storage] ver:25 stamp:1866, valid:yes, name:"G:\SteamLibrary\steamapps\common\DayZServer\mpmissions\empty.alteria\storage_380881\data\dynamic_007.001"
 3:14:00.58 [CE][Storage] ver:25 stamp:1867, valid:yes, name:"G:\SteamLibrary\steamapps\common\DayZServer\mpmissions\empty.alteria\storage_380881\data\dynamic_007.002"
 3:14:00.58 [CE][Storage] Restoring file "G:\SteamLibrary\steamapps\common\DayZServer\mpmissions\empty.alteria\storage_380881\data\dynamic_007.bin" 588 items.
 3:14:01.435   588 items loaded. (0 failed)
 3:14:01.445 [CE][Storage] ver:25 stamp:1885, valid:yes, name:"G:\SteamLibrary\steamapps\common\DayZServer\mpmissions\empty.alteria\storage_380881\data\dynamic_008.bin"
 3:14:01.455 [CE][Storage] ver:25 stamp:1866, valid:yes, name:"G:\SteamLibrary\steamapps\common\DayZServer\mpmissions\empty.alteria\storage_380881\data\dynamic_008.001"
 3:14:01.464 [CE][Storage] ver:25 stamp:1867, valid:yes, name:"G:\SteamLibrary\steamapps\common\DayZServer\mpmissions\empty.alteria\storage_380881\data\dynamic_008.002"
 3:14:01.464 [CE][Storage] Restoring file "G:\SteamLibrary\steamapps\common\DayZServer\mpmissions\empty.alteria\storage_380881\data\dynamic_008.bin" 505 items.
 3:14:02.345   505 items loaded. (0 failed)
 3:14:02.354 [CE][Storage] ver:25 stamp:1885, valid:yes, name:"G:\SteamLibrary\steamapps\common\DayZServer\mpmissions\empty.alteria\storage_380881\data\dynamic_009.bin"
 3:14:02.370 [CE][Storage] ver:25 stamp:1866, valid:yes, name:"G:\SteamLibrary\steamapps\common\DayZServer\mpmissions\empty.alteria\storage_380881\data\dynamic_009.001"
 3:14:02.381 [CE][Storage] ver:25 stamp:1867, valid:yes, name:"G:\SteamLibrary\steamapps\common\DayZServer\mpmissions\empty.alteria\storage_380881\data\dynamic_009.002"
 3:14:02.381 [CE][Storage] Restoring file "G:\SteamLibrary\steamapps\common\DayZServer\mpmissions\empty.alteria\storage_380881\data\dynamic_009.bin" 1046 items.
 3:14:03.298   1046 items loaded. (0 failed)
 3:14:03.314 [CE][Storage] ver:25 stamp:1885, valid:yes, name:"G:\SteamLibrary\steamapps\common\DayZServer\mpmissions\empty.alteria\storage_380881\data\dynamic_010.bin"
 3:14:03.324 [CE][Storage] ver:25 stamp:1866, valid:yes, name:"G:\SteamLibrary\steamapps\common\DayZServer\mpmissions\empty.alteria\storage_380881\data\dynamic_010.001"
 3:14:03.332 [CE][Storage] ver:25 stamp:1867, valid:yes, name:"G:\SteamLibrary\steamapps\common\DayZServer\mpmissions\empty.alteria\storage_380881\data\dynamic_010.002"
 3:14:03.332 [CE][Storage] Restoring file "G:\SteamLibrary\steamapps\common\DayZServer\mpmissions\empty.alteria\storage_380881\data\dynamic_010.bin" 877 items.
 3:14:04.139   877 items loaded. (0 failed)
 3:14:04.152 [CE][Storage] ver:25 stamp:1885, valid:yes, name:"G:\SteamLibrary\steamapps\common\DayZServer\mpmissions\empty.alteria\storage_380881\data\dynamic_011.bin"
 3:14:04.162 [CE][Storage] ver:25 stamp:1866, valid:yes, name:"G:\SteamLibrary\steamapps\common\DayZServer\mpmissions\empty.alteria\storage_380881\data\dynamic_011.001"
 3:14:04.171 [CE][Storage] ver:25 stamp:1867, valid:yes, name:"G:\SteamLibrary\steamapps\common\DayZServer\mpmissions\empty.alteria\storage_380881\data\dynamic_011.002"
 3:14:04.171 [CE][Storage] Restoring file "G:\SteamLibrary\steamapps\common\DayZServer\mpmissions\empty.alteria\storage_380881\data\dynamic_011.bin" 427 items.
 3:14:04.653   427 items loaded. (0 failed)
 3:14:04.654 [CE][Storage] ver:26 stamp:1885, valid:yes, name:"G:\SteamLibrary\steamapps\common\DayZServer\mpmissions\empty.alteria\storage_380881\data\building.bin"
 3:14:04.654 [CE][Storage] ver:26 stamp:1866, valid:yes, name:"G:\SteamLibrary\steamapps\common\DayZServer\mpmissions\empty.alteria\storage_380881\data\building.001"
 3:14:04.654 [CE][Storage] ver:26 stamp:1867, valid:yes, name:"G:\SteamLibrary\steamapps\common\DayZServer\mpmissions\empty.alteria\storage_380881\data\building.002"
 3:14:04.654 [CE][Storage] Restoring file "G:\SteamLibrary\steamapps\common\DayZServer\mpmissions\empty.alteria\storage_380881\data\building.bin" 2 items.
 3:14:04.654   2 items loaded. (0 failed)
 3:14:04.662 [CE][Storage] ver:25 stamp:1885, valid:yes, name:"G:\SteamLibrary\steamapps\common\DayZServer\mpmissions\empty.alteria\storage_380881\data\vehicles.bin"
 3:14:04.672 [CE][Storage] ver:25 stamp:1866, valid:yes, name:"G:\SteamLibrary\steamapps\common\DayZServer\mpmissions\empty.alteria\storage_380881\data\vehicles.001"
 3:14:04.687 [CE][Storage] ver:25 stamp:1867, valid:yes, name:"G:\SteamLibrary\steamapps\common\DayZServer\mpmissions\empty.alteria\storage_380881\data\vehicles.002"
 3:14:04.687 [CE][Storage] Restoring file "G:\SteamLibrary\steamapps\common\DayZServer\mpmissions\empty.alteria\storage_380881\data\vehicles.bin" 11 items.
 3:14:04.727   11 items loaded. (0 failed)
 3:14:04.733 [CE][Hive] :: Storage load took:31.36 seconds, recovery stamp:1885
 3:14:04.733   entity: 11979, building: 2
 3:14:04.733   pathgraph's: 293
 3:14:04.733 [CE][Hive] :: Initializing ... 
 3:14:04.733 [CE][OnInit]
 3:14:04.733   static groups: 5607
 3:14:04.734   containers: 9811
 3:14:04.734   points: 86046
 3:14:04.734   proxies: 2050
 3:14:04.734   linked groups: 803, points: 0
 3:14:04.734   abandoned groups: 0, points: 0
 3:14:04.734   dynamic groups: 0
 3:14:04.765 [CE][InitializeMap] :: initialized: 0
 3:14:04.765 [CE][Hive] :: Initializing spawners ... 
 3:14:04.814 [CE][InfectedRespawner] (PRIArmy) :: Initial Spawn: 0
 3:14:04.816 !!! [CE][Spawn] Character "ZmbM_PatrolNormal_Summer" at 1848.860107, 5025.133789
 3:14:04.818 !!! [CE][Spawn] Character "ZmbM_PatrolNormal_Flat" at 1805.367188, 4982.225098
 3:14:04.820 !!! [CE][Spawn] Character "ZmbM_usSoldier_Heavy_Woodland" at 1753.652588, 4984.643066
 3:14:04.821 !!! [CE][Spawn] Character "ZmbM_PatrolNormal_Summer" at 1861.032227, 6530.485352
 3:14:04.823 !!! [CE][Spawn] Character "ZmbM_usSoldier_Heavy_Woodland" at 1827.398193, 6489.421875
 3:14:04.824 !!! [CE][Spawn] Character "ZmbM_usSoldier_normal_Desert" at 1781.005493, 6483.839844
 3:14:04.826 !!! [CE][Spawn] Character "ZmbM_SoldierNormal" at 1705.953979, 6504.519043
 3:14:04.828 !!! [CE][Spawn] Character "ZmbM_PatrolNormal_PautRev" at 1728.141235, 6585.366211
 3:14:04.829 !!! [CE][Spawn] Character "ZmbM_PatrolNormal_PautRev" at 1799.927856, 6612.221680
 3:14:04.829 !!! [CE][Spawn] Character "ZmbM_PatrolNormal_Summer" at 1824.931396, 6550.595215
 3:14:04.830 !!! [CE][Spawn] Character "ZmbM_PatrolNormal_Flat" at 1857.464111, 6511.086426
 3:14:04.831 !!! [CE][Spawn] Character "ZmbM_usSoldier_normal_Woodland" at 1815.394409, 6473.738281
 3:14:04.831 !!! [CE][Spawn] Character "ZmbM_PatrolNormal_Summer" at 2584.141113, 5806.636230
 3:14:04.832 !!! [CE][Spawn] Character "ZmbM_PatrolNormal_Flat" at 2565.788086, 5820.741699
 3:14:04.833 !!! [CE][Spawn] Character "ZmbM_usSoldier_normal_Desert" at 1580.487793, 2561.786133
 3:14:04.834 !!! [CE][Spawn] Character "ZmbM_PatrolNormal_Flat" at 1586.800049, 2629.699951
 3:14:04.835 !!! [CE][Spawn] Character "ZmbM_PatrolNormal_PautRev" at 1630.000000, 2659.899902
 3:14:04.836 !!! [CE][Spawn] Character "ZmbM_PatrolNormal_Autumn" at 1699.030151, 2686.400391
 3:14:04.838 !!! [CE][Spawn] Character "ZmbM_usSoldier_Officer_Desert" at 1743.410278, 2612.122070
 3:14:04.838 !!! [CE][Spawn] Character "ZmbM_usSoldier_normal_Desert" at 1675.699463, 2570.657227
 3:14:04.839 !!! [CE][Spawn] Character "ZmbM_usSoldier_normal_Woodland" at 1617.380371, 2518.859863
 3:14:04.839 !!! [CE][Spawn] Character "ZmbM_PatrolNormal_Flat" at 1605.452026, 2596.924561
 3:14:04.840 !!! [CE][Spawn] Character "ZmbM_SoldierNormal" at 1584.099976, 2652.800049
 3:14:04.840 !!! [CE][Spawn] Character "ZmbM_usSoldier_normal_Desert" at 1644.865967, 2667.458496
 3:14:04.841 !!! [CE][Spawn] Character "ZmbM_usSoldier_Heavy_Woodland" at 1710.699585, 2659.379395
 3:14:04.842 !!! [CE][Spawn] Character "ZmbM_PatrolNormal_Flat" at 7721.122070, 1522.294800
 3:14:04.842 !!! [CE][Spawn] Character "ZmbM_usSoldier_normal_Desert" at 7655.203613, 1535.578247
 3:14:04.843 !!! [CE][Spawn] Character "ZmbM_usSoldier_Officer_Desert" at 7593.811035, 1524.459473
 3:14:04.845 !!! [CE][Spawn] Character "ZmbM_SoldierNormal" at 7625.557129, 1578.895996
 3:14:04.846 !!! [CE][Spawn] Character "ZmbM_PatrolNormal_PautRev" at 7624.483398, 1660.921997
 3:14:04.847 !!! [CE][Spawn] Character "ZmbM_PatrolNormal_Flat" at 7688.796875, 1616.967285
 3:14:04.848 !!! [CE][Spawn] Character "ZmbM_PatrolNormal_Summer" at 7746.525391, 1570.309448
 3:14:04.849 !!! [CE][Spawn] Character "ZmbM_PatrolNormal_Flat" at 7710.227539, 1494.729614
 3:14:04.850 !!! [CE][Spawn] Character "ZmbM_PatrolNormal_Flat" at 7639.483887, 1520.746826
 3:14:04.851 !!! [CE][Spawn] Character "ZmbM_usSoldier_Officer_Desert" at 7578.498047, 1544.106079
 3:14:04.851 !!! [CE][Spawn] Character "ZmbM_PatrolNormal_Flat" at 7614.715820, 1598.351074
 3:14:04.852 !!! [CE][Spawn] Character "ZmbM_PatrolNormal_Flat" at 6593.252930, 2338.650146
 3:14:04.855 !!! [CE][Spawn] Character "ZmbM_PatrolNormal_Summer" at 6746.706543, 2402.017090
 3:14:04.856 !!! [CE][Spawn] Character "ZmbM_SoldierNormal" at 6899.518066, 2352.428467
 3:14:04.858 !!! [CE][Spawn] Character "ZmbM_usSoldier_Officer_Desert" at 6849.999023, 2210.930176
 3:14:04.860 !!! [CE][Spawn] Character "ZmbM_SoldierNormal" at 6818.049805, 2081.600830
 3:14:04.860 !!! [CE][Spawn] Character "ZmbM_PatrolNormal_PautRev" at 6678.555664, 2110.345459
 3:14:04.861 !!! [CE][Spawn] Character "ZmbM_usSoldier_Officer_Desert" at 6604.501465, 2224.948975
 3:14:04.862 !!! [CE][Spawn] Character "ZmbM_PatrolNormal_Summer" at 6649.593262, 2364.738770
 3:14:04.864 !!! [CE][Spawn] Character "ZmbM_usSoldier_Officer_Desert" at 6782.000000, 2330.414551
 3:14:04.865 !!! [CE][Spawn] Character "ZmbM_PatrolNormal_Autumn" at 6820.689453, 2259.787109
 3:14:04.866 !!! [CE][Spawn] Character "ZmbM_usSoldier_Heavy_Woodland" at 6878.112305, 2158.120117
 3:14:04.866 !!! [CE][Spawn] Character "ZmbM_usSoldier_normal_Woodland" at 6766.821777, 2085.421631
 3:14:04.867 !!! [CE][Spawn] Character "ZmbM_SoldierNormal" at 6650.384277, 2146.066895
 3:14:04.868 !!! [CE][Spawn] Character "ZmbM_PatrolNormal_Autumn" at 6618.524414, 2270.209961
 3:14:04.869 !!! [CE][Spawn] Character "ZmbM_PatrolNormal_Autumn" at 6688.891113, 2407.229248
 3:14:04.870 !!! [CE][Spawn] Character "ZmbM_SoldierNormal" at 6566.290039, 2201.121582
 3:14:04.872 !!! [CE][Spawn] Character "ZmbM_usSoldier_Heavy_Woodland" at 6628.229980, 2359.528809
 3:14:04.873 !!! [CE][Spawn] Character "ZmbM_PatrolNormal_Autumn" at 6771.170898, 2332.536865
 3:14:04.873 !!! [CE][Spawn] Character "ZmbM_PatrolNormal_PautRev" at 7428.304199, 1589.334839
 3:14:04.874 !!! [CE][Spawn] Character "ZmbM_PatrolNormal_PautRev" at 7508.351074, 1562.115967
 3:14:04.875 !!! [CE][Spawn] Character "ZmbM_usSoldier_Heavy_Woodland" at 7535.753418, 1493.239990
 3:14:04.875 !!! [CE][Spawn] Character "ZmbM_usSoldier_normal_Woodland" at 7480.282227, 1461.965820
 3:14:04.876 !!! [CE][Spawn] Character "ZmbM_SoldierNormal" at 7441.020508, 1445.375366
 3:14:04.876 !!! [CE][Spawn] Character "ZmbM_usSoldier_normal_Woodland" at 7399.358398, 1476.427368
 3:14:04.878 !!! [CE][Spawn] Character "ZmbM_SoldierNormal" at 7410.613770, 1529.614502
 3:14:04.878 !!! [CE][Spawn] Character "ZmbM_usSoldier_normal_Woodland" at 7458.456055, 1555.235962
 3:14:04.879 !!! [CE][Spawn] Character "ZmbM_PatrolNormal_PautRev" at 7527.567383, 1543.664429
 3:14:04.880 !!! [CE][Spawn] Character "ZmbM_PatrolNormal_Summer" at 7549.100098, 1463.086426
 3:14:04.881 !!! [CE][Spawn] Character "ZmbM_PatrolNormal_Summer" at 3351.713867, 6229.651367
 3:14:04.881 !!! [CE][Spawn] Character "ZmbM_SoldierNormal" at 3378.030029, 6150.090332
 3:14:04.883 !!! [CE][Spawn] Character "ZmbM_PatrolNormal_Autumn" at 3313.417969, 6099.604004
 3:14:04.883 !!! [CE][Spawn] Character "ZmbM_PatrolNormal_PautRev" at 3237.378418, 6102.819824
 3:14:04.883 [CE][InfectedRespawner] (PRIArmyHard) :: Initial Spawn: 68
 3:14:04.883 [CE][InfectedRespawner] (PRICity) :: Initial Spawn: 0
 3:14:04.884 [CE][InfectedRespawner] (PRIFirefighter) :: Initial Spawn: 0
 3:14:04.884 [CE][InfectedRespawner] (PRIIndustrial) :: Initial Spawn: 0
 3:14:04.884 [CE][InfectedRespawner] (PRIMedic) :: Initial Spawn: 0
 3:14:04.884 [CE][InfectedRespawner] (PRINBC) :: Initial Spawn: 0
 3:14:04.884 [CE][InfectedRespawner] (PRINBCYellow) :: Initial Spawn: 0
 3:14:04.885 [CE][InfectedRespawner] (PRIPolice) :: Initial Spawn: 0
 3:14:04.885 [CE][InfectedRespawner] (PRIPoliceHard) :: Initial Spawn: 0
 3:14:04.887 !!! [CE][Spawn] Character "ZmbM_PrisonerSkinny" at 1700.143555, 4705.282715
 3:14:04.888 !!! [CE][Spawn] Character "ZmbM_PrisonerSkinny" at 1668.110107, 4719.227051
 3:14:04.888 !!! [CE][Spawn] Character "ZmbM_PrisonerSkinny" at 1673.610474, 4760.290039
 3:14:04.889 !!! [CE][Spawn] Character "ZmbM_PrisonerSkinny" at 1711.329834, 4747.394043
 3:14:04.889 !!! [CE][Spawn] Character "ZmbM_PrisonerSkinny" at 1724.109253, 4738.291016
 3:14:04.890 [CE][InfectedRespawner] (PRIPrisoner) :: Initial Spawn: 5
 3:14:04.890 [CE][InfectedRespawner] (PRIReligious) :: Initial Spawn: 0
 3:14:04.890 [CE][InfectedRespawner] (PRISolitude) :: Initial Spawn: 0
 3:14:04.890 [CE][InfectedRespawner] (PRIVillage) :: Initial Spawn: 0
 3:14:04.891 [CE][LootRespawner] (PRIDummy) :: Initially (re)spawned:0, Nominal:13028, Total in Map: 11237 at 0 (sec)
 3:14:04.891   tests:0, repeats:0 fails:0, overtime:0
 3:14:04.892 !!! [CE][Spawn] Character "ZmbM_usSoldier_normal_Desert" at 6725.912598, 976.570068
 3:14:04.893 !!! [CE][Spawn] Character "ZmbM_PatrolNormal_PautRev" at 6705.773926, 1001.303162
 3:14:04.894 !!! [CE][Spawn] Character "ZmbM_SoldierNormal" at 6700.126465, 1031.180176
 3:14:04.895 !!! [CE][Spawn] Character "ZmbM_PatrolNormal_Summer" at 5178.201172, 6880.544922
 3:14:04.895 !!! [CE][Spawn] Character "ZmbM_PatrolNormal_Autumn" at 5146.208008, 6898.543457
 3:14:04.897 !!! [CE][Spawn] Character "ZmbM_PatrolNormal_Autumn" at 5174.255859, 6922.852539
 3:14:04.897 !!! [CE][Spawn] Character "ZmbM_PatrolNormal_Flat" at 6971.886719, 6347.528320
 3:14:04.898 !!! [CE][Spawn] Character "ZmbM_SoldierNormal" at 7001.858887, 6340.588867
 3:14:04.899 !!! [CE][Spawn] Character "ZmbM_PatrolNormal_PautRev" at 7000.088379, 6307.227051
 3:14:04.899 [CE][InfectedRespawner] (SECArmy) :: Initial Spawn: 9
 3:14:04.900 [CE][InfectedRespawner] (SECPoliceHard) :: Initial Spawn: 0
 3:14:04.900 [CE][DynEvent] :: 33 types
 3:14:04.900 [00] AmbientHen
 3:14:04.900   Primary Spawner: "Ambient", active: yes, repeat: 1
 3:14:04.900 [01] AmbientBear
 3:14:04.900   Primary Spawner: "Ambient", active: yes, repeat: 1
 3:14:04.900 [02] AnimalCow
 3:14:04.900   Primary Spawner: "Animal", active: yes, repeat: 1
 3:14:04.900 [03] AnimalDeer
 3:14:04.900   Primary Spawner: "Animal", active: yes, repeat: 1
 3:14:04.901 [04] AmbientGoat
 3:14:04.901   Primary Spawner: "Ambient", active: yes, repeat: 1
 3:14:04.901 [05] AmbientPig
 3:14:04.901   Primary Spawner: "Ambient", active: yes, repeat: 1
 3:14:04.901 [06] AnimalRoeDeer
 3:14:04.901   Primary Spawner: "Animal", active: yes, repeat: 1
 3:14:04.901 [07] AnimalSheep
 3:14:04.901   Primary Spawner: "Animal", active: yes, repeat: 1
 3:14:04.901 [08] AnimalWildBoar
 3:14:04.901   Primary Spawner: "Animal", active: yes, repeat: 1
 3:14:04.901 [09] AnimalWolf
 3:14:04.901   Primary Spawner: "Animal", active: yes, repeat: 1
 3:14:04.901 [10] InfectedArmy
 3:14:04.901   Primary Spawner: "Infected", active: yes, repeat: 1
 3:14:04.901 [11] InfectedArmyHard
 3:14:04.901   Primary Spawner: "Infected", active: yes, repeat: 1
 3:14:04.901 [12] InfectedCity
 3:14:04.901   Primary Spawner: "Infected", active: yes, repeat: 1
 3:14:04.901 [13] InfectedFirefighter
 3:14:04.901   Primary Spawner: "Infected", active: yes, repeat: 1
 3:14:04.901 [14] InfectedIndustrial
 3:14:04.901   Primary Spawner: "Infected", active: yes, repeat: 1
 3:14:04.901 [15] InfectedMedic
 3:14:04.902   Primary Spawner: "Infected", active: yes, repeat: 1
 3:14:04.902 [16] InfectedNBC
 3:14:04.902   Primary Spawner: "Infected", active: yes, repeat: 1
 3:14:04.902 [17] InfectedNBCYellow
 3:14:04.903   Primary Spawner: "Infected", active: yes, repeat: 1
 3:14:04.903 [18] InfectedPolice
 3:14:04.903   Primary Spawner: "Infected", active: yes, repeat: 1
 3:14:04.903 [19] InfectedPoliceHard
 3:14:04.903   Primary Spawner: "Infected", active: yes, repeat: 1
 3:14:04.903 [20] InfectedPrisoner
 3:14:04.903   Primary Spawner: "Infected", active: yes, repeat: 1
 3:14:04.903 [21] InfectedReligious
 3:14:04.903   Primary Spawner: "Infected", active: yes, repeat: 1
 3:14:04.903 [22] InfectedSolitude
 3:14:04.903   Primary Spawner: "Infected", active: yes, repeat: 1
 3:14:04.903 [23] InfectedVillage
 3:14:04.903   Primary Spawner: "Infected", active: yes, repeat: 1
 3:14:04.903 [24] Loot
 3:14:04.903   Primary Spawner: "Loot", active: yes, repeat: 2
 3:14:04.903 [25] StaticHeliCrash
 3:14:04.904   Primary Spawner: "Static", active: yes, repeat: 1
 3:14:04.904   Secondary Spawner: "Infected", active: yes, repeat: 1
 3:14:04.904 [26] StaticPoliceCar
 3:14:04.904   Primary Spawner: "Static", active: yes, repeat: 1
 3:14:04.904   Secondary Spawner: "Infected", active: yes, repeat: 1
 3:14:04.904 [27] TrajectoryApple
 3:14:04.904   Primary Spawner: "Trajectory", active: yes, repeat: 1
 3:14:04.904 [28] TrajectoryConiferous
 3:14:04.904   Primary Spawner: "Trajectory", active: yes, repeat: 1
 3:14:04.904 [29] TrajectoryDeciduous
 3:14:04.904   Primary Spawner: "Trajectory", active: yes, repeat: 1
 3:14:04.904 [30] TrajectoryHumus
 3:14:04.904   Primary Spawner: "Trajectory", active: yes, repeat: 1
 3:14:04.904 [31] TrajectoryPear
 3:14:04.904   Primary Spawner: "Trajectory", active: yes, repeat: 1
 3:14:04.904 [32] TrajectoryPlum
 3:14:04.904   Primary Spawner: "Trajectory", active: yes, repeat: 1
 3:14:04.904 [CE][Hive] :: Initializing of spawners done.
 3:14:04.908 [CE][Hive] :: Init sequence finished.
 3:14:04.908 Player connect enabled
 3:14:04.987 [Login]: Adding player LEE (504068299) to login queue at position 0
 3:14:04.987 [LoginMachine]: Add player LEE (504068299 192.168.1.4:51045)
 3:14:04.987 [StateMachine]: Player LEE (dpnid 504068299 uid ) Entering AuthPlayerLoginState
 3:14:05.972 [StateMachine]: Player LEE (dpnid 504068299 uid ) Entering WaitAuthPlayerLoginState
 3:14:08.718 Player LEE (id=R5KkZb3Ywicboa8ntCzbBJK6WLpakj_6yA-ghmDo4lw=) has connected.
 3:14:08.718 Player "LEE"(steamID=76561198413928129) is connected
 3:14:08.718 [StateMachine]: Player LEE (dpnid 504068299 uid ) Entering WaitPlayerAssignedLoginState
 3:14:10.868 [StateMachine]: Player LEE (dpnid 504068299 uid ) Entering PlayerAssignedLoginState
 3:14:10.887 [StateMachine]: Player LEE (dpnid 504068299 uid R5KkZb3Ywicboa8ntCzbBJK6WLpakj_6yA-ghmDo4lw=) Entering DBGetLoginTimeLoginState
 3:14:10.892 [StateMachine]: Player LEE (dpnid 504068299 uid R5KkZb3Ywicboa8ntCzbBJK6WLpakj_6yA-ghmDo4lw=) Entering DBWaitLoginTimeLoginState
 3:14:13.909 [StateMachine]: Player LEE (dpnid 504068299 uid R5KkZb3Ywicboa8ntCzbBJK6WLpakj_6yA-ghmDo4lw=) Entering DBGetCharacterLoginState
 3:14:13.915 [StateMachine]: Player LEE (dpnid 504068299 uid R5KkZb3Ywicboa8ntCzbBJK6WLpakj_6yA-ghmDo4lw=) Entering CreateNetObjectsLoginState
 3:14:13.918 [StateMachine]: Player LEE (dpnid 504068299 uid R5KkZb3Ywicboa8ntCzbBJK6WLpakj_6yA-ghmDo4lw=) Entering PreloadCamLoginState
 3:14:13.918 [StateMachine]: Player LEE (dpnid 504068299 uid R5KkZb3Ywicboa8ntCzbBJK6WLpakj_6yA-ghmDo4lw=) Entering WaitPreloadCamLoginState
 3:14:26.189 [CE][LootRespawner] (PRIDummy) :: Item [0] causing search overtime: "HipPack_Party"
 3:14:26.375 [CE][LootRespawner] (PRIDummy) :: Item [1] causing search overtime: "STAG_Clothing_MountainBag"
 3:14:26.440 [CE][LootRespawner] (PRIDummy) :: Item [0] is hard to place, performance drops: "STAG_Clothing_PlateCarrier"
 3:14:26.440 [CE][LootRespawner] (PRIDummy) :: Item [1] is hard to place, performance drops: "STAG_Clothing_PlateCarrier"
 3:14:26.440 [CE][LootRespawner] (PRIDummy) :: Item [2] is hard to place, performance drops: "STAG_Clothing_PlateCarrier"
 3:14:26.440 [CE][LootRespawner] (PRIDummy) :: Item [3] is hard to place, performance drops: "STAG_Clothing_PlateCarrier"
 3:14:26.440 [CE][LootRespawner] (PRIDummy) :: Item [4] is hard to place, performance drops: "STAG_Clothing_PlateCarrier"
 3:14:26.440 [CE][LootRespawner] (PRIDummy) :: Item [5] is hard to place, performance drops: "STAG_Clothing_PlateCarrier"
 3:14:26.440 [CE][LootRespawner] (PRIDummy) :: Item [6] is hard to place, performance drops: "STAG_Clothing_PlateCarrier"
 3:14:26.440 [CE][LootRespawner] (PRIDummy) :: Item [7] is hard to place, performance drops: "STAG_Clothing_PlateCarrier"
 3:14:26.440 [CE][LootRespawner] (PRIDummy) :: Item [8] is hard to place, performance drops: "STAG_Clothing_PlateCarrier"
 3:14:26.440 [CE][LootRespawner] (PRIDummy) :: Item [2] causing search overtime: "STAG_Clothing_PlateCarrier"
 3:14:26.704 [CE][LootRespawner] (PRIDummy) :: Item [9] is hard to place, performance drops: "BUISOptic"
 3:14:26.796 [CE][LootRespawner] (PRIDummy) :: Item [10] is hard to place, performance drops: "STAG_Clothing_Cargo_Pants"
 3:14:26.796 [CE][LootRespawner] (PRIDummy) :: Item [11] is hard to place, performance drops: "STAG_Clothing_Cargo_Pants"
 3:14:26.796 [CE][LootRespawner] (PRIDummy) :: Item [12] is hard to place, performance drops: "STAG_Clothing_Cargo_Pants"
 3:14:26.796 [CE][LootRespawner] (PRIDummy) :: Item [13] is hard to place, performance drops: "STAG_Clothing_Cargo_Pants"
 3:14:26.796 [CE][LootRespawner] (PRIDummy) :: Item [14] is hard to place, performance drops: "STAG_Clothing_Cargo_Pants"
 3:14:26.796 [CE][LootRespawner] (PRIDummy) :: Item [15] is hard to place, performance drops: "STAG_Clothing_Cargo_Pants"
 3:14:26.796 [CE][LootRespawner] (PRIDummy) :: Item [16] is hard to place, performance drops: "STAG_Clothing_Cargo_Pants"
 3:14:26.796 [CE][LootRespawner] (PRIDummy) :: Item [17] is hard to place, performance drops: "STAG_Clothing_Cargo_Pants"
 3:14:26.796 [CE][LootRespawner] (PRIDummy) :: Item [18] is hard to place, performance drops: "STAG_Clothing_Cargo_Pants"
 3:14:26.796 [CE][LootRespawner] (PRIDummy) :: Item [3] causing search overtime: "STAG_Clothing_Cargo_Pants"
 3:14:26.896 [CE][LootRespawner] (PRIDummy) :: Item [19] is hard to place, performance drops: "TerjeAmpouleKetamin"
 3:14:26.898 [CE][LootRespawner] (PRIDummy) :: Item [20] is hard to place, performance drops: "TerjeAmpouleKetamin"
 3:14:26.995 [CE][LootRespawner] (PRIDummy) :: Item [21] is hard to place, performance drops: "STAG_Clothing_M65_Jacket"
 3:14:26.995 [CE][LootRespawner] (PRIDummy) :: Item [22] is hard to place, performance drops: "STAG_Clothing_M65_Jacket"
 3:14:26.995 [CE][LootRespawner] (PRIDummy) :: Item [23] is hard to place, performance drops: "STAG_Clothing_M65_Jacket"
 3:14:26.995 [CE][LootRespawner] (PRIDummy) :: Item [24] is hard to place, performance drops: "STAG_Clothing_M65_Jacket"
 3:14:26.995 [CE][LootRespawner] (PRIDummy) :: Item [25] is hard to place, performance drops: "STAG_Clothing_M65_Jacket"
 3:14:26.995 [CE][LootRespawner] (PRIDummy) :: Item [26] is hard to place, performance drops: "STAG_Clothing_M65_Jacket"
 3:14:26.995 [CE][LootRespawner] (PRIDummy) :: Item [27] is hard to place, performance drops: "STAG_Clothing_M65_Jacket"
 3:14:26.995 [CE][LootRespawner] (PRIDummy) :: Item [28] is hard to place, performance drops: "STAG_Clothing_M65_Jacket"
 3:14:26.995 [CE][LootRespawner] (PRIDummy) :: Item [29] is hard to place, performance drops: "STAG_Clothing_M65_Jacket"
 3:14:26.995 [CE][LootRespawner] (PRIDummy) :: Item [4] causing search overtime: "STAG_Clothing_M65_Jacket"
 3:14:27.103 [CE][LootRespawner] (PRIDummy) :: Item [5] causing search overtime: "MimeMask_Female"
 3:14:27.201 [CE][LootRespawner] (PRIDummy) :: Item [6] causing search overtime: "EyeMask_Black"
 3:14:27.307 [CE][LootRespawner] (PRIDummy) :: Item [30] is hard to place, performance drops: "SA_Loot_Chest_Red"
 3:14:27.307 [CE][LootRespawner] (PRIDummy) :: Item [31] is hard to place, performance drops: "SA_Loot_Chest_Red"
 3:14:27.307 [CE][LootRespawner] (PRIDummy) :: Item [32] is hard to place, performance drops: "SA_Loot_Chest_Red"
 3:14:27.307 [CE][LootRespawner] (PRIDummy) :: Item [33] is hard to place, performance drops: "SA_Loot_Chest_Red"
 3:14:27.307 [CE][LootRespawner] (PRIDummy) :: Item [34] is hard to place, performance drops: "SA_Loot_Chest_Red"
 3:14:27.307 [CE][LootRespawner] (PRIDummy) :: Item [35] is hard to place, performance drops: "SA_Loot_Chest_Red"
 3:14:27.307 [CE][LootRespawner] (PRIDummy) :: Item [36] is hard to place, performance drops: "SA_Loot_Chest_Red"
 3:14:27.307 [CE][LootRespawner] (PRIDummy) :: Item [37] is hard to place, performance drops: "SA_Loot_Chest_Red"
 3:14:27.307 [CE][LootRespawner] (PRIDummy) :: Item [7] causing search overtime: "SA_Loot_Chest_Red"
 3:14:27.406 [CE][LootRespawner] (PRIDummy) :: Item [8] causing search overtime: "EyeMask_Yellow"
 3:14:27.506 [CE][LootRespawner] (PRIDummy) :: Item [9] causing search overtime: "MimeMask_Male"
 3:14:27.606 [CE][LootRespawner] (PRIDummy) :: Item [10] causing search overtime: "EyeMask_Blue"
 3:14:27.706 [CE][LootRespawner] (PRIDummy) :: Item [11] causing search overtime: "EyeMask_Red"
 3:14:27.933 [CE][LootRespawner] (PRIDummy) :: Item [12] causing search overtime: "Chestplate"
 3:14:28.33 [CE][LootRespawner] (PRIDummy) :: Item [13] causing search overtime: "GreatHelm"
 3:14:28.133 [CE][LootRespawner] (PRIDummy) :: Item [14] causing search overtime: "WoolGlovesFingerless_ChristmasBlue"
 3:14:28.234 [CE][LootRespawner] (PRIDummy) :: Item [15] causing search overtime: "Sword"
 3:14:28.338 !!! [CE][Spawn] Character "ZmbM_usSoldier_normal_Woodland" at 1712.923950, 5021.611328
 3:14:28.339 !!! [CE][Spawn] Character "ZmbM_usSoldier_normal_Woodland" at 1725.337769, 5082.191406
 3:14:28.340 !!! [CE][Spawn] Character "ZmbM_usSoldier_Heavy_Woodland" at 1782.893311, 5084.671387
 3:14:28.340 !!! [CE][Spawn] Character "ZmbM_PatrolNormal_Summer" at 1760.199951, 6482.174316
 3:14:28.340 !!! [CE][Spawn] Character "ZmbM_usSoldier_normal_Woodland" at 1748.667358, 6533.185547
 3:14:28.341 !!! [CE][Spawn] Character "ZmbM_PatrolNormal_Flat" at 1752.144043, 6598.429688
 3:14:28.341 !!! [CE][Spawn] Character "ZmbM_usSoldier_normal_Desert" at 1806.656616, 6558.122559
 3:14:28.342 !!! [CE][Spawn] Character "ZmbM_usSoldier_Heavy_Woodland" at 1841.878418, 6545.100098
 3:14:28.343 !!! [CE][Spawn] Character "ZmbM_PatrolNormal_Flat" at 1866.261841, 6479.854004
 3:14:28.344 !!! [CE][Spawn] Character "ZmbM_PatrolNormal_PautRev" at 1797.289429, 6502.430664
 3:14:28.344 !!! [CE][Spawn] Character "ZmbM_PatrolNormal_Summer" at 1731.838257, 6486.318359
 3:14:28.345 !!! [CE][Spawn] Character "ZmbM_PatrolNormal_Flat" at 1730.650391, 6555.686523
 3:14:28.345 !!! [CE][Spawn] Character "ZmbM_PatrolNormal_PautRev" at 2550.740234, 5848.520020
 3:14:28.346 !!! [CE][Spawn] Character "ZmbM_usSoldier_normal_Woodland" at 2576.572021, 5876.781738
 3:14:28.346 !!! [CE][Spawn] Character "ZmbM_PatrolNormal_PautRev" at 1732.502686, 2583.888428
 3:14:28.346 !!! [CE][Spawn] Character "ZmbM_PatrolNormal_Autumn" at 1667.402710, 2547.135010
 3:14:28.347 !!! [CE][Spawn] Character "ZmbM_PatrolNormal_Flat" at 1601.705933, 2548.171143
 3:14:28.348 !!! [CE][Spawn] Character "ZmbM_usSoldier_Officer_Desert" at 1585.491943, 2608.602783
 3:14:28.348 !!! [CE][Spawn] Character "ZmbM_PatrolNormal_Autumn" at 1630.183838, 2631.385498
 3:14:28.349 !!! [CE][Spawn] Character "ZmbM_PatrolNormal_Autumn" at 1711.851563, 2656.625977
 3:14:28.349 !!! [CE][Spawn] Character "ZmbM_PrisonerSkinny" at 1730.767700, 4721.101074
 3:14:28.349 !!! [CE][Spawn] Character "ZmbM_PrisonerSkinny" at 1720.113403, 4688.602051
 3:14:28.350 !!! [CE][Spawn] Character "ZmbM_PrisonerSkinny" at 1691.917969, 4708.091309
 3:14:28.350 !!! [CE][Spawn] Character "ZmbM_PrisonerSkinny" at 1677.237793, 4731.938477
 3:14:28.351 !!! [CE][Spawn] Character "ZmbM_PrisonerSkinny" at 1700.204224, 4745.376465
 3:14:28.439 !!! [CE][Spawn] Character "ZmbM_SoldierNormal" at 6727.676758, 1044.382935
 3:14:28.440 !!! [CE][Spawn] Character "ZmbM_usSoldier_normal_Desert" at 6754.261719, 1036.404053
 3:14:28.440 !!! [CE][Spawn] Character "ZmbM_SoldierNormal" at 6773.189453, 1007.895325
 3:14:28.441 !!! [CE][Spawn] Character "ZmbM_PatrolNormal_PautRev" at 5179.383789, 6955.542480
 3:14:28.442 !!! [CE][Spawn] Character "ZmbM_PatrolNormal_Flat" at 5206.666504, 6938.421387
 3:14:28.442 !!! [CE][Spawn] Character "ZmbM_PatrolNormal_PautRev" at 5206.115234, 6913.477051
 3:14:28.444 !!! [CE][Spawn] Character "ZmbM_PatrolNormal_Autumn" at 6970.831543, 6307.818848
 3:14:28.444 !!! [CE][Spawn] Character "ZmbM_PatrolNormal_Summer" at 6942.289063, 6296.532715
 3:14:28.446 !!! [CE][Spawn] Character "ZmbM_PatrolNormal_Autumn" at 6935.180176, 6327.934570
 3:14:39.951 [StateMachine]: Player LEE (dpnid 504068299 uid R5KkZb3Ywicboa8ntCzbBJK6WLpakj_6yA-ghmDo4lw=) Entering GetLoadedCharLoginState
 3:14:58.08 <LOAD EXISTING CHAR>:
    charID 1
    playerID 1
    dpnid 504068299
    uid R5KkZb3Ywicboa8ntCzbBJK6WLpakj_6yA-ghmDo4lw=
 3:14:58.79 [CE][InfectedRespawner] (PRIArmy) :: OnNewPlayer Spawned :0
 3:14:58.79 [CE][InfectedRespawner] (PRIArmyHard) :: OnNewPlayer Spawned :0
 3:14:58.79 [CE][InfectedRespawner] (PRICity) :: OnNewPlayer Spawned :0
 3:14:58.79 [CE][InfectedRespawner] (PRIFirefighter) :: OnNewPlayer Spawned :0
 3:14:58.81 !!! [CE][Spawn] Character "ZmbM_ConstrWorkerNormal_Black" at 1813.312744, 349.983826
 3:14:58.84 !!! [CE][Spawn] Character "ZmbM_OffshoreWorker_Orange" at 1662.690796, 529.184143
 3:14:58.86 !!! [CE][Spawn] Character "ZmbM_MechanicSkinny_Red" at 1732.945068, 777.019409
 3:14:58.86 !!! [CE][Spawn] Character "ZmbM_ConstrWorkerNormal_Green" at 1965.563110, 725.377258
 3:14:58.88 !!! [CE][Spawn] Character "ZmbM_HandymanNormal_Green" at 1953.958008, 368.101685
 3:14:58.90 !!! [CE][Spawn] Character "ZmbF_BlueCollarFat_White" at 1858.300049, 492.434143
 3:14:58.91 !!! [CE][Spawn] Character "ZmbM_HeavyIndustryWorker" at 1736.231323, 599.730957
 3:14:58.92 !!! [CE][Spawn] Character "ZmbF_MechanicNormal_Orange" at 1798.339722, 852.914795
 3:14:58.92 !!! [CE][Spawn] Character "ZmbM_MechanicSkinny_Red" at 2027.219727, 728.490417
 3:14:58.93 !!! [CE][Spawn] Character "ZmbM_OffshoreWorker_Orange" at 2145.063721, 327.707581
 3:14:58.95 !!! [CE][Spawn] Character "ZmbM_MechanicSkinny_Blue" at 1656.482178, 434.278351
 3:14:58.96 !!! [CE][Spawn] Character "ZmbM_ConstrWorkerNormal_Beige" at 1726.838135, 675.944214
 3:14:58.96 !!! [CE][Spawn] Character "ZmbM_OffshoreWorker_Orange" at 1905.940063, 787.746460
 3:14:58.97 !!! [CE][Spawn] Character "ZmbF_BlueCollarFat_White" at 1630.209839, 595.095642
 3:14:58.97 !!! [CE][Spawn] Character "ZmbF_BlueCollarFat_Red" at 1769.745972, 848.345215
 3:14:58.99 !!! [CE][Spawn] Character "ZmbM_HandymanNormal_Grey" at 2067.681641, 855.901489
 3:14:58.100 !!! [CE][Spawn] Character "ZmbM_OffshoreWorker_Yellow" at 2052.411865, 584.206726
 3:14:58.101 !!! [CE][Spawn] Character "ZmbM_ConstrWorkerNormal_Green" at 2173.701416, 337.485840
 3:14:58.101 !!! [CE][Spawn] Character "ZmbF_BlueCollarFat_Red" at 1693.420166, 425.749084
 3:14:58.103 !!! [CE][Spawn] Character "ZmbM_HandymanNormal_Beige" at 1851.197144, 597.121033
 3:14:58.103 !!! [CE][Spawn] Character "ZmbM_HeavyIndustryWorker" at 1907.677979, 680.985229
 3:14:58.103 [CE][InfectedRespawner] (PRIIndustrial) :: OnNewPlayer Spawned :21
 3:14:58.103 [CE][InfectedRespawner] (PRIMedic) :: OnNewPlayer Spawned :0
 3:14:58.103 [CE][InfectedRespawner] (PRINBC) :: OnNewPlayer Spawned :0
 3:14:58.103 [CE][InfectedRespawner] (PRINBCYellow) :: OnNewPlayer Spawned :0
 3:14:58.103 [CE][InfectedRespawner] (PRIPolice) :: OnNewPlayer Spawned :0
 3:14:58.103 [CE][InfectedRespawner] (PRIPoliceHard) :: OnNewPlayer Spawned :0
 3:14:58.103 [CE][InfectedRespawner] (PRIPrisoner) :: OnNewPlayer Spawned :0
 3:14:58.103 [CE][InfectedRespawner] (PRIReligious) :: OnNewPlayer Spawned :0
 3:14:58.103 [CE][InfectedRespawner] (PRISolitude) :: OnNewPlayer Spawned :0
 3:14:58.103 [CE][InfectedRespawner] (PRIVillage) :: OnNewPlayer Spawned :0
 3:14:58.103 [CE][InfectedRespawner] (SECArmy) :: OnNewPlayer Spawned :0
 3:14:58.103 [CE][InfectedRespawner] (SECPoliceHard) :: OnNewPlayer Spawned :0
 3:15:14.441 [CE][LootRespawner] (PRIDummy) :: Item [16] causing search overtime: "Sword"
 3:15:14.541 [CE][LootRespawner] (PRIDummy) :: Item [17] causing search overtime: "Chainmail_Leggings"
 3:15:14.641 [CE][LootRespawner] (PRIDummy) :: Item [18] causing search overtime: "WoolGloves_ChristmasBlue"
 3:15:14.741 [CE][LootRespawner] (PRIDummy) :: Item [19] causing search overtime: "Chainmail_Coif"
 3:15:14.842 [CE][LootRespawner] (PRIDummy) :: Item [20] causing search overtime: "MedievalBoots"
 3:15:14.941 [CE][LootRespawner] (PRIDummy) :: Item [21] causing search overtime: "Mace"
 3:15:15.40 [CE][LootRespawner] (PRIDummy) :: Item [22] causing search overtime: "Chainmail"
 3:15:15.141 [CE][LootRespawner] (PRIDummy) :: Item [23] causing search overtime: "WoolGlovesFingerless_ChristmasRed"
 3:15:15.241 [CE][LootRespawner] (PRIDummy) :: Item [24] causing search overtime: "WoolGloves_ChristmasRed"
 3:15:15.653 [CE][LootRespawner] (PRIDummy) :: Item [25] causing search overtime: "HipPack_Party"
 3:15:15.736 [CE][LootRespawner] (PRIDummy) :: Item [26] causing search overtime: "STAG_Clothing_MountainBag"
 3:15:15.836 [CE][LootRespawner] (PRIDummy) :: Item [38] is hard to place, performance drops: "STAG_Clothing_M65_Jacket"
 3:15:15.836 [CE][LootRespawner] (PRIDummy) :: Item [39] is hard to place, performance drops: "STAG_Clothing_M65_Jacket"
 3:15:15.836 [CE][LootRespawner] (PRIDummy) :: Item [40] is hard to place, performance drops: "STAG_Clothing_M65_Jacket"
 3:15:15.836 [CE][LootRespawner] (PRIDummy) :: Item [41] is hard to place, performance drops: "STAG_Clothing_M65_Jacket"
 3:15:15.836 [CE][LootRespawner] (PRIDummy) :: Item [42] is hard to place, performance drops: "STAG_Clothing_M65_Jacket"
 3:15:15.836 [CE][LootRespawner] (PRIDummy) :: Item [43] is hard to place, performance drops: "STAG_Clothing_M65_Jacket"
 3:15:15.836 [CE][LootRespawner] (PRIDummy) :: Item [44] is hard to place, performance drops: "STAG_Clothing_M65_Jacket"
 3:15:15.836 [CE][LootRespawner] (PRIDummy) :: Item [45] is hard to place, performance drops: "STAG_Clothing_M65_Jacket"
 3:15:15.836 [CE][LootRespawner] (PRIDummy) :: Item [46] is hard to place, performance drops: "STAG_Clothing_M65_Jacket"
 3:15:15.836 [CE][LootRespawner] (PRIDummy) :: Item [27] causing search overtime: "STAG_Clothing_M65_Jacket"
 3:15:16.29 [CE][LootRespawner] (PRIDummy) :: Item [28] causing search overtime: "MimeMask_Female"
 3:15:16.120 [CE][LootRespawner] (PRIDummy) :: Item [29] causing search overtime: "EyeMask_Black"
 3:15:16.219 [CE][LootRespawner] (PRIDummy) :: Item [30] causing search overtime: "EyeMask_Yellow"
 3:15:16.320 [CE][LootRespawner] (PRIDummy) :: Item [31] causing search overtime: "MimeMask_Male"
 3:15:16.461 [CE][LootRespawner] (PRIDummy) :: Item [32] causing search overtime: "EyeMask_Blue"
 3:15:16.552 [CE][LootRespawner] (PRIDummy) :: Item [33] causing search overtime: "EyeMask_Red"
 3:15:17.83 [CE][DE] [StaticPoliceCar] Spawning: EventID:[26] CurrentID:[417] at [2684.1,-1.0,5917.5] a: -1.000
 3:15:17.97 [CE][Links] found 0 total links between groups, of 1
 3:15:17.97 [CE][SpawnRandomLoot] (StaticPoliceCar) :: Type: Land_Wreck_sed01_aban2_police, lootmin: 3, lootmax: 5, wanted: 3, deloot: 6, containermaxsum: 6
 3:15:17.97 [CE][SpawnRandomLoot] (StaticPoliceCar) :: EventID:[26] CurrentID[417] at [2684.21,5917.58]: 3 items added :: DELoot(0) other(3)
 3:15:17.97   3 DELoot not placed because (count >= nominal)
 3:15:17.97 	!!! (child) Land_Wreck_sed01_aban2_police spawns loot or dispatch but can not be saved because of non-saveable StorageCategory.
 3:15:17.97   Infected Zone for DynamicEvent "StaticPoliceCar" ID[417] at [2684.21,5917.58]...
 3:15:17.97 	(child) Spawned Land_Wreck_sed01_aban2_police EventID:[26] CurrentID:[417] at [2684.2,44.7,5917.6] a: 74.577
 3:15:17.97 [CE][DE] [StaticPoliceCar] Spawning: EventID:[26] CurrentID:[418] at [1631.7,-1.0,594.7] a: -1.000
 3:15:17.98 [CE][Links] found 0 total links between groups, of 2
 3:15:17.98 [CE][SpawnRandomLoot] (StaticPoliceCar) :: Type: Land_Wreck_sed01_aban2_police, lootmin: 3, lootmax: 5, wanted: 4, deloot: 6, containermaxsum: 6
 3:15:17.99 [CE][SpawnRandomLoot] (StaticPoliceCar) :: EventID:[26] CurrentID[418] at [1631.63,594.68]: 4 items added :: DELoot(0) other(4)
 3:15:17.99   4 DELoot not placed because (count >= nominal)
 3:15:17.99 	!!! (child) Land_Wreck_sed01_aban2_police spawns loot or dispatch but can not be saved because of non-saveable StorageCategory.
 3:15:17.99   Infected Zone for DynamicEvent "StaticPoliceCar" ID[418] at [1631.63,594.68]...
 3:15:17.99 	(child) Spawned Land_Wreck_sed01_aban2_police EventID:[26] CurrentID:[418] at [1631.6,2.5,594.7] a: 245.783
 3:15:17.99 [CE][DE] [StaticPoliceCar] Spawning: EventID:[26] CurrentID:[419] at [3164.0,-1.0,2233.1] a: -1.000
 3:15:17.100 [CE][Links] found 0 total links between groups, of 3
 3:15:17.100 [CE][SpawnRandomLoot] (StaticPoliceCar) :: Type: Land_Wreck_sed01_aban2_police, lootmin: 3, lootmax: 5, wanted: 3, deloot: 6, containermaxsum: 6
 3:15:17.101 [CE][SpawnRandomLoot] (StaticPoliceCar) :: EventID:[26] CurrentID[419] at [3163.95,2233.20]: 3 items added :: DELoot(0) other(3)
 3:15:17.101   3 DELoot not placed because (count >= nominal)
 3:15:17.101 	!!! (child) Land_Wreck_sed01_aban2_police spawns loot or dispatch but can not be saved because of non-saveable StorageCategory.
 3:15:17.101   Infected Zone for DynamicEvent "StaticPoliceCar" ID[419] at [3163.95,2233.20]...
 3:15:17.101 	(child) Spawned Land_Wreck_sed01_aban2_police EventID:[26] CurrentID:[419] at [3163.9,115.4,2233.2] a: 188.685
 3:15:17.101 [CE][DE] [StaticPoliceCar] Spawning: EventID:[26] CurrentID:[420] at [1628.2,-1.0,476.6] a: -1.000
 3:15:17.101 	spawn refused... too close to another one.
 3:15:17.101 [CE][DE] [StaticPoliceCar] Spawning: EventID:[26] CurrentID:[420] at [917.7,-1.0,3535.7] a: -1.000
 3:15:17.102 [CE][Links] found 0 total links between groups, of 4
 3:15:17.102 [CE][SpawnRandomLoot] (StaticPoliceCar) :: Type: Land_Wreck_sed01_aban1_police, lootmin: 3, lootmax: 5, wanted: 4, deloot: 6, containermaxsum: 6
 3:15:17.104 [CE][SpawnRandomLoot] (StaticPoliceCar) :: EventID:[26] CurrentID[420] at [917.82,3535.58]: 4 items added :: DELoot(0) other(4)
 3:15:17.104   4 DELoot not placed because (count >= nominal)
 3:15:17.104 	!!! (child) Land_Wreck_sed01_aban1_police spawns loot or dispatch but can not be saved because of non-saveable StorageCategory.
 3:15:17.104   Infected Zone for DynamicEvent "StaticPoliceCar" ID[420] at [917.82,3535.58]...
 3:15:17.104 	(child) Spawned Land_Wreck_sed01_aban1_police EventID:[26] CurrentID:[420] at [917.8,6.0,3535.6] a: 18.029
 3:15:17.104 [CE][DE] [StaticPoliceCar] Spawning: EventID:[26] CurrentID:[421] at [6517.1,-1.0,3778.5] a: -1.000
 3:15:17.104 [CE][Links] found 0 total links between groups, of 5
 3:15:17.104 [CE][SpawnRandomLoot] (StaticPoliceCar) :: Type: Land_Wreck_sed01_aban1_police, lootmin: 3, lootmax: 5, wanted: 3, deloot: 6, containermaxsum: 6
 3:15:17.106 [CE][SpawnRandomLoot] (StaticPoliceCar) :: EventID:[26] CurrentID[421] at [6517.19,3778.65]: 3 items added :: DELoot(0) other(3)
 3:15:17.106   3 DELoot not placed because (count >= nominal)
 3:15:17.106 	!!! (child) Land_Wreck_sed01_aban1_police spawns loot or dispatch but can not be saved because of non-saveable StorageCategory.
 3:15:17.106   Infected Zone for DynamicEvent "StaticPoliceCar" ID[421] at [6517.19,3778.65]...
 3:15:17.106 	(child) Spawned Land_Wreck_sed01_aban1_police EventID:[26] CurrentID:[421] at [6517.2,23.4,3778.6] a: 74.369
 3:15:17.106 [CE][DE] [StaticPoliceCar] Spawning: EventID:[26] CurrentID:[422] at [4797.3,-1.0,4925.7] a: -1.000
 3:15:17.117 [CE][Links] found 0 total links between groups, of 6
 3:15:17.117 [CE][SpawnRandomLoot] (StaticPoliceCar) :: Type: Land_Wreck_sed01_aban1_police, lootmin: 3, lootmax: 5, wanted: 3, deloot: 6, containermaxsum: 6
 3:15:17.118 [CE][SpawnRandomLoot] (StaticPoliceCar) :: EventID:[26] CurrentID[422] at [4797.13,4925.72]: 3 items added :: DELoot(0) other(3)
 3:15:17.118   3 DELoot not placed because (count >= nominal)
 3:15:17.118 	!!! (child) Land_Wreck_sed01_aban1_police spawns loot or dispatch but can not be saved because of non-saveable StorageCategory.
 3:15:17.118   Infected Zone for DynamicEvent "StaticPoliceCar" ID[422] at [4797.13,4925.72]...
 3:15:17.118 	(child) Spawned Land_Wreck_sed01_aban1_police EventID:[26] CurrentID:[422] at [4797.1,13.3,4925.7] a: 194.805
 3:15:17.118 [CE][DE] [StaticPoliceCar] Spawning: EventID:[26] CurrentID:[423] at [1878.8,-1.0,1622.5] a: -1.000
 3:15:17.120 [CE][Links] found 0 total links between groups, of 7
 3:15:17.120 [CE][SpawnRandomLoot] (StaticPoliceCar) :: Type: Land_Wreck_sed01_aban1_police, lootmin: 3, lootmax: 5, wanted: 4, deloot: 6, containermaxsum: 6
 3:15:17.121 [CE][SpawnRandomLoot] (StaticPoliceCar) :: EventID:[26] CurrentID[423] at [1878.89,1622.49]: 4 items added :: DELoot(0) other(4)
 3:15:17.121   4 DELoot not placed because (count >= nominal)
 3:15:17.121 	!!! (child) Land_Wreck_sed01_aban1_police spawns loot or dispatch but can not be saved because of non-saveable StorageCategory.
 3:15:17.121   Infected Zone for DynamicEvent "StaticPoliceCar" ID[423] at [1878.89,1622.49]...
 3:15:17.121 	(child) Spawned Land_Wreck_sed01_aban1_police EventID:[26] CurrentID:[423] at [1878.9,39.4,1622.5] a: 24.548
 3:15:17.121 [CE][DE] [StaticPoliceCar] Spawning: EventID:[26] CurrentID:[424] at [7767.3,-1.0,2295.4] a: -1.000
 3:15:17.122 [CE][Links] found 0 total links between groups, of 8
 3:15:17.122 [CE][SpawnRandomLoot] (StaticPoliceCar) :: Type: Land_Wreck_sed01_aban1_police, lootmin: 3, lootmax: 5, wanted: 3, deloot: 6, containermaxsum: 6
 3:15:17.125 [CE][SpawnRandomLoot] (StaticPoliceCar) :: EventID:[26] CurrentID[424] at [7767.19,2295.55]: 3 items added :: DELoot(0) other(3)
 3:15:17.125   3 DELoot not placed because (count >= nominal)
 3:15:17.125 	!!! (child) Land_Wreck_sed01_aban1_police spawns loot or dispatch but can not be saved because of non-saveable StorageCategory.
 3:15:17.125   Infected Zone for DynamicEvent "StaticPoliceCar" ID[424] at [7767.19,2295.55]...
 3:15:17.125 	(child) Spawned Land_Wreck_sed01_aban1_police EventID:[26] CurrentID:[424] at [7767.2,26.9,2295.5] a: 226.633
 3:15:17.125 !!! [CE][Spawn] Character "ZmbM_PrisonerSkinny" at 1621.431396, 601.490601
 3:15:17.128 !!! [CE][Spawn] Character "ZmbM_PolicemanSpecForce_Heavy" at 3160.272949, 2195.617920
 3:15:17.128 !!! [CE][Spawn] Character "ZmbM_PolicemanSpecForce_Heavy" at 3130.300049, 2213.699951
 3:15:17.129 !!! [CE][Spawn] Character "ZmbM_PolicemanSpecForce_Heavy" at 945.049133, 3538.533203
 3:15:17.131 !!! [CE][Spawn] Character "ZmbM_PolicemanSpecForce_Heavy" at 942.932190, 3507.865723
 3:15:41.728 [CE][LootRespawner] (PRIDummy) :: Item [34] causing search overtime: "EyeMask_Red"
 3:15:41.828 [CE][LootRespawner] (PRIDummy) :: Item [35] causing search overtime: "Chestplate"
 3:15:41.928 [CE][LootRespawner] (PRIDummy) :: Item [47] is hard to place, performance drops: "STAG_Clothing_PlateCarrier"
 3:15:41.928 [CE][LootRespawner] (PRIDummy) :: Item [48] is hard to place, performance drops: "STAG_Clothing_PlateCarrier"
 3:15:41.928 [CE][LootRespawner] (PRIDummy) :: Item [49] is hard to place, performance drops: "STAG_Clothing_PlateCarrier"
 3:15:41.928 [CE][LootRespawner] (PRIDummy) :: Item [50] is hard to place, performance drops: "STAG_Clothing_PlateCarrier"
 3:15:41.928 [CE][LootRespawner] (PRIDummy) :: Item [51] is hard to place, performance drops: "STAG_Clothing_PlateCarrier"
 3:15:41.928 [CE][LootRespawner] (PRIDummy) :: Item [52] is hard to place, performance drops: "STAG_Clothing_PlateCarrier"
 3:15:41.929 [CE][LootRespawner] (PRIDummy) :: Item [53] is hard to place, performance drops: "STAG_Clothing_PlateCarrier"
 3:15:41.929 [CE][LootRespawner] (PRIDummy) :: Item [54] is hard to place, performance drops: "STAG_Clothing_PlateCarrier"
 3:15:41.929 [CE][LootRespawner] (PRIDummy) :: Item [55] is hard to place, performance drops: "STAG_Clothing_PlateCarrier"
 3:15:41.929 [CE][LootRespawner] (PRIDummy) :: Item [36] causing search overtime: "STAG_Clothing_PlateCarrier"
 3:15:42.28 [CE][LootRespawner] (PRIDummy) :: Item [37] causing search overtime: "GreatHelm"
 3:15:42.128 [CE][LootRespawner] (PRIDummy) :: Item [38] causing search overtime: "WoolGlovesFingerless_ChristmasBlue"
 3:15:42.228 [CE][LootRespawner] (PRIDummy) :: Item [56] is hard to place, performance drops: "SA_Loot_Chest_Red"
 3:15:42.228 [CE][LootRespawner] (PRIDummy) :: Item [57] is hard to place, performance drops: "SA_Loot_Chest_Red"
 3:15:42.228 [CE][LootRespawner] (PRIDummy) :: Item [58] is hard to place, performance drops: "SA_Loot_Chest_Red"
 3:15:42.228 [CE][LootRespawner] (PRIDummy) :: Item [59] is hard to place, performance drops: "SA_Loot_Chest_Red"
 3:15:42.228 [CE][LootRespawner] (PRIDummy) :: Item [60] is hard to place, performance drops: "SA_Loot_Chest_Red"
 3:15:42.228 [CE][LootRespawner] (PRIDummy) :: Item [61] is hard to place, performance drops: "SA_Loot_Chest_Red"
 3:15:42.228 [CE][LootRespawner] (PRIDummy) :: Item [62] is hard to place, performance drops: "SA_Loot_Chest_Red"
 3:15:42.228 [CE][LootRespawner] (PRIDummy) :: Item [63] is hard to place, performance drops: "SA_Loot_Chest_Red"
 3:15:42.228 [CE][LootRespawner] (PRIDummy) :: Item [39] causing search overtime: "SA_Loot_Chest_Red"
 3:15:42.328 [CE][LootRespawner] (PRIDummy) :: Item [64] is hard to place, performance drops: "STAG_Clothing_Cargo_Pants"
 3:15:42.328 [CE][LootRespawner] (PRIDummy) :: Item [65] is hard to place, performance drops: "STAG_Clothing_Cargo_Pants"
 3:15:42.328 [CE][LootRespawner] (PRIDummy) :: Item [66] is hard to place, performance drops: "STAG_Clothing_Cargo_Pants"
 3:15:42.328 [CE][LootRespawner] (PRIDummy) :: Item [67] is hard to place, performance drops: "STAG_Clothing_Cargo_Pants"
 3:15:42.328 [CE][LootRespawner] (PRIDummy) :: Item [68] is hard to place, performance drops: "STAG_Clothing_Cargo_Pants"
 3:15:42.328 [CE][LootRespawner] (PRIDummy) :: Item [69] is hard to place, performance drops: "STAG_Clothing_Cargo_Pants"
 3:15:42.328 [CE][LootRespawner] (PRIDummy) :: Item [70] is hard to place, performance drops: "STAG_Clothing_Cargo_Pants"
 3:15:42.328 [CE][LootRespawner] (PRIDummy) :: Item [71] is hard to place, performance drops: "STAG_Clothing_Cargo_Pants"
 3:15:42.328 [CE][LootRespawner] (PRIDummy) :: Item [72] is hard to place, performance drops: "STAG_Clothing_Cargo_Pants"
 3:15:42.329 [CE][LootRespawner] (PRIDummy) :: Item [40] causing search overtime: "STAG_Clothing_Cargo_Pants"
 3:15:42.628 [CE][LootRespawner] (PRIDummy) :: Item [41] causing search overtime: "HipPack_Party"
 3:15:42.728 [CE][LootRespawner] (PRIDummy) :: Item [42] causing search overtime: "STAG_Clothing_MountainBag"
 3:15:42.828 [CE][LootRespawner] (PRIDummy) :: Item [73] is hard to place, performance drops: "STAG_Clothing_M65_Jacket"
 3:15:42.828 [CE][LootRespawner] (PRIDummy) :: Item [74] is hard to place, performance drops: "STAG_Clothing_M65_Jacket"
 3:15:42.828 [CE][LootRespawner] (PRIDummy) :: Item [75] is hard to place, performance drops: "STAG_Clothing_M65_Jacket"
 3:15:42.828 [CE][LootRespawner] (PRIDummy) :: Item [76] is hard to place, performance drops: "STAG_Clothing_M65_Jacket"
 3:15:42.828 [CE][LootRespawner] (PRIDummy) :: Item [77] is hard to place, performance drops: "STAG_Clothing_M65_Jacket"
 3:15:42.828 [CE][LootRespawner] (PRIDummy) :: Item [78] is hard to place, performance drops: "STAG_Clothing_M65_Jacket"
 3:15:42.828 [CE][LootRespawner] (PRIDummy) :: Item [79] is hard to place, performance drops: "STAG_Clothing_M65_Jacket"
 3:15:42.828 [CE][LootRespawner] (PRIDummy) :: Item [80] is hard to place, performance drops: "STAG_Clothing_M65_Jacket"
 3:15:42.828 [CE][LootRespawner] (PRIDummy) :: Item [81] is hard to place, performance drops: "STAG_Clothing_M65_Jacket"
 3:15:42.828 [CE][LootRespawner] (PRIDummy) :: Item [43] causing search overtime: "STAG_Clothing_M65_Jacket"
 3:15:42.928 [CE][LootRespawner] (PRIDummy) :: Item [44] causing search overtime: "MimeMask_Female"
 3:15:43.28 [CE][LootRespawner] (PRIDummy) :: Item [45] causing search overtime: "EyeMask_Black"
 3:15:43.128 [CE][LootRespawner] (PRIDummy) :: Item [46] causing search overtime: "EyeMask_Yellow"
 3:15:43.228 [CE][LootRespawner] (PRIDummy) :: Item [47] causing search overtime: "MimeMask_Male"
 3:15:43.328 [CE][LootRespawner] (PRIDummy) :: Item [48] causing search overtime: "EyeMask_Blue"
 3:15:43.528 [CE][LootRespawner] (PRIDummy) :: Item [49] causing search overtime: "Sword"
 3:15:43.628 [CE][LootRespawner] (PRIDummy) :: Item [50] causing search overtime: "Chainmail_Leggings"
 3:16:08.778 [CE][LootRespawner] (PRIDummy) :: Item [51] causing search overtime: "Chainmail_Leggings"
 3:16:08.878 [CE][LootRespawner] (PRIDummy) :: Item [52] causing search overtime: "WoolGloves_ChristmasBlue"
 3:16:08.978 [CE][LootRespawner] (PRIDummy) :: Item [53] causing search overtime: "Chainmail_Coif"
 3:16:09.78 [CE][LootRespawner] (PRIDummy) :: Item [54] causing search overtime: "MedievalBoots"
 3:16:09.178 [CE][LootRespawner] (PRIDummy) :: Item [55] causing search overtime: "Mace"
 3:16:09.278 [CE][LootRespawner] (PRIDummy) :: Item [56] causing search overtime: "Chainmail"
 3:16:09.378 [CE][LootRespawner] (PRIDummy) :: Item [57] causing search overtime: "WoolGlovesFingerless_ChristmasRed"
 3:16:09.478 [CE][LootRespawner] (PRIDummy) :: Item [58] causing search overtime: "WoolGloves_ChristmasRed"
 3:16:09.778 [CE][LootRespawner] (PRIDummy) :: Item [59] causing search overtime: "HipPack_Party"
 3:16:09.878 [CE][LootRespawner] (PRIDummy) :: Item [60] causing search overtime: "STAG_Clothing_MountainBag"
 3:16:10.78 [CE][LootRespawner] (PRIDummy) :: Item [82] is hard to place, performance drops: "STAG_Clothing_M65_Jacket"
 3:16:10.78 [CE][LootRespawner] (PRIDummy) :: Item [83] is hard to place, performance drops: "STAG_Clothing_M65_Jacket"
 3:16:10.78 [CE][LootRespawner] (PRIDummy) :: Item [84] is hard to place, performance drops: "STAG_Clothing_M65_Jacket"
 3:16:10.78 [CE][LootRespawner] (PRIDummy) :: Item [85] is hard to place, performance drops: "STAG_Clothing_M65_Jacket"
 3:16:10.78 [CE][LootRespawner] (PRIDummy) :: Item [86] is hard to place, performance drops: "STAG_Clothing_M65_Jacket"
 3:16:10.78 [CE][LootRespawner] (PRIDummy) :: Item [87] is hard to place, performance drops: "STAG_Clothing_M65_Jacket"
 3:16:10.78 [CE][LootRespawner] (PRIDummy) :: Item [88] is hard to place, performance drops: "STAG_Clothing_M65_Jacket"
 3:16:10.78 [CE][LootRespawner] (PRIDummy) :: Item [89] is hard to place, performance drops: "STAG_Clothing_M65_Jacket"
 3:16:10.79 [CE][LootRespawner] (PRIDummy) :: Item [90] is hard to place, performance drops: "STAG_Clothing_M65_Jacket"
 3:16:10.79 [CE][LootRespawner] (PRIDummy) :: Item [61] causing search overtime: "STAG_Clothing_M65_Jacket"
 3:16:10.178 [CE][LootRespawner] (PRIDummy) :: Item [62] causing search overtime: "MimeMask_Female"
 3:16:10.278 [CE][LootRespawner] (PRIDummy) :: Item [63] causing search overtime: "EyeMask_Black"
 3:16:10.377 [CE][LootRespawner] (PRIDummy) :: Item [64] causing search overtime: "EyeMask_Yellow"
 3:16:10.478 [CE][LootRespawner] (PRIDummy) :: Item [65] causing search overtime: "MimeMask_Male"
 3:16:10.579 [CE][LootRespawner] (PRIDummy) :: Item [66] causing search overtime: "EyeMask_Blue"
 3:16:10.678 [CE][LootRespawner] (PRIDummy) :: Item [67] causing search overtime: "EyeMask_Red"
 3:16:10.878 !!! [CE][Spawn] Character "ZmbM_PrisonerSkinny" at 6517.615234, 3748.640137
 3:16:10.879 !!! [CE][Spawn] Character "ZmbM_PolicemanSpecForce_Heavy" at 6483.558594, 3753.473877
 3:16:10.879 !!! [CE][Spawn] Character "ZmbM_PolicemanSpecForce_Heavy" at 4783.709473, 4942.228516
 3:16:10.879 !!! [CE][Spawn] Character "ZmbM_PolicemanSpecForce_Heavy" at 1860.711304, 1605.225830
 3:16:10.880 !!! [CE][Spawn] Character "ZmbM_PolicemanSpecForce_Heavy" at 1859.916138, 1626.002808
 3:16:10.882 !!! [CE][Spawn] Character "ZmbM_PolicemanSpecForce_Heavy" at 7797.107910, 2310.911133
 3:16:10.883 !!! [CE][Spawn] Character "ZmbM_PolicemanSpecForce_Heavy" at 2698.558838, 5924.628418
 3:16:10.884 !!! [CE][Spawn] Character "ZmbM_PolicemanSpecForce_Heavy" at 1630.130859, 632.282959
 3:16:10.884 !!! [CE][Spawn] Character "ZmbM_PolicemanSpecForce_Heavy" at 1650.231812, 609.366638
 3:16:10.885 !!! [CE][Spawn] Character "ZmbM_PolicemanSpecForce_Heavy" at 1670.971313, 583.614563
 3:16:35.748 [CE][LootRespawner] (PRIDummy) :: Item [68] causing search overtime: "EyeMask_Red"
 3:16:35.848 [CE][LootRespawner] (PRIDummy) :: Item [69] causing search overtime: "Chestplate"
 3:16:35.947 [CE][LootRespawner] (PRIDummy) :: Item [70] causing search overtime: "GreatHelm"
 3:16:36.48 [CE][LootRespawner] (PRIDummy) :: Item [71] causing search overtime: "WoolGlovesFingerless_ChristmasBlue"
 3:16:36.149 [CE][LootRespawner] (PRIDummy) :: Item [72] causing search overtime: "Sword"
 3:16:36.247 [CE][LootRespawner] (PRIDummy) :: Item [91] is hard to place, performance drops: "SA_Loot_Chest_Red"
 3:16:36.247 [CE][LootRespawner] (PRIDummy) :: Item [92] is hard to place, performance drops: "SA_Loot_Chest_Red"
 3:16:36.247 [CE][LootRespawner] (PRIDummy) :: Item [93] is hard to place, performance drops: "SA_Loot_Chest_Red"
 3:16:36.247 [CE][LootRespawner] (PRIDummy) :: Item [94] is hard to place, performance drops: "SA_Loot_Chest_Red"
 3:16:36.247 [CE][LootRespawner] (PRIDummy) :: Item [95] is hard to place, performance drops: "SA_Loot_Chest_Red"
 3:16:36.247 [CE][LootRespawner] (PRIDummy) :: Item [96] is hard to place, performance drops: "SA_Loot_Chest_Red"
 3:16:36.247 [CE][LootRespawner] (PRIDummy) :: Item [97] is hard to place, performance drops: "SA_Loot_Chest_Red"
 3:16:36.247 [CE][LootRespawner] (PRIDummy) :: Item [98] is hard to place, performance drops: "SA_Loot_Chest_Red"
 3:16:36.247 [CE][LootRespawner] (PRIDummy) :: Item [73] causing search overtime: "SA_Loot_Chest_Red"
 3:16:36.347 [CE][LootRespawner] (PRIDummy) :: Item [99] is hard to place, performance drops: "STAG_Clothing_Cargo_Pants"
 3:16:36.348 [CE][LootRespawner] (PRIDummy) :: Item [100] is hard to place, performance drops: "STAG_Clothing_Cargo_Pants"
 3:16:36.348 [CE][LootRespawner] (PRIDummy) :: Item [101] is hard to place, performance drops: "STAG_Clothing_Cargo_Pants"
 3:16:36.348 [CE][LootRespawner] (PRIDummy) :: Item [102] is hard to place, performance drops: "STAG_Clothing_Cargo_Pants"
 3:16:36.348 [CE][LootRespawner] (PRIDummy) :: Item [103] is hard to place, performance drops: "STAG_Clothing_Cargo_Pants"
 3:16:36.348 [CE][LootRespawner] (PRIDummy) :: Item [104] is hard to place, performance drops: "STAG_Clothing_Cargo_Pants"
 3:16:36.348 [CE][LootRespawner] (PRIDummy) :: Item [105] is hard to place, performance drops: "STAG_Clothing_Cargo_Pants"
 3:16:36.348 [CE][LootRespawner] (PRIDummy) :: Item [106] is hard to place, performance drops: "STAG_Clothing_Cargo_Pants"
 3:16:36.348 [CE][LootRespawner] (PRIDummy) :: Item [107] is hard to place, performance drops: "STAG_Clothing_Cargo_Pants"
 3:16:36.348 [CE][LootRespawner] (PRIDummy) :: Item [74] causing search overtime: "STAG_Clothing_Cargo_Pants"
 3:16:36.548 [CE][LootRespawner] (PRIDummy) :: Item [108] is hard to place, performance drops: "STAG_Clothing_PlateCarrier"
 3:16:36.548 [CE][LootRespawner] (PRIDummy) :: Item [109] is hard to place, performance drops: "STAG_Clothing_PlateCarrier"
 3:16:36.548 [CE][LootRespawner] (PRIDummy) :: Item [110] is hard to place, performance drops: "STAG_Clothing_PlateCarrier"
 3:16:36.548 [CE][LootRespawner] (PRIDummy) :: Item [111] is hard to place, performance drops: "STAG_Clothing_PlateCarrier"
 3:16:36.548 [CE][LootRespawner] (PRIDummy) :: Item [112] is hard to place, performance drops: "STAG_Clothing_PlateCarrier"
 3:16:36.548 [CE][LootRespawner] (PRIDummy) :: Item [113] is hard to place, performance drops: "STAG_Clothing_PlateCarrier"
 3:16:36.548 [CE][LootRespawner] (PRIDummy) :: Item [114] is hard to place, performance drops: "STAG_Clothing_PlateCarrier"
 3:16:36.548 [CE][LootRespawner] (PRIDummy) :: Item [115] is hard to place, performance drops: "STAG_Clothing_PlateCarrier"
 3:16:36.548 [CE][LootRespawner] (PRIDummy) :: Item [116] is hard to place, performance drops: "STAG_Clothing_PlateCarrier"
 3:16:36.548 [CE][LootRespawner] (PRIDummy) :: Item [75] causing search overtime: "STAG_Clothing_PlateCarrier"
 3:16:36.748 [CE][LootRespawner] (PRIDummy) :: Item [76] causing search overtime: "HipPack_Party"
 3:16:36.848 [CE][LootRespawner] (PRIDummy) :: Item [77] causing search overtime: "STAG_Clothing_MountainBag"
 3:16:36.948 [CE][LootRespawner] (PRIDummy) :: Item [78] causing search overtime: "MimeMask_Female"
 3:16:37.48 [CE][LootRespawner] (PRIDummy) :: Item [79] causing search overtime: "EyeMask_Black"
 3:16:37.147 [CE][LootRespawner] (PRIDummy) :: Item [80] causing search overtime: "EyeMask_Yellow"
 3:16:37.247 [CE][LootRespawner] (PRIDummy) :: Item [81] causing search overtime: "MimeMask_Male"
 3:16:37.348 [CE][LootRespawner] (PRIDummy) :: Item [82] causing search overtime: "EyeMask_Blue"
 3:16:37.448 [CE][LootRespawner] (PRIDummy) :: Item [117] is hard to place, performance drops: "STAG_Clothing_M65_Jacket"
 3:16:37.448 [CE][LootRespawner] (PRIDummy) :: Item [118] is hard to place, performance drops: "STAG_Clothing_M65_Jacket"
 3:16:37.448 [CE][LootRespawner] (PRIDummy) :: Item [119] is hard to place, performance drops: "STAG_Clothing_M65_Jacket"
 3:16:37.448 [CE][LootRespawner] (PRIDummy) :: Item [120] is hard to place, performance drops: "STAG_Clothing_M65_Jacket"
 3:16:37.448 [CE][LootRespawner] (PRIDummy) :: Item [121] is hard to place, performance drops: "STAG_Clothing_M65_Jacket"
 3:16:37.448 [CE][LootRespawner] (PRIDummy) :: Item [122] is hard to place, performance drops: "STAG_Clothing_M65_Jacket"
 3:16:37.448 [CE][LootRespawner] (PRIDummy) :: Item [123] is hard to place, performance drops: "STAG_Clothing_M65_Jacket"
 3:16:37.448 [CE][LootRespawner] (PRIDummy) :: Item [124] is hard to place, performance drops: "STAG_Clothing_M65_Jacket"
 3:16:37.448 [CE][LootRespawner] (PRIDummy) :: Item [125] is hard to place, performance drops: "STAG_Clothing_M65_Jacket"
 3:16:37.448 [CE][LootRespawner] (PRIDummy) :: Item [83] causing search overtime: "STAG_Clothing_M65_Jacket"
 3:16:37.547 [CE][LootRespawner] (PRIDummy) :: Item [84] causing search overtime: "Chainmail_Leggings"
 3:16:37.647 [CE][LootRespawner] (PRIDummy) :: Item [85] causing search overtime: "WoolGloves_ChristmasBlue"
 3:16:37.748 !!! [CE][Spawn] Character "ZmbM_usSoldier_normal_Woodland" at 6496.488281, 2048.580322
 3:16:37.749 !!! [CE][Spawn] Character "ZmbM_usSoldier_Officer_Desert" at 6554.824707, 2085.065430
 3:16:37.750 !!! [CE][Spawn] Character "ZmbM_usSoldier_normal_Desert" at 6594.668945, 2024.826050
 3:16:37.751 !!! [CE][Spawn] Character "ZmbM_usSoldier_Heavy_Woodland" at 6561.488281, 1976.788452
 3:16:37.751 !!! [CE][Spawn] Character "ZmbM_PatrolNormal_Summer" at 6523.983398, 1971.464722
 3:16:37.753 !!! [CE][Spawn] Character "ZmbM_usSoldier_Heavy_Woodland" at 6464.779297, 1964.930908
 3:16:37.754 !!! [CE][Spawn] Character "ZmbM_usSoldier_normal_Desert" at 7519.276855, 1863.412109
 3:16:37.754 !!! [CE][Spawn] Character "ZmbM_PatrolNormal_Summer" at 7282.535156, 1695.734131
 3:16:37.754 !!! [CE][Spawn] Character "ZmbM_usSoldier_normal_Desert" at 7242.301758, 1991.472778
 3:16:37.755 !!! [CE][Spawn] Character "ZmbM_PatrolNormal_PautRev" at 7187.805176, 2154.564453
 3:16:37.756 !!! [CE][Spawn] Character "ZmbM_PatrolNormal_Autumn" at 7345.208008, 2355.944580
 3:16:37.757 !!! [CE][Spawn] Character "ZmbM_usSoldier_Officer_Desert" at 7658.320801, 2287.673340
 3:16:37.759 !!! [CE][Spawn] Character "ZmbM_PatrolNormal_PautRev" at 7735.168945, 1952.221069
 3:16:37.760 !!! [CE][Spawn] Character "ZmbM_usSoldier_Heavy_Woodland" at 7495.190430, 1730.395264
 3:16:37.762 !!! [CE][Spawn] Character "ZmbM_usSoldier_Heavy_Woodland" at 7237.786133, 1832.973389
 3:16:37.762 !!! [CE][Spawn] Character "ZmbM_usSoldier_normal_Desert" at 6980.185547, 2014.454712
 3:16:37.763 !!! [CE][Spawn] Character "ZmbM_PatrolNormal_Summer" at 7221.267090, 2216.561279
 3:16:37.763 !!! [CE][Spawn] Character "ZmbM_usSoldier_normal_Woodland" at 7394.341309, 2149.599365
 3:16:37.764 !!! [CE][Spawn] Character "ZmbM_PatrolNormal_Flat" at 7494.690430, 2094.271484
 3:16:37.765 !!! [CE][Spawn] Character "ZmbM_SoldierNormal" at 7470.321777, 1979.131958
 3:17:02.788 [CE][LootRespawner] (PRIDummy) :: Item [86] causing search overtime: "WoolGloves_ChristmasBlue"
 3:17:02.888 [CE][LootRespawner] (PRIDummy) :: Item [87] causing search overtime: "Chainmail_Coif"
 3:17:02.988 [CE][LootRespawner] (PRIDummy) :: Item [88] causing search overtime: "MedievalBoots"
 3:17:03.88 [CE][LootRespawner] (PRIDummy) :: Item [89] causing search overtime: "Mace"
 3:17:03.206 [CE][LootRespawner] (PRIDummy) :: Item [90] causing search overtime: "Chainmail"
 3:17:03.288 [CE][LootRespawner] (PRIDummy) :: Item [91] causing search overtime: "WoolGlovesFingerless_ChristmasRed"
 3:17:03.388 [CE][LootRespawner] (PRIDummy) :: Item [92] causing search overtime: "WoolGloves_ChristmasRed"
 3:17:03.590 [CE][LootRespawner] (PRIDummy) :: Item [126] is hard to place, performance drops: "FOG_Tactical_Fleece_MC"
 3:17:03.988 [CE][LootRespawner] (PRIDummy) :: Item [93] causing search overtime: "HipPack_Party"
 3:17:04.88 [CE][LootRespawner] (PRIDummy) :: Item [94] causing search overtime: "STAG_Clothing_MountainBag"
 3:17:04.188 [CE][LootRespawner] (PRIDummy) :: Item [95] causing search overtime: "MimeMask_Female"
 3:17:04.288 [CE][LootRespawner] (PRIDummy) :: Item [96] causing search overtime: "EyeMask_Black"
 3:17:04.388 [CE][LootRespawner] (PRIDummy) :: Item [97] causing search overtime: "EyeMask_Yellow"
 3:17:04.488 [CE][LootRespawner] (PRIDummy) :: Item [98] causing search overtime: "MimeMask_Male"
 3:17:04.588 [CE][LootRespawner] (PRIDummy) :: Item [99] causing search overtime: "EyeMask_Blue"
 3:17:04.688 !!! [CE][Spawn] Character "ZmbM_usSoldier_normal_Woodland" at 7654.532227, 1622.213867
 3:17:04.690 !!! [CE][Spawn] Character "ZmbM_PatrolNormal_Summer" at 7707.449707, 1608.375732
 3:17:04.692 !!! [CE][Spawn] Character "ZmbM_usSoldier_Heavy_Woodland" at 7702.549316, 1554.537476
 3:17:04.694 !!! [CE][Spawn] Character "ZmbM_PatrolNormal_Flat" at 7475.641602, 1435.935425
 3:17:04.696 !!! [CE][Spawn] Character "ZmbM_PatrolNormal_Summer" at 7395.989746, 1657.951172
 3:17:29.610 [CE][LootRespawner] (PRIDummy) :: Item [100] causing search overtime: "EyeMask_Blue"
 3:17:29.710 [CE][LootRespawner] (PRIDummy) :: Item [101] causing search overtime: "EyeMask_Red"
 3:17:30.10 [CE][LootRespawner] (PRIDummy) :: Item [102] causing search overtime: "Chestplate"
 3:17:30.210 [CE][LootRespawner] (PRIDummy) :: Item [103] causing search overtime: "GreatHelm"
 3:17:30.309 [CE][LootRespawner] (PRIDummy) :: Item [127] is hard to place, performance drops: "STAG_Clothing_M65_Jacket"
 3:17:30.309 [CE][LootRespawner] (PRIDummy) :: Item [128] is hard to place, performance drops: "STAG_Clothing_M65_Jacket"
 3:17:30.309 [CE][LootRespawner] (PRIDummy) :: Item [129] is hard to place, performance drops: "STAG_Clothing_M65_Jacket"
 3:17:30.309 [CE][LootRespawner] (PRIDummy) :: Item [130] is hard to place, performance drops: "STAG_Clothing_M65_Jacket"
 3:17:30.309 [CE][LootRespawner] (PRIDummy) :: Item [131] is hard to place, performance drops: "STAG_Clothing_M65_Jacket"
 3:17:30.309 [CE][LootRespawner] (PRIDummy) :: Item [132] is hard to place, performance drops: "STAG_Clothing_M65_Jacket"
 3:17:30.309 [CE][LootRespawner] (PRIDummy) :: Item [133] is hard to place, performance drops: "STAG_Clothing_M65_Jacket"
 3:17:30.309 [CE][LootRespawner] (PRIDummy) :: Item [134] is hard to place, performance drops: "STAG_Clothing_M65_Jacket"
 3:17:30.309 [CE][LootRespawner] (PRIDummy) :: Item [135] is hard to place, performance drops: "STAG_Clothing_M65_Jacket"
 3:17:30.310 [CE][LootRespawner] (PRIDummy) :: Item [104] causing search overtime: "STAG_Clothing_M65_Jacket"
 3:17:30.409 [CE][LootRespawner] (PRIDummy) :: Item [105] causing search overtime: "WoolGlovesFingerless_ChristmasBlue"
 3:17:30.510 [CE][LootRespawner] (PRIDummy) :: Item [106] causing search overtime: "Sword"
 3:17:30.617 [CE][LootRespawner] (PRIDummy) :: Item [136] is hard to place, performance drops: "SA_Loot_Chest_Red"
 3:17:30.618 [CE][LootRespawner] (PRIDummy) :: Item [137] is hard to place, performance drops: "SA_Loot_Chest_Red"
 3:17:30.618 [CE][LootRespawner] (PRIDummy) :: Item [138] is hard to place, performance drops: "SA_Loot_Chest_Red"
 3:17:30.618 [CE][LootRespawner] (PRIDummy) :: Item [139] is hard to place, performance drops: "SA_Loot_Chest_Red"
 3:17:30.618 [CE][LootRespawner] (PRIDummy) :: Item [140] is hard to place, performance drops: "SA_Loot_Chest_Red"
 3:17:30.618 [CE][LootRespawner] (PRIDummy) :: Item [141] is hard to place, performance drops: "SA_Loot_Chest_Red"
 3:17:30.618 [CE][LootRespawner] (PRIDummy) :: Item [142] is hard to place, performance drops: "SA_Loot_Chest_Red"
 3:17:30.618 [CE][LootRespawner] (PRIDummy) :: Item [143] is hard to place, performance drops: "SA_Loot_Chest_Red"
 3:17:30.618 [CE][LootRespawner] (PRIDummy) :: Item [107] causing search overtime: "SA_Loot_Chest_Red"
 3:17:30.710 [CE][LootRespawner] (PRIDummy) :: Item [108] causing search overtime: "Chainmail_Leggings"
 3:17:30.810 [CE][LootRespawner] (PRIDummy) :: Item [144] is hard to place, performance drops: "STAG_Clothing_Cargo_Pants"
 3:17:30.810 [CE][LootRespawner] (PRIDummy) :: Item [145] is hard to place, performance drops: "STAG_Clothing_Cargo_Pants"
 3:17:30.810 [CE][LootRespawner] (PRIDummy) :: Item [146] is hard to place, performance drops: "STAG_Clothing_Cargo_Pants"
 3:17:30.810 [CE][LootRespawner] (PRIDummy) :: Item [147] is hard to place, performance drops: "STAG_Clothing_Cargo_Pants"
 3:17:30.810 [CE][LootRespawner] (PRIDummy) :: Item [148] is hard to place, performance drops: "STAG_Clothing_Cargo_Pants"
 3:17:30.810 [CE][LootRespawner] (PRIDummy) :: Item [149] is hard to place, performance drops: "STAG_Clothing_Cargo_Pants"
 3:17:30.810 [CE][LootRespawner] (PRIDummy) :: Item [150] is hard to place, performance drops: "STAG_Clothing_Cargo_Pants"
 3:17:30.810 [CE][LootRespawner] (PRIDummy) :: Item [151] is hard to place, performance drops: "STAG_Clothing_Cargo_Pants"
 3:17:30.810 [CE][LootRespawner] (PRIDummy) :: Item [152] is hard to place, performance drops: "STAG_Clothing_Cargo_Pants"
 3:17:30.810 [CE][LootRespawner] (PRIDummy) :: Item [109] causing search overtime: "STAG_Clothing_Cargo_Pants"
 3:17:31.139 [CE][LootRespawner] (PRIDummy) :: Item [153] is hard to place, performance drops: "STAG_Clothing_PlateCarrier"
 3:17:31.140 [CE][LootRespawner] (PRIDummy) :: Item [154] is hard to place, performance drops: "STAG_Clothing_PlateCarrier"
 3:17:31.140 [CE][LootRespawner] (PRIDummy) :: Item [155] is hard to place, performance drops: "STAG_Clothing_PlateCarrier"
 3:17:31.140 [CE][LootRespawner] (PRIDummy) :: Item [156] is hard to place, performance drops: "STAG_Clothing_PlateCarrier"
 3:17:31.140 [CE][LootRespawner] (PRIDummy) :: Item [157] is hard to place, performance drops: "STAG_Clothing_PlateCarrier"
 3:17:31.140 [CE][LootRespawner] (PRIDummy) :: Item [158] is hard to place, performance drops: "STAG_Clothing_PlateCarrier"
 3:17:31.140 [CE][LootRespawner] (PRIDummy) :: Item [159] is hard to place, performance drops: "STAG_Clothing_PlateCarrier"
 3:17:31.140 [CE][LootRespawner] (PRIDummy) :: Item [160] is hard to place, performance drops: "STAG_Clothing_PlateCarrier"
 3:17:31.140 [CE][LootRespawner] (PRIDummy) :: Item [161] is hard to place, performance drops: "STAG_Clothing_PlateCarrier"
 3:17:31.140 [CE][LootRespawner] (PRIDummy) :: Item [110] causing search overtime: "STAG_Clothing_PlateCarrier"
 3:17:31.339 [CE][LootRespawner] (PRIDummy) :: Item [111] causing search overtime: "HipPack_Party"
 3:17:31.439 [CE][LootRespawner] (PRIDummy) :: Item [112] causing search overtime: "STAG_Clothing_MountainBag"
 3:17:31.538 [CE][LootRespawner] (PRIDummy) :: Item [113] causing search overtime: "MimeMask_Female"
 3:17:31.642 !!! [CE][Spawn] Character "ZmbM_PatrolNormal_Flat" at 7666.176758, 1535.906860
 3:17:31.642 !!! [CE][Spawn] Character "ZmbM_PatrolNormal_Flat" at 7128.092285, 1840.210815
 3:17:56.606 [CE][LootRespawner] (PRIDummy) :: Item [114] causing search overtime: "MimeMask_Female"
 3:17:56.707 [CE][LootRespawner] (PRIDummy) :: Item [115] causing search overtime: "EyeMask_Black"
 3:17:56.805 [CE][LootRespawner] (PRIDummy) :: Item [116] causing search overtime: "EyeMask_Yellow"
 3:17:56.905 [CE][LootRespawner] (PRIDummy) :: Item [117] causing search overtime: "MimeMask_Male"
 3:17:57.105 [CE][LootRespawner] (PRIDummy) :: Item [118] causing search overtime: "WoolGloves_ChristmasBlue"
 3:17:57.505 [CE][LootRespawner] (PRIDummy) :: Item [119] causing search overtime: "Chainmail_Coif"
 3:17:57.605 [CE][LootRespawner] (PRIDummy) :: Item [120] causing search overtime: "MedievalBoots"
 3:17:57.705 [CE][LootRespawner] (PRIDummy) :: Item [121] causing search overtime: "Mace"
 3:17:57.805 [CE][LootRespawner] (PRIDummy) :: Item [122] causing search overtime: "Chainmail"
 3:17:57.905 [CE][LootRespawner] (PRIDummy) :: Item [123] causing search overtime: "WoolGlovesFingerless_ChristmasRed"
 3:17:58.06 [CE][LootRespawner] (PRIDummy) :: Item [124] causing search overtime: "WoolGloves_ChristmasRed"
 3:17:58.305 [CE][LootRespawner] (PRIDummy) :: Item [125] causing search overtime: "HipPack_Party"
 3:17:58.409 [CE][LootRespawner] (PRIDummy) :: Item [126] causing search overtime: "STAG_Clothing_MountainBag"
 3:17:58.507 [CE][LootRespawner] (PRIDummy) :: Item [127] causing search overtime: "EyeMask_Blue"
 3:17:58.607 !!! [CE][Spawn] Character "ZmbM_PatrolNormal_PautRev" at 7609.422363, 1505.918701
 3:17:58.608 !!! [CE][Spawn] Character "ZmbM_usSoldier_normal_Woodland" at 7613.209473, 1569.276733
 3:18:23.990 [CE][LootRespawner] (PRIDummy) :: Item [128] causing search overtime: "EyeMask_Blue"
 3:18:24.89 [CE][LootRespawner] (PRIDummy) :: Item [129] causing search overtime: "EyeMask_Red"
 3:18:24.193 [CE][LootRespawner] (PRIDummy) :: Item [162] is hard to place, performance drops: "STAG_Clothing_Cargo_Pants"
 3:18:24.193 [CE][LootRespawner] (PRIDummy) :: Item [163] is hard to place, performance drops: "STAG_Clothing_Cargo_Pants"
 3:18:24.193 [CE][LootRespawner] (PRIDummy) :: Item [164] is hard to place, performance drops: "STAG_Clothing_Cargo_Pants"
 3:18:24.194 [CE][LootRespawner] (PRIDummy) :: Item [165] is hard to place, performance drops: "STAG_Clothing_Cargo_Pants"
 3:18:24.194 [CE][LootRespawner] (PRIDummy) :: Item [166] is hard to place, performance drops: "STAG_Clothing_Cargo_Pants"
 3:18:24.194 [CE][LootRespawner] (PRIDummy) :: Item [167] is hard to place, performance drops: "STAG_Clothing_Cargo_Pants"
 3:18:24.194 [CE][LootRespawner] (PRIDummy) :: Item [168] is hard to place, performance drops: "STAG_Clothing_Cargo_Pants"
 3:18:24.194 [CE][LootRespawner] (PRIDummy) :: Item [169] is hard to place, performance drops: "STAG_Clothing_Cargo_Pants"
 3:18:24.194 [CE][LootRespawner] (PRIDummy) :: Item [170] is hard to place, performance drops: "STAG_Clothing_Cargo_Pants"
 3:18:24.194 [CE][LootRespawner] (PRIDummy) :: Item [130] causing search overtime: "STAG_Clothing_Cargo_Pants"
 3:18:24.289 [CE][LootRespawner] (PRIDummy) :: Item [131] causing search overtime: "Chestplate"
 3:18:24.396 [CE][LootRespawner] (PRIDummy) :: Item [132] causing search overtime: "GreatHelm"
 3:18:24.493 [CE][LootRespawner] (PRIDummy) :: Item [171] is hard to place, performance drops: "STAG_Clothing_M65_Jacket"
 3:18:24.493 [CE][LootRespawner] (PRIDummy) :: Item [172] is hard to place, performance drops: "STAG_Clothing_M65_Jacket"
 3:18:24.493 [CE][LootRespawner] (PRIDummy) :: Item [173] is hard to place, performance drops: "STAG_Clothing_M65_Jacket"
 3:18:24.493 [CE][LootRespawner] (PRIDummy) :: Item [174] is hard to place, performance drops: "STAG_Clothing_M65_Jacket"
 3:18:24.493 [CE][LootRespawner] (PRIDummy) :: Item [175] is hard to place, performance drops: "STAG_Clothing_M65_Jacket"
 3:18:24.493 [CE][LootRespawner] (PRIDummy) :: Item [176] is hard to place, performance drops: "STAG_Clothing_M65_Jacket"
 3:18:24.493 [CE][LootRespawner] (PRIDummy) :: Item [177] is hard to place, performance drops: "STAG_Clothing_M65_Jacket"
 3:18:24.493 [CE][LootRespawner] (PRIDummy) :: Item [178] is hard to place, performance drops: "STAG_Clothing_M65_Jacket"
 3:18:24.493 [CE][LootRespawner] (PRIDummy) :: Item [179] is hard to place, performance drops: "STAG_Clothing_M65_Jacket"
 3:18:24.494 [CE][LootRespawner] (PRIDummy) :: Item [133] causing search overtime: "STAG_Clothing_M65_Jacket"
 3:18:24.598 [CE][LootRespawner] (PRIDummy) :: Item [134] causing search overtime: "WoolGlovesFingerless_ChristmasBlue"
 3:18:24.695 [CE][LootRespawner] (PRIDummy) :: Item [135] causing search overtime: "Sword"
 3:18:24.799 [CE][LootRespawner] (PRIDummy) :: Item [180] is hard to place, performance drops: "SA_Loot_Chest_Red"
 3:18:24.799 [CE][LootRespawner] (PRIDummy) :: Item [181] is hard to place, performance drops: "SA_Loot_Chest_Red"
 3:18:24.799 [CE][LootRespawner] (PRIDummy) :: Item [182] is hard to place, performance drops: "SA_Loot_Chest_Red"
 3:18:24.799 [CE][LootRespawner] (PRIDummy) :: Item [183] is hard to place, performance drops: "SA_Loot_Chest_Red"
 3:18:24.799 [CE][LootRespawner] (PRIDummy) :: Item [184] is hard to place, performance drops: "SA_Loot_Chest_Red"
 3:18:24.799 [CE][LootRespawner] (PRIDummy) :: Item [185] is hard to place, performance drops: "SA_Loot_Chest_Red"
 3:18:24.800 [CE][LootRespawner] (PRIDummy) :: Item [186] is hard to place, performance drops: "SA_Loot_Chest_Red"
 3:18:24.800 [CE][LootRespawner] (PRIDummy) :: Item [187] is hard to place, performance drops: "SA_Loot_Chest_Red"
 3:18:24.800 [CE][LootRespawner] (PRIDummy) :: Item [136] causing search overtime: "SA_Loot_Chest_Red"
 3:18:24.898 [CE][LootRespawner] (PRIDummy) :: Item [137] causing search overtime: "Chainmail_Leggings"
 3:18:25.98 [CE][LootRespawner] (PRIDummy) :: Item [188] is hard to place, performance drops: "STAG_Clothing_PlateCarrier"
 3:18:25.98 [CE][LootRespawner] (PRIDummy) :: Item [189] is hard to place, performance drops: "STAG_Clothing_PlateCarrier"
 3:18:25.98 [CE][LootRespawner] (PRIDummy) :: Item [190] is hard to place, performance drops: "STAG_Clothing_PlateCarrier"
 3:18:25.98 [CE][LootRespawner] (PRIDummy) :: Item [191] is hard to place, performance drops: "STAG_Clothing_PlateCarrier"
 3:18:25.98 [CE][LootRespawner] (PRIDummy) :: Item [192] is hard to place, performance drops: "STAG_Clothing_PlateCarrier"
 3:18:25.98 [CE][LootRespawner] (PRIDummy) :: Item [193] is hard to place, performance drops: "STAG_Clothing_PlateCarrier"
 3:18:25.99 [CE][LootRespawner] (PRIDummy) :: Item [194] is hard to place, performance drops: "STAG_Clothing_PlateCarrier"
 3:18:25.99 [CE][LootRespawner] (PRIDummy) :: Item [195] is hard to place, performance drops: "STAG_Clothing_PlateCarrier"
 3:18:25.99 [CE][LootRespawner] (PRIDummy) :: Item [196] is hard to place, performance drops: "STAG_Clothing_PlateCarrier"
 3:18:25.99 [CE][LootRespawner] (PRIDummy) :: Item [197] is hard to place, performance drops: "STAG_Clothing_PlateCarrier"
 3:18:25.99 [CE][LootRespawner] (PRIDummy) :: Item [198] is hard to place, performance drops: "STAG_Clothing_PlateCarrier"
 3:18:25.99 [CE][LootRespawner] (PRIDummy) :: Item [138] causing search overtime: "STAG_Clothing_PlateCarrier"
 3:18:25.512 [CE][LootRespawner] (PRIDummy) :: Item [139] causing search overtime: "HipPack_Party"
 3:18:25.592 [CE][LootRespawner] (PRIDummy) :: Item [140] causing search overtime: "STAG_Clothing_MountainBag"
 3:18:25.679 [CE][LootRespawner] (PRIDummy) :: Item [141] causing search overtime: "MimeMask_Female"
 3:18:25.783 [CE][LootRespawner] (PRIDummy) :: Item [142] causing search overtime: "EyeMask_Black"
 3:18:25.921 [CE][LootRespawner] (PRIDummy) :: Item [143] causing search overtime: "EyeMask_Yellow"
 3:18:25.995 [CE][LootRespawner] (PRIDummy) :: Item [144] causing search overtime: "MimeMask_Male"
 3:18:51.164 [CE][LootRespawner] (PRIDummy) :: Item [145] causing search overtime: "MimeMask_Male"
 3:18:51.365 [CE][LootRespawner] (PRIDummy) :: Item [146] causing search overtime: "WoolGloves_ChristmasBlue"
 3:18:51.467 [CE][LootRespawner] (PRIDummy) :: Item [147] causing search overtime: "Chainmail_Coif"
 3:18:51.579 [CE][LootRespawner] (PRIDummy) :: Item [148] causing search overtime: "MedievalBoots"
 3:18:51.773 [CE][LootRespawner] (PRIDummy) :: Item [149] causing search overtime: "Mace"
 3:18:51.874 [CE][LootRespawner] (PRIDummy) :: Item [150] causing search overtime: "Chainmail"
 3:18:51.974 [CE][LootRespawner] (PRIDummy) :: Item [151] causing search overtime: "WoolGlovesFingerless_ChristmasRed"
 3:18:52.74 [CE][LootRespawner] (PRIDummy) :: Item [152] causing search overtime: "WoolGloves_ChristmasRed"
 3:18:52.326 [CE][LootRespawner] (PRIDummy) :: Item [199] is hard to place, performance drops: "FOG_Tshirt_Black_Canoe"
 3:18:52.326 [CE][LootRespawner] (PRIDummy) :: Item [200] is hard to place, performance drops: "FOG_Tshirt_Black_Canoe"
 3:18:52.572 [CE][LootRespawner] (PRIDummy) :: Item [201] is hard to place, performance drops: "FOG_Tshirt_Black_Sfartaetc"
 3:18:52.572 [CE][LootRespawner] (PRIDummy) :: Item [202] is hard to place, performance drops: "FOG_Tshirt_Black_Sfartaetc"
 3:18:52.572 [CE][LootRespawner] (PRIDummy) :: Item [203] is hard to place, performance drops: "FOG_Tshirt_Black_Sfartaetc"
 3:18:52.572 [CE][LootRespawner] (PRIDummy) :: Item [204] is hard to place, performance drops: "FOG_Tshirt_Black_Sfartaetc"
 3:18:52.572 [CE][LootRespawner] (PRIDummy) :: Item [205] is hard to place, performance drops: "FOG_Tshirt_Black_Sfartaetc"
 3:18:52.773 [CE][LootRespawner] (PRIDummy) :: Item [153] causing search overtime: "HipPack_Party"
 3:18:52.882 [CE][LootRespawner] (PRIDummy) :: Item [154] causing search overtime: "STAG_Clothing_MountainBag"
 3:18:52.987 [CE][LootRespawner] (PRIDummy) :: Item [155] causing search overtime: "MimeMask_Female"
 3:18:53.145 [CE][LootRespawner] (PRIDummy) :: Item [156] causing search overtime: "EyeMask_Black"
 3:18:53.246 [CE][LootRespawner] (PRIDummy) :: Item [157] causing search overtime: "EyeMask_Yellow"
 3:18:53.378 !!! [CE][Spawn] Character "ZmbM_SoldierNormal" at 7636.503418, 1594.566406
 3:19:22.201 [CE][LootRespawner] (PRIDummy) :: Item [206] is hard to place, performance drops: "SA_Loot_Chest_Red"
 3:19:22.201 [CE][LootRespawner] (PRIDummy) :: Item [207] is hard to place, performance drops: "SA_Loot_Chest_Red"
 3:19:22.201 [CE][LootRespawner] (PRIDummy) :: Item [208] is hard to place, performance drops: "SA_Loot_Chest_Red"
 3:19:22.201 [CE][LootRespawner] (PRIDummy) :: Item [209] is hard to place, performance drops: "SA_Loot_Chest_Red"
 3:19:22.201 [CE][LootRespawner] (PRIDummy) :: Item [210] is hard to place, performance drops: "SA_Loot_Chest_Red"
 3:19:22.201 [CE][LootRespawner] (PRIDummy) :: Item [211] is hard to place, performance drops: "SA_Loot_Chest_Red"
 3:19:22.201 [CE][LootRespawner] (PRIDummy) :: Item [212] is hard to place, performance drops: "SA_Loot_Chest_Red"
 3:19:22.202 [CE][LootRespawner] (PRIDummy) :: Item [158] causing search overtime: "SA_Loot_Chest_Red"
 3:19:22.267 [CE][LootRespawner] (PRIDummy) :: Item [159] causing search overtime: "EyeMask_Yellow"
 3:19:22.348 [CE][LootRespawner] (PRIDummy) :: Item [160] causing search overtime: "EyeMask_Blue"
 3:19:22.444 [CE][LootRespawner] (PRIDummy) :: Item [161] causing search overtime: "EyeMask_Red"
 3:19:22.541 [CE][LootRespawner] (PRIDummy) :: Item [162] causing search overtime: "Chestplate"
 3:19:22.642 [CE][LootRespawner] (PRIDummy) :: Item [163] causing search overtime: "GreatHelm"
 3:19:22.746 [CE][LootRespawner] (PRIDummy) :: Item [213] is hard to place, performance drops: "STAG_Clothing_M65_Jacket"
 3:19:22.746 [CE][LootRespawner] (PRIDummy) :: Item [214] is hard to place, performance drops: "STAG_Clothing_M65_Jacket"
 3:19:22.746 [CE][LootRespawner] (PRIDummy) :: Item [215] is hard to place, performance drops: "STAG_Clothing_M65_Jacket"
 3:19:22.746 [CE][LootRespawner] (PRIDummy) :: Item [216] is hard to place, performance drops: "STAG_Clothing_M65_Jacket"
 3:19:22.746 [CE][LootRespawner] (PRIDummy) :: Item [217] is hard to place, performance drops: "STAG_Clothing_M65_Jacket"
 3:19:22.746 [CE][LootRespawner] (PRIDummy) :: Item [218] is hard to place, performance drops: "STAG_Clothing_M65_Jacket"
 3:19:22.746 [CE][LootRespawner] (PRIDummy) :: Item [219] is hard to place, performance drops: "STAG_Clothing_M65_Jacket"
 3:19:22.746 [CE][LootRespawner] (PRIDummy) :: Item [220] is hard to place, performance drops: "STAG_Clothing_M65_Jacket"
 3:19:22.746 [CE][LootRespawner] (PRIDummy) :: Item [164] causing search overtime: "STAG_Clothing_M65_Jacket"
 3:19:22.842 [CE][LootRespawner] (PRIDummy) :: Item [165] causing search overtime: "WoolGlovesFingerless_ChristmasBlue"
 3:19:23.46 [CE][LootRespawner] (PRIDummy) :: Item [166] causing search overtime: "Sword"
 3:19:23.148 [CE][LootRespawner] (PRIDummy) :: Item [167] causing search overtime: "Chainmail_Leggings"
 3:19:23.246 [CE][LootRespawner] (PRIDummy) :: Item [221] is hard to place, performance drops: "STAG_Clothing_Cargo_Pants"
 3:19:23.246 [CE][LootRespawner] (PRIDummy) :: Item [222] is hard to place, performance drops: "STAG_Clothing_Cargo_Pants"
 3:19:23.246 [CE][LootRespawner] (PRIDummy) :: Item [223] is hard to place, performance drops: "STAG_Clothing_Cargo_Pants"
 3:19:23.246 [CE][LootRespawner] (PRIDummy) :: Item [224] is hard to place, performance drops: "STAG_Clothing_Cargo_Pants"
 3:19:23.246 [CE][LootRespawner] (PRIDummy) :: Item [225] is hard to place, performance drops: "STAG_Clothing_Cargo_Pants"
 3:19:23.246 [CE][LootRespawner] (PRIDummy) :: Item [226] is hard to place, performance drops: "STAG_Clothing_Cargo_Pants"
 3:19:23.246 [CE][LootRespawner] (PRIDummy) :: Item [227] is hard to place, performance drops: "STAG_Clothing_Cargo_Pants"
 3:19:23.246 [CE][LootRespawner] (PRIDummy) :: Item [228] is hard to place, performance drops: "STAG_Clothing_Cargo_Pants"
 3:19:23.246 [CE][LootRespawner] (PRIDummy) :: Item [168] causing search overtime: "STAG_Clothing_Cargo_Pants"
 3:19:23.347 [CE][LootRespawner] (PRIDummy) :: Item [229] is hard to place, performance drops: "Ki_Suppressor_FaL_covered"
 3:19:23.347 [CE][LootRespawner] (PRIDummy) :: Item [230] is hard to place, performance drops: "Ki_Suppressor_FaL_covered"
 3:19:23.446 [CE][LootRespawner] (PRIDummy) :: Item [231] is hard to place, performance drops: "STAG_Clothing_PlateCarrier"
 3:19:23.446 [CE][LootRespawner] (PRIDummy) :: Item [232] is hard to place, performance drops: "STAG_Clothing_PlateCarrier"
 3:19:23.446 [CE][LootRespawner] (PRIDummy) :: Item [233] is hard to place, performance drops: "STAG_Clothing_PlateCarrier"
 3:19:23.446 [CE][LootRespawner] (PRIDummy) :: Item [234] is hard to place, performance drops: "STAG_Clothing_PlateCarrier"
 3:19:23.446 [CE][LootRespawner] (PRIDummy) :: Item [235] is hard to place, performance drops: "STAG_Clothing_PlateCarrier"
 3:19:23.446 [CE][LootRespawner] (PRIDummy) :: Item [236] is hard to place, performance drops: "STAG_Clothing_PlateCarrier"
 3:19:23.446 [CE][LootRespawner] (PRIDummy) :: Item [237] is hard to place, performance drops: "STAG_Clothing_PlateCarrier"
 3:19:23.446 [CE][LootRespawner] (PRIDummy) :: Item [238] is hard to place, performance drops: "STAG_Clothing_PlateCarrier"
 3:19:23.446 [CE][LootRespawner] (PRIDummy) :: Item [239] is hard to place, performance drops: "STAG_Clothing_PlateCarrier"
 3:19:23.647 [CE][LootRespawner] (PRIDummy) :: Item [169] causing search overtime: "HipPack_Party"
 3:19:23.746 [CE][LootRespawner] (PRIDummy) :: Item [170] causing search overtime: "STAG_Clothing_MountainBag"
 3:19:23.946 [CE][LootRespawner] (PRIDummy) :: Item [171] causing search overtime: "MimeMask_Female"
 3:19:24.46 [CE][LootRespawner] (PRIDummy) :: Item [172] causing search overtime: "EyeMask_Black"
 3:19:24.146 !!! [CE][Spawn] Character "ZmbM_PatrolNormal_Autumn" at 7639.330566, 1498.269287
 3:19:24.147 !!! [CE][Spawn] Character "ZmbM_PatrolNormal_Autumn" at 7619.465820, 1553.818237
 3:19:24.148 !!! [CE][Spawn] Character "ZmbM_SoldierNormal" at 6477.814941, 2022.903687
 3:19:24.148 !!! [CE][Spawn] Character "ZmbM_PatrolNormal_PautRev" at 6516.537109, 2037.287964
 3:19:24.149 !!! [CE][Spawn] Character "ZmbM_SoldierNormal" at 6586.198242, 2082.408203
 3:19:24.150 !!! [CE][Spawn] Character "ZmbM_usSoldier_normal_Desert" at 6610.169922, 2001.932495
 3:19:24.151 !!! [CE][Spawn] Character "ZmbM_usSoldier_Officer_Desert" at 6553.426758, 1963.225708
 3:19:49.262 [CE][LootRespawner] (PRIDummy) :: Item [173] causing search overtime: "EyeMask_Black"
 3:19:49.362 [CE][LootRespawner] (PRIDummy) :: Item [174] causing search overtime: "MimeMask_Male"
 3:19:49.464 [CE][LootRespawner] (PRIDummy) :: Item [175] causing search overtime: "WoolGloves_ChristmasBlue"
 3:19:49.564 [CE][LootRespawner] (PRIDummy) :: Item [176] causing search overtime: "Chainmail_Coif"
 3:19:49.665 [CE][LootRespawner] (PRIDummy) :: Item [177] causing search overtime: "MedievalBoots"
 3:19:49.768 [CE][LootRespawner] (PRIDummy) :: Item [178] causing search overtime: "Mace"
 3:19:49.866 [CE][LootRespawner] (PRIDummy) :: Item [179] causing search overtime: "Chainmail"
 3:19:49.965 [CE][LootRespawner] (PRIDummy) :: Item [180] causing search overtime: "WoolGlovesFingerless_ChristmasRed"
 3:19:50.67 [CE][LootRespawner] (PRIDummy) :: Item [181] causing search overtime: "WoolGloves_ChristmasRed"
 3:19:50.266 [CE][LootRespawner] (PRIDummy) :: Item [182] causing search overtime: "HipPack_Party"
 3:19:50.366 [CE][LootRespawner] (PRIDummy) :: Item [183] causing search overtime: "STAG_Clothing_MountainBag"
 3:19:50.467 [CE][LootRespawner] (PRIDummy) :: Item [184] causing search overtime: "MimeMask_Female"
 3:19:50.569 [CE][LootRespawner] (PRIDummy) :: Item [185] causing search overtime: "EyeMask_Yellow"
 3:19:50.668 [CE][LootRespawner] (PRIDummy) :: Item [186] causing search overtime: "EyeMask_Blue"
 3:19:50.767 [CE][LootRespawner] (PRIDummy) :: Item [187] causing search overtime: "EyeMask_Red"
 3:19:50.868 [CE][LootRespawner] (PRIDummy) :: Item [188] causing search overtime: "Chestplate"
 3:19:50.968 [CE][LootRespawner] (PRIDummy) :: Item [189] causing search overtime: "GreatHelm"
 3:20:15.979 [CE][LootRespawner] (PRIDummy) :: Item [190] causing search overtime: "GreatHelm"
 3:20:16.78 [CE][LootRespawner] (PRIDummy) :: Item [240] is hard to place, performance drops: "STAG_Clothing_M65_Jacket"
 3:20:16.79 [CE][LootRespawner] (PRIDummy) :: Item [241] is hard to place, performance drops: "STAG_Clothing_M65_Jacket"
 3:20:16.79 [CE][LootRespawner] (PRIDummy) :: Item [242] is hard to place, performance drops: "STAG_Clothing_M65_Jacket"
 3:20:16.79 [CE][LootRespawner] (PRIDummy) :: Item [243] is hard to place, performance drops: "STAG_Clothing_M65_Jacket"
 3:20:16.79 [CE][LootRespawner] (PRIDummy) :: Item [244] is hard to place, performance drops: "STAG_Clothing_M65_Jacket"
 3:20:16.79 [CE][LootRespawner] (PRIDummy) :: Item [245] is hard to place, performance drops: "STAG_Clothing_M65_Jacket"
 3:20:16.79 [CE][LootRespawner] (PRIDummy) :: Item [246] is hard to place, performance drops: "STAG_Clothing_M65_Jacket"
 3:20:16.79 [CE][LootRespawner] (PRIDummy) :: Item [247] is hard to place, performance drops: "STAG_Clothing_M65_Jacket"
 3:20:16.79 [CE][LootRespawner] (PRIDummy) :: Item [191] causing search overtime: "STAG_Clothing_M65_Jacket"
 3:20:16.179 [CE][LootRespawner] (PRIDummy) :: Item [192] causing search overtime: "WoolGlovesFingerless_ChristmasBlue"
 3:20:16.279 [CE][LootRespawner] (PRIDummy) :: Item [193] causing search overtime: "Sword"
 3:20:16.379 [CE][LootRespawner] (PRIDummy) :: Item [248] is hard to place, performance drops: "SA_Loot_Chest_Red"
 3:20:16.379 [CE][LootRespawner] (PRIDummy) :: Item [249] is hard to place, performance drops: "SA_Loot_Chest_Red"
 3:20:16.379 [CE][LootRespawner] (PRIDummy) :: Item [250] is hard to place, performance drops: "SA_Loot_Chest_Red"
 3:20:16.379 [CE][LootRespawner] (PRIDummy) :: Item [251] is hard to place, performance drops: "SA_Loot_Chest_Red"
 3:20:16.379 [CE][LootRespawner] (PRIDummy) :: Item [252] is hard to place, performance drops: "SA_Loot_Chest_Red"
 3:20:16.379 [CE][LootRespawner] (PRIDummy) :: Item [253] is hard to place, performance drops: "SA_Loot_Chest_Red"
 3:20:16.379 [CE][LootRespawner] (PRIDummy) :: Item [254] is hard to place, performance drops: "SA_Loot_Chest_Red"
 3:20:16.379 [CE][LootRespawner] (PRIDummy) :: Item [194] causing search overtime: "SA_Loot_Chest_Red"
 3:20:16.479 [CE][LootRespawner] (PRIDummy) :: Item [195] causing search overtime: "Chainmail_Leggings"
 3:20:16.879 [CE][LootRespawner] (PRIDummy) :: Item [255] is hard to place, performance drops: "STAG_Clothing_Cargo_Pants"
 3:20:16.879 [CE][LootRespawner] (PRIDummy) :: Item [256] is hard to place, performance drops: "STAG_Clothing_Cargo_Pants"
 3:20:16.879 [CE][LootRespawner] (PRIDummy) :: Item [257] is hard to place, performance drops: "STAG_Clothing_Cargo_Pants"
 3:20:16.879 [CE][LootRespawner] (PRIDummy) :: Item [258] is hard to place, performance drops: "STAG_Clothing_Cargo_Pants"
 3:20:16.879 [CE][LootRespawner] (PRIDummy) :: Item [259] is hard to place, performance drops: "STAG_Clothing_Cargo_Pants"
 3:20:16.879 [CE][LootRespawner] (PRIDummy) :: Item [260] is hard to place, performance drops: "STAG_Clothing_Cargo_Pants"
 3:20:16.879 [CE][LootRespawner] (PRIDummy) :: Item [261] is hard to place, performance drops: "STAG_Clothing_Cargo_Pants"
 3:20:16.879 [CE][LootRespawner] (PRIDummy) :: Item [262] is hard to place, performance drops: "STAG_Clothing_Cargo_Pants"
 3:20:16.879 [CE][LootRespawner] (PRIDummy) :: Item [196] causing search overtime: "STAG_Clothing_Cargo_Pants"
 3:20:17.380 [CE][LootRespawner] (PRIDummy) :: Item [197] causing search overtime: "HipPack_Party"
 3:20:17.480 [CE][LootRespawner] (PRIDummy) :: Item [198] causing search overtime: "STAG_Clothing_MountainBag"
 3:20:17.580 [CE][LootRespawner] (PRIDummy) :: Item [199] causing search overtime: "MimeMask_Female"
 3:20:17.680 [CE][LootRespawner] (PRIDummy) :: Item [200] causing search overtime: "EyeMask_Black"
 3:20:17.780 [CE][LootRespawner] (PRIDummy) :: Item [201] causing search overtime: "EyeMask_Yellow"
 3:20:17.880 [CE][LootRespawner] (PRIDummy) :: Item [202] causing search overtime: "MimeMask_Male"
 3:20:42.883 [CE][LootRespawner] (PRIDummy) :: Item [203] causing search overtime: "MimeMask_Male"
 3:20:42.984 [CE][LootRespawner] (PRIDummy) :: Item [204] causing search overtime: "EyeMask_Blue"
 3:20:43.84 [CE][LootRespawner] (PRIDummy) :: Item [205] causing search overtime: "EyeMask_Red"
 3:20:43.184 [CE][LootRespawner] (PRIDummy) :: Item [206] causing search overtime: "Chestplate"
 3:20:43.284 [CE][LootRespawner] (PRIDummy) :: Item [207] causing search overtime: "WoolGloves_ChristmasBlue"
 3:20:43.384 [CE][LootRespawner] (PRIDummy) :: Item [208] causing search overtime: "Chainmail_Coif"
 3:20:43.483 [CE][LootRespawner] (PRIDummy) :: Item [209] causing search overtime: "MedievalBoots"
 3:20:43.684 [CE][LootRespawner] (PRIDummy) :: Item [210] causing search overtime: "Mace"
 3:20:43.784 [CE][LootRespawner] (PRIDummy) :: Item [211] causing search overtime: "Chainmail"
 3:20:43.883 [CE][LootRespawner] (PRIDummy) :: Item [212] causing search overtime: "WoolGlovesFingerless_ChristmasRed"
 3:20:43.984 [CE][LootRespawner] (PRIDummy) :: Item [213] causing search overtime: "WoolGloves_ChristmasRed"
 3:20:44.484 [CE][LootRespawner] (PRIDummy) :: Item [214] causing search overtime: "HipPack_Party"
 3:20:44.683 [CE][LootRespawner] (PRIDummy) :: Item [215] causing search overtime: "STAG_Clothing_MountainBag"
 3:20:44.885 !!! [CE][Spawn] Character "ZmbM_PatrolNormal_Flat" at 6893.734375, 2307.050049
 3:21:09.893 [CE][LootRespawner] (PRIDummy) :: Item [216] causing search overtime: "MimeMask_Female"
 3:21:09.993 [CE][LootRespawner] (PRIDummy) :: Item [217] causing search overtime: "EyeMask_Black"
 3:21:10.94 [CE][LootRespawner] (PRIDummy) :: Item [263] is hard to place, performance drops: "M4_Suppressor"
 3:21:10.94 [CE][LootRespawner] (PRIDummy) :: Item [264] is hard to place, performance drops: "M4_Suppressor"
 3:21:10.94 [CE][LootRespawner] (PRIDummy) :: Item [265] is hard to place, performance drops: "M4_Suppressor"
 3:21:10.194 [CE][LootRespawner] (PRIDummy) :: Item [218] causing search overtime: "EyeMask_Yellow"
 3:21:10.394 [CE][LootRespawner] (PRIDummy) :: Item [219] causing search overtime: "GreatHelm"
 3:21:10.494 [CE][LootRespawner] (PRIDummy) :: Item [266] is hard to place, performance drops: "STAG_Clothing_M65_Jacket"
 3:21:10.494 [CE][LootRespawner] (PRIDummy) :: Item [267] is hard to place, performance drops: "STAG_Clothing_M65_Jacket"
 3:21:10.494 [CE][LootRespawner] (PRIDummy) :: Item [268] is hard to place, performance drops: "STAG_Clothing_M65_Jacket"
 3:21:10.494 [CE][LootRespawner] (PRIDummy) :: Item [269] is hard to place, performance drops: "STAG_Clothing_M65_Jacket"
 3:21:10.494 [CE][LootRespawner] (PRIDummy) :: Item [270] is hard to place, performance drops: "STAG_Clothing_M65_Jacket"
 3:21:10.494 [CE][LootRespawner] (PRIDummy) :: Item [271] is hard to place, performance drops: "STAG_Clothing_M65_Jacket"
 3:21:10.494 [CE][LootRespawner] (PRIDummy) :: Item [272] is hard to place, performance drops: "STAG_Clothing_M65_Jacket"
 3:21:10.494 [CE][LootRespawner] (PRIDummy) :: Item [273] is hard to place, performance drops: "STAG_Clothing_M65_Jacket"
 3:21:10.495 [CE][LootRespawner] (PRIDummy) :: Item [220] causing search overtime: "STAG_Clothing_M65_Jacket"
 3:21:10.594 [CE][LootRespawner] (PRIDummy) :: Item [221] causing search overtime: "WoolGlovesFingerless_ChristmasBlue"
 3:21:10.694 [CE][LootRespawner] (PRIDummy) :: Item [222] causing search overtime: "Sword"
 3:21:10.794 [CE][LootRespawner] (PRIDummy) :: Item [274] is hard to place, performance drops: "SA_Loot_Chest_Red"
 3:21:10.794 [CE][LootRespawner] (PRIDummy) :: Item [275] is hard to place, performance drops: "SA_Loot_Chest_Red"
 3:21:10.794 [CE][LootRespawner] (PRIDummy) :: Item [276] is hard to place, performance drops: "SA_Loot_Chest_Red"
 3:21:10.794 [CE][LootRespawner] (PRIDummy) :: Item [277] is hard to place, performance drops: "SA_Loot_Chest_Red"
 3:21:10.794 [CE][LootRespawner] (PRIDummy) :: Item [278] is hard to place, performance drops: "SA_Loot_Chest_Red"
 3:21:10.794 [CE][LootRespawner] (PRIDummy) :: Item [279] is hard to place, performance drops: "SA_Loot_Chest_Red"
 3:21:10.794 [CE][LootRespawner] (PRIDummy) :: Item [280] is hard to place, performance drops: "SA_Loot_Chest_Red"
 3:21:10.794 [CE][LootRespawner] (PRIDummy) :: Item [223] causing search overtime: "SA_Loot_Chest_Red"
 3:21:10.894 [CE][LootRespawner] (PRIDummy) :: Item [224] causing search overtime: "Chainmail_Leggings"
 3:21:10.994 [CE][LootRespawner] (PRIDummy) :: Item [281] is hard to place, performance drops: "STAG_Clothing_Cargo_Pants"
 3:21:10.994 [CE][LootRespawner] (PRIDummy) :: Item [282] is hard to place, performance drops: "STAG_Clothing_Cargo_Pants"
 3:21:10.994 [CE][LootRespawner] (PRIDummy) :: Item [283] is hard to place, performance drops: "STAG_Clothing_Cargo_Pants"
 3:21:10.994 [CE][LootRespawner] (PRIDummy) :: Item [284] is hard to place, performance drops: "STAG_Clothing_Cargo_Pants"
 3:21:10.994 [CE][LootRespawner] (PRIDummy) :: Item [285] is hard to place, performance drops: "STAG_Clothing_Cargo_Pants"
 3:21:10.994 [CE][LootRespawner] (PRIDummy) :: Item [286] is hard to place, performance drops: "STAG_Clothing_Cargo_Pants"
 3:21:10.994 [CE][LootRespawner] (PRIDummy) :: Item [287] is hard to place, performance drops: "STAG_Clothing_Cargo_Pants"
 3:21:10.994 [CE][LootRespawner] (PRIDummy) :: Item [288] is hard to place, performance drops: "STAG_Clothing_Cargo_Pants"
 3:21:10.994 [CE][LootRespawner] (PRIDummy) :: Item [225] causing search overtime: "STAG_Clothing_Cargo_Pants"
 3:21:11.394 [CE][LootRespawner] (PRIDummy) :: Item [226] causing search overtime: "HipPack_Party"
 3:21:11.494 [CE][LootRespawner] (PRIDummy) :: Item [227] causing search overtime: "STAG_Clothing_MountainBag"
 3:21:11.594 [CE][LootRespawner] (PRIDummy) :: Item [228] causing search overtime: "MimeMask_Male"
 3:21:11.694 [CE][LootRespawner] (PRIDummy) :: Item [229] causing search overtime: "EyeMask_Blue"
 3:21:11.795 !!! [CE][Spawn] Character "ZmbM_PatrolNormal_PautRev" at 6786.418457, 2069.012939
 3:21:11.795 !!! [CE][Spawn] Character "ZmbM_usSoldier_normal_Desert" at 6695.248535, 2170.459717
 3:21:11.796 !!! [CE][Spawn] Character "ZmbM_PatrolNormal_PautRev" at 6587.169922, 2258.706787
 3:21:11.797 !!! [CE][Spawn] Character "ZmbM_PatrolNormal_Flat" at 7609.322754, 1596.302979
 3:21:36.698 [CE][LootRespawner] (PRIDummy) :: Item [230] causing search overtime: "EyeMask_Blue"
 3:21:36.798 [CE][LootRespawner] (PRIDummy) :: Item [231] causing search overtime: "EyeMask_Red"
 3:21:36.898 [CE][LootRespawner] (PRIDummy) :: Item [232] causing search overtime: "Chestplate"
 3:21:37.98 [CE][LootRespawner] (PRIDummy) :: Item [233] causing search overtime: "WoolGloves_ChristmasBlue"
 3:21:37.198 [CE][LootRespawner] (PRIDummy) :: Item [234] causing search overtime: "Chainmail_Coif"
 3:21:37.300 [CE][LootRespawner] (PRIDummy) :: Item [235] causing search overtime: "MedievalBoots"
 3:21:37.397 [CE][LootRespawner] (PRIDummy) :: Item [236] causing search overtime: "Mace"
 3:21:37.498 [CE][LootRespawner] (PRIDummy) :: Item [237] causing search overtime: "Chainmail"
 3:21:37.598 [CE][LootRespawner] (PRIDummy) :: Item [238] causing search overtime: "WoolGlovesFingerless_ChristmasRed"
 3:21:37.697 [CE][LootRespawner] (PRIDummy) :: Item [239] causing search overtime: "WoolGloves_ChristmasRed"
 3:21:38.298 [CE][LootRespawner] (PRIDummy) :: Item [240] causing search overtime: "HipPack_Party"
 3:21:38.398 [CE][LootRespawner] (PRIDummy) :: Item [241] causing search overtime: "STAG_Clothing_MountainBag"
 3:21:38.698 !!! [CE][Spawn] Character "ZmbM_PatrolNormal_Flat" at 6705.964355, 2331.459961
 3:21:38.698 !!! [CE][Spawn] Character "ZmbM_usSoldier_normal_Desert" at 7424.081055, 1449.675903
 3:21:38.701 !!! [CE][Spawn] Character "ZmbM_PatrolNormal_Autumn" at 7404.017578, 1495.195313
 3:21:38.703 !!! [CE][Spawn] Character "ZmbM_PatrolNormal_Summer" at 7423.578125, 1542.719360
 3:21:38.704 !!! [CE][Spawn] Character "ZmbM_usSoldier_Heavy_Woodland" at 7492.895508, 1532.539673
 3:21:38.705 !!! [CE][Spawn] Character "ZmbM_PatrolNormal_Flat" at 7504.489746, 1488.835083
 3:21:38.706 !!! [CE][Spawn] Character "ZmbM_PatrolNormal_Summer" at 7492.031738, 1432.837158
 3:21:38.707 !!! [CE][Spawn] Character "ZmbM_usSoldier_Heavy_Woodland" at 7437.257813, 1450.339478
 3:21:38.707 !!! [CE][Spawn] Character "ZmbM_PatrolNormal_Flat" at 7381.192383, 1479.245972
 3:21:38.708 !!! [CE][Spawn] Character "ZmbM_PatrolNormal_Summer" at 7646.527344, 1654.535522
 3:21:38.708 !!! [CE][Spawn] Character "ZmbM_PatrolNormal_Summer" at 7684.349609, 1595.762939
 3:21:38.708 !!! [CE][Spawn] Character "ZmbM_PatrolNormal_Flat" at 7708.020508, 1557.984375
 3:21:38.708 !!! [CE][Spawn] Character "ZmbM_PatrolNormal_Flat" at 7688.325684, 1493.262329
 3:21:38.709 !!! [CE][Spawn] Character "ZmbM_PrisonerSkinny" at 1728.372192, 4774.572266
 3:21:38.710 !!! [CE][Spawn] Character "ZmbM_PrisonerSkinny" at 1744.838013, 4738.121094
 3:21:38.710 !!! [CE][Spawn] Character "ZmbM_PrisonerSkinny" at 1728.615601, 4713.862793
 3:21:38.710 !!! [CE][Spawn] Character "ZmbM_PrisonerSkinny" at 1707.014404, 4688.148926
 3:21:38.711 !!! [CE][Spawn] Character "ZmbM_PrisonerSkinny" at 1698.903687, 4722.642090
 3:22:03.897 [CE][LootRespawner] (PRIDummy) :: Item [242] causing search overtime: "MimeMask_Female"
 3:22:03.997 [CE][LootRespawner] (PRIDummy) :: Item [243] causing search overtime: "EyeMask_Black"
 3:22:04.98 [CE][LootRespawner] (PRIDummy) :: Item [244] causing search overtime: "EyeMask_Yellow"
 3:22:04.198 [CE][LootRespawner] (PRIDummy) :: Item [245] causing search overtime: "MimeMask_Male"
 3:22:04.297 [CE][LootRespawner] (PRIDummy) :: Item [246] causing search overtime: "GreatHelm"
 3:22:04.398 [CE][LootRespawner] (PRIDummy) :: Item [289] is hard to place, performance drops: "STAG_Clothing_M65_Jacket"
 3:22:04.398 [CE][LootRespawner] (PRIDummy) :: Item [290] is hard to place, performance drops: "STAG_Clothing_M65_Jacket"
 3:22:04.398 [CE][LootRespawner] (PRIDummy) :: Item [291] is hard to place, performance drops: "STAG_Clothing_M65_Jacket"
 3:22:04.398 [CE][LootRespawner] (PRIDummy) :: Item [292] is hard to place, performance drops: "STAG_Clothing_M65_Jacket"
 3:22:04.398 [CE][LootRespawner] (PRIDummy) :: Item [293] is hard to place, performance drops: "STAG_Clothing_M65_Jacket"
 3:22:04.398 [CE][LootRespawner] (PRIDummy) :: Item [294] is hard to place, performance drops: "STAG_Clothing_M65_Jacket"
 3:22:04.398 [CE][LootRespawner] (PRIDummy) :: Item [295] is hard to place, performance drops: "STAG_Clothing_M65_Jacket"
 3:22:04.398 [CE][LootRespawner] (PRIDummy) :: Item [296] is hard to place, performance drops: "STAG_Clothing_M65_Jacket"
 3:22:04.398 [CE][LootRespawner] (PRIDummy) :: Item [247] causing search overtime: "STAG_Clothing_M65_Jacket"
 3:22:04.498 [CE][LootRespawner] (PRIDummy) :: Item [248] causing search overtime: "WoolGlovesFingerless_ChristmasBlue"
 3:22:04.697 [CE][LootRespawner] (PRIDummy) :: Item [249] causing search overtime: "Sword"
 3:22:04.797 [CE][LootRespawner] (PRIDummy) :: Item [297] is hard to place, performance drops: "SA_Loot_Chest_Red"
 3:22:04.797 [CE][LootRespawner] (PRIDummy) :: Item [298] is hard to place, performance drops: "SA_Loot_Chest_Red"
 3:22:04.797 [CE][LootRespawner] (PRIDummy) :: Item [299] is hard to place, performance drops: "SA_Loot_Chest_Red"
 3:22:04.797 [CE][LootRespawner] (PRIDummy) :: Item [300] is hard to place, performance drops: "SA_Loot_Chest_Red"
 3:22:04.797 [CE][LootRespawner] (PRIDummy) :: Item [301] is hard to place, performance drops: "SA_Loot_Chest_Red"
 3:22:04.797 [CE][LootRespawner] (PRIDummy) :: Item [302] is hard to place, performance drops: "SA_Loot_Chest_Red"
 3:22:04.797 [CE][LootRespawner] (PRIDummy) :: Item [303] is hard to place, performance drops: "SA_Loot_Chest_Red"
 3:22:04.797 [CE][LootRespawner] (PRIDummy) :: Item [250] causing search overtime: "SA_Loot_Chest_Red"
 3:22:04.898 [CE][LootRespawner] (PRIDummy) :: Item [251] causing search overtime: "Chainmail_Leggings"
 3:22:05.197 [CE][LootRespawner] (PRIDummy) :: Item [304] is hard to place, performance drops: "STAG_Clothing_Cargo_Pants"
 3:22:05.197 [CE][LootRespawner] (PRIDummy) :: Item [305] is hard to place, performance drops: "STAG_Clothing_Cargo_Pants"
 3:22:05.197 [CE][LootRespawner] (PRIDummy) :: Item [306] is hard to place, performance drops: "STAG_Clothing_Cargo_Pants"
 3:22:05.197 [CE][LootRespawner] (PRIDummy) :: Item [307] is hard to place, performance drops: "STAG_Clothing_Cargo_Pants"
 3:22:05.197 [CE][LootRespawner] (PRIDummy) :: Item [308] is hard to place, performance drops: "STAG_Clothing_Cargo_Pants"
 3:22:05.198 [CE][LootRespawner] (PRIDummy) :: Item [309] is hard to place, performance drops: "STAG_Clothing_Cargo_Pants"
 3:22:05.198 [CE][LootRespawner] (PRIDummy) :: Item [310] is hard to place, performance drops: "STAG_Clothing_Cargo_Pants"
 3:22:05.198 [CE][LootRespawner] (PRIDummy) :: Item [311] is hard to place, performance drops: "STAG_Clothing_Cargo_Pants"
 3:22:05.198 [CE][LootRespawner] (PRIDummy) :: Item [252] causing search overtime: "STAG_Clothing_Cargo_Pants"
 3:22:05.598 !!! [CE][Spawn] Character "ZmbM_PatrolNormal_PautRev" at 6798.293945, 2318.467041
 3:22:30.504 [CE][LootRespawner] (PRIDummy) :: Item [253] causing search overtime: "HipPack_Party"
 3:22:30.604 [CE][LootRespawner] (PRIDummy) :: Item [254] causing search overtime: "STAG_Clothing_MountainBag"
 3:22:31.04 [CE][LootRespawner] (PRIDummy) :: Item [255] causing search overtime: "MimeMask_Female"
 3:22:31.104 [CE][LootRespawner] (PRIDummy) :: Item [256] causing search overtime: "EyeMask_Black"
 3:22:31.204 [CE][LootRespawner] (PRIDummy) :: Item [257] causing search overtime: "EyeMask_Yellow"
 3:22:31.303 [CE][LootRespawner] (PRIDummy) :: Item [258] causing search overtime: "MimeMask_Male"
 3:22:31.403 [CE][LootRespawner] (PRIDummy) :: Item [259] causing search overtime: "EyeMask_Blue"
 3:22:31.503 [CE][LootRespawner] (PRIDummy) :: Item [260] causing search overtime: "EyeMask_Red"
 3:22:31.604 [CE][LootRespawner] (PRIDummy) :: Item [261] causing search overtime: "Chestplate"
 3:22:31.703 [CE][LootRespawner] (PRIDummy) :: Item [262] causing search overtime: "GreatHelm"
 3:22:31.803 [CE][LootRespawner] (PRIDummy) :: Item [312] is hard to place, performance drops: "STAG_Clothing_M65_Jacket"
 3:22:31.803 [CE][LootRespawner] (PRIDummy) :: Item [313] is hard to place, performance drops: "STAG_Clothing_M65_Jacket"
 3:22:31.803 [CE][LootRespawner] (PRIDummy) :: Item [314] is hard to place, performance drops: "STAG_Clothing_M65_Jacket"
 3:22:31.803 [CE][LootRespawner] (PRIDummy) :: Item [315] is hard to place, performance drops: "STAG_Clothing_M65_Jacket"
 3:22:31.803 [CE][LootRespawner] (PRIDummy) :: Item [316] is hard to place, performance drops: "STAG_Clothing_M65_Jacket"
 3:22:31.803 [CE][LootRespawner] (PRIDummy) :: Item [317] is hard to place, performance drops: "STAG_Clothing_M65_Jacket"
 3:22:31.803 [CE][LootRespawner] (PRIDummy) :: Item [318] is hard to place, performance drops: "STAG_Clothing_M65_Jacket"
 3:22:31.803 [CE][LootRespawner] (PRIDummy) :: Item [319] is hard to place, performance drops: "STAG_Clothing_M65_Jacket"
 3:22:31.803 [CE][LootRespawner] (PRIDummy) :: Item [263] causing search overtime: "STAG_Clothing_M65_Jacket"
 3:22:31.903 [CE][LootRespawner] (PRIDummy) :: Item [264] causing search overtime: "WoolGlovesFingerless_ChristmasBlue"
 3:22:32.04 [CE][LootRespawner] (PRIDummy) :: Item [265] causing search overtime: "Sword"
 3:22:32.103 [CE][LootRespawner] (PRIDummy) :: Item [320] is hard to place, performance drops: "SA_Loot_Chest_Red"
 3:22:32.103 [CE][LootRespawner] (PRIDummy) :: Item [321] is hard to place, performance drops: "SA_Loot_Chest_Red"
 3:22:32.103 [CE][LootRespawner] (PRIDummy) :: Item [322] is hard to place, performance drops: "SA_Loot_Chest_Red"
 3:22:32.103 [CE][LootRespawner] (PRIDummy) :: Item [323] is hard to place, performance drops: "SA_Loot_Chest_Red"
 3:22:32.103 [CE][LootRespawner] (PRIDummy) :: Item [324] is hard to place, performance drops: "SA_Loot_Chest_Red"
 3:22:32.103 [CE][LootRespawner] (PRIDummy) :: Item [325] is hard to place, performance drops: "SA_Loot_Chest_Red"
 3:22:32.103 [CE][LootRespawner] (PRIDummy) :: Item [326] is hard to place, performance drops: "SA_Loot_Chest_Red"
 3:22:32.103 [CE][LootRespawner] (PRIDummy) :: Item [266] causing search overtime: "SA_Loot_Chest_Red"
 3:22:32.204 [CE][LootRespawner] (PRIDummy) :: Item [267] causing search overtime: "Chainmail_Leggings"
 3:22:32.304 [CE][LootRespawner] (PRIDummy) :: Item [268] causing search overtime: "WoolGloves_ChristmasBlue"
 3:22:32.403 [CE][LootRespawner] (PRIDummy) :: Item [269] causing search overtime: "Chainmail_Coif"
 3:22:32.504 !!! [CE][Spawn] Character "ZmbM_PatrolNormal_Flat" at 6926.625488, 2264.377686
 3:22:32.507 !!! [CE][Spawn] Character "ZmbM_PatrolNormal_PautRev" at 6737.397461, 2093.535889
 3:22:32.606 !!! [CE][Spawn] Character "ZmbM_SoldierNormal" at 6751.927734, 975.433472
 3:22:57.503 [CE][LootRespawner] (PRIDummy) :: Item [270] causing search overtime: "Chainmail_Coif"
 3:22:57.603 [CE][LootRespawner] (PRIDummy) :: Item [271] causing search overtime: "MedievalBoots"
 3:22:57.704 [CE][LootRespawner] (PRIDummy) :: Item [272] causing search overtime: "Mace"
 3:22:57.803 [CE][LootRespawner] (PRIDummy) :: Item [273] causing search overtime: "Chainmail"
 3:22:58.04 [CE][LootRespawner] (PRIDummy) :: Item [274] causing search overtime: "WoolGlovesFingerless_ChristmasRed"
 3:22:58.103 [CE][LootRespawner] (PRIDummy) :: Item [275] causing search overtime: "WoolGloves_ChristmasRed"
 3:22:58.203 [CE][LootRespawner] (PRIDummy) :: Item [327] is hard to place, performance drops: "STAG_Clothing_Cargo_Pants"
 3:22:58.203 [CE][LootRespawner] (PRIDummy) :: Item [328] is hard to place, performance drops: "STAG_Clothing_Cargo_Pants"
 3:22:58.203 [CE][LootRespawner] (PRIDummy) :: Item [329] is hard to place, performance drops: "STAG_Clothing_Cargo_Pants"
 3:22:58.203 [CE][LootRespawner] (PRIDummy) :: Item [330] is hard to place, performance drops: "STAG_Clothing_Cargo_Pants"
 3:22:58.203 [CE][LootRespawner] (PRIDummy) :: Item [331] is hard to place, performance drops: "STAG_Clothing_Cargo_Pants"
 3:22:58.203 [CE][LootRespawner] (PRIDummy) :: Item [332] is hard to place, performance drops: "STAG_Clothing_Cargo_Pants"
 3:22:58.203 [CE][LootRespawner] (PRIDummy) :: Item [333] is hard to place, performance drops: "STAG_Clothing_Cargo_Pants"
 3:22:58.203 [CE][LootRespawner] (PRIDummy) :: Item [334] is hard to place, performance drops: "STAG_Clothing_Cargo_Pants"
 3:22:58.203 [CE][LootRespawner] (PRIDummy) :: Item [276] causing search overtime: "STAG_Clothing_Cargo_Pants"
 3:22:58.905 [CE][LootRespawner] (PRIDummy) :: Item [277] causing search overtime: "HipPack_Party"
 3:22:59.06 [CE][LootRespawner] (PRIDummy) :: Item [278] causing search overtime: "STAG_Clothing_MountainBag"
 3:22:59.104 [CE][LootRespawner] (PRIDummy) :: Item [279] causing search overtime: "MimeMask_Female"
 3:22:59.204 [CE][LootRespawner] (PRIDummy) :: Item [280] causing search overtime: "EyeMask_Black"
 3:22:59.304 [CE][LootRespawner] (PRIDummy) :: Item [281] causing search overtime: "EyeMask_Yellow"
 3:22:59.405 !!! [CE][Spawn] Character "ZmbM_usSoldier_Officer_Desert" at 6585.560059, 2143.489502
 3:22:59.405 !!! [CE][Spawn] Character "ZmbM_PatrolNormal_PautRev" at 6495.702148, 1925.180176
 3:22:59.406 !!! [CE][Spawn] Character "ZmbM_usSoldier_normal_Desert" at 6436.142090, 1980.246826
 3:22:59.407 !!! [CE][Spawn] Character "ZmbM_usSoldier_Heavy_Woodland" at 6452.456543, 2062.876465
 3:22:59.409 !!! [CE][Spawn] Character "ZmbM_PatrolNormal_Summer" at 6514.434570, 2030.554810
 3:22:59.410 !!! [CE][Spawn] Character "ZmbM_PatrolNormal_Autumn" at 6554.981934, 2055.410889
 3:22:59.411 !!! [CE][Spawn] Character "ZmbM_usSoldier_Officer_Desert" at 6562.469238, 2008.826416
 3:22:59.503 !!! [CE][Spawn] Character "ZmbM_PatrolNormal_Summer" at 6716.883789, 984.879333
 3:22:59.503 !!! [CE][Spawn] Character "ZmbM_PatrolNormal_Flat" at 6718.720215, 1012.540283
 3:23:24.351 [CE][LootRespawner] (PRIDummy) :: Item [282] causing search overtime: "EyeMask_Yellow"
 3:23:24.451 [CE][LootRespawner] (PRIDummy) :: Item [283] causing search overtime: "MimeMask_Male"
 3:23:24.551 [CE][LootRespawner] (PRIDummy) :: Item [284] causing search overtime: "EyeMask_Blue"
 3:23:24.652 [CE][LootRespawner] (PRIDummy) :: Item [285] causing search overtime: "EyeMask_Red"
 3:23:24.751 [CE][LootRespawner] (PRIDummy) :: Item [286] causing search overtime: "Chestplate"
 3:23:24.854 [CE][LootRespawner] (PRIDummy) :: Item [287] causing search overtime: "GreatHelm"
 3:23:24.953 [CE][LootRespawner] (PRIDummy) :: Item [335] is hard to place, performance drops: "STAG_Clothing_M65_Jacket"
 3:23:24.953 [CE][LootRespawner] (PRIDummy) :: Item [336] is hard to place, performance drops: "STAG_Clothing_M65_Jacket"
 3:23:24.953 [CE][LootRespawner] (PRIDummy) :: Item [337] is hard to place, performance drops: "STAG_Clothing_M65_Jacket"
 3:23:24.953 [CE][LootRespawner] (PRIDummy) :: Item [338] is hard to place, performance drops: "STAG_Clothing_M65_Jacket"
 3:23:24.953 [CE][LootRespawner] (PRIDummy) :: Item [339] is hard to place, performance drops: "STAG_Clothing_M65_Jacket"
 3:23:24.953 [CE][LootRespawner] (PRIDummy) :: Item [340] is hard to place, performance drops: "STAG_Clothing_M65_Jacket"
 3:23:24.953 [CE][LootRespawner] (PRIDummy) :: Item [341] is hard to place, performance drops: "STAG_Clothing_M65_Jacket"
 3:23:24.953 [CE][LootRespawner] (PRIDummy) :: Item [342] is hard to place, performance drops: "STAG_Clothing_M65_Jacket"
 3:23:24.953 [CE][LootRespawner] (PRIDummy) :: Item [288] causing search overtime: "STAG_Clothing_M65_Jacket"
 3:23:25.54 [CE][LootRespawner] (PRIDummy) :: Item [289] causing search overtime: "WoolGlovesFingerless_ChristmasBlue"
 3:23:25.153 [CE][LootRespawner] (PRIDummy) :: Item [290] causing search overtime: "Sword"
 3:23:25.252 [CE][LootRespawner] (PRIDummy) :: Item [343] is hard to place, performance drops: "SA_Loot_Chest_Red"
 3:23:25.252 [CE][LootRespawner] (PRIDummy) :: Item [344] is hard to place, performance drops: "SA_Loot_Chest_Red"
 3:23:25.252 [CE][LootRespawner] (PRIDummy) :: Item [345] is hard to place, performance drops: "SA_Loot_Chest_Red"
 3:23:25.252 [CE][LootRespawner] (PRIDummy) :: Item [346] is hard to place, performance drops: "SA_Loot_Chest_Red"
 3:23:25.252 [CE][LootRespawner] (PRIDummy) :: Item [347] is hard to place, performance drops: "SA_Loot_Chest_Red"
 3:23:25.252 [CE][LootRespawner] (PRIDummy) :: Item [348] is hard to place, performance drops: "SA_Loot_Chest_Red"
 3:23:25.252 [CE][LootRespawner] (PRIDummy) :: Item [349] is hard to place, performance drops: "SA_Loot_Chest_Red"
 3:23:25.252 [CE][LootRespawner] (PRIDummy) :: Item [291] causing search overtime: "SA_Loot_Chest_Red"
 3:23:25.353 [CE][LootRespawner] (PRIDummy) :: Item [292] causing search overtime: "Chainmail_Leggings"
 3:23:25.455 [CE][LootRespawner] (PRIDummy) :: Item [293] causing search overtime: "WoolGloves_ChristmasBlue"
 3:23:26.75 [CE][LootRespawner] (PRIDummy) :: Item [294] causing search overtime: "HipPack_Party"
 3:23:26.270 [CE][LootRespawner] (PRIDummy) :: Item [295] causing search overtime: "STAG_Clothing_MountainBag"
 3:23:26.371 !!! [CE][Spawn] Character "ZmbM_usSoldier_Officer_Desert" at 6653.946777, 2285.184814
 3:23:26.373 !!! [CE][Spawn] Character "ZmbM_PatrolNormal_Flat" at 6731.621582, 2381.162354
 3:23:26.373 !!! [CE][Spawn] Character "ZmbM_usSoldier_normal_Desert" at 6700.319336, 2145.661621
 3:23:51.288 [CE][LootRespawner] (PRIDummy) :: Item [296] causing search overtime: "STAG_Clothing_MountainBag"
 3:23:51.487 [CE][LootRespawner] (PRIDummy) :: Item [297] causing search overtime: "MimeMask_Female"
 3:23:51.587 [CE][LootRespawner] (PRIDummy) :: Item [298] causing search overtime: "EyeMask_Black"
 3:23:51.687 [CE][LootRespawner] (PRIDummy) :: Item [299] causing search overtime: "Chainmail_Coif"
 3:23:51.789 [CE][LootRespawner] (PRIDummy) :: Item [300] causing search overtime: "MedievalBoots"
 3:23:51.987 [CE][LootRespawner] (PRIDummy) :: Item [301] causing search overtime: "Mace"
 3:23:52.87 [CE][LootRespawner] (PRIDummy) :: Item [302] causing search overtime: "Chainmail"
 3:23:52.187 [CE][LootRespawner] (PRIDummy) :: Item [303] causing search overtime: "WoolGlovesFingerless_ChristmasRed"
 3:23:52.287 [CE][LootRespawner] (PRIDummy) :: Item [304] causing search overtime: "WoolGloves_ChristmasRed"
 3:23:52.888 [CE][LootRespawner] (PRIDummy) :: Item [305] causing search overtime: "HipPack_Party"
 3:23:52.989 [CE][LootRespawner] (PRIDummy) :: Item [306] causing search overtime: "EyeMask_Yellow"
 3:23:53.88 [CE][LootRespawner] (PRIDummy) :: Item [307] causing search overtime: "MimeMask_Male"
 3:23:53.188 [CE][LootRespawner] (PRIDummy) :: Item [308] causing search overtime: "EyeMask_Blue"
 3:23:53.288 !!! [CE][Spawn] Character "ZmbM_usSoldier_Officer_Desert" at 7396.034180, 1551.375000
 3:23:53.290 !!! [CE][Spawn] Character "ZmbM_SoldierNormal" at 7616.758301, 1504.373657
 3:24:18.194 [CE][LootRespawner] (PRIDummy) :: Item [309] causing search overtime: "EyeMask_Blue"
 3:24:18.294 [CE][LootRespawner] (PRIDummy) :: Item [310] causing search overtime: "EyeMask_Red"
 3:24:18.394 [CE][LootRespawner] (PRIDummy) :: Item [311] causing search overtime: "Chestplate"
 3:24:18.494 [CE][LootRespawner] (PRIDummy) :: Item [312] causing search overtime: "GreatHelm"
 3:24:18.593 [CE][LootRespawner] (PRIDummy) :: Item [350] is hard to place, performance drops: "STAG_Clothing_M65_Jacket"
 3:24:18.594 [CE][LootRespawner] (PRIDummy) :: Item [351] is hard to place, performance drops: "STAG_Clothing_M65_Jacket"
 3:24:18.594 [CE][LootRespawner] (PRIDummy) :: Item [352] is hard to place, performance drops: "STAG_Clothing_M65_Jacket"
 3:24:18.594 [CE][LootRespawner] (PRIDummy) :: Item [353] is hard to place, performance drops: "STAG_Clothing_M65_Jacket"
 3:24:18.594 [CE][LootRespawner] (PRIDummy) :: Item [354] is hard to place, performance drops: "STAG_Clothing_M65_Jacket"
 3:24:18.594 [CE][LootRespawner] (PRIDummy) :: Item [355] is hard to place, performance drops: "STAG_Clothing_M65_Jacket"
 3:24:18.594 [CE][LootRespawner] (PRIDummy) :: Item [356] is hard to place, performance drops: "STAG_Clothing_M65_Jacket"
 3:24:18.594 [CE][LootRespawner] (PRIDummy) :: Item [357] is hard to place, performance drops: "STAG_Clothing_M65_Jacket"
 3:24:18.594 [CE][LootRespawner] (PRIDummy) :: Item [313] causing search overtime: "STAG_Clothing_M65_Jacket"
 3:24:18.694 [CE][LootRespawner] (PRIDummy) :: Item [314] causing search overtime: "WoolGlovesFingerless_ChristmasBlue"
 3:24:18.794 [CE][LootRespawner] (PRIDummy) :: Item [315] causing search overtime: "Sword"
 3:24:18.894 [CE][LootRespawner] (PRIDummy) :: Item [358] is hard to place, performance drops: "SA_Loot_Chest_Red"
 3:24:18.894 [CE][LootRespawner] (PRIDummy) :: Item [359] is hard to place, performance drops: "SA_Loot_Chest_Red"
 3:24:18.894 [CE][LootRespawner] (PRIDummy) :: Item [360] is hard to place, performance drops: "SA_Loot_Chest_Red"
 3:24:18.894 [CE][LootRespawner] (PRIDummy) :: Item [361] is hard to place, performance drops: "SA_Loot_Chest_Red"
 3:24:18.894 [CE][LootRespawner] (PRIDummy) :: Item [362] is hard to place, performance drops: "SA_Loot_Chest_Red"
 3:24:18.894 [CE][LootRespawner] (PRIDummy) :: Item [363] is hard to place, performance drops: "SA_Loot_Chest_Red"
 3:24:18.894 [CE][LootRespawner] (PRIDummy) :: Item [364] is hard to place, performance drops: "SA_Loot_Chest_Red"
 3:24:18.895 [CE][LootRespawner] (PRIDummy) :: Item [316] causing search overtime: "SA_Loot_Chest_Red"
 3:24:18.994 [CE][LootRespawner] (PRIDummy) :: Item [317] causing search overtime: "Chainmail_Leggings"
 3:24:19.95 [CE][LootRespawner] (PRIDummy) :: Item [318] causing search overtime: "WoolGloves_ChristmasBlue"
 3:24:19.495 [CE][LootRespawner] (PRIDummy) :: Item [319] causing search overtime: "HipPack_Party"
 3:24:19.595 [CE][LootRespawner] (PRIDummy) :: Item [320] causing search overtime: "STAG_Clothing_MountainBag"
 3:24:19.896 [CE][LootRespawner] (PRIDummy) :: Item [321] causing search overtime: "MimeMask_Female"
 3:24:19.994 [CE][LootRespawner] (PRIDummy) :: Item [322] causing search overtime: "EyeMask_Black"
 3:24:20.94 [CE][LootRespawner] (PRIDummy) :: Item [323] causing search overtime: "EyeMask_Yellow"
 3:24:20.194 !!! [CE][Spawn] Character "ZmbM_usSoldier_normal_Desert" at 6635.773438, 2227.538330
 3:24:20.195 !!! [CE][Spawn] Character "ZmbM_usSoldier_Officer_Desert" at 6703.879395, 2299.853760
 3:24:45.106 [CE][LootRespawner] (PRIDummy) :: Item [324] causing search overtime: "EyeMask_Yellow"
 3:24:45.207 [CE][LootRespawner] (PRIDummy) :: Item [325] causing search overtime: "MimeMask_Male"
 3:24:45.308 [CE][LootRespawner] (PRIDummy) :: Item [326] causing search overtime: "Chainmail_Coif"
 3:24:45.408 [CE][LootRespawner] (PRIDummy) :: Item [327] causing search overtime: "MedievalBoots"
 3:24:45.606 [CE][LootRespawner] (PRIDummy) :: Item [328] causing search overtime: "Mace"
 3:24:45.708 [CE][LootRespawner] (PRIDummy) :: Item [329] causing search overtime: "Chainmail"
 3:24:45.907 [CE][LootRespawner] (PRIDummy) :: Item [330] causing search overtime: "WoolGlovesFingerless_ChristmasRed"
 3:24:46.07 [CE][LootRespawner] (PRIDummy) :: Item [331] causing search overtime: "WoolGloves_ChristmasRed"
 3:24:46.608 [CE][LootRespawner] (PRIDummy) :: Item [332] causing search overtime: "HipPack_Party"
 3:24:46.708 [CE][LootRespawner] (PRIDummy) :: Item [333] causing search overtime: "STAG_Clothing_MountainBag"
 3:24:46.811 [CE][LootRespawner] (PRIDummy) :: Item [334] causing search overtime: "MimeMask_Female"
 3:24:46.911 [CE][LootRespawner] (PRIDummy) :: Item [335] causing search overtime: "EyeMask_Black"
 3:24:47.114 !!! [CE][Spawn] Character "ZmbM_usSoldier_normal_Woodland" at 7574.803711, 1561.662720
 3:24:47.116 !!! [CE][Spawn] Character "ZmbM_SoldierNormal" at 6805.960938, 2420.688232
 3:25:12.656 [CE][LootRespawner] (PRIDummy) :: Item [336] causing search overtime: "EyeMask_Blue"
 3:25:12.756 [CE][LootRespawner] (PRIDummy) :: Item [337] causing search overtime: "EyeMask_Red"
 3:25:12.855 [CE][LootRespawner] (PRIDummy) :: Item [338] causing search overtime: "Chestplate"
 3:25:12.956 [CE][LootRespawner] (PRIDummy) :: Item [339] causing search overtime: "GreatHelm"
 3:25:13.55 [CE][LootRespawner] (PRIDummy) :: Item [365] is hard to place, performance drops: "STAG_Clothing_M65_Jacket"
 3:25:13.56 [CE][LootRespawner] (PRIDummy) :: Item [366] is hard to place, performance drops: "STAG_Clothing_M65_Jacket"
 3:25:13.56 [CE][LootRespawner] (PRIDummy) :: Item [367] is hard to place, performance drops: "STAG_Clothing_M65_Jacket"
 3:25:13.56 [CE][LootRespawner] (PRIDummy) :: Item [368] is hard to place, performance drops: "STAG_Clothing_M65_Jacket"
 3:25:13.56 [CE][LootRespawner] (PRIDummy) :: Item [369] is hard to place, performance drops: "STAG_Clothing_M65_Jacket"
 3:25:13.56 [CE][LootRespawner] (PRIDummy) :: Item [370] is hard to place, performance drops: "STAG_Clothing_M65_Jacket"
 3:25:13.56 [CE][LootRespawner] (PRIDummy) :: Item [371] is hard to place, performance drops: "STAG_Clothing_M65_Jacket"
 3:25:13.56 [CE][LootRespawner] (PRIDummy) :: Item [372] is hard to place, performance drops: "STAG_Clothing_M65_Jacket"
 3:25:13.156 [CE][LootRespawner] (PRIDummy) :: Item [340] causing search overtime: "WoolGlovesFingerless_ChristmasBlue"
 3:25:13.256 [CE][LootRespawner] (PRIDummy) :: Item [341] causing search overtime: "Sword"
 3:25:13.356 [CE][LootRespawner] (PRIDummy) :: Item [373] is hard to place, performance drops: "SA_Loot_Chest_Red"
 3:25:13.356 [CE][LootRespawner] (PRIDummy) :: Item [374] is hard to place, performance drops: "SA_Loot_Chest_Red"
 3:25:13.356 [CE][LootRespawner] (PRIDummy) :: Item [375] is hard to place, performance drops: "SA_Loot_Chest_Red"
 3:25:13.356 [CE][LootRespawner] (PRIDummy) :: Item [376] is hard to place, performance drops: "SA_Loot_Chest_Red"
 3:25:13.356 [CE][LootRespawner] (PRIDummy) :: Item [377] is hard to place, performance drops: "SA_Loot_Chest_Red"
 3:25:13.356 [CE][LootRespawner] (PRIDummy) :: Item [378] is hard to place, performance drops: "SA_Loot_Chest_Red"
 3:25:13.356 [CE][LootRespawner] (PRIDummy) :: Item [379] is hard to place, performance drops: "SA_Loot_Chest_Red"
 3:25:13.356 [CE][LootRespawner] (PRIDummy) :: Item [342] causing search overtime: "SA_Loot_Chest_Red"
 3:25:13.458 [CE][LootRespawner] (PRIDummy) :: Item [343] causing search overtime: "Chainmail_Leggings"
 3:25:13.556 [CE][LootRespawner] (PRIDummy) :: Item [344] causing search overtime: "WoolGloves_ChristmasBlue"
 3:25:14.60 [CE][LootRespawner] (PRIDummy) :: Item [345] causing search overtime: "HipPack_Party"
 3:25:14.160 [CE][LootRespawner] (PRIDummy) :: Item [346] causing search overtime: "STAG_Clothing_MountainBag"
 3:25:14.259 [CE][LootRespawner] (PRIDummy) :: Item [347] causing search overtime: "MimeMask_Female"
 3:25:14.359 [CE][LootRespawner] (PRIDummy) :: Item [348] causing search overtime: "EyeMask_Black"
 3:25:14.460 [CE][LootRespawner] (PRIDummy) :: Item [349] causing search overtime: "EyeMask_Yellow"
 3:25:14.559 [CE][LootRespawner] (PRIDummy) :: Item [350] causing search overtime: "MimeMask_Male"
 3:25:14.662 !!! [CE][Spawn] Character "ZmbM_usSoldier_Officer_Desert" at 7466.212891, 1566.821289
 3:25:14.663 !!! [CE][Spawn] Character "ZmbM_SoldierNormal" at 6265.482422, 4056.543945
 3:25:14.663 !!! [CE][Spawn] Character "ZmbM_usSoldier_normal_Woodland" at 6316.940918, 4049.327393
 3:25:14.663 !!! [CE][Spawn] Character "ZmbM_usSoldier_normal_Woodland" at 6318.710938, 4034.132324
 3:25:14.664 !!! [CE][Spawn] Character "ZmbM_usSoldier_normal_Woodland" at 6323.692383, 3997.229492
 3:25:14.666 !!! [CE][Spawn] Character "ZmbM_PatrolNormal_Summer" at 6282.442383, 3995.829590
 3:25:14.667 !!! [CE][Spawn] Character "ZmbM_PatrolNormal_Autumn" at 6268.050781, 4031.139404
 3:25:14.668 !!! [CE][Spawn] Character "ZmbM_usSoldier_Heavy_Woodland" at 6286.329590, 4054.494873
 3:25:14.669 !!! [CE][Spawn] Character "ZmbM_usSoldier_Heavy_Woodland" at 6310.681641, 4076.889893
 3:25:14.671 !!! [CE][Spawn] Character "ZmbM_usSoldier_Heavy_Woodland" at 6930.117188, 2302.205811
 3:25:14.671 !!! [CE][Spawn] Character "ZmbM_PatrolNormal_Flat" at 6863.278809, 2166.785645
 3:25:14.673 !!! [CE][Spawn] Character "ZmbM_PatrolNormal_Flat" at 6765.935547, 2087.926758
 3:25:14.759 !!! [CE][Spawn] Character "ZmbM_PolicemanSpecForce_Heavy" at 6479.586914, 3790.273682
 3:25:14.760 !!! [CE][Spawn] Character "ZmbM_PolicemanSpecForce_Heavy" at 6506.489746, 3810.038086
 3:25:14.762 !!! [CE][Spawn] Character "ZmbM_PrisonerSkinny" at 6534.873535, 3803.736328
 3:25:39.720 [CE][LootRespawner] (PRIDummy) :: Item [351] causing search overtime: "MimeMask_Male"
 3:25:39.920 [CE][LootRespawner] (PRIDummy) :: Item [380] is hard to place, performance drops: "FOG_MTF_Shirt_RG"
 3:25:39.920 [CE][LootRespawner] (PRIDummy) :: Item [381] is hard to place, performance drops: "FOG_MTF_Shirt_RG"
 3:25:39.920 [CE][LootRespawner] (PRIDummy) :: Item [382] is hard to place, performance drops: "FOG_MTF_Shirt_RG"
 3:25:40.25 [CE][LootRespawner] (PRIDummy) :: Item [352] causing search overtime: "Chainmail_Coif"
 3:25:40.124 [CE][LootRespawner] (PRIDummy) :: Item [353] causing search overtime: "MedievalBoots"
 3:25:40.224 [CE][LootRespawner] (PRIDummy) :: Item [383] is hard to place, performance drops: "FOG_Tactical_Fleece_Black"
 3:25:40.324 [CE][LootRespawner] (PRIDummy) :: Item [384] is hard to place, performance drops: "FOG_Tactical_Fleece_Arctic"
 3:25:40.424 [CE][LootRespawner] (PRIDummy) :: Item [385] is hard to place, performance drops: "FOG_MTF_Shirt_ERDL"
 3:25:40.424 [CE][LootRespawner] (PRIDummy) :: Item [386] is hard to place, performance drops: "FOG_MTF_Shirt_ERDL"
 3:25:40.424 [CE][LootRespawner] (PRIDummy) :: Item [387] is hard to place, performance drops: "FOG_MTF_Shirt_ERDL"
 3:25:40.524 [CE][LootRespawner] (PRIDummy) :: Item [388] is hard to place, performance drops: "FOG_MTF_Shirt_Grey"
 3:25:40.524 [CE][LootRespawner] (PRIDummy) :: Item [389] is hard to place, performance drops: "FOG_MTF_Shirt_Grey"
 3:25:40.524 [CE][LootRespawner] (PRIDummy) :: Item [390] is hard to place, performance drops: "FOG_MTF_Shirt_Grey"
 3:25:40.524 [CE][LootRespawner] (PRIDummy) :: Item [391] is hard to place, performance drops: "FOG_MTF_Shirt_Grey"
 3:25:40.524 [CE][LootRespawner] (PRIDummy) :: Item [392] is hard to place, performance drops: "FOG_MTF_Shirt_Grey"
 3:25:40.524 [CE][LootRespawner] (PRIDummy) :: Item [393] is hard to place, performance drops: "FOG_MTF_Shirt_Grey"
 3:25:40.623 [CE][LootRespawner] (PRIDummy) :: Item [354] causing search overtime: "Mace"
 3:25:40.723 [CE][LootRespawner] (PRIDummy) :: Item [355] causing search overtime: "Chainmail"
 3:25:40.824 [CE][LootRespawner] (PRIDummy) :: Item [356] causing search overtime: "WoolGlovesFingerless_ChristmasRed"
 3:25:40.924 [CE][LootRespawner] (PRIDummy) :: Item [357] causing search overtime: "WoolGloves_ChristmasRed"
 3:25:41.524 [CE][LootRespawner] (PRIDummy) :: Item [394] is hard to place, performance drops: "FOG_Tactical_Fleece_RG"
 3:25:41.524 [CE][LootRespawner] (PRIDummy) :: Item [395] is hard to place, performance drops: "FOG_Tactical_Fleece_RG"
 3:25:41.726 !!! [CE][Spawn] Character "ZmbM_usSoldier_Officer_Desert" at 7614.096680, 1615.478149
 3:25:41.727 !!! [CE][Spawn] Character "ZmbM_PatrolNormal_Summer" at 6624.578125, 2125.791992
 3:25:41.729 !!! [CE][Spawn] Character "ZmbM_usSoldier_Officer_Desert" at 6630.531738, 2267.802979
 3:25:41.730 !!! [CE][Spawn] Character "ZmbM_usSoldier_Officer_Desert" at 6695.739258, 2392.229248
 3:25:41.731 !!! [CE][Spawn] Character "ZmbM_PatrolNormal_PautRev" at 6818.180664, 2329.621094
 3:25:41.732 !!! [CE][Spawn] Character "ZmbM_PatrolNormal_Summer" at 6854.927734, 2240.376709
 3:25:41.734 !!! [CE][Spawn] Character "ZmbM_PatrolNormal_PautRev" at 6846.225098, 2126.266357
 3:26:06.947 [CE][LootRespawner] (PRIDummy) :: Item [396] is hard to place, performance drops: "FOG_MTF_Shirt_MCB"
 3:26:07.249 [CE][LootRespawner] (PRIDummy) :: Item [358] causing search overtime: "HipPack_Party"
 3:26:07.348 [CE][LootRespawner] (PRIDummy) :: Item [359] causing search overtime: "STAG_Clothing_MountainBag"
 3:26:07.454 [CE][LootRespawner] (PRIDummy) :: Item [360] causing search overtime: "MimeMask_Female"
 3:26:07.553 [CE][LootRespawner] (PRIDummy) :: Item [361] causing search overtime: "EyeMask_Black"
 3:26:07.654 [CE][LootRespawner] (PRIDummy) :: Item [362] causing search overtime: "EyeMask_Yellow"
 3:26:07.754 [CE][LootRespawner] (PRIDummy) :: Item [363] causing search overtime: "MimeMask_Male"
 3:26:07.854 [CE][LootRespawner] (PRIDummy) :: Item [364] causing search overtime: "EyeMask_Blue"
 3:26:07.953 [CE][LootRespawner] (PRIDummy) :: Item [365] causing search overtime: "EyeMask_Red"
 3:26:08.53 [CE][LootRespawner] (PRIDummy) :: Item [366] causing search overtime: "Chestplate"
 3:26:08.153 [CE][LootRespawner] (PRIDummy) :: Item [367] causing search overtime: "GreatHelm"
 3:26:08.353 [CE][LootRespawner] (PRIDummy) :: Item [368] causing search overtime: "WoolGlovesFingerless_ChristmasBlue"
 3:26:08.454 [CE][LootRespawner] (PRIDummy) :: Item [369] causing search overtime: "Sword"
 3:26:08.553 [CE][LootRespawner] (PRIDummy) :: Item [397] is hard to place, performance drops: "SA_Loot_Chest_Red"
 3:26:08.553 [CE][LootRespawner] (PRIDummy) :: Item [398] is hard to place, performance drops: "SA_Loot_Chest_Red"
 3:26:08.553 [CE][LootRespawner] (PRIDummy) :: Item [399] is hard to place, performance drops: "SA_Loot_Chest_Red"
 3:26:08.553 [CE][LootRespawner] (PRIDummy) :: Item [400] is hard to place, performance drops: "SA_Loot_Chest_Red"
 3:26:08.553 [CE][LootRespawner] (PRIDummy) :: Item [401] is hard to place, performance drops: "SA_Loot_Chest_Red"
 3:26:08.553 [CE][LootRespawner] (PRIDummy) :: Item [402] is hard to place, performance drops: "SA_Loot_Chest_Red"
 3:26:08.553 [CE][LootRespawner] (PRIDummy) :: Item [403] is hard to place, performance drops: "SA_Loot_Chest_Red"
 3:26:08.553 [CE][LootRespawner] (PRIDummy) :: Item [370] causing search overtime: "SA_Loot_Chest_Red"
 3:26:08.654 [CE][LootRespawner] (PRIDummy) :: Item [371] causing search overtime: "Chainmail_Leggings"
 3:26:08.753 [CE][LootRespawner] (PRIDummy) :: Item [372] causing search overtime: "WoolGloves_ChristmasBlue"
 3:26:08.854 !!! [CE][Spawn] Character "ZmbM_SoldierNormal" at 6707.013672, 2042.107666
 3:26:08.953 !!! [CE][Spawn] Character "ZmbM_PrisonerSkinny" at 7805.041504, 2276.407959
 3:26:34.54 [CE][LootRespawner] (PRIDummy) :: Item [373] causing search overtime: "WoolGloves_ChristmasBlue"
 3:26:34.154 [CE][LootRespawner] (PRIDummy) :: Item [404] is hard to place, performance drops: "STAG_Clothing_Boots"
 3:26:34.154 [CE][LootRespawner] (PRIDummy) :: Item [405] is hard to place, performance drops: "STAG_Clothing_Boots"
 3:26:34.154 [CE][LootRespawner] (PRIDummy) :: Item [406] is hard to place, performance drops: "STAG_Clothing_Boots"
 3:26:34.155 [CE][LootRespawner] (PRIDummy) :: Item [407] is hard to place, performance drops: "STAG_Clothing_Boots"
 3:26:34.155 [CE][LootRespawner] (PRIDummy) :: Item [408] is hard to place, performance drops: "STAG_Clothing_Boots"
 3:26:34.155 [CE][LootRespawner] (PRIDummy) :: Item [409] is hard to place, performance drops: "STAG_Clothing_Boots"
 3:26:34.155 [CE][LootRespawner] (PRIDummy) :: Item [410] is hard to place, performance drops: "STAG_Clothing_Boots"
 3:26:34.155 [CE][LootRespawner] (PRIDummy) :: Item [411] is hard to place, performance drops: "STAG_Clothing_Boots"
 3:26:34.155 [CE][LootRespawner] (PRIDummy) :: Item [412] is hard to place, performance drops: "STAG_Clothing_Boots"
 3:26:34.155 [CE][LootRespawner] (PRIDummy) :: Item [374] causing search overtime: "STAG_Clothing_Boots"
 3:26:34.254 [CE][LootRespawner] (PRIDummy) :: Item [375] causing search overtime: "Chainmail_Coif"
 3:26:34.354 [CE][LootRespawner] (PRIDummy) :: Item [376] causing search overtime: "MedievalBoots"
 3:26:34.454 [CE][LootRespawner] (PRIDummy) :: Item [377] causing search overtime: "Mace"
 3:26:34.554 [CE][LootRespawner] (PRIDummy) :: Item [378] causing search overtime: "Chainmail"
 3:26:34.754 [CE][LootRespawner] (PRIDummy) :: Item [379] causing search overtime: "WoolGlovesFingerless_ChristmasRed"
 3:26:34.855 [CE][LootRespawner] (PRIDummy) :: Item [380] causing search overtime: "WoolGloves_ChristmasRed"
 3:26:34.954 [CE][LootRespawner] (PRIDummy) :: Item [413] is hard to place, performance drops: "STAG_Clothing_M65_Jacket"
 3:26:34.954 [CE][LootRespawner] (PRIDummy) :: Item [414] is hard to place, performance drops: "STAG_Clothing_M65_Jacket"
 3:26:34.954 [CE][LootRespawner] (PRIDummy) :: Item [415] is hard to place, performance drops: "STAG_Clothing_M65_Jacket"
 3:26:34.954 [CE][LootRespawner] (PRIDummy) :: Item [416] is hard to place, performance drops: "STAG_Clothing_M65_Jacket"
 3:26:34.954 [CE][LootRespawner] (PRIDummy) :: Item [417] is hard to place, performance drops: "STAG_Clothing_M65_Jacket"
 3:26:34.954 [CE][LootRespawner] (PRIDummy) :: Item [418] is hard to place, performance drops: "STAG_Clothing_M65_Jacket"
 3:26:34.954 [CE][LootRespawner] (PRIDummy) :: Item [419] is hard to place, performance drops: "STAG_Clothing_M65_Jacket"
 3:26:34.954 [CE][LootRespawner] (PRIDummy) :: Item [420] is hard to place, performance drops: "STAG_Clothing_M65_Jacket"
 3:26:34.954 [CE][LootRespawner] (PRIDummy) :: Item [381] causing search overtime: "STAG_Clothing_M65_Jacket"
 3:26:35.454 [CE][LootRespawner] (PRIDummy) :: Item [382] causing search overtime: "HipPack_Party"
 3:26:35.554 [CE][LootRespawner] (PRIDummy) :: Item [383] causing search overtime: "STAG_Clothing_MountainBag"
 3:26:35.654 [CE][LootRespawner] (PRIDummy) :: Item [384] causing search overtime: "MimeMask_Female"
 3:26:35.754 [CE][LootRespawner] (PRIDummy) :: Item [385] causing search overtime: "EyeMask_Black"
 3:26:35.854 [CE][LootRespawner] (PRIDummy) :: Item [386] causing search overtime: "EyeMask_Yellow"
 3:26:35.957 !!! [CE][Spawn] Character "ZmbM_PatrolNormal_Summer" at 7664.381836, 1612.746094
 3:26:35.958 !!! [CE][Spawn] Character "ZmbM_HandymanNormal_Blue" at 2598.440918, 4304.546875
 3:26:35.959 !!! [CE][Spawn] Character "ZmbM_OffshoreWorker_Orange" at 2681.365723, 4343.169434
 3:26:35.960 !!! [CE][Spawn] Character "ZmbM_HandymanNormal_Grey" at 2690.384033, 4186.635742
 3:26:35.961 !!! [CE][Spawn] Character "ZmbF_MechanicNormal_Beige" at 2590.184570, 4227.516602
 3:26:35.962 !!! [CE][Spawn] Character "ZmbF_BlueCollarFat_White" at 2612.154541, 4336.891113
 3:26:35.964 !!! [CE][Spawn] Character "ZmbF_MechanicNormal_Grey" at 2673.322021, 4218.135742
 3:26:35.965 !!! [CE][Spawn] Character "ZmbM_OffshoreWorker_Orange" at 2576.889893, 4266.784180
 3:26:35.967 !!! [CE][Spawn] Character "ZmbM_HunterOld_Summer" at 2998.774414, 4221.858398
 3:26:35.969 !!! [CE][Spawn] Character "ZmbF_HikerSkinny_Blue" at 3167.820801, 4134.258301
 3:26:35.969 !!! [CE][Spawn] Character "ZmbF_HikerSkinny_Blue" at 3190.009033, 3977.051758
 3:26:35.970 !!! [CE][Spawn] Character "ZmbM_HermitSkinny_Red" at 3135.793945, 3808.500977
 3:26:35.972 !!! [CE][Spawn] Character "ZmbM_HermitSkinny_Beige" at 2977.068115, 3881.672119
 3:26:35.973 !!! [CE][Spawn] Character "ZmbM_HunterOld_Autumn" at 2949.214844, 3985.438232
 3:26:35.975 !!! [CE][Spawn] Character "ZmbM_FishermanOld_Blue" at 2963.735596, 4070.952393
 3:26:35.976 !!! [CE][Spawn] Character "ZmbM_HunterOld_Summer" at 3047.691406, 4078.462891
 3:26:35.978 !!! [CE][Spawn] Character "ZmbM_HunterOld_Summer" at 3210.636230, 4091.006348
 3:26:35.978 !!! [CE][Spawn] Character "ZmbM_HermitSkinny_Beige" at 3235.687500, 3900.547852
 3:26:35.980 !!! [CE][Spawn] Character "ZmbM_HikerSkinny_Yellow" at 3058.196289, 3867.712891
 3:27:00.953 [CE][LootRespawner] (PRIDummy) :: Item [387] causing search overtime: "EyeMask_Yellow"
 3:27:01.53 [CE][LootRespawner] (PRIDummy) :: Item [388] causing search overtime: "MimeMask_Male"
 3:27:01.152 [CE][LootRespawner] (PRIDummy) :: Item [389] causing search overtime: "EyeMask_Blue"
 3:27:01.254 [CE][LootRespawner] (PRIDummy) :: Item [390] causing search overtime: "EyeMask_Red"
 3:27:01.353 [CE][LootRespawner] (PRIDummy) :: Item [391] causing search overtime: "Chestplate"
 3:27:01.453 [CE][LootRespawner] (PRIDummy) :: Item [392] causing search overtime: "GreatHelm"
 3:27:01.552 [CE][LootRespawner] (PRIDummy) :: Item [393] causing search overtime: "WoolGlovesFingerless_ChristmasBlue"
 3:27:01.652 [CE][LootRespawner] (PRIDummy) :: Item [394] causing search overtime: "Sword"
 3:27:01.752 [CE][LootRespawner] (PRIDummy) :: Item [421] is hard to place, performance drops: "SA_Loot_Chest_Red"
 3:27:01.752 [CE][LootRespawner] (PRIDummy) :: Item [422] is hard to place, performance drops: "SA_Loot_Chest_Red"
 3:27:01.752 [CE][LootRespawner] (PRIDummy) :: Item [423] is hard to place, performance drops: "SA_Loot_Chest_Red"
 3:27:01.752 [CE][LootRespawner] (PRIDummy) :: Item [424] is hard to place, performance drops: "SA_Loot_Chest_Red"
 3:27:01.752 [CE][LootRespawner] (PRIDummy) :: Item [425] is hard to place, performance drops: "SA_Loot_Chest_Red"
 3:27:01.752 [CE][LootRespawner] (PRIDummy) :: Item [426] is hard to place, performance drops: "SA_Loot_Chest_Red"
 3:27:01.752 [CE][LootRespawner] (PRIDummy) :: Item [427] is hard to place, performance drops: "SA_Loot_Chest_Red"
 3:27:01.752 [CE][LootRespawner] (PRIDummy) :: Item [395] causing search overtime: "SA_Loot_Chest_Red"
 3:27:01.853 [CE][LootRespawner] (PRIDummy) :: Item [396] causing search overtime: "Chainmail_Leggings"
 3:27:02.353 [CE][LootRespawner] (PRIDummy) :: Item [397] causing search overtime: "HipPack_Party"
 3:27:02.453 [CE][LootRespawner] (PRIDummy) :: Item [398] causing search overtime: "STAG_Clothing_MountainBag"
 3:27:02.553 [CE][LootRespawner] (PRIDummy) :: Item [399] causing search overtime: "MimeMask_Female"
 3:27:02.652 [CE][LootRespawner] (PRIDummy) :: Item [400] causing search overtime: "EyeMask_Black"
 3:27:02.753 [CE][LootRespawner] (PRIDummy) :: Item [401] causing search overtime: "WoolGloves_ChristmasBlue"
 3:27:02.852 [CE][LootRespawner] (PRIDummy) :: Item [402] causing search overtime: "Chainmail_Coif"
 3:27:02.954 !!! [CE][Spawn] Character "ZmbM_usSoldier_Officer_Desert" at 6586.297852, 2167.792480
 3:27:29.420 [CE][LootRespawner] (PRIDummy) :: Item [428] is hard to place, performance drops: "STAG_Clothing_Boots"
 3:27:29.421 [CE][LootRespawner] (PRIDummy) :: Item [429] is hard to place, performance drops: "STAG_Clothing_Boots"
 3:27:29.421 [CE][LootRespawner] (PRIDummy) :: Item [430] is hard to place, performance drops: "STAG_Clothing_Boots"
 3:27:29.421 [CE][LootRespawner] (PRIDummy) :: Item [431] is hard to place, performance drops: "STAG_Clothing_Boots"
 3:27:29.421 [CE][LootRespawner] (PRIDummy) :: Item [432] is hard to place, performance drops: "STAG_Clothing_Boots"
 3:27:29.421 [CE][LootRespawner] (PRIDummy) :: Item [433] is hard to place, performance drops: "STAG_Clothing_Boots"
 3:27:29.421 [CE][LootRespawner] (PRIDummy) :: Item [434] is hard to place, performance drops: "STAG_Clothing_Boots"
 3:27:29.421 [CE][LootRespawner] (PRIDummy) :: Item [435] is hard to place, performance drops: "STAG_Clothing_Boots"
 3:27:29.421 [CE][LootRespawner] (PRIDummy) :: Item [403] causing search overtime: "STAG_Clothing_Boots"
 3:27:29.523 [CE][LootRespawner] (PRIDummy) :: Item [404] causing search overtime: "Chainmail_Coif"
 3:27:29.619 [CE][LootRespawner] (PRIDummy) :: Item [405] causing search overtime: "MedievalBoots"
 3:27:29.721 [CE][LootRespawner] (PRIDummy) :: Item [406] causing search overtime: "Mace"
 3:27:29.825 [CE][LootRespawner] (PRIDummy) :: Item [407] causing search overtime: "Chainmail"
 3:27:29.923 [CE][LootRespawner] (PRIDummy) :: Item [408] causing search overtime: "WoolGlovesFingerless_ChristmasRed"
 3:27:30.21 [CE][LootRespawner] (PRIDummy) :: Item [409] causing search overtime: "WoolGloves_ChristmasRed"
 3:27:30.120 [CE][LootRespawner] (PRIDummy) :: Item [436] is hard to place, performance drops: "STAG_Clothing_M65_Jacket"
 3:27:30.120 [CE][LootRespawner] (PRIDummy) :: Item [437] is hard to place, performance drops: "STAG_Clothing_M65_Jacket"
 3:27:30.120 [CE][LootRespawner] (PRIDummy) :: Item [438] is hard to place, performance drops: "STAG_Clothing_M65_Jacket"
 3:27:30.120 [CE][LootRespawner] (PRIDummy) :: Item [439] is hard to place, performance drops: "STAG_Clothing_M65_Jacket"
 3:27:30.120 [CE][LootRespawner] (PRIDummy) :: Item [440] is hard to place, performance drops: "STAG_Clothing_M65_Jacket"
 3:27:30.120 [CE][LootRespawner] (PRIDummy) :: Item [441] is hard to place, performance drops: "STAG_Clothing_M65_Jacket"
 3:27:30.120 [CE][LootRespawner] (PRIDummy) :: Item [442] is hard to place, performance drops: "STAG_Clothing_M65_Jacket"
 3:27:30.120 [CE][LootRespawner] (PRIDummy) :: Item [410] causing search overtime: "STAG_Clothing_M65_Jacket"
 3:27:30.823 [CE][LootRespawner] (PRIDummy) :: Item [411] causing search overtime: "HipPack_Party"
 3:27:30.922 [CE][LootRespawner] (PRIDummy) :: Item [412] causing search overtime: "STAG_Clothing_MountainBag"
 3:27:31.22 [CE][LootRespawner] (PRIDummy) :: Item [413] causing search overtime: "MimeMask_Female"
 3:27:31.123 [CE][LootRespawner] (PRIDummy) :: Item [414] causing search overtime: "EyeMask_Black"
 3:27:31.223 [CE][LootRespawner] (PRIDummy) :: Item [415] causing search overtime: "EyeMask_Yellow"
 3:27:31.322 [CE][LootRespawner] (PRIDummy) :: Item [416] causing search overtime: "MimeMask_Male"
 3:27:32.453 !!! [CE][Point] Removing 3009.707031, 1288.469482 from PiceaAbies_2d
 3:27:32.453 !!! [CE][Point] Removing 3001.446045, 1286.576416 from PiceaAbies_2d
 3:27:57.47 [CE][LootRespawner] (PRIDummy) :: Item [417] causing search overtime: "MimeMask_Male"
 3:27:57.146 [CE][LootRespawner] (PRIDummy) :: Item [418] causing search overtime: "EyeMask_Blue"
 3:27:57.248 [CE][LootRespawner] (PRIDummy) :: Item [419] causing search overtime: "EyeMask_Red"
 3:27:57.449 [CE][LootRespawner] (PRIDummy) :: Item [420] causing search overtime: "Chestplate"
 3:27:57.550 [CE][LootRespawner] (PRIDummy) :: Item [421] causing search overtime: "GreatHelm"
 3:27:57.650 [CE][LootRespawner] (PRIDummy) :: Item [422] causing search overtime: "WoolGlovesFingerless_ChristmasBlue"
 3:27:57.750 [CE][LootRespawner] (PRIDummy) :: Item [423] causing search overtime: "Sword"
 3:27:57.850 [CE][LootRespawner] (PRIDummy) :: Item [443] is hard to place, performance drops: "SA_Loot_Chest_Red"
 3:27:57.850 [CE][LootRespawner] (PRIDummy) :: Item [444] is hard to place, performance drops: "SA_Loot_Chest_Red"
 3:27:57.850 [CE][LootRespawner] (PRIDummy) :: Item [445] is hard to place, performance drops: "SA_Loot_Chest_Red"
 3:27:57.850 [CE][LootRespawner] (PRIDummy) :: Item [446] is hard to place, performance drops: "SA_Loot_Chest_Red"
 3:27:57.850 [CE][LootRespawner] (PRIDummy) :: Item [447] is hard to place, performance drops: "SA_Loot_Chest_Red"
 3:27:57.850 [CE][LootRespawner] (PRIDummy) :: Item [448] is hard to place, performance drops: "SA_Loot_Chest_Red"
 3:27:57.850 [CE][LootRespawner] (PRIDummy) :: Item [449] is hard to place, performance drops: "SA_Loot_Chest_Red"
 3:27:57.850 [CE][LootRespawner] (PRIDummy) :: Item [424] causing search overtime: "SA_Loot_Chest_Red"
 3:27:57.952 [CE][LootRespawner] (PRIDummy) :: Item [425] causing search overtime: "Chainmail_Leggings"
 3:27:58.52 [CE][LootRespawner] (PRIDummy) :: Item [426] causing search overtime: "WoolGloves_ChristmasBlue"
 3:27:58.252 [CE][LootRespawner] (PRIDummy) :: Item [450] is hard to place, performance drops: "FOG_Crye_G3_Shirt_MCA"
 3:27:58.252 [CE][LootRespawner] (PRIDummy) :: Item [451] is hard to place, performance drops: "FOG_Crye_G3_Shirt_MCA"
 3:27:58.252 [CE][LootRespawner] (PRIDummy) :: Item [452] is hard to place, performance drops: "FOG_Crye_G3_Shirt_MCA"
 3:27:58.252 [CE][LootRespawner] (PRIDummy) :: Item [453] is hard to place, performance drops: "FOG_Crye_G3_Shirt_MCA"
 3:27:58.252 [CE][LootRespawner] (PRIDummy) :: Item [454] is hard to place, performance drops: "FOG_Crye_G3_Shirt_MCA"
 3:27:58.252 [CE][LootRespawner] (PRIDummy) :: Item [455] is hard to place, performance drops: "FOG_Crye_G3_Shirt_MCA"
 3:27:58.252 [CE][LootRespawner] (PRIDummy) :: Item [456] is hard to place, performance drops: "FOG_Crye_G3_Shirt_MCA"
 3:27:58.252 [CE][LootRespawner] (PRIDummy) :: Item [457] is hard to place, performance drops: "FOG_Crye_G3_Shirt_MCA"
 3:27:58.252 [CE][LootRespawner] (PRIDummy) :: Item [427] causing search overtime: "FOG_Crye_G3_Shirt_MCA"
 3:27:58.355 [CE][LootRespawner] (PRIDummy) :: Item [428] causing search overtime: "FOG_Bag_6ShBagT_Green"
 3:27:58.653 [CE][LootRespawner] (PRIDummy) :: Item [429] causing search overtime: "HipPack_Party"
 3:27:58.753 [CE][LootRespawner] (PRIDummy) :: Item [430] causing search overtime: "STAG_Clothing_MountainBag"
 3:27:58.854 [CE][LootRespawner] (PRIDummy) :: Item [431] causing search overtime: "MimeMask_Female"
 3:27:58.954 !!! [CE][Spawn] Character "ZmbM_PatrolNormal_PautRev" at 7716.595703, 1596.609253
 3:28:24.283 [CE][LootRespawner] (PRIDummy) :: Item [432] causing search overtime: "MimeMask_Female"
 3:28:24.379 [CE][LootRespawner] (PRIDummy) :: Item [433] causing search overtime: "EyeMask_Black"
 3:28:24.479 [CE][LootRespawner] (PRIDummy) :: Item [434] causing search overtime: "EyeMask_Yellow"
 3:28:24.684 [CE][LootRespawner] (PRIDummy) :: Item [435] causing search overtime: "Chainmail_Coif"
 3:28:24.791 [CE][LootRespawner] (PRIDummy) :: Item [436] causing search overtime: "MedievalBoots"
 3:28:24.891 [CE][LootRespawner] (PRIDummy) :: Item [437] causing search overtime: "Mace"
 3:28:24.987 [CE][LootRespawner] (PRIDummy) :: Item [438] causing search overtime: "Chainmail"
 3:28:25.88 [CE][LootRespawner] (PRIDummy) :: Item [439] causing search overtime: "WoolGlovesFingerless_ChristmasRed"
 3:28:25.190 [CE][LootRespawner] (PRIDummy) :: Item [440] causing search overtime: "WoolGloves_ChristmasRed"
 3:28:25.288 [CE][LootRespawner] (PRIDummy) :: Item [458] is hard to place, performance drops: "STAG_Clothing_M65_Jacket"
 3:28:25.288 [CE][LootRespawner] (PRIDummy) :: Item [459] is hard to place, performance drops: "STAG_Clothing_M65_Jacket"
 3:28:25.288 [CE][LootRespawner] (PRIDummy) :: Item [460] is hard to place, performance drops: "STAG_Clothing_M65_Jacket"
 3:28:25.288 [CE][LootRespawner] (PRIDummy) :: Item [461] is hard to place, performance drops: "STAG_Clothing_M65_Jacket"
 3:28:25.288 [CE][LootRespawner] (PRIDummy) :: Item [462] is hard to place, performance drops: "STAG_Clothing_M65_Jacket"
 3:28:25.288 [CE][LootRespawner] (PRIDummy) :: Item [463] is hard to place, performance drops: "STAG_Clothing_M65_Jacket"
 3:28:25.288 [CE][LootRespawner] (PRIDummy) :: Item [464] is hard to place, performance drops: "STAG_Clothing_M65_Jacket"
 3:28:25.288 [CE][LootRespawner] (PRIDummy) :: Item [441] causing search overtime: "STAG_Clothing_M65_Jacket"
 3:28:25.389 [CE][LootRespawner] (PRIDummy) :: Item [465] is hard to place, performance drops: "FOG_Pouch_Mag_TEAR_MCB"
 3:28:25.389 [CE][LootRespawner] (PRIDummy) :: Item [466] is hard to place, performance drops: "FOG_Pouch_Mag_TEAR_MCB"
 3:28:25.389 [CE][LootRespawner] (PRIDummy) :: Item [467] is hard to place, performance drops: "FOG_Pouch_Mag_TEAR_MCB"
 3:28:25.389 [CE][LootRespawner] (PRIDummy) :: Item [468] is hard to place, performance drops: "FOG_Pouch_Mag_TEAR_MCB"
 3:28:25.588 [CE][LootRespawner] (PRIDummy) :: Item [469] is hard to place, performance drops: "STAG_Clothing_Boots"
 3:28:25.588 [CE][LootRespawner] (PRIDummy) :: Item [470] is hard to place, performance drops: "STAG_Clothing_Boots"
 3:28:25.588 [CE][LootRespawner] (PRIDummy) :: Item [471] is hard to place, performance drops: "STAG_Clothing_Boots"
 3:28:25.588 [CE][LootRespawner] (PRIDummy) :: Item [472] is hard to place, performance drops: "STAG_Clothing_Boots"
 3:28:25.588 [CE][LootRespawner] (PRIDummy) :: Item [473] is hard to place, performance drops: "STAG_Clothing_Boots"
 3:28:25.588 [CE][LootRespawner] (PRIDummy) :: Item [474] is hard to place, performance drops: "STAG_Clothing_Boots"
 3:28:25.588 [CE][LootRespawner] (PRIDummy) :: Item [475] is hard to place, performance drops: "STAG_Clothing_Boots"
 3:28:25.588 [CE][LootRespawner] (PRIDummy) :: Item [476] is hard to place, performance drops: "STAG_Clothing_Boots"
 3:28:25.588 [CE][LootRespawner] (PRIDummy) :: Item [442] causing search overtime: "STAG_Clothing_Boots"
 3:28:25.939 [CE][LootRespawner] (PRIDummy) :: Item [443] causing search overtime: "HipPack_Party"
 3:28:26.50 [CE][LootRespawner] (PRIDummy) :: Item [444] causing search overtime: "STAG_Clothing_MountainBag"
 3:28:26.140 [CE][LootRespawner] (PRIDummy) :: Item [445] causing search overtime: "MimeMask_Male"
 3:28:26.241 [CE][LootRespawner] (PRIDummy) :: Item [446] causing search overtime: "EyeMask_Blue"
 3:28:26.342 !!! [CE][Spawn] Character "ZmbM_usSoldier_Heavy_Woodland" at 7522.097656, 1530.472900
 3:28:26.344 !!! [CE][Spawn] Character "ZmbM_PatrolNormal_Flat" at 7533.600098, 1459.407471
 3:28:26.346 !!! [CE][Spawn] Character "ZmbM_usSoldier_Heavy_Woodland" at 7471.439941, 1424.617554
 3:28:26.347 !!! [CE][Spawn] Character "ZmbM_SoldierNormal" at 7430.740234, 1465.375610
 3:28:26.349 !!! [CE][Spawn] Character "ZmbM_usSoldier_Heavy_Woodland" at 7408.889648, 1500.192993
 3:28:26.351 !!! [CE][Spawn] Character "ZmbM_PatrolNormal_Summer" at 7442.472656, 1521.369751
 3:28:26.351 !!! [CE][Spawn] Character "ZmbM_usSoldier_normal_Woodland" at 7478.090820, 1538.782715
 3:28:26.352 !!! [CE][Spawn] Character "ZmbM_SoldierNormal" at 7681.441895, 1554.086548
 3:28:26.353 !!! [CE][Spawn] Character "ZmbM_PatrolNormal_Flat" at 6675.406738, 2287.153809
 3:28:26.747 !!! [CE][Point] Removing 3009.002930, 1286.560303 from PiceaAbies_2d
 3:28:26.747 !!! [CE][Point] Removing 3001.446045, 1286.576416 from PiceaAbies_2d
 3:28:51.362 [CE][LootRespawner] (PRIDummy) :: Item [447] causing search overtime: "EyeMask_Blue"
 3:28:51.460 [CE][LootRespawner] (PRIDummy) :: Item [448] causing search overtime: "EyeMask_Red"
 3:28:51.560 [CE][LootRespawner] (PRIDummy) :: Item [449] causing search overtime: "Chestplate"
 3:28:51.661 [CE][LootRespawner] (PRIDummy) :: Item [450] causing search overtime: "GreatHelm"
 3:28:51.759 [CE][LootRespawner] (PRIDummy) :: Item [451] causing search overtime: "WoolGlovesFingerless_ChristmasBlue"
 3:28:51.862 [CE][LootRespawner] (PRIDummy) :: Item [452] causing search overtime: "Sword"
 3:28:51.960 [CE][LootRespawner] (PRIDummy) :: Item [477] is hard to place, performance drops: "SA_Loot_Chest_Red"
 3:28:51.960 [CE][LootRespawner] (PRIDummy) :: Item [478] is hard to place, performance drops: "SA_Loot_Chest_Red"
 3:28:51.960 [CE][LootRespawner] (PRIDummy) :: Item [479] is hard to place, performance drops: "SA_Loot_Chest_Red"
 3:28:51.960 [CE][LootRespawner] (PRIDummy) :: Item [480] is hard to place, performance drops: "SA_Loot_Chest_Red"
 3:28:51.960 [CE][LootRespawner] (PRIDummy) :: Item [481] is hard to place, performance drops: "SA_Loot_Chest_Red"
 3:28:51.960 [CE][LootRespawner] (PRIDummy) :: Item [482] is hard to place, performance drops: "SA_Loot_Chest_Red"
 3:28:51.960 [CE][LootRespawner] (PRIDummy) :: Item [483] is hard to place, performance drops: "SA_Loot_Chest_Red"
 3:28:51.960 [CE][LootRespawner] (PRIDummy) :: Item [484] is hard to place, performance drops: "SA_Loot_Chest_Red"
 3:28:51.960 [CE][LootRespawner] (PRIDummy) :: Item [453] causing search overtime: "SA_Loot_Chest_Red"
 3:28:52.60 [CE][LootRespawner] (PRIDummy) :: Item [454] causing search overtime: "Chainmail_Leggings"
 3:28:52.161 [CE][LootRespawner] (PRIDummy) :: Item [455] causing search overtime: "WoolGloves_ChristmasBlue"
 3:28:52.359 [CE][LootRespawner] (PRIDummy) :: Item [485] is hard to place, performance drops: "FOG_Crye_G3_Shirt_MCA"
 3:28:52.359 [CE][LootRespawner] (PRIDummy) :: Item [486] is hard to place, performance drops: "FOG_Crye_G3_Shirt_MCA"
 3:28:52.359 [CE][LootRespawner] (PRIDummy) :: Item [487] is hard to place, performance drops: "FOG_Crye_G3_Shirt_MCA"
 3:28:52.359 [CE][LootRespawner] (PRIDummy) :: Item [488] is hard to place, performance drops: "FOG_Crye_G3_Shirt_MCA"
 3:28:52.359 [CE][LootRespawner] (PRIDummy) :: Item [489] is hard to place, performance drops: "FOG_Crye_G3_Shirt_MCA"
 3:28:52.359 [CE][LootRespawner] (PRIDummy) :: Item [490] is hard to place, performance drops: "FOG_Crye_G3_Shirt_MCA"
 3:28:52.360 [CE][LootRespawner] (PRIDummy) :: Item [491] is hard to place, performance drops: "FOG_Crye_G3_Shirt_MCA"
 3:28:52.360 [CE][LootRespawner] (PRIDummy) :: Item [492] is hard to place, performance drops: "FOG_Crye_G3_Shirt_MCA"
 3:28:52.561 [CE][LootRespawner] (PRIDummy) :: Item [456] causing search overtime: "FOG_Bag_6ShBagT_Green"
 3:28:52.661 [CE][LootRespawner] (PRIDummy) :: Item [493] is hard to place, performance drops: "FOG_Tshirt_White_Star"
 3:28:52.662 [CE][LootRespawner] (PRIDummy) :: Item [494] is hard to place, performance drops: "FOG_Tshirt_White_Star"
 3:28:52.662 [CE][LootRespawner] (PRIDummy) :: Item [495] is hard to place, performance drops: "FOG_Tshirt_White_Star"
 3:28:52.662 [CE][LootRespawner] (PRIDummy) :: Item [496] is hard to place, performance drops: "FOG_Tshirt_White_Star"
 3:28:52.662 [CE][LootRespawner] (PRIDummy) :: Item [497] is hard to place, performance drops: "FOG_Tshirt_White_Star"
 3:28:52.961 [CE][LootRespawner] (PRIDummy) :: Item [457] causing search overtime: "HipPack_Party"
 3:28:53.62 [CE][LootRespawner] (PRIDummy) :: Item [458] causing search overtime: "STAG_Clothing_MountainBag"
 3:28:53.161 [CE][LootRespawner] (PRIDummy) :: Item [459] causing search overtime: "MimeMask_Female"
 3:28:53.260 !!! [CE][Spawn] Character "ZmbM_PrisonerSkinny" at 1672.921753, 4744.667969
 3:28:53.261 !!! [CE][Spawn] Character "ZmbM_PrisonerSkinny" at 1700.595459, 4767.862793
 3:28:53.261 !!! [CE][Spawn] Character "ZmbM_PrisonerSkinny" at 1697.954468, 4776.271484
 3:28:53.261 !!! [CE][Spawn] Character "ZmbM_PrisonerSkinny" at 1730.069702, 4753.956543
 3:28:53.262 !!! [CE][Spawn] Character "ZmbM_PrisonerSkinny" at 1743.476929, 4727.499023
 3:28:56.89 !!! [CE][Point] Removing 3008.865479, 1288.255493 from PiceaAbies_2d
 3:29:18.252 [CE][LootRespawner] (PRIDummy) :: Item [460] causing search overtime: "MimeMask_Female"
 3:29:18.352 [CE][LootRespawner] (PRIDummy) :: Item [461] causing search overtime: "EyeMask_Black"
 3:29:18.452 [CE][LootRespawner] (PRIDummy) :: Item [462] causing search overtime: "EyeMask_Yellow"
 3:29:18.567 [CE][LootRespawner] (PRIDummy) :: Item [463] causing search overtime: "MimeMask_Male"
 3:29:18.660 [CE][LootRespawner] (PRIDummy) :: Item [464] causing search overtime: "Chainmail_Coif"
 3:29:18.761 [CE][LootRespawner] (PRIDummy) :: Item [465] causing search overtime: "MedievalBoots"
 3:29:18.960 [CE][LootRespawner] (PRIDummy) :: Item [498] is hard to place, performance drops: "TacticalShirt_Black"
 3:29:19.60 [CE][LootRespawner] (PRIDummy) :: Item [466] causing search overtime: "Mace"
 3:29:19.162 [CE][LootRespawner] (PRIDummy) :: Item [467] causing search overtime: "Chainmail"
 3:29:19.260 [CE][LootRespawner] (PRIDummy) :: Item [468] causing search overtime: "WoolGlovesFingerless_ChristmasRed"
 3:29:19.360 [CE][LootRespawner] (PRIDummy) :: Item [469] causing search overtime: "WoolGloves_ChristmasRed"
 3:29:19.460 [CE][LootRespawner] (PRIDummy) :: Item [499] is hard to place, performance drops: "STAG_Clothing_M65_Jacket"
 3:29:19.460 [CE][LootRespawner] (PRIDummy) :: Item [500] is hard to place, performance drops: "STAG_Clothing_M65_Jacket"
 3:29:19.461 [CE][LootRespawner] (PRIDummy) :: Item [501] is hard to place, performance drops: "STAG_Clothing_M65_Jacket"
 3:29:19.461 [CE][LootRespawner] (PRIDummy) :: Item [502] is hard to place, performance drops: "STAG_Clothing_M65_Jacket"
 3:29:19.461 [CE][LootRespawner] (PRIDummy) :: Item [503] is hard to place, performance drops: "STAG_Clothing_M65_Jacket"
 3:29:19.461 [CE][LootRespawner] (PRIDummy) :: Item [504] is hard to place, performance drops: "STAG_Clothing_M65_Jacket"
 3:29:19.461 [CE][LootRespawner] (PRIDummy) :: Item [505] is hard to place, performance drops: "STAG_Clothing_M65_Jacket"
 3:29:19.461 [CE][LootRespawner] (PRIDummy) :: Item [506] is hard to place, performance drops: "STAG_Clothing_M65_Jacket"
 3:29:19.461 [CE][LootRespawner] (PRIDummy) :: Item [470] causing search overtime: "STAG_Clothing_M65_Jacket"
 3:29:19.662 [CE][LootRespawner] (PRIDummy) :: Item [507] is hard to place, performance drops: "STAG_Clothing_Boots"
 3:29:19.662 [CE][LootRespawner] (PRIDummy) :: Item [508] is hard to place, performance drops: "STAG_Clothing_Boots"
 3:29:45.376 [CE][LootRespawner] (PRIDummy) :: Item [471] causing search overtime: "HipPack_Party"
 3:29:45.476 [CE][LootRespawner] (PRIDummy) :: Item [472] causing search overtime: "STAG_Clothing_MountainBag"
 3:29:45.576 [CE][LootRespawner] (PRIDummy) :: Item [509] is hard to place, performance drops: "M14"
 3:29:45.576 [CE][LootRespawner] (PRIDummy) :: Item [510] is hard to place, performance drops: "M14"
 3:29:45.576 [CE][LootRespawner] (PRIDummy) :: Item [511] is hard to place, performance drops: "M14"
 3:29:45.678 [CE][LootRespawner] (PRIDummy) :: Item [473] causing search overtime: "EyeMask_Blue"
 3:29:45.776 [CE][LootRespawner] (PRIDummy) :: Item [474] causing search overtime: "EyeMask_Red"
 3:29:45.877 [CE][LootRespawner] (PRIDummy) :: Item [475] causing search overtime: "Chestplate"
 3:29:45.977 [CE][LootRespawner] (PRIDummy) :: Item [476] causing search overtime: "GreatHelm"
 3:29:46.77 [CE][LootRespawner] (PRIDummy) :: Item [477] causing search overtime: "WoolGlovesFingerless_ChristmasBlue"
 3:29:46.178 [CE][LootRespawner] (PRIDummy) :: Item [478] causing search overtime: "Sword"
 3:29:46.278 [CE][LootRespawner] (PRIDummy) :: Item [512] is hard to place, performance drops: "SA_Loot_Chest_Red"
 3:29:46.278 [CE][LootRespawner] (PRIDummy) :: Item [513] is hard to place, performance drops: "SA_Loot_Chest_Red"
 3:29:46.278 [CE][LootRespawner] (PRIDummy) :: Item [514] is hard to place, performance drops: "SA_Loot_Chest_Red"
 3:29:46.278 [CE][LootRespawner] (PRIDummy) :: Item [515] is hard to place, performance drops: "SA_Loot_Chest_Red"
 3:29:46.278 [CE][LootRespawner] (PRIDummy) :: Item [516] is hard to place, performance drops: "SA_Loot_Chest_Red"
 3:29:46.278 [CE][LootRespawner] (PRIDummy) :: Item [517] is hard to place, performance drops: "SA_Loot_Chest_Red"
 3:29:46.278 [CE][LootRespawner] (PRIDummy) :: Item [518] is hard to place, performance drops: "SA_Loot_Chest_Red"
 3:29:46.278 [CE][LootRespawner] (PRIDummy) :: Item [479] causing search overtime: "SA_Loot_Chest_Red"
 3:29:46.381 [CE][LootRespawner] (PRIDummy) :: Item [480] causing search overtime: "Chainmail_Leggings"
 3:29:46.480 [CE][LootRespawner] (PRIDummy) :: Item [481] causing search overtime: "WoolGloves_ChristmasBlue"
 3:29:46.681 !!! [CE][Point] Removing 4421.650391, 2998.457031 from Land_Wreck_sed01_aban1_police
 3:29:46.779 [CE][LootRespawner] (PRIDummy) :: Item [519] is hard to place, performance drops: "FOG_Pants_Crye_G3_Grey"
 3:29:46.780 [CE][LootRespawner] (PRIDummy) :: Item [520] is hard to place, performance drops: "FOG_Pants_Crye_G3_Grey"
 3:29:46.780 [CE][LootRespawner] (PRIDummy) :: Item [521] is hard to place, performance drops: "FOG_Pants_Crye_G3_Grey"
 3:29:46.780 [CE][LootRespawner] (PRIDummy) :: Item [522] is hard to place, performance drops: "FOG_Pants_Crye_G3_Grey"
 3:29:46.780 [CE][LootRespawner] (PRIDummy) :: Item [523] is hard to place, performance drops: "FOG_Pants_Crye_G3_Grey"
 3:29:46.879 [CE][LootRespawner] (PRIDummy) :: Item [482] causing search overtime: "FOG_Bag_6ShBagT_Green"
 3:29:47.79 [CE][LootRespawner] (PRIDummy) :: Item [483] causing search overtime: "MimeMask_Female"
 3:29:47.180 [CE][LootRespawner] (PRIDummy) :: Item [484] causing search overtime: "EyeMask_Black"
 3:29:47.279 [CE][LootRespawner] (PRIDummy) :: Item [485] causing search overtime: "EyeMask_Yellow"
 3:29:47.380 !!! [CE][Spawn] Character "ZmbM_PatrolNormal_Summer" at 6748.527344, 2385.090332
 3:29:49.584 !!! [CE][Point] Removing 3008.865479, 1288.255493 from PiceaAbies_2d
 3:29:49.584 !!! [CE][Point] Removing 3003.915527, 1286.822144 from PiceaAbies_2d
 3:30:12.353 [CE][LootRespawner] (PRIDummy) :: Item [486] causing search overtime: "EyeMask_Yellow"
 3:30:12.454 [CE][LootRespawner] (PRIDummy) :: Item [487] causing search overtime: "MimeMask_Male"
 3:30:12.653 [CE][LootRespawner] (PRIDummy) :: Item [488] causing search overtime: "Chainmail_Coif"
 3:30:12.754 [CE][LootRespawner] (PRIDummy) :: Item [489] causing search overtime: "MedievalBoots"
 3:30:12.953 [CE][LootRespawner] (PRIDummy) :: Item [490] causing search overtime: "Mace"
 3:30:13.54 [CE][LootRespawner] (PRIDummy) :: Item [491] causing search overtime: "Chainmail"
 3:30:13.254 [CE][LootRespawner] (PRIDummy) :: Item [492] causing search overtime: "WoolGlovesFingerless_ChristmasRed"
 3:30:13.354 [CE][LootRespawner] (PRIDummy) :: Item [493] causing search overtime: "WoolGloves_ChristmasRed"
 3:30:13.453 [CE][LootRespawner] (PRIDummy) :: Item [524] is hard to place, performance drops: "STAG_Clothing_M65_Jacket"
 3:30:13.453 [CE][LootRespawner] (PRIDummy) :: Item [525] is hard to place, performance drops: "STAG_Clothing_M65_Jacket"
 3:30:13.454 [CE][LootRespawner] (PRIDummy) :: Item [526] is hard to place, performance drops: "STAG_Clothing_M65_Jacket"
 3:30:13.454 [CE][LootRespawner] (PRIDummy) :: Item [527] is hard to place, performance drops: "STAG_Clothing_M65_Jacket"
 3:30:13.454 [CE][LootRespawner] (PRIDummy) :: Item [528] is hard to place, performance drops: "STAG_Clothing_M65_Jacket"
 3:30:13.454 [CE][LootRespawner] (PRIDummy) :: Item [529] is hard to place, performance drops: "STAG_Clothing_M65_Jacket"
 3:30:13.454 [CE][LootRespawner] (PRIDummy) :: Item [530] is hard to place, performance drops: "STAG_Clothing_M65_Jacket"
 3:30:13.454 [CE][LootRespawner] (PRIDummy) :: Item [494] causing search overtime: "STAG_Clothing_M65_Jacket"
 3:30:13.870 [CE][LootRespawner] (PRIDummy) :: Item [495] causing search overtime: "HipPack_Party"
 3:30:13.968 [CE][LootRespawner] (PRIDummy) :: Item [496] causing search overtime: "STAG_Clothing_MountainBag"
 3:30:14.68 [CE][LootRespawner] (PRIDummy) :: Item [497] causing search overtime: "MimeMask_Female"
 3:30:14.169 [CE][LootRespawner] (PRIDummy) :: Item [498] causing search overtime: "EyeMask_Black"
 3:30:14.270 [CE][LootRespawner] (PRIDummy) :: Item [499] causing search overtime: "EyeMask_Blue"
 3:30:14.370 !!! [CE][Spawn] Character "ZmbM_PatrolNormal_Flat" at 6707.305664, 2061.072510
 3:30:39.356 [CE][LootRespawner] (PRIDummy) :: Item [500] causing search overtime: "EyeMask_Blue"
 3:30:39.455 [CE][LootRespawner] (PRIDummy) :: Item [501] causing search overtime: "EyeMask_Red"
 3:30:39.555 [CE][LootRespawner] (PRIDummy) :: Item [502] causing search overtime: "Chestplate"
 3:30:39.656 [CE][LootRespawner] (PRIDummy) :: Item [503] causing search overtime: "GreatHelm"
 3:30:39.756 [CE][LootRespawner] (PRIDummy) :: Item [504] causing search overtime: "WoolGlovesFingerless_ChristmasBlue"
 3:30:39.855 [CE][LootRespawner] (PRIDummy) :: Item [505] causing search overtime: "Sword"
 3:30:39.955 [CE][LootRespawner] (PRIDummy) :: Item [531] is hard to place, performance drops: "SA_Loot_Chest_Red"
 3:30:39.955 [CE][LootRespawner] (PRIDummy) :: Item [506] causing search overtime: "SA_Loot_Chest_Red"
 3:30:40.55 [CE][LootRespawner] (PRIDummy) :: Item [507] causing search overtime: "Chainmail_Leggings"
 3:30:40.155 [CE][LootRespawner] (PRIDummy) :: Item [508] causing search overtime: "WoolGloves_ChristmasBlue"
 3:30:40.555 [CE][LootRespawner] (PRIDummy) :: Item [532] is hard to place, performance drops: "FOG_Bag_6ShBagT_Green"
 3:30:40.555 [CE][LootRespawner] (PRIDummy) :: Item [509] causing search overtime: "FOG_Bag_6ShBagT_Green"
 3:30:40.957 [CE][LootRespawner] (PRIDummy) :: Item [510] causing search overtime: "HipPack_Party"
 3:30:41.56 [CE][LootRespawner] (PRIDummy) :: Item [511] causing search overtime: "STAG_Clothing_MountainBag"
 3:30:41.156 [CE][LootRespawner] (PRIDummy) :: Item [512] causing search overtime: "MimeMask_Female"
 3:30:41.256 [CE][LootRespawner] (PRIDummy) :: Item [513] causing search overtime: "EyeMask_Black"
 3:31:07.465 [CE][LootRespawner] (PRIDummy) :: Item [514] causing search overtime: "EyeMask_Black"
 3:31:07.564 [CE][LootRespawner] (PRIDummy) :: Item [515] causing search overtime: "EyeMask_Yellow"
 3:31:07.667 [CE][LootRespawner] (PRIDummy) :: Item [516] causing search overtime: "MimeMask_Male"
 3:31:07.873 [CE][LootRespawner] (PRIDummy) :: Item [517] causing search overtime: "Chainmail_Coif"
 3:31:07.980 [CE][LootRespawner] (PRIDummy) :: Item [518] causing search overtime: "MedievalBoots"
 3:31:08.109 [CE][LootRespawner] (PRIDummy) :: Item [519] causing search overtime: "Mace"
 3:31:08.212 [CE][LootRespawner] (PRIDummy) :: Item [520] causing search overtime: "Chainmail"
 3:31:08.314 [CE][LootRespawner] (PRIDummy) :: Item [521] causing search overtime: "WoolGlovesFingerless_ChristmasRed"
 3:31:08.413 [CE][LootRespawner] (PRIDummy) :: Item [522] causing search overtime: "WoolGloves_ChristmasRed"
 3:31:08.850 [CE][LootRespawner] (PRIDummy) :: Item [523] causing search overtime: "HipPack_Party"
 3:31:08.956 [CE][LootRespawner] (PRIDummy) :: Item [524] causing search overtime: "STAG_Clothing_MountainBag"
 3:31:09.63 [CE][LootRespawner] (PRIDummy) :: Item [525] causing search overtime: "MimeMask_Female"
 3:31:09.163 [CE][LootRespawner] (PRIDummy) :: Item [526] causing search overtime: "EyeMask_Blue"
 3:31:09.260 [CE][LootRespawner] (PRIDummy) :: Item [527] causing search overtime: "EyeMask_Red"
 3:31:09.529 [CE][LootRespawner] (PRIDummy) :: Item [528] causing search overtime: "Chestplate"
 3:31:09.639 !!! [CE][Spawn] Character "ZmbM_usSoldier_Officer_Desert" at 7662.842773, 1489.809814
 3:31:09.641 !!! [CE][Spawn] Character "ZmbM_SoldierNormal" at 6576.895020, 2169.264893
 3:31:09.644 !!! [CE][Spawn] Character "ZmbM_OffshoreWorker_Green" at 2136.997803, 783.939941
 3:31:09.646 !!! [CE][Spawn] Character "ZmbF_BlueCollarFat_Green" at 2054.354980, 343.200012
 3:31:09.646 !!! [CE][Spawn] Character "ZmbM_HandymanNormal_Beige" at 1805.694458, 284.546570
 3:31:09.646 !!! [CE][Spawn] Character "ZmbF_MechanicNormal_Grey" at 1737.320801, 520.863403
 3:31:09.647 !!! [CE][Spawn] Character "ZmbF_MechanicNormal_Orange" at 1715.465088, 759.345398
 3:31:09.648 !!! [CE][Spawn] Character "ZmbM_HandymanNormal_White" at 1686.030518, 556.686462
 3:31:09.649 !!! [CE][Spawn] Character "ZmbF_BlueCollarFat_Blue" at 1856.883545, 660.513306
 3:31:09.650 !!! [CE][Spawn] Character "ZmbM_ConstrWorkerNormal_Green" at 2005.699585, 797.671204
 3:31:09.650 !!! [CE][Spawn] Character "ZmbM_HandymanNormal_White" at 2059.762451, 603.374634
 3:31:09.650 !!! [CE][Spawn] Character "ZmbF_MechanicNormal_Beige" at 2133.803467, 417.561127
 3:31:09.652 !!! [CE][Spawn] Character "ZmbF_MechanicNormal_Orange" at 1933.694214, 434.242340
 3:31:09.653 !!! [CE][Spawn] Character "ZmbM_ConstrWorkerNormal_Green" at 1762.451538, 433.291412
 3:31:09.653 !!! [CE][Spawn] Character "ZmbM_HeavyIndustryWorker" at 1647.883057, 648.101624
 3:31:09.654 !!! [CE][Spawn] Character "ZmbM_HandymanNormal_White" at 1834.528320, 846.782959
 3:31:09.657 !!! [CE][Spawn] Character "ZmbF_MechanicNormal_Green" at 2003.332520, 661.014893
 3:31:09.657 !!! [CE][Spawn] Character "ZmbM_OffshoreWorker_Green" at 2255.117432, 564.353271
 3:31:09.658 !!! [CE][Spawn] Character "ZmbM_MechanicSkinny_Grey" at 2002.661255, 464.799988
 3:31:09.659 !!! [CE][Spawn] Character "ZmbF_BlueCollarFat_Green" at 1844.713867, 530.643127
 3:31:09.660 !!! [CE][Spawn] Character "ZmbM_ConstrWorkerNormal_Grey" at 1710.449585, 716.394531
 3:31:09.660 !!! [CE][Spawn] Character "ZmbM_HandymanNormal_Beige" at 1928.142944, 846.293701
 3:31:09.661 !!! [CE][Spawn] Character "ZmbM_HikerSkinny_Yellow" at 2433.500000, 1089.164673
 3:31:09.662 !!! [CE][Spawn] Character "ZmbM_FishermanOld_Blue" at 2274.754883, 1120.582886
 3:31:09.664 !!! [CE][Spawn] Character "ZmbM_HikerSkinny_Green" at 2278.012207, 1265.930054
 3:31:09.664 !!! [CE][Spawn] Character "ZmbM_FishermanOld_Blue" at 2325.802734, 1356.091431
 3:31:09.664 !!! [CE][Spawn] Character "ZmbM_FishermanOld_Blue" at 2415.522705, 1331.378296
 3:31:09.665 !!! [CE][Spawn] Character "ZmbF_HikerSkinny_Blue" at 1656.592773, 1225.102661
 3:31:09.667 !!! [CE][Spawn] Character "ZmbF_HikerSkinny_Blue" at 1764.213013, 1164.821777
 3:31:09.668 !!! [CE][Spawn] Character "ZmbM_HikerSkinny_Blue" at 1885.714844, 1070.701416
 3:31:09.669 !!! [CE][Spawn] Character "ZmbM_HermitSkinny_Green" at 1773.032104, 962.255859
 3:31:09.671 !!! [CE][Spawn] Character "ZmbM_HermitSkinny_Beige" at 1639.414551, 931.084839
 3:31:09.671 !!! [CE][Spawn] Character "ZmbM_HunterOld_Summer" at 1598.432373, 1053.502441
 3:31:09.673 !!! [CE][Spawn] Character "ZmbM_HermitSkinny_Red" at 1644.450806, 1121.455444
 3:31:09.673 !!! [CE][Spawn] Character "ZmbM_HunterOld_Summer" at 1699.462280, 1150.638794
 3:31:09.825 !!! [CE][Spawn] Character "ZmbM_PrisonerSkinny" at 1861.367798, 1659.202759
 3:31:09.825 !!! [CE][Spawn] Character "ZmbM_PolicemanSpecForce_Heavy" at 1887.394165, 1638.161865
 3:31:09.825 !!! [CE][Spawn] Character "ZmbM_PolicemanSpecForce_Heavy" at 1892.504761, 1624.289429
 3:31:40.08 [CE][LootRespawner] (PRIDummy) :: Item [529] causing search overtime: "Chestplate"
 3:31:40.255 [CE][LootRespawner] (PRIDummy) :: Item [530] causing search overtime: "GreatHelm"
 3:31:40.396 [CE][LootRespawner] (PRIDummy) :: Item [531] causing search overtime: "WoolGlovesFingerless_ChristmasBlue"
 3:31:40.520 [CE][LootRespawner] (PRIDummy) :: Item [532] causing search overtime: "Sword"
 3:31:40.639 [CE][LootRespawner] (PRIDummy) :: Item [533] is hard to place, performance drops: "SA_Loot_Chest_Red"
 3:31:40.639 [CE][LootRespawner] (PRIDummy) :: Item [533] causing search overtime: "SA_Loot_Chest_Red"
 3:31:40.754 [CE][LootRespawner] (PRIDummy) :: Item [534] causing search overtime: "Chainmail_Leggings"
 3:31:40.876 [CE][LootRespawner] (PRIDummy) :: Item [535] causing search overtime: "WoolGloves_ChristmasBlue"
 3:31:41.06 [CE][LootRespawner] (PRIDummy) :: Item [534] is hard to place, performance drops: "FOG_Bag_6ShBagT_Green"
 3:31:41.07 [CE][LootRespawner] (PRIDummy) :: Item [536] causing search overtime: "FOG_Bag_6ShBagT_Green"
 3:31:41.245 [CE][LootRespawner] (PRIDummy) :: Item [537] causing search overtime: "HipPack_Party"
 3:31:41.369 [CE][LootRespawner] (PRIDummy) :: Item [538] causing search overtime: "STAG_Clothing_MountainBag"
 3:31:41.510 [CE][LootRespawner] (PRIDummy) :: Item [539] causing search overtime: "MimeMask_Female"
 3:31:41.631 [CE][LootRespawner] (PRIDummy) :: Item [540] causing search overtime: "EyeMask_Black"
 3:31:41.745 [CE][LootRespawner] (PRIDummy) :: Item [541] causing search overtime: "EyeMask_Yellow"
 3:31:41.864 [CE][LootRespawner] (PRIDummy) :: Item [542] causing search overtime: "MimeMask_Male"
 3:31:41.980 [CE][LootRespawner] (PRIDummy) :: Item [543] causing search overtime: "EyeMask_Blue"
 3:31:42.93 [CE][LootRespawner] (PRIDummy) :: Item [544] causing search overtime: "EyeMask_Red"
 3:31:42.211 [CE][LootRespawner] (PRIDummy) :: Item [545] causing search overtime: "Chainmail_Coif"
 3:31:42.334 [CE][LootRespawner] (PRIDummy) :: Item [546] causing search overtime: "MedievalBoots"
 3:31:42.483 !!! [CE][Spawn] Character "ZmbM_HandymanNormal_Blue" at 1696.540771, 435.226196
 3:31:42.615 !!! [CE][Spawn] Character "ZmbM_PrisonerSkinny" at 1646.804565, 553.628784
 3:31:42.615 !!! [CE][Spawn] Character "ZmbM_PolicemanSpecForce_Heavy" at 1607.748169, 558.895935
 3:31:42.616 !!! [CE][Spawn] Character "ZmbM_PolicemanSpecForce_Heavy" at 1598.296997, 593.354980
 3:31:42.617 !!! [CE][Spawn] Character "ZmbM_PolicemanSpecForce_Heavy" at 1607.038574, 625.841064
 3:32:10.183 [CE][LootRespawner] (PRIDummy) :: Item [547] causing search overtime: "MedievalBoots"
 3:32:10.293 [CE][LootRespawner] (PRIDummy) :: Item [548] causing search overtime: "Mace"
 3:32:10.419 [CE][LootRespawner] (PRIDummy) :: Item [549] causing search overtime: "Chainmail"
 3:32:10.546 [CE][LootRespawner] (PRIDummy) :: Item [550] causing search overtime: "WoolGlovesFingerless_ChristmasRed"
 3:32:10.678 [CE][LootRespawner] (PRIDummy) :: Item [551] causing search overtime: "WoolGloves_ChristmasRed"
 3:32:11.234 [CE][LootRespawner] (PRIDummy) :: Item [552] causing search overtime: "HipPack_Party"
 3:32:11.472 [CE][LootRespawner] (PRIDummy) :: Item [553] causing search overtime: "STAG_Clothing_MountainBag"
 3:32:12.113 [CE][LootRespawner] (PRIDummy) :: Item [554] causing search overtime: "MimeMask_Female"
 3:32:12.236 [CE][LootRespawner] (PRIDummy) :: Item [555] causing search overtime: "EyeMask_Black"
 3:32:12.363 [CE][LootRespawner] (PRIDummy) :: Item [556] causing search overtime: "EyeMask_Yellow"
 3:32:12.468 [CE][LootRespawner] (PRIDummy) :: Item [557] causing search overtime: "MimeMask_Male"
 3:32:12.563 !!! [CE][Spawn] Character "ZmbM_PatrolNormal_PautRev" at 7540.997070, 1510.940186
 3:32:12.563 !!! [CE][Spawn] Character "ZmbM_usSoldier_normal_Desert" at 7606.638672, 1526.630737
 3:32:39.680 [CE][LootRespawner] (PRIDummy) :: Item [558] causing search overtime: "MimeMask_Male"
 3:32:39.791 [CE][LootRespawner] (PRIDummy) :: Item [559] causing search overtime: "EyeMask_Blue"
 3:32:39.894 [CE][LootRespawner] (PRIDummy) :: Item [560] causing search overtime: "EyeMask_Red"
 3:32:39.992 [CE][LootRespawner] (PRIDummy) :: Item [561] causing search overtime: "Chestplate"
 3:32:40.101 [CE][LootRespawner] (PRIDummy) :: Item [562] causing search overtime: "GreatHelm"
 3:32:40.203 [CE][LootRespawner] (PRIDummy) :: Item [563] causing search overtime: "WoolGlovesFingerless_ChristmasBlue"
 3:32:40.316 [CE][LootRespawner] (PRIDummy) :: Item [564] causing search overtime: "Sword"
 3:32:40.428 [CE][LootRespawner] (PRIDummy) :: Item [535] is hard to place, performance drops: "SA_Loot_Chest_Red"
 3:32:40.428 [CE][LootRespawner] (PRIDummy) :: Item [536] is hard to place, performance drops: "SA_Loot_Chest_Red"
 3:32:40.428 [CE][LootRespawner] (PRIDummy) :: Item [537] is hard to place, performance drops: "SA_Loot_Chest_Red"
 3:32:40.428 [CE][LootRespawner] (PRIDummy) :: Item [538] is hard to place, performance drops: "SA_Loot_Chest_Red"
 3:32:40.428 [CE][LootRespawner] (PRIDummy) :: Item [565] causing search overtime: "SA_Loot_Chest_Red"
 3:32:40.520 [CE][LootRespawner] (PRIDummy) :: Item [566] causing search overtime: "Chainmail_Leggings"
 3:32:40.623 [CE][LootRespawner] (PRIDummy) :: Item [567] causing search overtime: "WoolGloves_ChristmasBlue"
 3:32:40.720 [CE][LootRespawner] (PRIDummy) :: Item [568] causing search overtime: "Chainmail_Coif"
 3:32:41.25 [CE][LootRespawner] (PRIDummy) :: Item [539] is hard to place, performance drops: "FOG_Bag_6ShBagT_Green"
 3:32:41.25 [CE][LootRespawner] (PRIDummy) :: Item [569] causing search overtime: "FOG_Bag_6ShBagT_Green"
 3:32:41.240 [CE][LootRespawner] (PRIDummy) :: Item [570] causing search overtime: "HipPack_Party"
 3:32:41.354 [CE][LootRespawner] (PRIDummy) :: Item [571] causing search overtime: "STAG_Clothing_MountainBag"
 3:32:41.685 [CE][LootRespawner] (PRIDummy) :: Item [572] causing search overtime: "MimeMask_Female"
 3:32:41.803 !!! [CE][Spawn] Character "ZmbM_usSoldier_normal_Desert" at 7590.840332, 1583.626953
 3:32:41.805 !!! [CE][Spawn] Character "ZmbF_BlueCollarFat_Green" at 1790.755859, 628.529907
 3:32:41.806 !!! [CE][Spawn] Character "ZmbM_FishermanOld_Red" at 1851.511963, 1181.740845
 3:32:41.807 !!! [CE][Spawn] Character "ZmbF_HikerSkinny_Green" at 1779.070313, 1048.434570
 3:32:41.807 !!! [CE][Spawn] Character "ZmbM_FishermanOld_Blue" at 1716.403809, 1004.870178
 3:32:41.807 !!! [CE][Spawn] Character "ZmbF_HikerSkinny_Blue" at 1588.598755, 946.448608
 3:32:41.808 !!! [CE][Spawn] Character "ZmbM_FishermanOld_Grey" at 1613.299561, 1084.053467
 3:32:41.808 !!! [CE][Spawn] Character "ZmbM_HikerSkinny_Yellow" at 1649.822144, 1150.583496
 3:32:41.809 !!! [CE][Spawn] Character "ZmbM_HunterOld_Winter" at 1631.970215, 964.274536
 3:32:41.950 !!! [CE][Spawn] Character "ZmbM_PolicemanSpecForce_Heavy" at 1899.222290, 1601.085938
 3:32:41.951 !!! [CE][Spawn] Character "ZmbM_PolicemanSpecForce_Heavy" at 1873.396606, 1592.774048
 3:32:41.951 !!! [CE][Spawn] Character "ZmbM_PrisonerSkinny" at 1868.626099, 1617.590698
 3:33:07.678 [CE][LootRespawner] (PRIDummy) :: Item [573] causing search overtime: "MimeMask_Female"
 3:33:07.777 [CE][LootRespawner] (PRIDummy) :: Item [574] causing search overtime: "EyeMask_Black"
 3:33:07.879 [CE][LootRespawner] (PRIDummy) :: Item [575] causing search overtime: "EyeMask_Yellow"
 3:33:07.984 [CE][LootRespawner] (PRIDummy) :: Item [576] causing search overtime: "MedievalBoots"
 3:33:08.86 [CE][LootRespawner] (PRIDummy) :: Item [577] causing search overtime: "Mace"
 3:33:08.196 [CE][LootRespawner] (PRIDummy) :: Item [578] causing search overtime: "Chainmail"
 3:33:08.300 [CE][LootRespawner] (PRIDummy) :: Item [579] causing search overtime: "WoolGlovesFingerless_ChristmasRed"
 3:33:08.419 [CE][LootRespawner] (PRIDummy) :: Item [580] causing search overtime: "WoolGloves_ChristmasRed"
 3:33:09.149 [CE][LootRespawner] (PRIDummy) :: Item [581] causing search overtime: "HipPack_Party"
 3:33:09.252 [CE][LootRespawner] (PRIDummy) :: Item [582] causing search overtime: "STAG_Clothing_MountainBag"
 3:33:09.372 [CE][LootRespawner] (PRIDummy) :: Item [583] causing search overtime: "MimeMask_Male"
 3:33:09.514 [CE][LootRespawner] (PRIDummy) :: Item [584] causing search overtime: "EyeMask_Blue"
 3:33:09.646 [CE][LootRespawner] (PRIDummy) :: Item [585] causing search overtime: "EyeMask_Red"
 3:33:09.745 [CE][LootRespawner] (PRIDummy) :: Item [586] causing search overtime: "Chestplate"
 3:33:39.236 [CE][LootRespawner] (PRIDummy) :: Item [587] causing search overtime: "Chestplate"
 3:33:39.354 [CE][LootRespawner] (PRIDummy) :: Item [588] causing search overtime: "GreatHelm"
 3:33:39.484 [CE][LootRespawner] (PRIDummy) :: Item [589] causing search overtime: "WoolGlovesFingerless_ChristmasBlue"
 3:33:39.579 [CE][LootRespawner] (PRIDummy) :: Item [590] causing search overtime: "Sword"
 3:33:39.713 [CE][LootRespawner] (PRIDummy) :: Item [540] is hard to place, performance drops: "SA_Loot_Chest_Red"
 3:33:39.713 [CE][LootRespawner] (PRIDummy) :: Item [541] is hard to place, performance drops: "SA_Loot_Chest_Red"
 3:33:39.714 [CE][LootRespawner] (PRIDummy) :: Item [542] is hard to place, performance drops: "SA_Loot_Chest_Red"
 3:33:39.714 [CE][LootRespawner] (PRIDummy) :: Item [543] is hard to place, performance drops: "SA_Loot_Chest_Red"
 3:33:39.714 [CE][LootRespawner] (PRIDummy) :: Item [544] is hard to place, performance drops: "SA_Loot_Chest_Red"
 3:33:39.714 [CE][LootRespawner] (PRIDummy) :: Item [545] is hard to place, performance drops: "SA_Loot_Chest_Red"
 3:33:39.714 [CE][LootRespawner] (PRIDummy) :: Item [546] is hard to place, performance drops: "SA_Loot_Chest_Red"
 3:33:39.714 [CE][LootRespawner] (PRIDummy) :: Item [591] causing search overtime: "SA_Loot_Chest_Red"
 3:33:39.801 [CE][LootRespawner] (PRIDummy) :: Item [592] causing search overtime: "Chainmail_Leggings"
 3:33:39.915 [CE][LootRespawner] (PRIDummy) :: Item [593] causing search overtime: "WoolGloves_ChristmasBlue"
 3:33:40.16 [CE][LootRespawner] (PRIDummy) :: Item [594] causing search overtime: "Chainmail_Coif"
 3:33:40.324 [CE][LootRespawner] (PRIDummy) :: Item [547] is hard to place, performance drops: "FOG_Bag_6ShBagT_Green"
 3:33:40.324 [CE][LootRespawner] (PRIDummy) :: Item [595] causing search overtime: "FOG_Bag_6ShBagT_Green"
 3:33:40.755 [CE][LootRespawner] (PRIDummy) :: Item [596] causing search overtime: "HipPack_Party"
 3:33:40.882 [CE][LootRespawner] (PRIDummy) :: Item [597] causing search overtime: "STAG_Clothing_MountainBag"
 3:33:40.977 [CE][LootRespawner] (PRIDummy) :: Item [598] causing search overtime: "MimeMask_Female"
 3:33:41.80 [CE][LootRespawner] (PRIDummy) :: Item [599] causing search overtime: "EyeMask_Black"
 3:33:41.183 [CE][LootRespawner] (PRIDummy) :: Item [600] causing search overtime: "EyeMask_Yellow"
 3:34:08.48 [CE][LootRespawner] (PRIDummy) :: Item [601] causing search overtime: "EyeMask_Yellow"
 3:34:08.155 [CE][LootRespawner] (PRIDummy) :: Item [602] causing search overtime: "MimeMask_Male"
 3:34:08.257 [CE][LootRespawner] (PRIDummy) :: Item [603] causing search overtime: "EyeMask_Blue"
 3:34:08.389 [CE][LootRespawner] (PRIDummy) :: Item [604] causing search overtime: "EyeMask_Red"
 3:34:08.496 [CE][LootRespawner] (PRIDummy) :: Item [605] causing search overtime: "MedievalBoots"
 3:34:08.863 [CE][LootRespawner] (PRIDummy) :: Item [606] causing search overtime: "Mace"
 3:34:08.956 [CE][LootRespawner] (PRIDummy) :: Item [607] causing search overtime: "Chainmail"
 3:34:09.77 [CE][LootRespawner] (PRIDummy) :: Item [608] causing search overtime: "WoolGlovesFingerless_ChristmasRed"
 3:34:09.192 [CE][LootRespawner] (PRIDummy) :: Item [609] causing search overtime: "WoolGloves_ChristmasRed"
 3:34:10.517 !!! [CE][Spawn] Character "ZmbM_usSoldier_Officer_Desert" at 7629.804199, 1626.979004
 3:34:10.519 !!! [CE][Spawn] Character "ZmbF_HikerSkinny_Green" at 1583.063110, 1066.043701
 3:34:38.579 [CE][LootRespawner] (PRIDummy) :: Item [610] causing search overtime: "HipPack_Party"
 3:34:38.696 [CE][LootRespawner] (PRIDummy) :: Item [611] causing search overtime: "STAG_Clothing_MountainBag"
 3:34:39.23 [CE][LootRespawner] (PRIDummy) :: Item [612] causing search overtime: "MimeMask_Female"
 3:34:39.122 [CE][LootRespawner] (PRIDummy) :: Item [613] causing search overtime: "EyeMask_Black"
 3:34:39.248 [CE][LootRespawner] (PRIDummy) :: Item [614] causing search overtime: "EyeMask_Yellow"
 3:34:39.377 [CE][LootRespawner] (PRIDummy) :: Item [615] causing search overtime: "MimeMask_Male"
 3:34:39.502 [CE][LootRespawner] (PRIDummy) :: Item [616] causing search overtime: "EyeMask_Blue"
 3:34:39.632 [CE][LootRespawner] (PRIDummy) :: Item [617] causing search overtime: "EyeMask_Red"
 3:34:39.764 [CE][LootRespawner] (PRIDummy) :: Item [618] causing search overtime: "Chestplate"
 3:34:40.51 [CE][LootRespawner] (PRIDummy) :: Item [619] causing search overtime: "GreatHelm"
 3:34:40.191 [CE][LootRespawner] (PRIDummy) :: Item [620] causing search overtime: "WoolGlovesFingerless_ChristmasBlue"
 3:34:40.335 [CE][LootRespawner] (PRIDummy) :: Item [621] causing search overtime: "Sword"
 3:34:40.466 [CE][LootRespawner] (PRIDummy) :: Item [622] causing search overtime: "Chainmail_Leggings"
 3:34:40.590 [CE][LootRespawner] (PRIDummy) :: Item [623] causing search overtime: "WoolGloves_ChristmasBlue"
 3:34:40.837 [CE][LootRespawner] (PRIDummy) :: Item [624] causing search overtime: "Chainmail_Coif"
 3:34:40.962 !!! [CE][Spawn] Character "ZmbM_HermitSkinny_Black" at 1802.172241, 2858.640137
 3:34:40.965 !!! [CE][Spawn] Character "ZmbM_HunterOld_Autumn" at 1815.770264, 2838.695557
 3:34:40.968 !!! [CE][Spawn] Character "ZmbF_HikerSkinny_Grey" at 1794.188477, 2820.578613
 3:34:40.968 !!! [CE][Spawn] Character "ZmbM_HermitSkinny_Green" at 1810.096191, 2755.250488
 3:34:40.971 !!! [CE][Spawn] Character "ZmbF_HikerSkinny_Grey" at 1799.259277, 2736.676758
 3:34:40.972 !!! [CE][Spawn] Character "ZmbM_HermitSkinny_Beige" at 1785.570313, 2732.211670
 3:34:40.973 !!! [CE][Spawn] Character "ZmbM_FishermanOld_Blue" at 1908.897583, 2849.004395
 3:34:40.974 !!! [CE][Spawn] Character "ZmbM_HermitSkinny_Red" at 1908.790894, 2826.419189
 3:34:40.975 !!! [CE][Spawn] Character "ZmbM_HikerSkinny_Green" at 2102.121094, 2419.965576
 3:34:40.975 !!! [CE][Spawn] Character "ZmbM_FishermanOld_Green" at 2039.448608, 2370.737305
 3:34:40.976 !!! [CE][Spawn] Character "ZmbF_HikerSkinny_Grey" at 1964.011108, 2316.210938
 3:34:40.976 !!! [CE][Spawn] Character "ZmbM_HikerSkinny_Yellow" at 1821.879639, 2372.995117
 3:34:40.976 !!! [CE][Spawn] Character "ZmbM_HermitSkinny_Black" at 1924.146484, 2487.187744
 3:34:40.976 !!! [CE][Spawn] Character "ZmbM_HermitSkinny_Red" at 2007.788696, 2516.147461
 3:34:40.977 !!! [CE][Spawn] Character "ZmbM_HunterOld_Summer" at 2093.351807, 2483.467773
 3:34:40.978 !!! [CE][Spawn] Character "ZmbM_HunterOld_Spring" at 2107.218262, 2385.707031
 3:34:40.980 !!! [CE][Spawn] Character "ZmbM_VillagerOld_White" at 1723.555908, 2969.270020
 3:34:40.981 !!! [CE][Spawn] Character "ZmbF_MilkMaidOld_Beige" at 1711.970825, 2947.434814
 3:34:40.985 !!! [CE][Spawn] Character "ZmbM_Jacket_stripes" at 1678.557861, 2931.195313
 3:34:40.986 !!! [CE][Spawn] Character "ZmbM_Jacket_stripes" at 1269.306396, 2656.723877
 3:34:40.987 !!! [CE][Spawn] Character "ZmbM_Jacket_brown" at 1204.673340, 2642.363770
 3:34:40.988 !!! [CE][Spawn] Character "ZmbM_Jacket_blue" at 1202.856689, 2708.681396
 3:34:40.991 !!! [CE][Spawn] Character "ZmbF_VillagerOld_White" at 1198.092285, 2794.791016
 3:34:40.992 !!! [CE][Spawn] Character "ZmbF_VillagerOld_Red" at 1305.212524, 2834.953125
 3:35:12.764 [CE][LootRespawner] (PRIDummy) :: Item [625] causing search overtime: "Chainmail_Coif"
 3:35:12.881 [CE][LootRespawner] (PRIDummy) :: Item [626] causing search overtime: "MedievalBoots"
 3:35:13.132 [CE][LootRespawner] (PRIDummy) :: Item [627] causing search overtime: "Mace"
 3:35:13.264 [CE][LootRespawner] (PRIDummy) :: Item [628] causing search overtime: "Chainmail"
 3:35:13.396 [CE][LootRespawner] (PRIDummy) :: Item [629] causing search overtime: "WoolGlovesFingerless_ChristmasRed"
 3:35:13.531 [CE][LootRespawner] (PRIDummy) :: Item [630] causing search overtime: "WoolGloves_ChristmasRed"
 3:35:13.840 [CE][LootRespawner] (PRIDummy) :: Item [548] is hard to place, performance drops: "SA_Loot_Chest_Red"
 3:35:13.840 [CE][LootRespawner] (PRIDummy) :: Item [549] is hard to place, performance drops: "SA_Loot_Chest_Red"
 3:35:13.840 [CE][LootRespawner] (PRIDummy) :: Item [550] is hard to place, performance drops: "SA_Loot_Chest_Red"
 3:35:13.840 [CE][LootRespawner] (PRIDummy) :: Item [551] is hard to place, performance drops: "SA_Loot_Chest_Red"
 3:35:13.840 [CE][LootRespawner] (PRIDummy) :: Item [552] is hard to place, performance drops: "SA_Loot_Chest_Red"
 3:35:13.840 [CE][LootRespawner] (PRIDummy) :: Item [553] is hard to place, performance drops: "SA_Loot_Chest_Red"
 3:35:13.840 [CE][LootRespawner] (PRIDummy) :: Item [554] is hard to place, performance drops: "SA_Loot_Chest_Red"
 3:35:13.840 [CE][LootRespawner] (PRIDummy) :: Item [555] is hard to place, performance drops: "SA_Loot_Chest_Red"
 3:35:13.840 [CE][LootRespawner] (PRIDummy) :: Item [556] is hard to place, performance drops: "SA_Loot_Chest_Red"
 3:35:13.840 [CE][LootRespawner] (PRIDummy) :: Item [631] causing search overtime: "SA_Loot_Chest_Red"
 3:35:13.960 [CE][LootRespawner] (PRIDummy) :: Item [557] is hard to place, performance drops: "FOG_Bag_6ShBagT_Green"
 3:35:13.960 [CE][LootRespawner] (PRIDummy) :: Item [632] causing search overtime: "FOG_Bag_6ShBagT_Green"
 3:35:14.65 [CE][LootRespawner] (PRIDummy) :: Item [558] is hard to place, performance drops: "FOG_Helmet_FAST_SF_MudTan"
 3:35:14.65 [CE][LootRespawner] (PRIDummy) :: Item [559] is hard to place, performance drops: "FOG_Helmet_FAST_SF_MudTan"
 3:35:14.254 [CE][LootRespawner] (PRIDummy) :: Item [560] is hard to place, performance drops: "FOG_COMTAC3_Headset_FG_Velcro"
 3:35:14.254 [CE][LootRespawner] (PRIDummy) :: Item [561] is hard to place, performance drops: "FOG_COMTAC3_Headset_FG_Velcro"
 3:35:14.254 [CE][LootRespawner] (PRIDummy) :: Item [562] is hard to place, performance drops: "FOG_COMTAC3_Headset_FG_Velcro"
 3:35:15.186 [CE][LootRespawner] (PRIDummy) :: Item [633] causing search overtime: "HipPack_Party"
 3:35:15.310 !!! [CE][Spawn] Character "ZmbM_MechanicSkinny_Grey" at 885.981506, 3319.861084
 3:35:15.311 !!! [CE][Spawn] Character "ZmbM_HeavyIndustryWorker" at 836.935791, 3308.826172
 3:35:15.312 !!! [CE][Spawn] Character "ZmbM_HandymanNormal_Blue" at 808.339050, 3319.916504
 3:35:15.312 !!! [CE][Spawn] Character "ZmbM_MechanicSkinny_Red" at 729.878540, 3351.356201
 3:35:15.313 !!! [CE][Spawn] Character "ZmbF_MechanicNormal_Orange" at 802.077698, 3386.822754
 3:35:15.313 !!! [CE][Spawn] Character "ZmbM_HandymanNormal_Grey" at 844.355591, 3381.761475
 3:35:15.314 !!! [CE][Spawn] Character "ZmbM_HandymanNormal_Green" at 887.295410, 3357.738037
 3:35:15.315 !!! [CE][Spawn] Character "ZmbM_OffshoreWorker_Red" at 859.024292, 3317.627197
 3:35:15.315 !!! [CE][Spawn] Character "ZmbM_ConstrWorkerNormal_Black" at 944.145325, 3073.563965
 3:35:15.316 !!! [CE][Spawn] Character "ZmbM_OffshoreWorker_Yellow" at 950.498413, 3100.173584
 3:35:15.316 !!! [CE][Spawn] Character "ZmbF_BlueCollarFat_Green" at 865.639954, 3159.599365
 3:35:15.318 !!! [CE][Spawn] Character "ZmbM_MechanicSkinny_Green" at 885.332581, 3161.515137
 3:35:15.319 !!! [CE][Spawn] Character "ZmbF_BlueCollarFat_Blue" at 902.961548, 3139.325439
 3:35:15.324 !!! [CE][Spawn] Character "ZmbM_VillagerOld_White" at 824.031433, 2958.381348
 3:35:15.325 !!! [CE][Spawn] Character "ZmbM_Jacket_greenchecks" at 940.369080, 2948.989502
 3:35:15.326 !!! [CE][Spawn] Character "ZmbM_VillagerOld_Blue" at 1001.793762, 2852.767578
 3:35:15.481 !!! [CE][Spawn] Character "ZmbM_PolicemanSpecForce_Heavy" at 912.008301, 3507.830078
 3:35:15.481 !!! [CE][Spawn] Character "ZmbM_PolicemanSpecForce_Heavy" at 887.977478, 3522.184814
 3:35:15.481 !!! [CE][Spawn] Character "ZmbM_PrisonerSkinny" at 900.035095, 3545.773438
 3:35:15.482 !!! [CE][Spawn] Character "ZmbM_PolicemanSpecForce_Heavy" at 913.046875, 3578.939941
 3:35:41.389 [CE][LootRespawner] (PRIDummy) :: Item [634] causing search overtime: "HipPack_Party"
 3:35:41.493 [CE][LootRespawner] (PRIDummy) :: Item [635] causing search overtime: "STAG_Clothing_MountainBag"
 3:35:41.606 [CE][LootRespawner] (PRIDummy) :: Item [636] causing search overtime: "MimeMask_Female"
 3:35:41.723 [CE][LootRespawner] (PRIDummy) :: Item [637] causing search overtime: "EyeMask_Black"
 3:35:41.817 [CE][LootRespawner] (PRIDummy) :: Item [638] causing search overtime: "EyeMask_Yellow"
 3:35:41.944 [CE][LootRespawner] (PRIDummy) :: Item [639] causing search overtime: "MimeMask_Male"
 3:35:42.64 [CE][LootRespawner] (PRIDummy) :: Item [640] causing search overtime: "EyeMask_Blue"
 3:35:42.198 [CE][LootRespawner] (PRIDummy) :: Item [641] causing search overtime: "EyeMask_Red"
 3:35:42.302 [CE][LootRespawner] (PRIDummy) :: Item [642] causing search overtime: "Chestplate"
 3:35:42.563 [CE][LootRespawner] (PRIDummy) :: Item [643] causing search overtime: "GreatHelm"
 3:35:42.687 [CE][LootRespawner] (PRIDummy) :: Item [644] causing search overtime: "WoolGlovesFingerless_ChristmasBlue"
 3:35:42.779 [CE][LootRespawner] (PRIDummy) :: Item [645] causing search overtime: "Sword"
 3:35:42.882 [CE][LootRespawner] (PRIDummy) :: Item [646] causing search overtime: "Chainmail_Leggings"
 3:35:42.992 [CE][LootRespawner] (PRIDummy) :: Item [647] causing search overtime: "WoolGloves_ChristmasBlue"
 3:35:43.655 !!! [CE][Spawn] Character "ZmbM_MechanicSkinny_Green" at 922.160950, 3480.565918
 3:35:43.655 !!! [CE][Spawn] Character "ZmbF_MechanicNormal_Grey" at 868.231445, 3514.183350
 3:35:43.657 !!! [CE][Spawn] Character "ZmbM_ConstrWorkerNormal_Black" at 924.793640, 3544.639404
 3:35:43.658 !!! [CE][Spawn] Character "ZmbM_HeavyIndustryWorker" at 974.375061, 3607.515381
 3:35:43.659 !!! [CE][Spawn] Character "ZmbM_MechanicSkinny_Grey" at 975.358154, 3525.794678
 3:35:43.659 !!! [CE][Spawn] Character "ZmbF_BlueCollarFat_White" at 1018.146790, 3466.108398
 3:35:43.659 !!! [CE][Spawn] Character "ZmbF_BlueCollarFat_White" at 948.089539, 3447.226074
 3:35:43.660 !!! [CE][Spawn] Character "ZmbM_OffshoreWorker_Yellow" at 895.855103, 3477.201660
 3:35:43.660 !!! [CE][Spawn] Character "ZmbM_OffshoreWorker_Orange" at 882.943604, 3535.063477
 3:36:12.92 [CE][LootRespawner] (PRIDummy) :: Item [648] causing search overtime: "Chainmail_Coif"
 3:36:12.231 [CE][LootRespawner] (PRIDummy) :: Item [649] causing search overtime: "MedievalBoots"
 3:36:12.365 [CE][LootRespawner] (PRIDummy) :: Item [650] causing search overtime: "Mace"
 3:36:12.504 [CE][LootRespawner] (PRIDummy) :: Item [651] causing search overtime: "Chainmail"
 3:36:12.643 [CE][LootRespawner] (PRIDummy) :: Item [652] causing search overtime: "WoolGlovesFingerless_ChristmasRed"
 3:36:12.814 [CE][LootRespawner] (PRIDummy) :: Item [653] causing search overtime: "WoolGloves_ChristmasRed"
 3:36:12.951 [CE][LootRespawner] (PRIDummy) :: Item [563] is hard to place, performance drops: "SA_Loot_Chest_Red"
 3:36:12.951 [CE][LootRespawner] (PRIDummy) :: Item [564] is hard to place, performance drops: "SA_Loot_Chest_Red"
 3:36:12.951 [CE][LootRespawner] (PRIDummy) :: Item [565] is hard to place, performance drops: "SA_Loot_Chest_Red"
 3:36:12.951 [CE][LootRespawner] (PRIDummy) :: Item [566] is hard to place, performance drops: "SA_Loot_Chest_Red"
 3:36:12.951 [CE][LootRespawner] (PRIDummy) :: Item [567] is hard to place, performance drops: "SA_Loot_Chest_Red"
 3:36:12.951 [CE][LootRespawner] (PRIDummy) :: Item [568] is hard to place, performance drops: "SA_Loot_Chest_Red"
 3:36:12.951 [CE][LootRespawner] (PRIDummy) :: Item [569] is hard to place, performance drops: "SA_Loot_Chest_Red"
 3:36:12.951 [CE][LootRespawner] (PRIDummy) :: Item [570] is hard to place, performance drops: "SA_Loot_Chest_Red"
 3:36:12.951 [CE][LootRespawner] (PRIDummy) :: Item [571] is hard to place, performance drops: "SA_Loot_Chest_Red"
 3:36:12.951 [CE][LootRespawner] (PRIDummy) :: Item [654] causing search overtime: "SA_Loot_Chest_Red"
 3:36:13.287 [CE][LootRespawner] (PRIDummy) :: Item [572] is hard to place, performance drops: "FOG_Bag_6ShBagT_Green"
 3:36:13.287 [CE][LootRespawner] (PRIDummy) :: Item [655] causing search overtime: "FOG_Bag_6ShBagT_Green"
 3:36:13.639 [CE][LootRespawner] (PRIDummy) :: Item [656] causing search overtime: "HipPack_Party"
 3:36:13.778 [CE][LootRespawner] (PRIDummy) :: Item [657] causing search overtime: "STAG_Clothing_MountainBag"
 3:36:13.906 [CE][LootRespawner] (PRIDummy) :: Item [658] causing search overtime: "MimeMask_Female"
 3:36:14.47 [CE][LootRespawner] (PRIDummy) :: Item [659] causing search overtime: "EyeMask_Black"
 3:36:14.187 [CE][LootRespawner] (PRIDummy) :: Item [660] causing search overtime: "EyeMask_Yellow"
 3:36:14.331 [CE][LootRespawner] (PRIDummy) :: Item [661] causing search overtime: "MimeMask_Male"
 3:36:14.475 [CE][LootRespawner] (PRIDummy) :: Item [662] causing search overtime: "EyeMask_Blue"
 3:36:14.611 [CE][LootRespawner] (PRIDummy) :: Item [663] causing search overtime: "EyeMask_Red"
 3:36:14.741 !!! [CE][Spawn] Character "ZmbM_usSoldier_normal_Desert" at 7521.714355, 1435.066528
 3:36:14.743 !!! [CE][Spawn] Character "ZmbM_PatrolNormal_Autumn" at 7450.472656, 1436.986450
 3:36:14.744 !!! [CE][Spawn] Character "ZmbM_PatrolNormal_Flat" at 7428.033691, 1477.863892
 3:36:14.744 !!! [CE][Spawn] Character "ZmbM_usSoldier_normal_Woodland" at 7422.683105, 1510.520752
 3:36:14.745 !!! [CE][Spawn] Character "ZmbM_usSoldier_Officer_Desert" at 7445.906250, 1549.704468
 3:36:14.746 !!! [CE][Spawn] Character "ZmbM_usSoldier_Officer_Desert" at 7474.410645, 1470.203125
 3:36:14.747 !!! [CE][Spawn] Character "ZmbM_PatrolNormal_Flat" at 7444.995117, 1458.225586
 3:36:14.748 !!! [CE][Spawn] Character "ZmbM_usSoldier_Heavy_Woodland" at 7725.371582, 1527.397095
 3:36:14.749 !!! [CE][Spawn] Character "ZmbF_SkaterYoung_Violet" at 4316.659180, 7310.388672
 3:36:14.751 !!! [CE][Spawn] Character "ZmbF_JournalistNormal_Blue" at 4266.764160, 7481.614258
 3:36:14.753 !!! [CE][Spawn] Character "ZmbF_Clerk_Normal_White" at 4226.672852, 7653.610352
 3:36:14.755 !!! [CE][Spawn] Character "ZmbF_ShortSkirt_white" at 4482.219727, 7572.465332
 3:36:14.756 !!! [CE][Spawn] Character "ZmbM_CitizenASkinny_Blue" at 4511.714355, 7471.224609
 3:36:14.757 !!! [CE][Spawn] Character "ZmbM_CommercialPilotOld_Brown" at 4464.855469, 7257.213379
 3:36:14.758 !!! [CE][Spawn] Character "ZmbF_Clerk_Normal_Red" at 4199.416992, 7274.108887
 3:36:14.760 !!! [CE][Spawn] Character "ZmbF_SurvivorNormal_White" at 4266.143555, 7523.033691
 3:36:14.760 !!! [CE][Spawn] Character "ZmbF_Clerk_Normal_White" at 4293.166992, 7674.958496
 3:36:14.762 !!! [CE][Spawn] Character "ZmbF_SurvivorNormal_Blue" at 4493.452148, 7768.547852
 3:36:14.763 !!! [CE][Spawn] Character "ZmbM_CitizenBFat_Red" at 4579.779297, 7564.825195
 3:36:14.766 !!! [CE][Spawn] Character "ZmbF_SurvivorNormal_White" at 4587.440918, 7360.417969
 3:36:14.767 !!! [CE][Spawn] Character "ZmbF_JournalistNormal_Green" at 4386.688965, 7344.098633
 3:36:14.768 !!! [CE][Spawn] Character "ZmbF_ShortSkirt_grey" at 4200.060059, 7389.243164
 3:36:14.768 !!! [CE][Spawn] Character "ZmbM_CitizenBFat_Red" at 4107.136230, 7627.466309
 3:36:14.769 !!! [CE][Spawn] Character "ZmbM_CitizenASkinny_Grey" at 4338.444824, 7732.314941
 3:36:14.770 !!! [CE][Spawn] Character "ZmbM_ClerkFat_White" at 4475.023926, 7436.172363
 3:36:14.772 !!! [CE][Spawn] Character "ZmbF_ShortSkirt_brown" at 4341.220215, 7183.412598
 3:36:14.774 !!! [CE][Spawn] Character "ZmbM_SkaterYoung_Grey" at 4315.904785, 7475.698242
 3:36:14.774 !!! [CE][Spawn] Character "ZmbF_SurvivorNormal_Red" at 4144.998047, 7645.145020
 3:36:14.777 !!! [CE][Spawn] Character "ZmbM_PrisonerSkinny" at 1728.570923, 4700.437012
 3:36:47.585 [CE][LootRespawner] (PRIDummy) :: Item [664] causing search overtime: "EyeMask_Red"
 3:36:47.693 [CE][LootRespawner] (PRIDummy) :: Item [665] causing search overtime: "Chestplate"
 3:36:47.812 [CE][LootRespawner] (PRIDummy) :: Item [666] causing search overtime: "GreatHelm"
 3:36:47.965 [CE][LootRespawner] (PRIDummy) :: Item [667] causing search overtime: "WoolGlovesFingerless_ChristmasBlue"
 3:36:48.80 [CE][LootRespawner] (PRIDummy) :: Item [668] causing search overtime: "Sword"
 3:36:48.203 [CE][LootRespawner] (PRIDummy) :: Item [669] causing search overtime: "Chainmail_Leggings"
 3:36:48.318 [CE][LootRespawner] (PRIDummy) :: Item [670] causing search overtime: "WoolGloves_ChristmasBlue"
 3:36:48.698 [CE][LootRespawner] (PRIDummy) :: Item [671] causing search overtime: "HipPack_Party"
 3:36:48.824 [CE][LootRespawner] (PRIDummy) :: Item [672] causing search overtime: "STAG_Clothing_MountainBag"
 3:36:48.954 [CE][LootRespawner] (PRIDummy) :: Item [673] causing search overtime: "MimeMask_Female"
 3:36:49.86 [CE][LootRespawner] (PRIDummy) :: Item [674] causing search overtime: "EyeMask_Black"
 3:36:49.218 [CE][LootRespawner] (PRIDummy) :: Item [675] causing search overtime: "EyeMask_Yellow"
 3:36:49.347 [CE][LootRespawner] (PRIDummy) :: Item [676] causing search overtime: "MimeMask_Male"
 3:36:49.475 [CE][LootRespawner] (PRIDummy) :: Item [677] causing search overtime: "EyeMask_Blue"
 3:36:49.606 [CE][LootRespawner] (PRIDummy) :: Item [573] is hard to place, performance drops: "FOG_Tactical_Fingerless_Gloves_Black"
 3:36:49.606 [CE][LootRespawner] (PRIDummy) :: Item [574] is hard to place, performance drops: "FOG_Tactical_Fingerless_Gloves_Black"
 3:36:49.606 [CE][LootRespawner] (PRIDummy) :: Item [575] is hard to place, performance drops: "FOG_Tactical_Fingerless_Gloves_Black"
 3:36:49.737 [CE][LootRespawner] (PRIDummy) :: Item [678] causing search overtime: "Chainmail_Coif"
 3:36:49.861 [CE][LootRespawner] (PRIDummy) :: Item [679] causing search overtime: "MedievalBoots"
 3:36:49.987 [CE][LootRespawner] (PRIDummy) :: Item [680] causing search overtime: "Mace"
 3:36:50.109 !!! [CE][Spawn] Character "ZmbF_ShortSkirt_white" at 4378.414551, 7630.784668
 3:36:50.110 !!! [CE][Spawn] Character "ZmbM_PrisonerSkinny" at 1693.326050, 4687.163086
 3:36:50.110 !!! [CE][Spawn] Character "ZmbM_PrisonerSkinny" at 1689.378174, 4724.211914
 3:36:50.111 !!! [CE][Spawn] Character "ZmbM_PrisonerSkinny" at 1696.221802, 4740.936035
 3:36:50.112 !!! [CE][Spawn] Character "ZmbM_PrisonerSkinny" at 1712.731079, 4773.603027
 3:37:20.722 [CE][LootRespawner] (PRIDummy) :: Item [681] causing search overtime: "Mace"
 3:37:20.854 [CE][LootRespawner] (PRIDummy) :: Item [682] causing search overtime: "Chainmail"
 3:37:21.114 [CE][LootRespawner] (PRIDummy) :: Item [683] causing search overtime: "WoolGlovesFingerless_ChristmasRed"
 3:37:21.247 [CE][LootRespawner] (PRIDummy) :: Item [684] causing search overtime: "WoolGloves_ChristmasRed"
 3:37:21.377 [CE][LootRespawner] (PRIDummy) :: Item [576] is hard to place, performance drops: "SA_Loot_Chest_Red"
 3:37:21.377 [CE][LootRespawner] (PRIDummy) :: Item [577] is hard to place, performance drops: "SA_Loot_Chest_Red"
 3:37:21.377 [CE][LootRespawner] (PRIDummy) :: Item [578] is hard to place, performance drops: "SA_Loot_Chest_Red"
 3:37:21.377 [CE][LootRespawner] (PRIDummy) :: Item [579] is hard to place, performance drops: "SA_Loot_Chest_Red"
 3:37:21.377 [CE][LootRespawner] (PRIDummy) :: Item [580] is hard to place, performance drops: "SA_Loot_Chest_Red"
 3:37:21.377 [CE][LootRespawner] (PRIDummy) :: Item [581] is hard to place, performance drops: "SA_Loot_Chest_Red"
 3:37:21.377 [CE][LootRespawner] (PRIDummy) :: Item [582] is hard to place, performance drops: "SA_Loot_Chest_Red"
 3:37:21.377 [CE][LootRespawner] (PRIDummy) :: Item [583] is hard to place, performance drops: "SA_Loot_Chest_Red"
 3:37:21.377 [CE][LootRespawner] (PRIDummy) :: Item [584] is hard to place, performance drops: "SA_Loot_Chest_Red"
 3:37:21.377 [CE][LootRespawner] (PRIDummy) :: Item [685] causing search overtime: "SA_Loot_Chest_Red"
 3:37:21.518 [CE][LootRespawner] (PRIDummy) :: Item [585] is hard to place, performance drops: "FOG_Bag_6ShBagT_Green"
 3:37:21.518 [CE][LootRespawner] (PRIDummy) :: Item [686] causing search overtime: "FOG_Bag_6ShBagT_Green"
 3:37:22.37 [CE][LootRespawner] (PRIDummy) :: Item [687] causing search overtime: "HipPack_Party"
 3:37:22.166 [CE][LootRespawner] (PRIDummy) :: Item [688] causing search overtime: "STAG_Clothing_MountainBag"
 3:37:22.292 [CE][LootRespawner] (PRIDummy) :: Item [689] causing search overtime: "MimeMask_Female"
 3:37:22.417 [CE][LootRespawner] (PRIDummy) :: Item [690] causing search overtime: "EyeMask_Black"
 3:37:22.551 [CE][LootRespawner] (PRIDummy) :: Item [691] causing search overtime: "EyeMask_Yellow"
 3:37:22.676 [CE][LootRespawner] (PRIDummy) :: Item [692] causing search overtime: "MimeMask_Male"
 3:37:22.805 [CE][LootRespawner] (PRIDummy) :: Item [693] causing search overtime: "EyeMask_Blue"
 3:37:22.931 [CE][LootRespawner] (PRIDummy) :: Item [694] causing search overtime: "EyeMask_Red"
 3:37:23.57 [CE][LootRespawner] (PRIDummy) :: Item [695] causing search overtime: "Chestplate"
 3:37:23.182 !!! [CE][Spawn] Character "ZmbF_ShortSkirt_brown" at 4614.994141, 7732.790039
 3:37:54.641 [CE][LootRespawner] (PRIDummy) :: Item [696] causing search overtime: "Chestplate"
 3:37:54.786 [CE][LootRespawner] (PRIDummy) :: Item [697] causing search overtime: "GreatHelm"
 3:37:54.923 [CE][LootRespawner] (PRIDummy) :: Item [698] causing search overtime: "WoolGlovesFingerless_ChristmasBlue"
 3:37:55.49 [CE][LootRespawner] (PRIDummy) :: Item [699] causing search overtime: "Sword"
 3:37:55.185 [CE][LootRespawner] (PRIDummy) :: Item [700] causing search overtime: "Chainmail_Leggings"
 3:37:55.334 [CE][LootRespawner] (PRIDummy) :: Item [701] causing search overtime: "WoolGloves_ChristmasBlue"
 3:37:55.499 [CE][LootRespawner] (PRIDummy) :: Item [702] causing search overtime: "Chainmail_Coif"
 3:37:55.656 [CE][LootRespawner] (PRIDummy) :: Item [703] causing search overtime: "MedievalBoots"
 3:37:55.958 [CE][LootRespawner] (PRIDummy) :: Item [704] causing search overtime: "HipPack_Party"
 3:37:56.95 [CE][LootRespawner] (PRIDummy) :: Item [705] causing search overtime: "STAG_Clothing_MountainBag"
 3:37:56.232 [CE][LootRespawner] (PRIDummy) :: Item [706] causing search overtime: "MimeMask_Female"
 3:37:56.399 [CE][LootRespawner] (PRIDummy) :: Item [707] causing search overtime: "EyeMask_Black"
 3:37:56.570 [CE][LootRespawner] (PRIDummy) :: Item [708] causing search overtime: "EyeMask_Yellow"
 3:37:56.719 [CE][LootRespawner] (PRIDummy) :: Item [709] causing search overtime: "MimeMask_Male"
 3:37:56.869 [CE][LootRespawner] (PRIDummy) :: Item [710] causing search overtime: "EyeMask_Blue"
 3:37:57.09 [CE][LootRespawner] (PRIDummy) :: Item [711] causing search overtime: "EyeMask_Red"
 3:37:57.149 [CE][LootRespawner] (PRIDummy) :: Item [712] causing search overtime: "Mace"
 3:37:57.289 [CE][LootRespawner] (PRIDummy) :: Item [713] causing search overtime: "Chainmail"
 3:37:57.426 [CE][LootRespawner] (PRIDummy) :: Item [714] causing search overtime: "WoolGlovesFingerless_ChristmasRed"
 3:37:57.566 !!! [CE][Spawn] Character "ZmbM_CitizenBFat_Red" at 4727.637207, 7461.752930
 3:38:29.307 [CE][LootRespawner] (PRIDummy) :: Item [715] causing search overtime: "WoolGlovesFingerless_ChristmasRed"
 3:38:29.412 [CE][LootRespawner] (PRIDummy) :: Item [716] causing search overtime: "WoolGloves_ChristmasRed"
 3:38:29.530 [CE][LootRespawner] (PRIDummy) :: Item [586] is hard to place, performance drops: "SA_Loot_Chest_Red"
 3:38:29.530 [CE][LootRespawner] (PRIDummy) :: Item [587] is hard to place, performance drops: "SA_Loot_Chest_Red"
 3:38:29.530 [CE][LootRespawner] (PRIDummy) :: Item [588] is hard to place, performance drops: "SA_Loot_Chest_Red"
 3:38:29.530 [CE][LootRespawner] (PRIDummy) :: Item [589] is hard to place, performance drops: "SA_Loot_Chest_Red"
 3:38:29.530 [CE][LootRespawner] (PRIDummy) :: Item [590] is hard to place, performance drops: "SA_Loot_Chest_Red"
 3:38:29.530 [CE][LootRespawner] (PRIDummy) :: Item [591] is hard to place, performance drops: "SA_Loot_Chest_Red"
 3:38:29.530 [CE][LootRespawner] (PRIDummy) :: Item [592] is hard to place, performance drops: "SA_Loot_Chest_Red"
 3:38:29.530 [CE][LootRespawner] (PRIDummy) :: Item [593] is hard to place, performance drops: "SA_Loot_Chest_Red"
 3:38:29.530 [CE][LootRespawner] (PRIDummy) :: Item [594] is hard to place, performance drops: "SA_Loot_Chest_Red"
 3:38:29.530 [CE][LootRespawner] (PRIDummy) :: Item [717] causing search overtime: "SA_Loot_Chest_Red"
 3:38:29.644 [CE][LootRespawner] (PRIDummy) :: Item [595] is hard to place, performance drops: "FOG_Bag_6ShBagT_Green"
 3:38:29.644 [CE][LootRespawner] (PRIDummy) :: Item [718] causing search overtime: "FOG_Bag_6ShBagT_Green"
 3:38:29.990 [CE][LootRespawner] (PRIDummy) :: Item [719] causing search overtime: "HipPack_Party"
 3:38:30.98 [CE][LootRespawner] (PRIDummy) :: Item [720] causing search overtime: "STAG_Clothing_MountainBag"
 3:38:30.201 [CE][LootRespawner] (PRIDummy) :: Item [721] causing search overtime: "MimeMask_Female"
 3:38:30.311 [CE][LootRespawner] (PRIDummy) :: Item [722] causing search overtime: "EyeMask_Black"
 3:38:30.412 [CE][LootRespawner] (PRIDummy) :: Item [723] causing search overtime: "EyeMask_Yellow"
 3:38:30.519 [CE][LootRespawner] (PRIDummy) :: Item [724] causing search overtime: "MimeMask_Male"
 3:38:30.626 [CE][LootRespawner] (PRIDummy) :: Item [725] causing search overtime: "EyeMask_Blue"
 3:38:30.748 [CE][LootRespawner] (PRIDummy) :: Item [726] causing search overtime: "EyeMask_Red"
 3:38:30.860 [CE][LootRespawner] (PRIDummy) :: Item [727] causing search overtime: "Chestplate"
 3:38:30.983 [CE][LootRespawner] (PRIDummy) :: Item [728] causing search overtime: "GreatHelm"
 3:38:31.88 [CE][LootRespawner] (PRIDummy) :: Item [729] causing search overtime: "WoolGlovesFingerless_ChristmasBlue"
 3:38:31.188 [CE][LootRespawner] (PRIDummy) :: Item [730] causing search overtime: "Sword"
 3:38:31.291 !!! [CE][Spawn] Character "ZmbF_ShortSkirt_checks" at 4550.814453, 7208.321777
 3:39:01.580 [CE][LootRespawner] (PRIDummy) :: Item [731] causing search overtime: "Sword"
 3:39:01.700 [CE][LootRespawner] (PRIDummy) :: Item [732] causing search overtime: "Chainmail_Leggings"
 3:39:01.830 [CE][LootRespawner] (PRIDummy) :: Item [733] causing search overtime: "WoolGloves_ChristmasBlue"
 3:39:02.77 [CE][LootRespawner] (PRIDummy) :: Item [734] causing search overtime: "Chainmail_Coif"
 3:39:02.204 [CE][LootRespawner] (PRIDummy) :: Item [735] causing search overtime: "MedievalBoots"
 3:39:02.320 [CE][LootRespawner] (PRIDummy) :: Item [736] causing search overtime: "Mace"
 3:39:02.437 [CE][LootRespawner] (PRIDummy) :: Item [737] causing search overtime: "Chainmail"
 3:39:02.683 [CE][LootRespawner] (PRIDummy) :: Item [596] is hard to place, performance drops: "FOG_MTF_Shirt_MC"
 3:39:02.683 [CE][LootRespawner] (PRIDummy) :: Item [597] is hard to place, performance drops: "FOG_MTF_Shirt_MC"
 3:39:02.683 [CE][LootRespawner] (PRIDummy) :: Item [598] is hard to place, performance drops: "FOG_MTF_Shirt_MC"
 3:39:02.683 [CE][LootRespawner] (PRIDummy) :: Item [599] is hard to place, performance drops: "FOG_MTF_Shirt_MC"
 3:39:02.683 [CE][LootRespawner] (PRIDummy) :: Item [600] is hard to place, performance drops: "FOG_MTF_Shirt_MC"
 3:39:03.183 [CE][LootRespawner] (PRIDummy) :: Item [738] causing search overtime: "HipPack_Party"
 3:39:03.313 [CE][LootRespawner] (PRIDummy) :: Item [739] causing search overtime: "STAG_Clothing_MountainBag"
 3:39:03.439 [CE][LootRespawner] (PRIDummy) :: Item [740] causing search overtime: "MimeMask_Female"
 3:39:03.565 [CE][LootRespawner] (PRIDummy) :: Item [741] causing search overtime: "EyeMask_Black"
 3:39:03.683 [CE][LootRespawner] (PRIDummy) :: Item [742] causing search overtime: "EyeMask_Yellow"
 3:39:03.796 [CE][LootRespawner] (PRIDummy) :: Item [743] causing search overtime: "MimeMask_Male"
 3:39:03.908 [CE][LootRespawner] (PRIDummy) :: Item [744] causing search overtime: "EyeMask_Blue"
 3:39:04.05 !!! [CE][Spawn] Character "ZmbM_PatrolNormal_PautRev" at 7660.250000, 1509.744141
 3:39:04.06 !!! [CE][Spawn] Character "ZmbF_BlueCollarFat_White" at 4317.407227, 7363.662598
 3:39:31.485 [CE][LootRespawner] (PRIDummy) :: Item [745] causing search overtime: "EyeMask_Blue"
 3:39:31.601 [CE][LootRespawner] (PRIDummy) :: Item [746] causing search overtime: "EyeMask_Red"
 3:39:31.704 [CE][LootRespawner] (PRIDummy) :: Item [747] causing search overtime: "Chestplate"
 3:39:31.805 [CE][LootRespawner] (PRIDummy) :: Item [748] causing search overtime: "GreatHelm"
 3:39:31.921 [CE][LootRespawner] (PRIDummy) :: Item [749] causing search overtime: "WoolGlovesFingerless_ChristmasBlue"
 3:39:32.50 [CE][LootRespawner] (PRIDummy) :: Item [750] causing search overtime: "WoolGlovesFingerless_ChristmasRed"
 3:39:32.139 [CE][LootRespawner] (PRIDummy) :: Item [751] causing search overtime: "WoolGloves_ChristmasRed"
 3:39:32.245 [CE][LootRespawner] (PRIDummy) :: Item [601] is hard to place, performance drops: "SA_Loot_Chest_Red"
 3:39:32.245 [CE][LootRespawner] (PRIDummy) :: Item [602] is hard to place, performance drops: "SA_Loot_Chest_Red"
 3:39:32.245 [CE][LootRespawner] (PRIDummy) :: Item [603] is hard to place, performance drops: "SA_Loot_Chest_Red"
 3:39:32.392 [CE][LootRespawner] (PRIDummy) :: Item [604] is hard to place, performance drops: "FOG_Bag_6ShBagT_Green"
 3:39:32.392 [CE][LootRespawner] (PRIDummy) :: Item [752] causing search overtime: "FOG_Bag_6ShBagT_Green"
 3:39:32.477 [CE][LootRespawner] (PRIDummy) :: Item [605] is hard to place, performance drops: "FOG_MTF_Shirt_RG"
 3:39:32.477 [CE][LootRespawner] (PRIDummy) :: Item [606] is hard to place, performance drops: "FOG_MTF_Shirt_RG"
 3:39:32.477 [CE][LootRespawner] (PRIDummy) :: Item [607] is hard to place, performance drops: "FOG_MTF_Shirt_RG"
 3:39:32.477 [CE][LootRespawner] (PRIDummy) :: Item [608] is hard to place, performance drops: "FOG_MTF_Shirt_RG"
 3:39:32.477 [CE][LootRespawner] (PRIDummy) :: Item [609] is hard to place, performance drops: "FOG_MTF_Shirt_RG"
 3:39:32.477 [CE][LootRespawner] (PRIDummy) :: Item [610] is hard to place, performance drops: "FOG_MTF_Shirt_RG"
 3:39:32.477 [CE][LootRespawner] (PRIDummy) :: Item [611] is hard to place, performance drops: "FOG_MTF_Shirt_RG"
 3:39:32.874 [CE][LootRespawner] (PRIDummy) :: Item [612] is hard to place, performance drops: "FOG_MTF_Shirt_ERDL"
 3:39:32.874 [CE][LootRespawner] (PRIDummy) :: Item [613] is hard to place, performance drops: "FOG_MTF_Shirt_ERDL"
 3:39:32.874 [CE][LootRespawner] (PRIDummy) :: Item [614] is hard to place, performance drops: "FOG_MTF_Shirt_ERDL"
 3:39:32.874 [CE][LootRespawner] (PRIDummy) :: Item [615] is hard to place, performance drops: "FOG_MTF_Shirt_ERDL"
 3:39:32.875 [CE][LootRespawner] (PRIDummy) :: Item [616] is hard to place, performance drops: "FOG_MTF_Shirt_ERDL"
 3:39:32.977 [CE][LootRespawner] (PRIDummy) :: Item [617] is hard to place, performance drops: "FOG_MTF_Shirt_Grey"
 3:39:32.977 [CE][LootRespawner] (PRIDummy) :: Item [618] is hard to place, performance drops: "FOG_MTF_Shirt_Grey"
 3:39:33.491 [CE][LootRespawner] (PRIDummy) :: Item [753] causing search overtime: "HipPack_Party"
 3:39:33.592 !!! [CE][Spawn] Character "ZmbM_SkaterYoung_Grey" at 4155.814941, 7479.202637
 3:40:01.552 [CE][LootRespawner] (PRIDummy) :: Item [754] causing search overtime: "HipPack_Party"
 3:40:01.652 [CE][LootRespawner] (PRIDummy) :: Item [755] causing search overtime: "STAG_Clothing_MountainBag"
 3:40:01.753 [CE][LootRespawner] (PRIDummy) :: Item [756] causing search overtime: "MimeMask_Female"
 3:40:01.863 [CE][LootRespawner] (PRIDummy) :: Item [757] causing search overtime: "EyeMask_Black"
 3:40:01.971 [CE][LootRespawner] (PRIDummy) :: Item [758] causing search overtime: "EyeMask_Yellow"
 3:40:02.70 [CE][LootRespawner] (PRIDummy) :: Item [759] causing search overtime: "MimeMask_Male"
 3:40:02.201 [CE][LootRespawner] (PRIDummy) :: Item [760] causing search overtime: "Sword"
 3:40:02.368 [CE][LootRespawner] (PRIDummy) :: Item [761] causing search overtime: "Chainmail_Leggings"
 3:40:02.490 [CE][LootRespawner] (PRIDummy) :: Item [762] causing search overtime: "WoolGloves_ChristmasBlue"
 3:40:02.596 [CE][LootRespawner] (PRIDummy) :: Item [763] causing search overtime: "Chainmail_Coif"
 3:40:02.738 [CE][LootRespawner] (PRIDummy) :: Item [764] causing search overtime: "MedievalBoots"
 3:40:02.860 [CE][LootRespawner] (PRIDummy) :: Item [765] causing search overtime: "Mace"
 3:40:02.970 [CE][LootRespawner] (PRIDummy) :: Item [766] causing search overtime: "Chainmail"
 3:40:03.313 [CE][LootRespawner] (PRIDummy) :: Item [767] causing search overtime: "EyeMask_Blue"
 3:40:03.446 [CE][LootRespawner] (PRIDummy) :: Item [768] causing search overtime: "EyeMask_Red"
 3:40:03.565 [CE][LootRespawner] (PRIDummy) :: Item [769] causing search overtime: "Chestplate"
 3:40:03.683 [CE][LootRespawner] (PRIDummy) :: Item [770] causing search overtime: "GreatHelm"
 3:40:03.778 [CE][LootRespawner] (PRIDummy) :: Item [771] causing search overtime: "WoolGlovesFingerless_ChristmasBlue"
 3:40:03.909 !!! [CE][Spawn] Character "ZmbM_JournalistSkinny" at 4189.952148, 7724.142578
 3:40:30.589 [CE][LootRespawner] (PRIDummy) :: Item [772] causing search overtime: "WoolGlovesFingerless_ChristmasBlue"
 3:40:30.690 [CE][LootRespawner] (PRIDummy) :: Item [773] causing search overtime: "WoolGlovesFingerless_ChristmasRed"
 3:40:30.788 [CE][LootRespawner] (PRIDummy) :: Item [774] causing search overtime: "WoolGloves_ChristmasRed"
 3:40:30.890 [CE][LootRespawner] (PRIDummy) :: Item [619] is hard to place, performance drops: "FOG_Bag_6ShBagT_Green"
 3:40:30.890 [CE][LootRespawner] (PRIDummy) :: Item [775] causing search overtime: "FOG_Bag_6ShBagT_Green"
 3:40:31.200 [CE][LootRespawner] (PRIDummy) :: Item [776] causing search overtime: "HipPack_Party"
 3:40:31.302 [CE][LootRespawner] (PRIDummy) :: Item [777] causing search overtime: "STAG_Clothing_MountainBag"
 3:40:31.408 [CE][LootRespawner] (PRIDummy) :: Item [778] causing search overtime: "MimeMask_Female"
 3:40:31.509 [CE][LootRespawner] (PRIDummy) :: Item [779] causing search overtime: "EyeMask_Black"
 3:40:31.615 [CE][LootRespawner] (PRIDummy) :: Item [780] causing search overtime: "EyeMask_Yellow"
 3:40:31.715 [CE][LootRespawner] (PRIDummy) :: Item [781] causing search overtime: "MimeMask_Male"
 3:40:31.824 [CE][LootRespawner] (PRIDummy) :: Item [782] causing search overtime: "EyeMask_Blue"
 3:40:31.928 [CE][LootRespawner] (PRIDummy) :: Item [783] causing search overtime: "EyeMask_Red"
 3:40:32.25 [CE][LootRespawner] (PRIDummy) :: Item [784] causing search overtime: "Chestplate"
 3:40:32.135 [CE][LootRespawner] (PRIDummy) :: Item [785] causing search overtime: "GreatHelm"
 3:40:32.240 [CE][LootRespawner] (PRIDummy) :: Item [786] causing search overtime: "Sword"
 3:40:32.440 [CE][LootRespawner] (PRIDummy) :: Item [787] causing search overtime: "Chainmail_Leggings"
 3:40:32.541 [CE][LootRespawner] (PRIDummy) :: Item [788] causing search overtime: "WoolGloves_ChristmasBlue"
 3:40:32.645 !!! [CE][Spawn] Character "ZmbM_usSoldier_normal_Woodland" at 7390.003906, 1474.005249
 3:40:32.645 !!! [CE][Spawn] Character "ZmbM_SoldierNormal" at 7618.107910, 1537.503418
 3:40:32.646 !!! [CE][Spawn] Character "ZmbM_PatrolNormal_PautRev" at 7559.764648, 1591.450928
 3:40:32.647 !!! [CE][Spawn] Character "ZmbM_SkaterYoung_Grey" at 4418.937012, 7656.224121
 3:40:58.159 [CE][LootRespawner] (PRIDummy) :: Item [789] causing search overtime: "WoolGloves_ChristmasBlue"
 3:40:58.254 [CE][LootRespawner] (PRIDummy) :: Item [790] causing search overtime: "Chainmail_Coif"
 3:40:58.364 [CE][LootRespawner] (PRIDummy) :: Item [791] causing search overtime: "MedievalBoots"
 3:40:58.457 [CE][LootRespawner] (PRIDummy) :: Item [792] causing search overtime: "Mace"
 3:40:58.564 [CE][LootRespawner] (PRIDummy) :: Item [793] causing search overtime: "Chainmail"
 3:40:58.969 [CE][LootRespawner] (PRIDummy) :: Item [794] causing search overtime: "HipPack_Party"
 3:40:59.69 [CE][LootRespawner] (PRIDummy) :: Item [795] causing search overtime: "STAG_Clothing_MountainBag"
 3:40:59.187 [CE][LootRespawner] (PRIDummy) :: Item [796] causing search overtime: "MimeMask_Female"
 3:40:59.294 [CE][LootRespawner] (PRIDummy) :: Item [797] causing search overtime: "EyeMask_Black"
 3:40:59.396 [CE][LootRespawner] (PRIDummy) :: Item [798] causing search overtime: "EyeMask_Yellow"
 3:40:59.499 [CE][LootRespawner] (PRIDummy) :: Item [799] causing search overtime: "MimeMask_Male"
 3:40:59.592 [CE][LootRespawner] (PRIDummy) :: Item [800] causing search overtime: "EyeMask_Blue"
 3:40:59.693 [CE][LootRespawner] (PRIDummy) :: Item [801] causing search overtime: "EyeMask_Red"
 3:40:59.797 [CE][LootRespawner] (PRIDummy) :: Item [802] causing search overtime: "Chestplate"
 3:40:59.898 [CE][LootRespawner] (PRIDummy) :: Item [803] causing search overtime: "GreatHelm"
 3:41:00.03 [CE][LootRespawner] (PRIDummy) :: Item [804] causing search overtime: "WoolGlovesFingerless_ChristmasBlue"
 3:41:00.138 [CE][LootRespawner] (PRIDummy) :: Item [805] causing search overtime: "Sword"
 3:41:00.260 !!! [CE][Spawn] Character "ZmbM_CitizenASkinny_Grey" at 4700.708496, 7670.501465
 3:41:26.49 [CE][LootRespawner] (PRIDummy) :: Item [806] causing search overtime: "Sword"
 3:41:26.178 [CE][LootRespawner] (PRIDummy) :: Item [807] causing search overtime: "Chainmail_Leggings"
 3:41:26.289 [CE][LootRespawner] (PRIDummy) :: Item [808] causing search overtime: "WoolGlovesFingerless_ChristmasRed"
 3:41:26.411 [CE][LootRespawner] (PRIDummy) :: Item [809] causing search overtime: "WoolGloves_ChristmasRed"
 3:41:26.649 [CE][LootRespawner] (PRIDummy) :: Item [620] is hard to place, performance drops: "FOG_Bag_6ShBagT_Green"
 3:41:26.649 [CE][LootRespawner] (PRIDummy) :: Item [810] causing search overtime: "FOG_Bag_6ShBagT_Green"
 3:41:27.306 [CE][LootRespawner] (PRIDummy) :: Item [811] causing search overtime: "HipPack_Party"
 3:41:27.431 [CE][LootRespawner] (PRIDummy) :: Item [812] causing search overtime: "STAG_Clothing_MountainBag"
 3:41:27.549 [CE][LootRespawner] (PRIDummy) :: Item [813] causing search overtime: "MimeMask_Female"
 3:41:27.679 [CE][LootRespawner] (PRIDummy) :: Item [814] causing search overtime: "EyeMask_Black"
 3:41:27.774 [CE][LootRespawner] (PRIDummy) :: Item [815] causing search overtime: "EyeMask_Yellow"
 3:41:27.878 [CE][LootRespawner] (PRIDummy) :: Item [816] causing search overtime: "MimeMask_Male"
 3:41:27.979 [CE][LootRespawner] (PRIDummy) :: Item [817] causing search overtime: "EyeMask_Blue"
 3:41:28.78 [CE][LootRespawner] (PRIDummy) :: Item [818] causing search overtime: "EyeMask_Red"
 3:41:28.180 [CE][LootRespawner] (PRIDummy) :: Item [819] causing search overtime: "Chestplate"
 3:41:28.285 !!! [CE][Spawn] Character "ZmbF_SkaterYoung_Striped" at 4575.462891, 7423.413086
 3:41:53.872 [CE][LootRespawner] (PRIDummy) :: Item [820] causing search overtime: "Chestplate"
 3:41:53.975 [CE][LootRespawner] (PRIDummy) :: Item [821] causing search overtime: "GreatHelm"
 3:41:54.185 [CE][LootRespawner] (PRIDummy) :: Item [822] causing search overtime: "WoolGlovesFingerless_ChristmasBlue"
 3:41:54.275 [CE][LootRespawner] (PRIDummy) :: Item [823] causing search overtime: "WoolGloves_ChristmasBlue"
 3:41:54.488 [CE][LootRespawner] (PRIDummy) :: Item [824] causing search overtime: "Chainmail_Coif"
 3:41:54.589 [CE][LootRespawner] (PRIDummy) :: Item [825] causing search overtime: "MedievalBoots"
 3:41:54.694 [CE][LootRespawner] (PRIDummy) :: Item [826] causing search overtime: "Mace"
 3:41:54.819 [CE][LootRespawner] (PRIDummy) :: Item [827] causing search overtime: "Chainmail"
 3:41:55.234 [CE][LootRespawner] (PRIDummy) :: Item [828] causing search overtime: "HipPack_Party"
 3:41:55.334 [CE][LootRespawner] (PRIDummy) :: Item [829] causing search overtime: "STAG_Clothing_MountainBag"
 3:41:55.441 [CE][LootRespawner] (PRIDummy) :: Item [830] causing search overtime: "MimeMask_Female"
 3:41:55.556 [CE][LootRespawner] (PRIDummy) :: Item [831] causing search overtime: "EyeMask_Black"
 3:41:55.660 [CE][LootRespawner] (PRIDummy) :: Item [832] causing search overtime: "EyeMask_Yellow"
 3:41:55.758 [CE][LootRespawner] (PRIDummy) :: Item [833] causing search overtime: "MimeMask_Male"
 3:41:55.856 [CE][LootRespawner] (PRIDummy) :: Item [834] causing search overtime: "EyeMask_Blue"
 3:41:55.956 !!! [CE][Spawn] Character "ZmbM_usSoldier_normal_Woodland" at 7624.346680, 1643.002197
 3:41:55.957 !!! [CE][Spawn] Character "ZmbM_CommercialPilotOld_Brown" at 4444.095703, 7202.067871
 3:41:57.288 !!! [CE][Point] Removing 4752.982422, 7499.064453 from PearTree3
 3:42:23.171 [CE][LootRespawner] (PRIDummy) :: Item [835] causing search overtime: "EyeMask_Blue"
 3:42:23.269 [CE][LootRespawner] (PRIDummy) :: Item [836] causing search overtime: "EyeMask_Red"
 3:42:23.472 [CE][LootRespawner] (PRIDummy) :: Item [837] causing search overtime: "Sword"
 3:42:23.573 [CE][LootRespawner] (PRIDummy) :: Item [838] causing search overtime: "Chainmail_Leggings"
 3:42:23.675 [CE][LootRespawner] (PRIDummy) :: Item [839] causing search overtime: "WoolGlovesFingerless_ChristmasRed"
 3:42:23.776 [CE][LootRespawner] (PRIDummy) :: Item [840] causing search overtime: "WoolGloves_ChristmasRed"
 3:42:23.978 [CE][LootRespawner] (PRIDummy) :: Item [621] is hard to place, performance drops: "FOG_TV110T_FastMag_Black"
 3:42:23.978 [CE][LootRespawner] (PRIDummy) :: Item [622] is hard to place, performance drops: "FOG_TV110T_FastMag_Black"
 3:42:23.978 [CE][LootRespawner] (PRIDummy) :: Item [623] is hard to place, performance drops: "FOG_TV110T_FastMag_Black"
 3:42:24.187 [CE][LootRespawner] (PRIDummy) :: Item [624] is hard to place, performance drops: "FOG_Bag_6ShBagT_Green"
 3:42:24.187 [CE][LootRespawner] (PRIDummy) :: Item [841] causing search overtime: "FOG_Bag_6ShBagT_Green"
 3:42:24.393 [CE][LootRespawner] (PRIDummy) :: Item [842] causing search overtime: "HipPack_Party"
 3:42:24.491 [CE][LootRespawner] (PRIDummy) :: Item [843] causing search overtime: "STAG_Clothing_MountainBag"
 3:42:24.590 [CE][LootRespawner] (PRIDummy) :: Item [844] causing search overtime: "MimeMask_Female"
 3:42:24.696 [CE][LootRespawner] (PRIDummy) :: Item [845] causing search overtime: "EyeMask_Black"
 3:42:24.798 [CE][LootRespawner] (PRIDummy) :: Item [846] causing search overtime: "EyeMask_Yellow"
 3:42:24.905 [CE][LootRespawner] (PRIDummy) :: Item [847] causing search overtime: "MimeMask_Male"
 3:42:25.02 [CE][LootRespawner] (PRIDummy) :: Item [848] causing search overtime: "Chestplate"
 3:42:25.103 [CE][LootRespawner] (PRIDummy) :: Item [849] causing search overtime: "GreatHelm"
 3:42:25.206 !!! [CE][Spawn] Character "ZmbM_SkaterYoung_Green" at 4194.609375, 7316.636230
 3:42:50.780 [CE][LootRespawner] (PRIDummy) :: Item [850] causing search overtime: "GreatHelm"
 3:42:50.982 [CE][LootRespawner] (PRIDummy) :: Item [851] causing search overtime: "WoolGlovesFingerless_ChristmasBlue"
 3:42:51.185 [CE][LootRespawner] (PRIDummy) :: Item [852] causing search overtime: "WoolGloves_ChristmasBlue"
 3:42:51.290 [CE][LootRespawner] (PRIDummy) :: Item [853] causing search overtime: "Chainmail_Coif"
 3:42:51.388 [CE][LootRespawner] (PRIDummy) :: Item [854] causing search overtime: "MedievalBoots"
 3:42:51.492 [CE][LootRespawner] (PRIDummy) :: Item [855] causing search overtime: "Mace"
 3:42:51.595 [CE][LootRespawner] (PRIDummy) :: Item [856] causing search overtime: "Chainmail"
 3:42:52.215 [CE][LootRespawner] (PRIDummy) :: Item [857] causing search overtime: "HipPack_Party"
 3:42:52.318 [CE][LootRespawner] (PRIDummy) :: Item [858] causing search overtime: "STAG_Clothing_MountainBag"
 3:42:52.418 [CE][LootRespawner] (PRIDummy) :: Item [859] causing search overtime: "MimeMask_Female"
 3:42:52.526 [CE][LootRespawner] (PRIDummy) :: Item [860] causing search overtime: "EyeMask_Black"
 3:42:52.614 [CE][LootRespawner] (PRIDummy) :: Item [861] causing search overtime: "EyeMask_Yellow"
 3:42:52.719 [CE][LootRespawner] (PRIDummy) :: Item [862] causing search overtime: "MimeMask_Male"
 3:42:52.819 [CE][LootRespawner] (PRIDummy) :: Item [863] causing search overtime: "EyeMask_Blue"
 3:42:52.922 !!! [CE][Spawn] Character "ZmbF_SurvivorNormal_White" at 4286.340820, 7533.937500
 3:42:53.31 !!! [CE][Point] Removing 4322.132813, 7316.716797 from QuercusRobur_2d
 3:43:18.600 [CE][LootRespawner] (PRIDummy) :: Item [864] causing search overtime: "EyeMask_Blue"
 3:43:18.697 [CE][LootRespawner] (PRIDummy) :: Item [865] causing search overtime: "EyeMask_Red"
 3:43:18.803 [CE][LootRespawner] (PRIDummy) :: Item [866] causing search overtime: "Chestplate"
 3:43:18.903 [CE][LootRespawner] (PRIDummy) :: Item [867] causing search overtime: "Sword"
 3:43:19.03 [CE][LootRespawner] (PRIDummy) :: Item [868] causing search overtime: "Chainmail_Leggings"
 3:43:19.104 [CE][LootRespawner] (PRIDummy) :: Item [869] causing search overtime: "WoolGlovesFingerless_ChristmasRed"
 3:43:19.205 [CE][LootRespawner] (PRIDummy) :: Item [870] causing search overtime: "WoolGloves_ChristmasRed"
 3:43:19.304 [CE][LootRespawner] (PRIDummy) :: Item [625] is hard to place, performance drops: "FOG_Bag_6ShBagT_Green"
 3:43:19.304 [CE][LootRespawner] (PRIDummy) :: Item [871] causing search overtime: "FOG_Bag_6ShBagT_Green"
 3:43:19.913 [CE][LootRespawner] (PRIDummy) :: Item [872] causing search overtime: "HipPack_Party"
 3:43:20.13 [CE][LootRespawner] (PRIDummy) :: Item [873] causing search overtime: "STAG_Clothing_MountainBag"
 3:43:20.321 [CE][LootRespawner] (PRIDummy) :: Item [874] causing search overtime: "MimeMask_Female"
 3:43:20.418 [CE][LootRespawner] (PRIDummy) :: Item [875] causing search overtime: "EyeMask_Black"
 3:43:20.519 !!! [CE][Spawn] Character "ZmbF_JournalistNormal_Red" at 4295.359375, 7716.012695
 3:43:20.519 !!! [CE][Spawn] Character "ZmbM_HunterOld_Autumn" at 4149.184082, 6838.142090
 3:43:20.520 !!! [CE][Spawn] Character "ZmbM_HunterOld_Spring" at 4126.355469, 6974.179199
 3:43:20.520 !!! [CE][Spawn] Character "ZmbM_FishermanOld_Grey" at 4268.309570, 6977.873047
 3:43:20.520 !!! [CE][Spawn] Character "ZmbM_HunterOld_Spring" at 4412.113281, 6920.107910
 3:43:20.521 !!! [CE][Spawn] Character "ZmbF_HikerSkinny_Red" at 4353.133789, 6776.973633
 3:43:20.523 !!! [CE][Spawn] Character "ZmbM_HunterOld_Autumn" at 4087.467041, 7142.963379
 3:43:20.523 !!! [CE][Spawn] Character "ZmbM_HunterOld_Summer" at 4116.389160, 7118.899902
 3:43:20.524 !!! [CE][Spawn] Character "ZmbM_HunterOld_Summer" at 4096.182129, 7093.311035
 3:43:20.524 !!! [CE][Spawn] Character "ZmbM_HermitSkinny_Red" at 4087.856445, 7069.147949
 3:43:20.525 !!! [CE][Spawn] Character "ZmbF_HikerSkinny_Green" at 4070.622070, 7087.905762
 3:43:23.90 !!! [CE][Point] Removing 4322.354980, 7318.993164 from QuercusRobur_2d
 3:43:45.845 [CE][LootRespawner] (PRIDummy) :: Item [876] causing search overtime: "EyeMask_Black"
 3:43:45.946 [CE][LootRespawner] (PRIDummy) :: Item [877] causing search overtime: "EyeMask_Yellow"
 3:43:46.45 [CE][LootRespawner] (PRIDummy) :: Item [878] causing search overtime: "MimeMask_Male"
 3:43:46.245 [CE][LootRespawner] (PRIDummy) :: Item [879] causing search overtime: "GreatHelm"
 3:43:46.345 [CE][LootRespawner] (PRIDummy) :: Item [880] causing search overtime: "WoolGlovesFingerless_ChristmasBlue"
 3:43:46.446 [CE][LootRespawner] (PRIDummy) :: Item [626] is hard to place, performance drops: "FOG_Pouch_Tall_Spiritus_M81"
 3:43:46.547 [CE][LootRespawner] (PRIDummy) :: Item [881] causing search overtime: "WoolGloves_ChristmasBlue"
 3:43:46.650 [CE][LootRespawner] (PRIDummy) :: Item [882] causing search overtime: "Chainmail_Coif"
 3:43:46.749 [CE][LootRespawner] (PRIDummy) :: Item [883] causing search overtime: "MedievalBoots"
 3:43:46.850 [CE][LootRespawner] (PRIDummy) :: Item [884] causing search overtime: "Mace"
 3:43:46.950 [CE][LootRespawner] (PRIDummy) :: Item [885] causing search overtime: "Chainmail"
 3:43:47.271 [CE][LootRespawner] (PRIDummy) :: Item [886] causing search overtime: "HipPack_Party"
 3:43:47.369 [CE][LootRespawner] (PRIDummy) :: Item [887] causing search overtime: "STAG_Clothing_MountainBag"
 3:43:47.676 [CE][LootRespawner] (PRIDummy) :: Item [888] causing search overtime: "MimeMask_Female"
 3:43:47.780 [CE][LootRespawner] (PRIDummy) :: Item [889] causing search overtime: "EyeMask_Blue"
 3:43:47.882 !!! [CE][Spawn] Character "ZmbM_usSoldier_normal_Desert" at 7405.305664, 1534.109131
 3:43:47.883 !!! [CE][Spawn] Character "ZmbM_usSoldier_normal_Desert" at 7459.057129, 1563.331299
 3:43:47.883 !!! [CE][Spawn] Character "ZmbM_usSoldier_normal_Woodland" at 7519.514648, 1537.414429
 3:43:47.885 !!! [CE][Spawn] Character "ZmbM_usSoldier_Officer_Desert" at 7522.395996, 1471.822021
 3:43:47.886 !!! [CE][Spawn] Character "ZmbM_PatrolNormal_Flat" at 7472.157715, 1446.150757
 3:43:47.887 !!! [CE][Spawn] Character "ZmbM_usSoldier_normal_Woodland" at 7421.379395, 1446.699341
 3:43:47.888 !!! [CE][Spawn] Character "ZmbM_PatrolNormal_PautRev" at 7422.266602, 1495.146729
 3:43:47.890 !!! [CE][Spawn] Character "ZmbM_CitizenBFat_Blue" at 4528.644531, 7574.578613
 3:43:47.892 !!! [CE][Spawn] Character "ZmbM_SkaterYoung_Brown" at 4536.712402, 7434.193359
 3:43:47.893 !!! [CE][Spawn] Character "ZmbF_ShortSkirt_yellow" at 4416.176758, 7318.300781
 3:43:47.894 !!! [CE][Spawn] Character "ZmbM_PrisonerSkinny" at 1741.930786, 4749.866211
 3:44:12.968 [CE][LootRespawner] (PRIDummy) :: Item [890] causing search overtime: "EyeMask_Blue"
 3:44:13.70 [CE][LootRespawner] (PRIDummy) :: Item [891] causing search overtime: "EyeMask_Red"
 3:44:13.168 [CE][LootRespawner] (PRIDummy) :: Item [892] causing search overtime: "Chestplate"
 3:44:13.481 [CE][LootRespawner] (PRIDummy) :: Item [893] causing search overtime: "Sword"
 3:44:13.581 [CE][LootRespawner] (PRIDummy) :: Item [894] causing search overtime: "Chainmail_Leggings"
 3:44:13.686 [CE][LootRespawner] (PRIDummy) :: Item [627] is hard to place, performance drops: "STAG_Clothing_Boots"
 3:44:13.787 [CE][LootRespawner] (PRIDummy) :: Item [895] causing search overtime: "WoolGlovesFingerless_ChristmasRed"
 3:44:13.886 [CE][LootRespawner] (PRIDummy) :: Item [896] causing search overtime: "WoolGloves_ChristmasRed"
 3:44:14.86 [CE][LootRespawner] (PRIDummy) :: Item [628] is hard to place, performance drops: "FOG_Bag_6ShBagT_Green"
 3:44:14.86 [CE][LootRespawner] (PRIDummy) :: Item [897] causing search overtime: "FOG_Bag_6ShBagT_Green"
 3:44:14.790 [CE][LootRespawner] (PRIDummy) :: Item [898] causing search overtime: "HipPack_Party"
 3:44:14.889 [CE][LootRespawner] (PRIDummy) :: Item [899] causing search overtime: "STAG_Clothing_MountainBag"
 3:44:14.989 !!! [CE][Spawn] Character "ZmbM_CitizenBFat_Blue" at 4265.736816, 7399.820801
 3:44:14.991 !!! [CE][Spawn] Character "ZmbM_PrisonerSkinny" at 1742.446655, 4716.774902
 3:44:14.992 !!! [CE][Spawn] Character "ZmbM_PrisonerSkinny" at 1720.786011, 4687.934082
 3:44:14.993 !!! [CE][Spawn] Character "ZmbM_PrisonerSkinny" at 1696.843384, 4713.558105
 3:44:14.994 !!! [CE][Spawn] Character "ZmbM_PrisonerSkinny" at 1685.152710, 4731.075195
 3:44:15.693 [CE][DE] [StaticHeliCrash] Spawning: EventID:[25] CurrentID:[425] at [2439.4,-1.0,2133.6] a: 0.000
 3:44:15.695 [CE][Links] found 0 total links between groups, of 9
 3:44:15.695 [CE][SpawnRandomLoot] (StaticHeliCrash) :: Type: Wreck_Mi8_Crashed, lootmin: 7, lootmax: 10, wanted: 8, deloot: 6, containermaxsum: 15
 3:44:15.733 [CE][SpawnRandomLoot] (StaticHeliCrash) :: EventID:[25] CurrentID[425] at [2437.52,2136.99]: 8 items added :: DELoot(6) other(2)
 3:44:15.733   Infected Zone for DynamicEvent "StaticHeliCrash" ID[425] at [2437.52,2136.99]...
 3:44:15.733 	(child) Spawned Wreck_Mi8_Crashed EventID:[25] CurrentID:[425] at [2437.5,106.8,2137.0] a: 0.020
 3:44:15.733 [CE][DE] [StaticHeliCrash] Spawning: EventID:[25] CurrentID:[426] at [7237.1,-1.0,3955.4] a: 0.000
 3:44:15.750 [CE][Links] found 0 total links between groups, of 10
 3:44:15.750 [CE][SpawnRandomLoot] (StaticHeliCrash) :: Type: Wreck_Mi8_Crashed, lootmin: 7, lootmax: 10, wanted: 8, deloot: 6, containermaxsum: 15
 3:44:15.756 [CE][SpawnRandomLoot] (StaticHeliCrash) :: EventID:[25] CurrentID[426] at [7235.33,3958.82]: 8 items added :: DELoot(5) other(3)
 3:44:15.756   1 DELoot not placed because (count >= nominal)
 3:44:15.756   Infected Zone for DynamicEvent "StaticHeliCrash" ID[426] at [7235.33,3958.82]...
 3:44:15.756 	(child) Spawned Wreck_Mi8_Crashed EventID:[25] CurrentID:[426] at [7235.3,13.7,3958.8] a: 0.287
 3:44:15.758 !!! [CE][Spawn] Character "ZmbM_SoldierNormal" at 7247.659180, 3944.460693
 3:44:15.759 !!! [CE][Spawn] Character "ZmbM_usSoldier_normal_Desert" at 7229.145508, 3932.735596
 3:44:15.759 !!! [CE][Spawn] Character "ZmbM_PatrolNormal_Flat" at 7207.624512, 3947.246094
 3:44:15.760 !!! [CE][Spawn] Character "ZmbM_PatrolNormal_PautRev" at 7208.876465, 3974.918213
 3:44:15.761 !!! [CE][Spawn] Character "ZmbM_PatrolNormal_PautRev" at 2410.270020, 2110.894287
 3:44:15.763 !!! [CE][Spawn] Character "ZmbM_PatrolNormal_Autumn" at 2409.636963, 2141.950928
 3:44:15.763 !!! [CE][Spawn] Character "ZmbM_PatrolNormal_Autumn" at 2426.278320, 2160.300537
 3:44:15.765 !!! [CE][Spawn] Character "ZmbM_PatrolNormal_Summer" at 2450.844482, 2161.777100
 3:44:40.501 [CE][LootRespawner] (PRIDummy) :: Item [900] causing search overtime: "STAG_Clothing_MountainBag"
 3:44:40.815 [CE][LootRespawner] (PRIDummy) :: Item [901] causing search overtime: "MimeMask_Female"
 3:44:40.916 [CE][LootRespawner] (PRIDummy) :: Item [902] causing search overtime: "EyeMask_Black"
 3:44:41.20 [CE][LootRespawner] (PRIDummy) :: Item [903] causing search overtime: "EyeMask_Yellow"
 3:44:41.118 [CE][LootRespawner] (PRIDummy) :: Item [904] causing search overtime: "MimeMask_Male"
 3:44:41.220 [CE][LootRespawner] (PRIDummy) :: Item [905] causing search overtime: "GreatHelm"
 3:44:41.322 [CE][LootRespawner] (PRIDummy) :: Item [906] causing search overtime: "WoolGlovesFingerless_ChristmasBlue"
 3:44:41.423 [CE][LootRespawner] (PRIDummy) :: Item [907] causing search overtime: "WoolGloves_ChristmasBlue"
 3:44:41.523 [CE][LootRespawner] (PRIDummy) :: Item [908] causing search overtime: "Chainmail_Coif"
 3:44:41.628 [CE][LootRespawner] (PRIDummy) :: Item [909] causing search overtime: "MedievalBoots"
 3:44:41.726 [CE][LootRespawner] (PRIDummy) :: Item [910] causing search overtime: "Mace"
 3:44:41.824 [CE][LootRespawner] (PRIDummy) :: Item [911] causing search overtime: "Chainmail"
 3:44:42.124 [CE][LootRespawner] (PRIDummy) :: Item [912] causing search overtime: "HipPack_Party"
 3:44:42.232 [CE][LootRespawner] (PRIDummy) :: Item [913] causing search overtime: "EyeMask_Blue"
 3:44:42.335 [CE][LootRespawner] (PRIDummy) :: Item [914] causing search overtime: "EyeMask_Red"
 3:44:42.438 [CE][LootRespawner] (PRIDummy) :: Item [915] causing search overtime: "Chestplate"
 3:44:42.540 !!! [CE][Spawn] Character "ZmbM_JournalistSkinny" at 4077.135010, 7584.781738
 3:45:07.823 [CE][LootRespawner] (PRIDummy) :: Item [916] causing search overtime: "Chestplate"
 3:45:07.923 [CE][LootRespawner] (PRIDummy) :: Item [917] causing search overtime: "Sword"
 3:45:08.123 [CE][LootRespawner] (PRIDummy) :: Item [918] causing search overtime: "Chainmail_Leggings"
 3:45:08.323 [CE][LootRespawner] (PRIDummy) :: Item [919] causing search overtime: "WoolGlovesFingerless_ChristmasRed"
 3:45:08.423 [CE][LootRespawner] (PRIDummy) :: Item [920] causing search overtime: "WoolGloves_ChristmasRed"
 3:45:08.533 [CE][LootRespawner] (PRIDummy) :: Item [629] is hard to place, performance drops: "FOG_ZynCan_WinterGreen"
 3:45:08.637 [CE][LootRespawner] (PRIDummy) :: Item [630] is hard to place, performance drops: "FOG_Bag_6ShBagT_Green"
 3:45:08.637 [CE][LootRespawner] (PRIDummy) :: Item [921] causing search overtime: "FOG_Bag_6ShBagT_Green"
 3:45:08.938 [CE][LootRespawner] (PRIDummy) :: Item [922] causing search overtime: "HipPack_Party"
 3:45:09.50 [CE][LootRespawner] (PRIDummy) :: Item [923] causing search overtime: "STAG_Clothing_MountainBag"
 3:45:09.243 [CE][LootRespawner] (PRIDummy) :: Item [924] causing search overtime: "MimeMask_Female"
 3:45:09.350 [CE][LootRespawner] (PRIDummy) :: Item [925] causing search overtime: "EyeMask_Black"
 3:45:09.447 [CE][LootRespawner] (PRIDummy) :: Item [926] causing search overtime: "EyeMask_Yellow"
 3:45:09.546 [CE][LootRespawner] (PRIDummy) :: Item [927] causing search overtime: "MimeMask_Male"
 3:45:09.647 [CE][LootRespawner] (PRIDummy) :: Item [928] causing search overtime: "EyeMask_Blue"
 3:45:09.747 [CE][LootRespawner] (PRIDummy) :: Item [929] causing search overtime: "EyeMask_Red"
 3:45:09.947 [CE][DE] [StaticHeliCrash] Spawning: EventID:[25] CurrentID:[427] at [3549.1,-1.0,2502.2] a: 0.000
 3:45:09.964 [CE][Links] found 0 total links between groups, of 11
 3:45:09.964 [CE][SpawnRandomLoot] (StaticHeliCrash) :: Type: Wreck_UH1Y, lootmin: 7, lootmax: 10, wanted: 9, deloot: 6, containermaxsum: 15
 3:45:09.985 [CE][SpawnRandomLoot] (StaticHeliCrash) :: EventID:[25] CurrentID[427] at [3549.98,2503.47]: 9 items added :: DELoot(6) other(3)
 3:45:09.985   Infected Zone for DynamicEvent "StaticHeliCrash" ID[427] at [3549.98,2503.47]...
 3:45:09.985 	(child) Spawned Wreck_UH1Y EventID:[25] CurrentID:[427] at [3550.0,168.9,2503.5] a: 0.573
 3:45:09.987 !!! [CE][Spawn] Character "ZmbM_PatrolNormal_PautRev" at 3531.956299, 2544.049561
 3:45:09.987 !!! [CE][Spawn] Character "ZmbM_PatrolNormal_Autumn" at 3564.249512, 2528.135498
 3:45:09.989 !!! [CE][Spawn] Character "ZmbM_PatrolNormal_Summer" at 3578.374023, 2506.430664
 3:45:09.990 !!! [CE][Spawn] Character "ZmbM_PatrolNormal_Autumn" at 3560.797363, 2491.437256
 3:45:34.973 [CE][LootRespawner] (PRIDummy) :: Item [930] causing search overtime: "EyeMask_Red"
 3:45:35.170 [CE][LootRespawner] (PRIDummy) :: Item [931] causing search overtime: "GreatHelm"
 3:45:35.271 [CE][LootRespawner] (PRIDummy) :: Item [932] causing search overtime: "WoolGlovesFingerless_ChristmasBlue"
 3:45:35.473 [CE][LootRespawner] (PRIDummy) :: Item [933] causing search overtime: "WoolGloves_ChristmasBlue"
 3:45:35.580 [CE][LootRespawner] (PRIDummy) :: Item [934] causing search overtime: "Chainmail_Coif"
 3:45:35.681 [CE][LootRespawner] (PRIDummy) :: Item [935] causing search overtime: "MedievalBoots"
 3:45:35.781 [CE][LootRespawner] (PRIDummy) :: Item [936] causing search overtime: "Mace"
 3:45:35.880 [CE][LootRespawner] (PRIDummy) :: Item [937] causing search overtime: "Chainmail"
 3:45:36.479 [CE][LootRespawner] (PRIDummy) :: Item [938] causing search overtime: "HipPack_Party"
 3:45:36.582 [CE][LootRespawner] (PRIDummy) :: Item [939] causing search overtime: "STAG_Clothing_MountainBag"
 3:45:36.680 [CE][LootRespawner] (PRIDummy) :: Item [940] causing search overtime: "MimeMask_Female"
 3:45:36.781 [CE][LootRespawner] (PRIDummy) :: Item [941] causing search overtime: "EyeMask_Black"
 3:45:36.880 [CE][LootRespawner] (PRIDummy) :: Item [942] causing search overtime: "EyeMask_Yellow"
 3:45:45.257 !!! _toMoveOutOrDelete resized during cleaning
 3:46:02.247 [CE][LootRespawner] (PRIDummy) :: Item [943] causing search overtime: "EyeMask_Yellow"
 3:46:02.346 [CE][LootRespawner] (PRIDummy) :: Item [944] causing search overtime: "MimeMask_Male"
 3:46:02.447 [CE][LootRespawner] (PRIDummy) :: Item [945] causing search overtime: "EyeMask_Blue"
 3:46:02.547 [CE][LootRespawner] (PRIDummy) :: Item [946] causing search overtime: "Chestplate"
 3:46:02.647 [CE][LootRespawner] (PRIDummy) :: Item [947] causing search overtime: "Sword"
 3:46:02.747 [CE][LootRespawner] (PRIDummy) :: Item [948] causing search overtime: "Chainmail_Leggings"
 3:46:02.849 [CE][LootRespawner] (PRIDummy) :: Item [949] causing search overtime: "WoolGlovesFingerless_ChristmasRed"
 3:46:02.947 [CE][LootRespawner] (PRIDummy) :: Item [950] causing search overtime: "WoolGloves_ChristmasRed"
 3:46:03.153 [CE][LootRespawner] (PRIDummy) :: Item [631] is hard to place, performance drops: "FOG_Bag_6ShBagT_Green"
 3:46:03.153 [CE][LootRespawner] (PRIDummy) :: Item [951] causing search overtime: "FOG_Bag_6ShBagT_Green"
 3:46:03.452 [CE][LootRespawner] (PRIDummy) :: Item [952] causing search overtime: "HipPack_Party"
 3:46:03.553 [CE][LootRespawner] (PRIDummy) :: Item [953] causing search overtime: "STAG_Clothing_MountainBag"
 3:46:03.776 [CE][LootRespawner] (PRIDummy) :: Item [954] causing search overtime: "MimeMask_Female"
 3:46:03.868 [CE][LootRespawner] (PRIDummy) :: Item [955] causing search overtime: "EyeMask_Black"
 3:46:03.970 [CE][LootRespawner] (PRIDummy) :: Item [956] causing search overtime: "EyeMask_Red"
 3:46:04.69 [CE][LootRespawner] (PRIDummy) :: Item [957] causing search overtime: "GreatHelm"
 3:46:04.176 !!! [CE][Spawn] Character "ZmbM_usSoldier_normal_Woodland" at 7687.147461, 1623.350586
 3:46:13.330 !!! _toMoveOutOrDelete resized during cleaning
 3:46:29.456 [CE][LootRespawner] (PRIDummy) :: Item [958] causing search overtime: "GreatHelm"
 3:46:29.556 [CE][LootRespawner] (PRIDummy) :: Item [959] causing search overtime: "WoolGlovesFingerless_ChristmasBlue"
 3:46:29.656 [CE][LootRespawner] (PRIDummy) :: Item [960] causing search overtime: "WoolGloves_ChristmasBlue"
 3:46:29.868 [CE][LootRespawner] (PRIDummy) :: Item [961] causing search overtime: "Chainmail_Coif"
 3:46:29.966 [CE][LootRespawner] (PRIDummy) :: Item [962] causing search overtime: "MedievalBoots"
 3:46:30.64 [CE][LootRespawner] (PRIDummy) :: Item [963] causing search overtime: "Mace"
 3:46:30.168 [CE][LootRespawner] (PRIDummy) :: Item [964] causing search overtime: "Chainmail"
 3:46:30.691 [CE][LootRespawner] (PRIDummy) :: Item [965] causing search overtime: "HipPack_Party"
 3:46:30.818 [CE][LootRespawner] (PRIDummy) :: Item [966] causing search overtime: "STAG_Clothing_MountainBag"
 3:46:30.937 [CE][LootRespawner] (PRIDummy) :: Item [967] causing search overtime: "MimeMask_Female"
 3:46:31.35 [CE][LootRespawner] (PRIDummy) :: Item [968] causing search overtime: "EyeMask_Black"
 3:46:31.147 [CE][LootRespawner] (PRIDummy) :: Item [969] causing search overtime: "EyeMask_Yellow"
 3:46:31.244 [CE][LootRespawner] (PRIDummy) :: Item [970] causing search overtime: "MimeMask_Male"
 3:46:31.343 [CE][LootRespawner] (PRIDummy) :: Item [971] causing search overtime: "EyeMask_Blue"
 3:46:56.883 [CE][LootRespawner] (PRIDummy) :: Item [972] causing search overtime: "EyeMask_Blue"
 3:46:56.986 [CE][LootRespawner] (PRIDummy) :: Item [973] causing search overtime: "EyeMask_Red"
 3:46:57.85 [CE][LootRespawner] (PRIDummy) :: Item [974] causing search overtime: "Chestplate"
 3:46:57.186 [CE][LootRespawner] (PRIDummy) :: Item [975] causing search overtime: "Sword"
 3:46:57.291 [CE][LootRespawner] (PRIDummy) :: Item [976] causing search overtime: "Chainmail_Leggings"
 3:46:57.392 [CE][LootRespawner] (PRIDummy) :: Item [632] is hard to place, performance drops: "SmershVest"
 3:46:57.392 [CE][LootRespawner] (PRIDummy) :: Item [633] is hard to place, performance drops: "SmershVest"
 3:46:57.393 [CE][LootRespawner] (PRIDummy) :: Item [634] is hard to place, performance drops: "SmershVest"
 3:46:57.393 [CE][LootRespawner] (PRIDummy) :: Item [635] is hard to place, performance drops: "SmershVest"
 3:46:57.393 [CE][LootRespawner] (PRIDummy) :: Item [636] is hard to place, performance drops: "SmershVest"
 3:46:57.393 [CE][LootRespawner] (PRIDummy) :: Item [637] is hard to place, performance drops: "SmershVest"
 3:46:57.393 [CE][LootRespawner] (PRIDummy) :: Item [638] is hard to place, performance drops: "SmershVest"
 3:46:57.593 [CE][LootRespawner] (PRIDummy) :: Item [977] causing search overtime: "WoolGlovesFingerless_ChristmasRed"
 3:46:57.693 [CE][LootRespawner] (PRIDummy) :: Item [978] causing search overtime: "WoolGloves_ChristmasRed"
 3:46:57.894 [CE][LootRespawner] (PRIDummy) :: Item [639] is hard to place, performance drops: "FOG_Bag_6ShBagT_Green"
 3:46:57.894 [CE][LootRespawner] (PRIDummy) :: Item [979] causing search overtime: "FOG_Bag_6ShBagT_Green"
 3:46:58.444 [CE][LootRespawner] (PRIDummy) :: Item [980] causing search overtime: "HipPack_Party"
 3:46:58.569 [CE][LootRespawner] (PRIDummy) :: Item [981] causing search overtime: "STAG_Clothing_MountainBag"
 3:46:58.653 [CE][LootRespawner] (PRIDummy) :: Item [982] causing search overtime: "MimeMask_Female"
 3:46:58.756 [CE][LootRespawner] (PRIDummy) :: Item [983] causing search overtime: "EyeMask_Black"
 3:46:58.856 [CE][LootRespawner] (PRIDummy) :: Item [984] causing search overtime: "EyeMask_Yellow"
 3:47:24.796 [CE][LootRespawner] (PRIDummy) :: Item [985] causing search overtime: "EyeMask_Yellow"
 3:47:24.890 [CE][LootRespawner] (PRIDummy) :: Item [986] causing search overtime: "MimeMask_Male"
 3:47:24.991 [CE][LootRespawner] (PRIDummy) :: Item [987] causing search overtime: "GreatHelm"
 3:47:25.92 [CE][LootRespawner] (PRIDummy) :: Item [988] causing search overtime: "WoolGlovesFingerless_ChristmasBlue"
 3:47:25.388 [CE][LootRespawner] (PRIDummy) :: Item [989] causing search overtime: "WoolGloves_ChristmasBlue"
 3:47:25.595 [CE][LootRespawner] (PRIDummy) :: Item [990] causing search overtime: "Chainmail_Coif"
 3:47:25.703 [CE][LootRespawner] (PRIDummy) :: Item [991] causing search overtime: "MedievalBoots"
 3:47:25.803 [CE][LootRespawner] (PRIDummy) :: Item [992] causing search overtime: "Mace"
 3:47:25.904 [CE][LootRespawner] (PRIDummy) :: Item [993] causing search overtime: "Chainmail"
 3:47:26.207 [CE][LootRespawner] (PRIDummy) :: Item [994] causing search overtime: "HipPack_Party"
 3:47:26.305 [CE][LootRespawner] (PRIDummy) :: Item [995] causing search overtime: "STAG_Clothing_MountainBag"
 3:47:26.512 [CE][LootRespawner] (PRIDummy) :: Item [996] causing search overtime: "MimeMask_Female"
 3:47:26.609 [CE][LootRespawner] (PRIDummy) :: Item [997] causing search overtime: "EyeMask_Black"
 3:47:26.712 !!! [CE][Spawn] Character "ZmbF_SurvivorNormal_Red" at 4298.944336, 7735.770996
 3:47:26.715 !!! [CE][Spawn] Character "ZmbF_CitizenBSkinny" at 4494.077637, 7684.699219
 3:47:28.322 [CE][DE] [StaticPoliceCar] Spawning: EventID:[26] CurrentID:[428] at [5949.2,-1.0,2965.6] a: -1.000
 3:47:28.339 [CE][Links] found 0 total links between groups, of 12
 3:47:28.339 [CE][SpawnRandomLoot] (StaticPoliceCar) :: Type: Land_Wreck_sed01_aban2_police, lootmin: 3, lootmax: 5, wanted: 4, deloot: 6, containermaxsum: 6
 3:47:28.343 [CE][SpawnRandomLoot] (StaticPoliceCar) :: EventID:[26] CurrentID[428] at [5949.30,2965.53]: 4 items added :: DELoot(4) other(0)
 3:47:28.343 	!!! (child) Land_Wreck_sed01_aban2_police spawns loot or dispatch but can not be saved because of non-saveable StorageCategory.
 3:47:28.343   Infected Zone for DynamicEvent "StaticPoliceCar" ID[428] at [5949.30,2965.53]...
 3:47:28.343 	(child) Spawned Land_Wreck_sed01_aban2_police EventID:[26] CurrentID:[428] at [5949.3,7.5,2965.5] a: 4.937
 3:47:28.343 [CE][DE] [StaticPoliceCar] Spawning: EventID:[26] CurrentID:[429] at [6802.3,-1.0,2315.4] a: -1.000
 3:47:28.344 [CE][Links] found 0 total links between groups, of 13
 3:47:28.344 [CE][SpawnRandomLoot] (StaticPoliceCar) :: Type: Land_Wreck_sed01_aban1_police, lootmin: 3, lootmax: 5, wanted: 4, deloot: 6, containermaxsum: 6
 3:47:28.349 [CE][SpawnRandomLoot] (StaticPoliceCar) :: EventID:[26] CurrentID[429] at [6802.18,2315.33]: 4 items added :: DELoot(2) other(2)
 3:47:28.349 	!!! (child) Land_Wreck_sed01_aban1_police spawns loot or dispatch but can not be saved because of non-saveable StorageCategory.
 3:47:28.349   Infected Zone for DynamicEvent "StaticPoliceCar" ID[429] at [6802.18,2315.33]...
 3:47:28.349 	(child) Spawned Land_Wreck_sed01_aban1_police EventID:[26] CurrentID:[429] at [6802.2,26.9,2315.3] a: 243.322
 3:47:28.349 [CE][DE] [StaticPoliceCar] Spawning: EventID:[26] CurrentID:[430] at [3501.8,-1.0,6336.2] a: -1.000
 3:47:28.351 [CE][Links] found 0 total links between groups, of 14
 3:47:28.351 [CE][SpawnRandomLoot] (StaticPoliceCar) :: Type: Land_Wreck_sed01_aban2_police, lootmin: 3, lootmax: 5, wanted: 3, deloot: 6, containermaxsum: 6
 3:47:28.353 [CE][SpawnRandomLoot] (StaticPoliceCar) :: EventID:[26] CurrentID[430] at [3501.92,6336.22]: 3 items added :: DELoot(3) other(0)
 3:47:28.353 	!!! (child) Land_Wreck_sed01_aban2_police spawns loot or dispatch but can not be saved because of non-saveable StorageCategory.
 3:47:28.353   Infected Zone for DynamicEvent "StaticPoliceCar" ID[430] at [3501.92,6336.22]...
 3:47:28.353 	(child) Spawned Land_Wreck_sed01_aban2_police EventID:[26] CurrentID:[430] at [3501.9,16.6,6336.2] a: 84.727
 3:47:28.353 [CE][DE] [StaticPoliceCar] Spawning: EventID:[26] CurrentID:[431] at [6264.9,-1.0,5563.6] a: -1.000
 3:47:28.357 [CE][Links] found 0 total links between groups, of 15
 3:47:28.357 [CE][SpawnRandomLoot] (StaticPoliceCar) :: Type: Land_Wreck_sed01_aban2_police, lootmin: 3, lootmax: 5, wanted: 3, deloot: 6, containermaxsum: 6
 3:47:28.360 [CE][SpawnRandomLoot] (StaticPoliceCar) :: EventID:[26] CurrentID[431] at [6264.86,5563.56]: 3 items added :: DELoot(3) other(0)
 3:47:28.360 	!!! (child) Land_Wreck_sed01_aban2_police spawns loot or dispatch but can not be saved because of non-saveable StorageCategory.
 3:47:28.360   Infected Zone for DynamicEvent "StaticPoliceCar" ID[431] at [6264.86,5563.56]...
 3:47:28.360 	(child) Spawned Land_Wreck_sed01_aban2_police EventID:[26] CurrentID:[431] at [6264.9,39.4,5563.6] a: 250.815
 3:47:28.360 !!! [CE][Spawn] Character "ZmbM_PrisonerSkinny" at 5929.205566, 2964.642822
 3:47:28.361 !!! [CE][Spawn] Character "ZmbM_PolicemanSpecForce_Heavy" at 6839.168945, 2320.109131
 3:47:28.363 !!! [CE][Spawn] Character "ZmbM_PolicemanSpecForce_Heavy" at 3523.648438, 6363.456055
 3:47:28.365 !!! [CE][Spawn] Character "ZmbM_PolicemanSpecForce_Heavy" at 6249.708008, 5547.798828
 3:47:52.258 [CE][LootRespawner] (PRIDummy) :: Item [998] causing search overtime: "EyeMask_Black"
 3:47:52.356 [CE][LootRespawner] (PRIDummy) :: Item [999] causing search overtime: "EyeMask_Blue"
 3:47:52.457 [CE][LootRespawner] (PRIDummy) :: Item [1000] causing search overtime: "EyeMask_Red"
 3:47:52.556 [CE][LootRespawner] (PRIDummy) :: Item [1001] causing search overtime: "Chestplate"
 3:47:52.657 [CE][LootRespawner] (PRIDummy) :: Item [1002] causing search overtime: "Sword"
 3:47:52.861 [CE][LootRespawner] (PRIDummy) :: Item [1003] causing search overtime: "Chainmail_Leggings"
 3:47:52.962 [CE][LootRespawner] (PRIDummy) :: Item [1004] causing search overtime: "WoolGlovesFingerless_ChristmasRed"
 3:47:53.64 [CE][LootRespawner] (PRIDummy) :: Item [1005] causing search overtime: "WoolGloves_ChristmasRed"
 3:47:53.165 [CE][LootRespawner] (PRIDummy) :: Item [640] is hard to place, performance drops: "FOG_Bag_6ShBagT_Green"
 3:47:53.165 [CE][LootRespawner] (PRIDummy) :: Item [1006] causing search overtime: "FOG_Bag_6ShBagT_Green"
 3:47:53.375 [CE][LootRespawner] (PRIDummy) :: Item [1007] causing search overtime: "HipPack_Party"
 3:47:53.474 [CE][LootRespawner] (PRIDummy) :: Item [1008] causing search overtime: "STAG_Clothing_MountainBag"
 3:47:53.577 [CE][LootRespawner] (PRIDummy) :: Item [1009] causing search overtime: "MimeMask_Female"
 3:47:53.681 [CE][LootRespawner] (PRIDummy) :: Item [1010] causing search overtime: "EyeMask_Yellow"
 3:47:53.782 [CE][LootRespawner] (PRIDummy) :: Item [1011] causing search overtime: "MimeMask_Male"
 3:47:53.883 [CE][LootRespawner] (PRIDummy) :: Item [1012] causing search overtime: "GreatHelm"
 3:47:53.982 [CE][LootRespawner] (PRIDummy) :: Item [1013] causing search overtime: "WoolGlovesFingerless_ChristmasBlue"
 3:47:54.80 [CE][LootRespawner] (PRIDummy) :: Item [1014] causing search overtime: "WoolGloves_ChristmasBlue"
 3:47:54.186 [CE][LootRespawner] (PRIDummy) :: Item [1015] causing search overtime: "Chainmail_Coif"
 3:47:54.286 !!! [CE][Spawn] Character "ZmbM_PatrolNormal_Summer" at 7692.936035, 1572.970825
 3:47:54.287 !!! [CE][Spawn] Character "ZmbM_PatrolNormal_Autumn" at 7676.241211, 1545.156128
 3:48:19.882 [CE][LootRespawner] (PRIDummy) :: Item [1016] causing search overtime: "Chainmail_Coif"
 3:48:19.980 [CE][LootRespawner] (PRIDummy) :: Item [1017] causing search overtime: "MedievalBoots"
 3:48:20.91 [CE][LootRespawner] (PRIDummy) :: Item [1018] causing search overtime: "Mace"
 3:48:20.195 [CE][LootRespawner] (PRIDummy) :: Item [1019] causing search overtime: "Chainmail"
 3:48:20.832 [CE][LootRespawner] (PRIDummy) :: Item [1020] causing search overtime: "HipPack_Party"
 3:48:20.953 [CE][LootRespawner] (PRIDummy) :: Item [1021] causing search overtime: "STAG_Clothing_MountainBag"
 3:48:21.77 [CE][LootRespawner] (PRIDummy) :: Item [1022] causing search overtime: "MimeMask_Female"
 3:48:21.182 [CE][LootRespawner] (PRIDummy) :: Item [1023] causing search overtime: "EyeMask_Black"
 3:48:21.282 [CE][LootRespawner] (PRIDummy) :: Item [1024] causing search overtime: "EyeMask_Yellow"
 3:48:21.383 [CE][LootRespawner] (PRIDummy) :: Item [1025] causing search overtime: "MimeMask_Male"
 3:48:21.485 [CE][LootRespawner] (PRIDummy) :: Item [1026] causing search overtime: "EyeMask_Blue"
 3:48:21.582 [CE][LootRespawner] (PRIDummy) :: Item [1027] causing search overtime: "EyeMask_Red"
 3:48:21.679 [CE][LootRespawner] (PRIDummy) :: Item [1028] causing search overtime: "Chestplate"
 3:48:21.784 [CE][LootRespawner] (PRIDummy) :: Item [1029] causing search overtime: "GreatHelm"
 3:48:22.907 [CE][DE] [StaticPoliceCar] Spawning: EventID:[26] CurrentID:[432] at [881.8,-1.0,3137.9] a: -1.000
 3:48:22.907 [CE][Links] found 0 total links between groups, of 16
 3:48:22.907 [CE][SpawnRandomLoot] (StaticPoliceCar) :: Type: Land_Wreck_sed01_aban1_police, lootmin: 3, lootmax: 5, wanted: 4, deloot: 6, containermaxsum: 6
 3:48:22.911 [CE][SpawnRandomLoot] (StaticPoliceCar) :: EventID:[26] CurrentID[432] at [881.82,3137.73]: 4 items added :: DELoot(3) other(1)
 3:48:22.911 	!!! (child) Land_Wreck_sed01_aban1_police spawns loot or dispatch but can not be saved because of non-saveable StorageCategory.
 3:48:22.911   Infected Zone for DynamicEvent "StaticPoliceCar" ID[432] at [881.82,3137.73]...
 3:48:22.911 	(child) Spawned Land_Wreck_sed01_aban1_police EventID:[26] CurrentID:[432] at [881.8,6.0,3137.7] a: 51.780
 3:48:22.911 [CE][DE] [StaticPoliceCar] Spawning: EventID:[26] CurrentID:[433] at [5128.6,-1.0,7297.1] a: -1.000
 3:48:22.914 [CE][Links] found 0 total links between groups, of 17
 3:48:22.914 [CE][SpawnRandomLoot] (StaticPoliceCar) :: Type: Land_Wreck_sed01_aban1_police, lootmin: 3, lootmax: 5, wanted: 4, deloot: 6, containermaxsum: 6
 3:48:22.916 [CE][SpawnRandomLoot] (StaticPoliceCar) :: EventID:[26] CurrentID[433] at [5128.65,7296.97]: 4 items added :: DELoot(4) other(0)
 3:48:22.916 	!!! (child) Land_Wreck_sed01_aban1_police spawns loot or dispatch but can not be saved because of non-saveable StorageCategory.
 3:48:22.916   Infected Zone for DynamicEvent "StaticPoliceCar" ID[433] at [5128.65,7296.97]...
 3:48:22.916 	(child) Spawned Land_Wreck_sed01_aban1_police EventID:[26] CurrentID:[433] at [5128.7,16.8,7297.0] a: 59.020
 3:48:22.916 [CE][DE] [StaticPoliceCar] Spawning: EventID:[26] CurrentID:[434] at [6733.9,-1.0,2288.0] a: -1.000
 3:48:22.916 	spawn refused... too close to another one.
 3:48:22.916 [CE][DE] [StaticPoliceCar] Spawning: EventID:[26] CurrentID:[434] at [5274.3,-1.0,5048.1] a: -1.000
 3:48:22.935 [CE][Links] found 0 total links between groups, of 18
 3:48:22.935 [CE][SpawnRandomLoot] (StaticPoliceCar) :: Type: Land_Wreck_sed01_aban1_police, lootmin: 3, lootmax: 5, wanted: 4, deloot: 6, containermaxsum: 6
 3:48:22.937 [CE][SpawnRandomLoot] (StaticPoliceCar) :: EventID:[26] CurrentID[434] at [5274.31,5047.93]: 4 items added :: DELoot(4) other(0)
 3:48:22.937 	!!! (child) Land_Wreck_sed01_aban1_police spawns loot or dispatch but can not be saved because of non-saveable StorageCategory.
 3:48:22.937   Infected Zone for DynamicEvent "StaticPoliceCar" ID[434] at [5274.31,5047.93]...
 3:48:22.937 	(child) Spawned Land_Wreck_sed01_aban1_police EventID:[26] CurrentID:[434] at [5274.3,19.2,5047.9] a: 75.703
 3:48:22.937 [CE][DE] [StaticPoliceCar] Spawning: EventID:[26] CurrentID:[435] at [6754.1,-1.0,2345.5] a: -1.000
 3:48:22.937 	spawn refused... too close to another one.
 3:48:22.937 [CE][DE] [StaticPoliceCar] Spawning: EventID:[26] CurrentID:[435] at [6653.2,-1.0,6809.3] a: -1.000
 3:48:22.939 [CE][Links] found 0 total links between groups, of 19
 3:48:22.939 [CE][SpawnRandomLoot] (StaticPoliceCar) :: Type: Land_Wreck_sed01_aban1_police, lootmin: 3, lootmax: 5, wanted: 4, deloot: 6, containermaxsum: 6
 3:48:22.942 [CE][SpawnRandomLoot] (StaticPoliceCar) :: EventID:[26] CurrentID[435] at [6653.28,6809.21]: 4 items added :: DELoot(3) other(1)
 3:48:22.942   1 DELoot not placed because (count >= nominal)
 3:48:22.943 	!!! (child) Land_Wreck_sed01_aban1_police spawns loot or dispatch but can not be saved because of non-saveable StorageCategory.
 3:48:22.943   Infected Zone for DynamicEvent "StaticPoliceCar" ID[435] at [6653.28,6809.21]...
 3:48:22.943 	(child) Spawned Land_Wreck_sed01_aban1_police EventID:[26] CurrentID:[435] at [6653.3,15.1,6809.2] a: 23.160
 3:48:22.944 !!! [CE][Spawn] Character "ZmbM_PrisonerSkinny" at 886.015442, 3167.147217
 3:48:22.944 !!! [CE][Spawn] Character "ZmbM_PolicemanSpecForce_Heavy" at 891.821838, 3143.000732
 3:48:22.945 !!! [CE][Spawn] Character "ZmbM_PolicemanSpecForce_Heavy" at 5169.377441, 7282.227539
 3:48:22.946 !!! [CE][Spawn] Character "ZmbM_PolicemanSpecForce_Heavy" at 5132.610352, 7283.252441
 3:48:22.947 !!! [CE][Spawn] Character "ZmbM_PolicemanSpecForce_Heavy" at 5287.191895, 5059.323242
 3:48:22.948 !!! [CE][Spawn] Character "ZmbM_PolicemanSpecForce_Heavy" at 6617.836914, 6818.596191
 3:48:48.60 [CE][LootRespawner] (PRIDummy) :: Item [1030] causing search overtime: "GreatHelm"
 3:48:48.155 [CE][LootRespawner] (PRIDummy) :: Item [1031] causing search overtime: "WoolGlovesFingerless_ChristmasBlue"
 3:48:48.254 [CE][LootRespawner] (PRIDummy) :: Item [1032] causing search overtime: "Sword"
 3:48:48.356 [CE][LootRespawner] (PRIDummy) :: Item [1033] causing search overtime: "Chainmail_Leggings"
 3:48:48.456 [CE][LootRespawner] (PRIDummy) :: Item [1034] causing search overtime: "WoolGloves_ChristmasBlue"
 3:48:48.658 [CE][LootRespawner] (PRIDummy) :: Item [1035] causing search overtime: "WoolGlovesFingerless_ChristmasRed"
 3:48:48.758 [CE][LootRespawner] (PRIDummy) :: Item [1036] causing search overtime: "WoolGloves_ChristmasRed"
 3:48:48.862 [CE][LootRespawner] (PRIDummy) :: Item [641] is hard to place, performance drops: "FOG_Bag_6ShBagT_Green"
 3:48:48.862 [CE][LootRespawner] (PRIDummy) :: Item [1037] causing search overtime: "FOG_Bag_6ShBagT_Green"
 3:48:49.359 [CE][LootRespawner] (PRIDummy) :: Item [1038] causing search overtime: "HipPack_Party"
 3:48:49.460 [CE][LootRespawner] (PRIDummy) :: Item [1039] causing search overtime: "STAG_Clothing_MountainBag"
 3:48:49.560 [CE][LootRespawner] (PRIDummy) :: Item [1040] causing search overtime: "MimeMask_Female"
 3:48:49.660 [CE][LootRespawner] (PRIDummy) :: Item [1041] causing search overtime: "EyeMask_Black"
 3:48:49.760 [CE][LootRespawner] (PRIDummy) :: Item [1042] causing search overtime: "EyeMask_Yellow"
 3:48:49.861 [CE][LootRespawner] (PRIDummy) :: Item [1043] causing search overtime: "MimeMask_Male"
 3:48:49.961 [CE][LootRespawner] (PRIDummy) :: Item [1044] causing search overtime: "EyeMask_Blue"
 3:49:16.253 [CE][LootRespawner] (PRIDummy) :: Item [1045] causing search overtime: "EyeMask_Blue"
 3:49:16.352 [CE][LootRespawner] (PRIDummy) :: Item [1046] causing search overtime: "EyeMask_Red"
 3:49:16.454 [CE][LootRespawner] (PRIDummy) :: Item [1047] causing search overtime: "Chestplate"
 3:49:16.656 [CE][LootRespawner] (PRIDummy) :: Item [1048] causing search overtime: "Chainmail_Coif"
 3:49:16.755 [CE][LootRespawner] (PRIDummy) :: Item [1049] causing search overtime: "MedievalBoots"
 3:49:16.856 [CE][LootRespawner] (PRIDummy) :: Item [1050] causing search overtime: "Mace"
 3:49:16.954 [CE][LootRespawner] (PRIDummy) :: Item [1051] causing search overtime: "Chainmail"
 3:49:17.56 [CE][LootRespawner] (PRIDummy) :: Item [642] is hard to place, performance drops: "M4A1"
 3:49:17.56 [CE][LootRespawner] (PRIDummy) :: Item [643] is hard to place, performance drops: "M4A1"
 3:49:17.56 [CE][LootRespawner] (PRIDummy) :: Item [644] is hard to place, performance drops: "M4A1"
 3:49:17.56 [CE][LootRespawner] (PRIDummy) :: Item [645] is hard to place, performance drops: "M4A1"
 3:49:17.355 [CE][LootRespawner] (PRIDummy) :: Item [1052] causing search overtime: "HipPack_Party"
 3:49:17.456 [CE][LootRespawner] (PRIDummy) :: Item [1053] causing search overtime: "STAG_Clothing_MountainBag"
 3:49:17.554 [CE][LootRespawner] (PRIDummy) :: Item [1054] causing search overtime: "MimeMask_Female"
 3:49:17.656 [CE][LootRespawner] (PRIDummy) :: Item [1055] causing search overtime: "EyeMask_Black"
 3:49:17.756 [CE][LootRespawner] (PRIDummy) :: Item [1056] causing search overtime: "EyeMask_Yellow"
 3:49:17.856 [CE][LootRespawner] (PRIDummy) :: Item [1057] causing search overtime: "MimeMask_Male"
 3:49:17.961 [CE][LootRespawner] (PRIDummy) :: Item [1058] causing search overtime: "GreatHelm"
 3:49:18.60 [CE][LootRespawner] (PRIDummy) :: Item [1059] causing search overtime: "WoolGlovesFingerless_ChristmasBlue"
 3:49:18.162 [CE][LootRespawner] (PRIDummy) :: Item [1060] causing search overtime: "Sword"
 3:49:18.261 !!! [CE][Spawn] Character "ZmbM_usSoldier_normal_Desert" at 7647.062988, 1535.291016
 3:49:19.11 !!! [CE][Point] Removing 4105.958496, 7483.646973 from AppleTree1
 3:49:43.826 [CE][LootRespawner] (PRIDummy) :: Item [1061] causing search overtime: "Sword"
 3:49:43.924 [CE][LootRespawner] (PRIDummy) :: Item [1062] causing search overtime: "Chainmail_Leggings"
 3:49:44.24 [CE][LootRespawner] (PRIDummy) :: Item [1063] causing search overtime: "WoolGloves_ChristmasBlue"
 3:49:44.641 [CE][LootRespawner] (PRIDummy) :: Item [1064] causing search overtime: "WoolGlovesFingerless_ChristmasRed"
 3:49:44.741 [CE][LootRespawner] (PRIDummy) :: Item [1065] causing search overtime: "WoolGloves_ChristmasRed"
 3:49:44.843 [CE][LootRespawner] (PRIDummy) :: Item [646] is hard to place, performance drops: "FOG_Bag_6ShBagT_Green"
 3:49:44.843 [CE][LootRespawner] (PRIDummy) :: Item [1066] causing search overtime: "FOG_Bag_6ShBagT_Green"
 3:49:45.42 [CE][LootRespawner] (PRIDummy) :: Item [1067] causing search overtime: "HipPack_Party"
 3:49:45.146 [CE][LootRespawner] (PRIDummy) :: Item [1068] causing search overtime: "STAG_Clothing_MountainBag"
 3:49:45.258 [CE][LootRespawner] (PRIDummy) :: Item [1069] causing search overtime: "MimeMask_Female"
 3:49:45.353 [CE][LootRespawner] (PRIDummy) :: Item [1070] causing search overtime: "EyeMask_Black"
 3:49:45.453 [CE][LootRespawner] (PRIDummy) :: Item [1071] causing search overtime: "EyeMask_Yellow"
 3:49:45.553 [CE][LootRespawner] (PRIDummy) :: Item [1072] causing search overtime: "MimeMask_Male"
 3:49:45.653 [CE][LootRespawner] (PRIDummy) :: Item [1073] causing search overtime: "EyeMask_Blue"
 3:49:45.752 [CE][LootRespawner] (PRIDummy) :: Item [1074] causing search overtime: "EyeMask_Red"
 3:50:10.946 [CE][LootRespawner] (PRIDummy) :: Item [1075] causing search overtime: "EyeMask_Red"
 3:50:11.46 [CE][LootRespawner] (PRIDummy) :: Item [1076] causing search overtime: "Chestplate"
 3:50:11.145 [CE][LootRespawner] (PRIDummy) :: Item [1077] causing search overtime: "GreatHelm"
 3:50:11.246 [CE][LootRespawner] (PRIDummy) :: Item [1078] causing search overtime: "WoolGlovesFingerless_ChristmasBlue"
 3:50:11.347 [CE][LootRespawner] (PRIDummy) :: Item [1079] causing search overtime: "Chainmail_Coif"
 3:50:11.447 [CE][LootRespawner] (PRIDummy) :: Item [1080] causing search overtime: "MedievalBoots"
 3:50:11.546 [CE][LootRespawner] (PRIDummy) :: Item [1081] causing search overtime: "Mace"
 3:50:11.648 [CE][LootRespawner] (PRIDummy) :: Item [1082] causing search overtime: "Chainmail"
 3:50:12.49 [CE][LootRespawner] (PRIDummy) :: Item [647] is hard to place, performance drops: "FOG_FerroGloves_White_TanTrim"
 3:50:12.249 [CE][LootRespawner] (PRIDummy) :: Item [1083] causing search overtime: "HipPack_Party"
 3:50:12.350 [CE][LootRespawner] (PRIDummy) :: Item [1084] causing search overtime: "STAG_Clothing_MountainBag"
 3:50:12.449 [CE][LootRespawner] (PRIDummy) :: Item [1085] causing search overtime: "MimeMask_Female"
 3:50:12.549 [CE][LootRespawner] (PRIDummy) :: Item [1086] causing search overtime: "EyeMask_Black"
 3:50:12.656 [CE][LootRespawner] (PRIDummy) :: Item [1087] causing search overtime: "EyeMask_Yellow"
 3:50:12.753 [CE][LootRespawner] (PRIDummy) :: Item [1088] causing search overtime: "MimeMask_Male"
 3:50:12.852 [CE][LootRespawner] (PRIDummy) :: Item [1089] causing search overtime: "EyeMask_Blue"
 3:50:38.160 [CE][LootRespawner] (PRIDummy) :: Item [1090] causing search overtime: "EyeMask_Blue"
 3:50:38.360 [CE][LootRespawner] (PRIDummy) :: Item [1091] causing search overtime: "Sword"
 3:50:38.461 [CE][LootRespawner] (PRIDummy) :: Item [1092] causing search overtime: "Chainmail_Leggings"
 3:50:38.560 [CE][LootRespawner] (PRIDummy) :: Item [1093] causing search overtime: "WoolGloves_ChristmasBlue"
 3:50:38.661 [CE][LootRespawner] (PRIDummy) :: Item [1094] causing search overtime: "WoolGlovesFingerless_ChristmasRed"
 3:50:38.762 [CE][LootRespawner] (PRIDummy) :: Item [1095] causing search overtime: "WoolGloves_ChristmasRed"
 3:50:38.862 [CE][LootRespawner] (PRIDummy) :: Item [648] is hard to place, performance drops: "FOG_Bag_6ShBagT_Green"
 3:50:38.862 [CE][LootRespawner] (PRIDummy) :: Item [1096] causing search overtime: "FOG_Bag_6ShBagT_Green"
 3:50:39.448 [CE][LootRespawner] (PRIDummy) :: Item [1097] causing search overtime: "HipPack_Party"
 3:50:39.548 [CE][LootRespawner] (PRIDummy) :: Item [1098] causing search overtime: "STAG_Clothing_MountainBag"
 3:50:39.640 [CE][LootRespawner] (PRIDummy) :: Item [1099] causing search overtime: "MimeMask_Female"
 3:50:39.762 [CE][LootRespawner] (PRIDummy) :: Item [1100] causing search overtime: "EyeMask_Black"
 3:50:39.854 [CE][LootRespawner] (PRIDummy) :: Item [1101] causing search overtime: "EyeMask_Yellow"
 3:50:39.959 [CE][LootRespawner] (PRIDummy) :: Item [1102] causing search overtime: "MimeMask_Male"
 3:50:40.50 [CE][LootRespawner] (PRIDummy) :: Item [1103] causing search overtime: "EyeMask_Red"
 3:50:40.150 [CE][LootRespawner] (PRIDummy) :: Item [1104] causing search overtime: "Chestplate"
 3:50:40.261 !!! [CE][Spawn] Character "ZmbM_MotobikerFat_Beige" at 4537.178223, 7530.408203
 3:50:40.261 !!! [CE][Spawn] Character "ZmbM_HunterOld_Spring" at 4034.899902, 7105.993164
 3:50:40.262 !!! [CE][Spawn] Character "ZmbF_HikerSkinny_Grey" at 4068.776611, 7124.104492
 3:50:40.263 !!! [CE][Spawn] Character "ZmbM_HunterOld_Winter" at 4100.810059, 7139.879883
 3:50:40.263 !!! [CE][Spawn] Character "ZmbM_HermitSkinny_Red" at 4101.215820, 7103.647461
 3:50:40.264 !!! [CE][Spawn] Character "ZmbM_HikerSkinny_Blue" at 4102.510742, 7080.704102
 3:51:05.544 [CE][LootRespawner] (PRIDummy) :: Item [1105] causing search overtime: "Chestplate"
 3:51:05.627 [CE][LootRespawner] (PRIDummy) :: Item [1106] causing search overtime: "GreatHelm"
 3:51:05.823 [CE][LootRespawner] (PRIDummy) :: Item [1107] causing search overtime: "WoolGlovesFingerless_ChristmasBlue"
 3:51:06.23 [CE][LootRespawner] (PRIDummy) :: Item [1108] causing search overtime: "Chainmail_Coif"
 3:51:06.123 [CE][LootRespawner] (PRIDummy) :: Item [1109] causing search overtime: "MedievalBoots"
 3:51:06.223 [CE][LootRespawner] (PRIDummy) :: Item [1110] causing search overtime: "Mace"
 3:51:06.323 [CE][LootRespawner] (PRIDummy) :: Item [1111] causing search overtime: "Chainmail"
 3:51:06.633 [CE][LootRespawner] (PRIDummy) :: Item [1112] causing search overtime: "HipPack_Party"
 3:51:06.738 [CE][LootRespawner] (PRIDummy) :: Item [1113] causing search overtime: "STAG_Clothing_MountainBag"
 3:51:06.838 [CE][LootRespawner] (PRIDummy) :: Item [1114] causing search overtime: "MimeMask_Female"
 3:51:06.940 [CE][LootRespawner] (PRIDummy) :: Item [1115] causing search overtime: "EyeMask_Black"
 3:51:07.39 [CE][LootRespawner] (PRIDummy) :: Item [1116] causing search overtime: "EyeMask_Yellow"
 3:51:07.141 [CE][LootRespawner] (PRIDummy) :: Item [1117] causing search overtime: "MimeMask_Male"
 3:51:07.239 [CE][LootRespawner] (PRIDummy) :: Item [1118] causing search overtime: "EyeMask_Blue"
 3:51:07.345 [CE][LootRespawner] (PRIDummy) :: Item [1119] causing search overtime: "EyeMask_Red"
 3:51:07.546 !!! [CE][Spawn] Character "ZmbM_SoldierNormal" at 7433.739746, 1528.743896
 3:51:07.547 !!! [CE][Spawn] Character "ZmbM_usSoldier_normal_Woodland" at 7474.039063, 1541.578369
 3:51:07.547 !!! [CE][Spawn] Character "ZmbM_SoldierNormal" at 7518.767090, 1512.854980
 3:51:07.548 !!! [CE][Spawn] Character "ZmbM_usSoldier_normal_Woodland" at 7532.799316, 1437.298584
 3:51:07.549 !!! [CE][Spawn] Character "ZmbM_PatrolNormal_Autumn" at 7456.760254, 1454.656982
 3:51:07.549 !!! [CE][Spawn] Character "ZmbM_usSoldier_normal_Woodland" at 7434.093262, 1478.068726
 3:51:07.552 !!! [CE][Spawn] Character "ZmbM_SoldierNormal" at 7419.283691, 1507.751221
 3:51:07.553 !!! [CE][Spawn] Character "ZmbM_PrisonerSkinny" at 1697.249512, 4749.617676
 3:51:07.553 !!! [CE][Spawn] Character "ZmbM_PrisonerSkinny" at 1688.264404, 4772.872070
 3:51:07.555 !!! [CE][Spawn] Character "ZmbM_PrisonerSkinny" at 1723.170898, 4754.982910
 3:51:07.557 !!! [CE][Spawn] Character "ZmbM_PrisonerSkinny" at 1740.077881, 4734.134766
 3:51:07.557 !!! [CE][Spawn] Character "ZmbM_PrisonerSkinny" at 1731.104858, 4708.234863
 3:51:32.591 [CE][LootRespawner] (PRIDummy) :: Item [1120] causing search overtime: "Sword"
 3:51:32.684 [CE][LootRespawner] (PRIDummy) :: Item [1121] causing search overtime: "Chainmail_Leggings"
 3:51:32.871 [CE][LootRespawner] (PRIDummy) :: Item [1122] causing search overtime: "WoolGloves_ChristmasBlue"
 3:51:33.71 [CE][LootRespawner] (PRIDummy) :: Item [1123] causing search overtime: "WoolGlovesFingerless_ChristmasRed"
 3:51:33.171 [CE][LootRespawner] (PRIDummy) :: Item [1124] causing search overtime: "WoolGloves_ChristmasRed"
 3:51:33.273 [CE][LootRespawner] (PRIDummy) :: Item [649] is hard to place, performance drops: "FOG_Bag_6ShBagT_Green"
 3:51:33.473 [CE][LootRespawner] (PRIDummy) :: Item [1125] causing search overtime: "HipPack_Party"
 3:51:33.573 [CE][LootRespawner] (PRIDummy) :: Item [1126] causing search overtime: "STAG_Clothing_MountainBag"
 3:51:33.674 [CE][LootRespawner] (PRIDummy) :: Item [1127] causing search overtime: "MimeMask_Female"
 3:51:33.778 [CE][LootRespawner] (PRIDummy) :: Item [1128] causing search overtime: "EyeMask_Black"
 3:51:33.919 [CE][LootRespawner] (PRIDummy) :: Item [1129] causing search overtime: "EyeMask_Yellow"
 3:51:34.04 [CE][LootRespawner] (PRIDummy) :: Item [1130] causing search overtime: "MimeMask_Male"
 3:51:34.101 [CE][LootRespawner] (PRIDummy) :: Item [1131] causing search overtime: "EyeMask_Blue"
 3:51:34.201 [CE][LootRespawner] (PRIDummy) :: Item [1132] causing search overtime: "EyeMask_Red"
 3:51:34.304 [CE][LootRespawner] (PRIDummy) :: Item [1133] causing search overtime: "Chestplate"
 3:51:34.406 [CE][LootRespawner] (PRIDummy) :: Item [1134] causing search overtime: "GreatHelm"
 3:51:34.505 [CE][LootRespawner] (PRIDummy) :: Item [1135] causing search overtime: "WoolGlovesFingerless_ChristmasBlue"
 3:52:00.543 [CE][LootRespawner] (PRIDummy) :: Item [1136] causing search overtime: "WoolGlovesFingerless_ChristmasBlue"
 3:52:00.629 [CE][LootRespawner] (PRIDummy) :: Item [1137] causing search overtime: "Chainmail_Coif"
 3:52:00.734 [CE][LootRespawner] (PRIDummy) :: Item [1138] causing search overtime: "MedievalBoots"
 3:52:00.834 [CE][LootRespawner] (PRIDummy) :: Item [1139] causing search overtime: "Mace"
 3:52:00.939 [CE][LootRespawner] (PRIDummy) :: Item [1140] causing search overtime: "Chainmail"
 3:52:01.458 [CE][LootRespawner] (PRIDummy) :: Item [1141] causing search overtime: "HipPack_Party"
 3:52:01.559 [CE][LootRespawner] (PRIDummy) :: Item [1142] causing search overtime: "STAG_Clothing_MountainBag"
 3:52:01.664 [CE][LootRespawner] (PRIDummy) :: Item [1143] causing search overtime: "MimeMask_Female"
 3:52:01.768 [CE][LootRespawner] (PRIDummy) :: Item [1144] causing search overtime: "EyeMask_Black"
 3:52:01.881 [CE][LootRespawner] (PRIDummy) :: Item [1145] causing search overtime: "EyeMask_Yellow"
 3:52:01.974 [CE][LootRespawner] (PRIDummy) :: Item [1146] causing search overtime: "MimeMask_Male"
 3:52:02.80 [CE][LootRespawner] (PRIDummy) :: Item [1147] causing search overtime: "EyeMask_Blue"
 3:52:02.181 [CE][LootRespawner] (PRIDummy) :: Item [1148] causing search overtime: "EyeMask_Red"
 3:52:02.280 [CE][LootRespawner] (PRIDummy) :: Item [1149] causing search overtime: "Chestplate"
 3:52:02.380 [CE][LootRespawner] (PRIDummy) :: Item [1150] causing search overtime: "GreatHelm"
 3:52:02.481 [CE][LootRespawner] (PRIDummy) :: Item [1151] causing search overtime: "Sword"
 3:52:11.844 !!! _toMoveOutOrDelete resized during cleaning
 3:52:28.05 [CE][LootRespawner] (PRIDummy) :: Item [1152] causing search overtime: "Sword"
 3:52:28.107 [CE][LootRespawner] (PRIDummy) :: Item [1153] causing search overtime: "Chainmail_Leggings"
 3:52:28.210 [CE][LootRespawner] (PRIDummy) :: Item [1154] causing search overtime: "WoolGloves_ChristmasBlue"
 3:52:28.309 [CE][LootRespawner] (PRIDummy) :: Item [1155] causing search overtime: "WoolGlovesFingerless_ChristmasRed"
 3:52:28.415 [CE][LootRespawner] (PRIDummy) :: Item [1156] causing search overtime: "WoolGloves_ChristmasRed"
 3:52:28.917 [CE][LootRespawner] (PRIDummy) :: Item [1157] causing search overtime: "HipPack_Party"
 3:52:29.15 [CE][LootRespawner] (PRIDummy) :: Item [1158] causing search overtime: "STAG_Clothing_MountainBag"
 3:52:29.118 [CE][LootRespawner] (PRIDummy) :: Item [1159] causing search overtime: "MimeMask_Female"
 3:52:29.230 [CE][LootRespawner] (PRIDummy) :: Item [1160] causing search overtime: "EyeMask_Black"
 3:52:29.335 [CE][LootRespawner] (PRIDummy) :: Item [1161] causing search overtime: "EyeMask_Yellow"
 3:52:29.436 [CE][LootRespawner] (PRIDummy) :: Item [1162] causing search overtime: "MimeMask_Male"
 3:52:29.534 [CE][LootRespawner] (PRIDummy) :: Item [1163] causing search overtime: "EyeMask_Blue"
 3:52:29.635 [CE][LootRespawner] (PRIDummy) :: Item [1164] causing search overtime: "EyeMask_Red"
 3:52:29.735 [CE][LootRespawner] (PRIDummy) :: Item [1165] causing search overtime: "Chestplate"
 3:52:29.839 [CE][LootRespawner] (PRIDummy) :: Item [1166] causing search overtime: "GreatHelm"
 3:52:55.263 [CE][LootRespawner] (PRIDummy) :: Item [1167] causing search overtime: "GreatHelm"
 3:52:55.365 [CE][LootRespawner] (PRIDummy) :: Item [1168] causing search overtime: "WoolGlovesFingerless_ChristmasBlue"
 3:52:55.469 [CE][LootRespawner] (PRIDummy) :: Item [1169] causing search overtime: "Chainmail_Coif"
 3:52:55.568 [CE][LootRespawner] (PRIDummy) :: Item [1170] causing search overtime: "MedievalBoots"
 3:52:55.771 [CE][LootRespawner] (PRIDummy) :: Item [1171] causing search overtime: "Mace"
 3:52:55.875 [CE][LootRespawner] (PRIDummy) :: Item [1172] causing search overtime: "Chainmail"
 3:52:56.380 [CE][LootRespawner] (PRIDummy) :: Item [1173] causing search overtime: "HipPack_Party"
 3:52:56.479 [CE][LootRespawner] (PRIDummy) :: Item [1174] causing search overtime: "STAG_Clothing_MountainBag"
 3:52:56.578 [CE][LootRespawner] (PRIDummy) :: Item [1175] causing search overtime: "MimeMask_Female"
 3:52:56.678 [CE][LootRespawner] (PRIDummy) :: Item [1176] causing search overtime: "EyeMask_Black"
 3:52:56.778 [CE][LootRespawner] (PRIDummy) :: Item [1177] causing search overtime: "EyeMask_Yellow"
 3:52:56.879 [CE][LootRespawner] (PRIDummy) :: Item [1178] causing search overtime: "MimeMask_Male"
 3:52:56.977 [CE][LootRespawner] (PRIDummy) :: Item [1179] causing search overtime: "EyeMask_Blue"
 3:52:57.78 [CE][LootRespawner] (PRIDummy) :: Item [1180] causing search overtime: "EyeMask_Red"
 3:52:57.180 [CE][LootRespawner] (PRIDummy) :: Item [1181] causing search overtime: "Chestplate"
 3:53:22.857 [CE][LootRespawner] (PRIDummy) :: Item [1182] causing search overtime: "Chestplate"
 3:53:22.963 [CE][LootRespawner] (PRIDummy) :: Item [1183] causing search overtime: "Sword"
 3:53:23.63 [CE][LootRespawner] (PRIDummy) :: Item [1184] causing search overtime: "Chainmail_Leggings"
 3:53:23.168 [CE][LootRespawner] (PRIDummy) :: Item [1185] causing search overtime: "WoolGloves_ChristmasBlue"
 3:53:23.371 [CE][LootRespawner] (PRIDummy) :: Item [1186] causing search overtime: "WoolGlovesFingerless_ChristmasRed"
 3:53:23.480 [CE][LootRespawner] (PRIDummy) :: Item [1187] causing search overtime: "WoolGloves_ChristmasRed"
 3:53:23.852 [CE][LootRespawner] (PRIDummy) :: Item [1188] causing search overtime: "HipPack_Party"
 3:53:23.943 [CE][LootRespawner] (PRIDummy) :: Item [1189] causing search overtime: "STAG_Clothing_MountainBag"
 3:53:24.58 [CE][LootRespawner] (PRIDummy) :: Item [1190] causing search overtime: "MimeMask_Female"
 3:53:24.156 [CE][LootRespawner] (PRIDummy) :: Item [1191] causing search overtime: "EyeMask_Black"
 3:53:24.247 [CE][LootRespawner] (PRIDummy) :: Item [1192] causing search overtime: "EyeMask_Yellow"
 3:53:24.348 [CE][LootRespawner] (PRIDummy) :: Item [1193] causing search overtime: "MimeMask_Male"
 3:53:24.459 [CE][LootRespawner] (PRIDummy) :: Item [1194] causing search overtime: "EyeMask_Blue"
 3:53:24.558 [CE][LootRespawner] (PRIDummy) :: Item [1195] causing search overtime: "EyeMask_Red"
 3:53:24.656 [CE][LootRespawner] (PRIDummy) :: Item [1196] causing search overtime: "GreatHelm"
 3:53:24.758 [CE][LootRespawner] (PRIDummy) :: Item [1197] causing search overtime: "WoolGlovesFingerless_ChristmasBlue"
 3:53:24.904 [CE][LootRespawner] (PRIDummy) :: Item [1198] causing search overtime: "Chainmail_Coif"
 3:53:50.481 [CE][LootRespawner] (PRIDummy) :: Item [1199] causing search overtime: "Chainmail_Coif"
 3:53:50.582 [CE][LootRespawner] (PRIDummy) :: Item [1200] causing search overtime: "MedievalBoots"
 3:53:50.686 [CE][LootRespawner] (PRIDummy) :: Item [1201] causing search overtime: "Mace"
 3:53:50.786 [CE][LootRespawner] (PRIDummy) :: Item [1202] causing search overtime: "Chainmail"
 3:53:51.110 [CE][LootRespawner] (PRIDummy) :: Item [1203] causing search overtime: "HipPack_Party"
 3:53:51.210 [CE][LootRespawner] (PRIDummy) :: Item [1204] causing search overtime: "STAG_Clothing_MountainBag"
 3:53:51.312 [CE][LootRespawner] (PRIDummy) :: Item [1205] causing search overtime: "MimeMask_Female"
 3:53:51.416 [CE][LootRespawner] (PRIDummy) :: Item [1206] causing search overtime: "EyeMask_Black"
 3:53:51.514 [CE][LootRespawner] (PRIDummy) :: Item [1207] causing search overtime: "EyeMask_Yellow"
 3:53:51.616 [CE][LootRespawner] (PRIDummy) :: Item [1208] causing search overtime: "MimeMask_Male"
 3:53:51.715 [CE][LootRespawner] (PRIDummy) :: Item [1209] causing search overtime: "EyeMask_Blue"
 3:53:51.817 [CE][LootRespawner] (PRIDummy) :: Item [1210] causing search overtime: "EyeMask_Red"
 3:53:51.920 [CE][LootRespawner] (PRIDummy) :: Item [1211] causing search overtime: "Chestplate"
 3:53:52.23 [CE][LootRespawner] (PRIDummy) :: Item [1212] causing search overtime: "GreatHelm"
 3:53:52.120 [CE][LootRespawner] (PRIDummy) :: Item [1213] causing search overtime: "WoolGlovesFingerless_ChristmasBlue"
 3:53:52.220 [CE][LootRespawner] (PRIDummy) :: Item [1214] causing search overtime: "Sword"
 3:53:52.320 [CE][LootRespawner] (PRIDummy) :: Item [1215] causing search overtime: "Chainmail_Leggings"
 3:54:17.918 [CE][LootRespawner] (PRIDummy) :: Item [1216] causing search overtime: "Chainmail_Leggings"
 3:54:18.16 [CE][LootRespawner] (PRIDummy) :: Item [1217] causing search overtime: "WoolGloves_ChristmasBlue"
 3:54:18.218 [CE][LootRespawner] (PRIDummy) :: Item [1218] causing search overtime: "WoolGlovesFingerless_ChristmasRed"
 3:54:18.319 [CE][LootRespawner] (PRIDummy) :: Item [1219] causing search overtime: "WoolGloves_ChristmasRed"
 3:54:18.627 [CE][LootRespawner] (PRIDummy) :: Item [1220] causing search overtime: "HipPack_Party"
 3:54:18.727 [CE][LootRespawner] (PRIDummy) :: Item [1221] causing search overtime: "STAG_Clothing_MountainBag"
 3:54:18.825 [CE][LootRespawner] (PRIDummy) :: Item [1222] causing search overtime: "MimeMask_Female"
 3:54:18.928 [CE][LootRespawner] (PRIDummy) :: Item [1223] causing search overtime: "EyeMask_Black"
 3:54:19.30 [CE][LootRespawner] (PRIDummy) :: Item [1224] causing search overtime: "EyeMask_Yellow"
 3:54:19.137 [CE][LootRespawner] (PRIDummy) :: Item [1225] causing search overtime: "MimeMask_Male"
 3:54:19.233 [CE][LootRespawner] (PRIDummy) :: Item [1226] causing search overtime: "EyeMask_Blue"
 3:54:19.334 [CE][LootRespawner] (PRIDummy) :: Item [1227] causing search overtime: "EyeMask_Red"
 3:54:19.434 [CE][LootRespawner] (PRIDummy) :: Item [1228] causing search overtime: "Chestplate"
 3:54:19.536 [CE][LootRespawner] (PRIDummy) :: Item [1229] causing search overtime: "GreatHelm"
 3:54:19.637 [CE][LootRespawner] (PRIDummy) :: Item [1230] causing search overtime: "WoolGlovesFingerless_ChristmasBlue"
 3:54:45.466 [CE][LootRespawner] (PRIDummy) :: Item [650] is hard to place, performance drops: "STAG_Clothing_M65_Jacket"
 3:54:45.467 [CE][LootRespawner] (PRIDummy) :: Item [651] is hard to place, performance drops: "STAG_Clothing_M65_Jacket"
 3:54:45.558 [CE][LootRespawner] (PRIDummy) :: Item [1231] causing search overtime: "WoolGlovesFingerless_ChristmasBlue"
 3:54:45.656 [CE][LootRespawner] (PRIDummy) :: Item [1232] causing search overtime: "Sword"
 3:54:45.754 [CE][LootRespawner] (PRIDummy) :: Item [1233] causing search overtime: "Chainmail_Coif"
 3:54:45.854 [CE][LootRespawner] (PRIDummy) :: Item [1234] causing search overtime: "MedievalBoots"
 3:54:45.957 [CE][LootRespawner] (PRIDummy) :: Item [1235] causing search overtime: "Mace"
 3:54:46.57 [CE][LootRespawner] (PRIDummy) :: Item [1236] causing search overtime: "Chainmail"
 3:54:46.262 [CE][LootRespawner] (PRIDummy) :: Item [1237] causing search overtime: "HipPack_Party"
 3:54:46.357 [CE][LootRespawner] (PRIDummy) :: Item [1238] causing search overtime: "STAG_Clothing_MountainBag"
 3:54:46.462 [CE][LootRespawner] (PRIDummy) :: Item [1239] causing search overtime: "MimeMask_Female"
 3:54:46.563 [CE][LootRespawner] (PRIDummy) :: Item [1240] causing search overtime: "EyeMask_Black"
 3:54:46.663 [CE][LootRespawner] (PRIDummy) :: Item [1241] causing search overtime: "EyeMask_Yellow"
 3:54:46.762 [CE][LootRespawner] (PRIDummy) :: Item [1242] causing search overtime: "MimeMask_Male"
 3:54:46.863 [CE][LootRespawner] (PRIDummy) :: Item [1243] causing search overtime: "EyeMask_Blue"
 3:54:46.963 [CE][LootRespawner] (PRIDummy) :: Item [1244] causing search overtime: "EyeMask_Red"
 3:54:47.65 [CE][LootRespawner] (PRIDummy) :: Item [1245] causing search overtime: "Chestplate"
 3:54:47.165 [CE][LootRespawner] (PRIDummy) :: Item [652] is hard to place, performance drops: "jmc_Prototype_Mag"
 3:54:47.263 [CE][LootRespawner] (PRIDummy) :: Item [653] is hard to place, performance drops: "jmc_SnowOwl_Mag"
 3:54:47.263 [CE][LootRespawner] (PRIDummy) :: Item [654] is hard to place, performance drops: "jmc_SnowOwl_Mag"
 3:54:47.263 [CE][LootRespawner] (PRIDummy) :: Item [655] is hard to place, performance drops: "jmc_SnowOwl_Mag"
 3:54:47.371 [CE][LootRespawner] (PRIDummy) :: Item [1246] causing search overtime: "GreatHelm"
 3:55:13.46 [CE][LootRespawner] (PRIDummy) :: Item [1247] causing search overtime: "GreatHelm"
 3:55:13.156 [CE][LootRespawner] (PRIDummy) :: Item [1248] causing search overtime: "Chainmail_Leggings"
 3:55:13.261 [CE][LootRespawner] (PRIDummy) :: Item [1249] causing search overtime: "WoolGloves_ChristmasBlue"
 3:55:13.365 [CE][LootRespawner] (PRIDummy) :: Item [1250] causing search overtime: "WoolGlovesFingerless_ChristmasRed"
 3:55:13.572 [CE][LootRespawner] (PRIDummy) :: Item [1251] causing search overtime: "WoolGloves_ChristmasRed"
 3:55:13.979 [CE][LootRespawner] (PRIDummy) :: Item [1252] causing search overtime: "HipPack_Party"
 3:55:14.80 [CE][LootRespawner] (PRIDummy) :: Item [1253] causing search overtime: "STAG_Clothing_MountainBag"
 3:55:14.187 [CE][LootRespawner] (PRIDummy) :: Item [1254] causing search overtime: "MimeMask_Female"
 3:55:14.286 [CE][LootRespawner] (PRIDummy) :: Item [1255] causing search overtime: "EyeMask_Black"
 3:55:14.386 [CE][LootRespawner] (PRIDummy) :: Item [1256] causing search overtime: "EyeMask_Yellow"
 3:55:14.490 [CE][LootRespawner] (PRIDummy) :: Item [1257] causing search overtime: "MimeMask_Male"
 3:55:14.592 [CE][LootRespawner] (PRIDummy) :: Item [1258] causing search overtime: "EyeMask_Blue"
 3:55:14.690 [CE][LootRespawner] (PRIDummy) :: Item [1259] causing search overtime: "EyeMask_Red"
 3:55:14.794 [CE][LootRespawner] (PRIDummy) :: Item [1260] causing search overtime: "Chestplate"
 3:55:14.902 !!! [CE][Spawn] Character "ZmbM_PatrolNormal_Summer" at 7611.209473, 1550.974487
 3:55:40.55 [CE][LootRespawner] (PRIDummy) :: Item [1261] causing search overtime: "Chestplate"
 3:55:40.156 [CE][LootRespawner] (PRIDummy) :: Item [1262] causing search overtime: "WoolGlovesFingerless_ChristmasBlue"
 3:55:40.257 [CE][LootRespawner] (PRIDummy) :: Item [1263] causing search overtime: "Sword"
 3:55:40.356 [CE][LootRespawner] (PRIDummy) :: Item [1264] causing search overtime: "Chainmail_Coif"
 3:55:40.457 [CE][LootRespawner] (PRIDummy) :: Item [1265] causing search overtime: "MedievalBoots"
 3:55:40.556 [CE][LootRespawner] (PRIDummy) :: Item [1266] causing search overtime: "Mace"
 3:55:40.657 [CE][LootRespawner] (PRIDummy) :: Item [1267] causing search overtime: "Chainmail"
 3:55:41.56 [CE][LootRespawner] (PRIDummy) :: Item [1268] causing search overtime: "HipPack_Party"
 3:55:41.157 [CE][LootRespawner] (PRIDummy) :: Item [1269] causing search overtime: "STAG_Clothing_MountainBag"
 3:55:41.257 [CE][LootRespawner] (PRIDummy) :: Item [1270] causing search overtime: "MimeMask_Female"
 3:55:41.356 [CE][LootRespawner] (PRIDummy) :: Item [1271] causing search overtime: "EyeMask_Black"
 3:55:41.456 [CE][LootRespawner] (PRIDummy) :: Item [1272] causing search overtime: "EyeMask_Yellow"
 3:55:41.557 [CE][LootRespawner] (PRIDummy) :: Item [1273] causing search overtime: "MimeMask_Male"
 3:55:41.657 [CE][LootRespawner] (PRIDummy) :: Item [1274] causing search overtime: "EyeMask_Blue"
 3:55:41.757 [CE][LootRespawner] (PRIDummy) :: Item [1275] causing search overtime: "EyeMask_Red"
 3:55:41.857 [CE][LootRespawner] (PRIDummy) :: Item [1276] causing search overtime: "GreatHelm"
 3:55:41.957 [CE][LootRespawner] (PRIDummy) :: Item [1277] causing search overtime: "Chainmail_Leggings"
 3:56:07.493 [CE][LootRespawner] (PRIDummy) :: Item [1278] causing search overtime: "Chainmail_Leggings"
 3:56:07.595 [CE][LootRespawner] (PRIDummy) :: Item [1279] causing search overtime: "WoolGloves_ChristmasBlue"
 3:56:07.800 [CE][LootRespawner] (PRIDummy) :: Item [1280] causing search overtime: "WoolGlovesFingerless_ChristmasRed"
 3:56:07.899 [CE][LootRespawner] (PRIDummy) :: Item [1281] causing search overtime: "WoolGloves_ChristmasRed"
 3:56:08.306 [CE][LootRespawner] (PRIDummy) :: Item [1282] causing search overtime: "HipPack_Party"
 3:56:08.412 [CE][LootRespawner] (PRIDummy) :: Item [1283] causing search overtime: "STAG_Clothing_MountainBag"
 3:56:08.512 [CE][LootRespawner] (PRIDummy) :: Item [656] is hard to place, performance drops: "Mag_VAL_20Rnd"
 3:56:08.512 [CE][LootRespawner] (PRIDummy) :: Item [657] is hard to place, performance drops: "Mag_VAL_20Rnd"
 3:56:08.616 [CE][LootRespawner] (PRIDummy) :: Item [1284] causing search overtime: "MimeMask_Female"
 3:56:08.714 [CE][LootRespawner] (PRIDummy) :: Item [1285] causing search overtime: "EyeMask_Black"
 3:56:08.816 [CE][LootRespawner] (PRIDummy) :: Item [1286] causing search overtime: "EyeMask_Yellow"
 3:56:08.915 [CE][LootRespawner] (PRIDummy) :: Item [1287] causing search overtime: "MimeMask_Male"
 3:56:09.19 [CE][LootRespawner] (PRIDummy) :: Item [1288] causing search overtime: "EyeMask_Blue"
 3:56:09.120 [CE][LootRespawner] (PRIDummy) :: Item [1289] causing search overtime: "EyeMask_Red"
 3:56:09.221 [CE][LootRespawner] (PRIDummy) :: Item [1290] causing search overtime: "Chestplate"
 3:56:09.323 [CE][LootRespawner] (PRIDummy) :: Item [1291] causing search overtime: "GreatHelm"
 3:56:34.816 [CE][LootRespawner] (PRIDummy) :: Item [1292] causing search overtime: "GreatHelm"
 3:56:34.915 [CE][LootRespawner] (PRIDummy) :: Item [1293] causing search overtime: "WoolGlovesFingerless_ChristmasBlue"
 3:56:35.16 [CE][LootRespawner] (PRIDummy) :: Item [1294] causing search overtime: "Sword"
 3:56:35.118 [CE][LootRespawner] (PRIDummy) :: Item [1295] causing search overtime: "Chainmail_Coif"
 3:56:35.219 [CE][LootRespawner] (PRIDummy) :: Item [1296] causing search overtime: "MedievalBoots"
 3:56:35.318 [CE][LootRespawner] (PRIDummy) :: Item [1297] causing search overtime: "Mace"
 3:56:35.420 [CE][LootRespawner] (PRIDummy) :: Item [1298] causing search overtime: "Chainmail"
 3:56:35.920 [CE][LootRespawner] (PRIDummy) :: Item [1299] causing search overtime: "HipPack_Party"
 3:56:36.22 [CE][LootRespawner] (PRIDummy) :: Item [1300] causing search overtime: "STAG_Clothing_MountainBag"
 3:56:36.121 [CE][LootRespawner] (PRIDummy) :: Item [1301] causing search overtime: "MimeMask_Female"
 3:56:36.224 [CE][LootRespawner] (PRIDummy) :: Item [1302] causing search overtime: "EyeMask_Black"
 3:56:36.323 [CE][LootRespawner] (PRIDummy) :: Item [1303] causing search overtime: "EyeMask_Yellow"
 3:56:36.424 [CE][LootRespawner] (PRIDummy) :: Item [1304] causing search overtime: "MimeMask_Male"
 3:56:36.524 [CE][LootRespawner] (PRIDummy) :: Item [1305] causing search overtime: "EyeMask_Blue"
 3:56:36.623 [CE][LootRespawner] (PRIDummy) :: Item [1306] causing search overtime: "EyeMask_Red"
 3:56:36.826 !!! [CE][Spawn] Character "ZmbM_PatrolNormal_PautRev" at 7593.249512, 1606.565186
 3:57:02.526 [CE][LootRespawner] (PRIDummy) :: Item [1307] causing search overtime: "Chestplate"
 3:57:02.820 [CE][LootRespawner] (PRIDummy) :: Item [1308] causing search overtime: "Chainmail_Leggings"
 3:57:02.921 [CE][LootRespawner] (PRIDummy) :: Item [1309] causing search overtime: "WoolGloves_ChristmasBlue"
 3:57:03.20 [CE][LootRespawner] (PRIDummy) :: Item [1310] causing search overtime: "WoolGlovesFingerless_ChristmasRed"
 3:57:03.123 [CE][LootRespawner] (PRIDummy) :: Item [1311] causing search overtime: "WoolGloves_ChristmasRed"
 3:57:03.422 [CE][LootRespawner] (PRIDummy) :: Item [1312] causing search overtime: "HipPack_Party"
 3:57:03.523 [CE][LootRespawner] (PRIDummy) :: Item [1313] causing search overtime: "STAG_Clothing_MountainBag"
 3:57:03.797 [CE][LootRespawner] (PRIDummy) :: Item [1314] causing search overtime: "MimeMask_Female"
 3:57:03.896 [CE][LootRespawner] (PRIDummy) :: Item [1315] causing search overtime: "EyeMask_Black"
 3:57:04.23 [CE][LootRespawner] (PRIDummy) :: Item [1316] causing search overtime: "EyeMask_Yellow"
 3:57:04.121 [CE][LootRespawner] (PRIDummy) :: Item [1317] causing search overtime: "MimeMask_Male"
 3:57:04.226 [CE][LootRespawner] (PRIDummy) :: Item [1318] causing search overtime: "EyeMask_Blue"
 3:57:04.319 [CE][LootRespawner] (PRIDummy) :: Item [1319] causing search overtime: "EyeMask_Red"
 3:57:04.422 [CE][LootRespawner] (PRIDummy) :: Item [1320] causing search overtime: "GreatHelm"
 3:57:04.525 [CE][LootRespawner] (PRIDummy) :: Item [1321] causing search overtime: "WoolGlovesFingerless_ChristmasBlue"
 3:57:04.680 !!! [CE][Spawn] Character "ZmbM_usSoldier_normal_Desert" at 6474.888184, 6833.124023
 3:57:04.683 !!! [CE][Spawn] Character "ZmbM_usSoldier_Heavy_Woodland" at 6501.291016, 6855.933105
 3:57:04.685 !!! [CE][Spawn] Character "ZmbM_usSoldier_Officer_Desert" at 6538.294434, 6868.229980
 3:57:04.688 !!! [CE][Spawn] Character "ZmbM_usSoldier_Heavy_Woodland" at 6541.399902, 6829.764648
 3:57:04.689 !!! [CE][Spawn] Character "ZmbM_PatrolNormal_Autumn" at 6534.173340, 6807.291504
 3:57:04.692 !!! [CE][Spawn] Character "ZmbM_usSoldier_Officer_Desert" at 6508.579590, 6783.177734
 3:57:04.696 !!! [CE][Spawn] Character "ZmbM_usSoldier_Officer_Desert" at 6916.468750, 6709.625000
 3:57:04.699 !!! [CE][Spawn] Character "ZmbM_usSoldier_Officer_Desert" at 6789.115234, 6661.638184
 3:57:04.700 !!! [CE][Spawn] Character "ZmbM_PatrolNormal_Autumn" at 6639.697754, 6843.920898
 3:57:04.701 !!! [CE][Spawn] Character "ZmbM_PatrolNormal_Flat" at 6746.549316, 6912.717773
 3:57:04.702 !!! [CE][Spawn] Character "ZmbM_usSoldier_normal_Woodland" at 6843.559570, 6883.094727
 3:57:04.702 !!! [CE][Spawn] Character "ZmbM_PatrolNormal_Autumn" at 6941.556152, 6803.502441
 3:57:04.703 !!! [CE][Spawn] Character "ZmbM_PatrolNormal_Flat" at 6675.805664, 6761.432617
 3:57:04.706 !!! [CE][Spawn] Character "ZmbM_SoldierNormal" at 6906.780762, 6891.976563
 3:57:04.709 !!! [CE][Spawn] Character "ZmbM_SoldierNormal" at 6905.543945, 6764.111816
 3:57:04.710 !!! [CE][Spawn] Character "ZmbM_usSoldier_normal_Woodland" at 6847.245117, 6625.011230
 3:57:04.964 !!! [CE][Spawn] Character "ZmbM_PrisonerSkinny" at 6644.209961, 6832.630859
 3:57:04.965 !!! [CE][Spawn] Character "ZmbM_PolicemanSpecForce_Heavy" at 6665.759766, 6828.544434
 3:57:04.967 !!! [CE][Spawn] Character "ZmbM_PolicemanSpecForce_Heavy" at 6673.321289, 6810.312012
 3:57:04.969 !!! [CE][Spawn] Character "ZmbM_PolicemanSpecForce_Heavy" at 6673.720703, 6784.102539
 3:57:30.120 [CE][LootRespawner] (PRIDummy) :: Item [1322] causing search overtime: "WoolGlovesFingerless_ChristmasBlue"
 3:57:30.220 [CE][LootRespawner] (PRIDummy) :: Item [1323] causing search overtime: "Sword"
 3:57:30.319 [CE][LootRespawner] (PRIDummy) :: Item [1324] causing search overtime: "Chainmail_Coif"
 3:57:30.419 [CE][LootRespawner] (PRIDummy) :: Item [1325] causing search overtime: "MedievalBoots"
 3:57:30.520 [CE][LootRespawner] (PRIDummy) :: Item [1326] causing search overtime: "Mace"
 3:57:30.622 [CE][LootRespawner] (PRIDummy) :: Item [1327] causing search overtime: "Chainmail"
 3:57:31.26 [CE][LootRespawner] (PRIDummy) :: Item [1328] causing search overtime: "HipPack_Party"
 3:57:31.132 [CE][LootRespawner] (PRIDummy) :: Item [1329] causing search overtime: "STAG_Clothing_MountainBag"
 3:57:31.234 [CE][LootRespawner] (PRIDummy) :: Item [1330] causing search overtime: "MimeMask_Female"
 3:57:31.335 [CE][LootRespawner] (PRIDummy) :: Item [1331] causing search overtime: "EyeMask_Black"
 3:57:31.470 [CE][LootRespawner] (PRIDummy) :: Item [1332] causing search overtime: "EyeMask_Yellow"
 3:57:31.555 [CE][LootRespawner] (PRIDummy) :: Item [1333] causing search overtime: "MimeMask_Male"
 3:57:31.655 [CE][LootRespawner] (PRIDummy) :: Item [1334] causing search overtime: "EyeMask_Blue"
 3:57:31.755 [CE][LootRespawner] (PRIDummy) :: Item [1335] causing search overtime: "EyeMask_Red"
 3:57:31.855 [CE][LootRespawner] (PRIDummy) :: Item [1336] causing search overtime: "Chestplate"
 3:57:31.954 [CE][LootRespawner] (PRIDummy) :: Item [1337] causing search overtime: "GreatHelm"
 3:57:57.314 [CE][LootRespawner] (PRIDummy) :: Item [1338] causing search overtime: "GreatHelm"
 3:57:57.414 [CE][LootRespawner] (PRIDummy) :: Item [1339] causing search overtime: "Chainmail_Leggings"
 3:57:57.516 [CE][LootRespawner] (PRIDummy) :: Item [1340] causing search overtime: "WoolGloves_ChristmasBlue"
 3:57:57.714 [CE][LootRespawner] (PRIDummy) :: Item [1341] causing search overtime: "WoolGlovesFingerless_ChristmasRed"
 3:57:57.815 [CE][LootRespawner] (PRIDummy) :: Item [1342] causing search overtime: "WoolGloves_ChristmasRed"
 3:57:58.535 [CE][LootRespawner] (PRIDummy) :: Item [1343] causing search overtime: "HipPack_Party"
 3:57:58.624 [CE][LootRespawner] (PRIDummy) :: Item [1344] causing search overtime: "STAG_Clothing_MountainBag"
 3:57:58.725 [CE][LootRespawner] (PRIDummy) :: Item [1345] causing search overtime: "MimeMask_Female"
 3:57:58.823 [CE][LootRespawner] (PRIDummy) :: Item [1346] causing search overtime: "EyeMask_Black"
 3:57:58.969 [CE][LootRespawner] (PRIDummy) :: Item [1347] causing search overtime: "EyeMask_Yellow"
 3:57:59.54 [CE][LootRespawner] (PRIDummy) :: Item [1348] causing search overtime: "MimeMask_Male"
 3:57:59.156 !!! [CE][Spawn] Character "ZmbM_NBC_Yellow" at 7533.341797, 6893.277832
 3:57:59.157 !!! [CE][Spawn] Character "ZmbM_NBC_Yellow" at 7535.455566, 7078.812012
 3:57:59.158 !!! [CE][Spawn] Character "ZmbM_NBC_Yellow" at 7698.135254, 6999.826660
 3:57:59.159 !!! [CE][Spawn] Character "ZmbM_NBC_Yellow" at 7710.706055, 6874.957031
 3:57:59.159 !!! [CE][Spawn] Character "ZmbM_NBC_Yellow" at 7753.060059, 6692.354004
 3:57:59.160 !!! [CE][Spawn] Character "ZmbM_NBC_Yellow" at 7550.781738, 6653.423828
 3:57:59.161 !!! [CE][Spawn] Character "ZmbM_NBC_Yellow" at 7383.515625, 6786.691895
 3:57:59.161 !!! [CE][Spawn] Character "ZmbM_NBC_Yellow" at 7518.460938, 6933.637695
 3:57:59.162 !!! [CE][Spawn] Character "ZmbM_NBC_Yellow" at 7604.195801, 7072.263184
 3:57:59.162 !!! [CE][Spawn] Character "ZmbM_NBC_Yellow" at 7708.938477, 6947.410156
 3:57:59.163 !!! [CE][Spawn] Character "ZmbM_NBC_Yellow" at 7792.715332, 6820.167969
 3:57:59.164 !!! [CE][Spawn] Character "ZmbM_NBC_Yellow" at 7669.800781, 6715.851074
 3:57:59.165 !!! [CE][Spawn] Character "ZmbM_NBC_Yellow" at 7449.299805, 6863.500000
 3:57:59.165 !!! [CE][Spawn] Character "ZmbM_NBC_Yellow" at 7542.642090, 6959.188477
 3:57:59.165 !!! [CE][Spawn] Character "ZmbM_NBC_Yellow" at 7633.714355, 6711.116699
 3:57:59.167 !!! [CE][Spawn] Character "ZmbM_NBC_Yellow" at 7486.916992, 6751.475586
 3:57:59.167 !!! [CE][Spawn] Character "ZmbM_NBC_Yellow" at 7491.032227, 6893.109375
 3:57:59.168 !!! [CE][Spawn] Character "ZmbM_NBC_Yellow" at 7541.588379, 7017.741211
 3:57:59.168 !!! [CE][Spawn] Character "ZmbM_NBC_Yellow" at 7671.117188, 6980.553223
 3:57:59.168 !!! [CE][Spawn] Character "ZmbM_NBC_Yellow" at 7705.569824, 6883.678711
 3:58:24.304 [CE][LootRespawner] (PRIDummy) :: Item [1349] causing search overtime: "MimeMask_Male"
 3:58:24.413 [CE][LootRespawner] (PRIDummy) :: Item [1350] causing search overtime: "EyeMask_Blue"
 3:58:24.511 [CE][LootRespawner] (PRIDummy) :: Item [1351] causing search overtime: "EyeMask_Red"
 3:58:24.614 [CE][LootRespawner] (PRIDummy) :: Item [1352] causing search overtime: "Chestplate"
 3:58:24.713 [CE][LootRespawner] (PRIDummy) :: Item [1353] causing search overtime: "WoolGlovesFingerless_ChristmasBlue"
 3:58:24.812 [CE][LootRespawner] (PRIDummy) :: Item [1354] causing search overtime: "Sword"
 3:58:24.914 [CE][LootRespawner] (PRIDummy) :: Item [1355] causing search overtime: "Chainmail_Coif"
 3:58:25.14 [CE][LootRespawner] (PRIDummy) :: Item [1356] causing search overtime: "MedievalBoots"
 3:58:25.114 [CE][LootRespawner] (PRIDummy) :: Item [1357] causing search overtime: "Mace"
 3:58:25.216 [CE][LootRespawner] (PRIDummy) :: Item [1358] causing search overtime: "Chainmail"
 3:58:25.519 [CE][LootRespawner] (PRIDummy) :: Item [1359] causing search overtime: "HipPack_Party"
 3:58:25.623 [CE][LootRespawner] (PRIDummy) :: Item [1360] causing search overtime: "STAG_Clothing_MountainBag"
 3:58:25.724 [CE][LootRespawner] (PRIDummy) :: Item [1361] causing search overtime: "MimeMask_Female"
 3:58:25.822 [CE][LootRespawner] (PRIDummy) :: Item [1362] causing search overtime: "EyeMask_Black"
 3:58:25.936 [CE][LootRespawner] (PRIDummy) :: Item [1363] causing search overtime: "EyeMask_Yellow"
 3:58:26.32 [CE][LootRespawner] (PRIDummy) :: Item [1364] causing search overtime: "GreatHelm"
 3:58:26.133 [CE][LootRespawner] (PRIDummy) :: Item [1365] causing search overtime: "Chainmail_Leggings"
 3:58:26.237 [CE][LootRespawner] (PRIDummy) :: Item [1366] causing search overtime: "WoolGloves_ChristmasBlue"
 3:58:26.335 !!! [CE][Spawn] Character "ZmbM_SoldierNormal" at 7442.543945, 1544.301514
 3:58:26.336 !!! [CE][Spawn] Character "ZmbM_PatrolNormal_PautRev" at 7388.625000, 1464.104980
 3:58:26.337 !!! [CE][Spawn] Character "ZmbM_usSoldier_normal_Desert" at 7413.439453, 1520.192993
 3:58:26.338 !!! [CE][Spawn] Character "ZmbM_usSoldier_Heavy_Woodland" at 7451.459961, 1555.786865
 3:58:26.339 !!! [CE][Spawn] Character "ZmbM_PatrolNormal_Summer" at 7515.242188, 1545.778809
 3:58:26.340 !!! [CE][Spawn] Character "ZmbM_usSoldier_Officer_Desert" at 7489.114746, 1487.535645
 3:58:26.341 !!! [CE][Spawn] Character "ZmbM_usSoldier_Officer_Desert" at 7469.419922, 1467.489014
 3:58:26.342 !!! [CE][Spawn] Character "ZmbM_NBC_Yellow" at 7705.607422, 6773.200684
 3:58:26.342 !!! [CE][Spawn] Character "ZmbM_PrisonerSkinny" at 1702.494019, 4683.652832
 3:58:26.343 !!! [CE][Spawn] Character "ZmbM_PrisonerSkinny" at 1670.933472, 4709.907227
 3:58:26.343 !!! [CE][Spawn] Character "ZmbM_PrisonerSkinny" at 1672.075317, 4750.283203
 3:58:26.343 !!! [CE][Spawn] Character "ZmbM_PrisonerSkinny" at 1705.846069, 4756.969727
 3:58:26.344 !!! [CE][Spawn] Character "ZmbM_PrisonerSkinny" at 1743.732666, 4762.873047
 3:58:51.423 [CE][LootRespawner] (PRIDummy) :: Item [1367] causing search overtime: "WoolGloves_ChristmasBlue"
 3:58:51.523 [CE][LootRespawner] (PRIDummy) :: Item [1368] causing search overtime: "WoolGlovesFingerless_ChristmasRed"
 3:58:51.623 [CE][LootRespawner] (PRIDummy) :: Item [1369] causing search overtime: "WoolGloves_ChristmasRed"
 3:58:51.928 [CE][LootRespawner] (PRIDummy) :: Item [1370] causing search overtime: "HipPack_Party"
 3:58:52.28 [CE][LootRespawner] (PRIDummy) :: Item [1371] causing search overtime: "STAG_Clothing_MountainBag"
 3:58:52.128 [CE][LootRespawner] (PRIDummy) :: Item [1372] causing search overtime: "MimeMask_Female"
 3:58:52.226 [CE][LootRespawner] (PRIDummy) :: Item [1373] causing search overtime: "EyeMask_Black"
 3:58:52.326 [CE][LootRespawner] (PRIDummy) :: Item [1374] causing search overtime: "EyeMask_Yellow"
 3:58:52.429 [CE][LootRespawner] (PRIDummy) :: Item [1375] causing search overtime: "MimeMask_Male"
 3:58:52.529 [CE][LootRespawner] (PRIDummy) :: Item [1376] causing search overtime: "EyeMask_Blue"
 3:58:52.628 [CE][LootRespawner] (PRIDummy) :: Item [1377] causing search overtime: "EyeMask_Red"
 3:58:52.729 [CE][LootRespawner] (PRIDummy) :: Item [1378] causing search overtime: "Chestplate"
 3:58:52.829 [CE][LootRespawner] (PRIDummy) :: Item [1379] causing search overtime: "GreatHelm"
 3:58:52.929 [CE][LootRespawner] (PRIDummy) :: Item [1380] causing search overtime: "WoolGlovesFingerless_ChristmasBlue"
 3:58:53.28 [CE][LootRespawner] (PRIDummy) :: Item [1381] causing search overtime: "Sword"
 3:58:53.129 [CE][LootRespawner] (PRIDummy) :: Item [1382] causing search overtime: "Chainmail_Leggings"
 3:58:53.229 [CE][LootRespawner] (PRIDummy) :: Item [1383] causing search overtime: "Chainmail_Coif"
 3:58:53.329 [CE][LootRespawner] (PRIDummy) :: Item [1384] causing search overtime: "MedievalBoots"
 3:58:53.428 !!! [CE][Spawn] Character "ZmbM_NBC_Yellow" at 7581.387695, 6702.153320
 3:59:18.554 [CE][LootRespawner] (PRIDummy) :: Item [1385] causing search overtime: "MedievalBoots"
 3:59:18.655 [CE][LootRespawner] (PRIDummy) :: Item [1386] causing search overtime: "Mace"
 3:59:18.755 [CE][LootRespawner] (PRIDummy) :: Item [1387] causing search overtime: "Chainmail"
 3:59:19.158 [CE][LootRespawner] (PRIDummy) :: Item [1388] causing search overtime: "HipPack_Party"
 3:59:19.258 [CE][LootRespawner] (PRIDummy) :: Item [1389] causing search overtime: "STAG_Clothing_MountainBag"
 3:59:19.356 [CE][LootRespawner] (PRIDummy) :: Item [1390] causing search overtime: "MimeMask_Female"
 3:59:19.456 [CE][LootRespawner] (PRIDummy) :: Item [1391] causing search overtime: "EyeMask_Black"
 3:59:19.556 [CE][LootRespawner] (PRIDummy) :: Item [1392] causing search overtime: "EyeMask_Yellow"
 3:59:19.657 [CE][LootRespawner] (PRIDummy) :: Item [1393] causing search overtime: "MimeMask_Male"
 3:59:19.757 [CE][LootRespawner] (PRIDummy) :: Item [1394] causing search overtime: "EyeMask_Blue"
 3:59:19.858 [CE][LootRespawner] (PRIDummy) :: Item [1395] causing search overtime: "EyeMask_Red"
 3:59:19.957 [CE][LootRespawner] (PRIDummy) :: Item [1396] causing search overtime: "Chestplate"
 3:59:20.62 [CE][LootRespawner] (PRIDummy) :: Item [1397] causing search overtime: "GreatHelm"
 3:59:20.161 [CE][LootRespawner] (PRIDummy) :: Item [1398] causing search overtime: "WoolGlovesFingerless_ChristmasBlue"
 3:59:20.260 [CE][LootRespawner] (PRIDummy) :: Item [1399] causing search overtime: "Sword"
 3:59:20.361 [CE][LootRespawner] (PRIDummy) :: Item [1400] causing search overtime: "Chainmail_Leggings"
 3:59:20.461 [CE][LootRespawner] (PRIDummy) :: Item [1401] causing search overtime: "WoolGloves_ChristmasBlue"
 3:59:20.560 !!! [CE][Spawn] Character "ZmbM_NBC_Yellow" at 7545.332031, 6838.943359
 3:59:45.922 [CE][LootRespawner] (PRIDummy) :: Item [1402] causing search overtime: "WoolGloves_ChristmasBlue"
 3:59:46.121 [CE][LootRespawner] (PRIDummy) :: Item [1403] causing search overtime: "Chainmail_Coif"
 3:59:46.222 [CE][LootRespawner] (PRIDummy) :: Item [1404] causing search overtime: "WoolGlovesFingerless_ChristmasRed"
 3:59:46.321 [CE][LootRespawner] (PRIDummy) :: Item [1405] causing search overtime: "WoolGloves_ChristmasRed"
 3:59:46.621 [CE][LootRespawner] (PRIDummy) :: Item [1406] causing search overtime: "HipPack_Party"
 3:59:46.722 [CE][LootRespawner] (PRIDummy) :: Item [1407] causing search overtime: "STAG_Clothing_MountainBag"
 3:59:46.824 [CE][LootRespawner] (PRIDummy) :: Item [1408] causing search overtime: "MimeMask_Female"
 3:59:46.921 [CE][LootRespawner] (PRIDummy) :: Item [1409] causing search overtime: "EyeMask_Black"
 3:59:47.21 [CE][LootRespawner] (PRIDummy) :: Item [1410] causing search overtime: "EyeMask_Yellow"
 3:59:47.122 [CE][LootRespawner] (PRIDummy) :: Item [1411] causing search overtime: "MimeMask_Male"
 3:59:47.222 [CE][LootRespawner] (PRIDummy) :: Item [1412] causing search overtime: "EyeMask_Blue"
 3:59:47.322 [CE][LootRespawner] (PRIDummy) :: Item [1413] causing search overtime: "EyeMask_Red"
 3:59:47.421 [CE][LootRespawner] (PRIDummy) :: Item [1414] causing search overtime: "Chestplate"
 3:59:47.522 [CE][LootRespawner] (PRIDummy) :: Item [1415] causing search overtime: "GreatHelm"
 3:59:47.625 [CE][LootRespawner] (PRIDummy) :: Item [1416] causing search overtime: "WoolGlovesFingerless_ChristmasBlue"
 3:59:47.724 [CE][LootRespawner] (PRIDummy) :: Item [1417] causing search overtime: "Sword"
 3:59:47.826 [CE][LootRespawner] (PRIDummy) :: Item [1418] causing search overtime: "Chainmail_Leggings"
 3:59:47.930 !!! [CE][Spawn] Character "ZmbM_NBC_Yellow" at 7432.024414, 6968.106445
 4:00:12.955 [CE][LootRespawner] (PRIDummy) :: Item [1419] causing search overtime: "Chainmail_Leggings"
 4:00:13.58 [CE][LootRespawner] (PRIDummy) :: Item [1420] causing search overtime: "MedievalBoots"
 4:00:13.156 [CE][LootRespawner] (PRIDummy) :: Item [1421] causing search overtime: "Mace"
 4:00:13.256 [CE][LootRespawner] (PRIDummy) :: Item [1422] causing search overtime: "Chainmail"
 4:00:13.456 [CE][LootRespawner] (PRIDummy) :: Item [1423] causing search overtime: "HipPack_Party"
 4:00:13.555 [CE][LootRespawner] (PRIDummy) :: Item [1424] causing search overtime: "STAG_Clothing_MountainBag"
 4:00:13.656 [CE][LootRespawner] (PRIDummy) :: Item [1425] causing search overtime: "MimeMask_Female"
 4:00:13.756 [CE][LootRespawner] (PRIDummy) :: Item [1426] causing search overtime: "EyeMask_Black"
 4:00:13.856 [CE][LootRespawner] (PRIDummy) :: Item [1427] causing search overtime: "EyeMask_Yellow"
 4:00:13.956 [CE][LootRespawner] (PRIDummy) :: Item [1428] causing search overtime: "MimeMask_Male"
 4:00:14.56 [CE][LootRespawner] (PRIDummy) :: Item [1429] causing search overtime: "EyeMask_Blue"
 4:00:14.157 [CE][LootRespawner] (PRIDummy) :: Item [1430] causing search overtime: "EyeMask_Red"
 4:00:14.257 [CE][LootRespawner] (PRIDummy) :: Item [1431] causing search overtime: "Chestplate"
 4:00:14.356 [CE][LootRespawner] (PRIDummy) :: Item [1432] causing search overtime: "GreatHelm"
 4:00:14.456 [CE][LootRespawner] (PRIDummy) :: Item [1433] causing search overtime: "WoolGlovesFingerless_ChristmasBlue"
 4:00:14.557 [CE][LootRespawner] (PRIDummy) :: Item [1434] causing search overtime: "Sword"
 4:00:14.761 [CE][LootRespawner] (PRIDummy) :: Item [1435] causing search overtime: "WoolGloves_ChristmasBlue"
 4:00:14.859 [CE][LootRespawner] (PRIDummy) :: Item [1436] causing search overtime: "Chainmail_Coif"
 4:00:14.961 !!! [CE][Spawn] Character "ZmbM_NBC_Yellow" at 7580.830078, 7103.019531
 4:00:40.505 [CE][LootRespawner] (PRIDummy) :: Item [1437] causing search overtime: "Chainmail_Coif"
 4:00:40.605 [CE][LootRespawner] (PRIDummy) :: Item [1438] causing search overtime: "WoolGlovesFingerless_ChristmasRed"
 4:00:40.808 [CE][LootRespawner] (PRIDummy) :: Item [1439] causing search overtime: "WoolGloves_ChristmasRed"
 4:00:41.110 [CE][LootRespawner] (PRIDummy) :: Item [1440] causing search overtime: "HipPack_Party"
 4:00:41.210 [CE][LootRespawner] (PRIDummy) :: Item [1441] causing search overtime: "STAG_Clothing_MountainBag"
 4:00:41.316 [CE][LootRespawner] (PRIDummy) :: Item [1442] causing search overtime: "MimeMask_Female"
 4:00:41.413 [CE][LootRespawner] (PRIDummy) :: Item [1443] causing search overtime: "EyeMask_Black"
 4:00:41.514 [CE][LootRespawner] (PRIDummy) :: Item [1444] causing search overtime: "EyeMask_Yellow"
 4:00:41.616 [CE][LootRespawner] (PRIDummy) :: Item [1445] causing search overtime: "MimeMask_Male"
 4:00:41.714 [CE][LootRespawner] (PRIDummy) :: Item [1446] causing search overtime: "EyeMask_Blue"
 4:00:41.816 [CE][LootRespawner] (PRIDummy) :: Item [1447] causing search overtime: "EyeMask_Red"
 4:00:41.914 [CE][LootRespawner] (PRIDummy) :: Item [1448] causing search overtime: "Chestplate"
 4:00:42.14 [CE][LootRespawner] (PRIDummy) :: Item [1449] causing search overtime: "GreatHelm"
 4:00:42.120 [CE][LootRespawner] (PRIDummy) :: Item [1450] causing search overtime: "WoolGlovesFingerless_ChristmasBlue"
 4:00:42.226 !!! [CE][Spawn] Character "ZmbM_NBC_Yellow" at 7769.805664, 7021.669922
 4:01:07.593 [CE][LootRespawner] (PRIDummy) :: Item [1451] causing search overtime: "WoolGlovesFingerless_ChristmasBlue"
 4:01:07.697 [CE][LootRespawner] (PRIDummy) :: Item [1452] causing search overtime: "Sword"
 4:01:07.798 [CE][LootRespawner] (PRIDummy) :: Item [658] is hard to place, performance drops: "SA_Loot_Chest_Red"
 4:01:07.839 [CE][LootRespawner] (PRIDummy) :: Item [659] is hard to place, performance drops: "SA_Loot_Chest_Red"
 4:01:07.954 [CE][LootRespawner] (PRIDummy) :: Item [1453] causing search overtime: "Chainmail_Leggings"
 4:01:08.58 [CE][LootRespawner] (PRIDummy) :: Item [1454] causing search overtime: "WoolGloves_ChristmasBlue"
 4:01:08.158 [CE][LootRespawner] (PRIDummy) :: Item [1455] causing search overtime: "MedievalBoots"
 4:01:08.251 [CE][LootRespawner] (PRIDummy) :: Item [1456] causing search overtime: "Mace"
 4:01:08.350 [CE][LootRespawner] (PRIDummy) :: Item [1457] causing search overtime: "Chainmail"
 4:01:08.551 [CE][LootRespawner] (PRIDummy) :: Item [1458] causing search overtime: "HipPack_Party"
 4:01:08.652 [CE][LootRespawner] (PRIDummy) :: Item [1459] causing search overtime: "STAG_Clothing_MountainBag"
 4:01:08.749 [CE][LootRespawner] (PRIDummy) :: Item [1460] causing search overtime: "MimeMask_Female"
 4:01:08.849 [CE][LootRespawner] (PRIDummy) :: Item [1461] causing search overtime: "EyeMask_Black"
 4:01:08.950 [CE][LootRespawner] (PRIDummy) :: Item [1462] causing search overtime: "EyeMask_Yellow"
 4:01:09.49 [CE][LootRespawner] (PRIDummy) :: Item [1463] causing search overtime: "MimeMask_Male"
 4:01:09.153 [CE][LootRespawner] (PRIDummy) :: Item [1464] causing search overtime: "EyeMask_Blue"
 4:01:09.253 [CE][LootRespawner] (PRIDummy) :: Item [1465] causing search overtime: "EyeMask_Red"
 4:01:09.354 [CE][LootRespawner] (PRIDummy) :: Item [1466] causing search overtime: "Chestplate"
 4:01:09.453 [CE][LootRespawner] (PRIDummy) :: Item [1467] causing search overtime: "GreatHelm"
 4:01:09.552 !!! [CE][Spawn] Character "ZmbM_NBC_Yellow" at 7730.671875, 6849.495605
 4:01:34.682 [CE][LootRespawner] (PRIDummy) :: Item [1468] causing search overtime: "GreatHelm"
 4:01:34.782 [CE][LootRespawner] (PRIDummy) :: Item [1469] causing search overtime: "Chainmail_Coif"
 4:01:34.882 [CE][LootRespawner] (PRIDummy) :: Item [1470] causing search overtime: "WoolGlovesFingerless_ChristmasRed"
 4:01:34.982 [CE][LootRespawner] (PRIDummy) :: Item [1471] causing search overtime: "WoolGloves_ChristmasRed"
 4:01:35.183 [CE][LootRespawner] (PRIDummy) :: Item [660] is hard to place, performance drops: "TacticalShirt_Black"
 4:01:35.183 [CE][LootRespawner] (PRIDummy) :: Item [661] is hard to place, performance drops: "TacticalShirt_Black"
 4:01:35.483 [CE][LootRespawner] (PRIDummy) :: Item [1472] causing search overtime: "HipPack_Party"
 4:01:35.583 [CE][LootRespawner] (PRIDummy) :: Item [1473] causing search overtime: "STAG_Clothing_MountainBag"
 4:01:35.687 [CE][LootRespawner] (PRIDummy) :: Item [1474] causing search overtime: "MimeMask_Female"
 4:01:35.784 [CE][LootRespawner] (PRIDummy) :: Item [1475] causing search overtime: "EyeMask_Black"
 4:01:35.885 [CE][LootRespawner] (PRIDummy) :: Item [1476] causing search overtime: "EyeMask_Yellow"
 4:01:35.986 [CE][LootRespawner] (PRIDummy) :: Item [1477] causing search overtime: "MimeMask_Male"
 4:01:36.87 [CE][LootRespawner] (PRIDummy) :: Item [1478] causing search overtime: "EyeMask_Blue"
 4:01:36.189 [CE][LootRespawner] (PRIDummy) :: Item [1479] causing search overtime: "EyeMask_Red"
 4:01:36.287 [CE][LootRespawner] (PRIDummy) :: Item [1480] causing search overtime: "Chestplate"
 4:01:36.388 [CE][LootRespawner] (PRIDummy) :: Item [1481] causing search overtime: "WoolGlovesFingerless_ChristmasBlue"
 4:01:36.488 [CE][LootRespawner] (PRIDummy) :: Item [1482] causing search overtime: "Sword"
 4:01:36.588 [CE][LootRespawner] (PRIDummy) :: Item [1483] causing search overtime: "Chainmail_Leggings"
 4:02:01.910 [CE][LootRespawner] (PRIDummy) :: Item [1484] causing search overtime: "Chainmail_Leggings"
 4:02:02.11 [CE][LootRespawner] (PRIDummy) :: Item [1485] causing search overtime: "WoolGloves_ChristmasBlue"
 4:02:02.111 [CE][LootRespawner] (PRIDummy) :: Item [1486] causing search overtime: "MedievalBoots"
 4:02:02.210 [CE][LootRespawner] (PRIDummy) :: Item [1487] causing search overtime: "Mace"
 4:02:02.313 [CE][LootRespawner] (PRIDummy) :: Item [1488] causing search overtime: "Chainmail"
 4:02:02.713 [CE][LootRespawner] (PRIDummy) :: Item [1489] causing search overtime: "HipPack_Party"
 4:02:02.814 [CE][LootRespawner] (PRIDummy) :: Item [1490] causing search overtime: "STAG_Clothing_MountainBag"
 4:02:02.916 [CE][LootRespawner] (PRIDummy) :: Item [1491] causing search overtime: "MimeMask_Female"
 4:02:03.15 [CE][LootRespawner] (PRIDummy) :: Item [1492] causing search overtime: "EyeMask_Black"
 4:02:03.115 [CE][LootRespawner] (PRIDummy) :: Item [1493] causing search overtime: "EyeMask_Yellow"
 4:02:03.216 [CE][LootRespawner] (PRIDummy) :: Item [1494] causing search overtime: "MimeMask_Male"
 4:02:03.316 [CE][LootRespawner] (PRIDummy) :: Item [1495] causing search overtime: "EyeMask_Blue"
 4:02:03.414 [CE][LootRespawner] (PRIDummy) :: Item [1496] causing search overtime: "EyeMask_Red"
 4:02:03.516 [CE][LootRespawner] (PRIDummy) :: Item [1497] causing search overtime: "Chestplate"
 4:02:03.626 [CE][LootRespawner] (PRIDummy) :: Item [1498] causing search overtime: "GreatHelm"
 4:02:03.726 [CE][LootRespawner] (PRIDummy) :: Item [1499] causing search overtime: "WoolGlovesFingerless_ChristmasBlue"
 4:02:03.823 [CE][LootRespawner] (PRIDummy) :: Item [1500] causing search overtime: "Sword"
 4:02:13.379 !!! _toMoveOutOrDelete resized during cleaning
 4:02:29.17 [CE][LootRespawner] (PRIDummy) :: Item [1501] causing search overtime: "Sword"
 4:02:29.112 [CE][LootRespawner] (PRIDummy) :: Item [1502] causing search overtime: "Chainmail_Coif"
 4:02:29.414 [CE][LootRespawner] (PRIDummy) :: Item [1503] causing search overtime: "WoolGlovesFingerless_ChristmasRed"
 4:02:29.513 [CE][LootRespawner] (PRIDummy) :: Item [1504] causing search overtime: "WoolGloves_ChristmasRed"
 4:02:29.915 [CE][LootRespawner] (PRIDummy) :: Item [1505] causing search overtime: "HipPack_Party"
 4:02:30.15 [CE][LootRespawner] (PRIDummy) :: Item [1506] causing search overtime: "STAG_Clothing_MountainBag"
 4:02:30.116 [CE][LootRespawner] (PRIDummy) :: Item [1507] causing search overtime: "MimeMask_Female"
 4:02:30.215 [CE][LootRespawner] (PRIDummy) :: Item [1508] causing search overtime: "EyeMask_Black"
 4:02:30.315 [CE][LootRespawner] (PRIDummy) :: Item [1509] causing search overtime: "EyeMask_Yellow"
 4:02:30.414 [CE][LootRespawner] (PRIDummy) :: Item [1510] causing search overtime: "MimeMask_Male"
 4:02:30.514 [CE][LootRespawner] (PRIDummy) :: Item [1511] causing search overtime: "EyeMask_Blue"
 4:02:30.615 [CE][LootRespawner] (PRIDummy) :: Item [1512] causing search overtime: "EyeMask_Red"
 4:02:30.718 [CE][LootRespawner] (PRIDummy) :: Item [1513] causing search overtime: "Chestplate"
 4:02:30.818 [CE][LootRespawner] (PRIDummy) :: Item [1514] causing search overtime: "GreatHelm"
 4:02:30.918 [CE][LootRespawner] (PRIDummy) :: Item [1515] causing search overtime: "WoolGlovesFingerless_ChristmasBlue"
 4:02:31.20 !!! [CE][Spawn] Character "ZmbM_PatrolNormal_Flat" at 7647.896973, 1648.988037
 4:02:56.155 [CE][LootRespawner] (PRIDummy) :: Item [662] is hard to place, performance drops: "PoliceCap"
 4:02:56.351 [CE][LootRespawner] (PRIDummy) :: Item [1516] causing search overtime: "WoolGlovesFingerless_ChristmasBlue"
 4:02:56.452 [CE][LootRespawner] (PRIDummy) :: Item [1517] causing search overtime: "Chainmail_Leggings"
 4:02:56.566 [CE][LootRespawner] (PRIDummy) :: Item [1518] causing search overtime: "WoolGloves_ChristmasBlue"
 4:02:56.873 [CE][LootRespawner] (PRIDummy) :: Item [1519] causing search overtime: "MedievalBoots"
 4:02:56.975 [CE][LootRespawner] (PRIDummy) :: Item [1520] causing search overtime: "Mace"
 4:02:57.77 [CE][LootRespawner] (PRIDummy) :: Item [1521] causing search overtime: "Chainmail"
 4:02:57.685 [CE][LootRespawner] (PRIDummy) :: Item [1522] causing search overtime: "HipPack_Party"
 4:02:57.791 [CE][LootRespawner] (PRIDummy) :: Item [1523] causing search overtime: "STAG_Clothing_MountainBag"
 4:02:57.890 [CE][LootRespawner] (PRIDummy) :: Item [1524] causing search overtime: "MimeMask_Female"
 4:02:57.990 [CE][LootRespawner] (PRIDummy) :: Item [1525] causing search overtime: "EyeMask_Black"
 4:03:23.256 [CE][LootRespawner] (PRIDummy) :: Item [1526] causing search overtime: "EyeMask_Black"
 4:03:23.356 [CE][LootRespawner] (PRIDummy) :: Item [1527] causing search overtime: "EyeMask_Yellow"
 4:03:23.454 [CE][LootRespawner] (PRIDummy) :: Item [1528] causing search overtime: "MimeMask_Male"
 4:03:23.555 [CE][LootRespawner] (PRIDummy) :: Item [1529] causing search overtime: "EyeMask_Blue"
 4:03:23.656 [CE][LootRespawner] (PRIDummy) :: Item [1530] causing search overtime: "EyeMask_Red"
 4:03:23.769 [CE][LootRespawner] (PRIDummy) :: Item [1531] causing search overtime: "Chestplate"
 4:03:23.867 [CE][LootRespawner] (PRIDummy) :: Item [1532] causing search overtime: "GreatHelm"
 4:03:24.70 [CE][LootRespawner] (PRIDummy) :: Item [1533] causing search overtime: "Sword"
 4:03:24.274 [CE][LootRespawner] (PRIDummy) :: Item [1534] causing search overtime: "Chainmail_Coif"
 4:03:24.374 [CE][LootRespawner] (PRIDummy) :: Item [1535] causing search overtime: "WoolGlovesFingerless_ChristmasRed"
 4:03:24.475 [CE][LootRespawner] (PRIDummy) :: Item [1536] causing search overtime: "WoolGloves_ChristmasRed"
 4:03:24.577 [CE][LootRespawner] (PRIDummy) :: Item [663] is hard to place, performance drops: "FOG_Crye_G3_Shirt_TGR"
 4:03:24.679 [CE][LootRespawner] (PRIDummy) :: Item [664] is hard to place, performance drops: "FOG_Enhanced_PCU_White"
 4:03:25.31 [CE][LootRespawner] (PRIDummy) :: Item [1537] causing search overtime: "HipPack_Party"
 4:03:25.128 [CE][LootRespawner] (PRIDummy) :: Item [1538] causing search overtime: "STAG_Clothing_MountainBag"
 4:03:50.214 [CE][LootRespawner] (PRIDummy) :: Item [1539] causing search overtime: "STAG_Clothing_MountainBag"
 4:03:50.514 [CE][LootRespawner] (PRIDummy) :: Item [1540] causing search overtime: "MimeMask_Female"
 4:03:50.615 [CE][LootRespawner] (PRIDummy) :: Item [1541] causing search overtime: "WoolGlovesFingerless_ChristmasBlue"
 4:03:50.714 [CE][LootRespawner] (PRIDummy) :: Item [1542] causing search overtime: "Chainmail_Leggings"
 4:03:50.814 [CE][LootRespawner] (PRIDummy) :: Item [1543] causing search overtime: "WoolGloves_ChristmasBlue"
 4:03:51.14 [CE][LootRespawner] (PRIDummy) :: Item [1544] causing search overtime: "MedievalBoots"
 4:03:51.214 [CE][LootRespawner] (PRIDummy) :: Item [1545] causing search overtime: "Mace"
 4:03:51.314 [CE][LootRespawner] (PRIDummy) :: Item [1546] causing search overtime: "Chainmail"
 4:03:51.533 [CE][LootRespawner] (PRIDummy) :: Item [665] is hard to place, performance drops: "FOG_Tshirt_Black_MLG"
 4:03:51.736 [CE][LootRespawner] (PRIDummy) :: Item [1547] causing search overtime: "HipPack_Party"
 4:03:52.238 !!! [CE][Spawn] Character "ZmbM_SoldierNormal" at 7710.457031, 1617.979126
 4:04:18.290 [CE][LootRespawner] (PRIDummy) :: Item [1548] causing search overtime: "EyeMask_Black"
 4:04:18.390 [CE][LootRespawner] (PRIDummy) :: Item [1549] causing search overtime: "EyeMask_Yellow"
 4:04:18.489 [CE][LootRespawner] (PRIDummy) :: Item [1550] causing search overtime: "MimeMask_Male"
 4:04:18.590 [CE][LootRespawner] (PRIDummy) :: Item [1551] causing search overtime: "EyeMask_Blue"
 4:04:18.691 [CE][LootRespawner] (PRIDummy) :: Item [1552] causing search overtime: "EyeMask_Red"
 4:04:18.992 [CE][LootRespawner] (PRIDummy) :: Item [1553] causing search overtime: "Chestplate"
 4:04:44.714 [CE][LootRespawner] (PRIDummy) :: Item [1554] causing search overtime: "GreatHelm"
 4:04:44.814 [CE][LootRespawner] (PRIDummy) :: Item [1555] causing search overtime: "Sword"
 4:04:44.914 [CE][LootRespawner] (PRIDummy) :: Item [1556] causing search overtime: "Chainmail_Coif"
 4:04:45.14 [CE][LootRespawner] (PRIDummy) :: Item [1557] causing search overtime: "WoolGlovesFingerless_ChristmasRed"
 4:04:45.115 [CE][LootRespawner] (PRIDummy) :: Item [1558] causing search overtime: "WoolGloves_ChristmasRed"
 4:04:45.515 [CE][LootRespawner] (PRIDummy) :: Item [1559] causing search overtime: "HipPack_Party"
 4:04:45.614 [CE][LootRespawner] (PRIDummy) :: Item [1560] causing search overtime: "STAG_Clothing_MountainBag"
 4:04:46.522 [CE][LootRespawner] (PRIDummy) :: Item [1561] causing search overtime: "MimeMask_Female"
 4:05:11.710 [CE][LootRespawner] (PRIDummy) :: Item [1562] causing search overtime: "MimeMask_Female"
 4:05:11.813 [CE][LootRespawner] (PRIDummy) :: Item [1563] causing search overtime: "EyeMask_Black"
 4:05:11.911 [CE][LootRespawner] (PRIDummy) :: Item [1564] causing search overtime: "EyeMask_Yellow"
 4:05:12.11 [CE][LootRespawner] (PRIDummy) :: Item [1565] causing search overtime: "MimeMask_Male"
 4:05:12.112 [CE][LootRespawner] (PRIDummy) :: Item [1566] causing search overtime: "EyeMask_Blue"
 4:05:12.213 [CE][LootRespawner] (PRIDummy) :: Item [1567] causing search overtime: "EyeMask_Red"
 4:05:12.313 [CE][LootRespawner] (PRIDummy) :: Item [1568] causing search overtime: "Chestplate"
 4:05:12.612 [CE][LootRespawner] (PRIDummy) :: Item [1569] causing search overtime: "WoolGlovesFingerless_ChristmasBlue"
 4:05:12.712 [CE][LootRespawner] (PRIDummy) :: Item [1570] causing search overtime: "Chainmail_Leggings"
 4:05:12.813 [CE][LootRespawner] (PRIDummy) :: Item [1571] causing search overtime: "WoolGloves_ChristmasBlue"
 4:05:12.912 [CE][LootRespawner] (PRIDummy) :: Item [1572] causing search overtime: "MedievalBoots"
 4:05:13.12 [CE][LootRespawner] (PRIDummy) :: Item [1573] causing search overtime: "Mace"
 4:05:13.112 [CE][LootRespawner] (PRIDummy) :: Item [1574] causing search overtime: "Chainmail"
 4:05:13.317 [CE][LootRespawner] (PRIDummy) :: Item [666] is hard to place, performance drops: "FOG_Bag_BlackJack_OD"
 4:05:13.416 [CE][LootRespawner] (PRIDummy) :: Item [667] is hard to place, performance drops: "FOG_Maritime_Shoes_RG"
 4:05:13.416 [CE][LootRespawner] (PRIDummy) :: Item [668] is hard to place, performance drops: "FOG_Maritime_Shoes_RG"
 4:05:13.518 [CE][LootRespawner] (PRIDummy) :: Item [669] is hard to place, performance drops: "FOG_SF_Cover_Black"
 4:05:13.518 [CE][LootRespawner] (PRIDummy) :: Item [670] is hard to place, performance drops: "FOG_SF_Cover_Black"
 4:05:13.518 [CE][LootRespawner] (PRIDummy) :: Item [671] is hard to place, performance drops: "FOG_SF_Cover_Black"
 4:05:13.518 [CE][LootRespawner] (PRIDummy) :: Item [672] is hard to place, performance drops: "FOG_SF_Cover_Black"
 4:05:38.749 [CE][LootRespawner] (PRIDummy) :: Item [673] is hard to place, performance drops: "Ammo_9x39AP"
 4:05:38.946 [CE][LootRespawner] (PRIDummy) :: Item [674] is hard to place, performance drops: "FOG_Helmet_MTEK_Flux_RG"
 4:05:38.946 [CE][LootRespawner] (PRIDummy) :: Item [675] is hard to place, performance drops: "FOG_Helmet_MTEK_Flux_RG"
 4:05:38.946 [CE][LootRespawner] (PRIDummy) :: Item [676] is hard to place, performance drops: "FOG_Helmet_MTEK_Flux_RG"
 4:05:39.576 [CE][LootRespawner] (PRIDummy) :: Item [677] is hard to place, performance drops: "FOG_MTF_Shirt_TS"
 4:05:39.576 [CE][LootRespawner] (PRIDummy) :: Item [678] is hard to place, performance drops: "FOG_MTF_Shirt_TS"
 4:05:39.576 [CE][LootRespawner] (PRIDummy) :: Item [679] is hard to place, performance drops: "FOG_MTF_Shirt_TS"
 4:05:39.576 [CE][LootRespawner] (PRIDummy) :: Item [680] is hard to place, performance drops: "FOG_MTF_Shirt_TS"
 4:05:39.576 [CE][LootRespawner] (PRIDummy) :: Item [681] is hard to place, performance drops: "FOG_MTF_Shirt_TS"
 4:05:39.576 [CE][LootRespawner] (PRIDummy) :: Item [682] is hard to place, performance drops: "FOG_MTF_Shirt_TS"
 4:05:39.911 [CE][LootRespawner] (PRIDummy) :: Item [1575] causing search overtime: "HipPack_Party"
 4:05:40.10 [CE][LootRespawner] (PRIDummy) :: Item [1576] causing search overtime: "STAG_Clothing_MountainBag"
 4:05:40.308 [CE][LootRespawner] (PRIDummy) :: Item [1577] causing search overtime: "MimeMask_Female"
 4:05:40.412 [CE][LootRespawner] (PRIDummy) :: Item [1578] causing search overtime: "EyeMask_Black"
 4:05:40.513 [CE][LootRespawner] (PRIDummy) :: Item [1579] causing search overtime: "EyeMask_Yellow"
 4:05:40.612 [CE][LootRespawner] (PRIDummy) :: Item [1580] causing search overtime: "MimeMask_Male"
 4:05:40.714 [CE][LootRespawner] (PRIDummy) :: Item [1581] causing search overtime: "EyeMask_Blue"
 4:05:40.817 !!! [CE][Spawn] Character "ZmbM_PatrolNormal_Summer" at 7408.005859, 1409.488770
 4:05:40.818 !!! [CE][Spawn] Character "ZmbM_PatrolNormal_Flat" at 7394.839844, 1488.122437
 4:05:40.819 !!! [CE][Spawn] Character "ZmbM_PatrolNormal_Flat" at 7436.943359, 1517.575073
 4:05:40.820 !!! [CE][Spawn] Character "ZmbM_SoldierNormal" at 7465.097656, 1528.822021
 4:05:40.823 !!! [CE][Spawn] Character "ZmbM_PatrolNormal_Summer" at 7539.568359, 1530.401978
 4:05:40.823 !!! [CE][Spawn] Character "ZmbM_PatrolNormal_Autumn" at 7534.121094, 1450.199951
 4:05:40.824 !!! [CE][Spawn] Character "ZmbM_PrisonerSkinny" at 1724.201172, 4727.223145
 4:05:40.824 !!! [CE][Spawn] Character "ZmbM_PrisonerSkinny" at 1721.917725, 4705.888672
 4:05:40.825 !!! [CE][Spawn] Character "ZmbM_PrisonerSkinny" at 1700.620728, 4711.338379
 4:05:40.825 !!! [CE][Spawn] Character "ZmbM_PrisonerSkinny" at 1680.090698, 4724.981445
 4:05:40.826 !!! [CE][Spawn] Character "ZmbM_PrisonerSkinny" at 1695.792236, 4743.949707
 4:06:05.921 [CE][LootRespawner] (PRIDummy) :: Item [1582] causing search overtime: "EyeMask_Blue"
 4:06:06.20 [CE][LootRespawner] (PRIDummy) :: Item [1583] causing search overtime: "EyeMask_Red"
 4:06:06.121 [CE][LootRespawner] (PRIDummy) :: Item [1584] causing search overtime: "Chestplate"
 4:06:06.320 [CE][LootRespawner] (PRIDummy) :: Item [1585] causing search overtime: "GreatHelm"
 4:06:06.420 [CE][LootRespawner] (PRIDummy) :: Item [1586] causing search overtime: "WoolGlovesFingerless_ChristmasBlue"
 4:06:06.522 [CE][LootRespawner] (PRIDummy) :: Item [1587] causing search overtime: "Sword"
 4:06:06.620 [CE][LootRespawner] (PRIDummy) :: Item [1588] causing search overtime: "Chainmail_Leggings"
 4:06:06.722 [CE][LootRespawner] (PRIDummy) :: Item [1589] causing search overtime: "WoolGloves_ChristmasBlue"
 4:06:06.822 [CE][LootRespawner] (PRIDummy) :: Item [1590] causing search overtime: "Chainmail_Coif"
 4:06:06.921 [CE][LootRespawner] (PRIDummy) :: Item [1591] causing search overtime: "MedievalBoots"
 4:06:07.21 [CE][LootRespawner] (PRIDummy) :: Item [1592] causing search overtime: "Mace"
 4:06:07.122 [CE][LootRespawner] (PRIDummy) :: Item [1593] causing search overtime: "Chainmail"
 4:06:07.222 [CE][LootRespawner] (PRIDummy) :: Item [1594] causing search overtime: "WoolGlovesFingerless_ChristmasRed"
 4:06:07.321 [CE][LootRespawner] (PRIDummy) :: Item [1595] causing search overtime: "WoolGloves_ChristmasRed"
 4:06:07.826 !!! [CE][Spawn] Character "ZmbF_HikerSkinny_Red" at 4594.854492, 1280.071411
 4:06:07.827 !!! [CE][Spawn] Character "ZmbM_HikerSkinny_Yellow" at 4711.738281, 1367.076050
 4:06:07.827 !!! [CE][Spawn] Character "ZmbF_HikerSkinny_Grey" at 4788.023926, 1392.111328
 4:06:07.828 !!! [CE][Spawn] Character "ZmbM_HermitSkinny_Green" at 4835.333008, 1334.630737
 4:06:07.829 !!! [CE][Spawn] Character "ZmbM_HunterOld_Spring" at 4838.824707, 1268.007935
 4:06:07.829 !!! [CE][Spawn] Character "ZmbM_HunterOld_Winter" at 4786.494629, 1196.694824
 4:06:34.260 [CE][LootRespawner] (PRIDummy) :: Item [1596] causing search overtime: "HipPack_Party"
 4:06:34.360 [CE][LootRespawner] (PRIDummy) :: Item [1597] causing search overtime: "STAG_Clothing_MountainBag"
 4:06:34.460 [CE][LootRespawner] (PRIDummy) :: Item [1598] causing search overtime: "MimeMask_Female"
 4:06:34.559 [CE][LootRespawner] (PRIDummy) :: Item [1599] causing search overtime: "EyeMask_Black"
 4:06:34.660 [CE][LootRespawner] (PRIDummy) :: Item [1600] causing search overtime: "EyeMask_Yellow"
 4:06:34.762 [CE][LootRespawner] (PRIDummy) :: Item [1601] causing search overtime: "MimeMask_Male"
 4:06:59.843 [CE][LootRespawner] (PRIDummy) :: Item [1602] causing search overtime: "MimeMask_Male"
 4:06:59.947 [CE][LootRespawner] (PRIDummy) :: Item [1603] causing search overtime: "EyeMask_Blue"
 4:07:00.48 [CE][LootRespawner] (PRIDummy) :: Item [1604] causing search overtime: "EyeMask_Red"
 4:07:00.148 [CE][LootRespawner] (PRIDummy) :: Item [1605] causing search overtime: "Chestplate"
 4:07:00.353 [CE][LootRespawner] (PRIDummy) :: Item [1606] causing search overtime: "GreatHelm"
 4:07:00.451 [CE][LootRespawner] (PRIDummy) :: Item [1607] causing search overtime: "WoolGlovesFingerless_ChristmasBlue"
 4:07:00.552 [CE][LootRespawner] (PRIDummy) :: Item [1608] causing search overtime: "Sword"
 4:07:00.651 [CE][LootRespawner] (PRIDummy) :: Item [1609] causing search overtime: "Chainmail_Leggings"
 4:07:00.750 [CE][LootRespawner] (PRIDummy) :: Item [1610] causing search overtime: "WoolGloves_ChristmasBlue"
 4:07:00.850 [CE][LootRespawner] (PRIDummy) :: Item [683] is hard to place, performance drops: "STAG_Clothing_Boots"
 4:07:00.850 [CE][LootRespawner] (PRIDummy) :: Item [684] is hard to place, performance drops: "STAG_Clothing_Boots"
 4:07:00.951 [CE][LootRespawner] (PRIDummy) :: Item [1611] causing search overtime: "Chainmail_Coif"
 4:07:01.51 [CE][LootRespawner] (PRIDummy) :: Item [1612] causing search overtime: "MedievalBoots"
 4:07:01.252 [CE][LootRespawner] (PRIDummy) :: Item [1613] causing search overtime: "Mace"
 4:07:01.353 [CE][LootRespawner] (PRIDummy) :: Item [1614] causing search overtime: "Chainmail"
 4:07:01.453 [CE][LootRespawner] (PRIDummy) :: Item [1615] causing search overtime: "WoolGlovesFingerless_ChristmasRed"
 4:07:01.554 [CE][LootRespawner] (PRIDummy) :: Item [1616] causing search overtime: "WoolGloves_ChristmasRed"
 4:07:27.224 [CE][LootRespawner] (PRIDummy) :: Item [685] is hard to place, performance drops: "SVD"
 4:07:27.224 [CE][LootRespawner] (PRIDummy) :: Item [686] is hard to place, performance drops: "SVD"
 4:07:27.224 [CE][LootRespawner] (PRIDummy) :: Item [687] is hard to place, performance drops: "SVD"
 4:07:27.224 [CE][LootRespawner] (PRIDummy) :: Item [688] is hard to place, performance drops: "SVD"
 4:07:27.224 [CE][LootRespawner] (PRIDummy) :: Item [689] is hard to place, performance drops: "SVD"
 4:07:27.224 [CE][LootRespawner] (PRIDummy) :: Item [690] is hard to place, performance drops: "SVD"
 4:07:27.224 [CE][LootRespawner] (PRIDummy) :: Item [691] is hard to place, performance drops: "SVD"
 4:07:27.224 [CE][LootRespawner] (PRIDummy) :: Item [692] is hard to place, performance drops: "SVD"
 4:07:27.224 [CE][LootRespawner] (PRIDummy) :: Item [693] is hard to place, performance drops: "SVD"
 4:07:27.224 [CE][LootRespawner] (PRIDummy) :: Item [694] is hard to place, performance drops: "SVD"
 4:07:27.828 [CE][LootRespawner] (PRIDummy) :: Item [1617] causing search overtime: "HipPack_Party"
 4:07:27.929 [CE][LootRespawner] (PRIDummy) :: Item [1618] causing search overtime: "STAG_Clothing_MountainBag"
 4:07:28.128 [CE][LootRespawner] (PRIDummy) :: Item [1619] causing search overtime: "MimeMask_Female"
 4:07:28.232 [CE][LootRespawner] (PRIDummy) :: Item [1620] causing search overtime: "EyeMask_Black"
 4:07:28.328 [CE][LootRespawner] (PRIDummy) :: Item [1621] causing search overtime: "EyeMask_Yellow"
 4:07:28.434 [CE][LootRespawner] (PRIDummy) :: Item [1622] causing search overtime: "MimeMask_Male"
 4:07:28.531 [CE][LootRespawner] (PRIDummy) :: Item [1623] causing search overtime: "EyeMask_Blue"
 4:07:28.630 [CE][LootRespawner] (PRIDummy) :: Item [1624] causing search overtime: "EyeMask_Red"
 4:07:28.730 [CE][LootRespawner] (PRIDummy) :: Item [1625] causing search overtime: "Chestplate"
 4:07:28.830 [CE][LootRespawner] (PRIDummy) :: Item [1626] causing search overtime: "GreatHelm"
 4:07:28.934 [CE][LootRespawner] (PRIDummy) :: Item [1627] causing search overtime: "WoolGlovesFingerless_ChristmasBlue"
 4:07:54.118 [CE][LootRespawner] (PRIDummy) :: Item [1628] causing search overtime: "WoolGlovesFingerless_ChristmasBlue"
 4:07:54.220 [CE][LootRespawner] (PRIDummy) :: Item [1629] causing search overtime: "Sword"
 4:07:54.421 [CE][LootRespawner] (PRIDummy) :: Item [1630] causing search overtime: "Chainmail_Leggings"
 4:07:54.521 [CE][LootRespawner] (PRIDummy) :: Item [1631] causing search overtime: "WoolGloves_ChristmasBlue"
 4:07:54.721 [CE][LootRespawner] (PRIDummy) :: Item [1632] causing search overtime: "Chainmail_Coif"
 4:07:54.821 [CE][LootRespawner] (PRIDummy) :: Item [1633] causing search overtime: "MedievalBoots"
 4:07:54.921 [CE][LootRespawner] (PRIDummy) :: Item [1634] causing search overtime: "Mace"
 4:07:55.21 [CE][LootRespawner] (PRIDummy) :: Item [1635] causing search overtime: "Chainmail"
 4:07:55.121 [CE][LootRespawner] (PRIDummy) :: Item [1636] causing search overtime: "WoolGlovesFingerless_ChristmasRed"
 4:07:55.220 [CE][LootRespawner] (PRIDummy) :: Item [1637] causing search overtime: "WoolGloves_ChristmasRed"
 4:07:55.520 [CE][LootRespawner] (PRIDummy) :: Item [1638] causing search overtime: "HipPack_Party"
 4:07:55.620 [CE][LootRespawner] (PRIDummy) :: Item [1639] causing search overtime: "STAG_Clothing_MountainBag"
 4:07:55.721 [CE][LootRespawner] (PRIDummy) :: Item [1640] causing search overtime: "MimeMask_Female"
 4:07:55.822 [CE][LootRespawner] (PRIDummy) :: Item [1641] causing search overtime: "EyeMask_Black"
 4:07:55.922 [CE][LootRespawner] (PRIDummy) :: Item [1642] causing search overtime: "EyeMask_Yellow"
 4:07:56.21 [CE][LootRespawner] (PRIDummy) :: Item [1643] causing search overtime: "MimeMask_Male"
 4:08:14.486 [Disconnect]: Start script disconnect 504068299 (dbCharacterId 1 dbPlayerId 1) logoutTime 5
 4:08:19.516 [Disconnect]: Finish script disconnect 504068299 (R5KkZb3Ywicboa8ntCzbBJK6WLpakj_6yA-ghmDo4lw=)
 4:08:19.541 [Disconnect]: DisconnectPlayerFinish 504068299
 4:08:20.363 [Disconnect]: Remove player info 504068299
 4:08:20.377 [Disconnect]: Player destroy 504068299 
 4:08:21.521 [CE][LootRespawner] (PRIDummy) :: Item [1644] causing search overtime: "MimeMask_Male"
 4:08:21.619 [CE][LootRespawner] (PRIDummy) :: Item [1645] causing search overtime: "EyeMask_Blue"
 4:08:21.720 [CE][LootRespawner] (PRIDummy) :: Item [1646] causing search overtime: "EyeMask_Red"
 4:08:21.849 [CE][LootRespawner] (PRIDummy) :: Item [1647] causing search overtime: "Chestplate"
 4:08:21.980 [CE][LootRespawner] (PRIDummy) :: Item [1648] causing search overtime: "GreatHelm"
 4:08:22.83 [CE][LootRespawner] (PRIDummy) :: Item [695] is hard to place, performance drops: "STAG_Clothing_M65_Jacket"
 4:08:22.84 [CE][LootRespawner] (PRIDummy) :: Item [696] is hard to place, performance drops: "STAG_Clothing_M65_Jacket"
 4:08:22.84 [CE][LootRespawner] (PRIDummy) :: Item [697] is hard to place, performance drops: "STAG_Clothing_M65_Jacket"
 4:08:22.84 [CE][LootRespawner] (PRIDummy) :: Item [698] is hard to place, performance drops: "STAG_Clothing_M65_Jacket"
 4:08:22.84 [CE][LootRespawner] (PRIDummy) :: Item [699] is hard to place, performance drops: "STAG_Clothing_M65_Jacket"
 4:08:22.84 [CE][LootRespawner] (PRIDummy) :: Item [700] is hard to place, performance drops: "STAG_Clothing_M65_Jacket"
 4:08:22.84 [CE][LootRespawner] (PRIDummy) :: Item [701] is hard to place, performance drops: "STAG_Clothing_M65_Jacket"
 4:08:22.84 [CE][LootRespawner] (PRIDummy) :: Item [702] is hard to place, performance drops: "STAG_Clothing_M65_Jacket"
 4:08:22.195 [CE][LootRespawner] (PRIDummy) :: Item [703] is hard to place, performance drops: "FOG_G99_Pants_M81"
 4:08:22.688 [CE][LootRespawner] (PRIDummy) :: Item [1649] causing search overtime: "HipPack_Party"
 4:08:22.784 [CE][LootRespawner] (PRIDummy) :: Item [1650] causing search overtime: "STAG_Clothing_MountainBag"
 4:08:22.887 [CE][LootRespawner] (PRIDummy) :: Item [1651] causing search overtime: "MimeMask_Female"
 4:08:22.986 [CE][LootRespawner] (PRIDummy) :: Item [1652] causing search overtime: "EyeMask_Black"
 4:08:23.99 [CE][LootRespawner] (PRIDummy) :: Item [1653] causing search overtime: "EyeMask_Yellow"
 4:08:23.192 [CE][LootRespawner] (PRIDummy) :: Item [1654] causing search overtime: "WoolGlovesFingerless_ChristmasBlue"
 4:08:23.292 [CE][LootRespawner] (PRIDummy) :: Item [1655] causing search overtime: "Sword"
 4:08:23.393 [CE][LootRespawner] (PRIDummy) :: Item [1656] causing search overtime: "Chainmail_Leggings"
 4:08:23.493 [CE][LootRespawner] (PRIDummy) :: Item [1657] causing search overtime: "WoolGloves_ChristmasBlue"
 4:08:48.723 [CE][LootRespawner] (PRIDummy) :: Item [1658] causing search overtime: "WoolGloves_ChristmasBlue"
 4:08:48.922 [CE][LootRespawner] (PRIDummy) :: Item [1659] causing search overtime: "Chainmail_Coif"
 4:08:49.22 [CE][LootRespawner] (PRIDummy) :: Item [1660] causing search overtime: "MedievalBoots"
 4:08:49.122 [CE][LootRespawner] (PRIDummy) :: Item [1661] causing search overtime: "Mace"
 4:08:49.222 [CE][LootRespawner] (PRIDummy) :: Item [1662] causing search overtime: "Chainmail"
 4:08:49.423 [CE][LootRespawner] (PRIDummy) :: Item [1663] causing search overtime: "WoolGlovesFingerless_ChristmasRed"
 4:08:49.522 [CE][LootRespawner] (PRIDummy) :: Item [1664] causing search overtime: "WoolGloves_ChristmasRed"
 4:08:50.39 [CE][LootRespawner] (PRIDummy) :: Item [1665] causing search overtime: "HipPack_Party"
 4:08:50.137 [CE][LootRespawner] (PRIDummy) :: Item [1666] causing search overtime: "STAG_Clothing_MountainBag"
 4:08:50.337 [CE][LootRespawner] (PRIDummy) :: Item [1667] causing search overtime: "MimeMask_Female"
 4:08:50.470 [CE][LootRespawner] (PRIDummy) :: Item [1668] causing search overtime: "EyeMask_Black"
 4:08:50.552 [CE][LootRespawner] (PRIDummy) :: Item [1669] causing search overtime: "EyeMask_Yellow"
 4:09:15.887 [CE][LootRespawner] (PRIDummy) :: Item [1670] causing search overtime: "EyeMask_Yellow"
 4:09:15.991 [CE][LootRespawner] (PRIDummy) :: Item [1671] causing search overtime: "MimeMask_Male"
 4:09:16.87 [CE][LootRespawner] (PRIDummy) :: Item [1672] causing search overtime: "EyeMask_Blue"
 4:09:16.188 [CE][LootRespawner] (PRIDummy) :: Item [1673] causing search overtime: "EyeMask_Red"
 4:09:16.286 [CE][LootRespawner] (PRIDummy) :: Item [1674] causing search overtime: "Chestplate"
 4:09:16.387 [CE][LootRespawner] (PRIDummy) :: Item [1675] causing search overtime: "GreatHelm"
 4:09:16.487 [CE][LootRespawner] (PRIDummy) :: Item [704] is hard to place, performance drops: "FOG_Pants_Crye_G3_Black"
 4:09:16.487 [CE][LootRespawner] (PRIDummy) :: Item [705] is hard to place, performance drops: "FOG_Pants_Crye_G3_Black"
 4:09:16.591 [CE][LootRespawner] (PRIDummy) :: Item [1676] causing search overtime: "WoolGlovesFingerless_ChristmasBlue"
 4:09:16.787 [CE][LootRespawner] (PRIDummy) :: Item [706] is hard to place, performance drops: "FOG_Crye_G3_Shirt_M81"
 4:09:16.787 [CE][LootRespawner] (PRIDummy) :: Item [707] is hard to place, performance drops: "FOG_Crye_G3_Shirt_M81"
 4:09:16.787 [CE][LootRespawner] (PRIDummy) :: Item [708] is hard to place, performance drops: "FOG_Crye_G3_Shirt_M81"
 4:09:16.787 [CE][LootRespawner] (PRIDummy) :: Item [709] is hard to place, performance drops: "FOG_Crye_G3_Shirt_M81"
 4:09:16.787 [CE][LootRespawner] (PRIDummy) :: Item [710] is hard to place, performance drops: "FOG_Crye_G3_Shirt_M81"
 4:09:16.887 [CE][LootRespawner] (PRIDummy) :: Item [711] is hard to place, performance drops: "FOG_MTF_Pants_MC"
 4:09:16.887 [CE][LootRespawner] (PRIDummy) :: Item [712] is hard to place, performance drops: "FOG_MTF_Pants_MC"
 4:09:16.887 [CE][LootRespawner] (PRIDummy) :: Item [713] is hard to place, performance drops: "FOG_MTF_Pants_MC"
 4:09:16.887 [CE][LootRespawner] (PRIDummy) :: Item [714] is hard to place, performance drops: "FOG_MTF_Pants_MC"
 4:09:16.887 [CE][LootRespawner] (PRIDummy) :: Item [715] is hard to place, performance drops: "FOG_MTF_Pants_MC"
 4:09:16.887 [CE][LootRespawner] (PRIDummy) :: Item [716] is hard to place, performance drops: "FOG_MTF_Pants_MC"
 4:09:16.887 [CE][LootRespawner] (PRIDummy) :: Item [717] is hard to place, performance drops: "FOG_MTF_Pants_MC"
 4:09:16.887 [CE][LootRespawner] (PRIDummy) :: Item [718] is hard to place, performance drops: "FOG_MTF_Pants_MC"
 4:09:17.86 [CE][LootRespawner] (PRIDummy) :: Item [719] is hard to place, performance drops: "FOG_Crye_G3_Shirt_MCB"
 4:09:17.86 [CE][LootRespawner] (PRIDummy) :: Item [720] is hard to place, performance drops: "FOG_Crye_G3_Shirt_MCB"
 4:09:17.86 [CE][LootRespawner] (PRIDummy) :: Item [721] is hard to place, performance drops: "FOG_Crye_G3_Shirt_MCB"
 4:09:17.86 [CE][LootRespawner] (PRIDummy) :: Item [722] is hard to place, performance drops: "FOG_Crye_G3_Shirt_MCB"
 4:09:17.86 [CE][LootRespawner] (PRIDummy) :: Item [723] is hard to place, performance drops: "FOG_Crye_G3_Shirt_MCB"
 4:09:17.86 [CE][LootRespawner] (PRIDummy) :: Item [724] is hard to place, performance drops: "FOG_Crye_G3_Shirt_MCB"
 4:09:17.187 [CE][LootRespawner] (PRIDummy) :: Item [1677] causing search overtime: "Sword"
 4:09:17.287 [CE][LootRespawner] (PRIDummy) :: Item [725] is hard to place, performance drops: "FOG_Shirt_ISOF_Jacket_MC"
 4:09:17.388 [CE][LootRespawner] (PRIDummy) :: Item [1678] causing search overtime: "Chainmail_Leggings"
 4:09:17.486 [CE][LootRespawner] (PRIDummy) :: Item [726] is hard to place, performance drops: "FOG_Hoodie_Jacket_MC"
 4:09:17.486 [CE][LootRespawner] (PRIDummy) :: Item [727] is hard to place, performance drops: "FOG_Hoodie_Jacket_MC"
 4:09:17.486 [CE][LootRespawner] (PRIDummy) :: Item [728] is hard to place, performance drops: "FOG_Hoodie_Jacket_MC"
 4:09:17.487 [CE][LootRespawner] (PRIDummy) :: Item [729] is hard to place, performance drops: "FOG_Hoodie_Jacket_MC"
 4:09:17.487 [CE][LootRespawner] (PRIDummy) :: Item [730] is hard to place, performance drops: "FOG_Hoodie_Jacket_MC"
 4:09:17.487 [CE][LootRespawner] (PRIDummy) :: Item [731] is hard to place, performance drops: "FOG_Hoodie_Jacket_MC"
 4:09:17.487 [CE][LootRespawner] (PRIDummy) :: Item [732] is hard to place, performance drops: "FOG_Hoodie_Jacket_MC"
 4:09:17.487 [CE][LootRespawner] (PRIDummy) :: Item [733] is hard to place, performance drops: "FOG_Hoodie_Jacket_MC"
 4:09:17.487 [CE][LootRespawner] (PRIDummy) :: Item [1679] causing search overtime: "FOG_Hoodie_Jacket_MC"
 4:09:17.590 [CE][LootRespawner] (PRIDummy) :: Item [734] is hard to place, performance drops: "FOG_Hoodie_Jacket_ERDL"
 4:09:17.590 [CE][LootRespawner] (PRIDummy) :: Item [735] is hard to place, performance drops: "FOG_Hoodie_Jacket_ERDL"
 4:09:17.590 [CE][LootRespawner] (PRIDummy) :: Item [736] is hard to place, performance drops: "FOG_Hoodie_Jacket_ERDL"
 4:09:17.590 [CE][LootRespawner] (PRIDummy) :: Item [737] is hard to place, performance drops: "FOG_Hoodie_Jacket_ERDL"
 4:09:17.590 [CE][LootRespawner] (PRIDummy) :: Item [738] is hard to place, performance drops: "FOG_Hoodie_Jacket_ERDL"
 4:09:17.590 [CE][LootRespawner] (PRIDummy) :: Item [739] is hard to place, performance drops: "FOG_Hoodie_Jacket_ERDL"
 4:09:17.590 [CE][LootRespawner] (PRIDummy) :: Item [740] is hard to place, performance drops: "FOG_Hoodie_Jacket_ERDL"
 4:09:17.590 [CE][LootRespawner] (PRIDummy) :: Item [741] is hard to place, performance drops: "FOG_Hoodie_Jacket_ERDL"
 4:09:17.590 [CE][LootRespawner] (PRIDummy) :: Item [1680] causing search overtime: "FOG_Hoodie_Jacket_ERDL"
 4:09:17.691 [CE][LootRespawner] (PRIDummy) :: Item [742] is hard to place, performance drops: "FOG_MTF_Pants_CB"
 4:09:17.691 [CE][LootRespawner] (PRIDummy) :: Item [743] is hard to place, performance drops: "FOG_MTF_Pants_CB"
 4:09:17.691 [CE][LootRespawner] (PR