=====================================================================
== G:\SteamLibrary\steamapps\common\DayZServer\DayZServer_x64.exe
== G:\SteamLibrary\steamapps\common\DayZServer\DayZServer_x64.exe -config=serverDZ.cfg "-mod=@CF;@Dabs Framework;@StaminaRevised;@AICFireplaceIndoor;@AmmoStacks;@Basic Ear Plugs;@BetterSuppressors;@Code Lock;@Coupled Mag Vanilla;@Forward Operator Gear;@AimSounds;@Inventory Move Sounds;@InventoryInCar;@JunkYardDog;@SearchInventory;@RaG_Immersive_Vehicles;@MagazineLoading;@Loot Barrel Transfer;@Nomadbackpack;@Mounts Sights;@VPPAdminTools;@TerjePartyMod;@TerjeCore;@TerjeCompatibilityVPP;@TerjeSkills;@TerjeMedicine;@RaG_Immersive_Wells;@PvZmoD_Spawn_System;@LoftDModGR Clothes Pack;@GoreZ;@LoftD_old_size;@pvez test;@BoomLay's Craftables;@RaG_BaseItems;@Terje for FOG v2;@SimpleLootChests;@More Durable Weapons;@WindstridesClothingPack;@DayZ-Expansion-Core;@DayZ-Expansion-AI;@RolePlayMod;@GarbageSearch;@No Build Zones;@Zombie_Sound;@RUSForma_vehicles;@DayZ-Expansion-Market;@Ammo Making;@RandomItemsPack;@FC_Fish_Equip;@InediaInfectedAI;@Harks Blood Plague;@GSC Gameworld Assets JMC Edition;@RaG_BaseBuilding;@Alteria;@CookZ;@CBD Loot Rooms;@TWOC_CombineItems;@Utopia Animated Heli Crashs;@Territory Plus;@TerjeSleepingBagAttach;@InediaTerjeCompatibility;@TerjeStartScreen;@AI War Zones;@Realistic Display Quantity;@MuchCarKey;" -profiles=profiles
=====================================================================
Exe timestamp: 2025/08/07 20:07:14
Current time:  2025/10/21 07:33:06
Version 1.28.160123
=====================================================================

 7:33:06.117 [Inputs] Loading inputs default "bin/constants.xml"
 7:33:06.136 [Inputs] Loading inputs default "bin/specific.xml"
 7:33:06.137 [Inputs] Loading inputs default "EarPlugs\data\inputs.xml"
 7:33:06.137 [Inputs] Loading inputs default "InventoryMoveSounds/Scripts/Data/Inputs.xml"
 7:33:06.137 [Inputs] Loading inputs default "LIVEN/PvZmoD_Spawn_System/inputs.xml"
 7:33:06.137 [Inputs] Loading inputs default "PVEZ/data/inputs.xml"
 7:33:06.137 [Inputs] Loading inputs default "SearchInventory/Scripts/Data/inputs.xml"
 7:33:06.137 [Inputs] Loading inputs default "VPPAdminTools/data/modded_Inputs.xml"
 7:33:06.155 [Inputs] Loading inputs default "WindstrideClothing/Inputs.xml"
 7:33:06.176 !!! [Inputs] Cannot load inputs default "", file does not exist
 7:33:06.176 !!! [Inputs] Failed to load MODDED inputs - file name/ path invalid?
 7:33:06.176 [Inputs] Loading inputs default "FOG_MOD/Scripts/Data/inputs.xml"
 7:33:06.176 [Inputs] Loading inputs default "rag/rag_immersive_vehicles/scripts/4_world/rag_immersive_vehicles/actions/inputs/inputs.xml"
 7:33:06.177 [Inputs] Loading inputs default "DayZExpansion/Market/Scripts/Data/Inputs.xml"
 7:33:06.177 [Inputs] Loading inputs default "RaG_BaseBuilding/Data/inputs/Inputs.xml"
 7:33:06.192 [Inputs] Loading inputs default "DayZExpansion/AI/Scripts/inputs.xml"
 7:33:06.208 [Inputs] Loading inputs cfg "profiles\Users\Survivor\Server.core.xml"
 7:33:06.208 !!! [Inputs] Cannot read inputs cfg "profiles\Users\Survivor\Server.core.xml", parser error
 7:33:06.208 [Inputs] Loading inputs cfg "bin/core.xml"
 7:33:06.208 !!! [Inputs] Cannot load input preset "#STR_USER", file does not exist
 7:33:06.210 [Inputs] Exporting inputs cfg "profiles\Users\Survivor\Server.core.xml"
 7:33:45.509 Hostname of server: "[AU]Hardcore Horizons|Alteria|PVE|AI|Terje|Inedia|Hardcore Survival"
 7:35:38.326 [CE][Hive] :: Initializing OFFLINE
 7:35:38.326 [StorageDirs] :: Selected storage directory: G:\SteamLibrary\steamapps\common\DayZServer\mpmissions\empty.alteria\storage_380881\
 7:35:38.327 [CE][Hive] :: Loading core data ... 
 7:35:38.335 [CE][CoreData] :: 7 root classes, 19 defaults, 0 updaters...
 7:35:59.842 [CE] :: WARNING :: Preset (attachments) with name 'SantaHat' was not found.
 7:35:59.842 [CE] :: WARNING :: Preset (cargo) with name 'optics' was not found.
 7:35:59.842 [CE] :: WARNING :: Preset (cargo) with name 'optics' was not found.
 7:35:59.842 [CE][TypeSetup] :: 489 classes setuped...
 7:35:59.852 [CE][TypeSetup] :: 110 classes setuped...
 7:36:03.671 [CE][RegisterBind] :: 0 classes binded...
 7:36:03.671 [CE][RegisterConfig] :: 19826 config classes registered, 0 sub-counters...
 7:36:03.671 [CE][Hive] :: Loading map data ... 
 7:36:03.671 [CE][IgnoreList] "cfgignorelist.xml" :: loaded 1 types
 7:36:03.738 [CE][LoadPrototype] :: loaded 573 prototypes
 7:36:03.738   1113 containers, 11353 points
 7:36:03.738   43 dispatches, 188 proxies
 7:36:03.738 !!! [CE][LoadPrototype] 43 groups have no points...
 7:36:03.738 !!! [CE][LoadPrototype] 3 groups have wrong points...
 7:36:03.738 [CE][LoadPrototype] :: last group name: Land_Jupiter_Building_5...
 7:36:03.754 [CE][LoadPrototype] :: loaded 0 prototypes
 7:36:03.754   55 containers, 232 points
 7:36:03.755   0 dispatches, 0 proxies
 7:36:03.755 [CE][LoadPrototype] :: last group name: Rail9...
 7:36:04.121 [CE][LoadMap] "Group" :: loaded 5607 groups, groups failed: 0, largest group range: 34.1
 7:36:04.122 [CE][LoadMap] "Dirt" :: loaded 0 groups, groups failed: 0, largest group range: 34.1
 7:36:04.202 [CE][Links] found 1048 total links between groups, of 5607
 7:36:04.202 [CE][LoadClusters] "Cluster" :: Loading files...
 7:36:04.322 [CE][LoadClusters] :: file: "mapgroupcluster.xml", 9 types, 36307 instances
 7:36:04.346 [CE][Storage] ver:21 stamp:244, valid:yes, name:"G:\SteamLibrary\steamapps\common\DayZServer\mpmissions\empty.alteria\storage_380881\data\types.bin"
 7:36:04.361 [CE][Storage] ver:21 stamp:242, valid:yes, name:"G:\SteamLibrary\steamapps\common\DayZServer\mpmissions\empty.alteria\storage_380881\data\types.001"
 7:36:04.377 [CE][Storage] ver:21 stamp:243, valid:yes, name:"G:\SteamLibrary\steamapps\common\DayZServer\mpmissions\empty.alteria\storage_380881\data\types.002"
 7:36:04.377 [CE][Storage] Restoring file "G:\SteamLibrary\steamapps\common\DayZServer\mpmissions\empty.alteria\storage_380881\data\types.bin".
 7:36:04.850 !!! [CE][offlineDB] :: No Shutdown message present.
 7:36:04.864 [CE][offlineDB] :: Loaded 32 dynamic events 205 total types.
 7:36:05.00 !!! [CE][offlineDB] :: Type 'Akol_AKMount_NoAttachment' will be ignored. (Type does not exist. (Typo?))
 7:36:05.00 !!! [CE][offlineDB] :: Type 'Akol_MosinMount_NoAttachment' will be ignored. (Type does not exist. (Typo?))
 7:36:05.00 !!! [CE][offlineDB] :: Type 'Akol_MRDSMount' will be ignored. (Type does not exist. (Typo?))
 7:36:05.00 !!! [CE][offlineDB] :: Type 'Akol_PistolMount_NoAttachment' will be ignored. (Type does not exist. (Typo?))
 7:36:05.00 !!! [CE][offlineDB] :: Type 'Akol_CZRail_NoAttachment' will be ignored. (Type does not exist. (Typo?))
 7:36:05.00 !!! [CE][offlineDB] :: Type 'Akol_M700Rail_NoAttachment' will be ignored. (Type does not exist. (Typo?))
 7:36:05.00 !!! [CE][offlineDB] :: Type 'Akol_B95Rail_NoAttachment' will be ignored. (Type does not exist. (Typo?))
 7:36:05.00 !!! [CE][offlineDB] :: Type 'Akol_UniversalRail_NoAttachment' will be ignored. (Type does not exist. (Typo?))
 7:36:05.00 !!! [CE][offlineDB] :: Type 'Akol_Pilad' will be ignored. (Type does not exist. (Typo?))
 7:36:05.00 !!! [CE][offlineDB] :: Type 'Akol_Exps' will be ignored. (Type does not exist. (Typo?))
 7:36:05.01 !!! [CE][offlineDB] :: Type 'Akol_Okp77' will be ignored. (Type does not exist. (Typo?))
 7:36:05.01 !!! [CE][offlineDB] :: Type 'Akol_Specter6x' will be ignored. (Type does not exist. (Typo?))
 7:36:05.01 !!! [CE][offlineDB] :: Type 'Akol_RailHuntingOptic' will be ignored. (Type does not exist. (Typo?))
 7:36:05.01 !!! [CE][offlineDB] :: Type 'Akol_Magnifier' will be ignored. (Type does not exist. (Typo?))
 7:36:05.01 !!! [CE][offlineDB] :: Type 'Akol_AKMount_MRDSMount' will be ignored. (Type does not exist. (Typo?))
 7:36:05.01 !!! [CE][offlineDB] :: Type 'Akol_AKMount_StarlightOptic' will be ignored. (Type does not exist. (Typo?))
 7:36:05.01 !!! [CE][offlineDB] :: Type 'Akol_AKMount_ACOGOptic' will be ignored. (Type does not exist. (Typo?))
 7:36:05.01 !!! [CE][offlineDB] :: Type 'Akol_AKMount_M68Optic' will be ignored. (Type does not exist. (Typo?))
 7:36:05.01 !!! [CE][offlineDB] :: Type 'Akol_AKMount_M4_T3NRDSOptic' will be ignored. (Type does not exist. (Typo?))
 7:36:05.01 !!! [CE][offlineDB] :: Type 'Akol_AKMount_ReflexOptic' will be ignored. (Type does not exist. (Typo?))
 7:36:05.01 !!! [CE][offlineDB] :: Type 'Akol_AKMount_ACOGOptic_6x' will be ignored. (Type does not exist. (Typo?))
 7:36:05.01 !!! [CE][offlineDB] :: Type 'Akol_AKMount_RailHuntingOptic' will be ignored. (Type does not exist. (Typo?))
 7:36:05.01 !!! [CE][offlineDB] :: Type 'Akol_AKMount_Magnifier' will be ignored. (Type does not exist. (Typo?))
 7:36:05.01 !!! [CE][offlineDB] :: Type 'Akol_AKMount_Pilad' will be ignored. (Type does not exist. (Typo?))
 7:36:05.01 !!! [CE][offlineDB] :: Type 'Akol_AKMount_Specter6x' will be ignored. (Type does not exist. (Typo?))
 7:36:05.01 !!! [CE][offlineDB] :: Type 'Akol_AKMount_Exps' will be ignored. (Type does not exist. (Typo?))
 7:36:05.01 !!! [CE][offlineDB] :: Type 'Akol_AKMount_Okp77' will be ignored. (Type does not exist. (Typo?))
 7:36:05.01 !!! [CE][offlineDB] :: Type 'Akol_UniversalRail_StarlightOptic' will be ignored. (Type does not exist. (Typo?))
 7:36:05.01 !!! [CE][offlineDB] :: Type 'Akol_UniversalRail_ACOGOptic' will be ignored. (Type does not exist. (Typo?))
 7:36:05.01 !!! [CE][offlineDB] :: Type 'Akol_UniversalRail_M68Optic' will be ignored. (Type does not exist. (Typo?))
 7:36:05.01 !!! [CE][offlineDB] :: Type 'Akol_UniversalRail_M4_T3NRDSOptic' will be ignored. (Type does not exist. (Typo?))
 7:36:05.01 !!! [CE][offlineDB] :: Type 'Akol_UniversalRail_ReflexOptic' will be ignored. (Type does not exist. (Typo?))
 7:36:05.01 !!! [CE][offlineDB] :: Type 'Akol_UniversalRail_ACOGOptic_6x' will be ignored. (Type does not exist. (Typo?))
 7:36:05.01 !!! [CE][offlineDB] :: Type 'Akol_UniversalRail_RailHuntingOptic' will be ignored. (Type does not exist. (Typo?))
 7:36:05.01 !!! [CE][offlineDB] :: Type 'Akol_UniversalRail_MRDSMount' will be ignored. (Type does not exist. (Typo?))
 7:36:05.01 !!! [CE][offlineDB] :: Type 'Akol_UniversalRail_Magnifier' will be ignored. (Type does not exist. (Typo?))
 7:36:05.01 !!! [CE][offlineDB] :: Type 'Akol_UniversalRail_Pilad' will be ignored. (Type does not exist. (Typo?))
 7:36:05.01 !!! [CE][offlineDB] :: Type 'Akol_UniversalRail_Specter6x' will be ignored. (Type does not exist. (Typo?))
 7:36:05.01 !!! [CE][offlineDB] :: Type 'Akol_UniversalRail_Exps' will be ignored. (Type does not exist. (Typo?))
 7:36:05.01 !!! [CE][offlineDB] :: Type 'Akol_UniversalRail_Okp77' will be ignored. (Type does not exist. (Typo?))
 7:36:05.01 !!! [CE][offlineDB] :: Type 'Akol_CZRail_StarlightOptic' will be ignored. (Type does not exist. (Typo?))
 7:36:05.01 !!! [CE][offlineDB] :: Type 'Akol_CZRail_ACOGOptic' will be ignored. (Type does not exist. (Typo?))
 7:36:05.01 !!! [CE][offlineDB] :: Type 'Akol_CZRail_M68Optic' will be ignored. (Type does not exist. (Typo?))
 7:36:05.01 !!! [CE][offlineDB] :: Type 'Akol_CZRail_M4_T3NRDSOptic' will be ignored. (Type does not exist. (Typo?))
 7:36:05.01 !!! [CE][offlineDB] :: Type 'Akol_CZRail_ReflexOptic' will be ignored. (Type does not exist. (Typo?))
 7:36:05.01 !!! [CE][offlineDB] :: Type 'Akol_CZRail_ACOGOptic_6x' will be ignored. (Type does not exist. (Typo?))
 7:36:05.01 !!! [CE][offlineDB] :: Type 'Akol_CZRail_RailHuntingOptic' will be ignored. (Type does not exist. (Typo?))
 7:36:05.01 !!! [CE][offlineDB] :: Type 'Akol_CZRail_MRDSMount' will be ignored. (Type does not exist. (Typo?))
 7:36:05.01 !!! [CE][offlineDB] :: Type 'Akol_CZRail_Magnifier' will be ignored. (Type does not exist. (Typo?))
 7:36:05.01 !!! [CE][offlineDB] :: Type 'Akol_CZRail_Pilad' will be ignored. (Type does not exist. (Typo?))
 7:36:05.01 !!! [CE][offlineDB] :: Type 'Akol_CZRail_Specter6x' will be ignored. (Type does not exist. (Typo?))
 7:36:05.01 !!! [CE][offlineDB] :: Type 'Akol_CZRail_Exps' will be ignored. (Type does not exist. (Typo?))
 7:36:05.01 !!! [CE][offlineDB] :: Type 'Akol_CZRail_Okp77' will be ignored. (Type does not exist. (Typo?))
 7:36:05.01 !!! [CE][offlineDB] :: Type 'Akol_M700Rail_StarlightOptic' will be ignored. (Type does not exist. (Typo?))
 7:36:05.01 !!! [CE][offlineDB] :: Type 'Akol_M700Rail_ACOGOptic' will be ignored. (Type does not exist. (Typo?))
 7:36:05.01 !!! [CE][offlineDB] :: Type 'Akol_M700Rail_M68Optic' will be ignored. (Type does not exist. (Typo?))
 7:36:05.01 !!! [CE][offlineDB] :: Type 'Akol_M700Rail_M4_T3NRDSOptic' will be ignored. (Type does not exist. (Typo?))
 7:36:05.01 !!! [CE][offlineDB] :: Type 'Akol_M700Rail_ReflexOptic' will be ignored. (Type does not exist. (Typo?))
 7:36:05.01 !!! [CE][offlineDB] :: Type 'Akol_M700Rail_ACOGOptic_6x' will be ignored. (Type does not exist. (Typo?))
 7:36:05.01 !!! [CE][offlineDB] :: Type 'Akol_M700Rail_RailHuntingOptic' will be ignored. (Type does not exist. (Typo?))
 7:36:05.01 !!! [CE][offlineDB] :: Type 'Akol_M700Rail_MRDSMount' will be ignored. (Type does not exist. (Typo?))
 7:36:05.01 !!! [CE][offlineDB] :: Type 'Akol_M700Rail_Magnifier' will be ignored. (Type does not exist. (Typo?))
 7:36:05.01 !!! [CE][offlineDB] :: Type 'Akol_M700Rail_Pilad' will be ignored. (Type does not exist. (Typo?))
 7:36:05.01 !!! [CE][offlineDB] :: Type 'Akol_M700Rail_Specter6x' will be ignored. (Type does not exist. (Typo?))
 7:36:05.01 !!! [CE][offlineDB] :: Type 'Akol_M700Rail_Exps' will be ignored. (Type does not exist. (Typo?))
 7:36:05.01 !!! [CE][offlineDB] :: Type 'Akol_M700Rail_Okp77' will be ignored. (Type does not exist. (Typo?))
 7:36:05.01 !!! [CE][offlineDB] :: Type 'Akol_MosinMount_StarlightOptic' will be ignored. (Type does not exist. (Typo?))
 7:36:05.01 !!! [CE][offlineDB] :: Type 'Akol_MosinMount_ACOGOptic' will be ignored. (Type does not exist. (Typo?))
 7:36:05.01 !!! [CE][offlineDB] :: Type 'Akol_MosinMount_M68Optic' will be ignored. (Type does not exist. (Typo?))
 7:36:05.01 !!! [CE][offlineDB] :: Type 'Akol_MosinMount_M4_T3NRDSOptic' will be ignored. (Type does not exist. (Typo?))
 7:36:05.01 !!! [CE][offlineDB] :: Type 'Akol_MosinMount_ReflexOptic' will be ignored. (Type does not exist. (Typo?))
 7:36:05.01 !!! [CE][offlineDB] :: Type 'Akol_MosinMount_ACOGOptic_6x' will be ignored. (Type does not exist. (Typo?))
 7:36:05.01 !!! [CE][offlineDB] :: Type 'Akol_MosinMount_RailHuntingOptic' will be ignored. (Type does not exist. (Typo?))
 7:36:05.01 !!! [CE][offlineDB] :: Type 'Akol_MosinMount_MRDSMount' will be ignored. (Type does not exist. (Typo?))
 7:36:05.01 !!! [CE][offlineDB] :: Type 'Akol_MosinMount_Magnifier' will be ignored. (Type does not exist. (Typo?))
 7:36:05.01 !!! [CE][offlineDB] :: Type 'Akol_MosinMount_Pilad' will be ignored. (Type does not exist. (Typo?))
 7:36:05.01 !!! [CE][offlineDB] :: Type 'Akol_MosinMount_Specter6x' will be ignored. (Type does not exist. (Typo?))
 7:36:05.01 !!! [CE][offlineDB] :: Type 'Akol_MosinMount_Exps' will be ignored. (Type does not exist. (Typo?))
 7:36:05.01 !!! [CE][offlineDB] :: Type 'Akol_MosinMount_Okp77' will be ignored. (Type does not exist. (Typo?))
 7:36:05.01 !!! [CE][offlineDB] :: Type 'Akol_B95Rail_StarlightOptic' will be ignored. (Type does not exist. (Typo?))
 7:36:05.01 !!! [CE][offlineDB] :: Type 'Akol_B95Rail_ACOGOptic' will be ignored. (Type does not exist. (Typo?))
 7:36:05.01 !!! [CE][offlineDB] :: Type 'Akol_B95Rail_M68Optic' will be ignored. (Type does not exist. (Typo?))
 7:36:05.01 !!! [CE][offlineDB] :: Type 'Akol_B95Rail_M4_T3NRDSOptic' will be ignored. (Type does not exist. (Typo?))
 7:36:05.01 !!! [CE][offlineDB] :: Type 'Akol_B95Rail_ReflexOptic' will be ignored. (Type does not exist. (Typo?))
 7:36:05.01 !!! [CE][offlineDB] :: Type 'Akol_B95Rail_ACOGOptic_6x' will be ignored. (Type does not exist. (Typo?))
 7:36:05.01 !!! [CE][offlineDB] :: Type 'Akol_B95Rail_RailHuntingOptic' will be ignored. (Type does not exist. (Typo?))
 7:36:05.01 !!! [CE][offlineDB] :: Type 'Akol_B95Rail_MRDSMount' will be ignored. (Type does not exist. (Typo?))
 7:36:05.01 !!! [CE][offlineDB] :: Type 'Akol_B95Rail_Magnifier' will be ignored. (Type does not exist. (Typo?))
 7:36:05.01 !!! [CE][offlineDB] :: Type 'Akol_B95Rail_Pilad' will be ignored. (Type does not exist. (Typo?))
 7:36:05.01 !!! [CE][offlineDB] :: Type 'Akol_B95Rail_Specter6x' will be ignored. (Type does not exist. (Typo?))
 7:36:05.01 !!! [CE][offlineDB] :: Type 'Akol_B95Rail_Exps' will be ignored. (Type does not exist. (Typo?))
 7:36:05.01 !!! [CE][offlineDB] :: Type 'Akol_B95Rail_Okp77' will be ignored. (Type does not exist. (Typo?))
 7:36:05.01 !!! [CE][offlineDB] :: Type 'Akol_PistolMount_M68Optic' will be ignored. (Type does not exist. (Typo?))
 7:36:05.01 !!! [CE][offlineDB] :: Type 'Akol_PistolMount_M4_T3NRDSOptic' will be ignored. (Type does not exist. (Typo?))
 7:36:05.01 !!! [CE][offlineDB] :: Type 'Akol_PistolMount_ReflexOptic' will be ignored. (Type does not exist. (Typo?))
 7:36:05.01 !!! [CE][offlineDB] :: Type 'Akol_PistolMount_MRDSMount' will be ignored. (Type does not exist. (Typo?))
 7:36:05.01 !!! [CE][offlineDB] :: Type 'Akol_PistolMount_Exps' will be ignored. (Type does not exist. (Typo?))
 7:36:05.01 !!! [CE][offlineDB] :: Type 'Akol_PistolMount_Okp77' will be ignored. (Type does not exist. (Typo?))
 7:36:05.04 !!! [CE] :: Unknown tag: 'hunting'.
 7:36:05.04 !!! [CE] :: Unknown tag: 'farm'.
 7:36:05.04 !!! [CE] :: Unknown tag: 'fishing'.
 7:36:05.04 !!! [CE] :: Unknown usage: 'Tenement'.
 7:36:05.30 !!! [CE][offlineDB] :: Type 'Loftd_hijab' will be ignored. (Type does not exist. (Typo?))
 7:36:05.30 !!! [CE][offlineDB] :: Type 'Loftd_hijab_black' will be ignored. (Type does not exist. (Typo?))
 7:36:05.30 !!! [CE][offlineDB] :: Type 'Loftd_hijab_bordo' will be ignored. (Type does not exist. (Typo?))
 7:36:05.30 !!! [CE][offlineDB] :: Type 'Loftd_hijab_green' will be ignored. (Type does not exist. (Typo?))
 7:36:05.30 !!! [CE][offlineDB] :: Type 'Loftd_hijab_home' will be ignored. (Type does not exist. (Typo?))
 7:36:05.30 !!! [CE][offlineDB] :: Type 'Loftd_hijab_kletka' will be ignored. (Type does not exist. (Typo?))
 7:36:05.30 !!! [CE][offlineDB] :: Type 'Loftd_hijab_red' will be ignored. (Type does not exist. (Typo?))
 7:36:05.30 !!! [CE][offlineDB] :: Type 'Loftd_hijab_stars' will be ignored. (Type does not exist. (Typo?))
 7:36:05.30 !!! [CE][offlineDB] :: Type 'Loftd_leatherHat' will be ignored. (Type does not exist. (Typo?))
 7:36:05.30 !!! [CE][offlineDB] :: Type 'Loftd_TiiliaksienHat' will be ignored. (Type does not exist. (Typo?))
 7:36:05.30 !!! [CE][offlineDB] :: Type 'Loftd_TropicalBag' will be ignored. (Type does not exist. (Typo?))
 7:36:05.30 !!! [CE][offlineDB] :: Type 'Loftd_campingbackpack' will be ignored. (Type does not exist. (Typo?))
 7:36:05.30 !!! [CE][offlineDB] :: Type 'Loftd_campingbackpack_green' will be ignored. (Type does not exist. (Typo?))
 7:36:05.30 !!! [CE][offlineDB] :: Type 'Loftd_oldbackpack' will be ignored. (Type does not exist. (Typo?))
 7:36:05.30 !!! [CE][offlineDB] :: Type 'Loftd_uniform_gloves' will be ignored. (Type does not exist. (Typo?))
 7:36:05.30 !!! [CE][offlineDB] :: Type 'Loftd_uniform_gloves_GR' will be ignored. (Type does not exist. (Typo?))
 7:36:05.30 !!! [CE][offlineDB] :: Type 'Loftd_uniform_gloves_WR' will be ignored. (Type does not exist. (Typo?))
 7:36:05.30 !!! [CE][offlineDB] :: Type 'Loftd_ghostmask' will be ignored. (Type does not exist. (Typo?))
 7:36:05.30 !!! [CE][offlineDB] :: Type 'Loftd_ghostpants' will be ignored. (Type does not exist. (Typo?))
 7:36:05.30 !!! [CE][offlineDB] :: Type 'Loftd_ghostpants_city' will be ignored. (Type does not exist. (Typo?))
 7:36:05.30 !!! [CE][offlineDB] :: Type 'Loftd_uniform_pants' will be ignored. (Type does not exist. (Typo?))
 7:36:05.30 !!! [CE][offlineDB] :: Type 'Loftd_uniform_pants_GR' will be ignored. (Type does not exist. (Typo?))
 7:36:05.30 !!! [CE][offlineDB] :: Type 'Loftd_uniform_pants_WR' will be ignored. (Type does not exist. (Typo?))
 7:36:05.30 !!! [CE][offlineDB] :: Type 'Loftd_pantalonvaron_ver1' will be ignored. (Type does not exist. (Typo?))
 7:36:05.30 !!! [CE][offlineDB] :: Type 'Loftd_pantalonvaron_ver2' will be ignored. (Type does not exist. (Typo?))
 7:36:05.30 !!! [CE][offlineDB] :: Type 'Loftd_pantalonvaron_ver3' will be ignored. (Type does not exist. (Typo?))
 7:36:05.30 !!! [CE][offlineDB] :: Type 'Loftd_uniform_boots' will be ignored. (Type does not exist. (Typo?))
 7:36:05.30 !!! [CE][offlineDB] :: Type 'Loftd_uniform_boots_GR' will be ignored. (Type does not exist. (Typo?))
 7:36:05.30 !!! [CE][offlineDB] :: Type 'Loftd_uniform_boots_WR' will be ignored. (Type does not exist. (Typo?))
 7:36:05.30 !!! [CE][offlineDB] :: Type 'Loftd_crosslander_blu' will be ignored. (Type does not exist. (Typo?))
 7:36:05.30 !!! [CE][offlineDB] :: Type 'Loftd_crosslander_green' will be ignored. (Type does not exist. (Typo?))
 7:36:05.30 !!! [CE][offlineDB] :: Type 'Loftd_crosslander_red' will be ignored. (Type does not exist. (Typo?))
 7:36:05.30 !!! [CE][offlineDB] :: Type 'Loftd_hikingboots_dirty' will be ignored. (Type does not exist. (Typo?))
 7:36:05.30 !!! [CE][offlineDB] :: Type 'Loftd_BunnySlippers' will be ignored. (Type does not exist. (Typo?))
 7:36:05.30 !!! [CE][offlineDB] :: Type 'Loftd_FuzzySlippers' will be ignored. (Type does not exist. (Typo?))
 7:36:05.30 !!! [CE][offlineDB] :: Type 'Loftd_houseslippers' will be ignored. (Type does not exist. (Typo?))
 7:36:05.30 !!! [CE][offlineDB] :: Type 'Loftd_NifflerSlippers' will be ignored. (Type does not exist. (Typo?))
 7:36:05.30 !!! [CE][offlineDB] :: Type 'Loftd_PigSlipper' will be ignored. (Type does not exist. (Typo?))
 7:36:05.30 !!! [CE][offlineDB] :: Type 'Loftd_leatherboots_dirty' will be ignored. (Type does not exist. (Typo?))
 7:36:05.30 !!! [CE][offlineDB] :: Type 'Loftd_ghostjacket' will be ignored. (Type does not exist. (Typo?))
 7:36:05.30 !!! [CE][offlineDB] :: Type 'Loftd_ghostjacket_city' will be ignored. (Type does not exist. (Typo?))
 7:36:05.30 !!! [CE][offlineDB] :: Type 'Loftd_uniform_jacket' will be ignored. (Type does not exist. (Typo?))
 7:36:05.30 !!! [CE][offlineDB] :: Type 'Loftd_uniform_jacket_GR' will be ignored. (Type does not exist. (Typo?))
 7:36:05.30 !!! [CE][offlineDB] :: Type 'Loftd_uniform_jacket_WR' will be ignored. (Type does not exist. (Typo?))
 7:36:05.30 !!! [CE][offlineDB] :: Type 'Loftd_Mjjacket_red' will be ignored. (Type does not exist. (Typo?))
 7:36:05.30 !!! [CE][offlineDB] :: Type 'Loftd_Mjjacket_black' will be ignored. (Type does not exist. (Typo?))
 7:36:05.30 !!! [CE][offlineDB] :: Type 'Loftd_Wrfemalejacket' will be ignored. (Type does not exist. (Typo?))
 7:36:05.30 !!! [CE][offlineDB] :: Type 'Loftd_huntercoat_camo' will be ignored. (Type does not exist. (Typo?))
 7:36:05.30 !!! [CE][offlineDB] :: Type 'Loftd_huntercoat_dubok' will be ignored. (Type does not exist. (Typo?))
 7:36:05.31 !!! [CE][offlineDB] :: Type 'Loftd_huntercoat_flora' will be ignored. (Type does not exist. (Typo?))
 7:36:05.31 !!! [CE][offlineDB] :: Type 'Loftd_ghostvest' will be ignored. (Type does not exist. (Typo?))
 7:36:05.31 !!! [CE][offlineDB] :: Type 'Loftd_ghostvest_city' will be ignored. (Type does not exist. (Typo?))
 7:36:05.31 !!! [CE][offlineDB] :: Type 'Loftd_knifeholster' will be ignored. (Not spawnable. (Scope is not public?))
 7:36:05.31 !!! [CE][offlineDB] :: Type 'Loftd_tropicalbag_pouch' will be ignored. (Type does not exist. (Typo?))
 7:36:05.31 !!! [CE][offlineDB] :: Type 'Loftd_tropicalbag_shovelpouch' will be ignored. (Type does not exist. (Typo?))
 7:36:05.31 !!! [CE][offlineDB] :: Type 'Loftd_tropicalbag_canteen' will be ignored. (Type does not exist. (Typo?))
 7:36:05.31 !!! [CE][offlineDB] :: Type 'Loftd_tropicalbag_spalnikpouch' will be ignored. (Type does not exist. (Typo?))
 7:36:05.31 !!! [CE][offlineDB] :: Type 'Loftd_militarybeltCIRAS_black (craft)' will be ignored. (Type does not exist. (Typo?))
 7:36:05.31 !!! [CE][offlineDB] :: Type 'Loftd_militarybeltCIRAS_dubok (craft)' will be ignored. (Type does not exist. (Typo?))
 7:36:05.31 !!! [CE][offlineDB] :: Type 'Loftd_militarybeltCIRAS_winter (craft)' will be ignored. (Type does not exist. (Typo?))
 7:36:05.31 !!! [CE][offlineDB] :: Type 'Loftd_uniform_belt' will be ignored. (Type does not exist. (Typo?))
 7:36:05.31 !!! [CE][offlineDB] :: Type 'Loftd_uniform_belt_GR' will be ignored. (Type does not exist. (Typo?))
 7:36:05.31 !!! [CE][offlineDB] :: Type 'Loftd_uniform_belt_WR' will be ignored. (Type does not exist. (Typo?))
 7:36:05.31 !!! [CE][offlineDB] :: Type 'Loftd_ghostponcho' will be ignored. (Type does not exist. (Typo?))
 7:36:05.31 !!! [CE][offlineDB] :: Type 'Loftd_ghostponcho_city' will be ignored. (Type does not exist. (Typo?))
 7:36:05.31 !!! [CE][offlineDB] :: Type 'Loftd_fabricscarf ' will be ignored. (Type does not exist. (Typo?))
 7:36:05.31 !!! [CE][offlineDB] :: Type 'Loftd_SleepingBagPacked_black' will be ignored. (Type does not exist. (Typo?))
 7:36:05.31 !!! [CE][offlineDB] :: Type 'Loftd_SleepingBagPacked_blue' will be ignored. (Type does not exist. (Typo?))
 7:36:05.31 !!! [CE][offlineDB] :: Type 'Loftd_SleepingBagPacked_green' will be ignored. (Type does not exist. (Typo?))
 7:36:05.31 !!! [CE][offlineDB] :: Type 'Loftd_SleepingBagPacked_red' will be ignored. (Type does not exist. (Typo?))
 7:36:05.31 !!! [CE][offlineDB] :: Type 'Loftd_SleepingBag_black' will be ignored. (Type does not exist. (Typo?))
 7:36:05.31 !!! [CE][offlineDB] :: Type 'Loftd_SleepingBag_blue' will be ignored. (Type does not exist. (Typo?))
 7:36:05.31 !!! [CE][offlineDB] :: Type 'Loftd_SleepingBag_green' will be ignored. (Type does not exist. (Typo?))
 7:36:05.31 !!! [CE][offlineDB] :: Type 'Loftd_SleepingBag_red' will be ignored. (Type does not exist. (Typo?))
 7:36:05.31 !!! [CE][offlineDB] :: Type 'Ririteo_razor' will be ignored. (Type does not exist. (Typo?))
 7:36:05.31 !!! [CE][offlineDB] :: Type 'Loftd_woodenbabycrib' will be ignored. (Type does not exist. (Typo?))
 7:36:05.31 !!! [CE][offlineDB] :: Type 'Loftd_totem_lada' will be ignored. (Type does not exist. (Typo?))
 7:36:05.31 !!! [CE][offlineDB] :: Type 'Loftd_totem_mara' will be ignored. (Type does not exist. (Typo?))
 7:36:05.31 !!! [CE][offlineDB] :: Type 'Loftd_totem_chur' will be ignored. (Type does not exist. (Typo?))
 7:36:05.31 !!! [CE][offlineDB] :: Type 'Loftd_totem_kashchei' will be ignored. (Type does not exist. (Typo?))
 7:36:05.31 !!! [CE][offlineDB] :: Type 'Loftd_totem_perun' will be ignored. (Type does not exist. (Typo?))
 7:36:05.31 !!! [CE][offlineDB] :: Type 'Loftd_totem_rod' will be ignored. (Type does not exist. (Typo?))
 7:36:05.31 !!! [CE][offlineDB] :: Type 'Loftd_totem_svarog' will be ignored. (Type does not exist. (Typo?))
 7:36:05.31 !!! [CE][offlineDB] :: Type 'Loftd_totem_veles' will be ignored. (Type does not exist. (Typo?))
 7:36:05.31 !!! [CE][offlineDB] :: Type 'Loftd_babyBandage' will be ignored. (Type does not exist. (Typo?))
 7:36:05.31 !!! [CE][offlineDB] :: Type 'Loftd_baby' will be ignored. (Type does not exist. (Typo?))
 7:36:05.31 !!! [CE][offlineDB] :: Type 'Loftd_huggers' will be ignored. (Type does not exist. (Typo?))
 7:36:05.35 !!! [CE][offlineDB] :: Type 'SA_Loot_Case' will be ignored. (Not spawnable. (Scope is not public?))
 7:36:05.71 !!! [CE][offlineDB] :: Type 'UAZ_3163_MCHS' will be ignored. (Type does not exist. (Typo?))
 7:36:05.71 !!! [CE][offlineDB] :: Type 'UAZ_3163_VP' will be ignored. (Type does not exist. (Typo?))
 7:36:05.71 !!! [CE][offlineDB] :: Type 'UAZ_3163_emergency_service' will be ignored. (Type does not exist. (Typo?))
 7:36:05.71 !!! [CE][offlineDB] :: Type 'opel_blitz' will be ignored. (Type does not exist. (Typo?))
 7:36:05.71 !!! [CE][offlineDB] :: Type 'dodge_power_wagonrus_doors_cargo3		' will be ignored. (Type does not exist. (Typo?))
 7:36:05.71 !!! [CE][offlineDB] :: Type 'dodge_power_wagonrus_doors_cargo3_yellow		' will be ignored. (Type does not exist. (Typo?))
 7:36:05.71 !!! [CE][offlineDB] :: Type 'dodge_power_wagonrus_doors_cargo3_white		' will be ignored. (Type does not exist. (Typo?))
 7:36:05.71 !!! [CE][offlineDB] :: Type 'dodge_power_wagonrus_doors_cargo3_black		' will be ignored. (Type does not exist. (Typo?))
 7:36:05.72 !!! [CE][offlineDB] :: Type 'dodge_power_wagonrus_doors_cargo3_red		' will be ignored. (Type does not exist. (Typo?))
 7:36:05.72 !!! [CE][offlineDB] :: Type 'UAZ_3163_doors_driver_MCHS' will be ignored. (Type does not exist. (Typo?))
 7:36:05.72 !!! [CE][offlineDB] :: Type 'UAZ_3163_doors_codriver_MCHS' will be ignored. (Type does not exist. (Typo?))
 7:36:05.72 !!! [CE][offlineDB] :: Type 'UAZ_3163_doors_cargo1_MCHS' will be ignored. (Type does not exist. (Typo?))
 7:36:05.72 !!! [CE][offlineDB] :: Type 'UAZ_3163_doors_cargo2_MCHS' will be ignored. (Type does not exist. (Typo?))
 7:36:05.72 !!! [CE][offlineDB] :: Type 'UAZ_3163_doors_hood_MCHS' will be ignored. (Type does not exist. (Typo?))
 7:36:05.72 !!! [CE][offlineDB] :: Type 'UAZ_3163_doors_trunk_MCHS' will be ignored. (Type does not exist. (Typo?))
 7:36:05.72 !!! [CE][offlineDB] :: Type 'UAZ_3163_doors_driver_VP' will be ignored. (Type does not exist. (Typo?))
 7:36:05.72 !!! [CE][offlineDB] :: Type 'UAZ_3163_doors_codriver_VP' will be ignored. (Type does not exist. (Typo?))
 7:36:05.72 !!! [CE][offlineDB] :: Type 'UAZ_3163_doors_cargo1_VP' will be ignored. (Type does not exist. (Typo?))
 7:36:05.72 !!! [CE][offlineDB] :: Type 'UAZ_3163_doors_cargo2_VP' will be ignored. (Type does not exist. (Typo?))
 7:36:05.72 !!! [CE][offlineDB] :: Type 'UAZ_3163_doors_hood_VP' will be ignored. (Type does not exist. (Typo?))
 7:36:05.72 !!! [CE][offlineDB] :: Type 'UAZ_3163_doors_trunk_VP' will be ignored. (Type does not exist. (Typo?))
 7:36:05.72 !!! [CE][offlineDB] :: Type 'UAZ_3163_doors_driver_emergency_service' will be ignored. (Type does not exist. (Typo?))
 7:36:05.72 !!! [CE][offlineDB] :: Type 'UAZ_3163_doors_codriver_emergency_service' will be ignored. (Type does not exist. (Typo?))
 7:36:05.72 !!! [CE][offlineDB] :: Type 'UAZ_3163_doors_cargo1_emergency_service' will be ignored. (Type does not exist. (Typo?))
 7:36:05.72 !!! [CE][offlineDB] :: Type 'UAZ_3163_doors_cargo2_emergency_service' will be ignored. (Type does not exist. (Typo?))
 7:36:05.72 !!! [CE][offlineDB] :: Type 'UAZ_3163_doors_hood_emergency_service' will be ignored. (Type does not exist. (Typo?))
 7:36:05.72 !!! [CE][offlineDB] :: Type 'UAZ_3163_doors_trunk_emergency_service' will be ignored. (Type does not exist. (Typo?))
 7:36:05.73 !!! [CE][offlineDB] :: Type 'UAZ_469_milicia_wheel ' will be ignored. (Type does not exist. (Typo?))
 7:36:05.73 !!! [CE][offlineDB] :: Type 'UAZ_469_milicia_doors_cargo1	' will be ignored. (Type does not exist. (Typo?))
 7:36:05.73 !!! [CE][offlineDB] :: Type 'UAZ_27722_mchs_doors_cargo2_ambulancia' will be ignored. (Type does not exist. (Typo?))
 7:36:05.73 !!! [CE][offlineDB] :: Type 'IJ_2125_Kombi_wheel ' will be ignored. (Type does not exist. (Typo?))
 7:36:05.97 !!! [CE][offlineDB] :: Type 'RubberBox_380ACP' will be ignored. (Type does not exist. (Typo?))
 7:36:05.97 !!! [CE][offlineDB] :: Type 'RubberBox_45ACP' will be ignored. (Type does not exist. (Typo?))
 7:36:05.97 !!! [CE][offlineDB] :: Type 'RubberBox_9x19' will be ignored. (Type does not exist. (Typo?))
 7:36:05.97 !!! [CE][offlineDB] :: Type 'Ammo_45ACPRubber' will be ignored. (Type does not exist. (Typo?))
 7:36:05.97 !!! [CE][offlineDB] :: Type 'Ammo_9x19Rubber' will be ignored. (Type does not exist. (Typo?))
 7:36:05.97 !!! [CE][offlineDB] :: Type 'Ammo_380Rubber' will be ignored. (Type does not exist. (Typo?))
 7:36:05.97 !!! [CE][offlineDB] :: Type 'ScrapRubber' will be ignored. (Type does not exist. (Typo?))
 7:36:05.97 !!! [CE][offlineDB] :: Type 'PressWdie' will be ignored. (Type does not exist. (Typo?))
 7:36:05.97 !!! [CE][offlineDB] :: Type 'PressWdieWattachmentplate' will be ignored. (Type does not exist. (Typo?))
 7:36:05.97 !!! [CE][offlineDB] :: Type 'Presswdiemechismhandle' will be ignored. (Type does not exist. (Typo?))
 7:36:05.97 !!! [CE][offlineDB] :: Type 'PresswithAttachmentplate' will be ignored. (Type does not exist. (Typo?))
 7:36:05.97 !!! [CE][offlineDB] :: Type 'PresswithMechanism' will be ignored. (Type does not exist. (Typo?))
 7:36:05.98 !!! [CE][offlineDB] :: Type 'PresswithMechanismhandle' will be ignored. (Type does not exist. (Typo?))
 7:36:05.98 !!! [CE][offlineDB] :: Type 'CrucibleOreLead' will be ignored. (Type does not exist. (Typo?))
 7:36:05.112 !!! [CE][offlineDB] :: Type 'UtopiaAirdropflare' will be ignored. (Type does not exist. (Typo?))
 7:36:05.145 !!! [CE][offlineDB] :: Type 'ExpansionCarKey' will be ignored. (Type does not exist. (Typo?))
 7:36:05.154 !!! [CE][offlineDB] :: Type 'PotatoSeeds' will be ignored. (Type does not exist. (Typo?))
 7:36:05.154 !!! [CE][offlineDB] :: Type 'tool_box' will be ignored. (Type does not exist. (Typo?))
 7:36:05.155 !!! [CE][offlineDB] :: Type 'BP2_Gas_mask' will be ignored. (Type does not exist. (Typo?))
 7:36:05.155 !!! [CE][offlineDB] :: Type 'GP5_filter' will be ignored. (Type does not exist. (Typo?))
 7:36:05.155 !!! [CE][offlineDB] :: Type 'BP1_ChestHolster_black' will be ignored. (Type does not exist. (Typo?))
 7:36:05.155 !!! [CE][offlineDB] :: Type 'BP2_PrisonPWhite' will be ignored. (Type does not exist. (Typo?))
 7:36:05.155 !!! [CE][offlineDB] :: Type 'BP2_Ivent_pac' will be ignored. (Type does not exist. (Typo?))
 7:36:05.155 !!! [CE][offlineDB] :: Type 'BP_Pech_kit' will be ignored. (Not spawnable. (Scope is not public?))
 7:36:05.155 !!! [CE][offlineDB] :: Type 'BP_post_box' will be ignored. (Type does not exist. (Typo?))
 7:36:05.155 !!! [CE][offlineDB] :: Type 'BP_Zippo' will be ignored. (Type does not exist. (Typo?))
 7:36:05.155 !!! [CE][offlineDB] :: Type 'BP_Trap_SmallFish' will be ignored. (Type does not exist. (Typo?))
 7:36:05.156 !!! [CE][offlineDB] :: Type 'BP_Immunoglobulin' will be ignored. (Type does not exist. (Typo?))
 7:36:05.156 !!! [CE][offlineDB] :: Type 'BP_BearBlood' will be ignored. (Type does not exist. (Typo?))
 7:36:05.156 !!! [CE][offlineDB] :: Type 'BP_MilitaryBeret_CDF_Black ' will be ignored. (Type does not exist. (Typo?))
 7:36:05.170 !!! [CE] :: Unknown tag: 'civilian'.
 7:36:05.171 !!! [CE] :: Unknown tag: 'hunting'.
 7:36:05.171 !!! [CE] :: Unknown tag: 'Military'.
 7:36:05.171 !!! [CE][offlineDB] :: Type 'RIP_A5' will be ignored. (Type does not exist. (Typo?))
 7:36:05.223 [CE][DE][SPAWNS] :: Total positions: 146
 7:36:05.223 [CE][DE][GROUPS] :: Total eventgroups defined: 83, Eventgroups in use: 0
 7:36:05.230 [CE][Storage] ver:25 stamp:244, valid:yes, name:"G:\SteamLibrary\steamapps\common\DayZServer\mpmissions\empty.alteria\storage_380881\data\events.bin"
 7:36:05.243 [CE][Storage] ver:25 stamp:242, valid:yes, name:"G:\SteamLibrary\steamapps\common\DayZServer\mpmissions\empty.alteria\storage_380881\data\events.001"
 7:36:05.255 [CE][Storage] ver:25 stamp:243, valid:yes, name:"G:\SteamLibrary\steamapps\common\DayZServer\mpmissions\empty.alteria\storage_380881\data\events.002"
 7:36:05.256 [CE][Storage] Restoring file "G:\SteamLibrary\steamapps\common\DayZServer\mpmissions\empty.alteria\storage_380881\data\events.bin".
 7:36:05.256 [CE][DynamicEvent] Load  Events:[32] Primary spawners: 32 Secondary spawners: 1
 7:36:05.256 [CE][InfectedRespawner] (PRIArmy) :: Zones:0 Respawner Function DISABLED !!!
 7:36:05.256 [CE][InfectedRespawner] (PRIArmyHard) :: Status
 7:36:05.256   Zones:56, Unpopulated:0
 7:36:05.256   SMin:249, SMax:383
 7:36:05.256   DMin:249, DMax:385
 7:36:05.256 [CE][InfectedRespawner] (PRICity) :: Status
 7:36:05.256   Zones:26, Unpopulated:0
 7:36:05.256   SMin:88, SMax:170
 7:36:05.256   DMin:175, DMax:290
 7:36:05.256 [CE][InfectedRespawner] (PRIFirefighter) :: Status
 7:36:05.256   Zones:6, Unpopulated:0
 7:36:05.257   SMin:11, SMax:17
 7:36:05.257   DMin:17, DMax:29
 7:36:05.257 [CE][InfectedRespawner] (PRIIndustrial) :: Status
 7:36:05.257   Zones:52, Unpopulated:0
 7:36:05.257   SMin:123, SMax:176
 7:36:05.257   DMin:204, DMax:334
 7:36:05.257 [CE][InfectedRespawner] (PRIMedic) :: Status
 7:36:05.257   Zones:16, Unpopulated:0
 7:36:05.257   SMin:24, SMax:40
 7:36:05.257   DMin:41, DMax:71
 7:36:05.257 [CE][InfectedRespawner] (PRINBC) :: Zones:0 Respawner Function DISABLED !!!
 7:36:05.257 [CE][InfectedRespawner] (PRINBCYellow) :: Status
 7:36:05.257   Zones:1, Unpopulated:0
 7:36:05.257   SMin:2, SMax:3
 7:36:05.257   DMin:30, DMax:40
 7:36:05.257 [CE][InfectedRespawner] (PRIPolice) :: Status
 7:36:05.257   Zones:4, Unpopulated:0
 7:36:05.257   SMin:8, SMax:12
 7:36:05.257   DMin:10, DMax:18
 7:36:05.257 [CE][InfectedRespawner] (PRIPoliceHard) :: Zones:0 Respawner Function DISABLED !!!
 7:36:05.257 [CE][InfectedRespawner] (PRIPrisoner) :: Status
 7:36:05.257   Zones:9, Unpopulated:0
 7:36:05.257   SMin:36, SMax:72
 7:36:05.257   DMin:36, DMax:72
 7:36:05.257 [CE][InfectedRespawner] (PRIReligious) :: Status
 7:36:05.258   Zones:5, Unpopulated:0
 7:36:05.258   SMin:10, SMax:15
 7:36:05.258   DMin:5, DMax:15
 7:36:05.258 [CE][InfectedRespawner] (PRISolitude) :: Status
 7:36:05.258   Zones:138, Unpopulated:0
 7:36:05.259   SMin:291, SMax:478
 7:36:05.259   DMin:559, DMax:976
 7:36:05.259 [CE][InfectedRespawner] (PRIVillage) :: Status
 7:36:05.259   Zones:16, Unpopulated:0
 7:36:05.259   SMin:39, SMax:55
 7:36:05.259   DMin:46, DMax:90
 7:36:05.259 [CE][InfectedRespawner] (SECPoliceHard) :: Zones:0 Respawner Function DISABLED !!!
 7:36:05.260 [CE][Storage] ver:25 stamp:244, valid:yes, name:"G:\SteamLibrary\steamapps\common\DayZServer\mpmissions\empty.alteria\storage_380881\data\dynamic_000.bin"
 7:36:05.271 [CE][Storage] ver:25 stamp:242, valid:yes, name:"G:\SteamLibrary\steamapps\common\DayZServer\mpmissions\empty.alteria\storage_380881\data\dynamic_000.001"
 7:36:05.277 [CE][Storage] ver:25 stamp:243, valid:yes, name:"G:\SteamLibrary\steamapps\common\DayZServer\mpmissions\empty.alteria\storage_380881\data\dynamic_000.002"
 7:36:05.277 [CE][Storage] Restoring file "G:\SteamLibrary\steamapps\common\DayZServer\mpmissions\empty.alteria\storage_380881\data\dynamic_000.bin" 182 items.
 7:36:06.641   182 items loaded. (0 failed)
 7:36:06.660 [CE][Storage] ver:25 stamp:244, valid:yes, name:"G:\SteamLibrary\steamapps\common\DayZServer\mpmissions\empty.alteria\storage_380881\data\dynamic_001.bin"
 7:36:06.668 [CE][Storage] ver:25 stamp:242, valid:yes, name:"G:\SteamLibrary\steamapps\common\DayZServer\mpmissions\empty.alteria\storage_380881\data\dynamic_001.001"
 7:36:06.693 [CE][Storage] ver:25 stamp:243, valid:yes, name:"G:\SteamLibrary\steamapps\common\DayZServer\mpmissions\empty.alteria\storage_380881\data\dynamic_001.002"
 7:36:06.694 [CE][Storage] Restoring file "G:\SteamLibrary\steamapps\common\DayZServer\mpmissions\empty.alteria\storage_380881\data\dynamic_001.bin" 631 items.
 7:36:10.255   631 items loaded. (0 failed)
 7:36:10.256 [CE][Storage] ver:25 stamp:244, valid:yes, name:"G:\SteamLibrary\steamapps\common\DayZServer\mpmissions\empty.alteria\storage_380881\data\dynamic_002.bin"
 7:36:10.270 [CE][Storage] ver:25 stamp:242, valid:yes, name:"G:\SteamLibrary\steamapps\common\DayZServer\mpmissions\empty.alteria\storage_380881\data\dynamic_002.001"
 7:36:10.280 [CE][Storage] ver:25 stamp:243, valid:yes, name:"G:\SteamLibrary\steamapps\common\DayZServer\mpmissions\empty.alteria\storage_380881\data\dynamic_002.002"
 7:36:10.280 [CE][Storage] Restoring file "G:\SteamLibrary\steamapps\common\DayZServer\mpmissions\empty.alteria\storage_380881\data\dynamic_002.bin" 1702 items.
 7:36:14.541   1702 items loaded. (0 failed)
 7:36:14.541 [CE][Storage] ver:25 stamp:244, valid:yes, name:"G:\SteamLibrary\steamapps\common\DayZServer\mpmissions\empty.alteria\storage_380881\data\dynamic_003.bin"
 7:36:14.556 [CE][Storage] ver:25 stamp:242, valid:yes, name:"G:\SteamLibrary\steamapps\common\DayZServer\mpmissions\empty.alteria\storage_380881\data\dynamic_003.001"
 7:36:14.572 [CE][Storage] ver:25 stamp:243, valid:yes, name:"G:\SteamLibrary\steamapps\common\DayZServer\mpmissions\empty.alteria\storage_380881\data\dynamic_003.002"
 7:36:14.572 [CE][Storage] Restoring file "G:\SteamLibrary\steamapps\common\DayZServer\mpmissions\empty.alteria\storage_380881\data\dynamic_003.bin" 1886 items.
 7:36:17.262   1886 items loaded. (0 failed)
 7:36:17.271 [CE][Storage] ver:25 stamp:244, valid:yes, name:"G:\SteamLibrary\steamapps\common\DayZServer\mpmissions\empty.alteria\storage_380881\data\dynamic_004.bin"
 7:36:17.336 [CE][Storage] ver:25 stamp:242, valid:yes, name:"G:\SteamLibrary\steamapps\common\DayZServer\mpmissions\empty.alteria\storage_380881\data\dynamic_004.001"
 7:36:17.354 [CE][Storage] ver:25 stamp:243, valid:yes, name:"G:\SteamLibrary\steamapps\common\DayZServer\mpmissions\empty.alteria\storage_380881\data\dynamic_004.002"
 7:36:17.355 [CE][Storage] Restoring file "G:\SteamLibrary\steamapps\common\DayZServer\mpmissions\empty.alteria\storage_380881\data\dynamic_004.bin" 826 items.
 7:36:18.414   826 items loaded. (0 failed)
 7:36:18.423 [CE][Storage] ver:25 stamp:244, valid:yes, name:"G:\SteamLibrary\steamapps\common\DayZServer\mpmissions\empty.alteria\storage_380881\data\dynamic_005.bin"
 7:36:18.437 [CE][Storage] ver:25 stamp:242, valid:yes, name:"G:\SteamLibrary\steamapps\common\DayZServer\mpmissions\empty.alteria\storage_380881\data\dynamic_005.001"
 7:36:18.442 [CE][Storage] ver:25 stamp:243, valid:yes, name:"G:\SteamLibrary\steamapps\common\DayZServer\mpmissions\empty.alteria\storage_380881\data\dynamic_005.002"
 7:36:18.442 [CE][Storage] Restoring file "G:\SteamLibrary\steamapps\common\DayZServer\mpmissions\empty.alteria\storage_380881\data\dynamic_005.bin" 931 items.
 7:36:19.540   931 items loaded. (0 failed)
 7:36:19.552 [CE][Storage] ver:25 stamp:244, valid:yes, name:"G:\SteamLibrary\steamapps\common\DayZServer\mpmissions\empty.alteria\storage_380881\data\dynamic_006.bin"
 7:36:19.566 [CE][Storage] ver:25 stamp:242, valid:yes, name:"G:\SteamLibrary\steamapps\common\DayZServer\mpmissions\empty.alteria\storage_380881\data\dynamic_006.001"
 7:36:19.576 [CE][Storage] ver:25 stamp:243, valid:yes, name:"G:\SteamLibrary\steamapps\common\DayZServer\mpmissions\empty.alteria\storage_380881\data\dynamic_006.002"
 7:36:19.576 [CE][Storage] Restoring file "G:\SteamLibrary\steamapps\common\DayZServer\mpmissions\empty.alteria\storage_380881\data\dynamic_006.bin" 1690 items.
 7:36:21.162   1690 items loaded. (0 failed)
 7:36:21.162 [CE][Storage] ver:25 stamp:244, valid:yes, name:"G:\SteamLibrary\steamapps\common\DayZServer\mpmissions\empty.alteria\storage_380881\data\dynamic_007.bin"
 7:36:21.177 [CE][Storage] ver:25 stamp:242, valid:yes, name:"G:\SteamLibrary\steamapps\common\DayZServer\mpmissions\empty.alteria\storage_380881\data\dynamic_007.001"
 7:36:21.196 [CE][Storage] ver:25 stamp:243, valid:yes, name:"G:\SteamLibrary\steamapps\common\DayZServer\mpmissions\empty.alteria\storage_380881\data\dynamic_007.002"
 7:36:21.196 [CE][Storage] Restoring file "G:\SteamLibrary\steamapps\common\DayZServer\mpmissions\empty.alteria\storage_380881\data\dynamic_007.bin" 642 items.
 7:36:21.606   642 items loaded. (0 failed)
 7:36:21.607 [CE][Storage] ver:25 stamp:244, valid:yes, name:"G:\SteamLibrary\steamapps\common\DayZServer\mpmissions\empty.alteria\storage_380881\data\dynamic_008.bin"
 7:36:21.625 [CE][Storage] ver:25 stamp:242, valid:yes, name:"G:\SteamLibrary\steamapps\common\DayZServer\mpmissions\empty.alteria\storage_380881\data\dynamic_008.001"
 7:36:21.628 [CE][Storage] ver:25 stamp:243, valid:yes, name:"G:\SteamLibrary\steamapps\common\DayZServer\mpmissions\empty.alteria\storage_380881\data\dynamic_008.002"
 7:36:21.628 [CE][Storage] Restoring file "G:\SteamLibrary\steamapps\common\DayZServer\mpmissions\empty.alteria\storage_380881\data\dynamic_008.bin" 571 items.
 7:36:22.35   571 items loaded. (0 failed)
 7:36:22.36 [CE][Storage] ver:25 stamp:244, valid:yes, name:"G:\SteamLibrary\steamapps\common\DayZServer\mpmissions\empty.alteria\storage_380881\data\dynamic_009.bin"
 7:36:22.54 [CE][Storage] ver:25 stamp:242, valid:yes, name:"G:\SteamLibrary\steamapps\common\DayZServer\mpmissions\empty.alteria\storage_380881\data\dynamic_009.001"
 7:36:22.55 [CE][Storage] ver:25 stamp:243, valid:yes, name:"G:\SteamLibrary\steamapps\common\DayZServer\mpmissions\empty.alteria\storage_380881\data\dynamic_009.002"
 7:36:22.55 [CE][Storage] Restoring file "G:\SteamLibrary\steamapps\common\DayZServer\mpmissions\empty.alteria\storage_380881\data\dynamic_009.bin" 1130 items.
 7:36:22.854   1130 items loaded. (0 failed)
 7:36:22.855 [CE][Storage] ver:25 stamp:244, valid:yes, name:"G:\SteamLibrary\steamapps\common\DayZServer\mpmissions\empty.alteria\storage_380881\data\dynamic_010.bin"
 7:36:22.866 [CE][Storage] ver:25 stamp:242, valid:yes, name:"G:\SteamLibrary\steamapps\common\DayZServer\mpmissions\empty.alteria\storage_380881\data\dynamic_010.001"
 7:36:22.886 [CE][Storage] ver:25 stamp:243, valid:yes, name:"G:\SteamLibrary\steamapps\common\DayZServer\mpmissions\empty.alteria\storage_380881\data\dynamic_010.002"
 7:36:22.886 [CE][Storage] Restoring file "G:\SteamLibrary\steamapps\common\DayZServer\mpmissions\empty.alteria\storage_380881\data\dynamic_010.bin" 1079 items.
 7:36:23.602   1079 items loaded. (0 failed)
 7:36:23.603 [CE][Storage] ver:25 stamp:244, valid:yes, name:"G:\SteamLibrary\steamapps\common\DayZServer\mpmissions\empty.alteria\storage_380881\data\dynamic_011.bin"
 7:36:23.616 [CE][Storage] ver:25 stamp:242, valid:yes, name:"G:\SteamLibrary\steamapps\common\DayZServer\mpmissions\empty.alteria\storage_380881\data\dynamic_011.001"
 7:36:23.631 [CE][Storage] ver:25 stamp:243, valid:yes, name:"G:\SteamLibrary\steamapps\common\DayZServer\mpmissions\empty.alteria\storage_380881\data\dynamic_011.002"
 7:36:23.631 [CE][Storage] Restoring file "G:\SteamLibrary\steamapps\common\DayZServer\mpmissions\empty.alteria\storage_380881\data\dynamic_011.bin" 495 items.
 7:36:23.971   495 items loaded. (0 failed)
 7:36:23.971 [CE][Storage] ver:26 stamp:244, valid:yes, name:"G:\SteamLibrary\steamapps\common\DayZServer\mpmissions\empty.alteria\storage_380881\data\building.bin"
 7:36:23.972 [CE][Storage] ver:26 stamp:242, valid:yes, name:"G:\SteamLibrary\steamapps\common\DayZServer\mpmissions\empty.alteria\storage_380881\data\building.001"
 7:36:23.972 [CE][Storage] ver:26 stamp:243, valid:yes, name:"G:\SteamLibrary\steamapps\common\DayZServer\mpmissions\empty.alteria\storage_380881\data\building.002"
 7:36:23.972 [CE][Storage] Restoring file "G:\SteamLibrary\steamapps\common\DayZServer\mpmissions\empty.alteria\storage_380881\data\building.bin" 2 items.
 7:36:23.972   2 items loaded. (0 failed)
 7:36:23.987 [CE][Storage] ver:25 stamp:244, valid:yes, name:"G:\SteamLibrary\steamapps\common\DayZServer\mpmissions\empty.alteria\storage_380881\data\vehicles.bin"
 7:36:23.991 [CE][Storage] ver:25 stamp:242, valid:yes, name:"G:\SteamLibrary\steamapps\common\DayZServer\mpmissions\empty.alteria\storage_380881\data\vehicles.001"
 7:36:24.00 [CE][Storage] ver:25 stamp:243, valid:yes, name:"G:\SteamLibrary\steamapps\common\DayZServer\mpmissions\empty.alteria\storage_380881\data\vehicles.002"
 7:36:24.00 [CE][Storage] Restoring file "G:\SteamLibrary\steamapps\common\DayZServer\mpmissions\empty.alteria\storage_380881\data\vehicles.bin" 8 items.
 7:36:24.05   8 items loaded. (0 failed)
 7:36:24.13 [CE][Hive] :: Storage load took:18.75 seconds, recovery stamp:244
 7:36:24.13   entity: 14958, building: 2
 7:36:24.13   pathgraph's: 292
 7:36:24.13 [CE][Hive] :: Initializing ... 
 7:36:24.13 [CE][OnInit]
 7:36:24.13   static groups: 5607
 7:36:24.13   containers: 9811
 7:36:24.13   points: 86046
 7:36:24.13   proxies: 2050
 7:36:24.13   linked groups: 803, points: 0
 7:36:24.13   abandoned groups: 0, points: 0
 7:36:24.13   dynamic groups: 0
 7:36:24.51 [CE][InitializeMap] :: initialized: 0
 7:36:24.51 [CE][Hive] :: Initializing spawners ... 
 7:36:24.101 [CE][InfectedRespawner] (PRIArmy) :: Initial Spawn: 0
 7:36:24.102 !!! [CE][Spawn] Character "ZmbM_usSoldier_normal_Desert" at 1801.495239, 5052.094727
 7:36:24.105 !!! [CE][Spawn] Character "ZmbM_SoldierNormal" at 1800.676025, 5026.240723
 7:36:24.106 !!! [CE][Spawn] Character "ZmbM_PatrolNormal_Summer" at 1797.396240, 4970.542969
 7:36:24.107 !!! [CE][Spawn] Character "ZmbM_PatrolNormal_Autumn" at 1732.362061, 4972.817871
 7:36:24.109 !!! [CE][Spawn] Character "ZmbM_usSoldier_Officer_Desert" at 1866.230347, 6467.797852
 7:36:24.110 !!! [CE][Spawn] Character "ZmbM_PatrolNormal_Autumn" at 1794.245117, 6502.516113
 7:36:24.111 !!! [CE][Spawn] Character "ZmbM_PatrolNormal_PautRev" at 1737.403564, 6498.766602
 7:36:24.112 !!! [CE][Spawn] Character "ZmbM_usSoldier_normal_Desert" at 1753.116211, 6553.176270
 7:36:24.112 !!! [CE][Spawn] Character "ZmbM_PatrolNormal_PautRev" at 1779.906128, 6627.373535
 7:36:24.113 !!! [CE][Spawn] Character "ZmbM_usSoldier_normal_Desert" at 1838.015381, 6574.525879
 7:36:24.115 !!! [CE][Spawn] Character "ZmbM_PatrolNormal_Flat" at 1825.795776, 6528.124512
 7:36:24.115 !!! [CE][Spawn] Character "ZmbM_usSoldier_normal_Desert" at 1813.652832, 6503.459473
 7:36:24.115 !!! [CE][Spawn] Character "ZmbM_usSoldier_normal_Desert" at 1760.167114, 6451.811035
 7:36:24.116 !!! [CE][Spawn] Character "ZmbM_PatrolNormal_Summer" at 2615.593506, 5826.341797
 7:36:24.116 !!! [CE][Spawn] Character "ZmbM_usSoldier_normal_Woodland" at 2593.763916, 5816.133789
 7:36:24.116 !!! [CE][Spawn] Character "ZmbM_usSoldier_normal_Woodland" at 2580.074219, 5822.601563
 7:36:24.117 !!! [CE][Spawn] Character "ZmbM_PatrolNormal_Summer" at 2552.756592, 5830.710449
 7:36:24.117 !!! [CE][Spawn] Character "ZmbM_SoldierNormal" at 1621.529663, 2617.333008
 7:36:24.118 !!! [CE][Spawn] Character "ZmbM_PatrolNormal_Summer" at 1617.259399, 2667.717041
 7:36:24.119 !!! [CE][Spawn] Character "ZmbM_SoldierNormal" at 1673.199951, 2668.100098
 7:36:24.119 !!! [CE][Spawn] Character "ZmbM_usSoldier_Officer_Desert" at 1717.789551, 2626.385254
 7:36:24.120 !!! [CE][Spawn] Character "ZmbM_usSoldier_Officer_Desert" at 1660.652588, 2599.364502
 7:36:24.121 !!! [CE][Spawn] Character "ZmbM_usSoldier_Heavy_Woodland" at 7684.502930, 1547.544067
 7:36:24.121 !!! [CE][Spawn] Character "ZmbM_PatrolNormal_Summer" at 7717.182129, 1501.482422
 7:36:24.122 !!! [CE][Spawn] Character "ZmbM_usSoldier_Officer_Desert" at 7664.669922, 1473.763794
 7:36:24.122 !!! [CE][Spawn] Character "ZmbM_SoldierNormal" at 7636.091797, 1515.781494
 7:36:24.123 !!! [CE][Spawn] Character "ZmbM_PatrolNormal_Summer" at 7592.603027, 1549.236084
 7:36:24.123 !!! [CE][Spawn] Character "ZmbM_usSoldier_normal_Desert" at 7621.934570, 1615.673096
 7:36:24.124 !!! [CE][Spawn] Character "ZmbM_PatrolNormal_PautRev" at 7707.583984, 1622.322754
 7:36:24.124 !!! [CE][Spawn] Character "ZmbM_PatrolNormal_Autumn" at 7757.223145, 1546.405396
 7:36:24.125 !!! [CE][Spawn] Character "ZmbM_usSoldier_normal_Woodland" at 7710.632813, 1477.511108
 7:36:24.125 !!! [CE][Spawn] Character "ZmbM_PatrolNormal_Summer" at 7650.701172, 1500.916870
 7:36:24.125 !!! [CE][Spawn] Character "ZmbM_PatrolNormal_Flat" at 7601.938477, 1510.418579
 7:36:24.126 !!! [CE][Spawn] Character "ZmbM_PatrolNormal_Flat" at 7600.322266, 1568.582642
 7:36:24.127 !!! [CE][Spawn] Character "ZmbM_usSoldier_Heavy_Woodland" at 6554.525879, 2063.051758
 7:36:24.127 !!! [CE][Spawn] Character "ZmbM_usSoldier_normal_Woodland" at 6595.001465, 2009.591675
 7:36:24.128 !!! [CE][Spawn] Character "ZmbM_PatrolNormal_PautRev" at 6697.301270, 2288.304443
 7:36:24.128 !!! [CE][Spawn] Character "ZmbM_usSoldier_Officer_Desert" at 6784.089844, 2254.538086
 7:36:24.129 !!! [CE][Spawn] Character "ZmbM_PatrolNormal_PautRev" at 6785.778809, 2171.223633
 7:36:24.129 !!! [CE][Spawn] Character "ZmbM_PatrolNormal_PautRev" at 6773.291016, 2054.487305
 7:36:24.130 !!! [CE][Spawn] Character "ZmbM_SoldierNormal" at 6683.199219, 2133.913818
 7:36:24.130 !!! [CE][Spawn] Character "ZmbM_SoldierNormal" at 6534.337891, 2161.730469
 7:36:24.130 !!! [CE][Spawn] Character "ZmbM_SoldierNormal" at 6630.705078, 2269.534912
 7:36:24.131 !!! [CE][Spawn] Character "ZmbM_PatrolNormal_Summer" at 6725.264160, 2262.536621
 7:36:24.131 !!! [CE][Spawn] Character "ZmbM_PatrolNormal_Flat" at 6757.414551, 2207.252686
 7:36:24.132 !!! [CE][Spawn] Character "ZmbM_SoldierNormal" at 6877.486328, 2094.728027
 7:36:24.132 !!! [CE][Spawn] Character "ZmbM_PatrolNormal_PautRev" at 7550.445313, 1496.536865
 7:36:24.133 !!! [CE][Spawn] Character "ZmbM_PatrolNormal_Summer" at 7485.222168, 1452.196533
 7:36:24.133 !!! [CE][Spawn] Character "ZmbM_PatrolNormal_Summer" at 7426.625977, 1459.323608
 7:36:24.133 !!! [CE][Spawn] Character "ZmbM_PatrolNormal_Summer" at 7396.306641, 1505.157227
 7:36:24.134 !!! [CE][Spawn] Character "ZmbM_PatrolNormal_PautRev" at 7387.491699, 1583.948242
 7:36:24.135 !!! [CE][Spawn] Character "ZmbM_PatrolNormal_Autumn" at 7470.659668, 1599.014648
 7:36:24.135 !!! [CE][Spawn] Character "ZmbM_usSoldier_Heavy_Woodland" at 7495.276367, 1532.762207
 7:36:24.136 !!! [CE][Spawn] Character "ZmbM_PatrolNormal_PautRev" at 7487.665039, 1496.228027
 7:36:24.136 !!! [CE][Spawn] Character "ZmbM_PatrolNormal_Summer" at 7467.103516, 1429.842773
 7:36:24.136 !!! [CE][Spawn] Character "ZmbM_PatrolNormal_Flat" at 7402.850586, 1462.714722
 7:36:24.137 !!! [CE][Spawn] Character "ZmbM_PatrolNormal_PautRev" at 7418.141113, 1520.025391
 7:36:24.137 !!! [CE][Spawn] Character "ZmbM_SoldierNormal" at 7421.973145, 1582.262817
 7:36:24.137 !!! [CE][Spawn] Character "ZmbM_usSoldier_normal_Woodland" at 7140.931641, 2147.652832
 7:36:24.138 !!! [CE][Spawn] Character "ZmbM_usSoldier_Heavy_Woodland" at 7073.007813, 2223.756836
 7:36:24.138 !!! [CE][Spawn] Character "ZmbM_PatrolNormal_Flat" at 7135.450684, 2300.774902
 7:36:24.139 !!! [CE][Spawn] Character "ZmbM_PatrolNormal_PautRev" at 7225.738281, 2371.475830
 7:36:24.140 !!! [CE][Spawn] Character "ZmbM_PatrolNormal_PautRev" at 7268.925293, 2265.369385
 7:36:24.140 !!! [CE][Spawn] Character "ZmbM_usSoldier_normal_Woodland" at 7316.680176, 2158.636963
 7:36:24.141 !!! [CE][Spawn] Character "ZmbM_PatrolNormal_Autumn" at 7202.920410, 2115.814697
 7:36:24.142 !!! [CE][Spawn] Character "ZmbM_usSoldier_Heavy_Woodland" at 6334.915527, 4056.114990
 7:36:24.143 !!! [CE][Spawn] Character "ZmbM_usSoldier_Heavy_Woodland" at 6314.717285, 4033.791748
 7:36:24.144 !!! [CE][Spawn] Character "ZmbM_PatrolNormal_PautRev" at 6308.789551, 3999.227295
 7:36:24.145 !!! [CE][Spawn] Character "ZmbM_PatrolNormal_Autumn" at 5927.658691, 4830.904297
 7:36:24.145 !!! [CE][Spawn] Character "ZmbM_PatrolNormal_Autumn" at 5947.306641, 4812.590332
 7:36:24.146 !!! [CE][Spawn] Character "ZmbM_PatrolNormal_PautRev" at 5962.587402, 4799.330078
 7:36:24.146 !!! [CE][Spawn] Character "ZmbM_PatrolNormal_Flat" at 5567.511719, 4077.025391
 7:36:24.147 !!! [CE][Spawn] Character "ZmbM_SoldierNormal" at 5589.079102, 4025.877686
 7:36:24.148 !!! [CE][Spawn] Character "ZmbM_PatrolNormal_PautRev" at 7073.366211, 2606.449463
 7:36:24.149 !!! [CE][Spawn] Character "ZmbM_PatrolNormal_Autumn" at 4778.777832, 2882.012939
 7:36:24.149 !!! [CE][Spawn] Character "ZmbM_PatrolNormal_PautRev" at 6045.231934, 2681.363037
 7:36:24.150 !!! [CE][Spawn] Character "ZmbM_SoldierNormal" at 6075.706055, 2776.608398
 7:36:24.150 !!! [CE][Spawn] Character "ZmbM_PatrolNormal_Autumn" at 6152.807617, 2712.719238
 7:36:24.151 !!! [CE][Spawn] Character "ZmbM_SoldierNormal" at 6151.943359, 2658.259766
 7:36:24.152 !!! [CE][Spawn] Character "ZmbM_PatrolNormal_Flat" at 6155.224121, 2598.794434
 7:36:24.153 !!! [CE][Spawn] Character "ZmbM_PatrolNormal_Autumn" at 6098.714844, 2617.198975
 7:36:24.153 !!! [CE][Spawn] Character "ZmbM_PatrolNormal_PautRev" at 6054.765137, 2640.521729
 7:36:24.154 !!! [CE][Spawn] Character "ZmbM_PatrolNormal_PautRev" at 4313.609863, 3771.259277
 7:36:24.154 !!! [CE][Spawn] Character "ZmbM_PatrolNormal_Autumn" at 6443.264160, 6794.742676
 7:36:24.155 !!! [CE][Spawn] Character "ZmbM_PatrolNormal_Autumn" at 6406.330566, 6831.039551
 7:36:24.156 !!! [CE][Spawn] Character "ZmbM_PatrolNormal_Flat" at 6446.535156, 6878.028320
 7:36:24.156 !!! [CE][Spawn] Character "ZmbM_PatrolNormal_Autumn" at 6493.172852, 6842.363770
 7:36:24.157 !!! [CE][Spawn] Character "ZmbM_PatrolNormal_Flat" at 6512.700195, 6804.213867
 7:36:24.157 !!! [CE][Spawn] Character "ZmbM_SoldierNormal" at 6479.265137, 6783.184082
 7:36:24.157 !!! [CE][Spawn] Character "ZmbM_PatrolNormal_Autumn" at 6456.338379, 6788.763672
 7:36:24.158 !!! [CE][Spawn] Character "ZmbM_PatrolNormal_Autumn" at 6393.489746, 6790.167480
 7:36:24.158 !!! [CE][Spawn] Character "ZmbM_SoldierNormal" at 6413.660156, 6849.999023
 7:36:24.159 !!! [CE][Spawn] Character "ZmbM_PatrolNormal_Flat" at 6466.289063, 6839.926270
 7:36:24.159 !!! [CE][Spawn] Character "ZmbM_SoldierNormal" at 6495.944336, 6827.584961
 7:36:24.160 !!! [CE][Spawn] Character "ZmbM_SoldierNormal" at 6499.692871, 6793.206055
 7:36:24.161 !!! [CE][Spawn] Character "ZmbM_PatrolNormal_Flat" at 5523.684082, 6256.908691
 7:36:24.162 !!! [CE][Spawn] Character "ZmbM_PatrolNormal_PautRev" at 5480.909180, 6236.266113
 7:36:24.162 !!! [CE][Spawn] Character "ZmbM_PatrolNormal_Autumn" at 6757.126465, 6910.913086
 7:36:24.163 !!! [CE][Spawn] Character "ZmbM_PatrolNormal_PautRev" at 6861.854492, 6907.979492
 7:36:24.163 !!! [CE][Spawn] Character "ZmbM_PatrolNormal_PautRev" at 6905.548340, 6821.623535
 7:36:24.164 !!! [CE][Spawn] Character "ZmbM_SoldierNormal" at 6854.913574, 6761.590820
 7:36:24.165 !!! [CE][Spawn] Character "ZmbM_PatrolNormal_Autumn" at 6798.250000, 6733.354980
 7:36:24.166 !!! [CE][Spawn] Character "ZmbM_PatrolNormal_PautRev" at 6765.444336, 6784.070313
 7:36:24.166 !!! [CE][Spawn] Character "ZmbM_PatrolNormal_Autumn" at 6717.052246, 6854.244629
 7:36:24.167 !!! [CE][Spawn] Character "ZmbM_PatrolNormal_PautRev" at 6802.233398, 6856.296875
 7:36:24.168 !!! [CE][Spawn] Character "ZmbM_SoldierNormal" at 6871.488770, 6867.933594
 7:36:24.169 !!! [CE][Spawn] Character "ZmbM_PatrolNormal_Autumn" at 6949.346680, 6784.337402
 7:36:24.170 !!! [CE][Spawn] Character "ZmbM_SoldierNormal" at 6877.537598, 6673.515625
 7:36:24.171 !!! [CE][Spawn] Character "ZmbM_SoldierNormal" at 6791.629883, 6770.779297
 7:36:24.171 !!! [CE][Spawn] Character "ZmbM_PatrolNormal_Autumn" at 6754.077637, 6797.917969
 7:36:24.172 !!! [CE][Spawn] Character "ZmbM_PatrolNormal_Autumn" at 7043.899902, 2118.337646
 7:36:24.173 !!! [CE][Spawn] Character "ZmbM_SoldierNormal" at 7113.145020, 2064.440918
 7:36:24.173 !!! [CE][Spawn] Character "ZmbM_SoldierNormal" at 7114.375977, 1978.223267
 7:36:24.174 !!! [CE][Spawn] Character "ZmbM_PatrolNormal_Autumn" at 7057.875000, 1845.760254
 7:36:24.175 !!! [CE][Spawn] Character "ZmbM_SoldierNormal" at 6983.469727, 1974.939941
 7:36:24.177 !!! [CE][Spawn] Character "ZmbM_PatrolNormal_Autumn" at 6933.390625, 2035.658081
 7:36:24.177 [CE][InfectedRespawner] (PRIArmyHard) :: Initial Spawn: 116
 7:36:24.178 !!! [CE][Spawn] Character "ZmbF_SurvivorNormal_Blue" at 2620.653320, 5710.472656
 7:36:24.180 !!! [CE][Spawn] Character "ZmbM_ClerkFat_White" at 2582.488281, 5695.407715
 7:36:24.181 !!! [CE][Spawn] Character "ZmbF_ShortSkirt_green" at 2154.771484, 3036.506592
 7:36:24.182 !!! [CE][Spawn] Character "ZmbF_CitizenANormal_Beige" at 2323.138428, 3051.749023
 7:36:24.183 !!! [CE][Spawn] Character "ZmbF_ShortSkirt_white" at 1960.879272, 3145.824219
 7:36:24.185 !!! [CE][Spawn] Character "ZmbM_CitizenASkinny_Red" at 2254.783936, 3133.468018
 7:36:24.186 !!! [CE][Spawn] Character "ZmbM_MotobikerFat_Beige" at 2478.866943, 3111.006836
 7:36:24.187 !!! [CE][Spawn] Character "ZmbF_CitizenBSkinny" at 2374.013916, 3151.557617
 7:36:24.189 !!! [CE][Spawn] Character "ZmbF_Clerk_Normal_White" at 6756.035156, 3684.101807
 7:36:24.190 !!! [CE][Spawn] Character "ZmbF_ShortSkirt_checks" at 6785.442871, 3605.615967
 7:36:24.190 !!! [CE][Spawn] Character "ZmbF_SurvivorNormal_White" at 6705.319824, 3618.599365
 7:36:24.192 !!! [CE][Spawn] Character "ZmbF_JournalistNormal_Blue" at 6688.111816, 3667.021240
 7:36:24.193 !!! [CE][Spawn] Character "ZmbM_JournalistSkinny" at 6642.488281, 3725.379395
 7:36:24.194 !!! [CE][Spawn] Character "ZmbF_SkaterYoung_Violet" at 6713.592773, 3735.336182
 7:36:24.195 !!! [CE][Spawn] Character "ZmbF_ShortSkirt_beige" at 6793.536621, 3746.649414
 7:36:24.197 !!! [CE][Spawn] Character "ZmbM_ClerkFat_Khaki" at 6779.892090, 3667.056396
 7:36:24.198 !!! [CE][Spawn] Character "ZmbF_ShortSkirt_green" at 6474.225098, 3543.818115
 7:36:24.199 !!! [CE][Spawn] Character "ZmbM_SkaterYoung_Brown" at 6423.093750, 3534.302734
 7:36:24.200 !!! [CE][Spawn] Character "ZmbF_JournalistNormal_Red" at 4373.643555, 7887.853516
 7:36:24.201 !!! [CE][Spawn] Character "ZmbF_JournalistNormal_Green" at 4461.036133, 7892.917480
 7:36:24.202 !!! [CE][Spawn] Character "ZmbM_ClerkFat_Grey" at 4536.514648, 7861.937012
 7:36:24.203 !!! [CE][Spawn] Character "ZmbM_CommercialPilotOld_Brown" at 4538.373535, 7774.014160
 7:36:24.203 !!! [CE][Spawn] Character "ZmbF_ShortSkirt_checks" at 4463.094238, 7752.694336
 7:36:24.205 !!! [CE][Spawn] Character "ZmbM_CitizenBFat_Green" at 3586.453369, 6428.638184
 7:36:24.206 !!! [CE][Spawn] Character "ZmbF_Clerk_Normal_Blue" at 3587.275146, 6381.042969
 7:36:24.206 !!! [CE][Spawn] Character "ZmbF_SurvivorNormal_Red" at 3739.995117, 6521.128906
 7:36:24.210 !!! [CE][Spawn] Character "ZmbF_ShortSkirt_grey" at 3781.117920, 6495.429688
 7:36:24.210 !!! [CE][Spawn] Character "ZmbF_ShortSkirt_grey" at 3839.856201, 6630.039063
 7:36:24.211 !!! [CE][Spawn] Character "ZmbM_CommercialPilotOld_Blue" at 3895.473145, 6649.182129
 7:36:24.212 !!! [CE][Spawn] Character "ZmbF_Clerk_Normal_Blue" at 4509.050781, 7639.672363
 7:36:24.212 !!! [CE][Spawn] Character "ZmbM_ClerkFat_White" at 4470.537598, 7608.298828
 7:36:24.213 !!! [CE][Spawn] Character "ZmbF_BlueCollarFat_White" at 4453.456055, 7654.491699
 7:36:24.214 !!! [CE][Spawn] Character "ZmbF_CitizenANormal_Beige" at 4450.294922, 7685.444336
 7:36:24.215 !!! [CE][Spawn] Character "ZmbM_CommercialPilotOld_Olive" at 4476.295410, 7708.323242
 7:36:24.216 !!! [CE][Spawn] Character "ZmbF_JournalistNormal_Red" at 4510.465332, 7695.987305
 7:36:24.216 !!! [CE][Spawn] Character "ZmbM_CommercialPilotOld_Brown" at 4564.072266, 7653.306641
 7:36:24.217 !!! [CE][Spawn] Character "ZmbF_CitizenBSkinny" at 4393.808105, 7772.329102
 7:36:24.217 !!! [CE][Spawn] Character "ZmbM_SkaterYoung_Brown" at 4361.459473, 7724.703613
 7:36:24.219 !!! [CE][Spawn] Character "ZmbM_CitizenASkinny_Red" at 4319.114746, 7709.176270
 7:36:24.220 !!! [CE][Spawn] Character "ZmbF_SkaterYoung_Striped" at 4302.431641, 7745.790039
 7:36:24.220 !!! [CE][Spawn] Character "ZmbM_CitizenBFat_Green" at 4241.399902, 7797.204590
 7:36:24.221 !!! [CE][Spawn] Character "ZmbM_MotobikerFat_Beige" at 4308.374512, 7839.772949
 7:36:24.222 !!! [CE][Spawn] Character "ZmbF_SurvivorNormal_Red" at 4377.577637, 7815.819336
 7:36:24.223 !!! [CE][Spawn] Character "ZmbM_CommercialPilotOld_Blue" at 4370.218262, 7752.799805
 7:36:24.225 !!! [CE][Spawn] Character "ZmbF_SkaterYoung_Brown" at 4354.809570, 7705.166504
 7:36:24.226 !!! [CE][Spawn] Character "ZmbM_SkaterYoung_Grey" at 4541.486328, 7527.581543
 7:36:24.227 !!! [CE][Spawn] Character "ZmbF_CitizenANormal_Beige" at 4576.821777, 7526.989258
 7:36:24.228 !!! [CE][Spawn] Character "ZmbF_BlueCollarFat_White" at 4579.799805, 7492.500000
 7:36:24.229 !!! [CE][Spawn] Character "ZmbM_SkaterYoung_Green" at 4572.799805, 7455.367676
 7:36:24.230 !!! [CE][Spawn] Character "ZmbF_BlueCollarFat_White" at 4530.757324, 7451.663086
 7:36:24.230 !!! [CE][Spawn] Character "ZmbF_Clerk_Normal_White" at 4218.235840, 7430.647949
 7:36:24.231 !!! [CE][Spawn] Character "ZmbM_JournalistSkinny" at 4220.200195, 7356.299805
 7:36:24.232 !!! [CE][Spawn] Character "ZmbM_CitizenBFat_Red" at 4211.145508, 7293.809082
 7:36:24.233 !!! [CE][Spawn] Character "ZmbM_CitizenASkinny_Grey" at 4140.364258, 7280.548828
 7:36:24.234 !!! [CE][Spawn] Character "ZmbF_SurvivorNormal_Blue" at 4095.882080, 7334.356445
 7:36:24.235 !!! [CE][Spawn] Character "ZmbM_SkaterYoung_Grey" at 4100.035156, 7403.959473
 7:36:24.235 !!! [CE][Spawn] Character "ZmbF_SkaterYoung_Brown" at 4164.876465, 7407.838867
 7:36:24.236 !!! [CE][Spawn] Character "ZmbM_CitizenASkinny_Blue" at 4061.903076, 7475.771484
 7:36:24.236 !!! [CE][Spawn] Character "ZmbF_BlueCollarFat_White" at 4033.062988, 7523.060059
 7:36:24.237 !!! [CE][Spawn] Character "ZmbM_JournalistSkinny" at 4043.913330, 7584.171387
 7:36:24.238 !!! [CE][Spawn] Character "ZmbF_ShortSkirt_yellow" at 4111.372070, 7612.978516
 7:36:24.239 !!! [CE][Spawn] Character "ZmbF_JournalistNormal_Green" at 4157.348633, 7557.192871
 7:36:24.239 !!! [CE][Spawn] Character "ZmbM_CitizenBFat_Red" at 4178.940430, 7478.699219
 7:36:24.240 !!! [CE][Spawn] Character "ZmbF_SkaterYoung_Striped" at 4341.990234, 7513.884766
 7:36:24.241 !!! [CE][Spawn] Character "ZmbM_CitizenASkinny_Blue" at 4384.243164, 7544.333496
 7:36:24.242 !!! [CE][Spawn] Character "ZmbM_MotobikerFat_Beige" at 4412.543945, 7496.526855
 7:36:24.242 !!! [CE][Spawn] Character "ZmbF_ShortSkirt_yellow" at 4387.712402, 7454.174805
 7:36:24.243 !!! [CE][Spawn] Character "ZmbF_Clerk_Normal_Red" at 4343.600586, 7424.249512
 7:36:24.245 !!! [CE][Spawn] Character "ZmbM_CitizenBFat_Blue" at 4278.103027, 7450.514648
 7:36:24.245 !!! [CE][Spawn] Character "ZmbM_MotobikerFat_Beige" at 4274.606934, 7530.372070
 7:36:24.246 !!! [CE][Spawn] Character "ZmbM_MotobikerFat_Beige" at 4346.631836, 7543.737305
 7:36:24.247 !!! [CE][Spawn] Character "ZmbF_ShortSkirt_brown" at 4415.942871, 7547.800293
 7:36:24.248 !!! [CE][Spawn] Character "ZmbF_CitizenBSkinny" at 4101.681641, 7640.061035
 7:36:24.249 !!! [CE][Spawn] Character "ZmbM_ClerkFat_Grey" at 4074.809814, 7703.666992
 7:36:24.250 !!! [CE][Spawn] Character "ZmbM_JournalistSkinny" at 4110.022461, 7750.698730
 7:36:24.250 !!! [CE][Spawn] Character "ZmbF_CitizenBSkinny" at 4155.181641, 7745.578613
 7:36:24.251 !!! [CE][Spawn] Character "ZmbF_CitizenBSkinny" at 4175.139648, 7719.279785
 7:36:24.252 !!! [CE][Spawn] Character "ZmbF_CitizenANormal_Blue" at 4638.392090, 7495.604004
 7:36:24.253 !!! [CE][Spawn] Character "ZmbF_BlueCollarFat_White" at 4704.200195, 7526.500000
 7:36:24.253 !!! [CE][Spawn] Character "ZmbF_BlueCollarFat_White" at 4750.880371, 7532.772461
 7:36:24.254 !!! [CE][Spawn] Character "ZmbF_CitizenBSkinny" at 4781.659668, 7493.557129
 7:36:24.254 !!! [CE][Spawn] Character "ZmbF_Clerk_Normal_Red" at 4757.168945, 7455.096191
 7:36:24.255 !!! [CE][Spawn] Character "ZmbM_CitizenASkinny_Grey" at 4718.774414, 7421.161133
 7:36:24.255 !!! [CE][Spawn] Character "ZmbM_JournalistSkinny" at 4674.686035, 7455.287109
 7:36:24.256 !!! [CE][Spawn] Character "ZmbM_JournalistSkinny" at 4691.842773, 7500.664551
 7:36:24.256 !!! [CE][Spawn] Character "ZmbF_ShortSkirt_beige" at 4721.366211, 7516.019043
 7:36:24.257 !!! [CE][Spawn] Character "ZmbF_CitizenANormal_Blue" at 4864.671387, 7414.848145
 7:36:24.257 [CE][InfectedRespawner] (PRICity) :: Initial Spawn: 87
 7:36:24.259 !!! [CE][Spawn] Character "ZmbM_NBC_Yellow" at 2050.683594, 3018.190430
 7:36:24.262 !!! [CE][Spawn] Character "ZmbM_FirefighterNormal" at 2074.913086, 3037.975586
 7:36:24.263 !!! [CE][Spawn] Character "ZmbM_FirefighterNormal" at 6857.138184, 3905.687500
 7:36:24.264 !!! [CE][Spawn] Character "ZmbM_FirefighterNormal" at 6887.714844, 3879.357422
 7:36:24.265 !!! [CE][Spawn] Character "ZmbM_FirefighterNormal" at 4026.032471, 6667.743164
 7:36:24.266 !!! [CE][Spawn] Character "ZmbM_FirefighterNormal" at 3998.362061, 6682.050781
 7:36:24.267 !!! [CE][Spawn] Character "ZmbM_FirefighterNormal" at 6818.804199, 1665.859985
 7:36:24.267 !!! [CE][Spawn] Character "ZmbM_FirefighterNormal" at 4670.638672, 7522.322754
 7:36:24.267 [CE][InfectedRespawner] (PRIFirefighter) :: Initial Spawn: 8
 7:36:24.269 !!! [CE][Spawn] Character "ZmbM_ConstrWorkerNormal_Black" at 1977.997314, 5410.771973
 7:36:24.270 !!! [CE][Spawn] Character "ZmbF_BlueCollarFat_Green" at 1979.956787, 5442.608887
 7:36:24.271 !!! [CE][Spawn] Character "ZmbF_MechanicNormal_Grey" at 1426.295654, 5633.610352
 7:36:24.273 !!! [CE][Spawn] Character "ZmbM_MechanicSkinny_Red" at 1468.078125, 5655.854004
 7:36:24.274 !!! [CE][Spawn] Character "ZmbM_OffshoreWorker_Yellow" at 2237.511963, 6310.817871
 7:36:24.275 !!! [CE][Spawn] Character "ZmbF_MechanicNormal_Grey" at 2182.326660, 6308.033691
 7:36:24.276 !!! [CE][Spawn] Character "ZmbM_ConstrWorkerNormal_Black" at 2814.621338, 5953.446289
 7:36:24.277 !!! [CE][Spawn] Character "ZmbM_MechanicSkinny_Red" at 2793.420898, 5973.882813
 7:36:24.278 !!! [CE][Spawn] Character "ZmbM_MechanicSkinny_Green" at 2739.108398, 5914.142090
 7:36:24.279 !!! [CE][Spawn] Character "ZmbF_MechanicNormal_Grey" at 2758.489014, 5913.198730
 7:36:24.280 !!! [CE][Spawn] Character "ZmbM_ConstrWorkerNormal_Green" at 2657.129150, 5983.280273
 7:36:24.282 !!! [CE][Spawn] Character "ZmbM_HandymanNormal_Grey" at 2664.875488, 5998.505371
 7:36:24.283 !!! [CE][Spawn] Character "ZmbM_HeavyIndustryWorker" at 1252.384033, 3103.415527
 7:36:24.284 !!! [CE][Spawn] Character "ZmbM_ConstrWorkerNormal_Black" at 1308.649780, 3088.674316
 7:36:24.285 !!! [CE][Spawn] Character "ZmbM_OffshoreWorker_Red" at 820.414978, 3396.001709
 7:36:24.287 !!! [CE][Spawn] Character "ZmbM_ConstrWorkerNormal_Green" at 888.271790, 3405.974854
 7:36:24.287 !!! [CE][Spawn] Character "ZmbM_ConstrWorkerNormal_Green" at 868.613281, 3338.291992
 7:36:24.289 !!! [CE][Spawn] Character "ZmbM_OffshoreWorker_Orange" at 914.132629, 3534.845947
 7:36:24.290 !!! [CE][Spawn] Character "ZmbF_BlueCollarFat_Red" at 939.662415, 3586.385254
 7:36:24.290 !!! [CE][Spawn] Character "ZmbM_HeavyIndustryWorker" at 1178.631104, 2911.849609
 7:36:24.291 !!! [CE][Spawn] Character "ZmbM_MechanicSkinny_Red" at 1149.327515, 2899.382813
 7:36:24.293 !!! [CE][Spawn] Character "ZmbF_BlueCollarFat_Blue" at 955.446411, 3077.601807
 7:36:24.293 !!! [CE][Spawn] Character "ZmbM_OffshoreWorker_Orange" at 887.158142, 3145.614014
 7:36:24.294 !!! [CE][Spawn] Character "ZmbF_BlueCollarFat_White" at 1295.532715, 3580.257813
 7:36:24.295 !!! [CE][Spawn] Character "ZmbM_OffshoreWorker_Green" at 2889.322510, 3222.182373
 7:36:24.297 !!! [CE][Spawn] Character "ZmbF_MechanicNormal_Green" at 2152.059570, 2904.864014
 7:36:24.298 !!! [CE][Spawn] Character "ZmbM_ConstrWorkerNormal_Grey" at 1980.865234, 2899.765625
 7:36:24.298 !!! [CE][Spawn] Character "ZmbM_MechanicSkinny_Green" at 2627.623779, 4264.515625
 7:36:24.299 !!! [CE][Spawn] Character "ZmbF_BlueCollarFat_Blue" at 2601.920166, 4377.607910
 7:36:24.300 !!! [CE][Spawn] Character "ZmbM_MechanicSkinny_Blue" at 2214.407715, 3952.644287
 7:36:24.302 !!! [CE][Spawn] Character "ZmbM_MechanicSkinny_Green" at 2207.800049, 3923.664795
 7:36:24.303 !!! [CE][Spawn] Character "ZmbF_BlueCollarFat_White" at 1992.881470, 548.669617
 7:36:24.304 !!! [CE][Spawn] Character "ZmbF_MechanicNormal_Green" at 2019.474976, 409.462097
 7:36:24.306 !!! [CE][Spawn] Character "ZmbF_MechanicNormal_Beige" at 5085.614746, 3572.467041
 7:36:24.306 !!! [CE][Spawn] Character "ZmbF_BlueCollarFat_White" at 4999.706055, 3538.976807
 7:36:24.308 !!! [CE][Spawn] Character "ZmbM_MechanicSkinny_Red" at 4461.732910, 6628.250488
 7:36:24.308 !!! [CE][Spawn] Character "ZmbM_OffshoreWorker_Orange" at 4500.378418, 6630.717773
 7:36:24.309 !!! [CE][Spawn] Character "ZmbM_OffshoreWorker_Yellow" at 3768.733398, 6022.187988
 7:36:24.311 !!! [CE][Spawn] Character "ZmbM_ConstrWorkerNormal_Beige" at 3841.173340, 5991.589844
 7:36:24.312 !!! [CE][Spawn] Character "ZmbM_OffshoreWorker_Red" at 2448.766113, 2269.807617
 7:36:24.313 !!! [CE][Spawn] Character "ZmbF_BlueCollarFat_Blue" at 2461.699951, 2304.399902
 7:36:24.313 !!! [CE][Spawn] Character "ZmbM_ConstrWorkerNormal_Green" at 2499.371094, 2295.629639
 7:36:24.314 !!! [CE][Spawn] Character "ZmbF_BlueCollarFat_Blue" at 2499.057129, 2263.508301
 7:36:24.314 !!! [CE][Spawn] Character "ZmbM_MechanicSkinny_Green" at 2493.834473, 2241.713867
 7:36:24.316 !!! [CE][Spawn] Character "ZmbM_ConstrWorkerNormal_Grey" at 2719.003662, 2206.906494
 7:36:24.316 !!! [CE][Spawn] Character "ZmbM_ConstrWorkerNormal_Black" at 2684.438232, 2190.014893
 7:36:24.317 !!! [CE][Spawn] Character "ZmbM_OffshoreWorker_Red" at 2659.452148, 2172.234131
 7:36:24.318 !!! [CE][Spawn] Character "ZmbF_MechanicNormal_Green" at 2652.312256, 2202.105713
 7:36:24.319 !!! [CE][Spawn] Character "ZmbF_MechanicNormal_Grey" at 2659.919678, 2217.213623
 7:36:24.319 !!! [CE][Spawn] Character "ZmbF_MechanicNormal_Green" at 2621.435791, 2065.009766
 7:36:24.320 !!! [CE][Spawn] Character "ZmbF_BlueCollarFat_White" at 2581.048340, 2060.947998
 7:36:24.320 !!! [CE][Spawn] Character "ZmbM_MechanicSkinny_Blue" at 2554.527832, 2077.473145
 7:36:24.321 !!! [CE][Spawn] Character "ZmbM_ConstrWorkerNormal_Grey" at 2543.929688, 2110.582764
 7:36:24.322 !!! [CE][Spawn] Character "ZmbM_HandymanNormal_White" at 2569.753662, 2142.959717
 7:36:24.323 !!! [CE][Spawn] Character "ZmbM_OffshoreWorker_Yellow" at 2678.687988, 2111.485352
 7:36:24.323 !!! [CE][Spawn] Character "ZmbF_MechanicNormal_Beige" at 2698.572754, 2106.002930
 7:36:24.324 !!! [CE][Spawn] Character "ZmbM_OffshoreWorker_Green" at 2717.406250, 2098.087646
 7:36:24.325 !!! [CE][Spawn] Character "ZmbM_MechanicSkinny_Blue" at 2720.867920, 2070.011719
 7:36:24.326 !!! [CE][Spawn] Character "ZmbF_MechanicNormal_Beige" at 2692.577881, 2041.485962
 7:36:24.326 !!! [CE][Spawn] Character "ZmbM_HeavyIndustryWorker" at 2627.018799, 2379.757813
 7:36:24.328 !!! [CE][Spawn] Character "ZmbM_MechanicSkinny_Grey" at 2623.600098, 2342.800049
 7:36:24.328 !!! [CE][Spawn] Character "ZmbM_HandymanNormal_Grey" at 2593.895752, 2363.428467
 7:36:24.329 !!! [CE][Spawn] Character "ZmbM_MechanicSkinny_Grey" at 2592.890869, 2382.487305
 7:36:24.330 !!! [CE][Spawn] Character "ZmbM_ConstrWorkerNormal_Beige" at 2582.886230, 2408.124268
 7:36:24.331 !!! [CE][Spawn] Character "ZmbM_HandymanNormal_Blue" at 2374.353760, 2441.680176
 7:36:24.332 !!! [CE][Spawn] Character "ZmbF_BlueCollarFat_Green" at 2407.672607, 2452.626709
 7:36:24.333 !!! [CE][Spawn] Character "ZmbM_HandymanNormal_Grey" at 2441.800781, 2439.091797
 7:36:24.334 !!! [CE][Spawn] Character "ZmbM_ConstrWorkerNormal_Grey" at 2442.460938, 2401.254150
 7:36:24.335 !!! [CE][Spawn] Character "ZmbF_BlueCollarFat_Green" at 2413.804932, 2382.849121
 7:36:24.336 !!! [CE][Spawn] Character "ZmbM_HeavyIndustryWorker" at 1661.518066, 441.004944
 7:36:24.337 !!! [CE][Spawn] Character "ZmbF_MechanicNormal_Orange" at 1672.507202, 405.451233
 7:36:24.338 !!! [CE][Spawn] Character "ZmbF_BlueCollarFat_Green" at 1635.909546, 413.555084
 7:36:24.339 !!! [CE][Spawn] Character "ZmbM_HandymanNormal_Green" at 1601.435303, 413.233887
 7:36:24.340 !!! [CE][Spawn] Character "ZmbM_HandymanNormal_Grey" at 1612.944702, 445.636078
 7:36:24.340 !!! [CE][Spawn] Character "ZmbM_HandymanNormal_Green" at 1820.053345, 353.107300
 7:36:24.341 !!! [CE][Spawn] Character "ZmbM_HandymanNormal_White" at 1797.300049, 384.360840
 7:36:24.341 !!! [CE][Spawn] Character "ZmbM_HandymanNormal_White" at 1831.149902, 419.346985
 7:36:24.342 !!! [CE][Spawn] Character "ZmbF_MechanicNormal_Beige" at 1864.712158, 386.351410
 7:36:24.343 !!! [CE][Spawn] Character "ZmbM_HandymanNormal_White" at 1874.611206, 354.677521
 7:36:24.343 !!! [CE][Spawn] Character "ZmbF_BlueCollarFat_Red" at 1598.287476, 569.996521
 7:36:24.344 !!! [CE][Spawn] Character "ZmbM_MechanicSkinny_Grey" at 1628.800537, 584.861145
 7:36:24.344 !!! [CE][Spawn] Character "ZmbF_MechanicNormal_Orange" at 1670.795288, 598.440613
 7:36:24.345 !!! [CE][Spawn] Character "ZmbF_BlueCollarFat_Red" at 1672.729614, 554.224365
 7:36:24.347 !!! [CE][Spawn] Character "ZmbF_MechanicNormal_Orange" at 1670.737061, 505.057251
 7:36:24.348 !!! [CE][Spawn] Character "ZmbM_HandymanNormal_Blue" at 2230.939209, 822.379639
 7:36:24.349 !!! [CE][Spawn] Character "ZmbM_HandymanNormal_Beige" at 2251.932129, 813.976746
 7:36:24.349 !!! [CE][Spawn] Character "ZmbM_HandymanNormal_Blue" at 2273.752686, 777.272644
 7:36:24.350 !!! [CE][Spawn] Character "ZmbF_MechanicNormal_Orange" at 2231.034668, 777.725525
 7:36:24.351 !!! [CE][Spawn] Character "ZmbM_HandymanNormal_Green" at 2189.218018, 765.250000
 7:36:24.352 !!! [CE][Spawn] Character "ZmbM_MechanicSkinny_Grey" at 3189.156494, 977.668396
 7:36:24.352 !!! [CE][Spawn] Character "ZmbM_OffshoreWorker_Green" at 3169.193604, 979.863647
 7:36:24.353 !!! [CE][Spawn] Character "ZmbM_ConstrWorkerNormal_Beige" at 763.967957, 2308.327637
 7:36:24.354 !!! [CE][Spawn] Character "ZmbM_ConstrWorkerNormal_Beige" at 734.953918, 2283.797363
 7:36:24.354 !!! [CE][Spawn] Character "ZmbM_HandymanNormal_Green" at 5236.744141, 2030.493896
 7:36:24.354 !!! [CE][Spawn] Character "ZmbM_MechanicSkinny_Blue" at 7826.780273, 1989.134888
 7:36:24.355 !!! [CE][Spawn] Character "ZmbM_HandymanNormal_Blue" at 7769.102539, 1918.319580
 7:36:24.356 !!! [CE][Spawn] Character "ZmbF_BlueCollarFat_Red" at 7655.390625, 2354.287109
 7:36:24.356 !!! [CE][Spawn] Character "ZmbM_HandymanNormal_Beige" at 5867.646484, 1716.065186
 7:36:24.357 !!! [CE][Spawn] Character "ZmbM_HandymanNormal_Beige" at 7624.182129, 2319.317627
 7:36:24.358 !!! [CE][Spawn] Character "ZmbM_HandymanNormal_Beige" at 2204.856201, 3846.110352
 7:36:24.358 [CE][InfectedRespawner] (PRIIndustrial) :: Initial Spawn: 100
 7:36:24.360 !!! [CE][Spawn] Character "ZmbM_ParamedicNormal_Blue" at 4104.497559, 7077.203125
 7:36:24.361 !!! [CE][Spawn] Character "ZmbM_ParamedicNormal_Black" at 4076.214355, 7064.968750
 7:36:24.361 !!! [CE][Spawn] Character "ZmbM_ParamedicNormal_Green" at 1782.380859, 1853.247314
 7:36:24.363 !!! [CE][Spawn] Character "ZmbM_DoctorFat" at 911.299988, 3405.199951
 7:36:24.365 !!! [CE][Spawn] Character "ZmbF_ParamedicNormal_Blue" at 930.337219, 3383.640625
 7:36:24.366 !!! [CE][Spawn] Character "ZmbF_PatientOld" at 7010.881836, 2339.427734
 7:36:24.367 !!! [CE][Spawn] Character "ZmbF_ParamedicNormal_Red" at 7005.080078, 2306.600098
 7:36:24.368 !!! [CE][Spawn] Character "ZmbM_NBC_Yellow" at 6986.771973, 2350.343994
 7:36:24.369 !!! [CE][Spawn] Character "ZmbM_ParamedicNormal_Red" at 6886.315430, 6074.244629
 7:36:24.369 !!! [CE][Spawn] Character "ZmbM_ParamedicNormal_Blue" at 4037.126953, 7463.813477
 7:36:24.370 !!! [CE][Spawn] Character "ZmbM_ParamedicNormal_Red" at 4026.842773, 7431.495605
 7:36:24.370 !!! [CE][Spawn] Character "ZmbM_DoctorFat" at 4250.099121, 7614.034668
 7:36:24.372 !!! [CE][Spawn] Character "ZmbF_DoctorSkinny" at 4280.796875, 7599.043457
 7:36:24.374 !!! [CE][Spawn] Character "ZmbF_NurseFat" at 4230.238770, 7597.204102
 7:36:24.374 !!! [CE][Spawn] Character "ZmbF_DoctorSkinny" at 4241.870117, 7619.970215
 7:36:24.375 !!! [CE][Spawn] Character "ZmbM_NBC_Yellow" at 4346.881348, 7661.631348
 7:36:24.376 !!! [CE][Spawn] Character "ZmbM_DoctorFat" at 4335.647461, 7637.189453
 7:36:24.377 !!! [CE][Spawn] Character "ZmbM_PatientSkinny" at 6995.557129, 7512.651367
 7:36:24.378 !!! [CE][Spawn] Character "ZmbF_ParamedicNormal_Green" at 7022.889160, 7536.108887
 7:36:24.379 !!! [CE][Spawn] Character "ZmbF_ParamedicNormal_Green" at 6138.939941, 2646.636475
 7:36:24.379 !!! [CE][Spawn] Character "ZmbF_NurseFat" at 6764.347656, 3710.883301
 7:36:24.379 [CE][InfectedRespawner] (PRIMedic) :: Initial Spawn: 21
 7:36:24.379 [CE][InfectedRespawner] (PRINBC) :: Initial Spawn: 0
 7:36:24.380 !!! [CE][Spawn] Character "ZmbM_NBC_Yellow" at 7727.020996, 6808.167480
 7:36:24.380 !!! [CE][Spawn] Character "ZmbM_NBC_Yellow" at 7622.534668, 6789.840820
 7:36:24.380 [CE][InfectedRespawner] (PRINBCYellow) :: Initial Spawn: 2
 7:36:24.382 !!! [CE][Spawn] Character "ZmbF_PoliceWomanNormal" at 6498.167480, 3793.432373
 7:36:24.383 !!! [CE][Spawn] Character "ZmbM_PolicemanFat" at 6534.629395, 3795.097656
 7:36:24.384 !!! [CE][Spawn] Character "ZmbF_PoliceWomanNormal" at 4354.928711, 7619.379883
 7:36:24.384 !!! [CE][Spawn] Character "ZmbM_PolicemanFat" at 4364.162598, 7603.855469
 7:36:24.386 !!! [CE][Spawn] Character "ZmbM_PolicemanSpecForce_Heavy" at 7007.645996, 7474.635254
 7:36:24.386 [CE][InfectedRespawner] (PRIPolice) :: Initial Spawn: 5
 7:36:24.386 [CE][InfectedRespawner] (PRIPoliceHard) :: Initial Spawn: 0
 7:36:24.388 !!! [CE][Spawn] Character "ZmbM_PrisonerSkinny" at 6864.568848, 6760.047363
 7:36:24.389 !!! [CE][Spawn] Character "ZmbM_PrisonerSkinny" at 6898.996582, 6781.289063
 7:36:24.390 !!! [CE][Spawn] Character "ZmbM_PrisonerSkinny" at 6901.579590, 6742.570313
 7:36:24.390 !!! [CE][Spawn] Character "ZmbM_PrisonerSkinny" at 6880.337891, 6725.014160
 7:36:24.391 !!! [CE][Spawn] Character "ZmbM_PrisonerSkinny" at 6862.413086, 6732.119629
 7:36:24.392 !!! [CE][Spawn] Character "ZmbM_PrisonerSkinny" at 6838.757324, 6738.549805
 7:36:24.393 !!! [CE][Spawn] Character "ZmbM_PrisonerSkinny" at 6815.460938, 6877.873047
 7:36:24.393 !!! [CE][Spawn] Character "ZmbM_PrisonerSkinny" at 6807.686523, 6916.263672
 7:36:24.393 !!! [CE][Spawn] Character "ZmbM_PrisonerSkinny" at 6847.633789, 6916.302246
 7:36:24.395 !!! [CE][Spawn] Character "ZmbM_PrisonerSkinny" at 6876.724609, 6896.347168
 7:36:24.396 !!! [CE][Spawn] Character "ZmbM_PrisonerSkinny" at 6855.188477, 6871.020508
 7:36:24.396 !!! [CE][Spawn] Character "ZmbM_PrisonerSkinny" at 6842.770020, 6847.316895
 7:36:24.397 !!! [CE][Spawn] Character "ZmbM_PrisonerSkinny" at 6824.819824, 6867.023438
 7:36:24.398 !!! [CE][Spawn] Character "ZmbM_PrisonerSkinny" at 6813.444336, 6827.894043
 7:36:24.398 !!! [CE][Spawn] Character "ZmbM_PrisonerSkinny" at 6824.789551, 6815.528320
 7:36:24.399 !!! [CE][Spawn] Character "ZmbM_PrisonerSkinny" at 6841.873535, 6793.903320
 7:36:24.399 !!! [CE][Spawn] Character "ZmbM_PrisonerSkinny" at 6813.995117, 6794.215820
 7:36:24.400 !!! [CE][Spawn] Character "ZmbM_PrisonerSkinny" at 6790.926270, 6785.575684
 7:36:24.400 !!! [CE][Spawn] Character "ZmbM_PrisonerSkinny" at 6915.423828, 6830.676758
 7:36:24.400 !!! [CE][Spawn] Character "ZmbM_PrisonerSkinny" at 6939.892578, 6841.515137
 7:36:24.401 !!! [CE][Spawn] Character "ZmbM_PrisonerSkinny" at 6944.989746, 6815.772949
 7:36:24.401 [CE][InfectedRespawner] (PRIPrisoner) :: Initial Spawn: 21
 7:36:24.403 !!! [CE][Spawn] Character "ZmbM_priestPopSkinny" at 4278.913574, 7382.950684
 7:36:24.403 !!! [CE][Spawn] Character "ZmbM_priestPopSkinny" at 4314.312012, 7386.525879
 7:36:24.404 !!! [CE][Spawn] Character "ZmbM_priestPopSkinny" at 4229.280762, 7409.895996
 7:36:24.404 !!! [CE][Spawn] Character "ZmbM_priestPopSkinny" at 4234.316406, 7431.270020
 7:36:24.404 [CE][InfectedRespawner] (PRIReligious) :: Initial Spawn: 4
 7:36:24.406 !!! [CE][Spawn] Character "ZmbF_HikerSkinny_Green" at 1948.800537, 6198.660645
 7:36:24.407 !!! [CE][Spawn] Character "ZmbM_FishermanOld_Blue" at 2000.229736, 6291.396973
 7:36:24.409 !!! [CE][Spawn] Character "ZmbM_HermitSkinny_Black" at 1151.023926, 6171.609375
 7:36:24.410 !!! [CE][Spawn] Character "ZmbM_FishermanOld_Blue" at 1116.533569, 6036.805176
 7:36:24.411 !!! [CE][Spawn] Character "ZmbM_FishermanOld_Grey" at 1179.580078, 7020.784180
 7:36:24.411 !!! [CE][Spawn] Character "ZmbM_FishermanOld_Grey" at 1099.005981, 7076.307129
 7:36:24.412 !!! [CE][Spawn] Character "ZmbM_HunterOld_Winter" at 2321.744629, 6544.460449
 7:36:24.413 !!! [CE][Spawn] Character "ZmbM_HermitSkinny_Green" at 2273.347656, 6680.116699
 7:36:24.415 !!! [CE][Spawn] Character "ZmbM_HikerSkinny_Yellow" at 2017.300049, 6896.399902
 7:36:24.416 !!! [CE][Spawn] Character "ZmbM_HikerSkinny_Blue" at 2003.162964, 7021.815918
 7:36:24.417 !!! [CE][Spawn] Character "ZmbF_HikerSkinny_Green" at 2063.862305, 5640.662598
 7:36:24.418 !!! [CE][Spawn] Character "ZmbM_HikerSkinny_Green" at 1950.228760, 5663.597168
 7:36:24.419 !!! [CE][Spawn] Character "ZmbM_FishermanOld_Green" at 1636.514160, 5295.443359
 7:36:24.421 !!! [CE][Spawn] Character "ZmbM_HunterOld_Spring" at 1527.314087, 5183.075684
 7:36:24.422 !!! [CE][Spawn] Character "ZmbM_HunterOld_Summer" at 1655.216431, 6849.025391
 7:36:24.423 !!! [CE][Spawn] Character "ZmbM_FishermanOld_Green" at 1618.953369, 6730.324707
 7:36:24.423 !!! [CE][Spawn] Character "ZmbM_HunterOld_Summer" at 1509.059082, 7514.809082
 7:36:24.424 !!! [CE][Spawn] Character "ZmbM_FishermanOld_Red" at 1532.309570, 7412.859863
 7:36:24.427 !!! [CE][Spawn] Character "ZmbM_HermitSkinny_Red" at 2217.346680, 7348.703613
 7:36:24.428 !!! [CE][Spawn] Character "ZmbM_FishermanOld_Green" at 2278.187988, 7464.694824
 7:36:24.429 !!! [CE][Spawn] Character "ZmbM_HikerSkinny_Blue" at 981.802856, 5694.445801
 7:36:24.429 !!! [CE][Spawn] Character "ZmbM_FishermanOld_Grey" at 929.419556, 5779.017090
 7:36:24.430 !!! [CE][Spawn] Character "ZmbM_FishermanOld_Blue" at 2711.363281, 6350.943848
 7:36:24.432 !!! [CE][Spawn] Character "ZmbM_HermitSkinny_Beige" at 2816.735840, 6376.675293
 7:36:24.433 !!! [CE][Spawn] Character "ZmbM_HunterOld_Autumn" at 1720.976563, 6281.533691
 7:36:24.434 !!! [CE][Spawn] Character "ZmbM_HikerSkinny_Green" at 1694.965698, 6126.334961
 7:36:24.435 !!! [CE][Spawn] Character "ZmbM_FishermanOld_Blue" at 676.292053, 5890.114746
 7:36:24.435 !!! [CE][Spawn] Character "ZmbM_HikerSkinny_Yellow" at 594.245605, 5911.777832
 7:36:24.436 !!! [CE][Spawn] Character "ZmbF_HikerSkinny_Red" at 2004.950073, 7321.446777
 7:36:24.437 !!! [CE][Spawn] Character "ZmbF_HikerSkinny_Green" at 1917.762207, 7362.017090
 7:36:24.438 !!! [CE][Spawn] Character "ZmbM_HunterOld_Winter" at 1821.082397, 2882.244141
 7:36:24.438 !!! [CE][Spawn] Character "ZmbM_HunterOld_Summer" at 1780.572754, 2790.327148
 7:36:24.439 !!! [CE][Spawn] Character "ZmbM_FishermanOld_Red" at 1897.028198, 2803.725830
 7:36:24.439 !!! [CE][Spawn] Character "ZmbM_HikerSkinny_Yellow" at 1691.137695, 3507.060303
 7:36:24.440 !!! [CE][Spawn] Character "ZmbM_HunterOld_Summer" at 1717.445313, 3515.760498
 7:36:24.440 !!! [CE][Spawn] Character "ZmbM_HermitSkinny_Red" at 3266.512451, 3388.928223
 7:36:24.441 !!! [CE][Spawn] Character "ZmbF_HikerSkinny_Grey" at 3137.005615, 3445.445068
 7:36:24.442 !!! [CE][Spawn] Character "ZmbM_HermitSkinny_Beige" at 2392.716064, 3778.514404
 7:36:24.442 !!! [CE][Spawn] Character "ZmbF_HikerSkinny_Red" at 2597.201172, 3740.394287
 7:36:24.443 !!! [CE][Spawn] Character "ZmbM_HermitSkinny_Red" at 3172.537598, 4103.876465
 7:36:24.444 !!! [CE][Spawn] Character "ZmbM_FishermanOld_Blue" at 3225.559814, 3942.997559
 7:36:24.444 !!! [CE][Spawn] Character "ZmbM_FishermanOld_Red" at 3064.486084, 3918.489746
 7:36:24.445 !!! [CE][Spawn] Character "ZmbM_FishermanOld_Blue" at 2915.818359, 3826.672363
 7:36:24.445 !!! [CE][Spawn] Character "ZmbM_HikerSkinny_Yellow" at 2848.698242, 3995.869141
 7:36:24.446 !!! [CE][Spawn] Character "ZmbF_HikerSkinny_Grey" at 2889.948242, 4191.974609
 7:36:24.447 !!! [CE][Spawn] Character "ZmbF_HikerSkinny_Green" at 1387.638184, 4481.701172
 7:36:24.448 !!! [CE][Spawn] Character "ZmbM_HunterOld_Winter" at 1459.107910, 4489.115234
 7:36:24.449 !!! [CE][Spawn] Character "ZmbM_HunterOld_Spring" at 2469.852539, 2911.461182
 7:36:24.449 !!! [CE][Spawn] Character "ZmbM_HermitSkinny_Black" at 2935.729980, 2703.876709
 7:36:24.450 !!! [CE][Spawn] Character "ZmbM_FishermanOld_Red" at 2421.153320, 1314.185913
 7:36:24.451 !!! [CE][Spawn] Character "ZmbM_HermitSkinny_Green" at 2440.072021, 1244.607422
 7:36:24.452 !!! [CE][Spawn] Character "ZmbF_HikerSkinny_Red" at 4099.355957, 1677.127808
 7:36:24.453 !!! [CE][Spawn] Character "ZmbM_HikerSkinny_Blue" at 4109.170898, 1581.149780
 7:36:24.453 !!! [CE][Spawn] Character "ZmbM_HermitSkinny_Black" at 3852.159180, 4551.537598
 7:36:24.454 !!! [CE][Spawn] Character "ZmbF_HikerSkinny_Blue" at 3758.591309, 4651.944824
 7:36:24.454 !!! [CE][Spawn] Character "ZmbM_HermitSkinny_Black" at 3873.213379, 4744.951660
 7:36:24.455 !!! [CE][Spawn] Character "ZmbF_HikerSkinny_Green" at 4053.978516, 4768.351074
 7:36:24.455 !!! [CE][Spawn] Character "ZmbM_FishermanOld_Blue" at 4128.797852, 4584.656738
 7:36:24.456 !!! [CE][Spawn] Character "ZmbM_HunterOld_Winter" at 3982.596191, 4492.564941
 7:36:24.456 !!! [CE][Spawn] Character "ZmbM_HunterOld_Summer" at 3872.546143, 4478.185059
 7:36:24.457 !!! [CE][Spawn] Character "ZmbM_HunterOld_Spring" at 4158.152832, 4278.371582
 7:36:24.457 !!! [CE][Spawn] Character "ZmbM_HermitSkinny_Black" at 4309.501953, 4252.366699
 7:36:24.458 !!! [CE][Spawn] Character "ZmbM_HikerSkinny_Blue" at 4232.838379, 4119.181641
 7:36:24.459 !!! [CE][Spawn] Character "ZmbM_FishermanOld_Blue" at 4166.622559, 3978.475586
 7:36:24.460 !!! [CE][Spawn] Character "ZmbM_FishermanOld_Green" at 4015.326416, 4048.024170
 7:36:24.460 !!! [CE][Spawn] Character "ZmbM_FishermanOld_Green" at 4050.848145, 4183.774414
 7:36:24.461 !!! [CE][Spawn] Character "ZmbM_HunterOld_Winter" at 4101.822754, 4244.456055
 7:36:24.461 !!! [CE][Spawn] Character "ZmbM_HermitSkinny_Beige" at 4766.200684, 3777.397217
 7:36:24.462 !!! [CE][Spawn] Character "ZmbM_HunterOld_Autumn" at 4706.372070, 3663.923340
 7:36:24.463 !!! [CE][Spawn] Character "ZmbF_HikerSkinny_Green" at 6595.209473, 3046.761963
 7:36:24.463 !!! [CE][Spawn] Character "ZmbM_HikerSkinny_Green" at 6543.690918, 3116.727295
 7:36:24.464 !!! [CE][Spawn] Character "ZmbF_HikerSkinny_Red" at 6778.994629, 3528.394287
 7:36:24.465 !!! [CE][Spawn] Character "ZmbM_HunterOld_Summer" at 6844.460449, 3480.126221
 7:36:24.466 !!! [CE][Spawn] Character "ZmbM_FishermanOld_Red" at 6806.555176, 3174.163574
 7:36:24.466 !!! [CE][Spawn] Character "ZmbM_FishermanOld_Red" at 6752.785156, 3198.692871
 7:36:24.467 !!! [CE][Spawn] Character "ZmbM_HermitSkinny_Red" at 6818.291016, 2983.426758
 7:36:24.467 !!! [CE][Spawn] Character "ZmbM_HikerSkinny_Green" at 6802.467285, 3052.896484
 7:36:24.468 !!! [CE][Spawn] Character "ZmbM_FishermanOld_Green" at 6398.305664, 3097.396240
 7:36:24.469 !!! [CE][Spawn] Character "ZmbM_FishermanOld_Green" at 6455.458008, 3051.498047
 7:36:24.470 !!! [CE][Spawn] Character "ZmbM_HikerSkinny_Yellow" at 7083.661133, 3236.116943
 7:36:24.471 !!! [CE][Spawn] Character "ZmbF_HikerSkinny_Red" at 7096.251465, 3172.281738
 7:36:24.471 !!! [CE][Spawn] Character "ZmbM_FishermanOld_Green" at 6685.827148, 3259.443115
 7:36:24.472 !!! [CE][Spawn] Character "ZmbM_FishermanOld_Red" at 6620.545898, 3302.478027
 7:36:24.472 !!! [CE][Spawn] Character "ZmbM_HermitSkinny_Beige" at 7216.353027, 3224.490967
 7:36:24.473 !!! [CE][Spawn] Character "ZmbM_HikerSkinny_Blue" at 7244.134277, 3232.441650
 7:36:24.474 !!! [CE][Spawn] Character "ZmbM_HunterOld_Summer" at 7062.731445, 3446.411133
 7:36:24.474 !!! [CE][Spawn] Character "ZmbM_HikerSkinny_Blue" at 7101.090820, 3403.100098
 7:36:24.474 !!! [CE][Spawn] Character "ZmbM_HikerSkinny_Blue" at 7089.890137, 3563.472656
 7:36:24.475 !!! [CE][Spawn] Character "ZmbM_HunterOld_Autumn" at 7106.859375, 3616.536621
 7:36:24.476 !!! [CE][Spawn] Character "ZmbM_HermitSkinny_Red" at 7401.801270, 3305.577393
 7:36:24.476 !!! [CE][Spawn] Character "ZmbM_HunterOld_Autumn" at 7427.112305, 3376.871582
 7:36:24.477 !!! [CE][Spawn] Character "ZmbM_HermitSkinny_Green" at 7207.390137, 3376.191650
 7:36:24.478 !!! [CE][Spawn] Character "ZmbM_HunterOld_Winter" at 7187.700195, 3424.800049
 7:36:24.479 !!! [CE][Spawn] Character "ZmbM_HermitSkinny_Black" at 7685.543457, 3193.847412
 7:36:24.480 !!! [CE][Spawn] Character "ZmbM_FishermanOld_Blue" at 7665.859375, 3157.605225
 7:36:24.481 !!! [CE][Spawn] Character "ZmbM_FishermanOld_Blue" at 6424.673340, 3255.853271
 7:36:24.481 !!! [CE][Spawn] Character "ZmbM_HermitSkinny_Black" at 6457.158691, 3288.616699
 7:36:24.482 !!! [CE][Spawn] Character "ZmbF_HikerSkinny_Grey" at 7407.799805, 3065.399902
 7:36:24.483 !!! [CE][Spawn] Character "ZmbM_FishermanOld_Blue" at 7411.160645, 3096.865967
 7:36:24.483 !!! [CE][Spawn] Character "ZmbM_HermitSkinny_Green" at 6545.428711, 2975.251465
 7:36:24.484 !!! [CE][Spawn] Character "ZmbM_HunterOld_Spring" at 6615.099121, 2978.924805
 7:36:24.484 !!! [CE][Spawn] Character "ZmbM_HikerSkinny_Yellow" at 4863.956055, 3255.955566
 7:36:24.485 !!! [CE][Spawn] Character "ZmbM_HikerSkinny_Blue" at 4964.333984, 3385.900391
 7:36:24.485 !!! [CE][Spawn] Character "ZmbM_HikerSkinny_Blue" at 4190.518066, 4599.196777
 7:36:24.486 !!! [CE][Spawn] Character "ZmbM_FishermanOld_Grey" at 4267.649902, 4765.011230
 7:36:24.486 !!! [CE][Spawn] Character "ZmbM_HikerSkinny_Yellow" at 4388.956055, 4794.100098
 7:36:24.487 !!! [CE][Spawn] Character "ZmbM_HikerSkinny_Green" at 4447.709961, 4727.086426
 7:36:24.487 !!! [CE][Spawn] Character "ZmbM_HermitSkinny_Red" at 4468.488281, 4667.002441
 7:36:24.488 !!! [CE][Spawn] Character "ZmbF_HikerSkinny_Blue" at 4472.304688, 4502.007324
 7:36:24.488 !!! [CE][Spawn] Character "ZmbM_HunterOld_Spring" at 5131.826660, 5045.112305
 7:36:24.489 !!! [CE][Spawn] Character "ZmbM_HermitSkinny_Black" at 5263.647949, 5202.312500
 7:36:24.489 !!! [CE][Spawn] Character "ZmbM_HunterOld_Spring" at 5298.076172, 5005.600586
 7:36:24.490 !!! [CE][Spawn] Character "ZmbM_HunterOld_Summer" at 5348.887207, 4849.619141
 7:36:24.490 !!! [CE][Spawn] Character "ZmbF_HikerSkinny_Red" at 5181.900879, 4847.332031
 7:36:24.491 !!! [CE][Spawn] Character "ZmbM_FishermanOld_Green" at 5065.945313, 4887.930664
 7:36:24.491 !!! [CE][Spawn] Character "ZmbM_HikerSkinny_Green" at 4969.684570, 5044.360352
 7:36:24.492 !!! [CE][Spawn] Character "ZmbM_HermitSkinny_Beige" at 5981.530762, 3158.956299
 7:36:24.492 !!! [CE][Spawn] Character "ZmbM_FishermanOld_Green" at 6140.955078, 3172.535645
 7:36:24.494 !!! [CE][Spawn] Character "ZmbM_HikerSkinny_Yellow" at 5581.041504, 3351.891602
 7:36:24.494 !!! [CE][Spawn] Character "ZmbM_FishermanOld_Red" at 5583.869629, 3217.248535
 7:36:24.495 !!! [CE][Spawn] Character "ZmbM_FishermanOld_Green" at 3545.445557, 5290.119141
 7:36:24.495 !!! [CE][Spawn] Character "ZmbF_HikerSkinny_Red" at 3468.828613, 5246.735840
 7:36:24.496 !!! [CE][Spawn] Character "ZmbF_HikerSkinny_Blue" at 3253.362305, 6598.750977
 7:36:24.497 !!! [CE][Spawn] Character "ZmbM_HikerSkinny_Blue" at 3334.066162, 6463.974609
 7:36:24.497 !!! [CE][Spawn] Character "ZmbF_HikerSkinny_Red" at 4187.790527, 6895.671387
 7:36:24.498 !!! [CE][Spawn] Character "ZmbM_FishermanOld_Red" at 4260.243652, 6991.504883
 7:36:24.498 !!! [CE][Spawn] Character "ZmbF_HikerSkinny_Grey" at 3551.985596, 5998.838379
 7:36:24.499 !!! [CE][Spawn] Character "ZmbM_HermitSkinny_Beige" at 3481.141113, 5940.607910
 7:36:24.499 !!! [CE][Spawn] Character "ZmbM_HikerSkinny_Green" at 4577.249023, 6746.393066
 7:36:24.500 !!! [CE][Spawn] Character "ZmbM_HermitSkinny_Beige" at 4597.296875, 6843.303223
 7:36:24.500 !!! [CE][Spawn] Character "ZmbM_FishermanOld_Blue" at 6224.579102, 6811.533691
 7:36:24.501 !!! [CE][Spawn] Character "ZmbF_HikerSkinny_Green" at 6163.551270, 6835.836426
 7:36:24.502 !!! [CE][Spawn] Character "ZmbF_HikerSkinny_Blue" at 5145.196777, 7186.237793
 7:36:24.502 !!! [CE][Spawn] Character "ZmbM_HikerSkinny_Blue" at 5240.547363, 7158.893555
 7:36:24.503 !!! [CE][Spawn] Character "ZmbM_FishermanOld_Red" at 5387.837891, 7189.790527
 7:36:24.503 !!! [CE][Spawn] Character "ZmbM_HunterOld_Winter" at 5356.053711, 7047.598633
 7:36:24.504 !!! [CE][Spawn] Character "ZmbM_HermitSkinny_Beige" at 5261.920898, 6962.965820
 7:36:24.505 !!! [CE][Spawn] Character "ZmbM_HikerSkinny_Blue" at 5175.535156, 7040.867676
 7:36:24.505 !!! [CE][Spawn] Character "ZmbM_HermitSkinny_Red" at 5540.482910, 6711.459961
 7:36:24.506 !!! [CE][Spawn] Character "ZmbM_HunterOld_Summer" at 5579.940430, 6850.753418
 7:36:24.506 !!! [CE][Spawn] Character "ZmbF_HikerSkinny_Grey" at 5573.833984, 6981.062988
 7:36:24.507 !!! [CE][Spawn] Character "ZmbM_FishermanOld_Blue" at 5685.498047, 6913.243652
 7:36:24.508 !!! [CE][Spawn] Character "ZmbF_HikerSkinny_Red" at 5824.808594, 6882.742188
 7:36:24.509 !!! [CE][Spawn] Character "ZmbF_HikerSkinny_Grey" at 5726.394531, 6782.646484
 7:36:24.509 !!! [CE][Spawn] Character "ZmbM_HikerSkinny_Yellow" at 5646.617188, 6738.333496
 7:36:24.510 !!! [CE][Spawn] Character "ZmbF_HikerSkinny_Green" at 3526.301514, 7175.520508
 7:36:24.510 !!! [CE][Spawn] Character "ZmbM_FishermanOld_Red" at 3616.591309, 7257.230957
 7:36:24.511 !!! [CE][Spawn] Character "ZmbM_FishermanOld_Red" at 1997.224731, 396.262695
 7:36:24.511 !!! [CE][Spawn] Character "ZmbM_FishermanOld_Grey" at 1997.629761, 366.000214
 7:36:24.512 !!! [CE][Spawn] Character "ZmbM_FishermanOld_Grey" at 1965.047485, 358.607758
 7:36:24.513 !!! [CE][Spawn] Character "ZmbM_HermitSkinny_Beige" at 2083.879150, 418.179047
 7:36:24.514 !!! [CE][Spawn] Character "ZmbF_HikerSkinny_Grey" at 2105.098389, 427.498077
 7:36:24.514 !!! [CE][Spawn] Character "ZmbF_HikerSkinny_Blue" at 2123.442139, 419.576935
 7:36:24.515 !!! [CE][Spawn] Character "ZmbM_HunterOld_Winter" at 2090.446777, 306.568054
 7:36:24.515 !!! [CE][Spawn] Character "ZmbF_HikerSkinny_Red" at 2063.406006, 280.835999
 7:36:24.516 !!! [CE][Spawn] Character "ZmbM_HunterOld_Winter" at 2044.585205, 272.442322
 7:36:24.516 !!! [CE][Spawn] Character "ZmbM_HunterOld_Summer" at 3160.385986, 848.638611
 7:36:24.517 !!! [CE][Spawn] Character "ZmbM_HermitSkinny_Red" at 3162.042725, 723.932190
 7:36:24.517 !!! [CE][Spawn] Character "ZmbM_HermitSkinny_Black" at 512.483154, 1389.626709
 7:36:24.517 !!! [CE][Spawn] Character "ZmbM_HunterOld_Autumn" at 1697.164795, 3615.075195
 7:36:24.518 !!! [CE][Spawn] Character "ZmbM_HunterOld_Summer" at 1679.855469, 3587.100098
 7:36:24.519 !!! [CE][Spawn] Character "ZmbM_HikerSkinny_Yellow" at 1596.198730, 3393.030518
 7:36:24.519 !!! [CE][Spawn] Character "ZmbM_HikerSkinny_Yellow" at 1579.152100, 3422.958984
 7:36:24.520 !!! [CE][Spawn] Character "ZmbM_HikerSkinny_Green" at 1644.801880, 3159.751709
 7:36:24.521 !!! [CE][Spawn] Character "ZmbF_HikerSkinny_Red" at 1623.486694, 3203.362549
 7:36:24.522 !!! [CE][Spawn] Character "ZmbM_FishermanOld_Green" at 2133.845703, 3504.361816
 7:36:24.523 !!! [CE][Spawn] Character "ZmbM_HunterOld_Autumn" at 2208.936035, 3543.613037
 7:36:24.523 !!! [CE][Spawn] Character "ZmbM_FishermanOld_Red" at 4123.479980, 2697.813232
 7:36:24.524 !!! [CE][Spawn] Character "ZmbM_HunterOld_Winter" at 4054.525635, 2596.491699
 7:36:24.525 !!! [CE][Spawn] Character "ZmbM_HunterOld_Autumn" at 4720.188965, 2304.533447
 7:36:24.525 !!! [CE][Spawn] Character "ZmbM_HermitSkinny_Green" at 3917.796387, 1221.986206
 7:36:24.526 !!! [CE][Spawn] Character "ZmbM_HikerSkinny_Yellow" at 3848.024170, 1267.741089
 7:36:24.526 !!! [CE][Spawn] Character "ZmbF_HikerSkinny_Red" at 4508.595215, 1869.136597
 7:36:24.527 !!! [CE][Spawn] Character "ZmbM_FishermanOld_Red" at 4679.377441, 1488.019165
 7:36:24.527 !!! [CE][Spawn] Character "ZmbM_HunterOld_Autumn" at 4710.698730, 1394.414917
 7:36:24.528 !!! [CE][Spawn] Character "ZmbM_HunterOld_Winter" at 4864.899902, 647.515747
 7:36:24.528 !!! [CE][Spawn] Character "ZmbM_HermitSkinny_Black" at 5349.668457, 1478.059082
 7:36:24.529 !!! [CE][Spawn] Character "ZmbM_HunterOld_Summer" at 6052.085449, 2013.961060
 7:36:24.529 !!! [CE][Spawn] Character "ZmbM_FishermanOld_Green" at 6036.895020, 1967.254517
 7:36:24.530 !!! [CE][Spawn] Character "ZmbM_HermitSkinny_Black" at 6017.866211, 1941.525269
 7:36:24.531 !!! [CE][Spawn] Character "ZmbM_HermitSkinny_Black" at 3531.984863, 966.894592
 7:36:24.531 !!! [CE][Spawn] Character "ZmbM_FishermanOld_Grey" at 7219.954102, 4250.000000
 7:36:24.532 !!! [CE][Spawn] Character "ZmbF_HikerSkinny_Blue" at 7266.600098, 4293.600098
 7:36:24.532 !!! [CE][Spawn] Character "ZmbM_FishermanOld_Green" at 7342.934570, 3911.200928
 7:36:24.533 !!! [CE][Spawn] Character "ZmbM_HermitSkinny_Green" at 7407.585449, 3968.157715
 7:36:24.533 !!! [CE][Spawn] Character "ZmbM_FishermanOld_Red" at 7438.334961, 5214.497559
 7:36:24.534 !!! [CE][Spawn] Character "ZmbM_FishermanOld_Blue" at 7513.573242, 5227.321777
 7:36:24.534 !!! [CE][Spawn] Character "ZmbM_HermitSkinny_Black" at 7521.551270, 5336.854492
 7:36:24.535 !!! [CE][Spawn] Character "ZmbM_HermitSkinny_Beige" at 7541.909180, 5348.687012
 7:36:24.536 !!! [CE][Spawn] Character "ZmbM_FishermanOld_Grey" at 5055.733887, 2879.926270
 7:36:24.536 !!! [CE][Spawn] Character "ZmbM_FishermanOld_Grey" at 5074.792480, 2844.260010
 7:36:24.537 !!! [CE][Spawn] Character "ZmbM_HikerSkinny_Yellow" at 5248.145020, 4398.603516
 7:36:24.538 !!! [CE][Spawn] Character "ZmbM_HermitSkinny_Beige" at 5527.058594, 7116.628418
 7:36:24.538 !!! [CE][Spawn] Character "ZmbM_HermitSkinny_Red" at 5555.437500, 7178.246094
 7:36:24.539 !!! [CE][Spawn] Character "ZmbF_HikerSkinny_Grey" at 5559.719238, 7255.052734
 7:36:24.540 !!! [CE][Spawn] Character "ZmbF_HikerSkinny_Grey" at 5315.407227, 7706.527832
 7:36:24.541 !!! [CE][Spawn] Character "ZmbM_FishermanOld_Blue" at 5332.673340, 7675.916992
 7:36:24.541 !!! [CE][Spawn] Character "ZmbM_HikerSkinny_Green" at 5163.730469, 7428.003418
 7:36:24.542 !!! [CE][Spawn] Character "ZmbF_HikerSkinny_Grey" at 5117.433105, 7449.183594
 7:36:24.543 !!! [CE][Spawn] Character "ZmbF_HikerSkinny_Blue" at 4713.677734, 7123.964355
 7:36:24.544 !!! [CE][Spawn] Character "ZmbF_HikerSkinny_Red" at 4728.419434, 7085.050781
 7:36:24.544 !!! [CE][Spawn] Character "ZmbM_HikerSkinny_Blue" at 4586.035645, 6494.989746
 7:36:24.545 !!! [CE][Spawn] Character "ZmbF_HikerSkinny_Blue" at 4650.388672, 6543.418945
 7:36:24.546 !!! [CE][Spawn] Character "ZmbF_HikerSkinny_Blue" at 2510.918701, 6947.934570
 7:36:24.546 !!! [CE][Spawn] Character "ZmbM_HermitSkinny_Beige" at 2560.951660, 6975.131836
 7:36:24.547 !!! [CE][Spawn] Character "ZmbM_HunterOld_Autumn" at 1244.389038, 7529.131836
 7:36:24.547 !!! [CE][Spawn] Character "ZmbM_HermitSkinny_Black" at 1217.272949, 7457.423340
 7:36:24.548 !!! [CE][Spawn] Character "ZmbF_HikerSkinny_Green" at 711.559692, 6426.373535
 7:36:24.548 !!! [CE][Spawn] Character "ZmbM_HikerSkinny_Blue" at 710.103271, 6360.903809
 7:36:24.549 !!! [CE][Spawn] Character "ZmbF_HikerSkinny_Red" at 325.055878, 5774.130859
 7:36:24.549 !!! [CE][Spawn] Character "ZmbM_HunterOld_Spring" at 306.506348, 5814.678223
 7:36:24.551 !!! [CE][Spawn] Character "ZmbM_HermitSkinny_Beige" at 1235.362915, 4985.974121
 7:36:24.551 !!! [CE][Spawn] Character "ZmbF_HikerSkinny_Blue" at 1228.703613, 4915.157227
 7:36:24.552 !!! [CE][Spawn] Character "ZmbM_HermitSkinny_Green" at 1683.194092, 4789.194336
 7:36:24.553 !!! [CE][Spawn] Character "ZmbM_HikerSkinny_Green" at 1686.958496, 4828.639160
 7:36:24.553 !!! [CE][Spawn] Character "ZmbM_HikerSkinny_Yellow" at 1643.155762, 4647.987793
 7:36:24.554 !!! [CE][Spawn] Character "ZmbM_HunterOld_Spring" at 1685.511719, 4669.439453
 7:36:24.556 !!! [CE][Spawn] Character "ZmbM_HunterOld_Summer" at 1959.129517, 4285.213379
 7:36:24.556 !!! [CE][Spawn] Character "ZmbM_HikerSkinny_Green" at 1941.500000, 4324.500000
 7:36:24.557 !!! [CE][Spawn] Character "ZmbM_HermitSkinny_Green" at 816.891785, 3437.057617
 7:36:24.557 !!! [CE][Spawn] Character "ZmbM_HermitSkinny_Black" at 841.438110, 3517.629150
 7:36:24.558 !!! [CE][Spawn] Character "ZmbM_HermitSkinny_Beige" at 337.072296, 2057.806885
 7:36:24.559 !!! [CE][Spawn] Character "ZmbM_HikerSkinny_Blue" at 315.502625, 2081.766602
 7:36:24.559 !!! [CE][Spawn] Character "ZmbM_HermitSkinny_Red" at 426.375275, 1963.655273
 7:36:24.560 !!! [CE][Spawn] Character "ZmbM_HikerSkinny_Green" at 431.027130, 1903.172852
 7:36:24.560 !!! [CE][Spawn] Character "ZmbM_HermitSkinny_Green" at 338.089691, 2276.943604
 7:36:24.561 !!! [CE][Spawn] Character "ZmbM_HunterOld_Spring" at 349.575928, 2243.556396
 7:36:24.561 !!! [CE][Spawn] Character "ZmbM_HermitSkinny_Green" at 644.314514, 1473.969238
 7:36:24.562 !!! [CE][Spawn] Character "ZmbM_HunterOld_Summer" at 665.675171, 1439.644165
 7:36:24.562 !!! [CE][Spawn] Character "ZmbF_HikerSkinny_Red" at 1885.088623, 2085.167236
 7:36:24.563 !!! [CE][Spawn] Character "ZmbM_HunterOld_Winter" at 1850.354126, 2158.487549
 7:36:24.564 !!! [CE][Spawn] Character "ZmbF_HikerSkinny_Blue" at 1836.312622, 1872.874146
 7:36:24.565 !!! [CE][Spawn] Character "ZmbM_HunterOld_Spring" at 1854.444336, 1822.439819
 7:36:24.566 !!! [CE][Spawn] Character "ZmbM_HunterOld_Spring" at 5177.195801, 1385.735352
 7:36:24.567 !!! [CE][Spawn] Character "ZmbF_HikerSkinny_Grey" at 5222.030762, 1379.921021
 7:36:24.567 !!! [CE][Spawn] Character "ZmbF_HikerSkinny_Blue" at 4728.029785, 747.116821
 7:36:24.568 !!! [CE][Spawn] Character "ZmbM_HermitSkinny_Green" at 4680.266602, 734.428284
 7:36:24.568 !!! [CE][Spawn] Character "ZmbM_HermitSkinny_Red" at 4624.556152, 944.293579
 7:36:24.569 !!! [CE][Spawn] Character "ZmbM_HermitSkinny_Red" at 4614.552246, 1000.756714
 7:36:24.570 !!! [CE][Spawn] Character "ZmbM_HunterOld_Spring" at 6281.664551, 250.456467
 7:36:24.570 !!! [CE][Spawn] Character "ZmbF_HikerSkinny_Grey" at 6254.296387, 182.206726
 7:36:24.570 !!! [CE][Spawn] Character "ZmbM_HunterOld_Autumn" at 5485.781250, 875.734253
 7:36:24.571 !!! [CE][Spawn] Character "ZmbM_HikerSkinny_Green" at 5460.501953, 919.565857
 7:36:24.571 !!! [CE][Spawn] Character "ZmbF_HikerSkinny_Blue" at 5058.135742, 1920.320557
 7:36:24.572 !!! [CE][Spawn] Character "ZmbM_HikerSkinny_Green" at 5001.613770, 1905.151489
 7:36:24.573 !!! [CE][Spawn] Character "ZmbM_HunterOld_Autumn" at 5992.353516, 2712.721191
 7:36:24.573 !!! [CE][Spawn] Character "ZmbM_HermitSkinny_Green" at 5923.145508, 2728.759277
 7:36:24.573 [CE][InfectedRespawner] (PRISolitude) :: Initial Spawn: 247
 7:36:24.573 [CE][InfectedRespawner] (PRIVillage) :: Initial Spawn: 0
 7:36:24.574 [CE][LootRespawner] (PRIDummy) :: Initially (re)spawned:0, Nominal:16575, Total in Map: 12261 at 0 (sec)
 7:36:24.574   tests:0, repeats:0 fails:0, overtime:0
 7:36:24.576 [CE][InfectedRespawner] (SECPoliceHard) :: Initial Spawn: 0
 7:36:24.576 [CE][DynEvent] :: 32 types
 7:36:24.576 [00] AmbientHen
 7:36:24.576   Primary Spawner: "Ambient", active: yes, repeat: 1
 7:36:24.577 [01] AmbientBear
 7:36:24.577   Primary Spawner: "Ambient", active: yes, repeat: 1
 7:36:24.577 [02] AnimalCow
 7:36:24.577   Primary Spawner: "Animal", active: yes, repeat: 1
 7:36:24.577 [03] AnimalDeer
 7:36:24.577   Primary Spawner: "Animal", active: yes, repeat: 1
 7:36:24.577 [04] AmbientGoat
 7:36:24.577   Primary Spawner: "Ambient", active: yes, repeat: 1
 7:36:24.577 [05] AmbientPig
 7:36:24.577   Primary Spawner: "Ambient", active: yes, repeat: 1
 7:36:24.577 [06] AnimalRoeDeer
 7:36:24.577   Primary Spawner: "Animal", active: yes, repeat: 1
 7:36:24.578 [07] AnimalSheep
 7:36:24.578   Primary Spawner: "Animal", active: yes, repeat: 1
 7:36:24.578 [08] AnimalWildBoar
 7:36:24.578   Primary Spawner: "Animal", active: yes, repeat: 1
 7:36:24.578 [09] AnimalWolf
 7:36:24.578   Primary Spawner: "Animal", active: yes, repeat: 1
 7:36:24.578 [10] InfectedArmy
 7:36:24.578   Primary Spawner: "Infected", active: yes, repeat: 1
 7:36:24.578 [11] InfectedArmyHard
 7:36:24.578   Primary Spawner: "Infected", active: yes, repeat: 1
 7:36:24.578 [12] InfectedCity
 7:36:24.578   Primary Spawner: "Infected", active: yes, repeat: 1
 7:36:24.578 [13] InfectedFirefighter
 7:36:24.578   Primary Spawner: "Infected", active: yes, repeat: 1
 7:36:24.578 [14] InfectedIndustrial
 7:36:24.578   Primary Spawner: "Infected", active: yes, repeat: 1
 7:36:24.578 [15] InfectedMedic
 7:36:24.578   Primary Spawner: "Infected", active: yes, repeat: 1
 7:36:24.578 [16] InfectedNBC
 7:36:24.578   Primary Spawner: "Infected", active: yes, repeat: 1
 7:36:24.578 [17] InfectedNBCYellow
 7:36:24.578   Primary Spawner: "Infected", active: yes, repeat: 1
 7:36:24.578 [18] InfectedPolice
 7:36:24.578   Primary Spawner: "Infected", active: yes, repeat: 1
 7:36:24.578 [19] InfectedPoliceHard
 7:36:24.578   Primary Spawner: "Infected", active: yes, repeat: 1
 7:36:24.578 [20] InfectedPrisoner
 7:36:24.578   Primary Spawner: "Infected", active: yes, repeat: 1
 7:36:24.578 [21] InfectedReligious
 7:36:24.578   Primary Spawner: "Infected", active: yes, repeat: 1
 7:36:24.578 [22] InfectedSolitude
 7:36:24.578   Primary Spawner: "Infected", active: yes, repeat: 1
 7:36:24.578 [23] InfectedVillage
 7:36:24.578   Primary Spawner: "Infected", active: yes, repeat: 1
 7:36:24.579 [24] Loot
 7:36:24.579   Primary Spawner: "Loot", active: yes, repeat: 2
 7:36:24.579 [25] StaticPoliceCar
 7:36:24.579   Primary Spawner: "Static", active: yes, repeat: 1
 7:36:24.579   Secondary Spawner: "Infected", active: yes, repeat: 1
 7:36:24.579 [26] TrajectoryApple
 7:36:24.580   Primary Spawner: "Trajectory", active: yes, repeat: 1
 7:36:24.580 [27] TrajectoryConiferous
 7:36:24.580   Primary Spawner: "Trajectory", active: yes, repeat: 1
 7:36:24.580 [28] TrajectoryDeciduous
 7:36:24.580   Primary Spawner: "Trajectory", active: yes, repeat: 1
 7:36:24.580 [29] TrajectoryHumus
 7:36:24.580   Primary Spawner: "Trajectory", active: yes, repeat: 1
 7:36:24.580 [30] TrajectoryPear
 7:36:24.580   Primary Spawner: "Trajectory", active: yes, repeat: 1
 7:36:24.580 [31] TrajectoryPlum
 7:36:24.580   Primary Spawner: "Trajectory", active: yes, repeat: 1
 7:36:24.580 [CE][Hive] :: Initializing of spawners done.
 7:36:24.584 [CE][Hive] :: Init sequence finished.
 7:36:24.584 Player connect enabled
 7:36:24.627 [Login]: Adding player The Professor (56187713) to login queue at position 0
 7:36:24.628 [LoginMachine]: Add player The Professor (56187713 192.168.1.8:55458)
 7:36:24.628 [StateMachine]: Player The Professor (dpnid 56187713 uid ) Entering AuthPlayerLoginState
 7:36:25.251 [StateMachine]: Player The Professor (dpnid 56187713 uid ) State Error (AuthPlayerLoginState)
 7:36:25.251 Player Unknown (56187713) kicked from server: 116 (Client has a mod which is not on the server. (GSC Gameworld Assets (JMC Edition); Mounts & Sights)  (Client has a PBO which is not part of the server. (C:\SteamLibrary\steamapps\common\DayZ\!Workshop\@GSC Gameworld Assets (JMC Edition)\addons\JMC_GSCGameWorld1.pbo)))
 7:36:25.251 [StateMachine]: Kick player The Professor (dpnid 56187713 uid ) State AuthPlayerLoginState
 7:36:25.262 [Disconnect]: Client 56187713 early disconnect
 7:36:25.438 [Disconnect]: No identity -> remove player info 56187713 
 7:36:25.438 [Disconnect]: DisconnectPlayerFinish 56187713
 7:36:25.438 [Disconnect]: Remove player info 56187713
 7:36:25.438 [Disconnect]: Player destroy 56187713 
 7:36:44.448 [CE][LootRespawner] (PRIDummy) :: Item [0] is hard to place, performance drops: "BandageDressing"
 7:36:44.448 [CE][LootRespawner] (PRIDummy) :: Item [1] is hard to place, performance drops: "BandageDressing"
 7:36:44.448 [CE][LootRespawner] (PRIDummy) :: Item [2] is hard to place, performance drops: "BandageDressing"
 7:36:44.448 [CE][LootRespawner] (PRIDummy) :: Item [3] is hard to place, performance drops: "BandageDressing"
 7:36:44.448 [CE][LootRespawner] (PRIDummy) :: Item [4] is hard to place, performance drops: "BandageDressing"
 7:36:44.448 [CE][LootRespawner] (PRIDummy) :: Item [5] is hard to place, performance drops: "BandageDressing"
 7:36:44.448 [CE][LootRespawner] (PRIDummy) :: Item [6] is hard to place, performance drops: "BandageDressing"
 7:36:44.448 [CE][LootRespawner] (PRIDummy) :: Item [7] is hard to place, performance drops: "BandageDressing"
 7:36:44.448 [CE][LootRespawner] (PRIDummy) :: Item [8] is hard to place, performance drops: "BandageDressing"
 7:36:44.448 [CE][LootRespawner] (PRIDummy) :: Item [9] is hard to place, performance drops: "BandageDressing"
 7:36:44.448 [CE][LootRespawner] (PRIDummy) :: Item [10] is hard to place, performance drops: "BandageDressing"
 7:36:44.448 [CE][LootRespawner] (PRIDummy) :: Item [11] is hard to place, performance drops: "BandageDressing"
 7:36:44.448 [CE][LootRespawner] (PRIDummy) :: Item [12] is hard to place, performance drops: "BandageDressing"
 7:36:44.448 [CE][LootRespawner] (PRIDummy) :: Item [13] is hard to place, performance drops: "BandageDressing"
 7:36:44.448 [CE][LootRespawner] (PRIDummy) :: Item [14] is hard to place, performance drops: "BandageDressing"
 7:36:44.448 [CE][LootRespawner] (PRIDummy) :: Item [15] is hard to place, performance drops: "BandageDressing"
 7:36:44.448 [CE][LootRespawner] (PRIDummy) :: Item [16] is hard to place, performance drops: "BandageDressing"
 7:36:44.448 [CE][LootRespawner] (PRIDummy) :: Item [17] is hard to place, performance drops: "BandageDressing"
 7:36:44.448 [CE][LootRespawner] (PRIDummy) :: Item [18] is hard to place, performance drops: "BandageDressing"
 7:36:44.448 [CE][LootRespawner] (PRIDummy) :: Item [19] is hard to place, performance drops: "BandageDressing"
 7:36:44.448 [CE][LootRespawner] (PRIDummy) :: Item [20] is hard to place, performance drops: "BandageDressing"
 7:36:44.448 [CE][LootRespawner] (PRIDummy) :: Item [21] is hard to place, performance drops: "BandageDressing"
 7:36:44.448 [CE][LootRespawner] (PRIDummy) :: Item [22] is hard to place, performance drops: "BandageDressing"
 7:36:44.448 [CE][LootRespawner] (PRIDummy) :: Item [23] is hard to place, performance drops: "BandageDressing"
 7:36:44.448 [CE][LootRespawner] (PRIDummy) :: Item [24] is hard to place, performance drops: "BandageDressing"
 7:36:44.448 [CE][LootRespawner] (PRIDummy) :: Item [25] is hard to place, performance drops: "BandageDressing"
 7:36:44.448 [CE][LootRespawner] (PRIDummy) :: Item [26] is hard to place, performance drops: "BandageDressing"
 7:36:44.448 [CE][LootRespawner] (PRIDummy) :: Item [27] is hard to place, performance drops: "BandageDressing"
 7:36:44.448 [CE][LootRespawner] (PRIDummy) :: Item [28] is hard to place, performance drops: "BandageDressing"
 7:36:44.448 [CE][LootRespawner] (PRIDummy) :: Item [29] is hard to place, performance drops: "BandageDressing"
 7:36:44.448 [CE][LootRespawner] (PRIDummy) :: Item [30] is hard to place, performance drops: "BandageDressing"
 7:36:44.448 [CE][LootRespawner] (PRIDummy) :: Item [31] is hard to place, performance drops: "BandageDressing"
 7:36:44.448 [CE][LootRespawner] (PRIDummy) :: Item [32] is hard to place, performance drops: "BandageDressing"
 7:36:44.448 [CE][LootRespawner] (PRIDummy) :: Item [33] is hard to place, performance drops: "BandageDressing"
 7:36:44.448 [CE][LootRespawner] (PRIDummy) :: Item [34] is hard to place, performance drops: "BandageDressing"
 7:36:44.448 [CE][LootRespawner] (PRIDummy) :: Item [35] is hard to place, performance drops: "BandageDressing"
 7:36:44.448 [CE][LootRespawner] (PRIDummy) :: Item [36] is hard to place, performance drops: "BandageDressing"
 7:36:44.448 [CE][LootRespawner] (PRIDummy) :: Item [37] is hard to place, performance drops: "BandageDressing"
 7:36:44.449 [CE][LootRespawner] (PRIDummy) :: Item [38] is hard to place, performance drops: "BandageDressing"
 7:36:44.449 [CE][LootRespawner] (PRIDummy) :: Item [39] is hard to place, performance drops: "BandageDressing"
 7:36:44.449 [CE][LootRespawner] (PRIDummy) :: Item [40] is hard to place, performance drops: "BandageDressing"
 7:36:44.449 [CE][LootRespawner] (PRIDummy) :: Item [41] is hard to place, performance drops: "BandageDressing"
 7:36:44.449 [CE][LootRespawner] (PRIDummy) :: Item [42] is hard to place, performance drops: "BandageDressing"
 7:36:44.449 [CE][LootRespawner] (PRIDummy) :: Item [43] is hard to place, performance drops: "BandageDressing"
 7:36:44.449 [CE][LootRespawner] (PRIDummy) :: Item [44] is hard to place, performance drops: "BandageDressing"
 7:36:44.449 [CE][LootRespawner] (PRIDummy) :: Item [45] is hard to place, performance drops: "BandageDressing"
 7:36:44.449 [CE][LootRespawner] (PRIDummy) :: Item [46] is hard to place, performance drops: "BandageDressing"
 7:36:44.449 [CE][LootRespawner] (PRIDummy) :: Item [47] is hard to place, performance drops: "BandageDressing"
 7:36:44.449 [CE][LootRespawner] (PRIDummy) :: Item [48] is hard to place, performance drops: "BandageDressing"
 7:36:44.449 [CE][LootRespawner] (PRIDummy) :: Item [49] is hard to place, performance drops: "BandageDressing"
 7:36:44.449 [CE][LootRespawner] (PRIDummy) :: Item [50] is hard to place, performance drops: "BandageDressing"
 7:36:44.449 [CE][LootRespawner] (PRIDummy) :: Item [51] is hard to place, performance drops: "BandageDressing"
 7:36:44.449 [CE][LootRespawner] (PRIDummy) :: Item [52] is hard to place, performance drops: "BandageDressing"
 7:36:44.449 [CE][LootRespawner] (PRIDummy) :: Item [53] is hard to place, performance drops: "BandageDressing"
 7:36:44.449 [CE][LootRespawner] (PRIDummy) :: Item [54] is hard to place, performance drops: "BandageDressing"
 7:36:44.449 [CE][LootRespawner] (PRIDummy) :: Item [55] is hard to place, performance drops: "BandageDressing"
 7:36:44.449 [CE][LootRespawner] (PRIDummy) :: Item [56] is hard to place, performance drops: "BandageDressing"
 7:36:44.449 [CE][LootRespawner] (PRIDummy) :: Item [57] is hard to place, performance drops: "BandageDressing"
 7:36:44.449 [CE][LootRespawner] (PRIDummy) :: Item [58] is hard to place, performance drops: "BandageDressing"
 7:36:44.449 [CE][LootRespawner] (PRIDummy) :: Item [59] is hard to place, performance drops: "BandageDressing"
 7:36:44.449 [CE][LootRespawner] (PRIDummy) :: Item [60] is hard to place, performance drops: "BandageDressing"
 7:36:44.449 [CE][LootRespawner] (PRIDummy) :: Item [61] is hard to place, performance drops: "BandageDressing"
 7:36:44.449 [CE][LootRespawner] (PRIDummy) :: Item [62] is hard to place, performance drops: "BandageDressing"
 7:36:44.449 [CE][LootRespawner] (PRIDummy) :: Item [63] is hard to place, performance drops: "BandageDressing"
 7:36:44.449 [CE][LootRespawner] (PRIDummy) :: Item [64] is hard to place, performance drops: "BandageDressing"
 7:36:44.449 [CE][LootRespawner] (PRIDummy) :: Item [65] is hard to place, performance drops: "BandageDressing"
 7:36:44.449 [CE][LootRespawner] (PRIDummy) :: Item [66] is hard to place, performance drops: "BandageDressing"
 7:36:44.449 [CE][LootRespawner] (PRIDummy) :: Item [67] is hard to place, performance drops: "BandageDressing"
 7:36:44.449 [CE][LootRespawner] (PRIDummy) :: Item [68] is hard to place, performance drops: "BandageDressing"
 7:36:44.449 [CE][LootRespawner] (PRIDummy) :: Item [69] is hard to place, performance drops: "BandageDressing"
 7:36:44.449 [CE][LootRespawner] (PRIDummy) :: Item [70] is hard to place, performance drops: "BandageDressing"
 7:36:44.449 [CE][LootRespawner] (PRIDummy) :: Item [71] is hard to place, performance drops: "BandageDressing"
 7:36:44.449 [CE][LootRespawner] (PRIDummy) :: Item [72] is hard to place, performance drops: "BandageDressing"
 7:36:44.449 [CE][LootRespawner] (PRIDummy) :: Item [73] is hard to place, performance drops: "BandageDressing"
 7:36:44.449 [CE][LootRespawner] (PRIDummy) :: Item [74] is hard to place, performance drops: "BandageDressing"
 7:36:44.449 [CE][LootRespawner] (PRIDummy) :: Item [75] is hard to place, performance drops: "BandageDressing"
 7:36:44.449 [CE][LootRespawner] (PRIDummy) :: Item [76] is hard to place, performance drops: "BandageDressing"
 7:36:44.449 [CE][LootRespawner] (PRIDummy) :: Item [77] is hard to place, performance drops: "BandageDressing"
 7:36:44.449 [CE][LootRespawner] (PRIDummy) :: Item [78] is hard to place, performance drops: "BandageDressing"
 7:36:44.449 [CE][LootRespawner] (PRIDummy) :: Item [79] is hard to place, performance drops: "BandageDressing"
 7:36:44.449 [CE][LootRespawner] (PRIDummy) :: Item [80] is hard to place, performance drops: "BandageDressing"
 7:36:44.449 [CE][LootRespawner] (PRIDummy) :: Item [81] is hard to place, performance drops: "BandageDressing"
 7:36:44.449 [CE][LootRespawner] (PRIDummy) :: Item [82] is hard to place, performance drops: "BandageDressing"
 7:36:44.449 [CE][LootRespawner] (PRIDummy) :: Item [83] is hard to place, performance drops: "BandageDressing"
 7:36:44.449 [CE][LootRespawner] (PRIDummy) :: Item [0] causing search overtime: "BandageDressing"
 7:36:44.548 [CE][LootRespawner] (PRIDummy) :: Item [1] causing search overtime: "HipPack_Party"
 7:36:44.648 [CE][LootRespawner] (PRIDummy) :: Item [2] causing search overtime: "Mag_CZ527_5rnd"
 7:36:44.747 [CE][LootRespawner] (PRIDummy) :: Item [84] is hard to place, performance drops: "STAG_Clothing_TacticalGloves"
 7:36:44.747 [CE][LootRespawner] (PRIDummy) :: Item [85] is hard to place, performance drops: "STAG_Clothing_TacticalGloves"
 7:36:44.747 [CE][LootRespawner] (PRIDummy) :: Item [86] is hard to place, performance drops: "STAG_Clothing_TacticalGloves"
 7:36:44.747 [CE][LootRespawner] (PRIDummy) :: Item [87] is hard to place, performance drops: "STAG_Clothing_TacticalGloves"
 7:36:44.747 [CE][LootRespawner] (PRIDummy) :: Item [88] is hard to place, performance drops: "STAG_Clothing_TacticalGloves"
 7:36:44.747 [CE][LootRespawner] (PRIDummy) :: Item [89] is hard to place, performance drops: "STAG_Clothing_TacticalGloves"
 7:36:44.747 [CE][LootRespawner] (PRIDummy) :: Item [90] is hard to place, performance drops: "STAG_Clothing_TacticalGloves"
 7:36:44.747 [CE][LootRespawner] (PRIDummy) :: Item [91] is hard to place, performance drops: "STAG_Clothing_TacticalGloves"
 7:36:44.747 [CE][LootRespawner] (PRIDummy) :: Item [92] is hard to place, performance drops: "STAG_Clothing_TacticalGloves"
 7:36:44.747 [CE][LootRespawner] (PRIDummy) :: Item [93] is hard to place, performance drops: "STAG_Clothing_TacticalGloves"
 7:36:44.747 [CE][LootRespawner] (PRIDummy) :: Item [94] is hard to place, performance drops: "STAG_Clothing_TacticalGloves"
 7:36:44.747 [CE][LootRespawner] (PRIDummy) :: Item [95] is hard to place, performance drops: "STAG_Clothing_TacticalGloves"
 7:36:44.747 [CE][LootRespawner] (PRIDummy) :: Item [96] is hard to place, performance drops: "STAG_Clothing_TacticalGloves"
 7:36:44.747 [CE][LootRespawner] (PRIDummy) :: Item [97] is hard to place, performance drops: "STAG_Clothing_TacticalGloves"
 7:36:44.747 [CE][LootRespawner] (PRIDummy) :: Item [98] is hard to place, performance drops: "STAG_Clothing_TacticalGloves"
 7:36:44.747 [CE][LootRespawner] (PRIDummy) :: Item [99] is hard to place, performance drops: "STAG_Clothing_TacticalGloves"
 7:36:44.748 [CE][LootRespawner] (PRIDummy) :: Item [100] is hard to place, performance drops: "STAG_Clothing_TacticalGloves"
 7:36:44.748 [CE][LootRespawner] (PRIDummy) :: Item [101] is hard to place, performance drops: "STAG_Clothing_TacticalGloves"
 7:36:44.748 [CE][LootRespawner] (PRIDummy) :: Item [102] is hard to place, performance drops: "STAG_Clothing_TacticalGloves"
 7:36:44.748 [CE][LootRespawner] (PRIDummy) :: Item [103] is hard to place, performance drops: "STAG_Clothing_TacticalGloves"
 7:36:44.748 [CE][LootRespawner] (PRIDummy) :: Item [104] is hard to place, performance drops: "STAG_Clothing_TacticalGloves"
 7:36:44.748 [CE][LootRespawner] (PRIDummy) :: Item [105] is hard to place, performance drops: "STAG_Clothing_TacticalGloves"
 7:36:44.748 [CE][LootRespawner] (PRIDummy) :: Item [106] is hard to place, performance drops: "STAG_Clothing_TacticalGloves"
 7:36:44.748 [CE][LootRespawner] (PRIDummy) :: Item [107] is hard to place, performance drops: "STAG_Clothing_TacticalGloves"
 7:36:44.748 [CE][LootRespawner] (PRIDummy) :: Item [108] is hard to place, performance drops: "STAG_Clothing_TacticalGloves"
 7:36:44.748 [CE][LootRespawner] (PRIDummy) :: Item [109] is hard to place, performance drops: "STAG_Clothing_TacticalGloves"
 7:36:44.748 [CE][LootRespawner] (PRIDummy) :: Item [110] is hard to place, performance drops: "STAG_Clothing_TacticalGloves"
 7:36:44.748 [CE][LootRespawner] (PRIDummy) :: Item [111] is hard to place, performance drops: "STAG_Clothing_TacticalGloves"
 7:36:44.748 [CE][LootRespawner] (PRIDummy) :: Item [112] is hard to place, performance drops: "STAG_Clothing_TacticalGloves"
 7:36:44.748 [CE][LootRespawner] (PRIDummy) :: Item [113] is hard to place, performance drops: "STAG_Clothing_TacticalGloves"
 7:36:44.748 [CE][LootRespawner] (PRIDummy) :: Item [114] is hard to place, performance drops: "STAG_Clothing_TacticalGloves"
 7:36:44.748 [CE][LootRespawner] (PRIDummy) :: Item [115] is hard to place, performance drops: "STAG_Clothing_TacticalGloves"
 7:36:44.748 [CE][LootRespawner] (PRIDummy) :: Item [116] is hard to place, performance drops: "STAG_Clothing_TacticalGloves"
 7:36:44.748 [CE][LootRespawner] (PRIDummy) :: Item [117] is hard to place, performance drops: "STAG_Clothing_TacticalGloves"
 7:36:44.748 [CE][LootRespawner] (PRIDummy) :: Item [118] is hard to place, performance drops: "STAG_Clothing_TacticalGloves"
 7:36:44.748 [CE][LootRespawner] (PRIDummy) :: Item [119] is hard to place, performance drops: "STAG_Clothing_TacticalGloves"
 7:36:44.748 [CE][LootRespawner] (PRIDummy) :: Item [120] is hard to place, performance drops: "STAG_Clothing_TacticalGloves"
 7:36:44.748 [CE][LootRespawner] (PRIDummy) :: Item [121] is hard to place, performance drops: "STAG_Clothing_TacticalGloves"
 7:36:44.748 [CE][LootRespawner] (PRIDummy) :: Item [122] is hard to place, performance drops: "STAG_Clothing_TacticalGloves"
 7:36:44.748 [CE][LootRespawner] (PRIDummy) :: Item [123] is hard to place, performance drops: "STAG_Clothing_TacticalGloves"
 7:36:44.748 [CE][LootRespawner] (PRIDummy) :: Item [124] is hard to place, performance drops: "STAG_Clothing_TacticalGloves"
 7:36:44.748 [CE][LootRespawner] (PRIDummy) :: Item [125] is hard to place, performance drops: "STAG_Clothing_TacticalGloves"
 7:36:44.748 [CE][LootRespawner] (PRIDummy) :: Item [126] is hard to place, performance drops: "STAG_Clothing_TacticalGloves"
 7:36:44.748 [CE][LootRespawner] (PRIDummy) :: Item [127] is hard to place, performance drops: "STAG_Clothing_TacticalGloves"
 7:36:44.748 [CE][LootRespawner] (PRIDummy) :: Item [128] is hard to place, performance drops: "STAG_Clothing_TacticalGloves"
 7:36:44.748 [CE][LootRespawner] (PRIDummy) :: Item [129] is hard to place, performance drops: "STAG_Clothing_TacticalGloves"
 7:36:44.748 [CE][LootRespawner] (PRIDummy) :: Item [130] is hard to place, performance drops: "STAG_Clothing_TacticalGloves"
 7:36:44.748 [CE][LootRespawner] (PRIDummy) :: Item [131] is hard to place, performance drops: "STAG_Clothing_TacticalGloves"
 7:36:44.748 [CE][LootRespawner] (PRIDummy) :: Item [132] is hard to place, performance drops: "STAG_Clothing_TacticalGloves"
 7:36:44.748 [CE][LootRespawner] (PRIDummy) :: Item [133] is hard to place, performance drops: "STAG_Clothing_TacticalGloves"
 7:36:44.748 [CE][LootRespawner] (PRIDummy) :: Item [134] is hard to place, performance drops: "STAG_Clothing_TacticalGloves"
 7:36:44.748 [CE][LootRespawner] (PRIDummy) :: Item [135] is hard to place, performance drops: "STAG_Clothing_TacticalGloves"
 7:36:44.748 [CE][LootRespawner] (PRIDummy) :: Item [136] is hard to place, performance drops: "STAG_Clothing_TacticalGloves"
 7:36:44.748 [CE][LootRespawner] (PRIDummy) :: Item [137] is hard to place, performance drops: "STAG_Clothing_TacticalGloves"
 7:36:44.748 [CE][LootRespawner] (PRIDummy) :: Item [138] is hard to place, performance drops: "STAG_Clothing_TacticalGloves"
 7:36:44.748 [CE][LootRespawner] (PRIDummy) :: Item [139] is hard to place, performance drops: "STAG_Clothing_TacticalGloves"
 7:36:44.748 [CE][LootRespawner] (PRIDummy) :: Item [140] is hard to place, performance drops: "STAG_Clothing_TacticalGloves"
 7:36:44.748 [CE][LootRespawner] (PRIDummy) :: Item [141] is hard to place, performance drops: "STAG_Clothing_TacticalGloves"
 7:36:44.748 [CE][LootRespawner] (PRIDummy) :: Item [142] is hard to place, performance drops: "STAG_Clothing_TacticalGloves"
 7:36:44.748 [CE][LootRespawner] (PRIDummy) :: Item [143] is hard to place, performance drops: "STAG_Clothing_TacticalGloves"
 7:36:44.748 [CE][LootRespawner] (PRIDummy) :: Item [144] is hard to place, performance drops: "STAG_Clothing_TacticalGloves"
 7:36:44.748 [CE][LootRespawner] (PRIDummy) :: Item [145] is hard to place, performance drops: "STAG_Clothing_TacticalGloves"
 7:36:44.748 [CE][LootRespawner] (PRIDummy) :: Item [146] is hard to place, performance drops: "STAG_Clothing_TacticalGloves"
 7:36:44.748 [CE][LootRespawner] (PRIDummy) :: Item [147] is hard to place, performance drops: "STAG_Clothing_TacticalGloves"
 7:36:44.748 [CE][LootRespawner] (PRIDummy) :: Item [148] is hard to place, performance drops: "STAG_Clothing_TacticalGloves"
 7:36:44.748 [CE][LootRespawner] (PRIDummy) :: Item [149] is hard to place, performance drops: "STAG_Clothing_TacticalGloves"
 7:36:44.748 [CE][LootRespawner] (PRIDummy) :: Item [150] is hard to place, performance drops: "STAG_Clothing_TacticalGloves"
 7:36:44.748 [CE][LootRespawner] (PRIDummy) :: Item [151] is hard to place, performance drops: "STAG_Clothing_TacticalGloves"
 7:36:44.748 [CE][LootRespawner] (PRIDummy) :: Item [152] is hard to place, performance drops: "STAG_Clothing_TacticalGloves"
 7:36:44.748 [CE][LootRespawner] (PRIDummy) :: Item [153] is hard to place, performance drops: "STAG_Clothing_TacticalGloves"
 7:36:44.748 [CE][LootRespawner] (PRIDummy) :: Item [154] is hard to place, performance drops: "STAG_Clothing_TacticalGloves"
 7:36:44.748 [CE][LootRespawner] (PRIDummy) :: Item [155] is hard to place, performance drops: "STAG_Clothing_TacticalGloves"
 7:36:44.748 [CE][LootRespawner] (PRIDummy) :: Item [156] is hard to place, performance drops: "STAG_Clothing_TacticalGloves"
 7:36:44.748 [CE][LootRespawner] (PRIDummy) :: Item [157] is hard to place, performance drops: "STAG_Clothing_TacticalGloves"
 7:36:44.748 [CE][LootRespawner] (PRIDummy) :: Item [158] is hard to place, performance drops: "STAG_Clothing_TacticalGloves"
 7:36:44.749 [CE][LootRespawner] (PRIDummy) :: Item [159] is hard to place, performance drops: "STAG_Clothing_TacticalGloves"
 7:36:44.749 [CE][LootRespawner] (PRIDummy) :: Item [160] is hard to place, performance drops: "STAG_Clothing_TacticalGloves"
 7:36:44.749 [CE][LootRespawner] (PRIDummy) :: Item [161] is hard to place, performance drops: "STAG_Clothing_TacticalGloves"
 7:36:44.749 [CE][LootRespawner] (PRIDummy) :: Item [162] is hard to place, performance drops: "STAG_Clothing_TacticalGloves"
 7:36:44.749 [CE][LootRespawner] (PRIDummy) :: Item [163] is hard to place, performance drops: "STAG_Clothing_TacticalGloves"
 7:36:44.749 [CE][LootRespawner] (PRIDummy) :: Item [164] is hard to place, performance drops: "STAG_Clothing_TacticalGloves"
 7:36:44.749 [CE][LootRespawner] (PRIDummy) :: Item [165] is hard to place, performance drops: "STAG_Clothing_TacticalGloves"
 7:36:44.749 [CE][LootRespawner] (PRIDummy) :: Item [166] is hard to place, performance drops: "STAG_Clothing_TacticalGloves"
 7:36:44.749 [CE][LootRespawner] (PRIDummy) :: Item [167] is hard to place, performance drops: "STAG_Clothing_TacticalGloves"
 7:36:44.749 [CE][LootRespawner] (PRIDummy) :: Item [168] is hard to place, performance drops: "STAG_Clothing_TacticalGloves"
 7:36:44.749 [CE][LootRespawner] (PRIDummy) :: Item [169] is hard to place, performance drops: "STAG_Clothing_TacticalGloves"
 7:36:44.749 [CE][LootRespawner] (PRIDummy) :: Item [3] causing search overtime: "STAG_Clothing_TacticalGloves"
 7:36:44.848 [CE][LootRespawner] (PRIDummy) :: Item [170] is hard to place, performance drops: "Vikhr"
 7:36:44.848 [CE][LootRespawner] (PRIDummy) :: Item [171] is hard to place, performance drops: "Vikhr"
 7:36:44.848 [CE][LootRespawner] (PRIDummy) :: Item [172] is hard to place, performance drops: "Vikhr"
 7:36:44.848 [CE][LootRespawner] (PRIDummy) :: Item [173] is hard to place, performance drops: "Vikhr"
 7:36:44.848 [CE][LootRespawner] (PRIDummy) :: Item [174] is hard to place, performance drops: "Vikhr"
 7:36:44.848 [CE][LootRespawner] (PRIDummy) :: Item [175] is hard to place, performance drops: "Vikhr"
 7:36:44.848 [CE][LootRespawner] (PRIDummy) :: Item [176] is hard to place, performance drops: "Vikhr"
 7:36:44.848 [CE][LootRespawner] (PRIDummy) :: Item [177] is hard to place, performance drops: "Vikhr"
 7:36:44.848 [CE][LootRespawner] (PRIDummy) :: Item [178] is hard to place, performance drops: "Vikhr"
 7:36:44.848 [CE][LootRespawner] (PRIDummy) :: Item [4] causing search overtime: "Vikhr"
 7:36:44.948 [CE][LootRespawner] (PRIDummy) :: Item [179] is hard to place, performance drops: "STAG_Clothing_Armband"
 7:36:44.948 [CE][LootRespawner] (PRIDummy) :: Item [180] is hard to place, performance drops: "STAG_Clothing_Armband"
 7:36:44.948 [CE][LootRespawner] (PRIDummy) :: Item [181] is hard to place, performance drops: "STAG_Clothing_Armband"
 7:36:44.948 [CE][LootRespawner] (PRIDummy) :: Item [182] is hard to place, performance drops: "STAG_Clothing_Armband"
 7:36:44.948 [CE][LootRespawner] (PRIDummy) :: Item [183] is hard to place, performance drops: "STAG_Clothing_Armband"
 7:36:44.948 [CE][LootRespawner] (PRIDummy) :: Item [184] is hard to place, performance drops: "STAG_Clothing_Armband"
 7:36:44.948 [CE][LootRespawner] (PRIDummy) :: Item [185] is hard to place, performance drops: "STAG_Clothing_Armband"
 7:36:44.948 [CE][LootRespawner] (PRIDummy) :: Item [186] is hard to place, performance drops: "STAG_Clothing_Armband"
 7:36:44.948 [CE][LootRespawner] (PRIDummy) :: Item [187] is hard to place, performance drops: "STAG_Clothing_Armband"
 7:36:44.948 [CE][LootRespawner] (PRIDummy) :: Item [188] is hard to place, performance drops: "STAG_Clothing_Armband"
 7:36:44.948 [CE][LootRespawner] (PRIDummy) :: Item [189] is hard to place, performance drops: "STAG_Clothing_Armband"
 7:36:44.948 [CE][LootRespawner] (PRIDummy) :: Item [190] is hard to place, performance drops: "STAG_Clothing_Armband"
 7:36:44.948 [CE][LootRespawner] (PRIDummy) :: Item [191] is hard to place, performance drops: "STAG_Clothing_Armband"
 7:36:44.948 [CE][LootRespawner] (PRIDummy) :: Item [192] is hard to place, performance drops: "STAG_Clothing_Armband"
 7:36:44.948 [CE][LootRespawner] (PRIDummy) :: Item [193] is hard to place, performance drops: "STAG_Clothing_Armband"
 7:36:44.948 [CE][LootRespawner] (PRIDummy) :: Item [194] is hard to place, performance drops: "STAG_Clothing_Armband"
 7:36:44.948 [CE][LootRespawner] (PRIDummy) :: Item [195] is hard to place, performance drops: "STAG_Clothing_Armband"
 7:36:44.948 [CE][LootRespawner] (PRIDummy) :: Item [196] is hard to place, performance drops: "STAG_Clothing_Armband"
 7:36:44.948 [CE][LootRespawner] (PRIDummy) :: Item [197] is hard to place, performance drops: "STAG_Clothing_Armband"
 7:36:44.948 [CE][LootRespawner] (PRIDummy) :: Item [198] is hard to place, performance drops: "STAG_Clothing_Armband"
 7:36:44.948 [CE][LootRespawner] (PRIDummy) :: Item [199] is hard to place, performance drops: "STAG_Clothing_Armband"
 7:36:44.948 [CE][LootRespawner] (PRIDummy) :: Item [200] is hard to place, performance drops: "STAG_Clothing_Armband"
 7:36:44.948 [CE][LootRespawner] (PRIDummy) :: Item [201] is hard to place, performance drops: "STAG_Clothing_Armband"
 7:36:44.948 [CE][LootRespawner] (PRIDummy) :: Item [202] is hard to place, performance drops: "STAG_Clothing_Armband"
 7:36:44.948 [CE][LootRespawner] (PRIDummy) :: Item [203] is hard to place, performance drops: "STAG_Clothing_Armband"
 7:36:44.948 [CE][LootRespawner] (PRIDummy) :: Item [204] is hard to place, performance drops: "STAG_Clothing_Armband"
 7:36:44.948 [CE][LootRespawner] (PRIDummy) :: Item [205] is hard to place, performance drops: "STAG_Clothing_Armband"
 7:36:44.948 [CE][LootRespawner] (PRIDummy) :: Item [206] is hard to place, performance drops: "STAG_Clothing_Armband"
 7:36:44.948 [CE][LootRespawner] (PRIDummy) :: Item [207] is hard to place, performance drops: "STAG_Clothing_Armband"
 7:36:44.948 [CE][LootRespawner] (PRIDummy) :: Item [208] is hard to place, performance drops: "STAG_Clothing_Armband"
 7:36:44.948 [CE][LootRespawner] (PRIDummy) :: Item [209] is hard to place, performance drops: "STAG_Clothing_Armband"
 7:36:44.948 [CE][LootRespawner] (PRIDummy) :: Item [210] is hard to place, performance drops: "STAG_Clothing_Armband"
 7:36:44.948 [CE][LootRespawner] (PRIDummy) :: Item [211] is hard to place, performance drops: "STAG_Clothing_Armband"
 7:36:44.948 [CE][LootRespawner] (PRIDummy) :: Item [212] is hard to place, performance drops: "STAG_Clothing_Armband"
 7:36:44.948 [CE][LootRespawner] (PRIDummy) :: Item [213] is hard to place, performance drops: "STAG_Clothing_Armband"
 7:36:44.948 [CE][LootRespawner] (PRIDummy) :: Item [214] is hard to place, performance drops: "STAG_Clothing_Armband"
 7:36:44.948 [CE][LootRespawner] (PRIDummy) :: Item [215] is hard to place, performance drops: "STAG_Clothing_Armband"
 7:36:44.948 [CE][LootRespawner] (PRIDummy) :: Item [216] is hard to place, performance drops: "STAG_Clothing_Armband"
 7:36:44.948 [CE][LootRespawner] (PRIDummy) :: Item [217] is hard to place, performance drops: "STAG_Clothing_Armband"
 7:36:44.948 [CE][LootRespawner] (PRIDummy) :: Item [218] is hard to place, performance drops: "STAG_Clothing_Armband"
 7:36:44.948 [CE][LootRespawner] (PRIDummy) :: Item [219] is hard to place, performance drops: "STAG_Clothing_Armband"
 7:36:44.948 [CE][LootRespawner] (PRIDummy) :: Item [220] is hard to place, performance drops: "STAG_Clothing_Armband"
 7:36:44.948 [CE][LootRespawner] (PRIDummy) :: Item [221] is hard to place, performance drops: "STAG_Clothing_Armband"
 7:36:44.948 [CE][LootRespawner] (PRIDummy) :: Item [222] is hard to place, performance drops: "STAG_Clothing_Armband"
 7:36:44.948 [CE][LootRespawner] (PRIDummy) :: Item [223] is hard to place, performance drops: "STAG_Clothing_Armband"
 7:36:44.948 [CE][LootRespawner] (PRIDummy) :: Item [224] is hard to place, performance drops: "STAG_Clothing_Armband"
 7:36:44.948 [CE][LootRespawner] (PRIDummy) :: Item [225] is hard to place, performance drops: "STAG_Clothing_Armband"
 7:36:44.948 [CE][LootRespawner] (PRIDummy) :: Item [226] is hard to place, performance drops: "STAG_Clothing_Armband"
 7:36:44.948 [CE][LootRespawner] (PRIDummy) :: Item [227] is hard to place, performance drops: "STAG_Clothing_Armband"
 7:36:44.948 [CE][LootRespawner] (PRIDummy) :: Item [228] is hard to place, performance drops: "STAG_Clothing_Armband"
 7:36:44.948 [CE][LootRespawner] (PRIDummy) :: Item [229] is hard to place, performance drops: "STAG_Clothing_Armband"
 7:36:44.948 [CE][LootRespawner] (PRIDummy) :: Item [230] is hard to place, performance drops: "STAG_Clothing_Armband"
 7:36:44.948 [CE][LootRespawner] (PRIDummy) :: Item [231] is hard to place, performance drops: "STAG_Clothing_Armband"
 7:36:44.948 [CE][LootRespawner] (PRIDummy) :: Item [232] is hard to place, performance drops: "STAG_Clothing_Armband"
 7:36:44.948 [CE][LootRespawner] (PRIDummy) :: Item [233] is hard to place, performance drops: "STAG_Clothing_Armband"
 7:36:44.948 [CE][LootRespawner] (PRIDummy) :: Item [234] is hard to place, performance drops: "STAG_Clothing_Armband"
 7:36:44.948 [CE][LootRespawner] (PRIDummy) :: Item [235] is hard to place, performance drops: "STAG_Clothing_Armband"
 7:36:44.948 [CE][LootRespawner] (PRIDummy) :: Item [236] is hard to place, performance drops: "STAG_Clothing_Armband"
 7:36:44.948 [CE][LootRespawner] (PRIDummy) :: Item [237] is hard to place, performance drops: "STAG_Clothing_Armband"
 7:36:44.948 [CE][LootRespawner] (PRIDummy) :: Item [238] is hard to place, performance drops: "STAG_Clothing_Armband"
 7:36:44.948 [CE][LootRespawner] (PRIDummy) :: Item [239] is hard to place, performance drops: "STAG_Clothing_Armband"
 7:36:44.948 [CE][LootRespawner] (PRIDummy) :: Item [240] is hard to place, performance drops: "STAG_Clothing_Armband"
 7:36:44.948 [CE][LootRespawner] (PRIDummy) :: Item [241] is hard to place, performance drops: "STAG_Clothing_Armband"
 7:36:44.948 [CE][LootRespawner] (PRIDummy) :: Item [242] is hard to place, performance drops: "STAG_Clothing_Armband"
 7:36:44.948 [CE][LootRespawner] (PRIDummy) :: Item [243] is hard to place, performance drops: "STAG_Clothing_Armband"
 7:36:44.948 [CE][LootRespawner] (PRIDummy) :: Item [244] is hard to place, performance drops: "STAG_Clothing_Armband"
 7:36:44.948 [CE][LootRespawner] (PRIDummy) :: Item [245] is hard to place, performance drops: "STAG_Clothing_Armband"
 7:36:44.948 [CE][LootRespawner] (PRIDummy) :: Item [246] is hard to place, performance drops: "STAG_Clothing_Armband"
 7:36:44.948 [CE][LootRespawner] (PRIDummy) :: Item [247] is hard to place, performance drops: "STAG_Clothing_Armband"
 7:36:44.948 [CE][LootRespawner] (PRIDummy) :: Item [248] is hard to place, performance drops: "STAG_Clothing_Armband"
 7:36:44.948 [CE][LootRespawner] (PRIDummy) :: Item [249] is hard to place, performance drops: "STAG_Clothing_Armband"
 7:36:44.948 [CE][LootRespawner] (PRIDummy) :: Item [250] is hard to place, performance drops: "STAG_Clothing_Armband"
 7:36:44.948 [CE][LootRespawner] (PRIDummy) :: Item [251] is hard to place, performance drops: "STAG_Clothing_Armband"
 7:36:44.948 [CE][LootRespawner] (PRIDummy) :: Item [252] is hard to place, performance drops: "STAG_Clothing_Armband"
 7:36:44.948 [CE][LootRespawner] (PRIDummy) :: Item [253] is hard to place, performance drops: "STAG_Clothing_Armband"
 7:36:44.948 [CE][LootRespawner] (PRIDummy) :: Item [254] is hard to place, performance drops: "STAG_Clothing_Armband"
 7:36:44.948 [CE][LootRespawner] (PRIDummy) :: Item [255] is hard to place, performance drops: "STAG_Clothing_Armband"
 7:36:44.948 [CE][LootRespawner] (PRIDummy) :: Item [256] is hard to place, performance drops: "STAG_Clothing_Armband"
 7:36:44.948 [CE][LootRespawner] (PRIDummy) :: Item [257] is hard to place, performance drops: "STAG_Clothing_Armband"
 7:36:44.948 [CE][LootRespawner] (PRIDummy) :: Item [258] is hard to place, performance drops: "STAG_Clothing_Armband"
 7:36:44.948 [CE][LootRespawner] (PRIDummy) :: Item [259] is hard to place, performance drops: "STAG_Clothing_Armband"
 7:36:44.948 [CE][LootRespawner] (PRIDummy) :: Item [260] is hard to place, performance drops: "STAG_Clothing_Armband"
 7:36:44.948 [CE][LootRespawner] (PRIDummy) :: Item [261] is hard to place, performance drops: "STAG_Clothing_Armband"
 7:36:44.948 [CE][LootRespawner] (PRIDummy) :: Item [262] is hard to place, performance drops: "STAG_Clothing_Armband"
 7:36:44.948 [CE][LootRespawner] (PRIDummy) :: Item [263] is hard to place, performance drops: "STAG_Clothing_Armband"
 7:36:44.948 [CE][LootRespawner] (PRIDummy) :: Item [264] is hard to place, performance drops: "STAG_Clothing_Armband"
 7:36:44.948 [CE][LootRespawner] (PRIDummy) :: Item [5] causing search overtime: "STAG_Clothing_Armband"
 7:36:45.48 [CE][LootRespawner] (PRIDummy) :: Item [265] is hard to place, performance drops: "SA_Loot_Chest_Yellow"
 7:36:45.48 [CE][LootRespawner] (PRIDummy) :: Item [266] is hard to place, performance drops: "SA_Loot_Chest_Yellow"
 7:36:45.48 [CE][LootRespawner] (PRIDummy) :: Item [267] is hard to place, performance drops: "SA_Loot_Chest_Yellow"
 7:36:45.48 [CE][LootRespawner] (PRIDummy) :: Item [268] is hard to place, performance drops: "SA_Loot_Chest_Yellow"
 7:36:45.48 [CE][LootRespawner] (PRIDummy) :: Item [269] is hard to place, performance drops: "SA_Loot_Chest_Yellow"
 7:36:45.48 [CE][LootRespawner] (PRIDummy) :: Item [270] is hard to place, performance drops: "SA_Loot_Chest_Yellow"
 7:36:45.48 [CE][LootRespawner] (PRIDummy) :: Item [271] is hard to place, performance drops: "SA_Loot_Chest_Yellow"
 7:36:45.48 [CE][LootRespawner] (PRIDummy) :: Item [272] is hard to place, performance drops: "SA_Loot_Chest_Yellow"
 7:36:45.48 [CE][LootRespawner] (PRIDummy) :: Item [6] causing search overtime: "SA_Loot_Chest_Yellow"
 7:36:45.147 [CE][LootRespawner] (PRIDummy) :: Item [273] is hard to place, performance drops: "Saiga"
 7:36:45.148 [CE][LootRespawner] (PRIDummy) :: Item [274] is hard to place, performance drops: "Saiga"
 7:36:45.148 [CE][LootRespawner] (PRIDummy) :: Item [275] is hard to place, performance drops: "Saiga"
 7:36:45.148 [CE][LootRespawner] (PRIDummy) :: Item [276] is hard to place, performance drops: "Saiga"
 7:36:45.148 [CE][LootRespawner] (PRIDummy) :: Item [277] is hard to place, performance drops: "Saiga"
 7:36:45.148 [CE][LootRespawner] (PRIDummy) :: Item [278] is hard to place, performance drops: "Saiga"
 7:36:45.148 [CE][LootRespawner] (PRIDummy) :: Item [279] is hard to place, performance drops: "Saiga"
 7:36:45.148 [CE][LootRespawner] (PRIDummy) :: Item [280] is hard to place, performance drops: "Saiga"
 7:36:45.148 [CE][LootRespawner] (PRIDummy) :: Item [7] causing search overtime: "Saiga"
 7:36:45.373 [CE][LootRespawner] (PRIDummy) :: Item [281] is hard to place, performance drops: "AmmoBox_762x39_20Rnd"
 7:36:45.373 [CE][LootRespawner] (PRIDummy) :: Item [282] is hard to place, performance drops: "AmmoBox_762x39_20Rnd"
 7:36:45.373 [CE][LootRespawner] (PRIDummy) :: Item [283] is hard to place, performance drops: "AmmoBox_762x39_20Rnd"
 7:36:45.373 [CE][LootRespawner] (PRIDummy) :: Item [284] is hard to place, performance drops: "AmmoBox_762x39_20Rnd"
 7:36:45.373 [CE][LootRespawner] (PRIDummy) :: Item [285] is hard to place, performance drops: "AmmoBox_762x39_20Rnd"
 7:36:45.373 [CE][LootRespawner] (PRIDummy) :: Item [286] is hard to place, performance drops: "AmmoBox_762x39_20Rnd"
 7:36:45.373 [CE][LootRespawner] (PRIDummy) :: Item [287] is hard to place, performance drops: "AmmoBox_762x39_20Rnd"
 7:36:45.373 [CE][LootRespawner] (PRIDummy) :: Item [288] is hard to place, performance drops: "AmmoBox_762x39_20Rnd"
 7:36:45.373 [CE][LootRespawner] (PRIDummy) :: Item [289] is hard to place, performance drops: "AmmoBox_762x39_20Rnd"
 7:36:45.373 [CE][LootRespawner] (PRIDummy) :: Item [8] causing search overtime: "AmmoBox_762x39_20Rnd"
 7:36:45.470 [CE][LootRespawner] (PRIDummy) :: Item [290] is hard to place, performance drops: "AmmoBox_545x39Tracer_20Rnd"
 7:36:45.470 [CE][LootRespawner] (PRIDummy) :: Item [291] is hard to place, performance drops: "AmmoBox_545x39Tracer_20Rnd"
 7:36:45.470 [CE][LootRespawner] (PRIDummy) :: Item [292] is hard to place, performance drops: "AmmoBox_545x39Tracer_20Rnd"
 7:36:45.470 [CE][LootRespawner] (PRIDummy) :: Item [293] is hard to place, performance drops: "AmmoBox_545x39Tracer_20Rnd"
 7:36:45.470 [CE][LootRespawner] (PRIDummy) :: Item [294] is hard to place, performance drops: "AmmoBox_545x39Tracer_20Rnd"
 7:36:45.470 [CE][LootRespawner] (PRIDummy) :: Item [295] is hard to place, performance drops: "AmmoBox_545x39Tracer_20Rnd"
 7:36:45.470 [CE][LootRespawner] (PRIDummy) :: Item [296] is hard to place, performance drops: "AmmoBox_545x39Tracer_20Rnd"
 7:36:45.470 [CE][LootRespawner] (PRIDummy) :: Item [297] is hard to place, performance drops: "AmmoBox_545x39Tracer_20Rnd"
 7:36:45.470 [CE][LootRespawner] (PRIDummy) :: Item [298] is hard to place, performance drops: "AmmoBox_545x39Tracer_20Rnd"
 7:36:45.470 [CE][LootRespawner] (PRIDummy) :: Item [9] causing search overtime: "AmmoBox_545x39Tracer_20Rnd"
 7:36:45.569 [CE][LootRespawner] (PRIDummy) :: Item [299] is hard to place, performance drops: "AmmoBox_556x45_20Rnd"
 7:36:45.569 [CE][LootRespawner] (PRIDummy) :: Item [300] is hard to place, performance drops: "AmmoBox_556x45_20Rnd"
 7:36:45.569 [CE][LootRespawner] (PRIDummy) :: Item [301] is hard to place, performance drops: "AmmoBox_556x45_20Rnd"
 7:36:45.569 [CE][LootRespawner] (PRIDummy) :: Item [302] is hard to place, performance drops: "AmmoBox_556x45_20Rnd"
 7:36:45.569 [CE][LootRespawner] (PRIDummy) :: Item [303] is hard to place, performance drops: "AmmoBox_556x45_20Rnd"
 7:36:45.569 [CE][LootRespawner] (PRIDummy) :: Item [304] is hard to place, performance drops: "AmmoBox_556x45_20Rnd"
 7:36:45.569 [CE][LootRespawner] (PRIDummy) :: Item [305] is hard to place, performance drops: "AmmoBox_556x45_20Rnd"
 7:36:45.570 [CE][LootRespawner] (PRIDummy) :: Item [306] is hard to place, performance drops: "AmmoBox_556x45_20Rnd"
 7:36:45.570 [CE][LootRespawner] (PRIDummy) :: Item [307] is hard to place, performance drops: "AmmoBox_556x45_20Rnd"
 7:36:45.570 [CE][LootRespawner] (PRIDummy) :: Item [10] causing search overtime: "AmmoBox_556x45_20Rnd"
 7:36:45.670 [CE][LootRespawner] (PRIDummy) :: Item [308] is hard to place, performance drops: "FAMAS"
 7:36:45.670 [CE][LootRespawner] (PRIDummy) :: Item [309] is hard to place, performance drops: "FAMAS"
 7:36:45.670 [CE][LootRespawner] (PRIDummy) :: Item [310] is hard to place, performance drops: "FAMAS"
 7:36:45.670 [CE][LootRespawner] (PRIDummy) :: Item [311] is hard to place, performance drops: "FAMAS"
 7:36:45.670 [CE][LootRespawner] (PRIDummy) :: Item [312] is hard to place, performance drops: "FAMAS"
 7:36:45.670 [CE][LootRespawner] (PRIDummy) :: Item [313] is hard to place, performance drops: "FAMAS"
 7:36:45.670 [CE][LootRespawner] (PRIDummy) :: Item [314] is hard to place, performance drops: "FAMAS"
 7:36:45.670 [CE][LootRespawner] (PRIDummy) :: Item [11] causing search overtime: "FAMAS"
 7:36:45.770 [CE][LootRespawner] (PRIDummy) :: Item [12] causing search overtime: "Mag_CZ550_10rnd"
 7:36:45.871 [CE][LootRespawner] (PRIDummy) :: Item [315] is hard to place, performance drops: "M18SmokeGrenade_Red"
 7:36:45.871 [CE][LootRespawner] (PRIDummy) :: Item [316] is hard to place, performance drops: "M18SmokeGrenade_Red"
 7:36:45.871 [CE][LootRespawner] (PRIDummy) :: Item [317] is hard to place, performance drops: "M18SmokeGrenade_Red"
 7:36:45.871 [CE][LootRespawner] (PRIDummy) :: Item [318] is hard to place, performance drops: "M18SmokeGrenade_Red"
 7:36:45.871 [CE][LootRespawner] (PRIDummy) :: Item [319] is hard to place, performance drops: "M18SmokeGrenade_Red"
 7:36:45.871 [CE][LootRespawner] (PRIDummy) :: Item [320] is hard to place, performance drops: "M18SmokeGrenade_Red"
 7:36:45.871 [CE][LootRespawner] (PRIDummy) :: Item [321] is hard to place, performance drops: "M18SmokeGrenade_Red"
 7:36:45.871 [CE][LootRespawner] (PRIDummy) :: Item [322] is hard to place, performance drops: "M18SmokeGrenade_Red"
 7:36:45.871 [CE][LootRespawner] (PRIDummy) :: Item [13] causing search overtime: "M18SmokeGrenade_Red"
 7:36:46.08 [CE][LootRespawner] (PRIDummy) :: Item [323] is hard to place, performance drops: "SA_Loot_Chest_Red"
 7:36:46.08 [CE][LootRespawner] (PRIDummy) :: Item [324] is hard to place, performance drops: "SA_Loot_Chest_Red"
 7:36:46.08 [CE][LootRespawner] (PRIDummy) :: Item [325] is hard to place, performance drops: "SA_Loot_Chest_Red"
 7:36:46.08 [CE][LootRespawner] (PRIDummy) :: Item [326] is hard to place, performance drops: "SA_Loot_Chest_Red"
 7:36:46.08 [CE][LootRespawner] (PRIDummy) :: Item [327] is hard to place, performance drops: "SA_Loot_Chest_Red"
 7:36:46.08 [CE][LootRespawner] (PRIDummy) :: Item [328] is hard to place, performance drops: "SA_Loot_Chest_Red"
 7:36:46.08 [CE][LootRespawner] (PRIDummy) :: Item [329] is hard to place, performance drops: "SA_Loot_Chest_Red"
 7:36:46.08 [CE][LootRespawner] (PRIDummy) :: Item [14] causing search overtime: "SA_Loot_Chest_Red"
 7:36:46.101 [CE][LootRespawner] (PRIDummy) :: Item [15] causing search overtime: "AmmoBox"
 7:36:46.201 [CE][LootRespawner] (PRIDummy) :: Item [330] is hard to place, performance drops: "STAG_Clothing_Boots"
 7:36:46.201 [CE][LootRespawner] (PRIDummy) :: Item [331] is hard to place, performance drops: "STAG_Clothing_Boots"
 7:36:46.201 [CE][LootRespawner] (PRIDummy) :: Item [332] is hard to place, performance drops: "STAG_Clothing_Boots"
 7:36:46.201 [CE][LootRespawner] (PRIDummy) :: Item [333] is hard to place, performance drops: "STAG_Clothing_Boots"
 7:36:46.201 [CE][LootRespawner] (PRIDummy) :: Item [334] is hard to place, performance drops: "STAG_Clothing_Boots"
 7:36:46.201 [CE][LootRespawner] (PRIDummy) :: Item [335] is hard to place, performance drops: "STAG_Clothing_Boots"
 7:36:46.201 [CE][LootRespawner] (PRIDummy) :: Item [336] is hard to place, performance drops: "STAG_Clothing_Boots"
 7:36:46.201 [CE][LootRespawner] (PRIDummy) :: Item [337] is hard to place, performance drops: "STAG_Clothing_Boots"
 7:36:46.201 [CE][LootRespawner] (PRIDummy) :: Item [338] is hard to place, performance drops: "STAG_Clothing_Boots"
 7:36:46.201 [CE][LootRespawner] (PRIDummy) :: Item [16] causing search overtime: "STAG_Clothing_Boots"
 7:36:46.301 [CE][LootRespawner] (PRIDummy) :: Item [339] is hard to place, performance drops: "AK74"
 7:36:46.301 [CE][LootRespawner] (PRIDummy) :: Item [340] is hard to place, performance drops: "AK74"
 7:36:46.301 [CE][LootRespawner] (PRIDummy) :: Item [341] is hard to place, performance drops: "AK74"
 7:36:46.301 [CE][LootRespawner] (PRIDummy) :: Item [342] is hard to place, performance drops: "AK74"
 7:36:46.301 [CE][LootRespawner] (PRIDummy) :: Item [343] is hard to place, performance drops: "AK74"
 7:36:46.301 [CE][LootRespawner] (PRIDummy) :: Item [344] is hard to place, performance drops: "AK74"
 7:36:46.301 [CE][LootRespawner] (PRIDummy) :: Item [345] is hard to place, performance drops: "AK74"
 7:36:46.301 [CE][LootRespawner] (PRIDummy) :: Item [346] is hard to place, performance drops: "AK74"
 7:36:46.301 [CE][LootRespawner] (PRIDummy) :: Item [17] causing search overtime: "AK74"
 7:36:46.401 [CE][LootRespawner] (PRIDummy) :: Item [347] is hard to place, performance drops: "Mag_CMAG_30Rnd"
 7:36:46.401 [CE][LootRespawner] (PRIDummy) :: Item [348] is hard to place, performance drops: "Mag_CMAG_30Rnd"
 7:36:46.401 [CE][LootRespawner] (PRIDummy) :: Item [349] is hard to place, performance drops: "Mag_CMAG_30Rnd"
 7:36:46.401 [CE][LootRespawner] (PRIDummy) :: Item [350] is hard to place, performance drops: "Mag_CMAG_30Rnd"
 7:36:46.401 [CE][LootRespawner] (PRIDummy) :: Item [351] is hard to place, performance drops: "Mag_CMAG_30Rnd"
 7:36:46.401 [CE][LootRespawner] (PRIDummy) :: Item [352] is hard to place, performance drops: "Mag_CMAG_30Rnd"
 7:36:46.401 [CE][LootRespawner] (PRIDummy) :: Item [353] is hard to place, performance drops: "Mag_CMAG_30Rnd"
 7:36:46.401 [CE][LootRespawner] (PRIDummy) :: Item [354] is hard to place, performance drops: "Mag_CMAG_30Rnd"
 7:36:46.401 [CE][LootRespawner] (PRIDummy) :: Item [355] is hard to place, performance drops: "Mag_CMAG_30Rnd"
 7:36:46.401 [CE][LootRespawner] (PRIDummy) :: Item [18] causing search overtime: "Mag_CMAG_30Rnd"
 7:36:46.501 [CE][LootRespawner] (PRIDummy) :: Item [356] is hard to place, performance drops: "SmershVest"
 7:36:46.501 [CE][LootRespawner] (PRIDummy) :: Item [357] is hard to place, performance drops: "SmershVest"
 7:36:46.501 [CE][LootRespawner] (PRIDummy) :: Item [358] is hard to place, performance drops: "SmershVest"
 7:36:46.501 [CE][LootRespawner] (PRIDummy) :: Item [359] is hard to place, performance drops: "SmershVest"
 7:36:46.501 [CE][LootRespawner] (PRIDummy) :: Item [360] is hard to place, performance drops: "SmershVest"
 7:36:46.501 [CE][LootRespawner] (PRIDummy) :: Item [361] is hard to place, performance drops: "SmershVest"
 7:36:46.501 [CE][LootRespawner] (PRIDummy) :: Item [362] is hard to place, performance drops: "SmershVest"
 7:36:46.501 [CE][LootRespawner] (PRIDummy) :: Item [363] is hard to place, performance drops: "SmershVest"
 7:36:46.501 [CE][LootRespawner] (PRIDummy) :: Item [364] is hard to place, performance drops: "SmershVest"
 7:36:46.501 [CE][LootRespawner] (PRIDummy) :: Item [365] is hard to place, performance drops: "SmershVest"
 7:36:46.501 [CE][LootRespawner] (PRIDummy) :: Item [366] is hard to place, performance drops: "SmershVest"
 7:36:46.501 [CE][LootRespawner] (PRIDummy) :: Item [367] is hard to place, performance drops: "SmershVest"
 7:36:46.501 [CE][LootRespawner] (PRIDummy) :: Item [368] is hard to place, performance drops: "SmershVest"
 7:36:46.501 [CE][LootRespawner] (PRIDummy) :: Item [369] is hard to place, performance drops: "SmershVest"
 7:36:46.501 [CE][LootRespawner] (PRIDummy) :: Item [370] is hard to place, performance drops: "SmershVest"
 7:36:46.501 [CE][LootRespawner] (PRIDummy) :: Item [371] is hard to place, performance drops: "SmershVest"
 7:36:46.501 [CE][LootRespawner] (PRIDummy) :: Item [372] is hard to place, performance drops: "SmershVest"
 7:36:46.501 [CE][LootRespawner] (PRIDummy) :: Item [373] is hard to place, performance drops: "SmershVest"
 7:36:46.501 [CE][LootRespawner] (PRIDummy) :: Item [374] is hard to place, performance drops: "SmershVest"
 7:36:46.501 [CE][LootRespawner] (PRIDummy) :: Item [375] is hard to place, performance drops: "SmershVest"
 7:36:46.501 [CE][LootRespawner] (PRIDummy) :: Item [376] is hard to place, performance drops: "SmershVest"
 7:36:46.501 [CE][LootRespawner] (PRIDummy) :: Item [377] is hard to place, performance drops: "SmershVest"
 7:36:46.501 [CE][LootRespawner] (PRIDummy) :: Item [378] is hard to place, performance drops: "SmershVest"
 7:36:46.501 [CE][LootRespawner] (PRIDummy) :: Item [379] is hard to place, performance drops: "SmershVest"
 7:36:46.501 [CE][LootRespawner] (PRIDummy) :: Item [380] is hard to place, performance drops: "SmershVest"
 7:36:46.501 [CE][LootRespawner] (PRIDummy) :: Item [381] is hard to place, performance drops: "SmershVest"
 7:36:46.501 [CE][LootRespawner] (PRIDummy) :: Item [382] is hard to place, performance drops: "SmershVest"
 7:36:46.501 [CE][LootRespawner] (PRIDummy) :: Item [383] is hard to place, performance drops: "SmershVest"
 7:36:46.501 [CE][LootRespawner] (PRIDummy) :: Item [384] is hard to place, performance drops: "SmershVest"
 7:36:46.501 [CE][LootRespawner] (PRIDummy) :: Item [385] is hard to place, performance drops: "SmershVest"
 7:36:46.501 [CE][LootRespawner] (PRIDummy) :: Item [386] is hard to place, performance drops: "SmershVest"
 7:36:46.501 [CE][LootRespawner] (PRIDummy) :: Item [387] is hard to place, performance drops: "SmershVest"
 7:36:46.501 [CE][LootRespawner] (PRIDummy) :: Item [388] is hard to place, performance drops: "SmershVest"
 7:36:46.501 [CE][LootRespawner] (PRIDummy) :: Item [389] is hard to place, performance drops: "SmershVest"
 7:36:46.501 [CE][LootRespawner] (PRIDummy) :: Item [390] is hard to place, performance drops: "SmershVest"
 7:36:46.501 [CE][LootRespawner] (PRIDummy) :: Item [19] causing search overtime: "SmershVest"
 7:37:12.538 [CE][LootRespawner] (PRIDummy) :: Item [391] is hard to place, performance drops: "SmershVest"
 7:37:12.538 [CE][LootRespawner] (PRIDummy) :: Item [392] is hard to place, performance drops: "SmershVest"
 7:37:12.538 [CE][LootRespawner] (PRIDummy) :: Item [393] is hard to place, performance drops: "SmershVest"
 7:37:12.538 [CE][LootRespawner] (PRIDummy) :: Item [394] is hard to place, performance drops: "SmershVest"
 7:37:12.538 [CE][LootRespawner] (PRIDummy) :: Item [395] is hard to place, performance drops: "SmershVest"
 7:37:12.538 [CE][LootRespawner] (PRIDummy) :: Item [396] is hard to place, performance drops: "SmershVest"
 7:37:12.538 [CE][LootRespawner] (PRIDummy) :: Item [397] is hard to place, performance drops: "SmershVest"
 7:37:12.538 [CE][LootRespawner] (PRIDummy) :: Item [398] is hard to place, performance drops: "SmershVest"
 7:37:12.538 [CE][LootRespawner] (PRIDummy) :: Item [399] is hard to place, performance drops: "SmershVest"
 7:37:12.538 [CE][LootRespawner] (PRIDummy) :: Item [400] is hard to place, performance drops: "SmershVest"
 7:37:12.538 [CE][LootRespawner] (PRIDummy) :: Item [401] is hard to place, performance drops: "SmershVest"
 7:37:12.538 [CE][LootRespawner] (PRIDummy) :: Item [402] is hard to place, performance drops: "SmershVest"
 7:37:12.538 [CE][LootRespawner] (PRIDummy) :: Item [403] is hard to place, performance drops: "SmershVest"
 7:37:12.538 [CE][LootRespawner] (PRIDummy) :: Item [404] is hard to place, performance drops: "SmershVest"
 7:37:12.540 [CE][LootRespawner] (PRIDummy) :: Item [405] is hard to place, performance drops: "SmershVest"
 7:37:12.540 [CE][LootRespawner] (PRIDummy) :: Item [406] is hard to place, performance drops: "SmershVest"
 7:37:12.540 [CE][LootRespawner] (PRIDummy) :: Item [407] is hard to place, performance drops: "SmershVest"
 7:37:12.540 [CE][LootRespawner] (PRIDummy) :: Item [408] is hard to place, performance drops: "SmershVest"
 7:37:12.540 [CE][LootRespawner] (PRIDummy) :: Item [409] is hard to place, performance drops: "SmershVest"
 7:37:12.540 [CE][LootRespawner] (PRIDummy) :: Item [410] is hard to place, performance drops: "SmershVest"
 7:37:12.540 [CE][LootRespawner] (PRIDummy) :: Item [411] is hard to place, performance drops: "SmershVest"
 7:37:12.540 [CE][LootRespawner] (PRIDummy) :: Item [412] is hard to place, performance drops: "SmershVest"
 7:37:12.540 [CE][LootRespawner] (PRIDummy) :: Item [413] is hard to place, performance drops: "SmershVest"
 7:37:12.540 [CE][LootRespawner] (PRIDummy) :: Item [414] is hard to place, performance drops: "SmershVest"
 7:37:12.540 [CE][LootRespawner] (PRIDummy) :: Item [415] is hard to place, performance drops: "SmershVest"
 7:37:12.540 [CE][LootRespawner] (PRIDummy) :: Item [416] is hard to place, performance drops: "SmershVest"
 7:37:12.540 [CE][LootRespawner] (PRIDummy) :: Item [417] is hard to place, performance drops: "SmershVest"
 7:37:12.540 [CE][LootRespawner] (PRIDummy) :: Item [418] is hard to place, performance drops: "SmershVest"
 7:37:12.540 [CE][LootRespawner] (PRIDummy) :: Item [419] is hard to place, performance drops: "SmershVest"
 7:37:12.540 [CE][LootRespawner] (PRIDummy) :: Item [420] is hard to place, performance drops: "SmershVest"
 7:37:12.540 [CE][LootRespawner] (PRIDummy) :: Item [421] is hard to place, performance drops: "SmershVest"
 7:37:12.540 [CE][LootRespawner] (PRIDummy) :: Item [422] is hard to place, performance drops: "SmershVest"
 7:37:12.540 [CE][LootRespawner] (PRIDummy) :: Item [423] is hard to place, performance drops: "SmershVest"
 7:37:12.540 [CE][LootRespawner] (PRIDummy) :: Item [424] is hard to place, performance drops: "SmershVest"
 7:37:12.540 [CE][LootRespawner] (PRIDummy) :: Item [425] is hard to place, performance drops: "SmershVest"
 7:37:12.540 [CE][LootRespawner] (PRIDummy) :: Item [20] causing search overtime: "SmershVest"
 7:37:12.637 [CE][LootRespawner] (PRIDummy) :: Item [426] is hard to place, performance drops: "Mag_STANAG_30Rnd"
 7:37:12.637 [CE][LootRespawner] (PRIDummy) :: Item [427] is hard to place, performance drops: "Mag_STANAG_30Rnd"
 7:37:12.637 [CE][LootRespawner] (PRIDummy) :: Item [428] is hard to place, performance drops: "Mag_STANAG_30Rnd"
 7:37:12.637 [CE][LootRespawner] (PRIDummy) :: Item [429] is hard to place, performance drops: "Mag_STANAG_30Rnd"
 7:37:12.637 [CE][LootRespawner] (PRIDummy) :: Item [430] is hard to place, performance drops: "Mag_STANAG_30Rnd"
 7:37:12.638 [CE][LootRespawner] (PRIDummy) :: Item [431] is hard to place, performance drops: "Mag_STANAG_30Rnd"
 7:37:12.638 [CE][LootRespawner] (PRIDummy) :: Item [432] is hard to place, performance drops: "Mag_STANAG_30Rnd"
 7:37:12.638 [CE][LootRespawner] (PRIDummy) :: Item [433] is hard to place, performance drops: "Mag_STANAG_30Rnd"
 7:37:12.638 [CE][LootRespawner] (PRIDummy) :: Item [434] is hard to place, performance drops: "Mag_STANAG_30Rnd"
 7:37:12.638 [CE][LootRespawner] (PRIDummy) :: Item [21] causing search overtime: "Mag_STANAG_30Rnd"
 7:37:12.738 [CE][LootRespawner] (PRIDummy) :: Item [435] is hard to place, performance drops: "SV98"
 7:37:12.738 [CE][LootRespawner] (PRIDummy) :: Item [436] is hard to place, performance drops: "SV98"
 7:37:12.738 [CE][LootRespawner] (PRIDummy) :: Item [437] is hard to place, performance drops: "SV98"
 7:37:12.738 [CE][LootRespawner] (PRIDummy) :: Item [438] is hard to place, performance drops: "SV98"
 7:37:12.738 [CE][LootRespawner] (PRIDummy) :: Item [439] is hard to place, performance drops: "SV98"
 7:37:12.738 [CE][LootRespawner] (PRIDummy) :: Item [440] is hard to place, performance drops: "SV98"
 7:37:12.738 [CE][LootRespawner] (PRIDummy) :: Item [441] is hard to place, performance drops: "SV98"
 7:37:12.738 [CE][LootRespawner] (PRIDummy) :: Item [442] is hard to place, performance drops: "SV98"
 7:37:12.738 [CE][LootRespawner] (PRIDummy) :: Item [22] causing search overtime: "SV98"
 7:37:12.837 [CE][LootRespawner] (PRIDummy) :: Item [443] is hard to place, performance drops: "Mag_Vikhr_30Rnd"
 7:37:12.837 [CE][LootRespawner] (PRIDummy) :: Item [444] is hard to place, performance drops: "Mag_Vikhr_30Rnd"
 7:37:12.837 [CE][LootRespawner] (PRIDummy) :: Item [445] is hard to place, performance drops: "Mag_Vikhr_30Rnd"
 7:37:12.837 [CE][LootRespawner] (PRIDummy) :: Item [446] is hard to place, performance drops: "Mag_Vikhr_30Rnd"
 7:37:12.837 [CE][LootRespawner] (PRIDummy) :: Item [447] is hard to place, performance drops: "Mag_Vikhr_30Rnd"
 7:37:12.837 [CE][LootRespawner] (PRIDummy) :: Item [448] is hard to place, performance drops: "Mag_Vikhr_30Rnd"
 7:37:12.837 [CE][LootRespawner] (PRIDummy) :: Item [449] is hard to place, performance drops: "Mag_Vikhr_30Rnd"
 7:37:12.837 [CE][LootRespawner] (PRIDummy) :: Item [450] is hard to place, performance drops: "Mag_Vikhr_30Rnd"
 7:37:12.837 [CE][LootRespawner] (PRIDummy) :: Item [451] is hard to place, performance drops: "Mag_Vikhr_30Rnd"
 7:37:12.838 [CE][LootRespawner] (PRIDummy) :: Item [23] causing search overtime: "Mag_Vikhr_30Rnd"
 7:37:12.938 [CE][LootRespawner] (PRIDummy) :: Item [452] is hard to place, performance drops: "STAG_Clothing_M65_Jacket"
 7:37:12.938 [CE][LootRespawner] (PRIDummy) :: Item [453] is hard to place, performance drops: "STAG_Clothing_M65_Jacket"
 7:37:12.938 [CE][LootRespawner] (PRIDummy) :: Item [454] is hard to place, performance drops: "STAG_Clothing_M65_Jacket"
 7:37:12.938 [CE][LootRespawner] (PRIDummy) :: Item [455] is hard to place, performance drops: "STAG_Clothing_M65_Jacket"
 7:37:12.938 [CE][LootRespawner] (PRIDummy) :: Item [456] is hard to place, performance drops: "STAG_Clothing_M65_Jacket"
 7:37:12.938 [CE][LootRespawner] (PRIDummy) :: Item [457] is hard to place, performance drops: "STAG_Clothing_M65_Jacket"
 7:37:12.938 [CE][LootRespawner] (PRIDummy) :: Item [458] is hard to place, performance drops: "STAG_Clothing_M65_Jacket"
 7:37:12.938 [CE][LootRespawner] (PRIDummy) :: Item [459] is hard to place, performance drops: "STAG_Clothing_M65_Jacket"
 7:37:12.938 [CE][LootRespawner] (PRIDummy) :: Item [24] causing search overtime: "STAG_Clothing_M65_Jacket"
 7:37:13.38 [CE][LootRespawner] (PRIDummy) :: Item [460] is hard to place, performance drops: "GhillieHood_Mossy"
 7:37:13.38 [CE][LootRespawner] (PRIDummy) :: Item [461] is hard to place, performance drops: "GhillieHood_Mossy"
 7:37:13.38 [CE][LootRespawner] (PRIDummy) :: Item [462] is hard to place, performance drops: "GhillieHood_Mossy"
 7:37:13.38 [CE][LootRespawner] (PRIDummy) :: Item [463] is hard to place, performance drops: "GhillieHood_Mossy"
 7:37:13.38 [CE][LootRespawner] (PRIDummy) :: Item [464] is hard to place, performance drops: "GhillieHood_Mossy"
 7:37:13.38 [CE][LootRespawner] (PRIDummy) :: Item [465] is hard to place, performance drops: "GhillieHood_Mossy"
 7:37:13.38 [CE][LootRespawner] (PRIDummy) :: Item [466] is hard to place, performance drops: "GhillieHood_Mossy"
 7:37:13.38 [CE][LootRespawner] (PRIDummy) :: Item [467] is hard to place, performance drops: "GhillieHood_Mossy"
 7:37:13.38 [CE][LootRespawner] (PRIDummy) :: Item [468] is hard to place, performance drops: "GhillieHood_Mossy"
 7:37:13.38 [CE][LootRespawner] (PRIDummy) :: Item [469] is hard to place, performance drops: "GhillieHood_Mossy"
 7:37:13.38 [CE][LootRespawner] (PRIDummy) :: Item [470] is hard to place, performance drops: "GhillieHood_Mossy"
 7:37:13.38 [CE][LootRespawner] (PRIDummy) :: Item [471] is hard to place, performance drops: "GhillieHood_Mossy"
 7:37:13.38 [CE][LootRespawner] (PRIDummy) :: Item [472] is hard to place, performance drops: "GhillieHood_Mossy"
 7:37:13.38 [CE][LootRespawner] (PRIDummy) :: Item [473] is hard to place, performance drops: "GhillieHood_Mossy"
 7:37:13.38 [CE][LootRespawner] (PRIDummy) :: Item [474] is hard to place, performance drops: "GhillieHood_Mossy"
 7:37:13.38 [CE][LootRespawner] (PRIDummy) :: Item [475] is hard to place, performance drops: "GhillieHood_Mossy"
 7:37:13.38 [CE][LootRespawner] (PRIDummy) :: Item [476] is hard to place, performance drops: "GhillieHood_Mossy"
 7:37:13.38 [CE][LootRespawner] (PRIDummy) :: Item [477] is hard to place, performance drops: "GhillieHood_Mossy"
 7:37:13.38 [CE][LootRespawner] (PRIDummy) :: Item [478] is hard to place, performance drops: "GhillieHood_Mossy"
 7:37:13.38 [CE][LootRespawner] (PRIDummy) :: Item [479] is hard to place, performance drops: "GhillieHood_Mossy"
 7:37:13.38 [CE][LootRespawner] (PRIDummy) :: Item [480] is hard to place, performance drops: "GhillieHood_Mossy"
 7:37:13.38 [CE][LootRespawner] (PRIDummy) :: Item [481] is hard to place, performance drops: "GhillieHood_Mossy"
 7:37:13.38 [CE][LootRespawner] (PRIDummy) :: Item [482] is hard to place, performance drops: "GhillieHood_Mossy"
 7:37:13.38 [CE][LootRespawner] (PRIDummy) :: Item [483] is hard to place, performance drops: "GhillieHood_Mossy"
 7:37:13.38 [CE][LootRespawner] (PRIDummy) :: Item [484] is hard to place, performance drops: "GhillieHood_Mossy"
 7:37:13.38 [CE][LootRespawner] (PRIDummy) :: Item [485] is hard to place, performance drops: "GhillieHood_Mossy"
 7:37:13.38 [CE][LootRespawner] (PRIDummy) :: Item [486] is hard to place, performance drops: "GhillieHood_Mossy"
 7:37:13.38 [CE][LootRespawner] (PRIDummy) :: Item [487] is hard to place, performance drops: "GhillieHood_Mossy"
 7:37:13.38 [CE][LootRespawner] (PRIDummy) :: Item [488] is hard to place, performance drops: "GhillieHood_Mossy"
 7:37:13.38 [CE][LootRespawner] (PRIDummy) :: Item [489] is hard to place, performance drops: "GhillieHood_Mossy"
 7:37:13.38 [CE][LootRespawner] (PRIDummy) :: Item [490] is hard to place, performance drops: "GhillieHood_Mossy"
 7:37:13.38 [CE][LootRespawner] (PRIDummy) :: Item [491] is hard to place, performance drops: "GhillieHood_Mossy"
 7:37:13.38 [CE][LootRespawner] (PRIDummy) :: Item [492] is hard to place, performance drops: "GhillieHood_Mossy"
 7:37:13.38 [CE][LootRespawner] (PRIDummy) :: Item [493] is hard to place, performance drops: "GhillieHood_Mossy"
 7:37:13.38 [CE][LootRespawner] (PRIDummy) :: Item [494] is hard to place, performance drops: "GhillieHood_Mossy"
 7:37:13.38 [CE][LootRespawner] (PRIDummy) :: Item [25] causing search overtime: "GhillieHood_Mossy"
 7:37:13.138 [CE][LootRespawner] (PRIDummy) :: Item [495] is hard to place, performance drops: "CZ550"
 7:37:13.138 [CE][LootRespawner] (PRIDummy) :: Item [496] is hard to place, performance drops: "CZ550"
 7:37:13.138 [CE][LootRespawner] (PRIDummy) :: Item [497] is hard to place, performance drops: "CZ550"
 7:37:13.138 [CE][LootRespawner] (PRIDummy) :: Item [498] is hard to place, performance drops: "CZ550"
 7:37:13.138 [CE][LootRespawner] (PRIDummy) :: Item [499] is hard to place, performance drops: "CZ550"
 7:37:13.138 [CE][LootRespawner] (PRIDummy) :: Item [500] is hard to place, performance drops: "CZ550"
 7:37:13.138 [CE][LootRespawner] (PRIDummy) :: Item [501] is hard to place, performance drops: "CZ550"
 7:37:13.138 [CE][LootRespawner] (PRIDummy) :: Item [26] causing search overtime: "CZ550"
 7:37:13.237 [CE][LootRespawner] (PRIDummy) :: Item [502] is hard to place, performance drops: "Mag_AKM_Drum75Rnd"
 7:37:13.237 [CE][LootRespawner] (PRIDummy) :: Item [503] is hard to place, performance drops: "Mag_AKM_Drum75Rnd"
 7:37:13.237 [CE][LootRespawner] (PRIDummy) :: Item [504] is hard to place, performance drops: "Mag_AKM_Drum75Rnd"
 7:37:13.237 [CE][LootRespawner] (PRIDummy) :: Item [505] is hard to place, performance drops: "Mag_AKM_Drum75Rnd"
 7:37:13.238 [CE][LootRespawner] (PRIDummy) :: Item [506] is hard to place, performance drops: "Mag_AKM_Drum75Rnd"
 7:37:13.238 [CE][LootRespawner] (PRIDummy) :: Item [507] is hard to place, performance drops: "Mag_AKM_Drum75Rnd"
 7:37:13.238 [CE][LootRespawner] (PRIDummy) :: Item [508] is hard to place, performance drops: "Mag_AKM_Drum75Rnd"
 7:37:13.238 [CE][LootRespawner] (PRIDummy) :: Item [509] is hard to place, performance drops: "Mag_AKM_Drum75Rnd"
 7:37:13.238 [CE][LootRespawner] (PRIDummy) :: Item [27] causing search overtime: "Mag_AKM_Drum75Rnd"
 7:37:13.339 [CE][LootRespawner] (PRIDummy) :: Item [510] is hard to place, performance drops: "ArmyPouch_Camo"
 7:37:13.339 [CE][LootRespawner] (PRIDummy) :: Item [511] is hard to place, performance drops: "ArmyPouch_Camo"
 7:37:13.339 [CE][LootRespawner] (PRIDummy) :: Item [512] is hard to place, performance drops: "ArmyPouch_Camo"
 7:37:13.339 [CE][LootRespawner] (PRIDummy) :: Item [513] is hard to place, performance drops: "ArmyPouch_Camo"
 7:37:13.339 [CE][LootRespawner] (PRIDummy) :: Item [514] is hard to place, performance drops: "ArmyPouch_Camo"
 7:37:13.339 [CE][LootRespawner] (PRIDummy) :: Item [515] is hard to place, performance drops: "ArmyPouch_Camo"
 7:37:13.339 [CE][LootRespawner] (PRIDummy) :: Item [516] is hard to place, performance drops: "ArmyPouch_Camo"
 7:37:13.339 [CE][LootRespawner] (PRIDummy) :: Item [517] is hard to place, performance drops: "ArmyPouch_Camo"
 7:37:13.339 [CE][LootRespawner] (PRIDummy) :: Item [518] is hard to place, performance drops: "ArmyPouch_Camo"
 7:37:13.339 [CE][LootRespawner] (PRIDummy) :: Item [519] is hard to place, performance drops: "ArmyPouch_Camo"
 7:37:13.339 [CE][LootRespawner] (PRIDummy) :: Item [520] is hard to place, performance drops: "ArmyPouch_Camo"
 7:37:13.339 [CE][LootRespawner] (PRIDummy) :: Item [521] is hard to place, performance drops: "ArmyPouch_Camo"
 7:37:13.339 [CE][LootRespawner] (PRIDummy) :: Item [522] is hard to place, performance drops: "ArmyPouch_Camo"
 7:37:13.339 [CE][LootRespawner] (PRIDummy) :: Item [28] causing search overtime: "ArmyPouch_Camo"
 7:37:13.437 [CE][LootRespawner] (PRIDummy) :: Item [523] is hard to place, performance drops: "USMCPants_Desert"
 7:37:13.437 [CE][LootRespawner] (PRIDummy) :: Item [524] is hard to place, performance drops: "USMCPants_Desert"
 7:37:13.437 [CE][LootRespawner] (PRIDummy) :: Item [525] is hard to place, performance drops: "USMCPants_Desert"
 7:37:13.437 [CE][LootRespawner] (PRIDummy) :: Item [526] is hard to place, performance drops: "USMCPants_Desert"
 7:37:13.437 [CE][LootRespawner] (PRIDummy) :: Item [527] is hard to place, performance drops: "USMCPants_Desert"
 7:37:13.437 [CE][LootRespawner] (PRIDummy) :: Item [528] is hard to place, performance drops: "USMCPants_Desert"
 7:37:13.437 [CE][LootRespawner] (PRIDummy) :: Item [529] is hard to place, performance drops: "USMCPants_Desert"
 7:37:13.437 [CE][LootRespawner] (PRIDummy) :: Item [530] is hard to place, performance drops: "USMCPants_Desert"
 7:37:13.437 [CE][LootRespawner] (PRIDummy) :: Item [531] is hard to place, performance drops: "USMCPants_Desert"
 7:37:13.437 [CE][LootRespawner] (PRIDummy) :: Item [532] is hard to place, performance drops: "USMCPants_Desert"
 7:37:13.437 [CE][LootRespawner] (PRIDummy) :: Item [533] is hard to place, performance drops: "USMCPants_Desert"
 7:37:13.437 [CE][LootRespawner] (PRIDummy) :: Item [534] is hard to place, performance drops: "USMCPants_Desert"
 7:37:13.437 [CE][LootRespawner] (PRIDummy) :: Item [535] is hard to place, performance drops: "USMCPants_Desert"
 7:37:13.438 [CE][LootRespawner] (PRIDummy) :: Item [536] is hard to place, performance drops: "USMCPants_Desert"
 7:37:13.438 [CE][LootRespawner] (PRIDummy) :: Item [537] is hard to place, performance drops: "USMCPants_Desert"
 7:37:13.438 [CE][LootRespawner] (PRIDummy) :: Item [538] is hard to place, performance drops: "USMCPants_Desert"
 7:37:13.438 [CE][LootRespawner] (PRIDummy) :: Item [539] is hard to place, performance drops: "USMCPants_Desert"
 7:37:13.438 [CE][LootRespawner] (PRIDummy) :: Item [540] is hard to place, performance drops: "USMCPants_Desert"
 7:37:13.438 [CE][LootRespawner] (PRIDummy) :: Item [541] is hard to place, performance drops: "USMCPants_Desert"
 7:37:13.438 [CE][LootRespawner] (PRIDummy) :: Item [542] is hard to place, performance drops: "USMCPants_Desert"
 7:37:13.438 [CE][LootRespawner] (PRIDummy) :: Item [543] is hard to place, performance drops: "USMCPants_Desert"
 7:37:13.438 [CE][LootRespawner] (PRIDummy) :: Item [544] is hard to place, performance drops: "USMCPants_Desert"
 7:37:13.438 [CE][LootRespawner] (PRIDummy) :: Item [545] is hard to place, performance drops: "USMCPants_Desert"
 7:37:13.438 [CE][LootRespawner] (PRIDummy) :: Item [546] is hard to place, performance drops: "USMCPants_Desert"
 7:37:13.438 [CE][LootRespawner] (PRIDummy) :: Item [547] is hard to place, performance drops: "USMCPants_Desert"
 7:37:13.438 [CE][LootRespawner] (PRIDummy) :: Item [548] is hard to place, performance drops: "USMCPants_Desert"
 7:37:13.438 [CE][LootRespawner] (PRIDummy) :: Item [549] is hard to place, performance drops: "USMCPants_Desert"
 7:37:13.438 [CE][LootRespawner] (PRIDummy) :: Item [550] is hard to place, performance drops: "USMCPants_Desert"
 7:37:13.438 [CE][LootRespawner] (PRIDummy) :: Item [551] is hard to place, performance drops: "USMCPants_Desert"
 7:37:13.438 [CE][LootRespawner] (PRIDummy) :: Item [552] is hard to place, performance drops: "USMCPants_Desert"
 7:37:13.438 [CE][LootRespawner] (PRIDummy) :: Item [553] is hard to place, performance drops: "USMCPants_Desert"
 7:37:13.438 [CE][LootRespawner] (PRIDummy) :: Item [554] is hard to place, performance drops: "USMCPants_Desert"
 7:37:13.438 [CE][LootRespawner] (PRIDummy) :: Item [555] is hard to place, performance drops: "USMCPants_Desert"
 7:37:13.438 [CE][LootRespawner] (PRIDummy) :: Item [556] is hard to place, performance drops: "USMCPants_Desert"
 7:37:13.438 [CE][LootRespawner] (PRIDummy) :: Item [557] is hard to place, performance drops: "USMCPants_Desert"
 7:37:13.438 [CE][LootRespawner] (PRIDummy) :: Item [558] is hard to place, performance drops: "USMCPants_Desert"
 7:37:13.438 [CE][LootRespawner] (PRIDummy) :: Item [559] is hard to place, performance drops: "USMCPants_Desert"
 7:37:13.438 [CE][LootRespawner] (PRIDummy) :: Item [560] is hard to place, performance drops: "USMCPants_Desert"
 7:37:13.438 [CE][LootRespawner] (PRIDummy) :: Item [561] is hard to place, performance drops: "USMCPants_Desert"
 7:37:13.438 [CE][LootRespawner] (PRIDummy) :: Item [562] is hard to place, performance drops: "USMCPants_Desert"
 7:37:13.438 [CE][LootRespawner] (PRIDummy) :: Item [563] is hard to place, performance drops: "USMCPants_Desert"
 7:37:13.438 [CE][LootRespawner] (PRIDummy) :: Item [564] is hard to place, performance drops: "USMCPants_Desert"
 7:37:13.438 [CE][LootRespawner] (PRIDummy) :: Item [565] is hard to place, performance drops: "USMCPants_Desert"
 7:37:13.438 [CE][LootRespawner] (PRIDummy) :: Item [566] is hard to place, performance drops: "USMCPants_Desert"
 7:37:13.438 [CE][LootRespawner] (PRIDummy) :: Item [567] is hard to place, performance drops: "USMCPants_Desert"
 7:37:13.438 [CE][LootRespawner] (PRIDummy) :: Item [568] is hard to place, performance drops: "USMCPants_Desert"
 7:37:13.438 [CE][LootRespawner] (PRIDummy) :: Item [569] is hard to place, performance drops: "USMCPants_Desert"
 7:37:13.438 [CE][LootRespawner] (PRIDummy) :: Item [570] is hard to place, performance drops: "USMCPants_Desert"
 7:37:13.438 [CE][LootRespawner] (PRIDummy) :: Item [571] is hard to place, performance drops: "USMCPants_Desert"
 7:37:13.438 [CE][LootRespawner] (PRIDummy) :: Item [572] is hard to place, performance drops: "USMCPants_Desert"
 7:37:13.438 [CE][LootRespawner] (PRIDummy) :: Item [573] is hard to place, performance drops: "USMCPants_Desert"
 7:37:13.438 [CE][LootRespawner] (PRIDummy) :: Item [574] is hard to place, performance drops: "USMCPants_Desert"
 7:37:13.438 [CE][LootRespawner] (PRIDummy) :: Item [575] is hard to place, performance drops: "USMCPants_Desert"
 7:37:13.438 [CE][LootRespawner] (PRIDummy) :: Item [576] is hard to place, performance drops: "USMCPants_Desert"
 7:37:13.438 [CE][LootRespawner] (PRIDummy) :: Item [577] is hard to place, performance drops: "USMCPants_Desert"
 7:37:13.438 [CE][LootRespawner] (PRIDummy) :: Item [578] is hard to place, performance drops: "USMCPants_Desert"
 7:37:13.438 [CE][LootRespawner] (PRIDummy) :: Item [579] is hard to place, performance drops: "USMCPants_Desert"
 7:37:13.438 [CE][LootRespawner] (PRIDummy) :: Item [580] is hard to place, performance drops: "USMCPants_Desert"
 7:37:13.438 [CE][LootRespawner] (PRIDummy) :: Item [581] is hard to place, performance drops: "USMCPants_Desert"
 7:37:13.438 [CE][LootRespawner] (PRIDummy) :: Item [582] is hard to place, performance drops: "USMCPants_Desert"
 7:37:13.438 [CE][LootRespawner] (PRIDummy) :: Item [583] is hard to place, performance drops: "USMCPants_Desert"
 7:37:13.438 [CE][LootRespawner] (PRIDummy) :: Item [584] is hard to place, performance drops: "USMCPants_Desert"
 7:37:13.438 [CE][LootRespawner] (PRIDummy) :: Item [585] is hard to place, performance drops: "USMCPants_Desert"
 7:37:13.438 [CE][LootRespawner] (PRIDummy) :: Item [586] is hard to place, performance drops: "USMCPants_Desert"
 7:37:13.438 [CE][LootRespawner] (PRIDummy) :: Item [587] is hard to place, performance drops: "USMCPants_Desert"
 7:37:13.438 [CE][LootRespawner] (PRIDummy) :: Item [588] is hard to place, performance drops: "USMCPants_Desert"
 7:37:13.438 [CE][LootRespawner] (PRIDummy) :: Item [589] is hard to place, performance drops: "USMCPants_Desert"
 7:37:13.438 [CE][LootRespawner] (PRIDummy) :: Item [590] is hard to place, performance drops: "USMCPants_Desert"
 7:37:13.438 [CE][LootRespawner] (PRIDummy) :: Item [591] is hard to place, performance drops: "USMCPants_Desert"
 7:37:13.438 [CE][LootRespawner] (PRIDummy) :: Item [592] is hard to place, performance drops: "USMCPants_Desert"
 7:37:13.438 [CE][LootRespawner] (PRIDummy) :: Item [593] is hard to place, performance drops: "USMCPants_Desert"
 7:37:13.438 [CE][LootRespawner] (PRIDummy) :: Item [594] is hard to place, performance drops: "USMCPants_Desert"
 7:37:13.438 [CE][LootRespawner] (PRIDummy) :: Item [595] is hard to place, performance drops: "USMCPants_Desert"
 7:37:13.438 [CE][LootRespawner] (PRIDummy) :: Item [596] is hard to place, performance drops: "USMCPants_Desert"
 7:37:13.438 [CE][LootRespawner] (PRIDummy) :: Item [597] is hard to place, performance drops: "USMCPants_Desert"
 7:37:13.438 [CE][LootRespawner] (PRIDummy) :: Item [598] is hard to place, performance drops: "USMCPants_Desert"
 7:37:13.438 [CE][LootRespawner] (PRIDummy) :: Item [599] is hard to place, performance drops: "USMCPants_Desert"
 7:37:13.438 [CE][LootRespawner] (PRIDummy) :: Item [600] is hard to place, performance drops: "USMCPants_Desert"
 7:37:13.438 [CE][LootRespawner] (PRIDummy) :: Item [601] is hard to place, performance drops: "USMCPants_Desert"
 7:37:13.438 [CE][LootRespawner] (PRIDummy) :: Item [602] is hard to place, performance drops: "USMCPants_Desert"
 7:37:13.438 [CE][LootRespawner] (PRIDummy) :: Item [603] is hard to place, performance drops: "USMCPants_Desert"
 7:37:13.438 [CE][LootRespawner] (PRIDummy) :: Item [604] is hard to place, performance drops: "USMCPants_Desert"
 7:37:13.438 [CE][LootRespawner] (PRIDummy) :: Item [605] is hard to place, performance drops: "USMCPants_Desert"
 7:37:13.438 [CE][LootRespawner] (PRIDummy) :: Item [606] is hard to place, performance drops: "USMCPants_Desert"
 7:37:13.438 [CE][LootRespawner] (PRIDummy) :: Item [607] is hard to place, performance drops: "USMCPants_Desert"
 7:37:13.438 [CE][LootRespawner] (PRIDummy) :: Item [608] is hard to place, performance drops: "USMCPants_Desert"
 7:37:13.438 [CE][LootRespawner] (PRIDummy) :: Item [29] causing search overtime: "USMCPants_Desert"
 7:37:13.538 [CE][LootRespawner] (PRIDummy) :: Item [609] is hard to place, performance drops: "Mag_AKM_30Rnd"
 7:37:13.538 [CE][LootRespawner] (PRIDummy) :: Item [610] is hard to place, performance drops: "Mag_AKM_30Rnd"
 7:37:13.538 [CE][LootRespawner] (PRIDummy) :: Item [611] is hard to place, performance drops: "Mag_AKM_30Rnd"
 7:37:13.538 [CE][LootRespawner] (PRIDummy) :: Item [612] is hard to place, performance drops: "Mag_AKM_30Rnd"
 7:37:13.538 [CE][LootRespawner] (PRIDummy) :: Item [613] is hard to place, performance drops: "Mag_AKM_30Rnd"
 7:37:13.538 [CE][LootRespawner] (PRIDummy) :: Item [614] is hard to place, performance drops: "Mag_AKM_30Rnd"
 7:37:13.538 [CE][LootRespawner] (PRIDummy) :: Item [615] is hard to place, performance drops: "Mag_AKM_30Rnd"
 7:37:13.538 [CE][LootRespawner] (PRIDummy) :: Item [616] is hard to place, performance drops: "Mag_AKM_30Rnd"
 7:37:13.538 [CE][LootRespawner] (PRIDummy) :: Item [30] causing search overtime: "Mag_AKM_30Rnd"
 7:37:13.638 [CE][LootRespawner] (PRIDummy) :: Item [617] is hard to place, performance drops: "GhillieBushrag_Mossy"
 7:37:13.638 [CE][LootRespawner] (PRIDummy) :: Item [618] is hard to place, performance drops: "GhillieBushrag_Mossy"
 7:37:13.638 [CE][LootRespawner] (PRIDummy) :: Item [619] is hard to place, performance drops: "GhillieBushrag_Mossy"
 7:37:13.638 [CE][LootRespawner] (PRIDummy) :: Item [620] is hard to place, performance drops: "GhillieBushrag_Mossy"
 7:37:13.638 [CE][LootRespawner] (PRIDummy) :: Item [621] is hard to place, performance drops: "GhillieBushrag_Mossy"
 7:37:13.638 [CE][LootRespawner] (PRIDummy) :: Item [622] is hard to place, performance drops: "GhillieBushrag_Mossy"
 7:37:13.638 [CE][LootRespawner] (PRIDummy) :: Item [623] is hard to place, performance drops: "GhillieBushrag_Mossy"
 7:37:13.638 [CE][LootRespawner] (PRIDummy) :: Item [624] is hard to place, performance drops: "GhillieBushrag_Mossy"
 7:37:13.638 [CE][LootRespawner] (PRIDummy) :: Item [625] is hard to place, performance drops: "GhillieBushrag_Mossy"
 7:37:13.638 [CE][LootRespawner] (PRIDummy) :: Item [626] is hard to place, performance drops: "GhillieBushrag_Mossy"
 7:37:13.638 [CE][LootRespawner] (PRIDummy) :: Item [627] is hard to place, performance drops: "GhillieBushrag_Mossy"
 7:37:13.638 [CE][LootRespawner] (PRIDummy) :: Item [628] is hard to place, performance drops: "GhillieBushrag_Mossy"
 7:37:13.638 [CE][LootRespawner] (PRIDummy) :: Item [629] is hard to place, performance drops: "GhillieBushrag_Mossy"
 7:37:13.638 [CE][LootRespawner] (PRIDummy) :: Item [630] is hard to place, performance drops: "GhillieBushrag_Mossy"
 7:37:13.638 [CE][LootRespawner] (PRIDummy) :: Item [631] is hard to place, performance drops: "GhillieBushrag_Mossy"
 7:37:13.638 [CE][LootRespawner] (PRIDummy) :: Item [632] is hard to place, performance drops: "GhillieBushrag_Mossy"
 7:37:13.638 [CE][LootRespawner] (PRIDummy) :: Item [633] is hard to place, performance drops: "GhillieBushrag_Mossy"
 7:37:13.638 [CE][LootRespawner] (PRIDummy) :: Item [634] is hard to place, performance drops: "GhillieBushrag_Mossy"
 7:37:13.638 [CE][LootRespawner] (PRIDummy) :: Item [635] is hard to place, performance drops: "GhillieBushrag_Mossy"
 7:37:13.638 [CE][LootRespawner] (PRIDummy) :: Item [636] is hard to place, performance drops: "GhillieBushrag_Mossy"
 7:37:13.638 [CE][LootRespawner] (PRIDummy) :: Item [637] is hard to place, performance drops: "GhillieBushrag_Mossy"
 7:37:13.638 [CE][LootRespawner] (PRIDummy) :: Item [638] is hard to place, performance drops: "GhillieBushrag_Mossy"
 7:37:13.638 [CE][LootRespawner] (PRIDummy) :: Item [639] is hard to place, performance drops: "GhillieBushrag_Mossy"
 7:37:13.638 [CE][LootRespawner] (PRIDummy) :: Item [640] is hard to place, performance drops: "GhillieBushrag_Mossy"
 7:37:13.638 [CE][LootRespawner] (PRIDummy) :: Item [641] is hard to place, performance drops: "GhillieBushrag_Mossy"
 7:37:13.638 [CE][LootRespawner] (PRIDummy) :: Item [642] is hard to place, performance drops: "GhillieBushrag_Mossy"
 7:37:13.638 [CE][LootRespawner] (PRIDummy) :: Item [643] is hard to place, performance drops: "GhillieBushrag_Mossy"
 7:37:13.638 [CE][LootRespawner] (PRIDummy) :: Item [644] is hard to place, performance drops: "GhillieBushrag_Mossy"
 7:37:13.638 [CE][LootRespawner] (PRIDummy) :: Item [645] is hard to place, performance drops: "GhillieBushrag_Mossy"
 7:37:13.638 [CE][LootRespawner] (PRIDummy) :: Item [646] is hard to place, performance drops: "GhillieBushrag_Mossy"
 7:37:13.638 [CE][LootRespawner] (PRIDummy) :: Item [647] is hard to place, performance drops: "GhillieBushrag_Mossy"
 7:37:13.638 [CE][LootRespawner] (PRIDummy) :: Item [648] is hard to place, performance drops: "GhillieBushrag_Mossy"
 7:37:13.638 [CE][LootRespawner] (PRIDummy) :: Item [649] is hard to place, performance drops: "GhillieBushrag_Mossy"
 7:37:13.638 [CE][LootRespawner] (PRIDummy) :: Item [650] is hard to place, performance drops: "GhillieBushrag_Mossy"
 7:37:13.638 [CE][LootRespawner] (PRIDummy) :: Item [651] is hard to place, performance drops: "GhillieBushrag_Mossy"
 7:37:13.638 [CE][LootRespawner] (PRIDummy) :: Item [31] causing search overtime: "GhillieBushrag_Mossy"
 7:37:13.738 [CE][LootRespawner] (PRIDummy) :: Item [652] is hard to place, performance drops: "GhillieSuit_Mossy"
 7:37:13.738 [CE][LootRespawner] (PRIDummy) :: Item [653] is hard to place, performance drops: "GhillieSuit_Mossy"
 7:37:13.738 [CE][LootRespawner] (PRIDummy) :: Item [654] is hard to place, performance drops: "GhillieSuit_Mossy"
 7:37:13.738 [CE][LootRespawner] (PRIDummy) :: Item [655] is hard to place, performance drops: "GhillieSuit_Mossy"
 7:37:13.738 [CE][LootRespawner] (PRIDummy) :: Item [656] is hard to place, performance drops: "GhillieSuit_Mossy"
 7:37:13.738 [CE][LootRespawner] (PRIDummy) :: Item [657] is hard to place, performance drops: "GhillieSuit_Mossy"
 7:37:13.738 [CE][LootRespawner] (PRIDummy) :: Item [658] is hard to place, performance drops: "GhillieSuit_Mossy"
 7:37:13.738 [CE][LootRespawner] (PRIDummy) :: Item [659] is hard to place, performance drops: "GhillieSuit_Mossy"
 7:37:13.738 [CE][LootRespawner] (PRIDummy) :: Item [660] is hard to place, performance drops: "GhillieSuit_Mossy"
 7:37:13.738 [CE][LootRespawner] (PRIDummy) :: Item [661] is hard to place, performance drops: "GhillieSuit_Mossy"
 7:37:13.738 [CE][LootRespawner] (PRIDummy) :: Item [662] is hard to place, performance drops: "GhillieSuit_Mossy"
 7:37:13.738 [CE][LootRespawner] (PRIDummy) :: Item [663] is hard to place, performance drops: "GhillieSuit_Mossy"
 7:37:13.738 [CE][LootRespawner] (PRIDummy) :: Item [664] is hard to place, performance drops: "GhillieSuit_Mossy"
 7:37:13.738 [CE][LootRespawner] (PRIDummy) :: Item [665] is hard to place, performance drops: "GhillieSuit_Mossy"
 7:37:13.738 [CE][LootRespawner] (PRIDummy) :: Item [666] is hard to place, performance drops: "GhillieSuit_Mossy"
 7:37:13.738 [CE][LootRespawner] (PRIDummy) :: Item [667] is hard to place, performance drops: "GhillieSuit_Mossy"
 7:37:13.738 [CE][LootRespawner] (PRIDummy) :: Item [668] is hard to place, performance drops: "GhillieSuit_Mossy"
 7:37:13.738 [CE][LootRespawner] (PRIDummy) :: Item [669] is hard to place, performance drops: "GhillieSuit_Mossy"
 7:37:13.738 [CE][LootRespawner] (PRIDummy) :: Item [670] is hard to place, performance drops: "GhillieSuit_Mossy"
 7:37:13.738 [CE][LootRespawner] (PRIDummy) :: Item [671] is hard to place, performance drops: "GhillieSuit_Mossy"
 7:37:13.738 [CE][LootRespawner] (PRIDummy) :: Item [672] is hard to place, performance drops: "GhillieSuit_Mossy"
 7:37:13.738 [CE][LootRespawner] (PRIDummy) :: Item [673] is hard to place, performance drops: "GhillieSuit_Mossy"
 7:37:13.738 [CE][LootRespawner] (PRIDummy) :: Item [674] is hard to place, performance drops: "GhillieSuit_Mossy"
 7:37:13.738 [CE][LootRespawner] (PRIDummy) :: Item [675] is hard to place, performance drops: "GhillieSuit_Mossy"
 7:37:13.738 [CE][LootRespawner] (PRIDummy) :: Item [676] is hard to place, performance drops: "GhillieSuit_Mossy"
 7:37:13.738 [CE][LootRespawner] (PRIDummy) :: Item [677] is hard to place, performance drops: "GhillieSuit_Mossy"
 7:37:13.738 [CE][LootRespawner] (PRIDummy) :: Item [678] is hard to place, performance drops: "GhillieSuit_Mossy"
 7:37:13.738 [CE][LootRespawner] (PRIDummy) :: Item [679] is hard to place, performance drops: "GhillieSuit_Mossy"
 7:37:13.738 [CE][LootRespawner] (PRIDummy) :: Item [680] is hard to place, performance drops: "GhillieSuit_Mossy"
 7:37:13.738 [CE][LootRespawner] (PRIDummy) :: Item [681] is hard to place, performance drops: "GhillieSuit_Mossy"
 7:37:13.738 [CE][LootRespawner] (PRIDummy) :: Item [682] is hard to place, performance drops: "GhillieSuit_Mossy"
 7:37:13.738 [CE][LootRespawner] (PRIDummy) :: Item [683] is hard to place, performance drops: "GhillieSuit_Mossy"
 7:37:13.738 [CE][LootRespawner] (PRIDummy) :: Item [684] is hard to place, performance drops: "GhillieSuit_Mossy"
 7:37:13.738 [CE][LootRespawner] (PRIDummy) :: Item [685] is hard to place, performance drops: "GhillieSuit_Mossy"
 7:37:13.738 [CE][LootRespawner] (PRIDummy) :: Item [686] is hard to place, performance drops: "GhillieSuit_Mossy"
 7:37:13.738 [CE][LootRespawner] (PRIDummy) :: Item [32] causing search overtime: "GhillieSuit_Mossy"
 7:37:13.837 [CE][LootRespawner] (PRIDummy) :: Item [687] is hard to place, performance drops: "Mag_Saiga_8Rnd"
 7:37:13.837 [CE][LootRespawner] (PRIDummy) :: Item [688] is hard to place, performance drops: "Mag_Saiga_8Rnd"
 7:37:13.837 [CE][LootRespawner] (PRIDummy) :: Item [689] is hard to place, performance drops: "Mag_Saiga_8Rnd"
 7:37:13.837 [CE][LootRespawner] (PRIDummy) :: Item [690] is hard to place, performance drops: "Mag_Saiga_8Rnd"
 7:37:13.837 [CE][LootRespawner] (PRIDummy) :: Item [691] is hard to place, performance drops: "Mag_Saiga_8Rnd"
 7:37:13.837 [CE][LootRespawner] (PRIDummy) :: Item [692] is hard to place, performance drops: "Mag_Saiga_8Rnd"
 7:37:13.838 [CE][LootRespawner] (PRIDummy) :: Item [693] is hard to place, performance drops: "Mag_Saiga_8Rnd"
 7:37:13.838 [CE][LootRespawner] (PRIDummy) :: Item [694] is hard to place, performance drops: "Mag_Saiga_8Rnd"
 7:37:13.838 [CE][LootRespawner] (PRIDummy) :: Item [695] is hard to place, performance drops: "Mag_Saiga_8Rnd"
 7:37:13.838 [CE][LootRespawner] (PRIDummy) :: Item [33] causing search overtime: "Mag_Saiga_8Rnd"
 7:37:13.938 [CE][LootRespawner] (PRIDummy) :: Item [696] is hard to place, performance drops: "STAG_Clothing_PlateCarrier"
 7:37:13.938 [CE][LootRespawner] (PRIDummy) :: Item [697] is hard to place, performance drops: "STAG_Clothing_PlateCarrier"
 7:37:13.938 [CE][LootRespawner] (PRIDummy) :: Item [698] is hard to place, performance drops: "STAG_Clothing_PlateCarrier"
 7:37:13.938 [CE][LootRespawner] (PRIDummy) :: Item [699] is hard to place, performance drops: "STAG_Clothing_PlateCarrier"
 7:37:13.938 [CE][LootRespawner] (PRIDummy) :: Item [700] is hard to place, performance drops: "STAG_Clothing_PlateCarrier"
 7:37:13.938 [CE][LootRespawner] (PRIDummy) :: Item [701] is hard to place, performance drops: "STAG_Clothing_PlateCarrier"
 7:37:13.938 [CE][LootRespawner] (PRIDummy) :: Item [702] is hard to place, performance drops: "STAG_Clothing_PlateCarrier"
 7:37:13.938 [CE][LootRespawner] (PRIDummy) :: Item [703] is hard to place, performance drops: "STAG_Clothing_PlateCarrier"
 7:37:13.938 [CE][LootRespawner] (PRIDummy) :: Item [34] causing search overtime: "STAG_Clothing_PlateCarrier"
 7:37:14.37 [CE][LootRespawner] (PRIDummy) :: Item [704] is hard to place, performance drops: "GhillieTop_Mossy"
 7:37:14.37 [CE][LootRespawner] (PRIDummy) :: Item [705] is hard to place, performance drops: "GhillieTop_Mossy"
 7:37:14.37 [CE][LootRespawner] (PRIDummy) :: Item [706] is hard to place, performance drops: "GhillieTop_Mossy"
 7:37:14.37 [CE][LootRespawner] (PRIDummy) :: Item [707] is hard to place, performance drops: "GhillieTop_Mossy"
 7:37:14.37 [CE][LootRespawner] (PRIDummy) :: Item [708] is hard to place, performance drops: "GhillieTop_Mossy"
 7:37:14.37 [CE][LootRespawner] (PRIDummy) :: Item [709] is hard to place, performance drops: "GhillieTop_Mossy"
 7:37:14.37 [CE][LootRespawner] (PRIDummy) :: Item [710] is hard to place, performance drops: "GhillieTop_Mossy"
 7:37:14.37 [CE][LootRespawner] (PRIDummy) :: Item [711] is hard to place, performance drops: "GhillieTop_Mossy"
 7:37:14.37 [CE][LootRespawner] (PRIDummy) :: Item [712] is hard to place, performance drops: "GhillieTop_Mossy"
 7:37:14.37 [CE][LootRespawner] (PRIDummy) :: Item [713] is hard to place, performance drops: "GhillieTop_Mossy"
 7:37:14.37 [CE][LootRespawner] (PRIDummy) :: Item [714] is hard to place, performance drops: "GhillieTop_Mossy"
 7:37:14.37 [CE][LootRespawner] (PRIDummy) :: Item [715] is hard to place, performance drops: "GhillieTop_Mossy"
 7:37:14.37 [CE][LootRespawner] (PRIDummy) :: Item [716] is hard to place, performance drops: "GhillieTop_Mossy"
 7:37:14.37 [CE][LootRespawner] (PRIDummy) :: Item [717] is hard to place, performance drops: "GhillieTop_Mossy"
 7:37:14.37 [CE][LootRespawner] (PRIDummy) :: Item [718] is hard to place, performance drops: "GhillieTop_Mossy"
 7:37:14.37 [CE][LootRespawner] (PRIDummy) :: Item [719] is hard to place, performance drops: "GhillieTop_Mossy"
 7:37:14.37 [CE][LootRespawner] (PRIDummy) :: Item [720] is hard to place, performance drops: "GhillieTop_Mossy"
 7:37:14.37 [CE][LootRespawner] (PRIDummy) :: Item [721] is hard to place, performance drops: "GhillieTop_Mossy"
 7:37:14.38 [CE][LootRespawner] (PRIDummy) :: Item [722] is hard to place, performance drops: "GhillieTop_Mossy"
 7:37:14.38 [CE][LootRespawner] (PRIDummy) :: Item [723] is hard to place, performance drops: "GhillieTop_Mossy"
 7:37:14.38 [CE][LootRespawner] (PRIDummy) :: Item [724] is hard to place, performance drops: "GhillieTop_Mossy"
 7:37:14.38 [CE][LootRespawner] (PRIDummy) :: Item [725] is hard to place, performance drops: "GhillieTop_Mossy"
 7:37:14.38 [CE][LootRespawner] (PRIDummy) :: Item [726] is hard to place, performance drops: "GhillieTop_Mossy"
 7:37:14.38 [CE][LootRespawner] (PRIDummy) :: Item [727] is hard to place, performance drops: "GhillieTop_Mossy"
 7:37:14.38 [CE][LootRespawner] (PRIDummy) :: Item [728] is hard to place, performance drops: "GhillieTop_Mossy"
 7:37:14.38 [CE][LootRespawner] (PRIDummy) :: Item [729] is hard to place, performance drops: "GhillieTop_Mossy"
 7:37:14.38 [CE][LootRespawner] (PRIDummy) :: Item [730] is hard to place, performance drops: "GhillieTop_Mossy"
 7:37:14.38 [CE][LootRespawner] (PRIDummy) :: Item [731] is hard to place, performance drops: "GhillieTop_Mossy"
 7:37:14.38 [CE][LootRespawner] (PRIDummy) :: Item [732] is hard to place, performance drops: "GhillieTop_Mossy"
 7:37:14.38 [CE][LootRespawner] (PRIDummy) :: Item [733] is hard to place, performance drops: "GhillieTop_Mossy"
 7:37:14.38 [CE][LootRespawner] (PRIDummy) :: Item [734] is hard to place, performance drops: "GhillieTop_Mossy"
 7:37:14.38 [CE][LootRespawner] (PRIDummy) :: Item [735] is hard to place, performance drops: "GhillieTop_Mossy"
 7:37:14.38 [CE][LootRespawner] (PRIDummy) :: Item [736] is hard to place, performance drops: "GhillieTop_Mossy"
 7:37:14.38 [CE][LootRespawner] (PRIDummy) :: Item [737] is hard to place, performance drops: "GhillieTop_Mossy"
 7:37:14.38 [CE][LootRespawner] (PRIDummy) :: Item [738] is hard to place, performance drops: "GhillieTop_Mossy"
 7:37:14.38 [CE][LootRespawner] (PRIDummy) :: Item [35] causing search overtime: "GhillieTop_Mossy"
 7:37:14.138 [CE][LootRespawner] (PRIDummy) :: Item [739] is hard to place, performance drops: "TerjeAmpouleKetarol"
 7:37:14.138 [CE][LootRespawner] (PRIDummy) :: Item [740] is hard to place, performance drops: "TerjeAmpouleKetarol"
 7:37:14.138 [CE][LootRespawner] (PRIDummy) :: Item [741] is hard to place, performance drops: "TerjeAmpouleKetarol"
 7:37:14.138 [CE][LootRespawner] (PRIDummy) :: Item [742] is hard to place, performance drops: "TerjeAmpouleKetarol"
 7:37:14.138 [CE][LootRespawner] (PRIDummy) :: Item [743] is hard to place, performance drops: "TerjeAmpouleKetarol"
 7:37:14.138 [CE][LootRespawner] (PRIDummy) :: Item [744] is hard to place, performance drops: "TerjeAmpouleKetarol"
 7:37:14.138 [CE][LootRespawner] (PRIDummy) :: Item [745] is hard to place, performance drops: "TerjeAmpouleKetarol"
 7:37:14.138 [CE][LootRespawner] (PRIDummy) :: Item [746] is hard to place, performance drops: "TerjeAmpouleKetarol"
 7:37:14.138 [CE][LootRespawner] (PRIDummy) :: Item [747] is hard to place, performance drops: "TerjeAmpouleKetarol"
 7:37:14.138 [CE][LootRespawner] (PRIDummy) :: Item [748] is hard to place, performance drops: "TerjeAmpouleKetarol"
 7:37:14.138 [CE][LootRespawner] (PRIDummy) :: Item [749] is hard to place, performance drops: "TerjeAmpouleKetarol"
 7:37:14.138 [CE][LootRespawner] (PRIDummy) :: Item [750] is hard to place, performance drops: "TerjeAmpouleKetarol"
 7:37:14.138 [CE][LootRespawner] (PRIDummy) :: Item [751] is hard to place, performance drops: "TerjeAmpouleKetarol"
 7:37:14.138 [CE][LootRespawner] (PRIDummy) :: Item [752] is hard to place, performance drops: "TerjeAmpouleKetarol"
 7:37:14.138 [CE][LootRespawner] (PRIDummy) :: Item [753] is hard to place, performance drops: "TerjeAmpouleKetarol"
 7:37:14.138 [CE][LootRespawner] (PRIDummy) :: Item [754] is hard to place, performance drops: "TerjeAmpouleKetarol"
 7:37:14.138 [CE][LootRespawner] (PRIDummy) :: Item [755] is hard to place, performance drops: "TerjeAmpouleKetarol"
 7:37:14.138 [CE][LootRespawner] (PRIDummy) :: Item [756] is hard to place, performance drops: "TerjeAmpouleKetarol"
 7:37:14.138 [CE][LootRespawner] (PRIDummy) :: Item [757] is hard to place, performance drops: "TerjeAmpouleKetarol"
 7:37:14.138 [CE][LootRespawner] (PRIDummy) :: Item [758] is hard to place, performance drops: "TerjeAmpouleKetarol"
 7:37:14.138 [CE][LootRespawner] (PRIDummy) :: Item [759] is hard to place, performance drops: "TerjeAmpouleKetarol"
 7:37:14.138 [CE][LootRespawner] (PRIDummy) :: Item [760] is hard to place, performance drops: "TerjeAmpouleKetarol"
 7:37:14.138 [CE][LootRespawner] (PRIDummy) :: Item [761] is hard to place, performance drops: "TerjeAmpouleKetarol"
 7:37:14.138 [CE][LootRespawner] (PRIDummy) :: Item [762] is hard to place, performance drops: "TerjeAmpouleKetarol"
 7:37:14.139 [CE][LootRespawner] (PRIDummy) :: Item [763] is hard to place, performance drops: "TerjeAmpouleKetarol"
 7:37:14.139 [CE][LootRespawner] (PRIDummy) :: Item [764] is hard to place, performance drops: "TerjeAmpouleKetarol"
 7:37:14.139 [CE][LootRespawner] (PRIDummy) :: Item [765] is hard to place, performance drops: "TerjeAmpouleKetarol"
 7:37:14.139 [CE][LootRespawner] (PRIDummy) :: Item [766] is hard to place, performance drops: "TerjeAmpouleKetarol"
 7:37:14.139 [CE][LootRespawner] (PRIDummy) :: Item [767] is hard to place, performance drops: "TerjeAmpouleKetarol"
 7:37:14.139 [CE][LootRespawner] (PRIDummy) :: Item [768] is hard to place, performance drops: "TerjeAmpouleKetarol"
 7:37:14.139 [CE][LootRespawner] (PRIDummy) :: Item [769] is hard to place, performance drops: "TerjeAmpouleKetarol"
 7:37:14.139 [CE][LootRespawner] (PRIDummy) :: Item [770] is hard to place, performance drops: "TerjeAmpouleKetarol"
 7:37:14.139 [CE][LootRespawner] (PRIDummy) :: Item [771] is hard to place, performance drops: "TerjeAmpouleKetarol"
 7:37:14.139 [CE][LootRespawner] (PRIDummy) :: Item [772] is hard to place, performance drops: "TerjeAmpouleKetarol"
 7:37:14.139 [CE][LootRespawner] (PRIDummy) :: Item [773] is hard to place, performance drops: "TerjeAmpouleKetarol"
 7:37:14.139 [CE][LootRespawner] (PRIDummy) :: Item [774] is hard to place, performance drops: "TerjeAmpouleKetarol"
 7:37:14.139 [CE][LootRespawner] (PRIDummy) :: Item [775] is hard to place, performance drops: "TerjeAmpouleKetarol"
 7:37:14.139 [CE][LootRespawner] (PRIDummy) :: Item [776] is hard to place, performance drops: "TerjeAmpouleKetarol"
 7:37:14.139 [CE][LootRespawner] (PRIDummy) :: Item [777] is hard to place, performance drops: "TerjeAmpouleKetarol"
 7:37:14.139 [CE][LootRespawner] (PRIDummy) :: Item [778] is hard to place, performance drops: "TerjeAmpouleKetarol"
 7:37:14.139 [CE][LootRespawner] (PRIDummy) :: Item [779] is hard to place, performance drops: "TerjeAmpouleKetarol"
 7:37:14.139 [CE][LootRespawner] (PRIDummy) :: Item [780] is hard to place, performance drops: "TerjeAmpouleKetarol"
 7:37:14.139 [CE][LootRespawner] (PRIDummy) :: Item [781] is hard to place, performance drops: "TerjeAmpouleKetarol"
 7:37:14.139 [CE][LootRespawner] (PRIDummy) :: Item [782] is hard to place, performance drops: "TerjeAmpouleKetarol"
 7:37:14.139 [CE][LootRespawner] (PRIDummy) :: Item [783] is hard to place, performance drops: "TerjeAmpouleKetarol"
 7:37:14.139 [CE][LootRespawner] (PRIDummy) :: Item [784] is hard to place, performance drops: "TerjeAmpouleKetarol"
 7:37:14.139 [CE][LootRespawner] (PRIDummy) :: Item [785] is hard to place, performance drops: "TerjeAmpouleKetarol"
 7:37:14.139 [CE][LootRespawner] (PRIDummy) :: Item [786] is hard to place, performance drops: "TerjeAmpouleKetarol"
 7:37:14.139 [CE][LootRespawner] (PRIDummy) :: Item [787] is hard to place, performance drops: "TerjeAmpouleKetarol"
 7:37:14.139 [CE][LootRespawner] (PRIDummy) :: Item [788] is hard to place, performance drops: "TerjeAmpouleKetarol"
 7:37:14.139 [CE][LootRespawner] (PRIDummy) :: Item [789] is hard to place, performance drops: "TerjeAmpouleKetarol"
 7:37:14.139 [CE][LootRespawner] (PRIDummy) :: Item [790] is hard to place, performance drops: "TerjeAmpouleKetarol"
 7:37:14.139 [CE][LootRespawner] (PRIDummy) :: Item [791] is hard to place, performance drops: "TerjeAmpouleKetarol"
 7:37:14.139 [CE][LootRespawner] (PRIDummy) :: Item [792] is hard to place, performance drops: "TerjeAmpouleKetarol"
 7:37:14.139 [CE][LootRespawner] (PRIDummy) :: Item [793] is hard to place, performance drops: "TerjeAmpouleKetarol"
 7:37:14.139 [CE][LootRespawner] (PRIDummy) :: Item [794] is hard to place, performance drops: "TerjeAmpouleKetarol"
 7:37:14.139 [CE][LootRespawner] (PRIDummy) :: Item [795] is hard to place, performance drops: "TerjeAmpouleKetarol"
 7:37:14.139 [CE][LootRespawner] (PRIDummy) :: Item [796] is hard to place, performance drops: "TerjeAmpouleKetarol"
 7:37:14.139 [CE][LootRespawner] (PRIDummy) :: Item [797] is hard to place, performance drops: "TerjeAmpouleKetarol"
 7:37:14.139 [CE][LootRespawner] (PRIDummy) :: Item [798] is hard to place, performance drops: "TerjeAmpouleKetarol"
 7:37:14.139 [CE][LootRespawner] (PRIDummy) :: Item [799] is hard to place, performance drops: "TerjeAmpouleKetarol"
 7:37:14.139 [CE][LootRespawner] (PRIDummy) :: Item [800] is hard to place, performance drops: "TerjeAmpouleKetarol"
 7:37:14.139 [CE][LootRespawner] (PRIDummy) :: Item [801] is hard to place, performance drops: "TerjeAmpouleKetarol"
 7:37:14.139 [CE][LootRespawner] (PRIDummy) :: Item [802] is hard to place, performance drops: "TerjeAmpouleKetarol"
 7:37:14.139 [CE][LootRespawner] (PRIDummy) :: Item [803] is hard to place, performance drops: "TerjeAmpouleKetarol"
 7:37:14.139 [CE][LootRespawner] (PRIDummy) :: Item [804] is hard to place, performance drops: "TerjeAmpouleKetarol"
 7:37:14.139 [CE][LootRespawner] (PRIDummy) :: Item [805] is hard to place, performance drops: "TerjeAmpouleKetarol"
 7:37:14.139 [CE][LootRespawner] (PRIDummy) :: Item [806] is hard to place, performance drops: "TerjeAmpouleKetarol"
 7:37:14.139 [CE][LootRespawner] (PRIDummy) :: Item [807] is hard to place, performance drops: "TerjeAmpouleKetarol"
 7:37:14.139 [CE][LootRespawner] (PRIDummy) :: Item [808] is hard to place, performance drops: "TerjeAmpouleKetarol"
 7:37:14.139 [CE][LootRespawner] (PRIDummy) :: Item [809] is hard to place, performance drops: "TerjeAmpouleKetarol"
 7:37:14.139 [CE][LootRespawner] (PRIDummy) :: Item [810] is hard to place, performance drops: "TerjeAmpouleKetarol"
 7:37:14.139 [CE][LootRespawner] (PRIDummy) :: Item [811] is hard to place, performance drops: "TerjeAmpouleKetarol"
 7:37:14.139 [CE][LootRespawner] (PRIDummy) :: Item [812] is hard to place, performance drops: "TerjeAmpouleKetarol"
 7:37:14.139 [CE][LootRespawner] (PRIDummy) :: Item [813] is hard to place, performance drops: "TerjeAmpouleKetarol"
 7:37:14.139 [CE][LootRespawner] (PRIDummy) :: Item [814] is hard to place, performance drops: "TerjeAmpouleKetarol"
 7:37:14.139 [CE][LootRespawner] (PRIDummy) :: Item [815] is hard to place, performance drops: "TerjeAmpouleKetarol"
 7:37:14.139 [CE][LootRespawner] (PRIDummy) :: Item [816] is hard to place, performance drops: "TerjeAmpouleKetarol"
 7:37:14.139 [CE][LootRespawner] (PRIDummy) :: Item [817] is hard to place, performance drops: "TerjeAmpouleKetarol"
 7:37:14.139 [CE][LootRespawner] (PRIDummy) :: Item [818] is hard to place, performance drops: "TerjeAmpouleKetarol"
 7:37:14.139 [CE][LootRespawner] (PRIDummy) :: Item [819] is hard to place, performance drops: "TerjeAmpouleKetarol"
 7:37:14.139 [CE][LootRespawner] (PRIDummy) :: Item [820] is hard to place, performance drops: "TerjeAmpouleKetarol"
 7:37:14.139 [CE][LootRespawner] (PRIDummy) :: Item [821] is hard to place, performance drops: "TerjeAmpouleKetarol"
 7:37:14.139 [CE][LootRespawner] (PRIDummy) :: Item [822] is hard to place, performance drops: "TerjeAmpouleKetarol"
 7:37:14.139 [CE][LootRespawner] (PRIDummy) :: Item [36] causing search overtime: "TerjeAmpouleKetarol"
 7:37:14.237 [CE][LootRespawner] (PRIDummy) :: Item [823] is hard to place, performance drops: "GP5GasMask"
 7:37:14.237 [CE][LootRespawner] (PRIDummy) :: Item [824] is hard to place, performance drops: "GP5GasMask"
 7:37:14.237 [CE][LootRespawner] (PRIDummy) :: Item [825] is hard to place, performance drops: "GP5GasMask"
 7:37:14.237 [CE][LootRespawner] (PRIDummy) :: Item [826] is hard to place, performance drops: "GP5GasMask"
 7:37:14.237 [CE][LootRespawner] (PRIDummy) :: Item [827] is hard to place, performance drops: "GP5GasMask"
 7:37:14.237 [CE][LootRespawner] (PRIDummy) :: Item [828] is hard to place, performance drops: "GP5GasMask"
 7:37:14.237 [CE][LootRespawner] (PRIDummy) :: Item [829] is hard to place, performance drops: "GP5GasMask"
 7:37:14.237 [CE][LootRespawner] (PRIDummy) :: Item [830] is hard to place, performance drops: "GP5GasMask"
 7:37:14.237 [CE][LootRespawner] (PRIDummy) :: Item [831] is hard to place, performance drops: "GP5GasMask"
 7:37:14.237 [CE][LootRespawner] (PRIDummy) :: Item [832] is hard to place, performance drops: "GP5GasMask"
 7:37:14.237 [CE][LootRespawner] (PRIDummy) :: Item [833] is hard to place, performance drops: "GP5GasMask"
 7:37:14.237 [CE][LootRespawner] (PRIDummy) :: Item [834] is hard to place, performance drops: "GP5GasMask"
 7:37:14.237 [CE][LootRespawner] (PRIDummy) :: Item [835] is hard to place, performance drops: "GP5GasMask"
 7:37:14.237 [CE][LootRespawner] (PRIDummy) :: Item [836] is hard to place, performance drops: "GP5GasMask"
 7:37:14.237 [CE][LootRespawner] (PRIDummy) :: Item [837] is hard to place, performance drops: "GP5GasMask"
 7:37:14.237 [CE][LootRespawner] (PRIDummy) :: Item [838] is hard to place, performance drops: "GP5GasMask"
 7:37:14.237 [CE][LootRespawner] (PRIDummy) :: Item [839] is hard to place, performance drops: "GP5GasMask"
 7:37:14.237 [CE][LootRespawner] (PRIDummy) :: Item [840] is hard to place, performance drops: "GP5GasMask"
 7:37:14.237 [CE][LootRespawner] (PRIDummy) :: Item [841] is hard to place, performance drops: "GP5GasMask"
 7:37:14.237 [CE][LootRespawner] (PRIDummy) :: Item [842] is hard to place, performance drops: "GP5GasMask"
 7:37:14.237 [CE][LootRespawner] (PRIDummy) :: Item [843] is hard to place, performance drops: "GP5GasMask"
 7:37:14.237 [CE][LootRespawner] (PRIDummy) :: Item [844] is hard to place, performance drops: "GP5GasMask"
 7:37:14.237 [CE][LootRespawner] (PRIDummy) :: Item [845] is hard to place, performance drops: "GP5GasMask"
 7:37:14.237 [CE][LootRespawner] (PRIDummy) :: Item [846] is hard to place, performance drops: "GP5GasMask"
 7:37:14.237 [CE][LootRespawner] (PRIDummy) :: Item [847] is hard to place, performance drops: "GP5GasMask"
 7:37:14.237 [CE][LootRespawner] (PRIDummy) :: Item [848] is hard to place, performance drops: "GP5GasMask"
 7:37:14.237 [CE][LootRespawner] (PRIDummy) :: Item [849] is hard to place, performance drops: "GP5GasMask"
 7:37:14.237 [CE][LootRespawner] (PRIDummy) :: Item [850] is hard to place, performance drops: "GP5GasMask"
 7:37:14.237 [CE][LootRespawner] (PRIDummy) :: Item [851] is hard to place, performance drops: "GP5GasMask"
 7:37:14.237 [CE][LootRespawner] (PRIDummy) :: Item [852] is hard to place, performance drops: "GP5GasMask"
 7:37:14.237 [CE][LootRespawner] (PRIDummy) :: Item [853] is hard to place, performance drops: "GP5GasMask"
 7:37:14.237 [CE][LootRespawner] (PRIDummy) :: Item [854] is hard to place, performance drops: "GP5GasMask"
 7:37:14.237 [CE][LootRespawner] (PRIDummy) :: Item [855] is hard to place, performance drops: "GP5GasMask"
 7:37:14.237 [CE][LootRespawner] (PRIDummy) :: Item [856] is hard to place, performance drops: "GP5GasMask"
 7:37:14.237 [CE][LootRespawner] (PRIDummy) :: Item [857] is hard to place, performance drops: "GP5GasMask"
 7:37:14.237 [CE][LootRespawner] (PRIDummy) :: Item [858] is hard to place, performance drops: "GP5GasMask"
 7:37:14.237 [CE][LootRespawner] (PRIDummy) :: Item [859] is hard to place, performance drops: "GP5GasMask"
 7:37:14.237 [CE][LootRespawner] (PRIDummy) :: Item [860] is hard to place, performance drops: "GP5GasMask"
 7:37:14.237 [CE][LootRespawner] (PRIDummy) :: Item [861] is hard to place, performance drops: "GP5GasMask"
 7:37:14.237 [CE][LootRespawner] (PRIDummy) :: Item [862] is hard to place, performance drops: "GP5GasMask"
 7:37:14.237 [CE][LootRespawner] (PRIDummy) :: Item [863] is hard to place, performance drops: "GP5GasMask"
 7:37:14.237 [CE][LootRespawner] (PRIDummy) :: Item [864] is hard to place, performance drops: "GP5GasMask"
 7:37:14.238 [CE][LootRespawner] (PRIDummy) :: Item [865] is hard to place, performance drops: "GP5GasMask"
 7:37:14.238 [CE][LootRespawner] (PRIDummy) :: Item [866] is hard to place, performance drops: "GP5GasMask"
 7:37:14.238 [CE][LootRespawner] (PRIDummy) :: Item [867] is hard to place, performance drops: "GP5GasMask"
 7:37:14.238 [CE][LootRespawner] (PRIDummy) :: Item [868] is hard to place, performance drops: "GP5GasMask"
 7:37:14.238 [CE][LootRespawner] (PRIDummy) :: Item [869] is hard to place, performance drops: "GP5GasMask"
 7:37:14.238 [CE][LootRespawner] (PRIDummy) :: Item [870] is hard to place, performance drops: "GP5GasMask"
 7:37:14.238 [CE][LootRespawner] (PRIDummy) :: Item [871] is hard to place, performance drops: "GP5GasMask"
 7:37:14.238 [CE][LootRespawner] (PRIDummy) :: Item [872] is hard to place, performance drops: "GP5GasMask"
 7:37:14.238 [CE][LootRespawner] (PRIDummy) :: Item [873] is hard to place, performance drops: "GP5GasMask"
 7:37:14.238 [CE][LootRespawner] (PRIDummy) :: Item [874] is hard to place, performance drops: "GP5GasMask"
 7:37:14.238 [CE][LootRespawner] (PRIDummy) :: Item [875] is hard to place, performance drops: "GP5GasMask"
 7:37:14.238 [CE][LootRespawner] (PRIDummy) :: Item [876] is hard to place, performance drops: "GP5GasMask"
 7:37:14.238 [CE][LootRespawner] (PRIDummy) :: Item [877] is hard to place, performance drops: "GP5GasMask"
 7:37:14.238 [CE][LootRespawner] (PRIDummy) :: Item [878] is hard to place, performance drops: "GP5GasMask"
 7:37:14.238 [CE][LootRespawner] (PRIDummy) :: Item [879] is hard to place, performance drops: "GP5GasMask"
 7:37:14.238 [CE][LootRespawner] (PRIDummy) :: Item [880] is hard to place, performance drops: "GP5GasMask"
 7:37:14.238 [CE][LootRespawner] (PRIDummy) :: Item [881] is hard to place, performance drops: "GP5GasMask"
 7:37:14.238 [CE][LootRespawner] (PRIDummy) :: Item [882] is hard to place, performance drops: "GP5GasMask"
 7:37:14.238 [CE][LootRespawner] (PRIDummy) :: Item [883] is hard to place, performance drops: "GP5GasMask"
 7:37:14.238 [CE][LootRespawner] (PRIDummy) :: Item [884] is hard to place, performance drops: "GP5GasMask"
 7:37:14.238 [CE][LootRespawner] (PRIDummy) :: Item [885] is hard to place, performance drops: "GP5GasMask"
 7:37:14.238 [CE][LootRespawner] (PRIDummy) :: Item [886] is hard to place, performance drops: "GP5GasMask"
 7:37:14.238 [CE][LootRespawner] (PRIDummy) :: Item [887] is hard to place, performance drops: "GP5GasMask"
 7:37:14.238 [CE][LootRespawner] (PRIDummy) :: Item [888] is hard to place, performance drops: "GP5GasMask"
 7:37:14.238 [CE][LootRespawner] (PRIDummy) :: Item [889] is hard to place, performance drops: "GP5GasMask"
 7:37:14.238 [CE][LootRespawner] (PRIDummy) :: Item [890] is hard to place, performance drops: "GP5GasMask"
 7:37:14.238 [CE][LootRespawner] (PRIDummy) :: Item [891] is hard to place, performance drops: "GP5GasMask"
 7:37:14.238 [CE][LootRespawner] (PRIDummy) :: Item [892] is hard to place, performance drops: "GP5GasMask"
 7:37:14.238 [CE][LootRespawner] (PRIDummy) :: Item [893] is hard to place, performance drops: "GP5GasMask"
 7:37:14.238 [CE][LootRespawner] (PRIDummy) :: Item [894] is hard to place, performance drops: "GP5GasMask"
 7:37:14.238 [CE][LootRespawner] (PRIDummy) :: Item [895] is hard to place, performance drops: "GP5GasMask"
 7:37:14.238 [CE][LootRespawner] (PRIDummy) :: Item [896] is hard to place, performance drops: "GP5GasMask"
 7:37:14.238 [CE][LootRespawner] (PRIDummy) :: Item [897] is hard to place, performance drops: "GP5GasMask"
 7:37:14.238 [CE][LootRespawner] (PRIDummy) :: Item [898] is hard to place, performance drops: "GP5GasMask"
 7:37:14.238 [CE][LootRespawner] (PRIDummy) :: Item [899] is hard to place, performance drops: "GP5GasMask"
 7:37:14.238 [CE][LootRespawner] (PRIDummy) :: Item [900] is hard to place, performance drops: "GP5GasMask"
 7:37:14.238 [CE][LootRespawner] (PRIDummy) :: Item [901] is hard to place, performance drops: "GP5GasMask"
 7:37:14.238 [CE][LootRespawner] (PRIDummy) :: Item [902] is hard to place, performance drops: "GP5GasMask"
 7:37:14.238 [CE][LootRespawner] (PRIDummy) :: Item [903] is hard to place, performance drops: "GP5GasMask"
 7:37:14.238 [CE][LootRespawner] (PRIDummy) :: Item [904] is hard to place, performance drops: "GP5GasMask"
 7:37:14.238 [CE][LootRespawner] (PRIDummy) :: Item [905] is hard to place, performance drops: "GP5GasMask"
 7:37:14.238 [CE][LootRespawner] (PRIDummy) :: Item [906] is hard to place, performance drops: "GP5GasMask"
 7:37:14.238 [CE][LootRespawner] (PRIDummy) :: Item [907] is hard to place, performance drops: "GP5GasMask"
 7:37:14.238 [CE][LootRespawner] (PRIDummy) :: Item [908] is hard to place, performance drops: "GP5GasMask"
 7:37:14.238 [CE][LootRespawner] (PRIDummy) :: Item [37] causing search overtime: "GP5GasMask"
 7:37:14.338 [CE][LootRespawner] (PRIDummy) :: Item [909] is hard to place, performance drops: "M4_T3NRDSOptic"
 7:37:14.338 [CE][LootRespawner] (PRIDummy) :: Item [910] is hard to place, performance drops: "M4_T3NRDSOptic"
 7:37:14.338 [CE][LootRespawner] (PRIDummy) :: Item [911] is hard to place, performance drops: "M4_T3NRDSOptic"
 7:37:14.338 [CE][LootRespawner] (PRIDummy) :: Item [912] is hard to place, performance drops: "M4_T3NRDSOptic"
 7:37:14.338 [CE][LootRespawner] (PRIDummy) :: Item [913] is hard to place, performance drops: "M4_T3NRDSOptic"
 7:37:14.338 [CE][LootRespawner] (PRIDummy) :: Item [914] is hard to place, performance drops: "M4_T3NRDSOptic"
 7:37:14.338 [CE][LootRespawner] (PRIDummy) :: Item [915] is hard to place, performance drops: "M4_T3NRDSOptic"
 7:37:14.338 [CE][LootRespawner] (PRIDummy) :: Item [916] is hard to place, performance drops: "M4_T3NRDSOptic"
 7:37:14.338 [CE][LootRespawner] (PRIDummy) :: Item [917] is hard to place, performance drops: "M4_T3NRDSOptic"
 7:37:14.338 [CE][LootRespawner] (PRIDummy) :: Item [38] causing search overtime: "M4_T3NRDSOptic"
 7:37:14.439 [CE][LootRespawner] (PRIDummy) :: Item [918] is hard to place, performance drops: "TerjeAmpouleAmitriptyline"
 7:37:14.439 [CE][LootRespawner] (PRIDummy) :: Item [919] is hard to place, performance drops: "TerjeAmpouleAmitriptyline"
 7:37:14.439 [CE][LootRespawner] (PRIDummy) :: Item [920] is hard to place, performance drops: "TerjeAmpouleAmitriptyline"
 7:37:14.439 [CE][LootRespawner] (PRIDummy) :: Item [921] is hard to place, performance drops: "TerjeAmpouleAmitriptyline"
 7:37:14.439 [CE][LootRespawner] (PRIDummy) :: Item [922] is hard to place, performance drops: "TerjeAmpouleAmitriptyline"
 7:37:14.439 [CE][LootRespawner] (PRIDummy) :: Item [923] is hard to place, performance drops: "TerjeAmpouleAmitriptyline"
 7:37:14.439 [CE][LootRespawner] (PRIDummy) :: Item [924] is hard to place, performance drops: "TerjeAmpouleAmitriptyline"
 7:37:14.439 [CE][LootRespawner] (PRIDummy) :: Item [925] is hard to place, performance drops: "TerjeAmpouleAmitriptyline"
 7:37:14.439 [CE][LootRespawner] (PRIDummy) :: Item [926] is hard to place, performance drops: "TerjeAmpouleAmitriptyline"
 7:37:14.439 [CE][LootRespawner] (PRIDummy) :: Item [927] is hard to place, performance drops: "TerjeAmpouleAmitriptyline"
 7:37:14.439 [CE][LootRespawner] (PRIDummy) :: Item [928] is hard to place, performance drops: "TerjeAmpouleAmitriptyline"
 7:37:14.439 [CE][LootRespawner] (PRIDummy) :: Item [929] is hard to place, performance drops: "TerjeAmpouleAmitriptyline"
 7:37:14.439 [CE][LootRespawner] (PRIDummy) :: Item [930] is hard to place, performance drops: "TerjeAmpouleAmitriptyline"
 7:37:14.439 [CE][LootRespawner] (PRIDummy) :: Item [931] is hard to place, performance drops: "TerjeAmpouleAmitriptyline"
 7:37:14.439 [CE][LootRespawner] (PRIDummy) :: Item [932] is hard to place, performance drops: "TerjeAmpouleAmitriptyline"
 7:37:14.439 [CE][LootRespawner] (PRIDummy) :: Item [933] is hard to place, performance drops: "TerjeAmpouleAmitriptyline"
 7:37:14.439 [CE][LootRespawner] (PRIDummy) :: Item [934] is hard to place, performance drops: "TerjeAmpouleAmitriptyline"
 7:37:14.439 [CE][LootRespawner] (PRIDummy) :: Item [935] is hard to place, performance drops: "TerjeAmpouleAmitriptyline"
 7:37:14.439 [CE][LootRespawner] (PRIDummy) :: Item [936] is hard to place, performance drops: "TerjeAmpouleAmitriptyline"
 7:37:14.439 [CE][LootRespawner] (PRIDummy) :: Item [937] is hard to place, performance drops: "TerjeAmpouleAmitriptyline"
 7:37:14.439 [CE][LootRespawner] (PRIDummy) :: Item [938] is hard to place, performance drops: "TerjeAmpouleAmitriptyline"
 7:37:14.439 [CE][LootRespawner] (PRIDummy) :: Item [939] is hard to place, performance drops: "TerjeAmpouleAmitriptyline"
 7:37:14.439 [CE][LootRespawner] (PRIDummy) :: Item [940] is hard to place, performance drops: "TerjeAmpouleAmitriptyline"
 7:37:14.439 [CE][LootRespawner] (PRIDummy) :: Item [941] is hard to place, performance drops: "TerjeAmpouleAmitriptyline"
 7:37:14.439 [CE][LootRespawner] (PRIDummy) :: Item [942] is hard to place, performance drops: "TerjeAmpouleAmitriptyline"
 7:37:14.439 [CE][LootRespawner] (PRIDummy) :: Item [943] is hard to place, performance drops: "TerjeAmpouleAmitriptyline"
 7:37:14.439 [CE][LootRespawner] (PRIDummy) :: Item [944] is hard to place, performance drops: "TerjeAmpouleAmitriptyline"
 7:37:14.439 [CE][LootRespawner] (PRIDummy) :: Item [945] is hard to place, performance drops: "TerjeAmpouleAmitriptyline"
 7:37:14.439 [CE][LootRespawner] (PRIDummy) :: Item [946] is hard to place, performance drops: "TerjeAmpouleAmitriptyline"
 7:37:14.439 [CE][LootRespawner] (PRIDummy) :: Item [947] is hard to place, performance drops: "TerjeAmpouleAmitriptyline"
 7:37:14.439 [CE][LootRespawner] (PRIDummy) :: Item [948] is hard to place, performance drops: "TerjeAmpouleAmitriptyline"
 7:37:14.439 [CE][LootRespawner] (PRIDummy) :: Item [949] is hard to place, performance drops: "TerjeAmpouleAmitriptyline"
 7:37:14.439 [CE][LootRespawner] (PRIDummy) :: Item [950] is hard to place, performance drops: "TerjeAmpouleAmitriptyline"
 7:37:14.439 [CE][LootRespawner] (PRIDummy) :: Item [951] is hard to place, performance drops: "TerjeAmpouleAmitriptyline"
 7:37:14.439 [CE][LootRespawner] (PRIDummy) :: Item [952] is hard to place, performance drops: "TerjeAmpouleAmitriptyline"
 7:37:14.439 [CE][LootRespawner] (PRIDummy) :: Item [953] is hard to place, performance drops: "TerjeAmpouleAmitriptyline"
 7:37:14.439 [CE][LootRespawner] (PRIDummy) :: Item [954] is hard to place, performance drops: "TerjeAmpouleAmitriptyline"
 7:37:14.439 [CE][LootRespawner] (PRIDummy) :: Item [955] is hard to place, performance drops: "TerjeAmpouleAmitriptyline"
 7:37:14.439 [CE][LootRespawner] (PRIDummy) :: Item [956] is hard to place, performance drops: "TerjeAmpouleAmitriptyline"
 7:37:14.439 [CE][LootRespawner] (PRIDummy) :: Item [957] is hard to place, performance drops: "TerjeAmpouleAmitriptyline"
 7:37:14.439 [CE][LootRespawner] (PRIDummy) :: Item [958] is hard to place, performance drops: "TerjeAmpouleAmitriptyline"
 7:37:14.439 [CE][LootRespawner] (PRIDummy) :: Item [959] is hard to place, performance drops: "TerjeAmpouleAmitriptyline"
 7:37:14.439 [CE][LootRespawner] (PRIDummy) :: Item [960] is hard to place, performance drops: "TerjeAmpouleAmitriptyline"
 7:37:14.439 [CE][LootRespawner] (PRIDummy) :: Item [961] is hard to place, performance drops: "TerjeAmpouleAmitriptyline"
 7:37:14.439 [CE][LootRespawner] (PRIDummy) :: Item [962] is hard to place, performance drops: "TerjeAmpouleAmitriptyline"
 7:37:14.439 [CE][LootRespawner] (PRIDummy) :: Item [963] is hard to place, performance drops: "TerjeAmpouleAmitriptyline"
 7:37:14.439 [CE][LootRespawner] (PRIDummy) :: Item [964] is hard to place, performance drops: "TerjeAmpouleAmitriptyline"
 7:37:14.439 [CE][LootRespawner] (PRIDummy) :: Item [965] is hard to place, performance drops: "TerjeAmpouleAmitriptyline"
 7:37:14.439 [CE][LootRespawner] (PRIDummy) :: Item [966] is hard to place, performance drops: "TerjeAmpouleAmitriptyline"
 7:37:14.439 [CE][LootRespawner] (PRIDummy) :: Item [967] is hard to place, performance drops: "TerjeAmpouleAmitriptyline"
 7:37:14.439 [CE][LootRespawner] (PRIDummy) :: Item [968] is hard to place, performance drops: "TerjeAmpouleAmitriptyline"
 7:37:14.439 [CE][LootRespawner] (PRIDummy) :: Item [969] is hard to place, performance drops: "TerjeAmpouleAmitriptyline"
 7:37:14.439 [CE][LootRespawner] (PRIDummy) :: Item [970] is hard to place, performance drops: "TerjeAmpouleAmitriptyline"
 7:37:14.439 [CE][LootRespawner] (PRIDummy) :: Item [971] is hard to place, performance drops: "TerjeAmpouleAmitriptyline"
 7:37:14.439 [CE][LootRespawner] (PRIDummy) :: Item [972] is hard to place, performance drops: "TerjeAmpouleAmitriptyline"
 7:37:14.439 [CE][LootRespawner] (PRIDummy) :: Item [973] is hard to place, performance drops: "TerjeAmpouleAmitriptyline"
 7:37:14.439 [CE][LootRespawner] (PRIDummy) :: Item [974] is hard to place, performance drops: "TerjeAmpouleAmitriptyline"
 7:37:14.439 [CE][LootRespawner] (PRIDummy) :: Item [975] is hard to place, performance drops: "TerjeAmpouleAmitriptyline"
 7:37:14.439 [CE][LootRespawner] (PRIDummy) :: Item [976] is hard to place, performance drops: "TerjeAmpouleAmitriptyline"
 7:37:14.439 [CE][LootRespawner] (PRIDummy) :: Item [977] is hard to place, performance drops: "TerjeAmpouleAmitriptyline"
 7:37:14.439 [CE][LootRespawner] (PRIDummy) :: Item [978] is hard to place, performance drops: "TerjeAmpouleAmitriptyline"
 7:37:14.439 [CE][LootRespawner] (PRIDummy) :: Item [979] is hard to place, performance drops: "TerjeAmpouleAmitriptyline"
 7:37:14.439 [CE][LootRespawner] (PRIDummy) :: Item [980] is hard to place, performance drops: "TerjeAmpouleAmitriptyline"
 7:37:14.439 [CE][LootRespawner] (PRIDummy) :: Item [981] is hard to place, performance drops: "TerjeAmpouleAmitriptyline"
 7:37:14.439 [CE][LootRespawner] (PRIDummy) :: Item [982] is hard to place, performance drops: "TerjeAmpouleAmitriptyline"
 7:37:14.439 [CE][LootRespawner] (PRIDummy) :: Item [983] is hard to place, performance drops: "TerjeAmpouleAmitriptyline"
 7:37:14.439 [CE][LootRespawner] (PRIDummy) :: Item [984] is hard to place, performance drops: "TerjeAmpouleAmitriptyline"
 7:37:14.439 [CE][LootRespawner] (PRIDummy) :: Item [985] is hard to place, performance drops: "TerjeAmpouleAmitriptyline"
 7:37:14.439 [CE][LootRespawner] (PRIDummy) :: Item [986] is hard to place, performance drops: "TerjeAmpouleAmitriptyline"
 7:37:14.439 [CE][LootRespawner] (PRIDummy) :: Item [987] is hard to place, performance drops: "TerjeAmpouleAmitriptyline"
 7:37:14.439 [CE][LootRespawner] (PRIDummy) :: Item [988] is hard to place, performance drops: "TerjeAmpouleAmitriptyline"
 7:37:14.439 [CE][LootRespawner] (PRIDummy) :: Item [989] is hard to place, performance drops: "TerjeAmpouleAmitriptyline"
 7:37:14.439 [CE][LootRespawner] (PRIDummy) :: Item [990] is hard to place, performance drops: "TerjeAmpouleAmitriptyline"
 7:37:14.439 [CE][LootRespawner] (PRIDummy) :: Item [991] is hard to place, performance drops: "TerjeAmpouleAmitriptyline"
 7:37:14.439 [CE][LootRespawner] (PRIDummy) :: Item [992] is hard to place, performance drops: "TerjeAmpouleAmitriptyline"
 7:37:14.439 [CE][LootRespawner] (PRIDummy) :: Item [993] is hard to place, performance drops: "TerjeAmpouleAmitriptyline"
 7:37:14.439 [CE][LootRespawner] (PRIDummy) :: Item [994] is hard to place, performance drops: "TerjeAmpouleAmitriptyline"
 7:37:14.439 [CE][LootRespawner] (PRIDummy) :: Item [995] is hard to place, performance drops: "TerjeAmpouleAmitriptyline"
 7:37:14.439 [CE][LootRespawner] (PRIDummy) :: Item [996] is hard to place, performance drops: "TerjeAmpouleAmitriptyline"
 7:37:14.439 [CE][LootRespawner] (PRIDummy) :: Item [997] is hard to place, performance drops: "TerjeAmpouleAmitriptyline"
 7:37:14.439 [CE][LootRespawner] (PRIDummy) :: Item [998] is hard to place, performance drops: "TerjeAmpouleAmitriptyline"
 7:37:14.439 [CE][LootRespawner] (PRIDummy) :: Item [999] is hard to place, performance drops: "TerjeAmpouleAmitriptyline"
 7:37:14.439 [CE][LootRespawner] (PRIDummy) :: Item [1000] is hard to place, performance drops: "TerjeAmpouleAmitriptyline"
 7:37:14.439 [CE][LootRespawner] (PRIDummy) :: Item [1001] is hard to place, performance drops: "TerjeAmpouleAmitriptyline"
 7:37:14.439 [CE][LootRespawner] (PRIDummy) :: Item [39] causing search overtime: "TerjeAmpouleAmitriptyline"
 7:37:14.540 !!! [CE][Spawn] Character "ZmbM_usSoldier_Heavy_Woodland" at 1713.724976, 5033.903320
 7:37:14.541 !!! [CE][Spawn] Character "ZmbM_usSoldier_Officer_Desert" at 1755.614746, 5061.492676
 7:37:14.543 !!! [CE][Spawn] Character "ZmbM_usSoldier_Heavy_Woodland" at 1798.008179, 5100.016602
 7:37:14.543 !!! [CE][Spawn] Character "ZmbM_usSoldier_Heavy_Woodland" at 1836.056396, 5053.396484
 7:37:14.544 !!! [CE][Spawn] Character "ZmbM_SoldierNormal" at 1701.931519, 6513.774414
 7:37:14.544 !!! [CE][Spawn] Character "ZmbM_usSoldier_Officer_Desert" at 1750.794434, 6576.531250
 7:37:14.545 !!! [CE][Spawn] Character "ZmbM_usSoldier_normal_Woodland" at 1810.191895, 6627.731445
 7:37:14.546 !!! [CE][Spawn] Character "ZmbM_SoldierNormal" at 1846.872192, 6558.803711
 7:37:14.546 !!! [CE][Spawn] Character "ZmbM_usSoldier_Officer_Desert" at 1881.252441, 6492.721680
 7:37:14.547 !!! [CE][Spawn] Character "ZmbM_usSoldier_Officer_Desert" at 1802.670410, 6507.381836
 7:37:14.548 !!! [CE][Spawn] Character "ZmbM_PatrolNormal_PautRev" at 1736.334229, 6466.465332
 7:37:14.549 !!! [CE][Spawn] Character "ZmbM_usSoldier_Officer_Desert" at 1702.336426, 6544.183105
 7:37:14.549 !!! [CE][Spawn] Character "ZmbM_PatrolNormal_Flat" at 1771.021484, 6581.191406
 7:37:14.550 !!! [CE][Spawn] Character "ZmbM_usSoldier_Heavy_Woodland" at 2574.322021, 5847.830078
 7:37:14.550 !!! [CE][Spawn] Character "ZmbM_PatrolNormal_Flat" at 2594.794678, 5866.958496
 7:37:14.550 !!! [CE][Spawn] Character "ZmbM_usSoldier_normal_Desert" at 2617.779541, 5846.163574
 7:37:14.551 !!! [CE][Spawn] Character "ZmbM_PatrolNormal_Summer" at 2622.894043, 5811.325195
 7:37:14.552 !!! [CE][Spawn] Character "ZmbM_PatrolNormal_PautRev" at 1638.170776, 2561.226074
 7:37:14.553 !!! [CE][Spawn] Character "ZmbM_PatrolNormal_Autumn" at 1616.488159, 2598.430664
 7:37:14.553 !!! [CE][Spawn] Character "ZmbM_usSoldier_normal_Woodland" at 1598.476074, 2637.060791
 7:37:14.554 !!! [CE][Spawn] Character "ZmbM_CitizenASkinny_Grey" at 2577.905762, 5736.671875
 7:37:14.554 !!! [CE][Spawn] Character "ZmbF_SurvivorNormal_Red" at 2601.628662, 5761.034180
 7:37:14.555 !!! [CE][Spawn] Character "ZmbF_ShortSkirt_beige" at 2161.403809, 3053.804932
 7:37:14.556 !!! [CE][Spawn] Character "ZmbM_CommercialPilotOld_Olive" at 2297.403809, 3027.529541
 7:37:14.557 !!! [CE][Spawn] Character "ZmbM_CommercialPilotOld_Blue" at 1967.769287, 3221.189941
 7:37:14.559 !!! [CE][Spawn] Character "ZmbF_ShortSkirt_grey" at 2218.629395, 3225.457275
 7:37:14.559 !!! [CE][Spawn] Character "ZmbF_Clerk_Normal_White" at 2500.664795, 3122.743896
 7:37:14.559 !!! [CE][Spawn] Character "ZmbF_Clerk_Normal_White" at 2405.195557, 3120.113770
 7:37:14.561 !!! [CE][Spawn] Character "ZmbM_CitizenBFat_Green" at 6732.858398, 3648.611572
 7:37:14.561 !!! [CE][Spawn] Character "ZmbF_ShortSkirt_brown" at 6697.567383, 3644.065674
 7:37:14.562 !!! [CE][Spawn] Character "ZmbF_ShortSkirt_white" at 6685.001953, 3677.053223
 7:37:14.563 !!! [CE][Spawn] Character "ZmbF_CitizenBSkinny" at 6654.324219, 3753.326416
 7:37:14.564 !!! [CE][Spawn] Character "ZmbF_ShortSkirt_grey" at 6735.536621, 3755.781494
 7:37:14.565 !!! [CE][Spawn] Character "ZmbF_ShortSkirt_checks" at 6746.123535, 3692.339355
 7:37:14.566 !!! [CE][Spawn] Character "ZmbM_SkaterYoung_Brown" at 6796.086914, 3635.184082
 7:37:14.567 !!! [CE][Spawn] Character "ZmbM_CitizenBFat_Red" at 6728.331543, 3584.420654
 7:37:14.567 !!! [CE][Spawn] Character "ZmbF_Clerk_Normal_Blue" at 6352.284180, 3556.734619
 7:37:14.568 !!! [CE][Spawn] Character "ZmbM_SkaterYoung_Brown" at 6330.267578, 3660.175293
 7:37:14.568 !!! [CE][Spawn] Character "ZmbF_JournalistNormal_Green" at 4425.635254, 7787.803711
 7:37:14.568 !!! [CE][Spawn] Character "ZmbF_ShortSkirt_beige" at 4383.951172, 7823.521973
 7:37:14.569 !!! [CE][Spawn] Character "ZmbM_NBC_Yellow" at 2103.789551, 3017.572998
 7:37:14.570 !!! [CE][Spawn] Character "ZmbM_FirefighterNormal" at 2080.786377, 2994.011475
 7:37:14.571 !!! [CE][Spawn] Character "ZmbM_FirefighterNormal" at 6906.343750, 3854.839355
 7:37:14.571 !!! [CE][Spawn] Character "ZmbM_FirefighterNormal" at 6877.475098, 3844.371094
 7:37:14.572 !!! [CE][Spawn] Character "ZmbM_FirefighterNormal" at 4017.753662, 6708.842773
 7:37:14.573 !!! [CE][Spawn] Character "ZmbM_FirefighterNormal" at 4049.385254, 6714.655273
 7:37:14.573 !!! [CE][Spawn] Character "ZmbM_FirefighterNormal" at 6786.455078, 1650.936157
 7:37:14.574 !!! [CE][Spawn] Character "ZmbM_FirefighterNormal" at 4659.916016, 7543.082031
 7:37:14.575 !!! [CE][Spawn] Character "ZmbM_MechanicSkinny_Grey" at 1986.830200, 5480.559082
 7:37:14.576 !!! [CE][Spawn] Character "ZmbM_ConstrWorkerNormal_Green" at 2027.376221, 5474.423828
 7:37:14.576 !!! [CE][Spawn] Character "ZmbM_HandymanNormal_Grey" at 1530.257446, 5672.568848
 7:37:14.577 !!! [CE][Spawn] Character "ZmbM_HandymanNormal_Green" at 1541.071899, 5607.174805
 7:37:14.577 !!! [CE][Spawn] Character "ZmbM_HandymanNormal_Beige" at 2192.392334, 6363.901855
 7:37:14.578 !!! [CE][Spawn] Character "ZmbM_HandymanNormal_Blue" at 2238.273438, 6377.698730
 7:37:14.579 !!! [CE][Spawn] Character "ZmbM_HandymanNormal_Green" at 2819.938477, 5986.676270
 7:37:14.579 !!! [CE][Spawn] Character "ZmbM_OffshoreWorker_Orange" at 2841.737549, 5991.998535
 7:37:14.579 !!! [CE][Spawn] Character "ZmbM_ConstrWorkerNormal_Grey" at 2787.991211, 5901.276367
 7:37:14.579 !!! [CE][Spawn] Character "ZmbF_BlueCollarFat_Blue" at 2760.411865, 5883.854492
 7:37:14.580 !!! [CE][Spawn] Character "ZmbF_MechanicNormal_Grey" at 2684.420410, 5999.645508
 7:37:14.580 !!! [CE][Spawn] Character "ZmbM_OffshoreWorker_Green" at 2721.901611, 5985.580566
 7:37:14.581 !!! [CE][Spawn] Character "ZmbM_HandymanNormal_White" at 1293.703247, 3028.462158
 7:37:14.581 !!! [CE][Spawn] Character "ZmbM_HeavyIndustryWorker" at 1243.710327, 2997.392334
 7:37:14.581 !!! [CE][Spawn] Character "ZmbF_BlueCollarFat_Green" at 857.847717, 3287.209717
 7:37:14.582 !!! [CE][Spawn] Character "ZmbM_HandymanNormal_Grey" at 816.832153, 3321.561768
 7:37:14.583 !!! [CE][Spawn] Character "ZmbF_BlueCollarFat_Green" at 797.857910, 3339.744873
 7:37:14.584 !!! [CE][Spawn] Character "ZmbM_HandymanNormal_White" at 1020.027405, 3581.098389
 7:37:14.584 !!! [CE][Spawn] Character "ZmbM_MechanicSkinny_Green" at 1040.026123, 3495.399902
 7:37:14.584 !!! [CE][Spawn] Character "ZmbF_BlueCollarFat_Green" at 1127.804199, 2923.240479
 7:37:14.585 !!! [CE][Spawn] Character "ZmbM_ParamedicNormal_Green" at 4039.369629, 7078.631836
 7:37:14.585 !!! [CE][Spawn] Character "ZmbM_PatientSkinny" at 4067.292480, 7107.616699
 7:37:14.585 !!! [CE][Spawn] Character "ZmbF_ParamedicNormal_Green" at 1782.703613, 1881.996826
 7:37:14.585 !!! [CE][Spawn] Character "ZmbF_ParamedicNormal_Red" at 911.958862, 3364.725586
 7:37:14.586 !!! [CE][Spawn] Character "ZmbM_ParamedicNormal_Blue" at 888.300232, 3332.648438
 7:37:14.587 !!! [CE][Spawn] Character "ZmbF_DoctorSkinny" at 6999.901367, 2301.806885
 7:37:14.587 !!! [CE][Spawn] Character "ZmbF_NurseFat" at 7021.463867, 2270.126953
 7:37:14.587 !!! [CE][Spawn] Character "ZmbM_NBC_Yellow" at 7013.827148, 2363.315674
 7:37:14.588 !!! [CE][Spawn] Character "ZmbF_NurseFat" at 6877.097168, 6112.807617
 7:37:14.589 !!! [CE][Spawn] Character "ZmbF_DoctorSkinny" at 3998.900635, 7429.677734
 7:37:14.589 !!! [CE][Spawn] Character "ZmbF_ParamedicNormal_Green" at 3973.011475, 7435.270996
 7:37:14.589 !!! [CE][Spawn] Character "ZmbM_ParamedicNormal_Blue" at 4278.212891, 7561.461914
 7:37:14.590 !!! [CE][Spawn] Character "ZmbM_DoctorFat" at 4244.873535, 7554.676270
 7:37:14.591 !!! [CE][Spawn] Character "ZmbM_NBC_Yellow" at 4257.846191, 7623.500000
 7:37:14.591 !!! [CE][Spawn] Character "ZmbF_PatientOld" at 4285.658203, 7633.932617
 7:37:14.591 !!! [CE][Spawn] Character "ZmbM_ParamedicNormal_Red" at 4333.968750, 7614.356934
 7:37:14.592 !!! [CE][Spawn] Character "ZmbM_ParamedicNormal_Red" at 4313.312500, 7623.936035
 7:37:14.592 !!! [CE][Spawn] Character "ZmbM_ParamedicNormal_Black" at 7048.514648, 7543.190430
 7:37:14.592 !!! [CE][Spawn] Character "ZmbF_ParamedicNormal_Blue" at 7070.141602, 7524.814941
 7:37:14.593 !!! [CE][Spawn] Character "ZmbM_DoctorFat" at 6126.983887, 2622.660400
 7:37:14.593 !!! [CE][Spawn] Character "ZmbM_NBC_Yellow" at 7438.197754, 6707.166992
 7:37:14.594 !!! [CE][Spawn] Character "ZmbM_NBC_Yellow" at 7495.019043, 6893.897949
 7:37:14.595 !!! [CE][Spawn] Character "ZmbM_PolicemanSpecForce_Heavy" at 6574.812500, 3799.475098
 7:37:14.595 !!! [CE][Spawn] Character "ZmbF_PoliceWomanNormal" at 6581.207520, 3755.808594
 7:37:14.595 !!! [CE][Spawn] Character "ZmbM_PolicemanFat" at 4374.226074, 7575.160645
 7:37:14.595 !!! [CE][Spawn] Character "ZmbM_PolicemanFat" at 4341.470215, 7551.074219
 7:37:14.596 !!! [CE][Spawn] Character "ZmbF_PoliceWomanNormal" at 7032.022949, 7496.022461
 7:37:14.596 !!! [CE][Spawn] Character "ZmbM_PrisonerSkinny" at 6855.079102, 6756.559570
 7:37:14.597 !!! [CE][Spawn] Character "ZmbM_PrisonerSkinny" at 6869.762207, 6766.310547
 7:37:14.598 !!! [CE][Spawn] Character "ZmbM_PrisonerSkinny" at 6880.111816, 6752.729980
 7:37:14.598 !!! [CE][Spawn] Character "ZmbM_PrisonerSkinny" at 6888.527832, 6736.879395
 7:37:14.598 !!! [CE][Spawn] Character "ZmbM_PrisonerSkinny" at 6876.933105, 6707.263184
 7:37:14.598 !!! [CE][Spawn] Character "ZmbM_PrisonerSkinny" at 6857.143066, 6732.829590
 7:37:14.598 !!! [CE][Spawn] Character "ZmbM_PrisonerSkinny" at 6826.825195, 6883.030762
 7:37:14.599 !!! [CE][Spawn] Character "ZmbM_PrisonerSkinny" at 6827.151367, 6908.821777
 7:37:14.599 !!! [CE][Spawn] Character "ZmbM_PrisonerSkinny" at 6854.099609, 6904.821777
 7:37:14.599 !!! [CE][Spawn] Character "ZmbM_PrisonerSkinny" at 6853.909668, 6881.583008
 7:37:14.599 !!! [CE][Spawn] Character "ZmbM_PrisonerSkinny" at 6868.166504, 6847.918945
 7:37:14.599 !!! [CE][Spawn] Character "ZmbM_PrisonerSkinny" at 6832.306152, 6847.281738
 7:37:14.600 !!! [CE][Spawn] Character "ZmbM_PrisonerSkinny" at 6798.690430, 6862.406738
 7:37:14.600 !!! [CE][Spawn] Character "ZmbM_PrisonerSkinny" at 6766.507813, 6812.427734
 7:37:14.600 !!! [CE][Spawn] Character "ZmbM_PrisonerSkinny" at 6790.958984, 6844.425781
 7:37:14.601 !!! [CE][Spawn] Character "ZmbM_PrisonerSkinny" at 6828.074707, 6845.046875
 7:37:14.601 !!! [CE][Spawn] Character "ZmbM_PrisonerSkinny" at 6840.801758, 6813.890625
 7:37:14.601 !!! [CE][Spawn] Character "ZmbM_PrisonerSkinny" at 6824.344238, 6795.809082
 7:37:14.602 !!! [CE][Spawn] Character "ZmbM_PrisonerSkinny" at 6951.347656, 6796.624512
 7:37:14.602 !!! [CE][Spawn] Character "ZmbM_PrisonerSkinny" at 6933.454102, 6761.736816
 7:37:14.602 !!! [CE][Spawn] Character "ZmbM_priestPopSkinny" at 4352.216797, 7397.400391
 7:37:14.602 !!! [CE][Spawn] Character "ZmbM_priestPopSkinny" at 4335.596680, 7359.909668
 7:37:14.603 !!! [CE][Spawn] Character "ZmbM_priestPopSkinny" at 4260.991699, 7440.901367
 7:37:14.603 !!! [CE][Spawn] Character "ZmbM_priestPopSkinny" at 4265.803711, 7413.627930
 7:37:14.603 !!! [CE][Spawn] Character "ZmbF_HikerSkinny_Blue" at 4892.164551, 2648.958740
 7:37:14.603 !!! [CE][Spawn] Character "ZmbM_FishermanOld_Blue" at 4933.778320, 2714.251221
 7:37:14.604 !!! [CE][Spawn] Character "ZmbM_HermitSkinny_Green" at 6224.952637, 3860.612793
 7:37:14.605 !!! [CE][Spawn] Character "ZmbM_HunterOld_Autumn" at 6263.299805, 3832.936035
 7:37:14.605 !!! [CE][Spawn] Character "ZmbF_HikerSkinny_Green" at 5958.943359, 5027.238770
 7:37:14.606 !!! [CE][Spawn] Character "ZmbM_HermitSkinny_Black" at 5985.133301, 5048.198730
 7:37:14.607 !!! [CE][Spawn] Character "ZmbM_HunterOld_Autumn" at 4039.512939, 4962.175781
 7:37:14.607 !!! [CE][Spawn] Character "ZmbM_HikerSkinny_Green" at 4076.159424, 5040.506836
 7:37:14.607 !!! [CE][Spawn] Character "ZmbF_HikerSkinny_Grey" at 4197.441895, 5053.562988
 7:37:14.608 !!! [CE][Spawn] Character "ZmbM_HunterOld_Spring" at 4172.520508, 4934.175293
 7:37:14.608 !!! [CE][Spawn] Character "ZmbF_HikerSkinny_Blue" at 4136.485840, 4887.840332
 7:37:14.608 !!! [CE][Spawn] Character "ZmbM_FishermanOld_Grey" at 4062.660889, 4829.124512
 7:37:14.608 !!! [CE][Spawn] Character "ZmbM_HunterOld_Summer" at 3994.455078, 4907.963379
 7:37:14.608 !!! [CE][Spawn] Character "ZmbM_HermitSkinny_Black" at 3336.825684, 3019.885986
 7:37:14.609 !!! [CE][Spawn] Character "ZmbM_FishermanOld_Red" at 3296.154297, 3031.840332
 7:37:14.609 !!! [CE][Spawn] Character "ZmbM_HunterOld_Spring" at 4165.665039, 7241.207031
 7:37:14.609 !!! [CE][Spawn] Character "ZmbM_FishermanOld_Red" at 4228.716797, 7247.055176
 7:37:14.609 !!! [CE][Spawn] Character "ZmbM_HikerSkinny_Blue" at 6483.072266, 7012.507813
 7:37:14.610 !!! [CE][Spawn] Character "ZmbF_HikerSkinny_Grey" at 6412.573242, 7038.602051
 7:37:14.610 !!! [CE][Spawn] Character "ZmbM_HikerSkinny_Blue" at 5837.273926, 5283.250488
 7:37:14.611 !!! [CE][Spawn] Character "ZmbM_Jacket_greenchecks" at 2696.771484, 5568.851563
 7:37:14.613 !!! [CE][Spawn] Character "ZmbM_FarmerFat_Brown" at 2647.555908, 5533.800293
 7:37:14.615 !!! [CE][Spawn] Character "ZmbF_JoggerSkinny_Blue" at 2398.155518, 5681.287598
 7:37:14.617 !!! [CE][Spawn] Character "ZmbM_Jacket_black" at 2376.033203, 5676.738770
 7:37:14.620 !!! [CE][Spawn] Character "ZmbM_JoggerSkinny_Green" at 1951.081909, 7859.405762
 7:37:14.621 !!! [CE][Spawn] Character "ZmbM_Jacket_blue" at 1999.828979, 7852.315918
 7:37:14.622 !!! [CE][Spawn] Character "ZmbM_Jacket_grey" at 2615.962402, 7575.551270
 7:37:14.624 !!! [CE][Spawn] Character "ZmbF_MilkMaidOld_Beige" at 2549.709961, 7581.809570
 7:37:14.625 !!! [CE][Spawn] Character "ZmbM_VillagerOld_White" at 1765.805664, 7434.492676
 7:37:14.627 !!! [CE][Spawn] Character "ZmbF_VillagerOld_Green" at 1797.764771, 7379.527344
 7:37:14.627 !!! [CE][Spawn] Character "ZmbM_JoggerSkinny_Blue" at 1801.585693, 7591.558105
 7:37:14.629 !!! [CE][Spawn] Character "ZmbF_JoggerSkinny_Green" at 1764.305664, 7544.227539
 7:37:14.630 !!! [CE][Spawn] Character "ZmbF_VillagerOld_White" at 1719.295776, 2928.013916
 7:37:14.631 !!! [CE][Spawn] Character "ZmbM_Jacket_brown" at 1671.520020, 2923.792480
 7:37:14.631 !!! [CE][Spawn] Character "ZmbF_JoggerSkinny_Brown" at 832.673950, 3041.741943
 7:37:14.632 !!! [CE][Spawn] Character "ZmbM_Jacket_stripes" at 855.321533, 3022.503174
 7:37:14.632 !!! [CE][Spawn] Character "ZmbM_Jacket_black" at 889.765625, 2970.169922
 7:37:14.632 !!! [CE][Spawn] Character "ZmbF_JoggerSkinny_Brown" at 1189.375732, 2766.220215
 7:37:14.633 !!! [CE][Spawn] Character "ZmbM_Jacket_grey" at 1271.453247, 2850.368652
 7:37:14.634 !!! [CE][Spawn] Character "ZmbM_Jacket_khaki" at 2288.048828, 1710.893799
 7:37:14.714 [CE][DE] [StaticPoliceCar] Spawning: EventID:[25] CurrentID:[48] at [1918.6,-1.0,2917.4] a: -1.000
 7:37:14.718 [CE][Links] found 0 total links between groups, of 1
 7:37:14.718 [CE][SpawnRandomLoot] (StaticPoliceCar) :: Type: Land_Wreck_sed01_aban1_police, lootmin: 3, lootmax: 5, wanted: 3, deloot: 6, containermaxsum: 6
 7:37:14.720 [CE][SpawnRandomLoot] (StaticPoliceCar) :: EventID:[25] CurrentID[48] at [1918.69,2917.47]: 3 items added :: DELoot(0) other(3)
 7:37:14.720 	!!! (child) Land_Wreck_sed01_aban1_police spawns loot or dispatch but can not be saved because of non-saveable StorageCategory.
 7:37:14.720   Infected Zone for DynamicEvent "StaticPoliceCar" ID[48] at [1918.69,2917.47]...
 7:37:14.720 	(child) Spawned Land_Wreck_sed01_aban1_police EventID:[25] CurrentID:[48] at [1918.7,55.6,2917.5] a: 64.129
 7:37:14.720 [CE][DE] [StaticPoliceCar] Spawning: EventID:[25] CurrentID:[49] at [4189.5,-1.0,4764.7] a: -1.000
 7:37:14.722 [CE][Links] found 0 total links between groups, of 2
 7:37:14.722 [CE][SpawnRandomLoot] (StaticPoliceCar) :: Type: Land_Wreck_sed01_aban2_police, lootmin: 3, lootmax: 5, wanted: 4, deloot: 6, containermaxsum: 6
 7:37:14.724 [CE][SpawnRandomLoot] (StaticPoliceCar) :: EventID:[25] CurrentID[49] at [4189.51,4764.66]: 4 items added :: DELoot(0) other(4)
 7:37:14.724 	!!! (child) Land_Wreck_sed01_aban2_police spawns loot or dispatch but can not be saved because of non-saveable StorageCategory.
 7:37:14.724   Infected Zone for DynamicEvent "StaticPoliceCar" ID[49] at [4189.51,4764.66]...
 7:37:14.724 	(child) Spawned Land_Wreck_sed01_aban2_police EventID:[25] CurrentID:[49] at [4189.5,19.0,4764.7] a: 47.188
 7:37:14.724 [CE][DE] [StaticPoliceCar] Spawning: EventID:[25] CurrentID:[50] at [801.4,-1.0,3328.1] a: -1.000
 7:37:14.726 [CE][Links] found 0 total links between groups, of 3
 7:37:14.726 [CE][SpawnRandomLoot] (StaticPoliceCar) :: Type: Land_Wreck_sed01_aban2_police, lootmin: 3, lootmax: 5, wanted: 4, deloot: 6, containermaxsum: 6
 7:37:14.728 [CE][SpawnRandomLoot] (StaticPoliceCar) :: EventID:[25] CurrentID[50] at [801.40,3328.20]: 4 items added :: DELoot(0) other(4)
 7:37:14.728 	!!! (child) Land_Wreck_sed01_aban2_police spawns loot or dispatch but can not be saved because of non-saveable StorageCategory.
 7:37:14.728   Infected Zone for DynamicEvent "StaticPoliceCar" ID[50] at [801.40,3328.20]...
 7:37:14.728 	(child) Spawned Land_Wreck_sed01_aban2_police EventID:[25] CurrentID:[50] at [801.4,6.0,3328.2] a: 230.467
 7:37:14.728 [CE][DE] [StaticPoliceCar] Spawning: EventID:[25] CurrentID:[51] at [886.0,-1.0,3505.4] a: -1.000
 7:37:14.728 	spawn refused... too close to another one.
 7:37:14.728 [CE][DE] [StaticPoliceCar] Spawning: EventID:[25] CurrentID:[51] at [6083.2,-1.0,7082.1] a: -1.000
 7:37:14.738 [CE][Links] found 0 total links between groups, of 4
 7:37:14.738 [CE][SpawnRandomLoot] (StaticPoliceCar) :: Type: Land_Wreck_sed01_aban2_police, lootmin: 3, lootmax: 5, wanted: 3, deloot: 6, containermaxsum: 6
 7:37:14.739 [CE][SpawnRandomLoot] (StaticPoliceCar) :: EventID:[25] CurrentID[51] at [6083.25,7082.02]: 3 items added :: DELoot(0) other(3)
 7:37:14.739 	!!! (child) Land_Wreck_sed01_aban2_police spawns loot or dispatch but can not be saved because of non-saveable StorageCategory.
 7:37:14.739   Infected Zone for DynamicEvent "StaticPoliceCar" ID[51] at [6083.25,7082.02]...
 7:37:14.739 	(child) Spawned Land_Wreck_sed01_aban2_police EventID:[25] CurrentID:[51] at [6083.3,11.4,7082.0] a: 6.709
 7:37:14.739 [CE][DE] [StaticPoliceCar] Spawning: EventID:[25] CurrentID:[52] at [5368.7,-1.0,7204.9] a: -1.000
 7:37:14.740 [CE][Links] found 0 total links between groups, of 5
 7:37:14.740 [CE][SpawnRandomLoot] (StaticPoliceCar) :: Type: Land_Wreck_sed01_aban2_police, lootmin: 3, lootmax: 5, wanted: 4, deloot: 6, containermaxsum: 6
 7:37:14.742 [CE][SpawnRandomLoot] (StaticPoliceCar) :: EventID:[25] CurrentID[52] at [5368.77,7204.90]: 4 items added :: DELoot(0) other(4)
 7:37:14.742 	!!! (child) Land_Wreck_sed01_aban2_police spawns loot or dispatch but can not be saved because of non-saveable StorageCategory.
 7:37:14.742   Infected Zone for DynamicEvent "StaticPoliceCar" ID[52] at [5368.77,7204.90]...
 7:37:14.742 	(child) Spawned Land_Wreck_sed01_aban2_police EventID:[25] CurrentID:[52] at [5368.8,9.8,7204.9] a: 52.132
 7:37:14.742 [CE][DE] [StaticPoliceCar] Spawning: EventID:[25] CurrentID:[53] at [1940.4,-1.0,2166.5] a: -1.000
 7:37:14.744 [CE][Links] found 0 total links between groups, of 6
 7:37:14.744 [CE][SpawnRandomLoot] (StaticPoliceCar) :: Type: Land_Wreck_sed01_aban1_police, lootmin: 3, lootmax: 5, wanted: 3, deloot: 6, containermaxsum: 6
 7:37:14.744 [CE][SpawnRandomLoot] (StaticPoliceCar) :: EventID:[25] CurrentID[53] at [1940.32,2166.62]: 3 items added :: DELoot(0) other(3)
 7:37:14.744 	!!! (child) Land_Wreck_sed01_aban1_police spawns loot or dispatch but can not be saved because of non-saveable StorageCategory.
 7:37:14.744   Infected Zone for DynamicEvent "StaticPoliceCar" ID[53] at [1940.32,2166.62]...
 7:37:14.744 	(child) Spawned Land_Wreck_sed01_aban1_police EventID:[25] CurrentID:[53] at [1940.3,62.9,2166.6] a: 226.634
 7:37:14.744 [CE][DE] [StaticPoliceCar] Spawning: EventID:[25] CurrentID:[54] at [4128.3,-1.0,1700.9] a: -1.000
 7:37:14.769 [CE][Links] found 0 total links between groups, of 7
 7:37:14.769 [CE][SpawnRandomLoot] (StaticPoliceCar) :: Type: Land_Wreck_sed01_aban2_police, lootmin: 3, lootmax: 5, wanted: 3, deloot: 6, containermaxsum: 6
 7:37:14.786 [CE][SpawnRandomLoot] (StaticPoliceCar) :: EventID:[25] CurrentID[54] at [4128.23,1700.97]: 3 items added :: DELoot(0) other(3)
 7:37:14.786 	!!! (child) Land_Wreck_sed01_aban2_police spawns loot or dispatch but can not be saved because of non-saveable StorageCategory.
 7:37:14.786   Infected Zone for DynamicEvent "StaticPoliceCar" ID[54] at [4128.23,1700.97]...
 7:37:14.786 	(child) Spawned Land_Wreck_sed01_aban2_police EventID:[25] CurrentID:[54] at [4128.2,29.5,1701.0] a: 194.332
 7:37:14.786 [CE][DE] [StaticPoliceCar] Spawning: EventID:[25] CurrentID:[55] at [2058.9,-1.0,2972.6] a: -1.000
 7:37:14.786 	spawn refused... too close to another one.
 7:37:14.786 [CE][DE] [StaticPoliceCar] Spawning: EventID:[25] CurrentID:[55] at [6693.9,-1.0,6808.7] a: -1.000
 7:37:14.786 [CE][DE] [StaticPoliceCar] Spawning: EventID:[25] CurrentID:[55] at [2149.3,-1.0,5480.1] a: -1.000
 7:37:14.786 [CE][DE] [StaticPoliceCar] Spawning: EventID:[25] CurrentID:[55] at [1918.6,-1.0,2917.4] a: -1.000
 7:37:14.786 [CE][DE] [StaticPoliceCar] Spawning: EventID:[25] CurrentID:[55] at [1910.6,-1.0,603.2] a: -1.000
 7:37:14.787 [CE][Links] found 0 total links between groups, of 8
 7:37:14.787 [CE][SpawnRandomLoot] (StaticPoliceCar) :: Type: Land_Wreck_sed01_aban1_police, lootmin: 3, lootmax: 5, wanted: 4, deloot: 6, containermaxsum: 6
 7:37:14.788 [CE][SpawnRandomLoot] (StaticPoliceCar) :: EventID:[25] CurrentID[55] at [1910.45,603.23]: 4 items added :: DELoot(0) other(4)
 7:37:14.788 	!!! (child) Land_Wreck_sed01_aban1_police spawns loot or dispatch but can not be saved because of non-saveable StorageCategory.
 7:37:14.788   Infected Zone for DynamicEvent "StaticPoliceCar" ID[55] at [1910.45,603.23]...
 7:37:14.788 	(child) Spawned Land_Wreck_sed01_aban1_police EventID:[25] CurrentID:[55] at [1910.4,16.3,603.2] a: 191.014
 7:37:14.789 !!! [CE][Spawn] Character "ZmbM_PrisonerSkinny" at 4215.814941, 4750.528320
 7:37:14.789 !!! [CE][Spawn] Character "ZmbM_PolicemanSpecForce_Heavy" at 4194.271484, 4726.695801
 7:37:14.790 !!! [CE][Spawn] Character "ZmbM_PolicemanSpecForce_Heavy" at 797.320129, 3343.152344
 7:37:14.791 !!! [CE][Spawn] Character "ZmbM_PolicemanSpecForce_Heavy" at 6061.567383, 7078.481445
 7:37:14.792 !!! [CE][Spawn] Character "ZmbM_PolicemanSpecForce_Heavy" at 5400.937012, 7196.302734
 7:37:14.792 !!! [CE][Spawn] Character "ZmbM_PolicemanSpecForce_Heavy" at 5383.063965, 7167.721191
 7:37:14.792 !!! [CE][Spawn] Character "ZmbM_PolicemanSpecForce_Heavy" at 1938.147583, 2196.178711
 7:37:27.147  --- Termination successfully completed --- 
