=====================================================================
== G:\SteamLibrary\steamapps\common\DayZServer\DayZServer_x64.exe
== G:\SteamLibrary\steamapps\common\DayZServer\DayZServer_x64.exe -config=serverDZ.cfg "-mod=@AICFireplaceIndoor;@AimSounds;@AI War Zones;@Alteria;@AmmoStacks;@Basic Ear Plugs;@BetterSuppressors;@BoomLays Craftables;@CarVanillaPlus;@CF;@Code Lock;@Combinable RepairKits;@Coupled Mag Vanilla;@Dabs Framework;@DayZ-Dynamic-AI-Addon;@DayZ-Expansion-AI;@DayZ-Expansion-Core;@Forward Operator Gear;@GoreZ;@GSC Gameworld Assets;@InventoryInCar;@Inventory Move Sounds;@JunkYardDog;@LoftDModGR Clothes Pack;@LoftD_old_size;@Loot Barrel Transfer;@MagazineLoading;@More Durable Weapons;@Mounts Sights;@Nomadbackpack;@pvez test;@RaG_BaseItems;@RaG_Immersive_Vehicles;@RaG_Immersive_Wells;@Realistic Display Quantity;@RUSForma_vehicles;@SearchInventory;@SimpleLootChests;@StaminaRevised;@TerjeCompatibilityVPP;@TerjeCore;@Terje for FOG v2;@TerjeMedicine;@TerjePartyMod;@TerjeSkills;@TerjeSleepingBagAttach;@TerjeStartScreen;@Utopia Airdrop;@VPPAdminTools;@WindstridesClothingPack;@Utopia Animated Heli Crashs;@RaG_BaseBuilding;@No Build Zones;@Vanilla Suppressor Plus;@Harks Blood Plague;@HP Crafter Workbench;@Knock Knock Zombies;@GarbageSearch;@TWOC_CombineItems;@FC_Fish_Equip;@CookZ;@Territory Plus;@CBD Loot Rooms;@Ammo Making;@InediaTerjeCompatibility;@InediaInfectedAI;@PvZmoD_Spawn_System;@zHorde;@Tree Shake;" -profiles=profiles
=====================================================================
Exe timestamp: 2025/08/07 20:07:14
Current time:  2025/09/05 03:57:25
Version 1.28.160123
=====================================================================

 3:57:25.65 [Inputs] Loading inputs default "bin/constants.xml"
 3:57:25.77 [Inputs] Loading inputs default "bin/specific.xml"
 3:57:25.78 [Inputs] Loading inputs default "EarPlugs\data\inputs.xml"
 3:57:25.78 [Inputs] Loading inputs default "InventoryMoveSounds/Scripts/Data/Inputs.xml"
 3:57:25.78 [Inputs] Loading inputs default "LIVEN/PvZmoD_Spawn_System/inputs.xml"
 3:57:25.79 [Inputs] Loading inputs default "PVEZ/data/inputs.xml"
 3:57:25.79 [Inputs] Loading inputs default "SearchInventory/Scripts/Data/inputs.xml"
 3:57:25.79 [Inputs] Loading inputs default "VPPAdminTools/data/modded_Inputs.xml"
 3:57:25.93 [Inputs] Loading inputs default "WindstrideClothing/Inputs.xml"
 3:57:25.106 !!! [Inputs] Cannot load inputs default "", file does not exist
 3:57:25.106 !!! [Inputs] Failed to load MODDED inputs - file name/ path invalid?
 3:57:25.106 [Inputs] Loading inputs default "FOG_MOD/Scripts/Data/inputs.xml"
 3:57:25.106 [Inputs] Loading inputs default "rag/rag_immersive_vehicles/scripts/4_world/rag_immersive_vehicles/actions/inputs/inputs.xml"
 3:57:25.106 [Inputs] Loading inputs default "RaG_BaseBuilding/Data/inputs/Inputs.xml"
 3:57:25.120 [Inputs] Loading inputs default "DayZExpansion/AI/Scripts/inputs.xml"
 3:57:25.130 [Inputs] Loading inputs cfg "profiles\Users\Survivor\Server.core.xml"
 3:57:25.130 !!! [Inputs] Cannot read inputs cfg "profiles\Users\Survivor\Server.core.xml", parser error
 3:57:25.130 [Inputs] Loading inputs cfg "bin/core.xml"
 3:57:25.130 !!! [Inputs] Cannot load input preset "#STR_USER", file does not exist
 3:57:25.131 [Inputs] Exporting inputs cfg "profiles\Users\Survivor\Server.core.xml"
 3:57:59.226 Hostname of server: "[AU]Hardcore Horizons|Alteria|PVE|AI|Terje|Inedia|Hardcore Survival"
 3:59:48.525 [CE][Hive] :: Initializing OFFLINE
 3:59:48.525 [StorageDirs] :: Selected storage directory: G:\SteamLibrary\steamapps\common\DayZServer\mpmissions\empty.alteria\storage_380881\
 3:59:48.526 [CE][Hive] :: Loading core data ... 
 3:59:48.540 [CE][CoreData] :: 7 root classes, 19 defaults, 0 updaters...
 4:00:37.846 [CE] :: WARNING :: Preset (attachments) with name 'SantaHat' was not found.
 4:00:37.846 [CE] :: WARNING :: Preset (cargo) with name 'optics' was not found.
 4:00:37.846 [CE] :: WARNING :: Preset (cargo) with name 'optics' was not found.
 4:00:37.847 [CE][TypeSetup] :: 491 classes setuped...
 4:00:37.881 [CE][TypeSetup] :: 122 classes setuped...
 4:00:41.622 [CE][RegisterBind] :: 0 classes binded...
 4:00:41.622 [CE][RegisterConfig] :: 20307 config classes registered, 0 sub-counters...
 4:00:41.622 [CE][Hive] :: Loading map data ... 
 4:00:41.628 [CE][IgnoreList] "cfgignorelist.xml" :: loaded 1 types
 4:00:41.859 [CE][LoadPrototype] :: loaded 573 prototypes
 4:00:41.859   1113 containers, 11353 points
 4:00:41.859   43 dispatches, 188 proxies
 4:00:41.859 !!! [CE][LoadPrototype] 43 groups have no points...
 4:00:41.859 !!! [CE][LoadPrototype] 3 groups have wrong points...
 4:00:41.859 [CE][LoadPrototype] :: last group name: Land_Jupiter_Building_5...
 4:00:41.899 [CE][LoadPrototype] :: loaded 0 prototypes
 4:00:41.899   55 containers, 232 points
 4:00:41.899   0 dispatches, 0 proxies
 4:00:41.899 [CE][LoadPrototype] :: last group name: Rail9...
 4:00:53.302 [CE][LoadMap] "Group" :: loaded 5607 groups, groups failed: 0, largest group range: 34.1
 4:00:53.308 [CE][LoadMap] "Dirt" :: loaded 0 groups, groups failed: 0, largest group range: 34.1
 4:00:53.383 [CE][Links] found 1048 total links between groups, of 5607
 4:00:53.383 [CE][LoadClusters] "Cluster" :: Loading files...
 4:00:53.658 [CE][LoadClusters] :: file: "mapgroupcluster.xml", 9 types, 36307 instances
 4:00:53.682 [CE][Storage] ver:21 stamp:253, valid:yes, name:"G:\SteamLibrary\steamapps\common\DayZServer\mpmissions\empty.alteria\storage_380881\data\types.bin"
 4:00:53.712 [CE][Storage] ver:21 stamp:232, valid:yes, name:"G:\SteamLibrary\steamapps\common\DayZServer\mpmissions\empty.alteria\storage_380881\data\types.001"
 4:00:53.750 [CE][Storage] ver:21 stamp:230, valid:yes, name:"G:\SteamLibrary\steamapps\common\DayZServer\mpmissions\empty.alteria\storage_380881\data\types.002"
 4:00:53.750 [CE][Storage] Restoring file "G:\SteamLibrary\steamapps\common\DayZServer\mpmissions\empty.alteria\storage_380881\data\types.bin".
 4:00:54.178 !!! [CE][offlineDB] :: No Shutdown message present.
 4:00:54.260 [CE][offlineDB] :: Loaded 32 dynamic events 205 total types.
 4:00:54.828 !!! [CE] :: Unknown value: 'Unique'.
 4:00:54.828 !!! [CE] :: Unknown value: 'Unique'.
 4:00:54.828 !!! [CE] :: Unknown value: 'Unique'.
 4:00:54.828 !!! [CE] :: Unknown value: 'Unique'.
 4:00:54.828 !!! [CE] :: Unknown value: 'Unique'.
 4:00:55.99 !!! [CE] :: Unknown tag: 'hunting'.
 4:00:55.99 !!! [CE] :: Unknown tag: 'farm'.
 4:00:55.99 !!! [CE] :: Unknown tag: 'fishing'.
 4:00:55.99 !!! [CE] :: Unknown usage: 'Tenement'.
 4:00:55.286 !!! [CE][offlineDB] :: Type 'Loftd_hijab' will be ignored. (Type does not exist. (Typo?))
 4:00:55.286 !!! [CE][offlineDB] :: Type 'Loftd_hijab_black' will be ignored. (Type does not exist. (Typo?))
 4:00:55.286 !!! [CE][offlineDB] :: Type 'Loftd_hijab_bordo' will be ignored. (Type does not exist. (Typo?))
 4:00:55.286 !!! [CE][offlineDB] :: Type 'Loftd_hijab_green' will be ignored. (Type does not exist. (Typo?))
 4:00:55.286 !!! [CE][offlineDB] :: Type 'Loftd_hijab_home' will be ignored. (Type does not exist. (Typo?))
 4:00:55.286 !!! [CE][offlineDB] :: Type 'Loftd_hijab_kletka' will be ignored. (Type does not exist. (Typo?))
 4:00:55.286 !!! [CE][offlineDB] :: Type 'Loftd_hijab_red' will be ignored. (Type does not exist. (Typo?))
 4:00:55.286 !!! [CE][offlineDB] :: Type 'Loftd_hijab_stars' will be ignored. (Type does not exist. (Typo?))
 4:00:55.286 !!! [CE][offlineDB] :: Type 'Loftd_leatherHat' will be ignored. (Type does not exist. (Typo?))
 4:00:55.286 !!! [CE][offlineDB] :: Type 'Loftd_TiiliaksienHat' will be ignored. (Type does not exist. (Typo?))
 4:00:55.286 !!! [CE][offlineDB] :: Type 'Loftd_TropicalBag' will be ignored. (Type does not exist. (Typo?))
 4:00:55.286 !!! [CE][offlineDB] :: Type 'Loftd_campingbackpack' will be ignored. (Type does not exist. (Typo?))
 4:00:55.286 !!! [CE][offlineDB] :: Type 'Loftd_campingbackpack_green' will be ignored. (Type does not exist. (Typo?))
 4:00:55.286 !!! [CE][offlineDB] :: Type 'Loftd_oldbackpack' will be ignored. (Type does not exist. (Typo?))
 4:00:55.286 !!! [CE][offlineDB] :: Type 'Loftd_uniform_gloves' will be ignored. (Type does not exist. (Typo?))
 4:00:55.286 !!! [CE][offlineDB] :: Type 'Loftd_uniform_gloves_GR' will be ignored. (Type does not exist. (Typo?))
 4:00:55.286 !!! [CE][offlineDB] :: Type 'Loftd_uniform_gloves_WR' will be ignored. (Type does not exist. (Typo?))
 4:00:55.286 !!! [CE][offlineDB] :: Type 'Loftd_ghostmask' will be ignored. (Type does not exist. (Typo?))
 4:00:55.286 !!! [CE][offlineDB] :: Type 'Loftd_ghostpants' will be ignored. (Type does not exist. (Typo?))
 4:00:55.286 !!! [CE][offlineDB] :: Type 'Loftd_ghostpants_city' will be ignored. (Type does not exist. (Typo?))
 4:00:55.286 !!! [CE][offlineDB] :: Type 'Loftd_uniform_pants' will be ignored. (Type does not exist. (Typo?))
 4:00:55.286 !!! [CE][offlineDB] :: Type 'Loftd_uniform_pants_GR' will be ignored. (Type does not exist. (Typo?))
 4:00:55.286 !!! [CE][offlineDB] :: Type 'Loftd_uniform_pants_WR' will be ignored. (Type does not exist. (Typo?))
 4:00:55.286 !!! [CE][offlineDB] :: Type 'Loftd_pantalonvaron_ver1' will be ignored. (Type does not exist. (Typo?))
 4:00:55.286 !!! [CE][offlineDB] :: Type 'Loftd_pantalonvaron_ver2' will be ignored. (Type does not exist. (Typo?))
 4:00:55.286 !!! [CE][offlineDB] :: Type 'Loftd_pantalonvaron_ver3' will be ignored. (Type does not exist. (Typo?))
 4:00:55.286 !!! [CE][offlineDB] :: Type 'Loftd_uniform_boots' will be ignored. (Type does not exist. (Typo?))
 4:00:55.286 !!! [CE][offlineDB] :: Type 'Loftd_uniform_boots_GR' will be ignored. (Type does not exist. (Typo?))
 4:00:55.286 !!! [CE][offlineDB] :: Type 'Loftd_uniform_boots_WR' will be ignored. (Type does not exist. (Typo?))
 4:00:55.287 !!! [CE][offlineDB] :: Type 'Loftd_crosslander_blu' will be ignored. (Type does not exist. (Typo?))
 4:00:55.287 !!! [CE][offlineDB] :: Type 'Loftd_crosslander_green' will be ignored. (Type does not exist. (Typo?))
 4:00:55.287 !!! [CE][offlineDB] :: Type 'Loftd_crosslander_red' will be ignored. (Type does not exist. (Typo?))
 4:00:55.287 !!! [CE][offlineDB] :: Type 'Loftd_hikingboots_dirty' will be ignored. (Type does not exist. (Typo?))
 4:00:55.287 !!! [CE][offlineDB] :: Type 'Loftd_BunnySlippers' will be ignored. (Type does not exist. (Typo?))
 4:00:55.287 !!! [CE][offlineDB] :: Type 'Loftd_FuzzySlippers' will be ignored. (Type does not exist. (Typo?))
 4:00:55.287 !!! [CE][offlineDB] :: Type 'Loftd_houseslippers' will be ignored. (Type does not exist. (Typo?))
 4:00:55.287 !!! [CE][offlineDB] :: Type 'Loftd_NifflerSlippers' will be ignored. (Type does not exist. (Typo?))
 4:00:55.287 !!! [CE][offlineDB] :: Type 'Loftd_PigSlipper' will be ignored. (Type does not exist. (Typo?))
 4:00:55.287 !!! [CE][offlineDB] :: Type 'Loftd_leatherboots_dirty' will be ignored. (Type does not exist. (Typo?))
 4:00:55.287 !!! [CE][offlineDB] :: Type 'Loftd_ghostjacket' will be ignored. (Type does not exist. (Typo?))
 4:00:55.287 !!! [CE][offlineDB] :: Type 'Loftd_ghostjacket_city' will be ignored. (Type does not exist. (Typo?))
 4:00:55.287 !!! [CE][offlineDB] :: Type 'Loftd_uniform_jacket' will be ignored. (Type does not exist. (Typo?))
 4:00:55.287 !!! [CE][offlineDB] :: Type 'Loftd_uniform_jacket_GR' will be ignored. (Type does not exist. (Typo?))
 4:00:55.287 !!! [CE][offlineDB] :: Type 'Loftd_uniform_jacket_WR' will be ignored. (Type does not exist. (Typo?))
 4:00:55.287 !!! [CE][offlineDB] :: Type 'Loftd_Mjjacket_red' will be ignored. (Type does not exist. (Typo?))
 4:00:55.287 !!! [CE][offlineDB] :: Type 'Loftd_Mjjacket_black' will be ignored. (Type does not exist. (Typo?))
 4:00:55.287 !!! [CE][offlineDB] :: Type 'Loftd_Wrfemalejacket' will be ignored. (Type does not exist. (Typo?))
 4:00:55.287 !!! [CE][offlineDB] :: Type 'Loftd_huntercoat_camo' will be ignored. (Type does not exist. (Typo?))
 4:00:55.287 !!! [CE][offlineDB] :: Type 'Loftd_huntercoat_dubok' will be ignored. (Type does not exist. (Typo?))
 4:00:55.287 !!! [CE][offlineDB] :: Type 'Loftd_huntercoat_flora' will be ignored. (Type does not exist. (Typo?))
 4:00:55.287 !!! [CE][offlineDB] :: Type 'Loftd_ghostvest' will be ignored. (Type does not exist. (Typo?))
 4:00:55.287 !!! [CE][offlineDB] :: Type 'Loftd_ghostvest_city' will be ignored. (Type does not exist. (Typo?))
 4:00:55.287 !!! [CE][offlineDB] :: Type 'Loftd_knifeholster' will be ignored. (Not spawnable. (Scope is not public?))
 4:00:55.287 !!! [CE][offlineDB] :: Type 'Loftd_tropicalbag_pouch' will be ignored. (Type does not exist. (Typo?))
 4:00:55.287 !!! [CE][offlineDB] :: Type 'Loftd_tropicalbag_shovelpouch' will be ignored. (Type does not exist. (Typo?))
 4:00:55.287 !!! [CE][offlineDB] :: Type 'Loftd_tropicalbag_canteen' will be ignored. (Type does not exist. (Typo?))
 4:00:55.287 !!! [CE][offlineDB] :: Type 'Loftd_tropicalbag_spalnikpouch' will be ignored. (Type does not exist. (Typo?))
 4:00:55.287 !!! [CE][offlineDB] :: Type 'Loftd_militarybeltCIRAS_black (craft)' will be ignored. (Type does not exist. (Typo?))
 4:00:55.287 !!! [CE][offlineDB] :: Type 'Loftd_militarybeltCIRAS_dubok (craft)' will be ignored. (Type does not exist. (Typo?))
 4:00:55.287 !!! [CE][offlineDB] :: Type 'Loftd_militarybeltCIRAS_winter (craft)' will be ignored. (Type does not exist. (Typo?))
 4:00:55.287 !!! [CE][offlineDB] :: Type 'Loftd_uniform_belt' will be ignored. (Type does not exist. (Typo?))
 4:00:55.287 !!! [CE][offlineDB] :: Type 'Loftd_uniform_belt_GR' will be ignored. (Type does not exist. (Typo?))
 4:00:55.287 !!! [CE][offlineDB] :: Type 'Loftd_uniform_belt_WR' will be ignored. (Type does not exist. (Typo?))
 4:00:55.287 !!! [CE][offlineDB] :: Type 'Loftd_ghostponcho' will be ignored. (Type does not exist. (Typo?))
 4:00:55.287 !!! [CE][offlineDB] :: Type 'Loftd_ghostponcho_city' will be ignored. (Type does not exist. (Typo?))
 4:00:55.287 !!! [CE][offlineDB] :: Type 'Loftd_fabricscarf ' will be ignored. (Type does not exist. (Typo?))
 4:00:55.287 !!! [CE][offlineDB] :: Type 'Loftd_SleepingBagPacked_black' will be ignored. (Type does not exist. (Typo?))
 4:00:55.287 !!! [CE][offlineDB] :: Type 'Loftd_SleepingBagPacked_blue' will be ignored. (Type does not exist. (Typo?))
 4:00:55.287 !!! [CE][offlineDB] :: Type 'Loftd_SleepingBagPacked_green' will be ignored. (Type does not exist. (Typo?))
 4:00:55.287 !!! [CE][offlineDB] :: Type 'Loftd_SleepingBagPacked_red' will be ignored. (Type does not exist. (Typo?))
 4:00:55.287 !!! [CE][offlineDB] :: Type 'Loftd_SleepingBag_black' will be ignored. (Type does not exist. (Typo?))
 4:00:55.287 !!! [CE][offlineDB] :: Type 'Loftd_SleepingBag_blue' will be ignored. (Type does not exist. (Typo?))
 4:00:55.287 !!! [CE][offlineDB] :: Type 'Loftd_SleepingBag_green' will be ignored. (Type does not exist. (Typo?))
 4:00:55.287 !!! [CE][offlineDB] :: Type 'Loftd_SleepingBag_red' will be ignored. (Type does not exist. (Typo?))
 4:00:55.287 !!! [CE][offlineDB] :: Type 'Ririteo_razor' will be ignored. (Type does not exist. (Typo?))
 4:00:55.287 !!! [CE][offlineDB] :: Type 'Loftd_woodenbabycrib' will be ignored. (Type does not exist. (Typo?))
 4:00:55.287 !!! [CE][offlineDB] :: Type 'Loftd_totem_lada' will be ignored. (Type does not exist. (Typo?))
 4:00:55.287 !!! [CE][offlineDB] :: Type 'Loftd_totem_mara' will be ignored. (Type does not exist. (Typo?))
 4:00:55.287 !!! [CE][offlineDB] :: Type 'Loftd_totem_chur' will be ignored. (Type does not exist. (Typo?))
 4:00:55.287 !!! [CE][offlineDB] :: Type 'Loftd_totem_kashchei' will be ignored. (Type does not exist. (Typo?))
 4:00:55.287 !!! [CE][offlineDB] :: Type 'Loftd_totem_perun' will be ignored. (Type does not exist. (Typo?))
 4:00:55.287 !!! [CE][offlineDB] :: Type 'Loftd_totem_rod' will be ignored. (Type does not exist. (Typo?))
 4:00:55.287 !!! [CE][offlineDB] :: Type 'Loftd_totem_svarog' will be ignored. (Type does not exist. (Typo?))
 4:00:55.287 !!! [CE][offlineDB] :: Type 'Loftd_totem_veles' will be ignored. (Type does not exist. (Typo?))
 4:00:55.287 !!! [CE][offlineDB] :: Type 'Loftd_babyBandage' will be ignored. (Type does not exist. (Typo?))
 4:00:55.287 !!! [CE][offlineDB] :: Type 'Loftd_baby' will be ignored. (Type does not exist. (Typo?))
 4:00:55.287 !!! [CE][offlineDB] :: Type 'Loftd_huggers' will be ignored. (Type does not exist. (Typo?))
 4:00:55.312 !!! [CE][offlineDB] :: Type 'SA_Loot_Case' will be ignored. (Not spawnable. (Scope is not public?))
 4:00:55.542 !!! [CE][offlineDB] :: Type 'UAZ_3163_MCHS' will be ignored. (Type does not exist. (Typo?))
 4:00:55.542 !!! [CE][offlineDB] :: Type 'UAZ_3163_VP' will be ignored. (Type does not exist. (Typo?))
 4:00:55.542 !!! [CE][offlineDB] :: Type 'UAZ_3163_emergency_service' will be ignored. (Type does not exist. (Typo?))
 4:00:55.542 !!! [CE][offlineDB] :: Type 'opel_blitz' will be ignored. (Type does not exist. (Typo?))
 4:00:55.542 !!! [CE][offlineDB] :: Type 'dodge_power_wagonrus_doors_cargo3		' will be ignored. (Type does not exist. (Typo?))
 4:00:55.542 !!! [CE][offlineDB] :: Type 'dodge_power_wagonrus_doors_cargo3_yellow		' will be ignored. (Type does not exist. (Typo?))
 4:00:55.542 !!! [CE][offlineDB] :: Type 'dodge_power_wagonrus_doors_cargo3_white		' will be ignored. (Type does not exist. (Typo?))
 4:00:55.542 !!! [CE][offlineDB] :: Type 'dodge_power_wagonrus_doors_cargo3_black		' will be ignored. (Type does not exist. (Typo?))
 4:00:55.542 !!! [CE][offlineDB] :: Type 'dodge_power_wagonrus_doors_cargo3_red		' will be ignored. (Type does not exist. (Typo?))
 4:00:55.542 !!! [CE][offlineDB] :: Type 'UAZ_3163_doors_driver_MCHS' will be ignored. (Type does not exist. (Typo?))
 4:00:55.542 !!! [CE][offlineDB] :: Type 'UAZ_3163_doors_codriver_MCHS' will be ignored. (Type does not exist. (Typo?))
 4:00:55.542 !!! [CE][offlineDB] :: Type 'UAZ_3163_doors_cargo1_MCHS' will be ignored. (Type does not exist. (Typo?))
 4:00:55.542 !!! [CE][offlineDB] :: Type 'UAZ_3163_doors_cargo2_MCHS' will be ignored. (Type does not exist. (Typo?))
 4:00:55.542 !!! [CE][offlineDB] :: Type 'UAZ_3163_doors_hood_MCHS' will be ignored. (Type does not exist. (Typo?))
 4:00:55.542 !!! [CE][offlineDB] :: Type 'UAZ_3163_doors_trunk_MCHS' will be ignored. (Type does not exist. (Typo?))
 4:00:55.542 !!! [CE][offlineDB] :: Type 'UAZ_3163_doors_driver_VP' will be ignored. (Type does not exist. (Typo?))
 4:00:55.542 !!! [CE][offlineDB] :: Type 'UAZ_3163_doors_codriver_VP' will be ignored. (Type does not exist. (Typo?))
 4:00:55.542 !!! [CE][offlineDB] :: Type 'UAZ_3163_doors_cargo1_VP' will be ignored. (Type does not exist. (Typo?))
 4:00:55.542 !!! [CE][offlineDB] :: Type 'UAZ_3163_doors_cargo2_VP' will be ignored. (Type does not exist. (Typo?))
 4:00:55.542 !!! [CE][offlineDB] :: Type 'UAZ_3163_doors_hood_VP' will be ignored. (Type does not exist. (Typo?))
 4:00:55.542 !!! [CE][offlineDB] :: Type 'UAZ_3163_doors_trunk_VP' will be ignored. (Type does not exist. (Typo?))
 4:00:55.542 !!! [CE][offlineDB] :: Type 'UAZ_3163_doors_driver_emergency_service' will be ignored. (Type does not exist. (Typo?))
 4:00:55.542 !!! [CE][offlineDB] :: Type 'UAZ_3163_doors_codriver_emergency_service' will be ignored. (Type does not exist. (Typo?))
 4:00:55.542 !!! [CE][offlineDB] :: Type 'UAZ_3163_doors_cargo1_emergency_service' will be ignored. (Type does not exist. (Typo?))
 4:00:55.542 !!! [CE][offlineDB] :: Type 'UAZ_3163_doors_cargo2_emergency_service' will be ignored. (Type does not exist. (Typo?))
 4:00:55.542 !!! [CE][offlineDB] :: Type 'UAZ_3163_doors_hood_emergency_service' will be ignored. (Type does not exist. (Typo?))
 4:00:55.542 !!! [CE][offlineDB] :: Type 'UAZ_3163_doors_trunk_emergency_service' will be ignored. (Type does not exist. (Typo?))
 4:00:55.542 !!! [CE][offlineDB] :: Type 'UAZ_469_milicia_wheel ' will be ignored. (Type does not exist. (Typo?))
 4:00:55.542 !!! [CE][offlineDB] :: Type 'UAZ_469_milicia_doors_cargo1	' will be ignored. (Type does not exist. (Typo?))
 4:00:55.542 !!! [CE][offlineDB] :: Type 'UAZ_27722_mchs_doors_cargo2_ambulancia' will be ignored. (Type does not exist. (Typo?))
 4:00:55.542 !!! [CE][offlineDB] :: Type 'IJ_2125_Kombi_wheel ' will be ignored. (Type does not exist. (Typo?))
 4:00:55.615 !!! [CE][offlineDB] :: Type 'RubberBox_380ACP' will be ignored. (Type does not exist. (Typo?))
 4:00:55.615 !!! [CE][offlineDB] :: Type 'RubberBox_45ACP' will be ignored. (Type does not exist. (Typo?))
 4:00:55.615 !!! [CE][offlineDB] :: Type 'RubberBox_9x19' will be ignored. (Type does not exist. (Typo?))
 4:00:55.615 !!! [CE][offlineDB] :: Type 'Ammo_45ACPRubber' will be ignored. (Type does not exist. (Typo?))
 4:00:55.615 !!! [CE][offlineDB] :: Type 'Ammo_9x19Rubber' will be ignored. (Type does not exist. (Typo?))
 4:00:55.615 !!! [CE][offlineDB] :: Type 'Ammo_380Rubber' will be ignored. (Type does not exist. (Typo?))
 4:00:55.615 !!! [CE][offlineDB] :: Type 'ScrapRubber' will be ignored. (Type does not exist. (Typo?))
 4:00:55.615 !!! [CE][offlineDB] :: Type 'PressWdie' will be ignored. (Type does not exist. (Typo?))
 4:00:55.616 !!! [CE][offlineDB] :: Type 'PressWdieWattachmentplate' will be ignored. (Type does not exist. (Typo?))
 4:00:55.616 !!! [CE][offlineDB] :: Type 'Presswdiemechismhandle' will be ignored. (Type does not exist. (Typo?))
 4:00:55.616 !!! [CE][offlineDB] :: Type 'PresswithAttachmentplate' will be ignored. (Type does not exist. (Typo?))
 4:00:55.616 !!! [CE][offlineDB] :: Type 'PresswithMechanism' will be ignored. (Type does not exist. (Typo?))
 4:00:55.616 !!! [CE][offlineDB] :: Type 'PresswithMechanismhandle' will be ignored. (Type does not exist. (Typo?))
 4:00:55.616 !!! [CE][offlineDB] :: Type 'CrucibleOreLead' will be ignored. (Type does not exist. (Typo?))
 4:00:55.788 [CE][DE][SPAWNS] :: Total positions: 146
 4:00:55.788 [CE][DE][GROUPS] :: Total eventgroups defined: 83, Eventgroups in use: 0
 4:00:55.808 [CE][Storage] ver:25 stamp:253, valid:yes, name:"G:\SteamLibrary\steamapps\common\DayZServer\mpmissions\empty.alteria\storage_380881\data\events.bin"
 4:00:55.891 [CE][Storage] ver:25 stamp:232, valid:yes, name:"G:\SteamLibrary\steamapps\common\DayZServer\mpmissions\empty.alteria\storage_380881\data\events.001"
 4:00:55.911 [CE][Storage] ver:25 stamp:230, valid:yes, name:"G:\SteamLibrary\steamapps\common\DayZServer\mpmissions\empty.alteria\storage_380881\data\events.002"
 4:00:55.911 [CE][Storage] Restoring file "G:\SteamLibrary\steamapps\common\DayZServer\mpmissions\empty.alteria\storage_380881\data\events.bin".
 4:00:55.911 [CE][DynamicEvent] Load  Events:[32] Primary spawners: 32 Secondary spawners: 1
 4:00:55.911 [CE][InfectedRespawner] (PRIArmy) :: Zones:0 Respawner Function DISABLED !!!
 4:00:55.911 [CE][InfectedRespawner] (PRIArmyHard) :: Status
 4:00:55.911   Zones:56, Unpopulated:0
 4:00:55.911   SMin:249, SMax:383
 4:00:55.911   DMin:249, DMax:385
 4:00:55.911 [CE][InfectedRespawner] (PRICity) :: Status
 4:00:55.911   Zones:26, Unpopulated:0
 4:00:55.911   SMin:88, SMax:170
 4:00:55.911   DMin:175, DMax:290
 4:00:55.911 [CE][InfectedRespawner] (PRIFirefighter) :: Status
 4:00:55.911   Zones:6, Unpopulated:0
 4:00:55.911   SMin:11, SMax:17
 4:00:55.911   DMin:17, DMax:29
 4:00:55.911 [CE][InfectedRespawner] (PRIIndustrial) :: Status
 4:00:55.911   Zones:52, Unpopulated:0
 4:00:55.911   SMin:123, SMax:176
 4:00:55.911   DMin:204, DMax:334
 4:00:55.911 [CE][InfectedRespawner] (PRIMedic) :: Status
 4:00:55.911   Zones:16, Unpopulated:0
 4:00:55.911   SMin:24, SMax:40
 4:00:55.911   DMin:41, DMax:71
 4:00:55.911 [CE][InfectedRespawner] (PRINBC) :: Zones:0 Respawner Function DISABLED !!!
 4:00:55.911 [CE][InfectedRespawner] (PRINBCYellow) :: Status
 4:00:55.911   Zones:1, Unpopulated:0
 4:00:55.911   SMin:2, SMax:3
 4:00:55.911   DMin:30, DMax:40
 4:00:55.911 [CE][InfectedRespawner] (PRIPolice) :: Status
 4:00:55.911   Zones:4, Unpopulated:0
 4:00:55.911   SMin:8, SMax:12
 4:00:55.911   DMin:10, DMax:18
 4:00:55.911 [CE][InfectedRespawner] (PRIPoliceHard) :: Zones:0 Respawner Function DISABLED !!!
 4:00:55.911 [CE][InfectedRespawner] (PRIPrisoner) :: Status
 4:00:55.911   Zones:9, Unpopulated:0
 4:00:55.911   SMin:36, SMax:72
 4:00:55.911   DMin:36, DMax:72
 4:00:55.911 [CE][InfectedRespawner] (PRIReligious) :: Status
 4:00:55.911   Zones:5, Unpopulated:0
 4:00:55.911   SMin:10, SMax:15
 4:00:55.911   DMin:5, DMax:15
 4:00:55.911 [CE][InfectedRespawner] (PRISolitude) :: Status
 4:00:55.911   Zones:138, Unpopulated:0
 4:00:55.911   SMin:291, SMax:478
 4:00:55.911   DMin:559, DMax:976
 4:00:55.911 [CE][InfectedRespawner] (PRIVillage) :: Status
 4:00:55.911   Zones:16, Unpopulated:0
 4:00:55.911   SMin:39, SMax:55
 4:00:55.911   DMin:46, DMax:90
 4:00:55.911 [CE][InfectedRespawner] (SECPoliceHard) :: Zones:0 Respawner Function DISABLED !!!
 4:00:55.928 [CE][Storage] ver:25 stamp:253, valid:yes, name:"G:\SteamLibrary\steamapps\common\DayZServer\mpmissions\empty.alteria\storage_380881\data\dynamic_000.bin"
 4:00:55.941 [CE][Storage] ver:25 stamp:232, valid:yes, name:"G:\SteamLibrary\steamapps\common\DayZServer\mpmissions\empty.alteria\storage_380881\data\dynamic_000.001"
 4:00:55.960 [CE][Storage] ver:25 stamp:230, valid:yes, name:"G:\SteamLibrary\steamapps\common\DayZServer\mpmissions\empty.alteria\storage_380881\data\dynamic_000.002"
 4:00:55.961 [CE][Storage] Restoring file "G:\SteamLibrary\steamapps\common\DayZServer\mpmissions\empty.alteria\storage_380881\data\dynamic_000.bin" 123 items.
 4:00:59.06   123 items loaded. (0 failed)
 4:00:59.34 [CE][Storage] ver:25 stamp:253, valid:yes, name:"G:\SteamLibrary\steamapps\common\DayZServer\mpmissions\empty.alteria\storage_380881\data\dynamic_001.bin"
 4:00:59.105 [CE][Storage] ver:25 stamp:232, valid:yes, name:"G:\SteamLibrary\steamapps\common\DayZServer\mpmissions\empty.alteria\storage_380881\data\dynamic_001.001"
 4:00:59.135 [CE][Storage] ver:25 stamp:230, valid:yes, name:"G:\SteamLibrary\steamapps\common\DayZServer\mpmissions\empty.alteria\storage_380881\data\dynamic_001.002"
 4:00:59.135 [CE][Storage] Restoring file "G:\SteamLibrary\steamapps\common\DayZServer\mpmissions\empty.alteria\storage_380881\data\dynamic_001.bin" 568 items.
 4:01:06.200   568 items loaded. (0 failed)
 4:01:06.249 [CE][Storage] ver:25 stamp:253, valid:yes, name:"G:\SteamLibrary\steamapps\common\DayZServer\mpmissions\empty.alteria\storage_380881\data\dynamic_002.bin"
 4:01:06.316 [CE][Storage] ver:25 stamp:232, valid:yes, name:"G:\SteamLibrary\steamapps\common\DayZServer\mpmissions\empty.alteria\storage_380881\data\dynamic_002.001"
 4:01:06.342 [CE][Storage] ver:25 stamp:230, valid:yes, name:"G:\SteamLibrary\steamapps\common\DayZServer\mpmissions\empty.alteria\storage_380881\data\dynamic_002.002"
 4:01:06.342 [CE][Storage] Restoring file "G:\SteamLibrary\steamapps\common\DayZServer\mpmissions\empty.alteria\storage_380881\data\dynamic_002.bin" 1533 items.
 4:01:41.100   1533 items loaded. (0 failed)
 4:01:41.172 [CE][Storage] ver:25 stamp:253, valid:yes, name:"G:\SteamLibrary\steamapps\common\DayZServer\mpmissions\empty.alteria\storage_380881\data\dynamic_003.bin"
 4:01:41.209 [CE][Storage] ver:25 stamp:232, valid:yes, name:"G:\SteamLibrary\steamapps\common\DayZServer\mpmissions\empty.alteria\storage_380881\data\dynamic_003.001"
 4:01:41.289 [CE][Storage] ver:25 stamp:230, valid:yes, name:"G:\SteamLibrary\steamapps\common\DayZServer\mpmissions\empty.alteria\storage_380881\data\dynamic_003.002"
 4:01:41.289 [CE][Storage] Restoring file "G:\SteamLibrary\steamapps\common\DayZServer\mpmissions\empty.alteria\storage_380881\data\dynamic_003.bin" 1756 items.
 4:01:48.351   1756 items loaded. (0 failed)
 4:01:48.372 [CE][Storage] ver:25 stamp:253, valid:yes, name:"G:\SteamLibrary\steamapps\common\DayZServer\mpmissions\empty.alteria\storage_380881\data\dynamic_004.bin"
 4:01:48.392 [CE][Storage] ver:25 stamp:232, valid:yes, name:"G:\SteamLibrary\steamapps\common\DayZServer\mpmissions\empty.alteria\storage_380881\data\dynamic_004.001"
 4:01:48.481 [CE][Storage] ver:25 stamp:230, valid:yes, name:"G:\SteamLibrary\steamapps\common\DayZServer\mpmissions\empty.alteria\storage_380881\data\dynamic_004.002"
 4:01:48.481 [CE][Storage] Restoring file "G:\SteamLibrary\steamapps\common\DayZServer\mpmissions\empty.alteria\storage_380881\data\dynamic_004.bin" 774 items.
 4:01:49.960   774 items loaded. (0 failed)
 4:01:49.976 [CE][Storage] ver:25 stamp:253, valid:yes, name:"G:\SteamLibrary\steamapps\common\DayZServer\mpmissions\empty.alteria\storage_380881\data\dynamic_005.bin"
 4:01:50.08 [CE][Storage] ver:25 stamp:232, valid:yes, name:"G:\SteamLibrary\steamapps\common\DayZServer\mpmissions\empty.alteria\storage_380881\data\dynamic_005.001"
 4:01:50.37 [CE][Storage] ver:25 stamp:230, valid:yes, name:"G:\SteamLibrary\steamapps\common\DayZServer\mpmissions\empty.alteria\storage_380881\data\dynamic_005.002"
 4:01:50.37 [CE][Storage] Restoring file "G:\SteamLibrary\steamapps\common\DayZServer\mpmissions\empty.alteria\storage_380881\data\dynamic_005.bin" 907 items.
 4:01:52.223   907 items loaded. (0 failed)
 4:01:52.251 [CE][Storage] ver:25 stamp:253, valid:yes, name:"G:\SteamLibrary\steamapps\common\DayZServer\mpmissions\empty.alteria\storage_380881\data\dynamic_006.bin"
 4:01:52.276 [CE][Storage] ver:25 stamp:232, valid:yes, name:"G:\SteamLibrary\steamapps\common\DayZServer\mpmissions\empty.alteria\storage_380881\data\dynamic_006.001"
 4:01:52.296 [CE][Storage] ver:25 stamp:230, valid:yes, name:"G:\SteamLibrary\steamapps\common\DayZServer\mpmissions\empty.alteria\storage_380881\data\dynamic_006.002"
 4:01:52.296 [CE][Storage] Restoring file "G:\SteamLibrary\steamapps\common\DayZServer\mpmissions\empty.alteria\storage_380881\data\dynamic_006.bin" 1592 items.
 4:01:55.01   1592 items loaded. (0 failed)
 4:01:55.17 [CE][Storage] ver:25 stamp:253, valid:yes, name:"G:\SteamLibrary\steamapps\common\DayZServer\mpmissions\empty.alteria\storage_380881\data\dynamic_007.bin"
 4:01:55.26 [CE][Storage] ver:25 stamp:232, valid:yes, name:"G:\SteamLibrary\steamapps\common\DayZServer\mpmissions\empty.alteria\storage_380881\data\dynamic_007.001"
 4:01:55.36 [CE][Storage] ver:25 stamp:230, valid:yes, name:"G:\SteamLibrary\steamapps\common\DayZServer\mpmissions\empty.alteria\storage_380881\data\dynamic_007.002"
 4:01:55.36 [CE][Storage] Restoring file "G:\SteamLibrary\steamapps\common\DayZServer\mpmissions\empty.alteria\storage_380881\data\dynamic_007.bin" 654 items.
 4:01:55.542   654 items loaded. (0 failed)
 4:01:55.612 [CE][Storage] ver:25 stamp:253, valid:yes, name:"G:\SteamLibrary\steamapps\common\DayZServer\mpmissions\empty.alteria\storage_380881\data\dynamic_008.bin"
 4:01:55.661 [CE][Storage] ver:25 stamp:232, valid:yes, name:"G:\SteamLibrary\steamapps\common\DayZServer\mpmissions\empty.alteria\storage_380881\data\dynamic_008.001"
 4:01:55.711 [CE][Storage] ver:25 stamp:230, valid:yes, name:"G:\SteamLibrary\steamapps\common\DayZServer\mpmissions\empty.alteria\storage_380881\data\dynamic_008.002"
 4:01:55.711 [CE][Storage] Restoring file "G:\SteamLibrary\steamapps\common\DayZServer\mpmissions\empty.alteria\storage_380881\data\dynamic_008.bin" 537 items.
 4:01:56.666   537 items loaded. (0 failed)
 4:01:56.690 [CE][Storage] ver:25 stamp:253, valid:yes, name:"G:\SteamLibrary\steamapps\common\DayZServer\mpmissions\empty.alteria\storage_380881\data\dynamic_009.bin"
 4:01:56.740 [CE][Storage] ver:25 stamp:232, valid:yes, name:"G:\SteamLibrary\steamapps\common\DayZServer\mpmissions\empty.alteria\storage_380881\data\dynamic_009.001"
 4:01:56.765 [CE][Storage] ver:25 stamp:230, valid:yes, name:"G:\SteamLibrary\steamapps\common\DayZServer\mpmissions\empty.alteria\storage_380881\data\dynamic_009.002"
 4:01:56.765 [CE][Storage] Restoring file "G:\SteamLibrary\steamapps\common\DayZServer\mpmissions\empty.alteria\storage_380881\data\dynamic_009.bin" 952 items.
 4:01:57.982   952 items loaded. (0 failed)
 4:01:58.101 [CE][Storage] ver:25 stamp:253, valid:yes, name:"G:\SteamLibrary\steamapps\common\DayZServer\mpmissions\empty.alteria\storage_380881\data\dynamic_010.bin"
 4:01:58.131 [CE][Storage] ver:25 stamp:232, valid:yes, name:"G:\SteamLibrary\steamapps\common\DayZServer\mpmissions\empty.alteria\storage_380881\data\dynamic_010.001"
 4:01:58.161 [CE][Storage] ver:25 stamp:230, valid:yes, name:"G:\SteamLibrary\steamapps\common\DayZServer\mpmissions\empty.alteria\storage_380881\data\dynamic_010.002"
 4:01:58.161 [CE][Storage] Restoring file "G:\SteamLibrary\steamapps\common\DayZServer\mpmissions\empty.alteria\storage_380881\data\dynamic_010.bin" 861 items.
 4:01:58.950   861 items loaded. (0 failed)
 4:01:58.970 [CE][Storage] ver:25 stamp:253, valid:yes, name:"G:\SteamLibrary\steamapps\common\DayZServer\mpmissions\empty.alteria\storage_380881\data\dynamic_011.bin"
 4:01:58.996 [CE][Storage] ver:25 stamp:232, valid:yes, name:"G:\SteamLibrary\steamapps\common\DayZServer\mpmissions\empty.alteria\storage_380881\data\dynamic_011.001"
 4:01:59.23 [CE][Storage] ver:25 stamp:230, valid:yes, name:"G:\SteamLibrary\steamapps\common\DayZServer\mpmissions\empty.alteria\storage_380881\data\dynamic_011.002"
 4:01:59.23 [CE][Storage] Restoring file "G:\SteamLibrary\steamapps\common\DayZServer\mpmissions\empty.alteria\storage_380881\data\dynamic_011.bin" 401 items.
 4:01:59.713   401 items loaded. (0 failed)
 4:01:59.718 [CE][Storage] ver:26 stamp:253, valid:yes, name:"G:\SteamLibrary\steamapps\common\DayZServer\mpmissions\empty.alteria\storage_380881\data\building.bin"
 4:01:59.723 [CE][Storage] ver:26 stamp:232, valid:yes, name:"G:\SteamLibrary\steamapps\common\DayZServer\mpmissions\empty.alteria\storage_380881\data\building.001"
 4:01:59.727 [CE][Storage] ver:26 stamp:230, valid:yes, name:"G:\SteamLibrary\steamapps\common\DayZServer\mpmissions\empty.alteria\storage_380881\data\building.002"
 4:01:59.727 [CE][Storage] Restoring file "G:\SteamLibrary\steamapps\common\DayZServer\mpmissions\empty.alteria\storage_380881\data\building.bin" 2 items.
 4:01:59.727   2 items loaded. (0 failed)
 4:01:59.760 [CE][Storage] ver:25 stamp:253, valid:yes, name:"G:\SteamLibrary\steamapps\common\DayZServer\mpmissions\empty.alteria\storage_380881\data\vehicles.bin"
 4:01:59.795 [CE][Storage] ver:25 stamp:232, valid:yes, name:"G:\SteamLibrary\steamapps\common\DayZServer\mpmissions\empty.alteria\storage_380881\data\vehicles.001"
 4:01:59.824 [CE][Storage] ver:25 stamp:230, valid:yes, name:"G:\SteamLibrary\steamapps\common\DayZServer\mpmissions\empty.alteria\storage_380881\data\vehicles.002"
 4:01:59.824 [CE][Storage] Restoring file "G:\SteamLibrary\steamapps\common\DayZServer\mpmissions\empty.alteria\storage_380881\data\vehicles.bin" 8 items.
 4:01:59.832   8 items loaded. (0 failed)
 4:01:59.839 [CE][Hive] :: Storage load took:63.94 seconds, recovery stamp:253
 4:01:59.839   entity: 12288, building: 2
 4:01:59.839   pathgraph's: 185
 4:01:59.839 [CE][Hive] :: Initializing ... 
 4:01:59.839 [CE][OnInit]
 4:01:59.839   static groups: 5607
 4:01:59.839   containers: 9811
 4:01:59.839   points: 86046
 4:01:59.839   proxies: 2050
 4:01:59.839   linked groups: 803, points: 0
 4:01:59.839   abandoned groups: 0, points: 0
 4:01:59.839   dynamic groups: 0
 4:01:59.869 [CE][InitializeMap] :: initialized: 0
 4:01:59.869 [CE][Hive] :: Initializing spawners ... 
 4:01:59.956 [CE][InfectedRespawner] (PRIArmy) :: Initial Spawn: 0
 4:01:59.958 !!! [CE][Spawn] Character "ZmbM_SoldierNormal" at 1835.366577, 4964.284180
 4:01:59.959 !!! [CE][Spawn] Character "ZmbM_usSoldier_Officer_Desert" at 1767.800049, 4998.299805
 4:01:59.961 !!! [CE][Spawn] Character "ZmbM_PatrolNormal_Autumn" at 1749.567749, 5022.997559
 4:01:59.962 !!! [CE][Spawn] Character "ZmbM_PatrolNormal_Summer" at 1720.105713, 5069.214844
 4:01:59.962 !!! [CE][Spawn] Character "ZmbM_PatrolNormal_Autumn" at 1821.012573, 6511.155273
 4:01:59.963 !!! [CE][Spawn] Character "ZmbM_PatrolNormal_Summer" at 1788.842896, 6447.295898
 4:01:59.965 !!! [CE][Spawn] Character "ZmbM_usSoldier_Officer_Desert" at 1711.465820, 6482.381348
 4:01:59.966 !!! [CE][Spawn] Character "ZmbM_SoldierNormal" at 1774.462891, 6542.563477
 4:01:59.966 !!! [CE][Spawn] Character "ZmbM_PatrolNormal_Flat" at 1783.252686, 6602.408203
 4:01:59.968 !!! [CE][Spawn] Character "ZmbM_usSoldier_normal_Desert" at 1851.383789, 6590.936035
 4:01:59.969 !!! [CE][Spawn] Character "ZmbM_PatrolNormal_Summer" at 1892.494019, 6521.784668
 4:01:59.970 !!! [CE][Spawn] Character "ZmbM_PatrolNormal_Autumn" at 1832.692993, 6472.149902
 4:01:59.971 !!! [CE][Spawn] Character "ZmbM_SoldierNormal" at 2552.605469, 5831.622559
 4:01:59.971 !!! [CE][Spawn] Character "ZmbM_PatrolNormal_Autumn" at 2574.935059, 5847.889160
 4:01:59.971 !!! [CE][Spawn] Character "ZmbM_PatrolNormal_Autumn" at 2593.445801, 5858.390137
 4:01:59.972 !!! [CE][Spawn] Character "ZmbM_PatrolNormal_Flat" at 1670.995728, 2602.659668
 4:01:59.973 !!! [CE][Spawn] Character "ZmbM_usSoldier_Heavy_Woodland" at 1651.796387, 2585.454346
 4:01:59.974 !!! [CE][Spawn] Character "ZmbM_PatrolNormal_Autumn" at 1628.790405, 2595.019775
 4:01:59.975 !!! [CE][Spawn] Character "ZmbM_PatrolNormal_Summer" at 1578.661133, 2620.292236
 4:01:59.975 !!! [CE][Spawn] Character "ZmbM_usSoldier_normal_Woodland" at 1619.301147, 2659.446533
 4:01:59.976 !!! [CE][Spawn] Character "ZmbM_PatrolNormal_Autumn" at 7689.214355, 1575.942505
 4:01:59.977 !!! [CE][Spawn] Character "ZmbM_usSoldier_normal_Woodland" at 7708.468750, 1534.026489
 4:01:59.978 !!! [CE][Spawn] Character "ZmbM_PatrolNormal_Autumn" at 7695.696777, 1480.076172
 4:01:59.979 !!! [CE][Spawn] Character "ZmbM_PatrolNormal_PautRev" at 7644.485840, 1498.196533
 4:01:59.980 !!! [CE][Spawn] Character "ZmbM_usSoldier_Heavy_Woodland" at 7623.222168, 1525.502930
 4:01:59.981 !!! [CE][Spawn] Character "ZmbM_PatrolNormal_Flat" at 7617.854004, 1566.675293
 4:01:59.981 !!! [CE][Spawn] Character "ZmbM_PatrolNormal_PautRev" at 7661.019043, 1634.483154
 4:01:59.982 !!! [CE][Spawn] Character "ZmbM_usSoldier_Heavy_Woodland" at 7725.278320, 1581.390991
 4:01:59.983 !!! [CE][Spawn] Character "ZmbM_PatrolNormal_PautRev" at 7711.141602, 1516.463379
 4:01:59.983 !!! [CE][Spawn] Character "ZmbM_SoldierNormal" at 7682.103516, 1452.517090
 4:01:59.983 !!! [CE][Spawn] Character "ZmbM_SoldierNormal" at 7619.023926, 1485.400269
 4:01:59.984 !!! [CE][Spawn] Character "ZmbM_SoldierNormal" at 6467.895020, 2070.008545
 4:01:59.985 !!! [CE][Spawn] Character "ZmbM_PatrolNormal_PautRev" at 6526.405762, 2093.823730
 4:01:59.985 !!! [CE][Spawn] Character "ZmbM_PatrolNormal_PautRev" at 6596.137695, 2070.287354
 4:01:59.985 !!! [CE][Spawn] Character "ZmbM_PatrolNormal_Autumn" at 6608.874023, 2201.239258
 4:01:59.986 !!! [CE][Spawn] Character "ZmbM_SoldierNormal" at 6625.490234, 2352.818359
 4:01:59.987 !!! [CE][Spawn] Character "ZmbM_PatrolNormal_Flat" at 6765.502930, 2292.111328
 4:01:59.987 !!! [CE][Spawn] Character "ZmbM_SoldierNormal" at 6891.195801, 2213.585938
 4:01:59.988 !!! [CE][Spawn] Character "ZmbM_PatrolNormal_PautRev" at 6820.880371, 2075.091064
 4:01:59.989 !!! [CE][Spawn] Character "ZmbM_PatrolNormal_Flat" at 6679.771973, 1988.439697
 4:01:59.989 !!! [CE][Spawn] Character "ZmbM_PatrolNormal_PautRev" at 6546.249023, 2101.172852
 4:01:59.990 !!! [CE][Spawn] Character "ZmbM_SoldierNormal" at 6630.644043, 2225.986084
 4:01:59.992 !!! [CE][Spawn] Character "ZmbM_PatrolNormal_Autumn" at 6683.471191, 2358.637695
 4:01:59.992 !!! [CE][Spawn] Character "ZmbM_usSoldier_normal_Desert" at 6827.218750, 2301.308594
 4:01:59.993 !!! [CE][Spawn] Character "ZmbM_SoldierNormal" at 6766.001953, 2176.331787
 4:01:59.994 !!! [CE][Spawn] Character "ZmbM_PatrolNormal_PautRev" at 6768.776367, 2071.512939
 4:01:59.994 !!! [CE][Spawn] Character "ZmbM_PatrolNormal_PautRev" at 6673.254883, 2111.122559
 4:01:59.995 !!! [CE][Spawn] Character "ZmbM_PatrolNormal_PautRev" at 7501.226074, 1514.354126
 4:01:59.995 !!! [CE][Spawn] Character "ZmbM_usSoldier_normal_Desert" at 7506.339355, 1446.354614
 4:01:59.995 [CE][InfectedRespawner] (PRIArmyHard) :: Initial Spawn: 49
 4:01:59.997 !!! [CE][Spawn] Character "ZmbF_CitizenANormal_Blue" at 2623.764404, 5718.323242
 4:01:59.998 !!! [CE][Spawn] Character "ZmbM_ClerkFat_Grey" at 2604.625488, 5705.159180
 4:01:59.999 !!! [CE][Spawn] Character "ZmbM_SkaterYoung_Grey" at 2148.576660, 3058.800781
 4:02:00.01 !!! [CE][Spawn] Character "ZmbM_MotobikerFat_Beige" at 2273.031006, 3070.571533
 4:02:00.03 !!! [CE][Spawn] Character "ZmbM_JournalistSkinny" at 2015.827148, 3073.696045
 4:02:00.04 !!! [CE][Spawn] Character "ZmbF_Clerk_Normal_Red" at 2218.571289, 3230.684082
 4:02:00.05 !!! [CE][Spawn] Character "ZmbF_SkaterYoung_Violet" at 2496.533936, 3111.660400
 4:02:00.07 !!! [CE][Spawn] Character "ZmbM_CitizenBFat_Red" at 2396.060303, 3068.748047
 4:02:00.08 !!! [CE][Spawn] Character "ZmbF_SurvivorNormal_Blue" at 6771.812988, 3627.790527
 4:02:00.08 !!! [CE][Spawn] Character "ZmbM_CitizenASkinny_Red" at 6711.288574, 3631.585449
 4:02:00.09 !!! [CE][Spawn] Character "ZmbF_BlueCollarFat_White" at 6634.812988, 3637.435303
 4:02:00.13 !!! [CE][Spawn] Character "ZmbM_SkaterYoung_Brown" at 6654.850098, 3713.007813
 4:02:00.14 !!! [CE][Spawn] Character "ZmbF_ShortSkirt_checks" at 6706.916992, 3756.355225
 4:02:00.15 !!! [CE][Spawn] Character "ZmbF_ShortSkirt_grey" at 6757.000000, 3718.655273
 4:02:00.17 !!! [CE][Spawn] Character "ZmbF_BlueCollarFat_White" at 6752.999023, 3675.144531
 4:02:00.19 !!! [CE][Spawn] Character "ZmbF_ShortSkirt_yellow" at 6488.330078, 3631.268799
 4:02:00.20 !!! [CE][Spawn] Character "ZmbF_Clerk_Normal_White" at 6583.270020, 3553.145264
 4:02:00.22 !!! [CE][Spawn] Character "ZmbF_CitizenANormal_Beige" at 4470.569824, 7846.301270
 4:02:00.22 !!! [CE][Spawn] Character "ZmbM_CitizenBFat_Green" at 4515.585938, 7819.786621
 4:02:00.23 !!! [CE][Spawn] Character "ZmbM_ClerkFat_White" at 4481.116211, 7779.793945
 4:02:00.24 !!! [CE][Spawn] Character "ZmbM_CommercialPilotOld_Brown" at 4432.412109, 7738.392090
 4:02:00.25 !!! [CE][Spawn] Character "ZmbF_SkaterYoung_Brown" at 4345.306641, 7771.880371
 4:02:00.25 !!! [CE][Spawn] Character "ZmbF_BlueCollarFat_White" at 4377.008789, 7860.984375
 4:02:00.26 !!! [CE][Spawn] Character "ZmbF_ShortSkirt_green" at 4446.412598, 7879.829102
 4:02:00.28 !!! [CE][Spawn] Character "ZmbF_JournalistNormal_Green" at 3513.610840, 6346.756348
 4:02:00.29 !!! [CE][Spawn] Character "ZmbF_SurvivorNormal_Red" at 3497.064453, 6389.260742
 4:02:00.30 !!! [CE][Spawn] Character "ZmbF_ShortSkirt_beige" at 3698.372070, 6572.786133
 4:02:00.31 !!! [CE][Spawn] Character "ZmbM_JournalistSkinny" at 3743.686523, 6529.832031
 4:02:00.32 !!! [CE][Spawn] Character "ZmbM_CitizenASkinny_Blue" at 3858.367432, 6650.025879
 4:02:00.32 !!! [CE][Spawn] Character "ZmbF_Clerk_Normal_Blue" at 3913.395264, 6639.536133
 4:02:00.33 !!! [CE][Spawn] Character "ZmbM_CitizenASkinny_Grey" at 4427.805176, 7628.671875
 4:02:00.33 !!! [CE][Spawn] Character "ZmbF_CitizenBSkinny" at 4436.529785, 7682.701660
 4:02:00.34 !!! [CE][Spawn] Character "ZmbM_CommercialPilotOld_Blue" at 4460.619141, 7729.882324
 4:02:00.35 !!! [CE][Spawn] Character "ZmbM_MotobikerFat_Beige" at 4511.141602, 7709.958984
 4:02:00.36 !!! [CE][Spawn] Character "ZmbF_JournalistNormal_Red" at 4534.172852, 7668.988770
 4:02:00.37 !!! [CE][Spawn] Character "ZmbF_CitizenBSkinny" at 4524.331055, 7610.808105
 4:02:00.37 !!! [CE][Spawn] Character "ZmbM_JournalistSkinny" at 4448.906738, 7564.681152
 4:02:00.37 [CE][InfectedRespawner] (PRICity) :: Initial Spawn: 37
 4:02:00.39 !!! [CE][Spawn] Character "ZmbM_FirefighterNormal" at 2050.052979, 3042.056152
 4:02:00.40 !!! [CE][Spawn] Character "ZmbM_FirefighterNormal" at 2080.833008, 3021.038818
 4:02:00.41 !!! [CE][Spawn] Character "ZmbM_FirefighterNormal" at 6831.791504, 3848.062988
 4:02:00.41 [CE][InfectedRespawner] (PRIFirefighter) :: Initial Spawn: 3
 4:02:00.44 !!! [CE][Spawn] Character "ZmbM_MechanicSkinny_Blue" at 1984.904053, 5399.961914
 4:02:00.44 !!! [CE][Spawn] Character "ZmbM_ConstrWorkerNormal_Beige" at 1941.562744, 5430.727539
 4:02:00.46 !!! [CE][Spawn] Character "ZmbF_MechanicNormal_Orange" at 1389.788086, 5570.310547
 4:02:00.47 !!! [CE][Spawn] Character "ZmbM_HeavyIndustryWorker" at 1442.957031, 5631.691406
 4:02:00.48 !!! [CE][Spawn] Character "ZmbM_OffshoreWorker_Orange" at 2227.981201, 6310.355957
 4:02:00.49 !!! [CE][Spawn] Character "ZmbM_ConstrWorkerNormal_Green" at 2182.954590, 6329.572754
 4:02:00.50 !!! [CE][Spawn] Character "ZmbF_MechanicNormal_Grey" at 2828.461670, 5983.444336
 4:02:00.50 !!! [CE][Spawn] Character "ZmbM_OffshoreWorker_Yellow" at 2866.866455, 5998.634277
 4:02:00.51 !!! [CE][Spawn] Character "ZmbM_ConstrWorkerNormal_Grey" at 2706.198242, 5903.359863
 4:02:00.51 !!! [CE][Spawn] Character "ZmbM_ConstrWorkerNormal_Green" at 2743.221680, 5907.466797
 4:02:00.52 !!! [CE][Spawn] Character "ZmbM_MechanicSkinny_Red" at 2637.958984, 5985.210938
 4:02:00.53 !!! [CE][Spawn] Character "ZmbF_MechanicNormal_Orange" at 2661.353027, 6002.891113
 4:02:00.53 !!! [CE][Spawn] Character "ZmbM_ConstrWorkerNormal_Grey" at 1253.844238, 3087.201416
 4:02:00.55 !!! [CE][Spawn] Character "ZmbF_BlueCollarFat_Green" at 1289.600464, 3070.160889
 4:02:00.56 !!! [CE][Spawn] Character "ZmbF_MechanicNormal_Grey" at 738.662964, 3321.452637
 4:02:00.56 !!! [CE][Spawn] Character "ZmbF_MechanicNormal_Green" at 802.105957, 3366.475342
 4:02:00.57 !!! [CE][Spawn] Character "ZmbF_BlueCollarFat_White" at 830.211670, 3371.063965
 4:02:00.58 !!! [CE][Spawn] Character "ZmbM_HandymanNormal_Green" at 944.997009, 3488.418701
 4:02:00.59 !!! [CE][Spawn] Character "ZmbM_HandymanNormal_Grey" at 883.506714, 3475.555176
 4:02:00.60 !!! [CE][Spawn] Character "ZmbF_BlueCollarFat_Red" at 1154.570679, 2914.655273
 4:02:00.61 !!! [CE][Spawn] Character "ZmbM_OffshoreWorker_Green" at 1143.242432, 2928.643555
 4:02:00.61 !!! [CE][Spawn] Character "ZmbF_BlueCollarFat_Red" at 1011.971436, 3094.724609
 4:02:00.62 !!! [CE][Spawn] Character "ZmbM_HandymanNormal_White" at 885.968201, 3157.046875
 4:02:00.63 !!! [CE][Spawn] Character "ZmbF_BlueCollarFat_Blue" at 1358.090942, 3566.845215
 4:02:00.64 !!! [CE][Spawn] Character "ZmbM_HandymanNormal_Blue" at 2899.097412, 3233.658936
 4:02:00.65 !!! [CE][Spawn] Character "ZmbM_HandymanNormal_Blue" at 2212.668457, 2953.764404
 4:02:00.65 !!! [CE][Spawn] Character "ZmbM_MechanicSkinny_Red" at 1932.127930, 2973.589600
 4:02:00.66 !!! [CE][Spawn] Character "ZmbM_MechanicSkinny_Blue" at 2725.954590, 4362.398438
 4:02:00.67 !!! [CE][Spawn] Character "ZmbM_MechanicSkinny_Green" at 2826.549316, 4335.403809
 4:02:00.68 !!! [CE][Spawn] Character "ZmbM_HandymanNormal_Beige" at 2219.817139, 3942.371826
 4:02:00.68 !!! [CE][Spawn] Character "ZmbF_BlueCollarFat_Blue" at 2195.591064, 3932.955811
 4:02:00.68 !!! [CE][Spawn] Character "ZmbM_HeavyIndustryWorker" at 1936.795898, 465.000000
 4:02:00.69 !!! [CE][Spawn] Character "ZmbF_BlueCollarFat_White" at 1841.836792, 428.473541
 4:02:00.70 !!! [CE][Spawn] Character "ZmbM_ConstrWorkerNormal_Black" at 4978.791992, 3691.140381
 4:02:00.71 !!! [CE][Spawn] Character "ZmbM_ConstrWorkerNormal_Black" at 5067.508789, 3737.251465
 4:02:00.71 !!! [CE][Spawn] Character "ZmbM_HandymanNormal_Grey" at 4439.425293, 6628.016602
 4:02:00.72 !!! [CE][Spawn] Character "ZmbF_MechanicNormal_Beige" at 4473.755859, 6622.508301
 4:02:00.73 !!! [CE][Spawn] Character "ZmbF_MechanicNormal_Beige" at 3746.047852, 6053.895020
 4:02:00.75 !!! [CE][Spawn] Character "ZmbM_HandymanNormal_Green" at 3768.614502, 5988.410156
 4:02:00.76 !!! [CE][Spawn] Character "ZmbM_MechanicSkinny_Grey" at 2499.469482, 2273.218262
 4:02:00.77 !!! [CE][Spawn] Character "ZmbM_OffshoreWorker_Red" at 2490.336182, 2255.576660
 4:02:00.78 !!! [CE][Spawn] Character "ZmbM_MechanicSkinny_Grey" at 2481.100098, 2240.000000
 4:02:00.79 !!! [CE][Spawn] Character "ZmbM_OffshoreWorker_Red" at 2443.247803, 2230.320801
 4:02:00.79 [CE][InfectedRespawner] (PRIIndustrial) :: Initial Spawn: 43
 4:02:00.81 !!! [CE][Spawn] Character "ZmbM_DoctorFat" at 4071.749756, 7133.837402
 4:02:00.83 !!! [CE][Spawn] Character "ZmbF_ParamedicNormal_Green" at 4098.166016, 7121.338867
 4:02:00.84 !!! [CE][Spawn] Character "ZmbF_PatientOld" at 1813.235352, 1852.061157
 4:02:00.85 !!! [CE][Spawn] Character "ZmbM_NBC_Yellow" at 915.934448, 3337.545654
 4:02:00.87 !!! [CE][Spawn] Character "ZmbF_NurseFat" at 880.380798, 3350.791016
 4:02:00.88 !!! [CE][Spawn] Character "ZmbM_ParamedicNormal_Blue" at 6973.100098, 2323.148926
 4:02:00.90 !!! [CE][Spawn] Character "ZmbF_DoctorSkinny" at 6987.900879, 2278.126709
 4:02:00.91 !!! [CE][Spawn] Character "ZmbM_PatientSkinny" at 6996.075684, 2306.758789
 4:02:00.91 !!! [CE][Spawn] Character "ZmbM_ParamedicNormal_Green" at 6940.117188, 6066.356934
 4:02:00.92 [CE][InfectedRespawner] (PRIMedic) :: Initial Spawn: 9
 4:02:00.92 [CE][InfectedRespawner] (PRINBC) :: Initial Spawn: 0
 4:02:00.92 !!! [CE][Spawn] Character "ZmbM_NBC_Yellow" at 7650.812988, 6920.654297
 4:02:00.92 !!! [CE][Spawn] Character "ZmbM_NBC_Yellow" at 7811.265625, 6862.128906
 4:02:00.92 [CE][InfectedRespawner] (PRINBCYellow) :: Initial Spawn: 2
 4:02:00.94 !!! [CE][Spawn] Character "ZmbM_PolicemanFat" at 6531.665527, 3743.469971
 4:02:00.96 !!! [CE][Spawn] Character "ZmbF_PoliceWomanNormal" at 6494.535645, 3747.732666
 4:02:00.96 [CE][InfectedRespawner] (PRIPolice) :: Initial Spawn: 2
 4:02:00.96 [CE][InfectedRespawner] (PRIPoliceHard) :: Initial Spawn: 0
 4:02:00.97 !!! [CE][Spawn] Character "ZmbM_PrisonerSkinny" at 6877.962891, 6728.437012
 4:02:00.97 !!! [CE][Spawn] Character "ZmbM_PrisonerSkinny" at 6850.045898, 6704.251465
 4:02:00.98 !!! [CE][Spawn] Character "ZmbM_PrisonerSkinny" at 6821.052246, 6735.054688
 4:02:00.98 !!! [CE][Spawn] Character "ZmbM_PrisonerSkinny" at 6837.100098, 6772.974609
 4:02:00.99 !!! [CE][Spawn] Character "ZmbM_PrisonerSkinny" at 6870.634766, 6772.403320
 4:02:00.99 !!! [CE][Spawn] Character "ZmbM_PrisonerSkinny" at 6826.379395, 6918.847168
 4:02:00.100 !!! [CE][Spawn] Character "ZmbM_PrisonerSkinny" at 6857.043945, 6905.006836
 4:02:00.100 !!! [CE][Spawn] Character "ZmbM_PrisonerSkinny" at 6869.742676, 6880.666016
 4:02:00.101 !!! [CE][Spawn] Character "ZmbM_PrisonerSkinny" at 6860.338379, 6852.564941
 4:02:00.101 [CE][InfectedRespawner] (PRIPrisoner) :: Initial Spawn: 9
 4:02:00.102 !!! [CE][Spawn] Character "ZmbM_priestPopSkinny" at 4310.732422, 7378.630859
 4:02:00.103 [CE][InfectedRespawner] (PRIReligious) :: Initial Spawn: 1
 4:02:00.106 !!! [CE][Spawn] Character "ZmbM_HunterOld_Winter" at 2123.739990, 6242.582031
 4:02:00.108 !!! [CE][Spawn] Character "ZmbM_HikerSkinny_Green" at 2075.032471, 6125.373047
 4:02:00.109 !!! [CE][Spawn] Character "ZmbM_HunterOld_Summer" at 874.700012, 6207.500000
 4:02:00.109 !!! [CE][Spawn] Character "ZmbM_HikerSkinny_Green" at 1027.201172, 6242.994629
 4:02:00.110 !!! [CE][Spawn] Character "ZmbM_FishermanOld_Blue" at 1248.275024, 7135.622070
 4:02:00.112 !!! [CE][Spawn] Character "ZmbF_HikerSkinny_Green" at 1250.757080, 6983.125977
 4:02:00.113 !!! [CE][Spawn] Character "ZmbM_HikerSkinny_Green" at 2252.092773, 6585.367188
 4:02:00.113 !!! [CE][Spawn] Character "ZmbF_HikerSkinny_Green" at 2318.346680, 6730.610840
 4:02:00.114 !!! [CE][Spawn] Character "ZmbF_HikerSkinny_Grey" at 1962.289795, 6975.215820
 4:02:00.116 !!! [CE][Spawn] Character "ZmbM_HunterOld_Autumn" at 2062.635010, 7055.201172
 4:02:00.116 !!! [CE][Spawn] Character "ZmbM_HikerSkinny_Blue" at 2148.561768, 5761.153320
 4:02:00.117 !!! [CE][Spawn] Character "ZmbF_HikerSkinny_Grey" at 2263.885498, 5656.046875
 4:02:00.117 !!! [CE][Spawn] Character "ZmbM_HikerSkinny_Blue" at 1625.628662, 5140.333496
 4:02:00.118 !!! [CE][Spawn] Character "ZmbM_FishermanOld_Blue" at 1469.959839, 5090.982422
 4:02:00.118 !!! [CE][Spawn] Character "ZmbF_HikerSkinny_Red" at 1480.362061, 7014.270996
 4:02:00.119 !!! [CE][Spawn] Character "ZmbM_FishermanOld_Blue" at 1617.528564, 6954.382324
 4:02:00.120 !!! [CE][Spawn] Character "ZmbM_HunterOld_Winter" at 1314.791992, 7457.235840
 4:02:00.120 !!! [CE][Spawn] Character "ZmbM_HikerSkinny_Yellow" at 1379.678223, 7527.610352
 4:02:00.121 !!! [CE][Spawn] Character "ZmbM_HikerSkinny_Yellow" at 2398.210205, 7433.522461
 4:02:00.122 !!! [CE][Spawn] Character "ZmbM_FishermanOld_Green" at 2406.078613, 7361.896484
 4:02:00.123 !!! [CE][Spawn] Character "ZmbM_HunterOld_Summer" at 970.419312, 5883.244629
 4:02:00.123 !!! [CE][Spawn] Character "ZmbM_HunterOld_Winter" at 1071.135742, 5896.809570
 4:02:00.124 !!! [CE][Spawn] Character "ZmbM_HermitSkinny_Red" at 2749.383789, 6366.969238
 4:02:00.124 !!! [CE][Spawn] Character "ZmbM_HermitSkinny_Green" at 2851.227051, 6337.940918
 4:02:00.125 !!! [CE][Spawn] Character "ZmbF_HikerSkinny_Grey" at 1615.390991, 6112.872070
 4:02:00.126 !!! [CE][Spawn] Character "ZmbM_FishermanOld_Green" at 1515.866699, 6102.669434
 4:02:00.127 !!! [CE][Spawn] Character "ZmbM_HermitSkinny_Beige" at 643.034424, 6076.522461
 4:02:00.127 !!! [CE][Spawn] Character "ZmbF_HikerSkinny_Green" at 731.548706, 6037.958984
 4:02:00.128 !!! [CE][Spawn] Character "ZmbM_HermitSkinny_Red" at 2024.734131, 7410.418457
 4:02:00.129 !!! [CE][Spawn] Character "ZmbM_FishermanOld_Grey" at 1996.617920, 7385.382324
 4:02:00.129 !!! [CE][Spawn] Character "ZmbM_HunterOld_Autumn" at 1813.765503, 2835.313232
 4:02:00.129 !!! [CE][Spawn] Character "ZmbF_HikerSkinny_Red" at 1769.245605, 2717.945557
 4:02:00.130 !!! [CE][Spawn] Character "ZmbM_HermitSkinny_Black" at 1893.023071, 2869.022705
 4:02:00.131 !!! [CE][Spawn] Character "ZmbM_FishermanOld_Red" at 1737.373291, 3477.800049
 4:02:00.131 !!! [CE][Spawn] Character "ZmbM_HunterOld_Spring" at 1718.941650, 3467.836182
 4:02:00.132 !!! [CE][Spawn] Character "ZmbF_HikerSkinny_Green" at 3259.399658, 3343.088867
 4:02:00.133 !!! [CE][Spawn] Character "ZmbM_HunterOld_Winter" at 3143.966064, 3442.128174
 4:02:00.133 !!! [CE][Spawn] Character "ZmbF_HikerSkinny_Grey" at 2787.030518, 3578.109375
 4:02:00.134 !!! [CE][Spawn] Character "ZmbM_HermitSkinny_Red" at 2655.237549, 3468.846680
 4:02:00.134 !!! [CE][Spawn] Character "ZmbM_HermitSkinny_Beige" at 3109.282227, 4178.942871
 4:02:00.135 !!! [CE][Spawn] Character "ZmbF_HikerSkinny_Blue" at 3138.660400, 4025.081787
 4:02:00.135 !!! [CE][Spawn] Character "ZmbM_HikerSkinny_Blue" at 3104.125244, 3942.286133
 4:02:00.136 !!! [CE][Spawn] Character "ZmbM_HikerSkinny_Green" at 3027.219971, 3882.419189
 4:02:00.137 !!! [CE][Spawn] Character "ZmbF_HikerSkinny_Blue" at 2862.407959, 3892.663574
 4:02:00.137 !!! [CE][Spawn] Character "ZmbM_HermitSkinny_Green" at 2921.988770, 4046.690674
 4:02:00.138 !!! [CE][Spawn] Character "ZmbM_HermitSkinny_Red" at 1417.839966, 4462.124023
 4:02:00.138 !!! [CE][Spawn] Character "ZmbM_HunterOld_Winter" at 1476.400024, 4451.299805
 4:02:00.139 !!! [CE][Spawn] Character "ZmbM_HunterOld_Summer" at 2438.790771, 2862.956299
 4:02:00.139 !!! [CE][Spawn] Character "ZmbM_HermitSkinny_Red" at 2910.564941, 2641.629395
 4:02:00.139 !!! [CE][Spawn] Character "ZmbM_HermitSkinny_Beige" at 2388.888184, 1247.343994
 4:02:00.140 !!! [CE][Spawn] Character "ZmbM_HunterOld_Summer" at 2416.838379, 1279.650635
 4:02:00.141 !!! [CE][Spawn] Character "ZmbF_HikerSkinny_Blue" at 3965.314209, 1699.292358
 4:02:00.141 !!! [CE][Spawn] Character "ZmbM_HermitSkinny_Beige" at 4007.794678, 1767.406128
 4:02:00.141 !!! [CE][Spawn] Character "ZmbM_HikerSkinny_Blue" at 3963.981689, 4774.682129
 4:02:00.142 !!! [CE][Spawn] Character "ZmbM_FishermanOld_Blue" at 4050.454834, 4645.423340
 4:02:00.142 !!! [CE][Spawn] Character "ZmbF_HikerSkinny_Grey" at 4065.326660, 4496.291992
 4:02:00.143 !!! [CE][Spawn] Character "ZmbF_HikerSkinny_Blue" at 3926.689697, 4379.709473
 4:02:00.143 !!! [CE][Spawn] Character "ZmbF_HikerSkinny_Blue" at 3726.753906, 4440.766113
 4:02:00.144 !!! [CE][Spawn] Character "ZmbM_HunterOld_Spring" at 3709.581299, 4648.757324
 4:02:00.144 !!! [CE][Spawn] Character "ZmbM_HermitSkinny_Black" at 3890.593750, 4658.395508
 4:02:00.144 [CE][InfectedRespawner] (PRISolitude) :: Initial Spawn: 60
 4:02:00.144 [CE][InfectedRespawner] (PRIVillage) :: Initial Spawn: 0
 4:02:00.145 [CE][LootRespawner] (PRIDummy) :: Initially (re)spawned:0, Nominal:14363, Total in Map: 10878 at 0 (sec)
 4:02:00.145   tests:0, repeats:0 fails:0, overtime:0
 4:02:00.146 [CE][InfectedRespawner] (SECPoliceHard) :: Initial Spawn: 0
 4:02:00.146 [CE][DynEvent] :: 32 types
 4:02:00.147 [00] AmbientHen
 4:02:00.147   Primary Spawner: "Ambient", active: yes, repeat: 1
 4:02:00.147 [01] AmbientBear
 4:02:00.147   Primary Spawner: "Ambient", active: yes, repeat: 1
 4:02:00.147 [02] AnimalCow
 4:02:00.147   Primary Spawner: "Animal", active: yes, repeat: 1
 4:02:00.147 [03] AnimalDeer
 4:02:00.147   Primary Spawner: "Animal", active: yes, repeat: 1
 4:02:00.147 [04] AmbientGoat
 4:02:00.147   Primary Spawner: "Ambient", active: yes, repeat: 1
 4:02:00.147 [05] AmbientPig
 4:02:00.147   Primary Spawner: "Ambient", active: yes, repeat: 1
 4:02:00.147 [06] AnimalRoeDeer
 4:02:00.147   Primary Spawner: "Animal", active: yes, repeat: 1
 4:02:00.147 [07] AnimalSheep
 4:02:00.147   Primary Spawner: "Animal", active: yes, repeat: 1
 4:02:00.147 [08] AnimalWildBoar
 4:02:00.147   Primary Spawner: "Animal", active: yes, repeat: 1
 4:02:00.147 [09] AnimalWolf
 4:02:00.147   Primary Spawner: "Animal", active: yes, repeat: 1
 4:02:00.147 [10] InfectedArmy
 4:02:00.147   Primary Spawner: "Infected", active: yes, repeat: 1
 4:02:00.147 [11] InfectedArmyHard
 4:02:00.147   Primary Spawner: "Infected", active: yes, repeat: 1
 4:02:00.147 [12] InfectedCity
 4:02:00.147   Primary Spawner: "Infected", active: yes, repeat: 1
 4:02:00.148 [13] InfectedFirefighter
 4:02:00.148   Primary Spawner: "Infected", active: yes, repeat: 1
 4:02:00.148 [14] InfectedIndustrial
 4:02:00.148   Primary Spawner: "Infected", active: yes, repeat: 1
 4:02:00.148 [15] InfectedMedic
 4:02:00.148   Primary Spawner: "Infected", active: yes, repeat: 1
 4:02:00.148 [16] InfectedNBC
 4:02:00.148   Primary Spawner: "Infected", active: yes, repeat: 1
 4:02:00.148 [17] InfectedNBCYellow
 4:02:00.148   Primary Spawner: "Infected", active: yes, repeat: 1
 4:02:00.148 [18] InfectedPolice
 4:02:00.148   Primary Spawner: "Infected", active: yes, repeat: 1
 4:02:00.148 [19] InfectedPoliceHard
 4:02:00.148   Primary Spawner: "Infected", active: yes, repeat: 1
 4:02:00.148 [20] InfectedPrisoner
 4:02:00.148   Primary Spawner: "Infected", active: yes, repeat: 1
 4:02:00.148 [21] InfectedReligious
 4:02:00.148   Primary Spawner: "Infected", active: yes, repeat: 1
 4:02:00.148 [22] InfectedSolitude
 4:02:00.148   Primary Spawner: "Infected", active: yes, repeat: 1
 4:02:00.148 [23] InfectedVillage
 4:02:00.148   Primary Spawner: "Infected", active: yes, repeat: 1
 4:02:00.148 [24] Loot
 4:02:00.148   Primary Spawner: "Loot", active: yes, repeat: 2
 4:02:00.148 [25] StaticPoliceCar
 4:02:00.148   Primary Spawner: "Static", active: yes, repeat: 1
 4:02:00.148   Secondary Spawner: "Infected", active: yes, repeat: 1
 4:02:00.149 [26] TrajectoryApple
 4:02:00.149   Primary Spawner: "Trajectory", active: yes, repeat: 1
 4:02:00.149 [27] TrajectoryConiferous
 4:02:00.149   Primary Spawner: "Trajectory", active: yes, repeat: 1
 4:02:00.149 [28] TrajectoryDeciduous
 4:02:00.149   Primary Spawner: "Trajectory", active: yes, repeat: 1
 4:02:00.149 [29] TrajectoryHumus
 4:02:00.149   Primary Spawner: "Trajectory", active: yes, repeat: 1
 4:02:00.149 [30] TrajectoryPear
 4:02:00.149   Primary Spawner: "Trajectory", active: yes, repeat: 1
 4:02:00.149 [31] TrajectoryPlum
 4:02:00.149   Primary Spawner: "Trajectory", active: yes, repeat: 1
 4:02:00.149 [CE][Hive] :: Initializing of spawners done.
 4:02:00.153 [CE][Hive] :: Init sequence finished.
 4:02:00.153 Player connect enabled
 4:02:00.208 [Login]: Adding player LEE (172032694) to login queue at position 0
 4:02:00.208 [LoginMachine]: Add player LEE (172032694 192.168.1.7:65456)
 4:02:00.208 [StateMachine]: Player LEE (dpnid 172032694 uid ) Entering AuthPlayerLoginState
 4:02:00.989 [StateMachine]: Player LEE (dpnid 172032694 uid ) Entering WaitAuthPlayerLoginState
 4:02:04.458 Player LEE (id=R5KkZb3Ywicboa8ntCzbBJK6WLpakj_6yA-ghmDo4lw=) has connected.
 4:02:04.458 Player "LEE"(steamID=76561198413928129) is connected
 4:02:04.459 [StateMachine]: Player LEE (dpnid 172032694 uid ) Entering WaitPlayerAssignedLoginState
 4:02:05.579 [StateMachine]: Player LEE (dpnid 172032694 uid ) Entering PlayerAssignedLoginState
 4:02:05.610 [StateMachine]: Player LEE (dpnid 172032694 uid R5KkZb3Ywicboa8ntCzbBJK6WLpakj_6yA-ghmDo4lw=) Entering DBGetLoginTimeLoginState
 4:02:05.616 [StateMachine]: Player LEE (dpnid 172032694 uid R5KkZb3Ywicboa8ntCzbBJK6WLpakj_6yA-ghmDo4lw=) Entering DBWaitLoginTimeLoginState
 4:02:08.616 [StateMachine]: Player LEE (dpnid 172032694 uid R5KkZb3Ywicboa8ntCzbBJK6WLpakj_6yA-ghmDo4lw=) Entering DBGetCharacterLoginState
 4:02:08.617 [StateMachine]: Player LEE (dpnid 172032694 uid R5KkZb3Ywicboa8ntCzbBJK6WLpakj_6yA-ghmDo4lw=) Entering CreateNetObjectsLoginState
 4:02:08.619 [StateMachine]: Player LEE (dpnid 172032694 uid R5KkZb3Ywicboa8ntCzbBJK6WLpakj_6yA-ghmDo4lw=) Entering PreloadCamLoginState
 4:02:08.619 [StateMachine]: Player LEE (dpnid 172032694 uid R5KkZb3Ywicboa8ntCzbBJK6WLpakj_6yA-ghmDo4lw=) Entering WaitPreloadCamLoginState
 4:02:22.251 [CE][LootRespawner] (PRIDummy) :: Item [0] causing search overtime: "HipPack_Party"
 4:02:22.350 [CE][LootRespawner] (PRIDummy) :: Item [1] causing search overtime: "Mag_CZ527_5rnd"
 4:02:22.450 [CE][LootRespawner] (PRIDummy) :: Item [0] is hard to place, performance drops: "Saiga"
 4:02:22.451 [CE][LootRespawner] (PRIDummy) :: Item [1] is hard to place, performance drops: "Saiga"
 4:02:22.452 [CE][LootRespawner] (PRIDummy) :: Item [2] is hard to place, performance drops: "Saiga"
 4:02:22.452 [CE][LootRespawner] (PRIDummy) :: Item [3] is hard to place, performance drops: "Saiga"
 4:02:22.452 [CE][LootRespawner] (PRIDummy) :: Item [4] is hard to place, performance drops: "Saiga"
 4:02:22.452 [CE][LootRespawner] (PRIDummy) :: Item [5] is hard to place, performance drops: "Saiga"
 4:02:22.452 [CE][LootRespawner] (PRIDummy) :: Item [6] is hard to place, performance drops: "Saiga"
 4:02:22.453 [CE][LootRespawner] (PRIDummy) :: Item [7] is hard to place, performance drops: "Saiga"
 4:02:22.453 [CE][LootRespawner] (PRIDummy) :: Item [8] is hard to place, performance drops: "Saiga"
 4:02:22.453 [CE][LootRespawner] (PRIDummy) :: Item [2] causing search overtime: "Saiga"
 4:02:22.550 [CE][LootRespawner] (PRIDummy) :: Item [9] is hard to place, performance drops: "AmmoBox_762x39_20Rnd"
 4:02:22.551 [CE][LootRespawner] (PRIDummy) :: Item [10] is hard to place, performance drops: "AmmoBox_762x39_20Rnd"
 4:02:22.551 [CE][LootRespawner] (PRIDummy) :: Item [11] is hard to place, performance drops: "AmmoBox_762x39_20Rnd"
 4:02:22.551 [CE][LootRespawner] (PRIDummy) :: Item [12] is hard to place, performance drops: "AmmoBox_762x39_20Rnd"
 4:02:22.551 [CE][LootRespawner] (PRIDummy) :: Item [13] is hard to place, performance drops: "AmmoBox_762x39_20Rnd"
 4:02:22.551 [CE][LootRespawner] (PRIDummy) :: Item [14] is hard to place, performance drops: "AmmoBox_762x39_20Rnd"
 4:02:22.551 [CE][LootRespawner] (PRIDummy) :: Item [15] is hard to place, performance drops: "AmmoBox_762x39_20Rnd"
 4:02:22.551 [CE][LootRespawner] (PRIDummy) :: Item [16] is hard to place, performance drops: "AmmoBox_762x39_20Rnd"
 4:02:22.551 [CE][LootRespawner] (PRIDummy) :: Item [17] is hard to place, performance drops: "AmmoBox_762x39_20Rnd"
 4:02:22.551 [CE][LootRespawner] (PRIDummy) :: Item [3] causing search overtime: "AmmoBox_762x39_20Rnd"
 4:02:22.650 [CE][LootRespawner] (PRIDummy) :: Item [18] is hard to place, performance drops: "AmmoBox_556x45_20Rnd"
 4:02:22.650 [CE][LootRespawner] (PRIDummy) :: Item [19] is hard to place, performance drops: "AmmoBox_556x45_20Rnd"
 4:02:22.650 [CE][LootRespawner] (PRIDummy) :: Item [20] is hard to place, performance drops: "AmmoBox_556x45_20Rnd"
 4:02:22.650 [CE][LootRespawner] (PRIDummy) :: Item [21] is hard to place, performance drops: "AmmoBox_556x45_20Rnd"
 4:02:22.650 [CE][LootRespawner] (PRIDummy) :: Item [22] is hard to place, performance drops: "AmmoBox_556x45_20Rnd"
 4:02:22.650 [CE][LootRespawner] (PRIDummy) :: Item [23] is hard to place, performance drops: "AmmoBox_556x45_20Rnd"
 4:02:22.650 [CE][LootRespawner] (PRIDummy) :: Item [24] is hard to place, performance drops: "AmmoBox_556x45_20Rnd"
 4:02:22.650 [CE][LootRespawner] (PRIDummy) :: Item [25] is hard to place, performance drops: "AmmoBox_556x45_20Rnd"
 4:02:22.650 [CE][LootRespawner] (PRIDummy) :: Item [26] is hard to place, performance drops: "AmmoBox_556x45_20Rnd"
 4:02:22.650 [CE][LootRespawner] (PRIDummy) :: Item [4] causing search overtime: "AmmoBox_556x45_20Rnd"
 4:02:22.806 [CE][LootRespawner] (PRIDummy) :: Item [27] is hard to place, performance drops: "Mag_SV98_10Rnd"
 4:02:22.806 [CE][LootRespawner] (PRIDummy) :: Item [28] is hard to place, performance drops: "Mag_SV98_10Rnd"
 4:02:22.806 [CE][LootRespawner] (PRIDummy) :: Item [29] is hard to place, performance drops: "Mag_SV98_10Rnd"
 4:02:22.806 [CE][LootRespawner] (PRIDummy) :: Item [30] is hard to place, performance drops: "Mag_SV98_10Rnd"
 4:02:22.806 [CE][LootRespawner] (PRIDummy) :: Item [31] is hard to place, performance drops: "Mag_SV98_10Rnd"
 4:02:22.806 [CE][LootRespawner] (PRIDummy) :: Item [32] is hard to place, performance drops: "Mag_SV98_10Rnd"
 4:02:22.806 [CE][LootRespawner] (PRIDummy) :: Item [33] is hard to place, performance drops: "Mag_SV98_10Rnd"
 4:02:22.806 [CE][LootRespawner] (PRIDummy) :: Item [34] is hard to place, performance drops: "Mag_SV98_10Rnd"
 4:02:22.806 [CE][LootRespawner] (PRIDummy) :: Item [35] is hard to place, performance drops: "Mag_SV98_10Rnd"
 4:02:22.806 [CE][LootRespawner] (PRIDummy) :: Item [5] causing search overtime: "Mag_SV98_10Rnd"
 4:02:22.904 [CE][LootRespawner] (PRIDummy) :: Item [36] is hard to place, performance drops: "BrassKnuckles_Shiny"
 4:02:22.904 [CE][LootRespawner] (PRIDummy) :: Item [37] is hard to place, performance drops: "BrassKnuckles_Shiny"
 4:02:22.904 [CE][LootRespawner] (PRIDummy) :: Item [38] is hard to place, performance drops: "BrassKnuckles_Shiny"
 4:02:22.904 [CE][LootRespawner] (PRIDummy) :: Item [39] is hard to place, performance drops: "BrassKnuckles_Shiny"
 4:02:22.904 [CE][LootRespawner] (PRIDummy) :: Item [40] is hard to place, performance drops: "BrassKnuckles_Shiny"
 4:02:22.904 [CE][LootRespawner] (PRIDummy) :: Item [41] is hard to place, performance drops: "BrassKnuckles_Shiny"
 4:02:22.904 [CE][LootRespawner] (PRIDummy) :: Item [42] is hard to place, performance drops: "BrassKnuckles_Shiny"
 4:02:22.904 [CE][LootRespawner] (PRIDummy) :: Item [43] is hard to place, performance drops: "BrassKnuckles_Shiny"
 4:02:22.904 [CE][LootRespawner] (PRIDummy) :: Item [6] causing search overtime: "BrassKnuckles_Shiny"
 4:02:23.04 [CE][LootRespawner] (PRIDummy) :: Item [44] is hard to place, performance drops: "FAMAS"
 4:02:23.04 [CE][LootRespawner] (PRIDummy) :: Item [45] is hard to place, performance drops: "FAMAS"
 4:02:23.04 [CE][LootRespawner] (PRIDummy) :: Item [46] is hard to place, performance drops: "FAMAS"
 4:02:23.04 [CE][LootRespawner] (PRIDummy) :: Item [47] is hard to place, performance drops: "FAMAS"
 4:02:23.04 [CE][LootRespawner] (PRIDummy) :: Item [48] is hard to place, performance drops: "FAMAS"
 4:02:23.04 [CE][LootRespawner] (PRIDummy) :: Item [49] is hard to place, performance drops: "FAMAS"
 4:02:23.04 [CE][LootRespawner] (PRIDummy) :: Item [50] is hard to place, performance drops: "FAMAS"
 4:02:23.04 [CE][LootRespawner] (PRIDummy) :: Item [51] is hard to place, performance drops: "FAMAS"
 4:02:23.04 [CE][LootRespawner] (PRIDummy) :: Item [7] causing search overtime: "FAMAS"
 4:02:23.104 [CE][LootRespawner] (PRIDummy) :: Item [8] causing search overtime: "Mag_CZ550_10rnd"
 4:02:23.203 [CE][LootRespawner] (PRIDummy) :: Item [52] is hard to place, performance drops: "M18SmokeGrenade_Red"
 4:02:23.203 [CE][LootRespawner] (PRIDummy) :: Item [53] is hard to place, performance drops: "M18SmokeGrenade_Red"
 4:02:23.203 [CE][LootRespawner] (PRIDummy) :: Item [54] is hard to place, performance drops: "M18SmokeGrenade_Red"
 4:02:23.203 [CE][LootRespawner] (PRIDummy) :: Item [55] is hard to place, performance drops: "M18SmokeGrenade_Red"
 4:02:23.203 [CE][LootRespawner] (PRIDummy) :: Item [56] is hard to place, performance drops: "M18SmokeGrenade_Red"
 4:02:23.203 [CE][LootRespawner] (PRIDummy) :: Item [57] is hard to place, performance drops: "M18SmokeGrenade_Red"
 4:02:23.203 [CE][LootRespawner] (PRIDummy) :: Item [58] is hard to place, performance drops: "M18SmokeGrenade_Red"
 4:02:23.203 [CE][LootRespawner] (PRIDummy) :: Item [59] is hard to place, performance drops: "M18SmokeGrenade_Red"
 4:02:23.203 [CE][LootRespawner] (PRIDummy) :: Item [9] causing search overtime: "M18SmokeGrenade_Red"
 4:02:23.303 [CE][LootRespawner] (PRIDummy) :: Item [60] is hard to place, performance drops: "BomberJacket_Black"
 4:02:23.303 [CE][LootRespawner] (PRIDummy) :: Item [61] is hard to place, performance drops: "BomberJacket_Black"
 4:02:23.303 [CE][LootRespawner] (PRIDummy) :: Item [62] is hard to place, performance drops: "BomberJacket_Black"
 4:02:23.303 [CE][LootRespawner] (PRIDummy) :: Item [63] is hard to place, performance drops: "BomberJacket_Black"
 4:02:23.303 [CE][LootRespawner] (PRIDummy) :: Item [64] is hard to place, performance drops: "BomberJacket_Black"
 4:02:23.303 [CE][LootRespawner] (PRIDummy) :: Item [65] is hard to place, performance drops: "BomberJacket_Black"
 4:02:23.303 [CE][LootRespawner] (PRIDummy) :: Item [66] is hard to place, performance drops: "BomberJacket_Black"
 4:02:23.303 [CE][LootRespawner] (PRIDummy) :: Item [10] causing search overtime: "BomberJacket_Black"
 4:02:23.404 [CE][LootRespawner] (PRIDummy) :: Item [67] is hard to place, performance drops: "CargoPants_Green"
 4:02:23.404 [CE][LootRespawner] (PRIDummy) :: Item [68] is hard to place, performance drops: "CargoPants_Green"
 4:02:23.404 [CE][LootRespawner] (PRIDummy) :: Item [69] is hard to place, performance drops: "CargoPants_Green"
 4:02:23.404 [CE][LootRespawner] (PRIDummy) :: Item [70] is hard to place, performance drops: "CargoPants_Green"
 4:02:23.404 [CE][LootRespawner] (PRIDummy) :: Item [71] is hard to place, performance drops: "CargoPants_Green"
 4:02:23.404 [CE][LootRespawner] (PRIDummy) :: Item [72] is hard to place, performance drops: "CargoPants_Green"
 4:02:23.404 [CE][LootRespawner] (PRIDummy) :: Item [73] is hard to place, performance drops: "CargoPants_Green"
 4:02:23.404 [CE][LootRespawner] (PRIDummy) :: Item [11] causing search overtime: "CargoPants_Green"
 4:02:23.504 [CE][LootRespawner] (PRIDummy) :: Item [74] is hard to place, performance drops: "M16A2"
 4:02:23.504 [CE][LootRespawner] (PRIDummy) :: Item [75] is hard to place, performance drops: "M16A2"
 4:02:23.504 [CE][LootRespawner] (PRIDummy) :: Item [76] is hard to place, performance drops: "M16A2"
 4:02:23.504 [CE][LootRespawner] (PRIDummy) :: Item [77] is hard to place, performance drops: "M16A2"
 4:02:23.504 [CE][LootRespawner] (PRIDummy) :: Item [78] is hard to place, performance drops: "M16A2"
 4:02:23.504 [CE][LootRespawner] (PRIDummy) :: Item [79] is hard to place, performance drops: "M16A2"
 4:02:23.504 [CE][LootRespawner] (PRIDummy) :: Item [80] is hard to place, performance drops: "M16A2"
 4:02:23.504 [CE][LootRespawner] (PRIDummy) :: Item [81] is hard to place, performance drops: "M16A2"
 4:02:23.504 [CE][LootRespawner] (PRIDummy) :: Item [12] causing search overtime: "M16A2"
 4:02:23.603 [CE][LootRespawner] (PRIDummy) :: Item [82] is hard to place, performance drops: "STAG_Clothing_Boots"
 4:02:23.603 [CE][LootRespawner] (PRIDummy) :: Item [83] is hard to place, performance drops: "STAG_Clothing_Boots"
 4:02:23.603 [CE][LootRespawner] (PRIDummy) :: Item [84] is hard to place, performance drops: "STAG_Clothing_Boots"
 4:02:23.603 [CE][LootRespawner] (PRIDummy) :: Item [85] is hard to place, performance drops: "STAG_Clothing_Boots"
 4:02:23.603 [CE][LootRespawner] (PRIDummy) :: Item [86] is hard to place, performance drops: "STAG_Clothing_Boots"
 4:02:23.603 [CE][LootRespawner] (PRIDummy) :: Item [87] is hard to place, performance drops: "STAG_Clothing_Boots"
 4:02:23.603 [CE][LootRespawner] (PRIDummy) :: Item [88] is hard to place, performance drops: "STAG_Clothing_Boots"
 4:02:23.603 [CE][LootRespawner] (PRIDummy) :: Item [89] is hard to place, performance drops: "STAG_Clothing_Boots"
 4:02:23.603 [CE][LootRespawner] (PRIDummy) :: Item [90] is hard to place, performance drops: "STAG_Clothing_Boots"
 4:02:23.603 [CE][LootRespawner] (PRIDummy) :: Item [13] causing search overtime: "STAG_Clothing_Boots"
 4:02:23.704 [CE][LootRespawner] (PRIDummy) :: Item [14] causing search overtime: "TacticalBaconCan"
 4:02:23.803 [CE][LootRespawner] (PRIDummy) :: Item [91] is hard to place, performance drops: "AK74"
 4:02:23.803 [CE][LootRespawner] (PRIDummy) :: Item [92] is hard to place, performance drops: "AK74"
 4:02:23.803 [CE][LootRespawner] (PRIDummy) :: Item [93] is hard to place, performance drops: "AK74"
 4:02:23.803 [CE][LootRespawner] (PRIDummy) :: Item [94] is hard to place, performance drops: "AK74"
 4:02:23.803 [CE][LootRespawner] (PRIDummy) :: Item [95] is hard to place, performance drops: "AK74"
 4:02:23.803 [CE][LootRespawner] (PRIDummy) :: Item [96] is hard to place, performance drops: "AK74"
 4:02:23.803 [CE][LootRespawner] (PRIDummy) :: Item [97] is hard to place, performance drops: "AK74"
 4:02:23.803 [CE][LootRespawner] (PRIDummy) :: Item [98] is hard to place, performance drops: "AK74"
 4:02:23.803 [CE][LootRespawner] (PRIDummy) :: Item [15] causing search overtime: "AK74"
 4:02:23.904 [CE][LootRespawner] (PRIDummy) :: Item [16] causing search overtime: "STAG_Clothing_MountainBag"
 4:02:24.03 [CE][LootRespawner] (PRIDummy) :: Item [99] is hard to place, performance drops: "SmershVest"
 4:02:24.03 [CE][LootRespawner] (PRIDummy) :: Item [100] is hard to place, performance drops: "SmershVest"
 4:02:24.03 [CE][LootRespawner] (PRIDummy) :: Item [101] is hard to place, performance drops: "SmershVest"
 4:02:24.03 [CE][LootRespawner] (PRIDummy) :: Item [102] is hard to place, performance drops: "SmershVest"
 4:02:24.03 [CE][LootRespawner] (PRIDummy) :: Item [103] is hard to place, performance drops: "SmershVest"
 4:02:24.03 [CE][LootRespawner] (PRIDummy) :: Item [104] is hard to place, performance drops: "SmershVest"
 4:02:24.03 [CE][LootRespawner] (PRIDummy) :: Item [105] is hard to place, performance drops: "SmershVest"
 4:02:24.03 [CE][LootRespawner] (PRIDummy) :: Item [106] is hard to place, performance drops: "SmershVest"
 4:02:24.03 [CE][LootRespawner] (PRIDummy) :: Item [17] causing search overtime: "SmershVest"
 4:02:24.103 [CE][LootRespawner] (PRIDummy) :: Item [107] is hard to place, performance drops: "MilitaryBoots_Black"
 4:02:24.103 [CE][LootRespawner] (PRIDummy) :: Item [108] is hard to place, performance drops: "MilitaryBoots_Black"
 4:02:24.103 [CE][LootRespawner] (PRIDummy) :: Item [109] is hard to place, performance drops: "MilitaryBoots_Black"
 4:02:24.103 [CE][LootRespawner] (PRIDummy) :: Item [110] is hard to place, performance drops: "MilitaryBoots_Black"
 4:02:24.103 [CE][LootRespawner] (PRIDummy) :: Item [111] is hard to place, performance drops: "MilitaryBoots_Black"
 4:02:24.103 [CE][LootRespawner] (PRIDummy) :: Item [112] is hard to place, performance drops: "MilitaryBoots_Black"
 4:02:24.103 [CE][LootRespawner] (PRIDummy) :: Item [113] is hard to place, performance drops: "MilitaryBoots_Black"
 4:02:24.103 [CE][LootRespawner] (PRIDummy) :: Item [114] is hard to place, performance drops: "MilitaryBoots_Black"
 4:02:24.104 [CE][LootRespawner] (PRIDummy) :: Item [115] is hard to place, performance drops: "MilitaryBoots_Black"
 4:02:24.104 [CE][LootRespawner] (PRIDummy) :: Item [18] causing search overtime: "MilitaryBoots_Black"
 4:02:24.203 [CE][LootRespawner] (PRIDummy) :: Item [116] is hard to place, performance drops: "Mag_STANAG_30Rnd"
 4:02:24.203 [CE][LootRespawner] (PRIDummy) :: Item [117] is hard to place, performance drops: "Mag_STANAG_30Rnd"
 4:02:24.203 [CE][LootRespawner] (PRIDummy) :: Item [118] is hard to place, performance drops: "Mag_STANAG_30Rnd"
 4:02:24.204 [CE][LootRespawner] (PRIDummy) :: Item [119] is hard to place, performance drops: "Mag_STANAG_30Rnd"
 4:02:24.204 [CE][LootRespawner] (PRIDummy) :: Item [120] is hard to place, performance drops: "Mag_STANAG_30Rnd"
 4:02:24.204 [CE][LootRespawner] (PRIDummy) :: Item [121] is hard to place, performance drops: "Mag_STANAG_30Rnd"
 4:02:24.204 [CE][LootRespawner] (PRIDummy) :: Item [122] is hard to place, performance drops: "Mag_STANAG_30Rnd"
 4:02:24.204 [CE][LootRespawner] (PRIDummy) :: Item [123] is hard to place, performance drops: "Mag_STANAG_30Rnd"
 4:02:24.204 [CE][LootRespawner] (PRIDummy) :: Item [124] is hard to place, performance drops: "Mag_STANAG_30Rnd"
 4:02:24.204 [CE][LootRespawner] (PRIDummy) :: Item [19] causing search overtime: "Mag_STANAG_30Rnd"
 4:02:51.149 [CE][LootRespawner] (PRIDummy) :: Item [125] is hard to place, performance drops: "Mag_STANAG_30Rnd"
 4:02:51.149 [CE][LootRespawner] (PRIDummy) :: Item [126] is hard to place, performance drops: "Mag_STANAG_30Rnd"
 4:02:51.149 [CE][LootRespawner] (PRIDummy) :: Item [127] is hard to place, performance drops: "Mag_STANAG_30Rnd"
 4:02:51.149 [CE][LootRespawner] (PRIDummy) :: Item [128] is hard to place, performance drops: "Mag_STANAG_30Rnd"
 4:02:51.149 [CE][LootRespawner] (PRIDummy) :: Item [129] is hard to place, performance drops: "Mag_STANAG_30Rnd"
 4:02:51.149 [CE][LootRespawner] (PRIDummy) :: Item [130] is hard to place, performance drops: "Mag_STANAG_30Rnd"
 4:02:51.149 [CE][LootRespawner] (PRIDummy) :: Item [131] is hard to place, performance drops: "Mag_STANAG_30Rnd"
 4:02:51.149 [CE][LootRespawner] (PRIDummy) :: Item [132] is hard to place, performance drops: "Mag_STANAG_30Rnd"
 4:02:51.149 [CE][LootRespawner] (PRIDummy) :: Item [133] is hard to place, performance drops: "Mag_STANAG_30Rnd"
 4:02:51.149 [CE][LootRespawner] (PRIDummy) :: Item [20] causing search overtime: "Mag_STANAG_30Rnd"
 4:02:51.249 [CE][LootRespawner] (PRIDummy) :: Item [134] is hard to place, performance drops: "STAG_Clothing_PlateCarrier"
 4:02:51.249 [CE][LootRespawner] (PRIDummy) :: Item [135] is hard to place, performance drops: "STAG_Clothing_PlateCarrier"
 4:02:51.249 [CE][LootRespawner] (PRIDummy) :: Item [136] is hard to place, performance drops: "STAG_Clothing_PlateCarrier"
 4:02:51.249 [CE][LootRespawner] (PRIDummy) :: Item [137] is hard to place, performance drops: "STAG_Clothing_PlateCarrier"
 4:02:51.249 [CE][LootRespawner] (PRIDummy) :: Item [138] is hard to place, performance drops: "STAG_Clothing_PlateCarrier"
 4:02:51.249 [CE][LootRespawner] (PRIDummy) :: Item [139] is hard to place, performance drops: "STAG_Clothing_PlateCarrier"
 4:02:51.249 [CE][LootRespawner] (PRIDummy) :: Item [140] is hard to place, performance drops: "STAG_Clothing_PlateCarrier"
 4:02:51.249 [CE][LootRespawner] (PRIDummy) :: Item [141] is hard to place, performance drops: "STAG_Clothing_PlateCarrier"
 4:02:51.249 [CE][LootRespawner] (PRIDummy) :: Item [21] causing search overtime: "STAG_Clothing_PlateCarrier"
 4:02:51.348 [CE][LootRespawner] (PRIDummy) :: Item [142] is hard to place, performance drops: "CargoPants_Black"
 4:02:51.348 [CE][LootRespawner] (PRIDummy) :: Item [143] is hard to place, performance drops: "CargoPants_Black"
 4:02:51.348 [CE][LootRespawner] (PRIDummy) :: Item [144] is hard to place, performance drops: "CargoPants_Black"
 4:02:51.348 [CE][LootRespawner] (PRIDummy) :: Item [145] is hard to place, performance drops: "CargoPants_Black"
 4:02:51.348 [CE][LootRespawner] (PRIDummy) :: Item [146] is hard to place, performance drops: "CargoPants_Black"
 4:02:51.348 [CE][LootRespawner] (PRIDummy) :: Item [147] is hard to place, performance drops: "CargoPants_Black"
 4:02:51.348 [CE][LootRespawner] (PRIDummy) :: Item [148] is hard to place, performance drops: "CargoPants_Black"
 4:02:51.348 [CE][LootRespawner] (PRIDummy) :: Item [22] causing search overtime: "CargoPants_Black"
 4:02:51.448 [CE][LootRespawner] (PRIDummy) :: Item [149] is hard to place, performance drops: "STAG_Clothing_M65_Jacket"
 4:02:51.448 [CE][LootRespawner] (PRIDummy) :: Item [150] is hard to place, performance drops: "STAG_Clothing_M65_Jacket"
 4:02:51.448 [CE][LootRespawner] (PRIDummy) :: Item [151] is hard to place, performance drops: "STAG_Clothing_M65_Jacket"
 4:02:51.448 [CE][LootRespawner] (PRIDummy) :: Item [152] is hard to place, performance drops: "STAG_Clothing_M65_Jacket"
 4:02:51.448 [CE][LootRespawner] (PRIDummy) :: Item [153] is hard to place, performance drops: "STAG_Clothing_M65_Jacket"
 4:02:51.448 [CE][LootRespawner] (PRIDummy) :: Item [154] is hard to place, performance drops: "STAG_Clothing_M65_Jacket"
 4:02:51.448 [CE][LootRespawner] (PRIDummy) :: Item [155] is hard to place, performance drops: "STAG_Clothing_M65_Jacket"
 4:02:51.448 [CE][LootRespawner] (PRIDummy) :: Item [156] is hard to place, performance drops: "STAG_Clothing_M65_Jacket"
 4:02:51.448 [CE][LootRespawner] (PRIDummy) :: Item [23] causing search overtime: "STAG_Clothing_M65_Jacket"
 4:02:51.548 [CE][LootRespawner] (PRIDummy) :: Item [157] is hard to place, performance drops: "SA_Loot_Chest_Red"
 4:02:51.548 [CE][LootRespawner] (PRIDummy) :: Item [158] is hard to place, performance drops: "SA_Loot_Chest_Red"
 4:02:51.548 [CE][LootRespawner] (PRIDummy) :: Item [159] is hard to place, performance drops: "SA_Loot_Chest_Red"
 4:02:51.548 [CE][LootRespawner] (PRIDummy) :: Item [160] is hard to place, performance drops: "SA_Loot_Chest_Red"
 4:02:51.548 [CE][LootRespawner] (PRIDummy) :: Item [161] is hard to place, performance drops: "SA_Loot_Chest_Red"
 4:02:51.548 [CE][LootRespawner] (PRIDummy) :: Item [162] is hard to place, performance drops: "SA_Loot_Chest_Red"
 4:02:51.548 [CE][LootRespawner] (PRIDummy) :: Item [163] is hard to place, performance drops: "SA_Loot_Chest_Red"
 4:02:51.548 [CE][LootRespawner] (PRIDummy) :: Item [24] causing search overtime: "SA_Loot_Chest_Red"
 4:02:51.648 [CE][LootRespawner] (PRIDummy) :: Item [164] is hard to place, performance drops: "STAG_Clothing_Cargo_Pants"
 4:02:51.649 [CE][LootRespawner] (PRIDummy) :: Item [165] is hard to place, performance drops: "STAG_Clothing_Cargo_Pants"
 4:02:51.649 [CE][LootRespawner] (PRIDummy) :: Item [166] is hard to place, performance drops: "STAG_Clothing_Cargo_Pants"
 4:02:51.649 [CE][LootRespawner] (PRIDummy) :: Item [167] is hard to place, performance drops: "STAG_Clothing_Cargo_Pants"
 4:02:51.649 [CE][LootRespawner] (PRIDummy) :: Item [168] is hard to place, performance drops: "STAG_Clothing_Cargo_Pants"
 4:02:51.649 [CE][LootRespawner] (PRIDummy) :: Item [169] is hard to place, performance drops: "STAG_Clothing_Cargo_Pants"
 4:02:51.649 [CE][LootRespawner] (PRIDummy) :: Item [170] is hard to place, performance drops: "STAG_Clothing_Cargo_Pants"
 4:02:51.649 [CE][LootRespawner] (PRIDummy) :: Item [171] is hard to place, performance drops: "STAG_Clothing_Cargo_Pants"
 4:02:51.649 [CE][LootRespawner] (PRIDummy) :: Item [25] causing search overtime: "STAG_Clothing_Cargo_Pants"
 4:02:51.748 [CE][LootRespawner] (PRIDummy) :: Item [26] causing search overtime: "CZ550"
 4:02:51.848 [CE][LootRespawner] (PRIDummy) :: Item [172] is hard to place, performance drops: "Mag_AKM_Drum75Rnd"
 4:02:51.848 [CE][LootRespawner] (PRIDummy) :: Item [173] is hard to place, performance drops: "Mag_AKM_Drum75Rnd"
 4:02:51.848 [CE][LootRespawner] (PRIDummy) :: Item [174] is hard to place, performance drops: "Mag_AKM_Drum75Rnd"
 4:02:51.848 [CE][LootRespawner] (PRIDummy) :: Item [175] is hard to place, performance drops: "Mag_AKM_Drum75Rnd"
 4:02:51.848 [CE][LootRespawner] (PRIDummy) :: Item [176] is hard to place, performance drops: "Mag_AKM_Drum75Rnd"
 4:02:51.848 [CE][LootRespawner] (PRIDummy) :: Item [177] is hard to place, performance drops: "Mag_AKM_Drum75Rnd"
 4:02:51.848 [CE][LootRespawner] (PRIDummy) :: Item [178] is hard to place, performance drops: "Mag_AKM_Drum75Rnd"
 4:02:51.848 [CE][LootRespawner] (PRIDummy) :: Item [179] is hard to place, performance drops: "Mag_AKM_Drum75Rnd"
 4:02:51.848 [CE][LootRespawner] (PRIDummy) :: Item [27] causing search overtime: "Mag_AKM_Drum75Rnd"
 4:02:52.96 [CE][LootRespawner] (PRIDummy) :: Item [180] is hard to place, performance drops: "Mag_AKM_30Rnd"
 4:02:52.96 [CE][LootRespawner] (PRIDummy) :: Item [181] is hard to place, performance drops: "Mag_AKM_30Rnd"
 4:02:52.96 [CE][LootRespawner] (PRIDummy) :: Item [182] is hard to place, performance drops: "Mag_AKM_30Rnd"
 4:02:52.96 [CE][LootRespawner] (PRIDummy) :: Item [183] is hard to place, performance drops: "Mag_AKM_30Rnd"
 4:02:52.96 [CE][LootRespawner] (PRIDummy) :: Item [184] is hard to place, performance drops: "Mag_AKM_30Rnd"
 4:02:52.96 [CE][LootRespawner] (PRIDummy) :: Item [185] is hard to place, performance drops: "Mag_AKM_30Rnd"
 4:02:52.96 [CE][LootRespawner] (PRIDummy) :: Item [186] is hard to place, performance drops: "Mag_AKM_30Rnd"
 4:02:52.96 [CE][LootRespawner] (PRIDummy) :: Item [187] is hard to place, performance drops: "Mag_AKM_30Rnd"
 4:02:52.96 [CE][LootRespawner] (PRIDummy) :: Item [188] is hard to place, performance drops: "Mag_AKM_30Rnd"
 4:02:52.96 [CE][LootRespawner] (PRIDummy) :: Item [28] causing search overtime: "Mag_AKM_30Rnd"
 4:02:52.194 [CE][LootRespawner] (PRIDummy) :: Item [189] is hard to place, performance drops: "SV98"
 4:02:52.194 [CE][LootRespawner] (PRIDummy) :: Item [190] is hard to place, performance drops: "SV98"
 4:02:52.194 [CE][LootRespawner] (PRIDummy) :: Item [191] is hard to place, performance drops: "SV98"
 4:02:52.194 [CE][LootRespawner] (PRIDummy) :: Item [192] is hard to place, performance drops: "SV98"
 4:02:52.194 [CE][LootRespawner] (PRIDummy) :: Item [193] is hard to place, performance drops: "SV98"
 4:02:52.194 [CE][LootRespawner] (PRIDummy) :: Item [194] is hard to place, performance drops: "SV98"
 4:02:52.194 [CE][LootRespawner] (PRIDummy) :: Item [195] is hard to place, performance drops: "SV98"
 4:02:52.194 [CE][LootRespawner] (PRIDummy) :: Item [196] is hard to place, performance drops: "SV98"
 4:02:52.194 [CE][LootRespawner] (PRIDummy) :: Item [29] causing search overtime: "SV98"
 4:02:52.293 [CE][LootRespawner] (PRIDummy) :: Item [197] is hard to place, performance drops: "Mag_Vikhr_30Rnd"
 4:02:52.293 [CE][LootRespawner] (PRIDummy) :: Item [198] is hard to place, performance drops: "Mag_Vikhr_30Rnd"
 4:02:52.293 [CE][LootRespawner] (PRIDummy) :: Item [199] is hard to place, performance drops: "Mag_Vikhr_30Rnd"
 4:02:52.293 [CE][LootRespawner] (PRIDummy) :: Item [200] is hard to place, performance drops: "Mag_Vikhr_30Rnd"
 4:02:52.293 [CE][LootRespawner] (PRIDummy) :: Item [201] is hard to place, performance drops: "Mag_Vikhr_30Rnd"
 4:02:52.293 [CE][LootRespawner] (PRIDummy) :: Item [202] is hard to place, performance drops: "Mag_Vikhr_30Rnd"
 4:02:52.293 [CE][LootRespawner] (PRIDummy) :: Item [203] is hard to place, performance drops: "Mag_Vikhr_30Rnd"
 4:02:52.293 [CE][LootRespawner] (PRIDummy) :: Item [204] is hard to place, performance drops: "Mag_Vikhr_30Rnd"
 4:02:52.293 [CE][LootRespawner] (PRIDummy) :: Item [205] is hard to place, performance drops: "Mag_Vikhr_30Rnd"
 4:02:52.294 [CE][LootRespawner] (PRIDummy) :: Item [30] causing search overtime: "Mag_Vikhr_30Rnd"
 4:02:52.394 [CE][LootRespawner] (PRIDummy) :: Item [206] is hard to place, performance drops: "Mag_Saiga_8Rnd"
 4:02:52.394 [CE][LootRespawner] (PRIDummy) :: Item [207] is hard to place, performance drops: "Mag_Saiga_8Rnd"
 4:02:52.394 [CE][LootRespawner] (PRIDummy) :: Item [208] is hard to place, performance drops: "Mag_Saiga_8Rnd"
 4:02:52.394 [CE][LootRespawner] (PRIDummy) :: Item [209] is hard to place, performance drops: "Mag_Saiga_8Rnd"
 4:02:52.394 [CE][LootRespawner] (PRIDummy) :: Item [210] is hard to place, performance drops: "Mag_Saiga_8Rnd"
 4:02:52.394 [CE][LootRespawner] (PRIDummy) :: Item [211] is hard to place, performance drops: "Mag_Saiga_8Rnd"
 4:02:52.394 [CE][LootRespawner] (PRIDummy) :: Item [212] is hard to place, performance drops: "Mag_Saiga_8Rnd"
 4:02:52.394 [CE][LootRespawner] (PRIDummy) :: Item [213] is hard to place, performance drops: "Mag_Saiga_8Rnd"
 4:02:52.394 [CE][LootRespawner] (PRIDummy) :: Item [214] is hard to place, performance drops: "Mag_Saiga_8Rnd"
 4:02:52.394 [CE][LootRespawner] (PRIDummy) :: Item [31] causing search overtime: "Mag_Saiga_8Rnd"
 4:02:52.672 [CE][LootRespawner] (PRIDummy) :: Item [215] is hard to place, performance drops: "AKS74U"
 4:02:52.672 [CE][LootRespawner] (PRIDummy) :: Item [216] is hard to place, performance drops: "AKS74U"
 4:02:52.672 [CE][LootRespawner] (PRIDummy) :: Item [217] is hard to place, performance drops: "AKS74U"
 4:02:52.672 [CE][LootRespawner] (PRIDummy) :: Item [218] is hard to place, performance drops: "AKS74U"
 4:02:52.672 [CE][LootRespawner] (PRIDummy) :: Item [219] is hard to place, performance drops: "AKS74U"
 4:02:52.672 [CE][LootRespawner] (PRIDummy) :: Item [220] is hard to place, performance drops: "AKS74U"
 4:02:52.672 [CE][LootRespawner] (PRIDummy) :: Item [221] is hard to place, performance drops: "AKS74U"
 4:02:52.672 [CE][LootRespawner] (PRIDummy) :: Item [222] is hard to place, performance drops: "AKS74U"
 4:02:52.672 [CE][LootRespawner] (PRIDummy) :: Item [223] is hard to place, performance drops: "AKS74U"
 4:02:52.672 [CE][LootRespawner] (PRIDummy) :: Item [32] causing search overtime: "AKS74U"
 4:02:52.732 [CE][LootRespawner] (PRIDummy) :: Item [224] is hard to place, performance drops: "QuiltedJacket_Black"
 4:02:52.732 [CE][LootRespawner] (PRIDummy) :: Item [225] is hard to place, performance drops: "QuiltedJacket_Black"
 4:02:52.732 [CE][LootRespawner] (PRIDummy) :: Item [226] is hard to place, performance drops: "QuiltedJacket_Black"
 4:02:52.732 [CE][LootRespawner] (PRIDummy) :: Item [227] is hard to place, performance drops: "QuiltedJacket_Black"
 4:02:52.732 [CE][LootRespawner] (PRIDummy) :: Item [228] is hard to place, performance drops: "QuiltedJacket_Black"
 4:02:52.732 [CE][LootRespawner] (PRIDummy) :: Item [229] is hard to place, performance drops: "QuiltedJacket_Black"
 4:02:52.732 [CE][LootRespawner] (PRIDummy) :: Item [230] is hard to place, performance drops: "QuiltedJacket_Black"
 4:02:52.732 [CE][LootRespawner] (PRIDummy) :: Item [33] causing search overtime: "QuiltedJacket_Black"
 4:02:52.831 [CE][LootRespawner] (PRIDummy) :: Item [231] is hard to place, performance drops: "M4_T3NRDSOptic"
 4:02:52.831 [CE][LootRespawner] (PRIDummy) :: Item [232] is hard to place, performance drops: "M4_T3NRDSOptic"
 4:02:52.831 [CE][LootRespawner] (PRIDummy) :: Item [233] is hard to place, performance drops: "M4_T3NRDSOptic"
 4:02:52.831 [CE][LootRespawner] (PRIDummy) :: Item [234] is hard to place, performance drops: "M4_T3NRDSOptic"
 4:02:52.831 [CE][LootRespawner] (PRIDummy) :: Item [235] is hard to place, performance drops: "M4_T3NRDSOptic"
 4:02:52.831 [CE][LootRespawner] (PRIDummy) :: Item [236] is hard to place, performance drops: "M4_T3NRDSOptic"
 4:02:52.831 [CE][LootRespawner] (PRIDummy) :: Item [237] is hard to place, performance drops: "M4_T3NRDSOptic"
 4:02:52.831 [CE][LootRespawner] (PRIDummy) :: Item [238] is hard to place, performance drops: "M4_T3NRDSOptic"
 4:02:52.831 [CE][LootRespawner] (PRIDummy) :: Item [239] is hard to place, performance drops: "M4_T3NRDSOptic"
 4:02:52.831 [CE][LootRespawner] (PRIDummy) :: Item [34] causing search overtime: "M4_T3NRDSOptic"
 4:02:52.931 [CE][LootRespawner] (PRIDummy) :: Item [240] is hard to place, performance drops: "Mich2001Helmet"
 4:02:52.931 [CE][LootRespawner] (PRIDummy) :: Item [241] is hard to place, performance drops: "Mich2001Helmet"
 4:02:52.931 [CE][LootRespawner] (PRIDummy) :: Item [242] is hard to place, performance drops: "Mich2001Helmet"
 4:02:52.931 [CE][LootRespawner] (PRIDummy) :: Item [243] is hard to place, performance drops: "Mich2001Helmet"
 4:02:52.931 [CE][LootRespawner] (PRIDummy) :: Item [244] is hard to place, performance drops: "Mich2001Helmet"
 4:02:52.931 [CE][LootRespawner] (PRIDummy) :: Item [245] is hard to place, performance drops: "Mich2001Helmet"
 4:02:52.931 [CE][LootRespawner] (PRIDummy) :: Item [246] is hard to place, performance drops: "Mich2001Helmet"
 4:02:52.931 [CE][LootRespawner] (PRIDummy) :: Item [247] is hard to place, performance drops: "Mich2001Helmet"
 4:02:52.931 [CE][LootRespawner] (PRIDummy) :: Item [35] causing search overtime: "Mich2001Helmet"
 4:02:53.31 [CE][LootRespawner] (PRIDummy) :: Item [248] is hard to place, performance drops: "QuiltedJacket_Green"
 4:02:53.31 [CE][LootRespawner] (PRIDummy) :: Item [249] is hard to place, performance drops: "QuiltedJacket_Green"
 4:02:53.31 [CE][LootRespawner] (PRIDummy) :: Item [250] is hard to place, performance drops: "QuiltedJacket_Green"
 4:02:53.31 [CE][LootRespawner] (PRIDummy) :: Item [251] is hard to place, performance drops: "QuiltedJacket_Green"
 4:02:53.31 [CE][LootRespawner] (PRIDummy) :: Item [252] is hard to place, performance drops: "QuiltedJacket_Green"
 4:02:53.31 [CE][LootRespawner] (PRIDummy) :: Item [253] is hard to place, performance drops: "QuiltedJacket_Green"
 4:02:53.31 [CE][LootRespawner] (PRIDummy) :: Item [254] is hard to place, performance drops: "QuiltedJacket_Green"
 4:02:53.31 [CE][LootRespawner] (PRIDummy) :: Item [36] causing search overtime: "QuiltedJacket_Green"
 4:02:53.131 [CE][LootRespawner] (PRIDummy) :: Item [255] is hard to place, performance drops: "BalaclavaMask_Black"
 4:02:53.131 [CE][LootRespawner] (PRIDummy) :: Item [256] is hard to place, performance drops: "BalaclavaMask_Black"
 4:02:53.131 [CE][LootRespawner] (PRIDummy) :: Item [257] is hard to place, performance drops: "BalaclavaMask_Black"
 4:02:53.131 [CE][LootRespawner] (PRIDummy) :: Item [258] is hard to place, performance drops: "BalaclavaMask_Black"
 4:02:53.131 [CE][LootRespawner] (PRIDummy) :: Item [259] is hard to place, performance drops: "BalaclavaMask_Black"
 4:02:53.132 [CE][LootRespawner] (PRIDummy) :: Item [260] is hard to place, performance drops: "BalaclavaMask_Black"
 4:02:53.132 [CE][LootRespawner] (PRIDummy) :: Item [261] is hard to place, performance drops: "BalaclavaMask_Black"
 4:02:53.132 [CE][LootRespawner] (PRIDummy) :: Item [262] is hard to place, performance drops: "BalaclavaMask_Black"
 4:02:53.132 [CE][LootRespawner] (PRIDummy) :: Item [37] causing search overtime: "BalaclavaMask_Black"
 4:02:53.239 [CE][LootRespawner] (PRIDummy) :: Item [38] causing search overtime: "MimeMask_Female"
 4:02:53.340 [CE][LootRespawner] (PRIDummy) :: Item [39] causing search overtime: "EyeMask_Black"
 4:02:53.438 !!! [CE][Spawn] Character "ZmbM_usSoldier_normal_Desert" at 1772.021851, 5094.651367
 4:02:53.440 !!! [CE][Spawn] Character "ZmbM_PatrolNormal_Flat" at 1830.687134, 5079.479004
 4:02:53.440 !!! [CE][Spawn] Character "ZmbM_PatrolNormal_Flat" at 1867.096436, 5011.613770
 4:02:53.441 !!! [CE][Spawn] Character "ZmbM_PatrolNormal_PautRev" at 1802.317505, 4970.823242
 4:02:53.442 !!! [CE][Spawn] Character "ZmbM_PatrolNormal_PautRev" at 1770.500000, 6470.700195
 4:02:53.442 !!! [CE][Spawn] Character "ZmbM_SoldierNormal" at 1753.048828, 6522.814941
 4:02:53.443 !!! [CE][Spawn] Character "ZmbM_PatrolNormal_Autumn" at 1748.949097, 6576.430176
 4:02:53.443 !!! [CE][Spawn] Character "ZmbM_PatrolNormal_Flat" at 1801.605835, 6565.354492
 4:02:53.445 !!! [CE][Spawn] Character "ZmbM_usSoldier_Heavy_Woodland" at 1866.778687, 6571.437500
 4:02:53.447 !!! [CE][Spawn] Character "ZmbM_PatrolNormal_Summer" at 1841.905762, 6512.295410
 4:02:53.447 !!! [CE][Spawn] Character "ZmbM_PatrolNormal_Autumn" at 1817.602539, 6438.411621
 4:02:53.448 !!! [CE][Spawn] Character "ZmbM_SoldierNormal" at 1777.365967, 6509.351074
 4:02:53.449 !!! [CE][Spawn] Character "ZmbM_usSoldier_normal_Desert" at 2602.430420, 5839.338867
 4:02:53.450 !!! [CE][Spawn] Character "ZmbM_PatrolNormal_Autumn" at 2620.346191, 5811.351563
 4:02:53.451 !!! [CE][Spawn] Character "ZmbM_PatrolNormal_PautRev" at 2588.175781, 5803.289063
 4:02:53.451 !!! [CE][Spawn] Character "ZmbM_usSoldier_normal_Woodland" at 1657.605103, 2639.699951
 4:02:53.452 !!! [CE][Spawn] Character "ZmbM_PatrolNormal_PautRev" at 1680.408691, 2621.302246
 4:02:53.452 !!! [CE][Spawn] Character "ZmbM_PatrolNormal_Flat" at 1683.297852, 2580.132324
 4:02:53.454 !!! [CE][Spawn] Character "ZmbM_usSoldier_Heavy_Woodland" at 1638.485596, 2544.083984
 4:02:53.454 !!! [CE][Spawn] Character "ZmbM_usSoldier_normal_Woodland" at 1605.734741, 2590.706787
 4:02:53.455 !!! [CE][Spawn] Character "ZmbM_ClerkFat_White" at 2596.500244, 5727.174316
 4:02:53.456 !!! [CE][Spawn] Character "ZmbF_ShortSkirt_grey" at 2606.305420, 5740.900879
 4:02:53.456 !!! [CE][Spawn] Character "ZmbF_Clerk_Normal_Red" at 2176.941162, 3064.918457
 4:02:53.457 !!! [CE][Spawn] Character "ZmbM_CommercialPilotOld_Brown" at 2286.417725, 3075.655518
 4:02:53.457 !!! [CE][Spawn] Character "ZmbF_ShortSkirt_yellow" at 1976.759277, 3133.535156
 4:02:53.458 !!! [CE][Spawn] Character "ZmbM_SkaterYoung_Brown" at 2171.129395, 3290.506348
 4:02:53.459 !!! [CE][Spawn] Character "ZmbM_CitizenASkinny_Blue" at 2525.308350, 3112.527344
 4:02:53.459 !!! [CE][Spawn] Character "ZmbF_JournalistNormal_Green" at 2363.502197, 3060.461426
 4:02:53.460 !!! [CE][Spawn] Character "ZmbM_MotobikerFat_Beige" at 6731.334473, 3656.273438
 4:02:53.460 !!! [CE][Spawn] Character "ZmbF_JournalistNormal_Red" at 6676.107910, 3596.054443
 4:02:53.461 !!! [CE][Spawn] Character "ZmbM_MotobikerFat_Beige" at 6648.542480, 3669.209717
 4:02:53.462 !!! [CE][Spawn] Character "ZmbM_SkaterYoung_Grey" at 6686.489258, 3712.834229
 4:02:53.462 !!! [CE][Spawn] Character "ZmbM_CitizenBFat_Green" at 6731.198730, 3758.646973
 4:02:53.463 !!! [CE][Spawn] Character "ZmbF_SkaterYoung_Violet" at 6788.874512, 3716.253418
 4:02:53.464 !!! [CE][Spawn] Character "ZmbM_CitizenASkinny_Grey" at 6799.281250, 3639.689209
 4:02:53.464 !!! [CE][Spawn] Character "ZmbF_Clerk_Normal_Blue" at 6480.022949, 3482.687256
 4:02:53.465 !!! [CE][Spawn] Character "ZmbF_CitizenANormal_Beige" at 6393.914063, 3517.844971
 4:02:53.466 !!! [CE][Spawn] Character "ZmbF_SurvivorNormal_Red" at 4502.375488, 7858.351563
 4:02:53.467 !!! [CE][Spawn] Character "ZmbM_CitizenASkinny_Red" at 4501.825684, 7802.618652
 4:02:53.468 !!! [CE][Spawn] Character "ZmbM_CommercialPilotOld_Blue" at 4467.523438, 7775.082031
 4:02:53.470 !!! [CE][Spawn] Character "ZmbM_FirefighterNormal" at 2094.839355, 3002.651611
 4:02:53.471 !!! [CE][Spawn] Character "ZmbM_FirefighterNormal" at 2101.400391, 2963.234375
 4:02:53.472 !!! [CE][Spawn] Character "ZmbM_FirefighterNormal" at 6837.124023, 3884.481445
 4:02:53.472 !!! [CE][Spawn] Character "ZmbF_BlueCollarFat_Red" at 1970.411133, 5477.884277
 4:02:53.472 !!! [CE][Spawn] Character "ZmbM_OffshoreWorker_Orange" at 2019.348145, 5494.106934
 4:02:53.474 !!! [CE][Spawn] Character "ZmbM_OffshoreWorker_Red" at 1472.962646, 5657.635742
 4:02:53.474 !!! [CE][Spawn] Character "ZmbM_OffshoreWorker_Yellow" at 1542.962280, 5672.224121
 4:02:53.476 !!! [CE][Spawn] Character "ZmbM_HandymanNormal_Green" at 2210.700195, 6371.591797
 4:02:53.476 !!! [CE][Spawn] Character "ZmbM_HandymanNormal_Green" at 2250.032715, 6366.301758
 4:02:53.477 !!! [CE][Spawn] Character "ZmbM_HeavyIndustryWorker" at 2875.260742, 5955.880371
 4:02:53.478 !!! [CE][Spawn] Character "ZmbM_MechanicSkinny_Grey" at 2834.518066, 5954.637207
 4:02:53.478 !!! [CE][Spawn] Character "ZmbM_ConstrWorkerNormal_Grey" at 2756.968262, 5908.230469
 4:02:53.479 !!! [CE][Spawn] Character "ZmbM_ConstrWorkerNormal_Beige" at 2781.421143, 5898.388184
 4:02:53.480 !!! [CE][Spawn] Character "ZmbF_BlueCollarFat_White" at 2690.695557, 6015.012207
 4:02:53.480 !!! [CE][Spawn] Character "ZmbM_HeavyIndustryWorker" at 2710.786133, 5986.348145
 4:02:53.480 !!! [CE][Spawn] Character "ZmbF_MechanicNormal_Grey" at 1280.257568, 3022.666992
 4:02:53.481 !!! [CE][Spawn] Character "ZmbF_MechanicNormal_Orange" at 1233.421875, 3021.205322
 4:02:53.482 !!! [CE][Spawn] Character "ZmbF_MechanicNormal_Beige" at 885.311646, 3380.697754
 4:02:53.482 !!! [CE][Spawn] Character "ZmbM_HandymanNormal_Beige" at 893.351501, 3319.036621
 4:02:53.482 !!! [CE][Spawn] Character "ZmbF_BlueCollarFat_Blue" at 846.059631, 3276.750732
 4:02:53.483 !!! [CE][Spawn] Character "ZmbF_MechanicNormal_Orange" at 858.970215, 3550.334961
 4:02:53.484 !!! [CE][Spawn] Character "ZmbF_MechanicNormal_Beige" at 921.913513, 3611.447754
 4:02:53.484 !!! [CE][Spawn] Character "ZmbF_MechanicNormal_Grey" at 1127.532471, 2950.958496
 4:02:53.484 !!! [CE][Spawn] Character "ZmbM_ParamedicNormal_Green" at 4104.635254, 7099.546875
 4:02:53.484 !!! [CE][Spawn] Character "ZmbM_ParamedicNormal_Blue" at 4101.284668, 7072.307617
 4:02:53.485 !!! [CE][Spawn] Character "ZmbM_NBC_Yellow" at 1823.952881, 1819.834106
 4:02:53.486 !!! [CE][Spawn] Character "ZmbM_DoctorFat" at 851.857849, 3376.043213
 4:02:53.486 !!! [CE][Spawn] Character "ZmbF_PatientOld" at 866.673950, 3416.162354
 4:02:53.487 !!! [CE][Spawn] Character "ZmbF_DoctorSkinny" at 6958.882813, 2329.204590
 4:02:53.487 !!! [CE][Spawn] Character "ZmbM_PatientSkinny" at 6966.694824, 2258.782959
 4:02:53.487 !!! [CE][Spawn] Character "ZmbF_ParamedicNormal_Green" at 6983.750977, 2328.800049
 4:02:53.488 !!! [CE][Spawn] Character "ZmbF_NurseFat" at 6915.979004, 6067.852539
 4:02:53.488 !!! [CE][Spawn] Character "ZmbM_NBC_Yellow" at 7703.770508, 6735.413574
 4:02:53.488 !!! [CE][Spawn] Character "ZmbM_NBC_Yellow" at 7580.884277, 6785.033203
 4:02:53.489 !!! [CE][Spawn] Character "ZmbM_PolicemanFat" at 6515.826172, 3778.764893
 4:02:53.489 !!! [CE][Spawn] Character "ZmbF_PoliceWomanNormal" at 6530.939941, 3799.519043
 4:02:53.491 !!! [CE][Spawn] Character "ZmbM_PrisonerSkinny" at 6883.207031, 6754.335938
 4:02:53.492 !!! [CE][Spawn] Character "ZmbM_PrisonerSkinny" at 6906.064453, 6728.791504
 4:02:53.492 !!! [CE][Spawn] Character "ZmbM_PrisonerSkinny" at 6871.805664, 6728.128906
 4:02:53.493 !!! [CE][Spawn] Character "ZmbM_PrisonerSkinny" at 6835.437988, 6708.689453
 4:02:53.493 !!! [CE][Spawn] Character "ZmbM_PrisonerSkinny" at 6851.100098, 6747.399902
 4:02:53.494 !!! [CE][Spawn] Character "ZmbM_PrisonerSkinny" at 6827.757324, 6841.738770
 4:02:53.494 !!! [CE][Spawn] Character "ZmbM_PrisonerSkinny" at 6794.934082, 6864.919922
 4:02:53.495 !!! [CE][Spawn] Character "ZmbM_PrisonerSkinny" at 6821.439453, 6892.970703
 4:02:53.495 !!! [CE][Spawn] Character "ZmbM_PrisonerSkinny" at 6838.974609, 6920.673828
 4:02:53.495 !!! [CE][Spawn] Character "ZmbM_priestPopSkinny" at 4335.400391, 7393.416016
 4:02:53.495 !!! [CE][Spawn] Character "ZmbF_HikerSkinny_Red" at 4055.451172, 4201.628418
 4:02:53.496 !!! [CE][Spawn] Character "ZmbM_HermitSkinny_Black" at 4099.241211, 4323.762207
 4:02:53.496 !!! [CE][Spawn] Character "ZmbF_HikerSkinny_Grey" at 4286.038086, 4346.249023
 4:02:53.496 !!! [CE][Spawn] Character "ZmbM_HikerSkinny_Blue" at 4237.468262, 4162.408203
 4:02:53.496 !!! [CE][Spawn] Character "ZmbF_HikerSkinny_Grey" at 4194.816406, 4081.012207
 4:02:53.497 !!! [CE][Spawn] Character "ZmbF_HikerSkinny_Red" at 4100.083008, 4069.570557
 4:02:53.497 !!! [CE][Spawn] Character "ZmbM_HikerSkinny_Green" at 4012.368408, 4135.881348
 4:02:53.497 !!! [CE][Spawn] Character "ZmbM_HermitSkinny_Black" at 4024.099121, 4263.629883
 4:02:53.497 !!! [CE][Spawn] Character "ZmbM_HunterOld_Spring" at 4658.506836, 3912.930176
 4:02:53.498 !!! [CE][Spawn] Character "ZmbM_FishermanOld_Green" at 4693.534180, 3719.622070
 4:02:53.498 !!! [CE][Spawn] Character "ZmbM_HikerSkinny_Blue" at 6732.874023, 3113.039551
 4:02:53.498 !!! [CE][Spawn] Character "ZmbM_HikerSkinny_Blue" at 6674.200195, 3049.300049
 4:02:53.498 !!! [CE][Spawn] Character "ZmbM_HermitSkinny_Black" at 6875.630859, 3504.304443
 4:02:53.499 !!! [CE][Spawn] Character "ZmbM_HermitSkinny_Black" at 6885.753906, 3437.021240
 4:02:53.499 !!! [CE][Spawn] Character "ZmbF_HikerSkinny_Grey" at 6842.280762, 3191.341797
 4:02:53.499 !!! [CE][Spawn] Character "ZmbM_HikerSkinny_Blue" at 6806.025391, 3192.384521
 4:02:53.500 !!! [CE][Spawn] Character "ZmbM_HunterOld_Spring" at 6859.862793, 3013.438232
 4:02:53.501 !!! [CE][Spawn] Character "ZmbM_HikerSkinny_Yellow" at 6855.372070, 3042.340332
 4:02:53.501 !!! [CE][Spawn] Character "ZmbF_HikerSkinny_Grey" at 6404.675293, 3016.382080
 4:02:53.501 !!! [CE][Spawn] Character "ZmbM_FishermanOld_Blue" at 6377.028320, 2954.050049
 4:02:53.502 !!! [CE][Spawn] Character "ZmbM_JoggerSkinny_Green" at 2626.395996, 5643.202637
 4:02:53.502 !!! [CE][Spawn] Character "ZmbM_JoggerSkinny_Blue" at 2680.537109, 5682.493652
 4:02:53.503 !!! [CE][Spawn] Character "ZmbM_Jacket_beige" at 2404.406250, 5732.377441
 4:02:53.504 !!! [CE][Spawn] Character "ZmbM_Jacket_grey" at 2417.322266, 5695.146484
 4:02:53.505 !!! [CE][Spawn] Character "ZmbF_MilkMaidOld_Black" at 1915.651245, 7882.483887
 4:02:53.506 !!! [CE][Spawn] Character "ZmbM_Jacket_black" at 1976.425659, 7870.744141
 4:02:53.507 !!! [CE][Spawn] Character "ZmbF_JoggerSkinny_Green" at 2548.424561, 7555.189941
 4:02:53.508 !!! [CE][Spawn] Character "ZmbM_Jacket_brown" at 2522.218750, 7584.945801
 4:02:53.508 !!! [CE][Spawn] Character "ZmbF_JoggerSkinny_Blue" at 1769.109985, 7400.266602
 4:02:53.510 !!! [CE][Spawn] Character "ZmbM_Jacket_khaki" at 1745.086060, 7370.423828
 4:02:53.513 !!! [CE][Spawn] Character "ZmbF_VillagerOld_White" at 1755.801025, 7635.772949
 4:02:53.623 [CE][DE] [StaticPoliceCar] Spawning: EventID:[25] CurrentID:[32] at [6371.8,-1.0,3731.4] a: -1.000
 4:02:53.624 [CE][Links] found 0 total links between groups, of 1
 4:02:53.624 [CE][SpawnRandomLoot] (StaticPoliceCar) :: Type: Land_Wreck_sed01_aban2_police, lootmin: 3, lootmax: 5, wanted: 3, deloot: 6, containermaxsum: 6
 4:02:53.626 [CE][SpawnRandomLoot] (StaticPoliceCar) :: EventID:[25] CurrentID[32] at [6371.88,3731.35]: 3 items added :: DELoot(3) other(0)
 4:02:53.626 	!!! (child) Land_Wreck_sed01_aban2_police spawns loot or dispatch but can not be saved because of non-saveable StorageCategory.
 4:02:53.626   Infected Zone for DynamicEvent "StaticPoliceCar" ID[32] at [6371.88,3731.35]...
 4:02:53.626 	(child) Spawned Land_Wreck_sed01_aban2_police EventID:[25] CurrentID:[32] at [6371.9,36.6,3731.3] a: 29.427
 4:02:53.626 [CE][DE] [StaticPoliceCar] Spawning: EventID:[25] CurrentID:[33] at [1729.5,-1.0,4586.2] a: -1.000
 4:02:53.741 [CE][Links] found 0 total links between groups, of 2
 4:02:53.741 [CE][SpawnRandomLoot] (StaticPoliceCar) :: Type: Land_Wreck_sed01_aban1_police, lootmin: 3, lootmax: 5, wanted: 3, deloot: 6, containermaxsum: 6
 4:02:53.744 [CE][SpawnRandomLoot] (StaticPoliceCar) :: EventID:[25] CurrentID[33] at [1729.51,4585.97]: 3 items added :: DELoot(3) other(0)
 4:02:53.744 	!!! (child) Land_Wreck_sed01_aban1_police spawns loot or dispatch but can not be saved because of non-saveable StorageCategory.
 4:02:53.744   Infected Zone for DynamicEvent "StaticPoliceCar" ID[33] at [1729.51,4585.97]...
 4:02:53.744 	(child) Spawned Land_Wreck_sed01_aban1_police EventID:[25] CurrentID:[33] at [1729.5,26.4,4586.0] a: 70.403
 4:02:53.744 [CE][DE] [StaticPoliceCar] Spawning: EventID:[25] CurrentID:[34] at [6083.2,-1.0,7082.1] a: -1.000
 4:02:53.784 [CE][Links] found 0 total links between groups, of 3
 4:02:53.784 [CE][SpawnRandomLoot] (StaticPoliceCar) :: Type: Land_Wreck_sed01_aban2_police, lootmin: 3, lootmax: 5, wanted: 4, deloot: 6, containermaxsum: 6
 4:02:53.788 [CE][SpawnRandomLoot] (StaticPoliceCar) :: EventID:[25] CurrentID[34] at [6083.14,7082.15]: 4 items added :: DELoot(0) other(4)
 4:02:53.788   4 DELoot not placed because (count >= nominal)
 4:02:53.788 	!!! (child) Land_Wreck_sed01_aban2_police spawns loot or dispatch but can not be saved because of non-saveable StorageCategory.
 4:02:53.788   Infected Zone for DynamicEvent "StaticPoliceCar" ID[34] at [6083.14,7082.15]...
 4:02:53.788 	(child) Spawned Land_Wreck_sed01_aban2_police EventID:[25] CurrentID:[34] at [6083.1,11.4,7082.2] a: 203.129
 4:02:53.788 [CE][DE] [StaticPoliceCar] Spawning: EventID:[25] CurrentID:[35] at [5565.4,-1.0,7095.0] a: -1.000
 4:02:53.792 [CE][Links] found 0 total links between groups, of 4
 4:02:53.792 [CE][SpawnRandomLoot] (StaticPoliceCar) :: Type: Land_Wreck_sed01_aban2_police, lootmin: 3, lootmax: 5, wanted: 3, deloot: 6, containermaxsum: 6
 4:02:53.794 [CE][SpawnRandomLoot] (StaticPoliceCar) :: EventID:[25] CurrentID[35] at [5565.45,7095.08]: 3 items added :: DELoot(2) other(1)
 4:02:53.794   1 DELoot not placed because (count >= nominal)
 4:02:53.794 	!!! (child) Land_Wreck_sed01_aban2_police spawns loot or dispatch but can not be saved because of non-saveable StorageCategory.
 4:02:53.794   Infected Zone for DynamicEvent "StaticPoliceCar" ID[35] at [5565.45,7095.08]...
 4:02:53.794 	(child) Spawned Land_Wreck_sed01_aban2_police EventID:[25] CurrentID:[35] at [5565.5,10.6,7095.1] a: 269.564
 4:02:53.794 [CE][DE] [StaticPoliceCar] Spawning: EventID:[25] CurrentID:[36] at [6308.4,-1.0,7065.2] a: -1.000
 4:02:53.794 	spawn refused... too close to another one.
 4:02:53.794 [CE][DE] [StaticPoliceCar] Spawning: EventID:[25] CurrentID:[36] at [1628.4,-1.0,3071.9] a: -1.000
 4:02:53.795 [CE][Links] found 0 total links between groups, of 5
 4:02:53.795 [CE][SpawnRandomLoot] (StaticPoliceCar) :: Type: Land_Wreck_sed01_aban1_police, lootmin: 3, lootmax: 5, wanted: 3, deloot: 6, containermaxsum: 6
 4:02:53.796 [CE][SpawnRandomLoot] (StaticPoliceCar) :: EventID:[25] CurrentID[36] at [1628.25,3071.86]: 3 items added :: DELoot(3) other(0)
 4:02:53.796 	!!! (child) Land_Wreck_sed01_aban1_police spawns loot or dispatch but can not be saved because of non-saveable StorageCategory.
 4:02:53.796   Infected Zone for DynamicEvent "StaticPoliceCar" ID[36] at [1628.25,3071.86]...
 4:02:53.796 	(child) Spawned Land_Wreck_sed01_aban1_police EventID:[25] CurrentID:[36] at [1628.3,45.9,3071.9] a: 226.038
 4:02:53.796 [CE][DE] [StaticPoliceCar] Spawning: EventID:[25] CurrentID:[37] at [801.4,-1.0,3328.1] a: -1.000
 4:02:53.797 [CE][Links] found 0 total links between groups, of 6
 4:02:53.797 [CE][SpawnRandomLoot] (StaticPoliceCar) :: Type: Land_Wreck_sed01_aban2_police, lootmin: 3, lootmax: 5, wanted: 3, deloot: 6, containermaxsum: 6
 4:02:53.798 [CE][SpawnRandomLoot] (StaticPoliceCar) :: EventID:[25] CurrentID[37] at [801.32,3328.10]: 3 items added :: DELoot(0) other(3)
 4:02:53.798   3 DELoot not placed because (count >= nominal)
 4:02:53.798 	!!! (child) Land_Wreck_sed01_aban2_police spawns loot or dispatch but can not be saved because of non-saveable StorageCategory.
 4:02:53.798   Infected Zone for DynamicEvent "StaticPoliceCar" ID[37] at [801.32,3328.10]...
 4:02:53.798 	(child) Spawned Land_Wreck_sed01_aban2_police EventID:[25] CurrentID:[37] at [801.3,6.0,3328.1] a: 224.820
 4:02:53.798 [CE][DE] [StaticPoliceCar] Spawning: EventID:[25] CurrentID:[38] at [6700.7,-1.0,6660.6] a: -1.000
 4:02:53.800 [CE][Links] found 0 total links between groups, of 7
 4:02:53.800 [CE][SpawnRandomLoot] (StaticPoliceCar) :: Type: Land_Wreck_sed01_aban2_police, lootmin: 3, lootmax: 5, wanted: 4, deloot: 6, containermaxsum: 6
 4:02:53.801 [CE][SpawnRandomLoot] (StaticPoliceCar) :: EventID:[25] CurrentID[38] at [6700.67,6660.51]: 4 items added :: DELoot(2) other(2)
 4:02:53.801   2 DELoot not placed because (count >= nominal)
 4:02:53.801 	!!! (child) Land_Wreck_sed01_aban2_police spawns loot or dispatch but can not be saved because of non-saveable StorageCategory.
 4:02:53.801   Infected Zone for DynamicEvent "StaticPoliceCar" ID[38] at [6700.67,6660.51]...
 4:02:53.801 	(child) Spawned Land_Wreck_sed01_aban2_police EventID:[25] CurrentID:[38] at [6700.7,15.1,6660.5] a: 254.352
 4:02:53.801 [CE][DE] [StaticPoliceCar] Spawning: EventID:[25] CurrentID:[39] at [2354.9,-1.0,1248.7] a: -1.000
 4:02:53.801 [CE][DE] [StaticPoliceCar] Spawning: EventID:[25] CurrentID:[39] at [6517.1,-1.0,3778.5] a: -1.000
 4:02:53.801 [CE][DE] [StaticPoliceCar] Spawning: EventID:[25] CurrentID:[39] at [5929.5,-1.0,2813.6] a: -1.000
 4:02:53.817 [CE][Links] found 0 total links between groups, of 8
 4:02:53.817 [CE][SpawnRandomLoot] (StaticPoliceCar) :: Type: Land_Wreck_sed01_aban1_police, lootmin: 3, lootmax: 5, wanted: 4, deloot: 6, containermaxsum: 6
 4:02:53.819 [CE][SpawnRandomLoot] (StaticPoliceCar) :: EventID:[25] CurrentID[39] at [5929.50,2813.77]: 4 items added :: DELoot(1) other(3)
 4:02:53.819   3 DELoot not placed because (count >= nominal)
 4:02:53.819 	!!! (child) Land_Wreck_sed01_aban1_police spawns loot or dispatch but can not be saved because of non-saveable StorageCategory.
 4:02:53.819   Infected Zone for DynamicEvent "StaticPoliceCar" ID[39] at [5929.50,2813.77]...
 4:02:53.819 	(child) Spawned Land_Wreck_sed01_aban1_police EventID:[25] CurrentID:[39] at [5929.5,6.6,2813.8] a: 85.575
 4:02:53.821 !!! [CE][Spawn] Character "ZmbM_PolicemanSpecForce_Heavy" at 1717.151367, 4562.827637
 4:02:53.821 !!! [CE][Spawn] Character "ZmbM_PolicemanSpecForce_Heavy" at 1707.387817, 4582.903809
 4:02:53.821 !!! [CE][Spawn] Character "ZmbM_PolicemanSpecForce_Heavy" at 6105.008789, 7077.847656
 4:03:09.357 [StateMachine]: Player LEE (dpnid 172032694 uid R5KkZb3Ywicboa8ntCzbBJK6WLpakj_6yA-ghmDo4lw=) Entering GetLoadedCharLoginState
 4:03:14.518 <LOAD EXISTING CHAR>:
    charID 1
    playerID 1
    dpnid 172032694
    uid R5KkZb3Ywicboa8ntCzbBJK6WLpakj_6yA-ghmDo4lw=
 4:03:14.733 [CE][InfectedRespawner] (PRIArmy) :: OnNewPlayer Spawned :0
 4:03:14.733 [CE][InfectedRespawner] (PRIArmyHard) :: OnNewPlayer Spawned :0
 4:03:14.734 !!! [CE][Spawn] Character "ZmbF_Clerk_Normal_White" at 2746.809082, 5815.128418
 4:03:14.734 !!! [CE][Spawn] Character "ZmbM_ClerkFat_Grey" at 2741.534424, 5776.823242
 4:03:14.734 !!! [CE][Spawn] Character "ZmbF_ShortSkirt_grey" at 2709.285156, 5780.019043
 4:03:14.735 !!! [CE][Spawn] Character "ZmbF_JournalistNormal_Green" at 2678.288574, 5766.533691
 4:03:14.736 !!! [CE][Spawn] Character "ZmbM_CitizenBFat_Red" at 2668.875488, 5801.217285
 4:03:14.737 !!! [CE][Spawn] Character "ZmbM_MotobikerFat_Beige" at 2697.700195, 5814.895508
 4:03:14.737 !!! [CE][Spawn] Character "ZmbM_CommercialPilotOld_Blue" at 2724.200928, 5827.593262
 4:03:14.737 !!! [CE][Spawn] Character "ZmbM_CitizenASkinny_Grey" at 2621.636230, 5759.574707
 4:03:14.737 !!! [CE][Spawn] Character "ZmbF_ShortSkirt_green" at 2628.806885, 5736.650879
 4:03:14.738 !!! [CE][Spawn] Character "ZmbF_CitizenANormal_Blue" at 2634.933350, 5721.903320
 4:03:14.738 !!! [CE][Spawn] Character "ZmbF_SurvivorNormal_Red" at 2620.255127, 5713.239746
 4:03:14.740 !!! [CE][Spawn] Character "ZmbF_SkaterYoung_Brown" at 2594.240234, 5707.151855
 4:03:14.740 [CE][InfectedRespawner] (PRICity) :: OnNewPlayer Spawned :12
 4:03:14.741 !!! [CE][Spawn] Character "ZmbM_FirefighterNormal" at 2463.721436, 5883.501465
 4:03:14.741 !!! [CE][Spawn] Character "ZmbM_FirefighterNormal" at 2478.052979, 5868.640625
 4:03:14.742 !!! [CE][Spawn] Character "ZmbM_FirefighterNormal" at 2468.699951, 5893.425781
 4:03:14.742 [CE][InfectedRespawner] (PRIFirefighter) :: OnNewPlayer Spawned :3
 4:03:14.743 !!! [CE][Spawn] Character "ZmbM_MechanicSkinny_Blue" at 2813.279297, 5943.076172
 4:03:14.743 !!! [CE][Spawn] Character "ZmbM_OffshoreWorker_Orange" at 2802.224121, 5966.475586
 4:03:14.744 !!! [CE][Spawn] Character "ZmbM_MechanicSkinny_Green" at 2802.125000, 6001.334473
 4:03:14.744 !!! [CE][Spawn] Character "ZmbM_OffshoreWorker_Red" at 2840.801758, 6011.475098
 4:03:14.745 !!! [CE][Spawn] Character "ZmbM_HeavyIndustryWorker" at 2857.434814, 5978.911621
 4:03:14.745 !!! [CE][Spawn] Character "ZmbM_OffshoreWorker_Yellow" at 2779.514160, 5861.855469
 4:03:14.746 !!! [CE][Spawn] Character "ZmbM_MechanicSkinny_Red" at 2747.495605, 5878.495605
 4:03:14.746 !!! [CE][Spawn] Character "ZmbM_HandymanNormal_White" at 2732.472656, 5886.948730
 4:03:14.746 !!! [CE][Spawn] Character "ZmbM_HandymanNormal_Grey" at 2716.446045, 5913.192383
 4:03:14.747 !!! [CE][Spawn] Character "ZmbF_MechanicNormal_Grey" at 2708.268799, 5945.808594
 4:03:14.747 !!! [CE][Spawn] Character "ZmbF_MechanicNormal_Orange" at 2669.552002, 5954.354980
 4:03:14.748 !!! [CE][Spawn] Character "ZmbM_MechanicSkinny_Red" at 2669.336670, 6003.562500
 4:03:14.748 [CE][InfectedRespawner] (PRIIndustrial) :: OnNewPlayer Spawned :12
 4:03:14.748 [CE][InfectedRespawner] (PRIMedic) :: OnNewPlayer Spawned :0
 4:03:14.748 [CE][InfectedRespawner] (PRINBC) :: OnNewPlayer Spawned :0
 4:03:14.748 [CE][InfectedRespawner] (PRINBCYellow) :: OnNewPlayer Spawned :0
 4:03:14.748 !!! [CE][Spawn] Character "ZmbF_PoliceWomanNormal" at 2469.037842, 5728.209473
 4:03:14.748 !!! [CE][Spawn] Character "ZmbM_PolicemanFat" at 2462.395264, 5767.833008
 4:03:14.748 [CE][InfectedRespawner] (PRIPolice) :: OnNewPlayer Spawned :2
 4:03:14.748 [CE][InfectedRespawner] (PRIPoliceHard) :: OnNewPlayer Spawned :0
 4:03:14.748 [CE][InfectedRespawner] (PRIPrisoner) :: OnNewPlayer Spawned :0
 4:03:14.748 !!! [CE][Spawn] Character "ZmbM_priestPopSkinny" at 2393.604248, 5848.268066
 4:03:14.748 [CE][InfectedRespawner] (PRIReligious) :: OnNewPlayer Spawned :1
 4:03:14.749 !!! [CE][Spawn] Character "ZmbM_HikerSkinny_Blue" at 2933.249512, 6208.062500
 4:03:14.749 !!! [CE][Spawn] Character "ZmbM_HermitSkinny_Green" at 2800.327881, 6124.977539
 4:03:14.750 !!! [CE][Spawn] Character "ZmbM_HermitSkinny_Red" at 2684.878662, 6164.601563
 4:03:14.750 !!! [CE][Spawn] Character "ZmbM_HermitSkinny_Green" at 2677.078857, 6260.132813
 4:03:14.750 !!! [CE][Spawn] Character "ZmbM_FishermanOld_Grey" at 2655.112061, 6388.597168
 4:03:14.750 !!! [CE][Spawn] Character "ZmbF_HikerSkinny_Grey" at 2796.036133, 6409.978516
 4:03:14.751 !!! [CE][Spawn] Character "ZmbM_HunterOld_Summer" at 2852.016357, 6297.275879
 4:03:14.751 !!! [CE][Spawn] Character "ZmbF_HikerSkinny_Blue" at 2834.863770, 6204.895020
 4:03:14.752 !!! [CE][Spawn] Character "ZmbM_HunterOld_Summer" at 2754.163574, 6175.189453
 4:03:14.752 !!! [CE][Spawn] Character "ZmbM_HermitSkinny_Red" at 2597.032959, 6143.399902
 4:03:14.752 [CE][InfectedRespawner] (PRISolitude) :: OnNewPlayer Spawned :10
 4:03:14.753 !!! [CE][Spawn] Character "ZmbM_Jacket_brown" at 2721.913574, 5632.199219
 4:03:14.754 !!! [CE][Spawn] Character "ZmbM_Jacket_black" at 2720.383301, 5585.407227
 4:03:14.755 !!! [CE][Spawn] Character "ZmbM_Jacket_khaki" at 2694.746826, 5531.448242
 4:03:14.755 !!! [CE][Spawn] Character "ZmbM_JoggerSkinny_Blue" at 2631.521973, 5548.237793
 4:03:14.756 !!! [CE][Spawn] Character "ZmbM_Jacket_grey" at 2643.215088, 5604.533203
 4:03:14.756 !!! [CE][Spawn] Character "ZmbM_JoggerSkinny_Green" at 2415.837158, 5635.927246
 4:03:14.756 !!! [CE][Spawn] Character "ZmbF_JoggerSkinny_Green" at 2352.505615, 5636.205078
 4:03:14.756 !!! [CE][Spawn] Character "ZmbF_VillagerOld_White" at 2329.738525, 5684.956055
 4:03:14.757 !!! [CE][Spawn] Character "ZmbF_JoggerSkinny_Blue" at 2343.120361, 5723.979492
 4:03:14.757 !!! [CE][Spawn] Character "ZmbF_MilkMaidOld_Black" at 2359.738770, 5924.974121
 4:03:14.757 !!! [CE][Spawn] Character "ZmbM_Jacket_beige" at 2347.162598, 5959.920898
 4:03:14.757 [CE][InfectedRespawner] (PRIVillage) :: OnNewPlayer Spawned :11
 4:03:14.757 [CE][InfectedRespawner] (SECPoliceHard) :: OnNewPlayer Spawned :0
 4:03:25.132 [CE][LootRespawner] (PRIDummy) :: Item [40] causing search overtime: "EyeMask_Black"
 4:03:25.232 [CE][LootRespawner] (PRIDummy) :: Item [41] causing search overtime: "EyeMask_Yellow"
 4:03:25.332 [CE][LootRespawner] (PRIDummy) :: Item [42] causing search overtime: "MimeMask_Male"
 4:03:25.432 [CE][LootRespawner] (PRIDummy) :: Item [43] causing search overtime: "EyeMask_Blue"
 4:03:25.641 [CE][LootRespawner] (PRIDummy) :: Item [44] causing search overtime: "EyeMask_Red"
 4:03:25.738 [CE][LootRespawner] (PRIDummy) :: Item [263] is hard to place, performance drops: "GhillieHood_Woodland"
 4:03:25.738 [CE][LootRespawner] (PRIDummy) :: Item [264] is hard to place, performance drops: "GhillieHood_Woodland"
 4:03:25.738 [CE][LootRespawner] (PRIDummy) :: Item [265] is hard to place, performance drops: "GhillieHood_Woodland"
 4:03:25.738 [CE][LootRespawner] (PRIDummy) :: Item [266] is hard to place, performance drops: "GhillieHood_Woodland"
 4:03:25.738 [CE][LootRespawner] (PRIDummy) :: Item [267] is hard to place, performance drops: "GhillieHood_Woodland"
 4:03:25.738 [CE][LootRespawner] (PRIDummy) :: Item [268] is hard to place, performance drops: "GhillieHood_Woodland"
 4:03:25.738 [CE][LootRespawner] (PRIDummy) :: Item [269] is hard to place, performance drops: "GhillieHood_Woodland"
 4:03:25.738 [CE][LootRespawner] (PRIDummy) :: Item [45] causing search overtime: "GhillieHood_Woodland"
 4:03:25.938 [CE][LootRespawner] (PRIDummy) :: Item [270] is hard to place, performance drops: "FAL"
 4:03:25.938 [CE][LootRespawner] (PRIDummy) :: Item [271] is hard to place, performance drops: "FAL"
 4:03:25.938 [CE][LootRespawner] (PRIDummy) :: Item [272] is hard to place, performance drops: "FAL"
 4:03:25.938 [CE][LootRespawner] (PRIDummy) :: Item [273] is hard to place, performance drops: "FAL"
 4:03:25.938 [CE][LootRespawner] (PRIDummy) :: Item [274] is hard to place, performance drops: "FAL"
 4:03:25.938 [CE][LootRespawner] (PRIDummy) :: Item [275] is hard to place, performance drops: "FAL"
 4:03:25.938 [CE][LootRespawner] (PRIDummy) :: Item [276] is hard to place, performance drops: "FAL"
 4:03:25.938 [CE][LootRespawner] (PRIDummy) :: Item [46] causing search overtime: "FAL"
 4:03:26.38 [CE][LootRespawner] (PRIDummy) :: Item [277] is hard to place, performance drops: "GhillieSuit_Woodland"
 4:03:26.38 [CE][LootRespawner] (PRIDummy) :: Item [278] is hard to place, performance drops: "GhillieSuit_Woodland"
 4:03:26.38 [CE][LootRespawner] (PRIDummy) :: Item [279] is hard to place, performance drops: "GhillieSuit_Woodland"
 4:03:26.38 [CE][LootRespawner] (PRIDummy) :: Item [280] is hard to place, performance drops: "GhillieSuit_Woodland"
 4:03:26.38 [CE][LootRespawner] (PRIDummy) :: Item [281] is hard to place, performance drops: "GhillieSuit_Woodland"
 4:03:26.38 [CE][LootRespawner] (PRIDummy) :: Item [282] is hard to place, performance drops: "GhillieSuit_Woodland"
 4:03:26.38 [CE][LootRespawner] (PRIDummy) :: Item [283] is hard to place, performance drops: "GhillieSuit_Woodland"
 4:03:26.38 [CE][LootRespawner] (PRIDummy) :: Item [47] causing search overtime: "GhillieSuit_Woodland"
 4:03:26.138 [CE][LootRespawner] (PRIDummy) :: Item [284] is hard to place, performance drops: "ttr700"
 4:03:26.138 [CE][LootRespawner] (PRIDummy) :: Item [285] is hard to place, performance drops: "ttr700"
 4:03:26.138 [CE][LootRespawner] (PRIDummy) :: Item [286] is hard to place, performance drops: "ttr700"
 4:03:26.138 [CE][LootRespawner] (PRIDummy) :: Item [287] is hard to place, performance drops: "ttr700"
 4:03:26.138 [CE][LootRespawner] (PRIDummy) :: Item [288] is hard to place, performance drops: "ttr700"
 4:03:26.138 [CE][LootRespawner] (PRIDummy) :: Item [289] is hard to place, performance drops: "ttr700"
 4:03:26.138 [CE][LootRespawner] (PRIDummy) :: Item [290] is hard to place, performance drops: "ttr700"
 4:03:26.138 [CE][LootRespawner] (PRIDummy) :: Item [291] is hard to place, performance drops: "ttr700"
 4:03:26.138 [CE][LootRespawner] (PRIDummy) :: Item [48] causing search overtime: "ttr700"
 4:03:26.238 [CE][LootRespawner] (PRIDummy) :: Item [49] causing search overtime: "Chestplate"
 4:03:26.339 [CE][LootRespawner] (PRIDummy) :: Item [292] is hard to place, performance drops: "NVGoggles"
 4:03:26.339 [CE][LootRespawner] (PRIDummy) :: Item [293] is hard to place, performance drops: "NVGoggles"
 4:03:26.339 [CE][LootRespawner] (PRIDummy) :: Item [294] is hard to place, performance drops: "NVGoggles"
 4:03:26.339 [CE][LootRespawner] (PRIDummy) :: Item [295] is hard to place, performance drops: "NVGoggles"
 4:03:26.339 [CE][LootRespawner] (PRIDummy) :: Item [296] is hard to place, performance drops: "NVGoggles"
 4:03:26.339 [CE][LootRespawner] (PRIDummy) :: Item [297] is hard to place, performance drops: "NVGoggles"
 4:03:26.340 [CE][LootRespawner] (PRIDummy) :: Item [298] is hard to place, performance drops: "NVGoggles"
 4:03:26.340 [CE][LootRespawner] (PRIDummy) :: Item [299] is hard to place, performance drops: "NVGoggles"
 4:03:26.340 [CE][LootRespawner] (PRIDummy) :: Item [300] is hard to place, performance drops: "NVGoggles"
 4:03:26.340 [CE][LootRespawner] (PRIDummy) :: Item [50] causing search overtime: "NVGoggles"
 4:03:26.438 [CE][LootRespawner] (PRIDummy) :: Item [301] is hard to place, performance drops: "Fal_FoldingBttstck"
 4:03:26.438 [CE][LootRespawner] (PRIDummy) :: Item [51] causing search overtime: "Fal_FoldingBttstck"
 4:03:26.638 [CE][LootRespawner] (PRIDummy) :: Item [302] is hard to place, performance drops: "PlateCarrierPouches_Camo"
 4:03:26.638 [CE][LootRespawner] (PRIDummy) :: Item [303] is hard to place, performance drops: "PlateCarrierPouches_Camo"
 4:03:26.638 [CE][LootRespawner] (PRIDummy) :: Item [304] is hard to place, performance drops: "PlateCarrierPouches_Camo"
 4:03:26.638 [CE][LootRespawner] (PRIDummy) :: Item [305] is hard to place, performance drops: "PlateCarrierPouches_Camo"
 4:03:26.638 [CE][LootRespawner] (PRIDummy) :: Item [306] is hard to place, performance drops: "PlateCarrierPouches_Camo"
 4:03:26.638 [CE][LootRespawner] (PRIDummy) :: Item [307] is hard to place, performance drops: "PlateCarrierPouches_Camo"
 4:03:26.638 [CE][LootRespawner] (PRIDummy) :: Item [308] is hard to place, performance drops: "PlateCarrierPouches_Camo"
 4:03:26.638 [CE][LootRespawner] (PRIDummy) :: Item [309] is hard to place, performance drops: "PlateCarrierPouches_Camo"
 4:03:26.638 [CE][LootRespawner] (PRIDummy) :: Item [310] is hard to place, performance drops: "PlateCarrierPouches_Camo"
 4:03:26.639 [CE][LootRespawner] (PRIDummy) :: Item [52] causing search overtime: "PlateCarrierPouches_Camo"
 4:03:26.738 [CE][LootRespawner] (PRIDummy) :: Item [311] is hard to place, performance drops: "Fal_OeBttstck"
 4:03:26.738 [CE][LootRespawner] (PRIDummy) :: Item [53] causing search overtime: "Fal_OeBttstck"
 4:03:26.838 [CE][LootRespawner] (PRIDummy) :: Item [312] is hard to place, performance drops: "GhillieTop_Woodland"
 4:03:26.838 [CE][LootRespawner] (PRIDummy) :: Item [313] is hard to place, performance drops: "GhillieTop_Woodland"
 4:03:26.838 [CE][LootRespawner] (PRIDummy) :: Item [314] is hard to place, performance drops: "GhillieTop_Woodland"
 4:03:26.839 [CE][LootRespawner] (PRIDummy) :: Item [315] is hard to place, performance drops: "GhillieTop_Woodland"
 4:03:26.839 [CE][LootRespawner] (PRIDummy) :: Item [316] is hard to place, performance drops: "GhillieTop_Woodland"
 4:03:26.839 [CE][LootRespawner] (PRIDummy) :: Item [317] is hard to place, performance drops: "GhillieTop_Woodland"
 4:03:26.839 [CE][LootRespawner] (PRIDummy) :: Item [318] is hard to place, performance drops: "GhillieTop_Woodland"
 4:03:26.839 [CE][LootRespawner] (PRIDummy) :: Item [54] causing search overtime: "GhillieTop_Woodland"
 4:03:26.938 [CE][LootRespawner] (PRIDummy) :: Item [55] causing search overtime: "GreatHelm"
 4:03:27.38 [CE][LootRespawner] (PRIDummy) :: Item [56] causing search overtime: "WoolGlovesFingerless_ChristmasBlue"
 4:03:27.139 !!! [CE][Spawn] Character "ZmbM_PatrolNormal_PautRev" at 7619.506836, 1536.796875
 4:03:27.141 !!! [CE][Spawn] Character "ZmbM_usSoldier_Heavy_Woodland" at 7642.915527, 1557.694458
 4:03:27.142 !!! [CE][Spawn] Character "ZmbM_PatrolNormal_Flat" at 7601.204102, 1580.969971
 4:03:27.142 !!! [CE][Spawn] Character "ZmbM_PatrolNormal_Flat" at 7659.227539, 1563.433594
 4:03:27.143 !!! [CE][Spawn] Character "ZmbM_PatrolNormal_Summer" at 7714.369629, 1572.740112
 4:03:27.144 !!! [CE][Spawn] Character "ZmbM_usSoldier_Officer_Desert" at 7725.888672, 1509.994263
 4:03:27.145 !!! [CE][Spawn] Character "ZmbM_usSoldier_Officer_Desert" at 7674.241699, 1476.220703
 4:03:27.145 !!! [CE][Spawn] Character "ZmbM_usSoldier_normal_Desert" at 7613.549316, 1480.088745
 4:03:27.149 !!! [CE][Spawn] Character "ZmbM_PatrolNormal_PautRev" at 7576.022949, 1539.389038
 4:03:27.149 !!! [CE][Spawn] Character "ZmbM_usSoldier_normal_Desert" at 7624.123535, 1586.947510
 4:03:27.149 !!! [CE][Spawn] Character "ZmbM_PatrolNormal_Summer" at 7674.797852, 1580.335449
 4:03:27.151 !!! [CE][Spawn] Character "ZmbM_PatrolNormal_PautRev" at 6572.777832, 2051.266846
 4:03:27.152 !!! [CE][Spawn] Character "ZmbM_PatrolNormal_PautRev" at 6556.166992, 2000.064819
 4:03:27.153 !!! [CE][Spawn] Character "ZmbM_SoldierNormal" at 6585.213379, 2165.163574
 4:03:27.154 !!! [CE][Spawn] Character "ZmbM_usSoldier_normal_Woodland" at 6594.765625, 2301.264404
 4:03:27.155 !!! [CE][Spawn] Character "ZmbM_PatrolNormal_Flat" at 6764.602051, 2222.644043
 4:03:27.155 !!! [CE][Spawn] Character "ZmbM_PatrolNormal_Flat" at 6829.494629, 2145.431641
 4:03:27.156 !!! [CE][Spawn] Character "ZmbM_PatrolNormal_Flat" at 6726.135742, 2136.916016
 4:03:27.157 !!! [CE][Spawn] Character "ZmbM_usSoldier_Heavy_Woodland" at 6608.637695, 2046.719971
 4:03:27.159 !!! [CE][Spawn] Character "ZmbM_PatrolNormal_Summer" at 6580.567871, 2186.158691
 4:03:52.348 [CE][LootRespawner] (PRIDummy) :: Item [57] causing search overtime: "WoolGlovesFingerless_ChristmasBlue"
 4:03:52.548 [CE][LootRespawner] (PRIDummy) :: Item [58] causing search overtime: "Sword"
 4:03:52.664 [CE][LootRespawner] (PRIDummy) :: Item [59] causing search overtime: "Chainmail_Leggings"
 4:03:52.761 [CE][LootRespawner] (PRIDummy) :: Item [319] is hard to place, performance drops: "SA_Loot_Chest_Yellow"
 4:03:52.761 [CE][LootRespawner] (PRIDummy) :: Item [320] is hard to place, performance drops: "SA_Loot_Chest_Yellow"
 4:03:52.761 [CE][LootRespawner] (PRIDummy) :: Item [321] is hard to place, performance drops: "SA_Loot_Chest_Yellow"
 4:03:52.761 [CE][LootRespawner] (PRIDummy) :: Item [322] is hard to place, performance drops: "SA_Loot_Chest_Yellow"
 4:03:52.761 [CE][LootRespawner] (PRIDummy) :: Item [323] is hard to place, performance drops: "SA_Loot_Chest_Yellow"
 4:03:52.761 [CE][LootRespawner] (PRIDummy) :: Item [324] is hard to place, performance drops: "SA_Loot_Chest_Yellow"
 4:03:52.761 [CE][LootRespawner] (PRIDummy) :: Item [325] is hard to place, performance drops: "SA_Loot_Chest_Yellow"
 4:03:52.761 [CE][LootRespawner] (PRIDummy) :: Item [326] is hard to place, performance drops: "SA_Loot_Chest_Yellow"
 4:03:52.761 [CE][LootRespawner] (PRIDummy) :: Item [60] causing search overtime: "SA_Loot_Chest_Yellow"
 4:03:52.861 [CE][LootRespawner] (PRIDummy) :: Item [61] causing search overtime: "WoolGloves_ChristmasBlue"
 4:03:52.972 [CE][LootRespawner] (PRIDummy) :: Item [327] is hard to place, performance drops: "GhillieAtt_Woodland"
 4:03:52.972 [CE][LootRespawner] (PRIDummy) :: Item [328] is hard to place, performance drops: "GhillieAtt_Woodland"
 4:03:52.972 [CE][LootRespawner] (PRIDummy) :: Item [329] is hard to place, performance drops: "GhillieAtt_Woodland"
 4:03:52.972 [CE][LootRespawner] (PRIDummy) :: Item [330] is hard to place, performance drops: "GhillieAtt_Woodland"
 4:03:52.972 [CE][LootRespawner] (PRIDummy) :: Item [331] is hard to place, performance drops: "GhillieAtt_Woodland"
 4:03:52.972 [CE][LootRespawner] (PRIDummy) :: Item [332] is hard to place, performance drops: "GhillieAtt_Woodland"
 4:03:52.972 [CE][LootRespawner] (PRIDummy) :: Item [333] is hard to place, performance drops: "GhillieAtt_Woodland"
 4:03:52.972 [CE][LootRespawner] (PRIDummy) :: Item [334] is hard to place, performance drops: "GhillieAtt_Woodland"
 4:03:52.972 [CE][LootRespawner] (PRIDummy) :: Item [62] causing search overtime: "GhillieAtt_Woodland"
 4:03:53.205 [CE][LootRespawner] (PRIDummy) :: Item [63] causing search overtime: "Chainmail_Coif"
 4:03:53.280 [CE][LootRespawner] (PRIDummy) :: Item [335] is hard to place, performance drops: "SledgeHammer"
 4:03:53.280 [CE][LootRespawner] (PRIDummy) :: Item [336] is hard to place, performance drops: "SledgeHammer"
 4:03:53.280 [CE][LootRespawner] (PRIDummy) :: Item [337] is hard to place, performance drops: "SledgeHammer"
 4:03:53.280 [CE][LootRespawner] (PRIDummy) :: Item [338] is hard to place, performance drops: "SledgeHammer"
 4:03:53.280 [CE][LootRespawner] (PRIDummy) :: Item [339] is hard to place, performance drops: "SledgeHammer"
 4:03:53.280 [CE][LootRespawner] (PRIDummy) :: Item [340] is hard to place, performance drops: "SledgeHammer"
 4:03:53.280 [CE][LootRespawner] (PRIDummy) :: Item [341] is hard to place, performance drops: "SledgeHammer"
 4:03:53.280 [CE][LootRespawner] (PRIDummy) :: Item [342] is hard to place, performance drops: "SledgeHammer"
 4:03:53.280 [CE][LootRespawner] (PRIDummy) :: Item [64] causing search overtime: "SledgeHammer"
 4:03:53.380 [CE][LootRespawner] (PRIDummy) :: Item [65] causing search overtime: "MedievalBoots"
 4:03:53.480 [CE][LootRespawner] (PRIDummy) :: Item [66] causing search overtime: "Mace"
 4:03:53.581 [CE][LootRespawner] (PRIDummy) :: Item [67] causing search overtime: "Chainmail"
 4:03:53.680 [CE][LootRespawner] (PRIDummy) :: Item [68] causing search overtime: "WoolGlovesFingerless_ChristmasRed"
 4:03:53.780 [CE][LootRespawner] (PRIDummy) :: Item [69] causing search overtime: "WoolGloves_ChristmasRed"
 4:03:53.985 [CE][LootRespawner] (PRIDummy) :: Item [70] causing search overtime: "Mag_CZ527_5rnd"
 4:03:54.84 [CE][LootRespawner] (PRIDummy) :: Item [343] is hard to place, performance drops: "AmmoBox_556x45_20Rnd"
 4:03:54.84 [CE][LootRespawner] (PRIDummy) :: Item [344] is hard to place, performance drops: "AmmoBox_556x45_20Rnd"
 4:03:54.84 [CE][LootRespawner] (PRIDummy) :: Item [345] is hard to place, performance drops: "AmmoBox_556x45_20Rnd"
 4:03:54.84 [CE][LootRespawner] (PRIDummy) :: Item [346] is hard to place, performance drops: "AmmoBox_556x45_20Rnd"
 4:03:54.84 [CE][LootRespawner] (PRIDummy) :: Item [347] is hard to place, performance drops: "AmmoBox_556x45_20Rnd"
 4:03:54.84 [CE][LootRespawner] (PRIDummy) :: Item [348] is hard to place, performance drops: "AmmoBox_556x45_20Rnd"
 4:03:54.84 [CE][LootRespawner] (PRIDummy) :: Item [349] is hard to place, performance drops: "AmmoBox_556x45_20Rnd"
 4:03:54.84 [CE][LootRespawner] (PRIDummy) :: Item [350] is hard to place, performance drops: "AmmoBox_556x45_20Rnd"
 4:03:54.84 [CE][LootRespawner] (PRIDummy) :: Item [351] is hard to place, performance drops: "AmmoBox_556x45_20Rnd"
 4:03:54.84 [CE][LootRespawner] (PRIDummy) :: Item [71] causing search overtime: "AmmoBox_556x45_20Rnd"
 4:03:54.184 [CE][LootRespawner] (PRIDummy) :: Item [352] is hard to place, performance drops: "AmmoBox_762x39_20Rnd"
 4:03:54.184 [CE][LootRespawner] (PRIDummy) :: Item [353] is hard to place, performance drops: "AmmoBox_762x39_20Rnd"
 4:03:54.184 [CE][LootRespawner] (PRIDummy) :: Item [354] is hard to place, performance drops: "AmmoBox_762x39_20Rnd"
 4:03:54.184 [CE][LootRespawner] (PRIDummy) :: Item [355] is hard to place, performance drops: "AmmoBox_762x39_20Rnd"
 4:03:54.184 [CE][LootRespawner] (PRIDummy) :: Item [356] is hard to place, performance drops: "AmmoBox_762x39_20Rnd"
 4:03:54.184 [CE][LootRespawner] (PRIDummy) :: Item [357] is hard to place, performance drops: "AmmoBox_762x39_20Rnd"
 4:03:54.184 [CE][LootRespawner] (PRIDummy) :: Item [358] is hard to place, performance drops: "AmmoBox_762x39_20Rnd"
 4:03:54.184 [CE][LootRespawner] (PRIDummy) :: Item [359] is hard to place, performance drops: "AmmoBox_762x39_20Rnd"
 4:03:54.184 [CE][LootRespawner] (PRIDummy) :: Item [360] is hard to place, performance drops: "AmmoBox_762x39_20Rnd"
 4:03:54.184 [CE][LootRespawner] (PRIDummy) :: Item [72] causing search overtime: "AmmoBox_762x39_20Rnd"
 4:03:54.285 [CE][LootRespawner] (PRIDummy) :: Item [73] causing search overtime: "Mag_CZ550_10rnd"
 4:04:19.340 [CE][LootRespawner] (PRIDummy) :: Item [74] causing search overtime: "Mag_CZ550_10rnd"
 4:04:19.441 [CE][LootRespawner] (PRIDummy) :: Item [361] is hard to place, performance drops: "M18SmokeGrenade_Red"
 4:04:19.441 [CE][LootRespawner] (PRIDummy) :: Item [362] is hard to place, performance drops: "M18SmokeGrenade_Red"
 4:04:19.441 [CE][LootRespawner] (PRIDummy) :: Item [363] is hard to place, performance drops: "M18SmokeGrenade_Red"
 4:04:19.441 [CE][LootRespawner] (PRIDummy) :: Item [364] is hard to place, performance drops: "M18SmokeGrenade_Red"
 4:04:19.441 [CE][LootRespawner] (PRIDummy) :: Item [365] is hard to place, performance drops: "M18SmokeGrenade_Red"
 4:04:19.442 [CE][LootRespawner] (PRIDummy) :: Item [366] is hard to place, performance drops: "M18SmokeGrenade_Red"
 4:04:19.442 [CE][LootRespawner] (PRIDummy) :: Item [367] is hard to place, performance drops: "M18SmokeGrenade_Red"
 4:04:19.442 [CE][LootRespawner] (PRIDummy) :: Item [368] is hard to place, performance drops: "M18SmokeGrenade_Red"
 4:04:19.442 [CE][LootRespawner] (PRIDummy) :: Item [75] causing search overtime: "M18SmokeGrenade_Red"
 4:04:19.540 [CE][LootRespawner] (PRIDummy) :: Item [369] is hard to place, performance drops: "FAMAS"
 4:04:19.540 [CE][LootRespawner] (PRIDummy) :: Item [370] is hard to place, performance drops: "FAMAS"
 4:04:19.540 [CE][LootRespawner] (PRIDummy) :: Item [371] is hard to place, performance drops: "FAMAS"
 4:04:19.540 [CE][LootRespawner] (PRIDummy) :: Item [372] is hard to place, performance drops: "FAMAS"
 4:04:19.540 [CE][LootRespawner] (PRIDummy) :: Item [373] is hard to place, performance drops: "FAMAS"
 4:04:19.540 [CE][LootRespawner] (PRIDummy) :: Item [374] is hard to place, performance drops: "FAMAS"
 4:04:19.540 [CE][LootRespawner] (PRIDummy) :: Item [375] is hard to place, performance drops: "FAMAS"
 4:04:19.540 [CE][LootRespawner] (PRIDummy) :: Item [376] is hard to place, performance drops: "FAMAS"
 4:04:19.540 [CE][LootRespawner] (PRIDummy) :: Item [76] causing search overtime: "FAMAS"
 4:04:19.640 [CE][LootRespawner] (PRIDummy) :: Item [377] is hard to place, performance drops: "Saiga"
 4:04:19.640 [CE][LootRespawner] (PRIDummy) :: Item [378] is hard to place, performance drops: "Saiga"
 4:04:19.640 [CE][LootRespawner] (PRIDummy) :: Item [379] is hard to place, performance drops: "Saiga"
 4:04:19.640 [CE][LootRespawner] (PRIDummy) :: Item [380] is hard to place, performance drops: "Saiga"
 4:04:19.641 [CE][LootRespawner] (PRIDummy) :: Item [381] is hard to place, performance drops: "Saiga"
 4:04:19.641 [CE][LootRespawner] (PRIDummy) :: Item [382] is hard to place, performance drops: "Saiga"
 4:04:19.641 [CE][LootRespawner] (PRIDummy) :: Item [383] is hard to place, performance drops: "Saiga"
 4:04:19.641 [CE][LootRespawner] (PRIDummy) :: Item [384] is hard to place, performance drops: "Saiga"
 4:04:19.641 [CE][LootRespawner] (PRIDummy) :: Item [385] is hard to place, performance drops: "Saiga"
 4:04:19.641 [CE][LootRespawner] (PRIDummy) :: Item [77] causing search overtime: "Saiga"
 4:04:19.740 [CE][LootRespawner] (PRIDummy) :: Item [386] is hard to place, performance drops: "BomberJacket_Black"
 4:04:19.741 [CE][LootRespawner] (PRIDummy) :: Item [387] is hard to place, performance drops: "BomberJacket_Black"
 4:04:19.741 [CE][LootRespawner] (PRIDummy) :: Item [388] is hard to place, performance drops: "BomberJacket_Black"
 4:04:19.741 [CE][LootRespawner] (PRIDummy) :: Item [389] is hard to place, performance drops: "BomberJacket_Black"
 4:04:19.741 [CE][LootRespawner] (PRIDummy) :: Item [390] is hard to place, performance drops: "BomberJacket_Black"
 4:04:19.741 [CE][LootRespawner] (PRIDummy) :: Item [391] is hard to place, performance drops: "BomberJacket_Black"
 4:04:19.741 [CE][LootRespawner] (PRIDummy) :: Item [392] is hard to place, performance drops: "BomberJacket_Black"
 4:04:19.741 [CE][LootRespawner] (PRIDummy) :: Item [78] causing search overtime: "BomberJacket_Black"
 4:04:19.840 [CE][LootRespawner] (PRIDummy) :: Item [393] is hard to place, performance drops: "CargoPants_Green"
 4:04:19.840 [CE][LootRespawner] (PRIDummy) :: Item [394] is hard to place, performance drops: "CargoPants_Green"
 4:04:19.840 [CE][LootRespawner] (PRIDummy) :: Item [395] is hard to place, performance drops: "CargoPants_Green"
 4:04:19.840 [CE][LootRespawner] (PRIDummy) :: Item [396] is hard to place, performance drops: "CargoPants_Green"
 4:04:19.840 [CE][LootRespawner] (PRIDummy) :: Item [397] is hard to place, performance drops: "CargoPants_Green"
 4:04:19.840 [CE][LootRespawner] (PRIDummy) :: Item [398] is hard to place, performance drops: "CargoPants_Green"
 4:04:19.840 [CE][LootRespawner] (PRIDummy) :: Item [399] is hard to place, performance drops: "CargoPants_Green"
 4:04:19.840 [CE][LootRespawner] (PRIDummy) :: Item [79] causing search overtime: "CargoPants_Green"
 4:04:19.940 [CE][LootRespawner] (PRIDummy) :: Item [400] is hard to place, performance drops: "M16A2"
 4:04:19.940 [CE][LootRespawner] (PRIDummy) :: Item [401] is hard to place, performance drops: "M16A2"
 4:04:19.940 [CE][LootRespawner] (PRIDummy) :: Item [402] is hard to place, performance drops: "M16A2"
 4:04:19.940 [CE][LootRespawner] (PRIDummy) :: Item [403] is hard to place, performance drops: "M16A2"
 4:04:19.940 [CE][LootRespawner] (PRIDummy) :: Item [404] is hard to place, performance drops: "M16A2"
 4:04:19.940 [CE][LootRespawner] (PRIDummy) :: Item [405] is hard to place, performance drops: "M16A2"
 4:04:19.940 [CE][LootRespawner] (PRIDummy) :: Item [406] is hard to place, performance drops: "M16A2"
 4:04:19.940 [CE][LootRespawner] (PRIDummy) :: Item [407] is hard to place, performance drops: "M16A2"
 4:04:19.940 [CE][LootRespawner] (PRIDummy) :: Item [80] causing search overtime: "M16A2"
 4:04:20.40 [CE][LootRespawner] (PRIDummy) :: Item [81] causing search overtime: "TacticalBaconCan"
 4:04:20.140 [CE][LootRespawner] (PRIDummy) :: Item [408] is hard to place, performance drops: "AK74"
 4:04:20.140 [CE][LootRespawner] (PRIDummy) :: Item [409] is hard to place, performance drops: "AK74"
 4:04:20.141 [CE][LootRespawner] (PRIDummy) :: Item [410] is hard to place, performance drops: "AK74"
 4:04:20.141 [CE][LootRespawner] (PRIDummy) :: Item [411] is hard to place, performance drops: "AK74"
 4:04:20.141 [CE][LootRespawner] (PRIDummy) :: Item [412] is hard to place, performance drops: "AK74"
 4:04:20.141 [CE][LootRespawner] (PRIDummy) :: Item [413] is hard to place, performance drops: "AK74"
 4:04:20.141 [CE][LootRespawner] (PRIDummy) :: Item [414] is hard to place, performance drops: "AK74"
 4:04:20.141 [CE][LootRespawner] (PRIDummy) :: Item [415] is hard to place, performance drops: "AK74"
 4:04:20.141 [CE][LootRespawner] (PRIDummy) :: Item [82] causing search overtime: "AK74"
 4:04:20.240 [CE][LootRespawner] (PRIDummy) :: Item [416] is hard to place, performance drops: "Mag_SV98_10Rnd"
 4:04:20.241 [CE][LootRespawner] (PRIDummy) :: Item [417] is hard to place, performance drops: "Mag_SV98_10Rnd"
 4:04:20.241 [CE][LootRespawner] (PRIDummy) :: Item [418] is hard to place, performance drops: "Mag_SV98_10Rnd"
 4:04:20.241 [CE][LootRespawner] (PRIDummy) :: Item [419] is hard to place, performance drops: "Mag_SV98_10Rnd"
 4:04:20.241 [CE][LootRespawner] (PRIDummy) :: Item [420] is hard to place, performance drops: "Mag_SV98_10Rnd"
 4:04:20.241 [CE][LootRespawner] (PRIDummy) :: Item [421] is hard to place, performance drops: "Mag_SV98_10Rnd"
 4:04:20.241 [CE][LootRespawner] (PRIDummy) :: Item [422] is hard to place, performance drops: "Mag_SV98_10Rnd"
 4:04:20.241 [CE][LootRespawner] (PRIDummy) :: Item [423] is hard to place, performance drops: "Mag_SV98_10Rnd"
 4:04:20.241 [CE][LootRespawner] (PRIDummy) :: Item [424] is hard to place, performance drops: "Mag_SV98_10Rnd"
 4:04:20.241 [CE][LootRespawner] (PRIDummy) :: Item [83] causing search overtime: "Mag_SV98_10Rnd"
 4:04:20.340 [CE][LootRespawner] (PRIDummy) :: Item [425] is hard to place, performance drops: "SmershVest"
 4:04:20.340 [CE][LootRespawner] (PRIDummy) :: Item [426] is hard to place, performance drops: "SmershVest"
 4:04:20.340 [CE][LootRespawner] (PRIDummy) :: Item [427] is hard to place, performance drops: "SmershVest"
 4:04:20.340 [CE][LootRespawner] (PRIDummy) :: Item [428] is hard to place, performance drops: "SmershVest"
 4:04:20.340 [CE][LootRespawner] (PRIDummy) :: Item [429] is hard to place, performance drops: "SmershVest"
 4:04:20.340 [CE][LootRespawner] (PRIDummy) :: Item [430] is hard to place, performance drops: "SmershVest"
 4:04:20.340 [CE][LootRespawner] (PRIDummy) :: Item [431] is hard to place, performance drops: "SmershVest"
 4:04:20.340 [CE][LootRespawner] (PRIDummy) :: Item [432] is hard to place, performance drops: "SmershVest"
 4:04:20.340 [CE][LootRespawner] (PRIDummy) :: Item [84] causing search overtime: "SmershVest"
 4:04:20.441 [CE][LootRespawner] (PRIDummy) :: Item [433] is hard to place, performance drops: "MilitaryBoots_Black"
 4:04:20.442 [CE][LootRespawner] (PRIDummy) :: Item [434] is hard to place, performance drops: "MilitaryBoots_Black"
 4:04:20.442 [CE][LootRespawner] (PRIDummy) :: Item [435] is hard to place, performance drops: "MilitaryBoots_Black"
 4:04:20.442 [CE][LootRespawner] (PRIDummy) :: Item [436] is hard to place, performance drops: "MilitaryBoots_Black"
 4:04:20.443 [CE][LootRespawner] (PRIDummy) :: Item [437] is hard to place, performance drops: "MilitaryBoots_Black"
 4:04:20.443 [CE][LootRespawner] (PRIDummy) :: Item [438] is hard to place, performance drops: "MilitaryBoots_Black"
 4:04:20.443 [CE][LootRespawner] (PRIDummy) :: Item [439] is hard to place, performance drops: "MilitaryBoots_Black"
 4:04:20.443 [CE][LootRespawner] (PRIDummy) :: Item [440] is hard to place, performance drops: "MilitaryBoots_Black"
 4:04:20.443 [CE][LootRespawner] (PRIDummy) :: Item [441] is hard to place, performance drops: "MilitaryBoots_Black"
 4:04:20.443 [CE][LootRespawner] (PRIDummy) :: Item [85] causing search overtime: "MilitaryBoots_Black"
 4:04:20.541 [CE][LootRespawner] (PRIDummy) :: Item [442] is hard to place, performance drops: "STAG_Clothing_PlateCarrier"
 4:04:20.541 [CE][LootRespawner] (PRIDummy) :: Item [443] is hard to place, performance drops: "STAG_Clothing_PlateCarrier"
 4:04:20.541 [CE][LootRespawner] (PRIDummy) :: Item [444] is hard to place, performance drops: "STAG_Clothing_PlateCarrier"
 4:04:20.541 [CE][LootRespawner] (PRIDummy) :: Item [445] is hard to place, performance drops: "STAG_Clothing_PlateCarrier"
 4:04:20.541 [CE][LootRespawner] (PRIDummy) :: Item [446] is hard to place, performance drops: "STAG_Clothing_PlateCarrier"
 4:04:20.541 [CE][LootRespawner] (PRIDummy) :: Item [447] is hard to place, performance drops: "STAG_Clothing_PlateCarrier"
 4:04:20.541 [CE][LootRespawner] (PRIDummy) :: Item [448] is hard to place, performance drops: "STAG_Clothing_PlateCarrier"
 4:04:20.541 [CE][LootRespawner] (PRIDummy) :: Item [449] is hard to place, performance drops: "STAG_Clothing_PlateCarrier"
 4:04:20.541 [CE][LootRespawner] (PRIDummy) :: Item [86] causing search overtime: "STAG_Clothing_PlateCarrier"
 4:04:20.640 [CE][LootRespawner] (PRIDummy) :: Item [450] is hard to place, performance drops: "CargoPants_Black"
 4:04:20.640 [CE][LootRespawner] (PRIDummy) :: Item [451] is hard to place, performance drops: "CargoPants_Black"
 4:04:20.640 [CE][LootRespawner] (PRIDummy) :: Item [452] is hard to place, performance drops: "CargoPants_Black"
 4:04:20.640 [CE][LootRespawner] (PRIDummy) :: Item [453] is hard to place, performance drops: "CargoPants_Black"
 4:04:20.640 [CE][LootRespawner] (PRIDummy) :: Item [454] is hard to place, performance drops: "CargoPants_Black"
 4:04:20.640 [CE][LootRespawner] (PRIDummy) :: Item [455] is hard to place, performance drops: "CargoPants_Black"
 4:04:20.640 [CE][LootRespawner] (PRIDummy) :: Item [456] is hard to place, performance drops: "CargoPants_Black"
 4:04:20.640 [CE][LootRespawner] (PRIDummy) :: Item [87] causing search overtime: "CargoPants_Black"
 4:04:20.740 [CE][LootRespawner] (PRIDummy) :: Item [457] is hard to place, performance drops: "STAG_Clothing_M65_Jacket"
 4:04:20.740 [CE][LootRespawner] (PRIDummy) :: Item [458] is hard to place, performance drops: "STAG_Clothing_M65_Jacket"
 4:04:20.740 [CE][LootRespawner] (PRIDummy) :: Item [459] is hard to place, performance drops: "STAG_Clothing_M65_Jacket"
 4:04:20.740 [CE][LootRespawner] (PRIDummy) :: Item [460] is hard to place, performance drops: "STAG_Clothing_M65_Jacket"
 4:04:20.740 [CE][LootRespawner] (PRIDummy) :: Item [461] is hard to place, performance drops: "STAG_Clothing_M65_Jacket"
 4:04:20.740 [CE][LootRespawner] (PRIDummy) :: Item [462] is hard to place, performance drops: "STAG_Clothing_M65_Jacket"
 4:04:20.740 [CE][LootRespawner] (PRIDummy) :: Item [463] is hard to place, performance drops: "STAG_Clothing_M65_Jacket"
 4:04:20.740 [CE][LootRespawner] (PRIDummy) :: Item [464] is hard to place, performance drops: "STAG_Clothing_M65_Jacket"
 4:04:20.740 [CE][LootRespawner] (PRIDummy) :: Item [88] causing search overtime: "STAG_Clothing_M65_Jacket"
 4:04:20.841 [CE][LootRespawner] (PRIDummy) :: Item [465] is hard to place, performance drops: "SA_Loot_Chest_Red"
 4:04:20.841 [CE][LootRespawner] (PRIDummy) :: Item [466] is hard to place, performance drops: "SA_Loot_Chest_Red"
 4:04:20.841 [CE][LootRespawner] (PRIDummy) :: Item [467] is hard to place, performance drops: "SA_Loot_Chest_Red"
 4:04:20.841 [CE][LootRespawner] (PRIDummy) :: Item [468] is hard to place, performance drops: "SA_Loot_Chest_Red"
 4:04:20.841 [CE][LootRespawner] (PRIDummy) :: Item [469] is hard to place, performance drops: "SA_Loot_Chest_Red"
 4:04:20.841 [CE][LootRespawner] (PRIDummy) :: Item [470] is hard to place, performance drops: "SA_Loot_Chest_Red"
 4:04:20.841 [CE][LootRespawner] (PRIDummy) :: Item [471] is hard to place, performance drops: "SA_Loot_Chest_Red"
 4:04:20.841 [CE][LootRespawner] (PRIDummy) :: Item [89] causing search overtime: "SA_Loot_Chest_Red"
 4:04:20.941 [CE][LootRespawner] (PRIDummy) :: Item [472] is hard to place, performance drops: "STAG_Clothing_Cargo_Pants"
 4:04:20.941 [CE][LootRespawner] (PRIDummy) :: Item [473] is hard to place, performance drops: "STAG_Clothing_Cargo_Pants"
 4:04:20.941 [CE][LootRespawner] (PRIDummy) :: Item [474] is hard to place, performance drops: "STAG_Clothing_Cargo_Pants"
 4:04:20.941 [CE][LootRespawner] (PRIDummy) :: Item [475] is hard to place, performance drops: "STAG_Clothing_Cargo_Pants"
 4:04:20.941 [CE][LootRespawner] (PRIDummy) :: Item [476] is hard to place, performance drops: "STAG_Clothing_Cargo_Pants"
 4:04:20.941 [CE][LootRespawner] (PRIDummy) :: Item [477] is hard to place, performance drops: "STAG_Clothing_Cargo_Pants"
 4:04:20.941 [CE][LootRespawner] (PRIDummy) :: Item [478] is hard to place, performance drops: "STAG_Clothing_Cargo_Pants"
 4:04:20.941 [CE][LootRespawner] (PRIDummy) :: Item [479] is hard to place, performance drops: "STAG_Clothing_Cargo_Pants"
 4:04:20.941 [CE][LootRespawner] (PRIDummy) :: Item [90] causing search overtime: "STAG_Clothing_Cargo_Pants"
 4:04:21.40 [CE][LootRespawner] (PRIDummy) :: Item [91] causing search overtime: "CZ550"
 4:04:21.140 [CE][LootRespawner] (PRIDummy) :: Item [480] is hard to place, performance drops: "STAG_Clothing_Boots"
 4:04:21.140 [CE][LootRespawner] (PRIDummy) :: Item [481] is hard to place, performance drops: "STAG_Clothing_Boots"
 4:04:21.140 [CE][LootRespawner] (PRIDummy) :: Item [482] is hard to place, performance drops: "STAG_Clothing_Boots"
 4:04:21.140 [CE][LootRespawner] (PRIDummy) :: Item [483] is hard to place, performance drops: "STAG_Clothing_Boots"
 4:04:21.140 [CE][LootRespawner] (PRIDummy) :: Item [484] is hard to place, performance drops: "STAG_Clothing_Boots"
 4:04:21.140 [CE][LootRespawner] (PRIDummy) :: Item [485] is hard to place, performance drops: "STAG_Clothing_Boots"
 4:04:21.140 [CE][LootRespawner] (PRIDummy) :: Item [486] is hard to place, performance drops: "STAG_Clothing_Boots"
 4:04:21.140 [CE][LootRespawner] (PRIDummy) :: Item [487] is hard to place, performance drops: "STAG_Clothing_Boots"
 4:04:21.140 [CE][LootRespawner] (PRIDummy) :: Item [488] is hard to place, performance drops: "STAG_Clothing_Boots"
 4:04:21.140 [CE][LootRespawner] (PRIDummy) :: Item [92] causing search overtime: "STAG_Clothing_Boots"
 4:04:21.240 [CE][LootRespawner] (PRIDummy) :: Item [93] causing search overtime: "HipPack_Party"
 4:04:46.241 [CE][LootRespawner] (PRIDummy) :: Item [94] causing search overtime: "HipPack_Party"
 4:04:46.342 [CE][LootRespawner] (PRIDummy) :: Item [489] is hard to place, performance drops: "Mag_AKM_Drum75Rnd"
 4:04:46.342 [CE][LootRespawner] (PRIDummy) :: Item [490] is hard to place, performance drops: "Mag_AKM_Drum75Rnd"
 4:04:46.342 [CE][LootRespawner] (PRIDummy) :: Item [491] is hard to place, performance drops: "Mag_AKM_Drum75Rnd"
 4:04:46.342 [CE][LootRespawner] (PRIDummy) :: Item [492] is hard to place, performance drops: "Mag_AKM_Drum75Rnd"
 4:04:46.342 [CE][LootRespawner] (PRIDummy) :: Item [493] is hard to place, performance drops: "Mag_AKM_Drum75Rnd"
 4:04:46.342 [CE][LootRespawner] (PRIDummy) :: Item [494] is hard to place, performance drops: "Mag_AKM_Drum75Rnd"
 4:04:46.342 [CE][LootRespawner] (PRIDummy) :: Item [495] is hard to place, performance drops: "Mag_AKM_Drum75Rnd"
 4:04:46.342 [CE][LootRespawner] (PRIDummy) :: Item [496] is hard to place, performance drops: "Mag_AKM_Drum75Rnd"
 4:04:46.342 [CE][LootRespawner] (PRIDummy) :: Item [95] causing search overtime: "Mag_AKM_Drum75Rnd"
 4:04:46.542 [CE][LootRespawner] (PRIDummy) :: Item [497] is hard to place, performance drops: "Mag_AKM_30Rnd"
 4:04:46.542 [CE][LootRespawner] (PRIDummy) :: Item [498] is hard to place, performance drops: "Mag_AKM_30Rnd"
 4:04:46.542 [CE][LootRespawner] (PRIDummy) :: Item [499] is hard to place, performance drops: "Mag_AKM_30Rnd"
 4:04:46.542 [CE][LootRespawner] (PRIDummy) :: Item [500] is hard to place, performance drops: "Mag_AKM_30Rnd"
 4:04:46.542 [CE][LootRespawner] (PRIDummy) :: Item [501] is hard to place, performance drops: "Mag_AKM_30Rnd"
 4:04:46.542 [CE][LootRespawner] (PRIDummy) :: Item [502] is hard to place, performance drops: "Mag_AKM_30Rnd"
 4:04:46.542 [CE][LootRespawner] (PRIDummy) :: Item [503] is hard to place, performance drops: "Mag_AKM_30Rnd"
 4:04:46.542 [CE][LootRespawner] (PRIDummy) :: Item [504] is hard to place, performance drops: "Mag_AKM_30Rnd"
 4:04:46.542 [CE][LootRespawner] (PRIDummy) :: Item [505] is hard to place, performance drops: "Mag_AKM_30Rnd"
 4:04:46.542 [CE][LootRespawner] (PRIDummy) :: Item [96] causing search overtime: "Mag_AKM_30Rnd"
 4:04:46.641 [CE][LootRespawner] (PRIDummy) :: Item [506] is hard to place, performance drops: "Mag_STANAG_30Rnd"
 4:04:46.641 [CE][LootRespawner] (PRIDummy) :: Item [507] is hard to place, performance drops: "Mag_STANAG_30Rnd"
 4:04:46.641 [CE][LootRespawner] (PRIDummy) :: Item [508] is hard to place, performance drops: "Mag_STANAG_30Rnd"
 4:04:46.641 [CE][LootRespawner] (PRIDummy) :: Item [509] is hard to place, performance drops: "Mag_STANAG_30Rnd"
 4:04:46.641 [CE][LootRespawner] (PRIDummy) :: Item [510] is hard to place, performance drops: "Mag_STANAG_30Rnd"
 4:04:46.641 [CE][LootRespawner] (PRIDummy) :: Item [511] is hard to place, performance drops: "Mag_STANAG_30Rnd"
 4:04:46.641 [CE][LootRespawner] (PRIDummy) :: Item [512] is hard to place, performance drops: "Mag_STANAG_30Rnd"
 4:04:46.641 [CE][LootRespawner] (PRIDummy) :: Item [513] is hard to place, performance drops: "Mag_STANAG_30Rnd"
 4:04:46.641 [CE][LootRespawner] (PRIDummy) :: Item [514] is hard to place, performance drops: "Mag_STANAG_30Rnd"
 4:04:46.641 [CE][LootRespawner] (PRIDummy) :: Item [97] causing search overtime: "Mag_STANAG_30Rnd"
 4:04:46.741 [CE][LootRespawner] (PRIDummy) :: Item [515] is hard to place, performance drops: "SV98"
 4:04:46.741 [CE][LootRespawner] (PRIDummy) :: Item [516] is hard to place, performance drops: "SV98"
 4:04:46.741 [CE][LootRespawner] (PRIDummy) :: Item [517] is hard to place, performance drops: "SV98"
 4:04:46.741 [CE][LootRespawner] (PRIDummy) :: Item [518] is hard to place, performance drops: "SV98"
 4:04:46.741 [CE][LootRespawner] (PRIDummy) :: Item [519] is hard to place, performance drops: "SV98"
 4:04:46.741 [CE][LootRespawner] (PRIDummy) :: Item [520] is hard to place, performance drops: "SV98"
 4:04:46.741 [CE][LootRespawner] (PRIDummy) :: Item [521] is hard to place, performance drops: "SV98"
 4:04:46.741 [CE][LootRespawner] (PRIDummy) :: Item [522] is hard to place, performance drops: "SV98"
 4:04:46.741 [CE][LootRespawner] (PRIDummy) :: Item [98] causing search overtime: "SV98"
 4:04:46.841 [CE][LootRespawner] (PRIDummy) :: Item [523] is hard to place, performance drops: "Mag_Vikhr_30Rnd"
 4:04:46.841 [CE][LootRespawner] (PRIDummy) :: Item [524] is hard to place, performance drops: "Mag_Vikhr_30Rnd"
 4:04:46.841 [CE][LootRespawner] (PRIDummy) :: Item [525] is hard to place, performance drops: "Mag_Vikhr_30Rnd"
 4:04:46.841 [CE][LootRespawner] (PRIDummy) :: Item [526] is hard to place, performance drops: "Mag_Vikhr_30Rnd"
 4:04:46.841 [CE][LootRespawner] (PRIDummy) :: Item [527] is hard to place, performance drops: "Mag_Vikhr_30Rnd"
 4:04:46.841 [CE][LootRespawner] (PRIDummy) :: Item [528] is hard to place, performance drops: "Mag_Vikhr_30Rnd"
 4:04:46.841 [CE][LootRespawner] (PRIDummy) :: Item [529] is hard to place, performance drops: "Mag_Vikhr_30Rnd"
 4:04:46.841 [CE][LootRespawner] (PRIDummy) :: Item [530] is hard to place, performance drops: "Mag_Vikhr_30Rnd"
 4:04:46.841 [CE][LootRespawner] (PRIDummy) :: Item [531] is hard to place, performance drops: "Mag_Vikhr_30Rnd"
 4:04:46.841 [CE][LootRespawner] (PRIDummy) :: Item [99] causing search overtime: "Mag_Vikhr_30Rnd"
 4:04:46.941 [CE][LootRespawner] (PRIDummy) :: Item [532] is hard to place, performance drops: "Mag_Saiga_8Rnd"
 4:04:46.941 [CE][LootRespawner] (PRIDummy) :: Item [533] is hard to place, performance drops: "Mag_Saiga_8Rnd"
 4:04:46.941 [CE][LootRespawner] (PRIDummy) :: Item [534] is hard to place, performance drops: "Mag_Saiga_8Rnd"
 4:04:46.941 [CE][LootRespawner] (PRIDummy) :: Item [535] is hard to place, performance drops: "Mag_Saiga_8Rnd"
 4:04:46.941 [CE][LootRespawner] (PRIDummy) :: Item [536] is hard to place, performance drops: "Mag_Saiga_8Rnd"
 4:04:46.941 [CE][LootRespawner] (PRIDummy) :: Item [537] is hard to place, performance drops: "Mag_Saiga_8Rnd"
 4:04:46.942 [CE][LootRespawner] (PRIDummy) :: Item [538] is hard to place, performance drops: "Mag_Saiga_8Rnd"
 4:04:46.942 [CE][LootRespawner] (PRIDummy) :: Item [539] is hard to place, performance drops: "Mag_Saiga_8Rnd"
 4:04:46.942 [CE][LootRespawner] (PRIDummy) :: Item [540] is hard to place, performance drops: "Mag_Saiga_8Rnd"
 4:04:46.942 [CE][LootRespawner] (PRIDummy) :: Item [100] causing search overtime: "Mag_Saiga_8Rnd"
 4:04:47.41 [CE][LootRespawner] (PRIDummy) :: Item [541] is hard to place, performance drops: "QuiltedJacket_Black"
 4:04:47.41 [CE][LootRespawner] (PRIDummy) :: Item [542] is hard to place, performance drops: "QuiltedJacket_Black"
 4:04:47.41 [CE][LootRespawner] (PRIDummy) :: Item [543] is hard to place, performance drops: "QuiltedJacket_Black"
 4:04:47.41 [CE][LootRespawner] (PRIDummy) :: Item [544] is hard to place, performance drops: "QuiltedJacket_Black"
 4:04:47.41 [CE][LootRespawner] (PRIDummy) :: Item [545] is hard to place, performance drops: "QuiltedJacket_Black"
 4:04:47.41 [CE][LootRespawner] (PRIDummy) :: Item [546] is hard to place, performance drops: "QuiltedJacket_Black"
 4:04:47.41 [CE][LootRespawner] (PRIDummy) :: Item [547] is hard to place, performance drops: "QuiltedJacket_Black"
 4:04:47.42 [CE][LootRespawner] (PRIDummy) :: Item [101] causing search overtime: "QuiltedJacket_Black"
 4:04:47.141 [CE][LootRespawner] (PRIDummy) :: Item [102] causing search overtime: "STAG_Clothing_MountainBag"
 4:04:47.242 [CE][LootRespawner] (PRIDummy) :: Item [548] is hard to place, performance drops: "M4_T3NRDSOptic"
 4:04:47.242 [CE][LootRespawner] (PRIDummy) :: Item [549] is hard to place, performance drops: "M4_T3NRDSOptic"
 4:04:47.242 [CE][LootRespawner] (PRIDummy) :: Item [550] is hard to place, performance drops: "M4_T3NRDSOptic"
 4:04:47.242 [CE][LootRespawner] (PRIDummy) :: Item [551] is hard to place, performance drops: "M4_T3NRDSOptic"
 4:04:47.242 [CE][LootRespawner] (PRIDummy) :: Item [552] is hard to place, performance drops: "M4_T3NRDSOptic"
 4:04:47.242 [CE][LootRespawner] (PRIDummy) :: Item [553] is hard to place, performance drops: "M4_T3NRDSOptic"
 4:04:47.242 [CE][LootRespawner] (PRIDummy) :: Item [554] is hard to place, performance drops: "M4_T3NRDSOptic"
 4:04:47.242 [CE][LootRespawner] (PRIDummy) :: Item [555] is hard to place, performance drops: "M4_T3NRDSOptic"
 4:04:47.242 [CE][LootRespawner] (PRIDummy) :: Item [556] is hard to place, performance drops: "M4_T3NRDSOptic"
 4:04:47.242 [CE][LootRespawner] (PRIDummy) :: Item [103] causing search overtime: "M4_T3NRDSOptic"
 4:04:47.343 [CE][LootRespawner] (PRIDummy) :: Item [557] is hard to place, performance drops: "Mich2001Helmet"
 4:04:47.343 [CE][LootRespawner] (PRIDummy) :: Item [558] is hard to place, performance drops: "Mich2001Helmet"
 4:04:47.343 [CE][LootRespawner] (PRIDummy) :: Item [559] is hard to place, performance drops: "Mich2001Helmet"
 4:04:47.343 [CE][LootRespawner] (PRIDummy) :: Item [560] is hard to place, performance drops: "Mich2001Helmet"
 4:04:47.343 [CE][LootRespawner] (PRIDummy) :: Item [561] is hard to place, performance drops: "Mich2001Helmet"
 4:04:47.343 [CE][LootRespawner] (PRIDummy) :: Item [562] is hard to place, performance drops: "Mich2001Helmet"
 4:04:47.343 [CE][LootRespawner] (PRIDummy) :: Item [563] is hard to place, performance drops: "Mich2001Helmet"
 4:04:47.343 [CE][LootRespawner] (PRIDummy) :: Item [564] is hard to place, performance drops: "Mich2001Helmet"
 4:04:47.343 [CE][LootRespawner] (PRIDummy) :: Item [104] causing search overtime: "Mich2001Helmet"
 4:04:47.441 [CE][LootRespawner] (PRIDummy) :: Item [565] is hard to place, performance drops: "QuiltedJacket_Green"
 4:04:47.441 [CE][LootRespawner] (PRIDummy) :: Item [566] is hard to place, performance drops: "QuiltedJacket_Green"
 4:04:47.441 [CE][LootRespawner] (PRIDummy) :: Item [567] is hard to place, performance drops: "QuiltedJacket_Green"
 4:04:47.441 [CE][LootRespawner] (PRIDummy) :: Item [568] is hard to place, performance drops: "QuiltedJacket_Green"
 4:04:47.441 [CE][LootRespawner] (PRIDummy) :: Item [569] is hard to place, performance drops: "QuiltedJacket_Green"
 4:04:47.441 [CE][LootRespawner] (PRIDummy) :: Item [570] is hard to place, performance drops: "QuiltedJacket_Green"
 4:04:47.441 [CE][LootRespawner] (PRIDummy) :: Item [571] is hard to place, performance drops: "QuiltedJacket_Green"
 4:04:47.441 [CE][LootRespawner] (PRIDummy) :: Item [105] causing search overtime: "QuiltedJacket_Green"
 4:04:47.541 [CE][LootRespawner] (PRIDummy) :: Item [572] is hard to place, performance drops: "BalaclavaMask_Black"
 4:04:47.541 [CE][LootRespawner] (PRIDummy) :: Item [573] is hard to place, performance drops: "BalaclavaMask_Black"
 4:04:47.541 [CE][LootRespawner] (PRIDummy) :: Item [574] is hard to place, performance drops: "BalaclavaMask_Black"
 4:04:47.541 [CE][LootRespawner] (PRIDummy) :: Item [575] is hard to place, performance drops: "BalaclavaMask_Black"
 4:04:47.541 [CE][LootRespawner] (PRIDummy) :: Item [576] is hard to place, performance drops: "BalaclavaMask_Black"
 4:04:47.541 [CE][LootRespawner] (PRIDummy) :: Item [577] is hard to place, performance drops: "BalaclavaMask_Black"
 4:04:47.541 [CE][LootRespawner] (PRIDummy) :: Item [578] is hard to place, performance drops: "BalaclavaMask_Black"
 4:04:47.541 [CE][LootRespawner] (PRIDummy) :: Item [579] is hard to place, performance drops: "BalaclavaMask_Black"
 4:04:47.541 [CE][LootRespawner] (PRIDummy) :: Item [106] causing search overtime: "BalaclavaMask_Black"
 4:04:47.641 [CE][LootRespawner] (PRIDummy) :: Item [580] is hard to place, performance drops: "AKS74U"
 4:04:47.641 [CE][LootRespawner] (PRIDummy) :: Item [581] is hard to place, performance drops: "AKS74U"
 4:04:47.641 [CE][LootRespawner] (PRIDummy) :: Item [582] is hard to place, performance drops: "AKS74U"
 4:04:47.641 [CE][LootRespawner] (PRIDummy) :: Item [583] is hard to place, performance drops: "AKS74U"
 4:04:47.641 [CE][LootRespawner] (PRIDummy) :: Item [584] is hard to place, performance drops: "AKS74U"
 4:04:47.641 [CE][LootRespawner] (PRIDummy) :: Item [585] is hard to place, performance drops: "AKS74U"
 4:04:47.641 [CE][LootRespawner] (PRIDummy) :: Item [586] is hard to place, performance drops: "AKS74U"
 4:04:47.641 [CE][LootRespawner] (PRIDummy) :: Item [587] is hard to place, performance drops: "AKS74U"
 4:04:47.641 [CE][LootRespawner] (PRIDummy) :: Item [588] is hard to place, performance drops: "AKS74U"
 4:04:47.642 [CE][LootRespawner] (PRIDummy) :: Item [107] causing search overtime: "AKS74U"
 4:04:47.742 [CE][LootRespawner] (PRIDummy) :: Item [108] causing search overtime: "MimeMask_Female"
 4:04:47.841 [CE][LootRespawner] (PRIDummy) :: Item [109] causing search overtime: "EyeMask_Black"
 4:04:47.941 [CE][LootRespawner] (PRIDummy) :: Item [110] causing search overtime: "EyeMask_Yellow"
 4:04:48.41 [CE][LootRespawner] (PRIDummy) :: Item [589] is hard to place, performance drops: "BrassKnuckles_Shiny"
 4:04:48.41 [CE][LootRespawner] (PRIDummy) :: Item [590] is hard to place, performance drops: "BrassKnuckles_Shiny"
 4:04:48.41 [CE][LootRespawner] (PRIDummy) :: Item [591] is hard to place, performance drops: "BrassKnuckles_Shiny"
 4:04:48.41 [CE][LootRespawner] (PRIDummy) :: Item [592] is hard to place, performance drops: "BrassKnuckles_Shiny"
 4:04:48.41 [CE][LootRespawner] (PRIDummy) :: Item [593] is hard to place, performance drops: "BrassKnuckles_Shiny"
 4:04:48.41 [CE][LootRespawner] (PRIDummy) :: Item [594] is hard to place, performance drops: "BrassKnuckles_Shiny"
 4:04:48.41 [CE][LootRespawner] (PRIDummy) :: Item [595] is hard to place, performance drops: "BrassKnuckles_Shiny"
 4:04:48.41 [CE][LootRespawner] (PRIDummy) :: Item [596] is hard to place, performance drops: "BrassKnuckles_Shiny"
 4:04:48.41 [CE][LootRespawner] (PRIDummy) :: Item [111] causing search overtime: "BrassKnuckles_Shiny"
 4:04:48.141 [CE][LootRespawner] (PRIDummy) :: Item [112] causing search overtime: "MimeMask_Male"
 4:05:13.242 [CE][LootRespawner] (PRIDummy) :: Item [113] causing search overtime: "MimeMask_Male"
 4:05:13.342 [CE][LootRespawner] (PRIDummy) :: Item [114] causing search overtime: "EyeMask_Blue"
 4:05:13.442 [CE][LootRespawner] (PRIDummy) :: Item [115] causing search overtime: "EyeMask_Red"
 4:05:13.543 [CE][LootRespawner] (PRIDummy) :: Item [597] is hard to place, performance drops: "FAL"
 4:05:13.543 [CE][LootRespawner] (PRIDummy) :: Item [598] is hard to place, performance drops: "FAL"
 4:05:13.543 [CE][LootRespawner] (PRIDummy) :: Item [599] is hard to place, performance drops: "FAL"
 4:05:13.543 [CE][LootRespawner] (PRIDummy) :: Item [600] is hard to place, performance drops: "FAL"
 4:05:13.543 [CE][LootRespawner] (PRIDummy) :: Item [601] is hard to place, performance drops: "FAL"
 4:05:13.543 [CE][LootRespawner] (PRIDummy) :: Item [602] is hard to place, performance drops: "FAL"
 4:05:13.543 [CE][LootRespawner] (PRIDummy) :: Item [603] is hard to place, performance drops: "FAL"
 4:05:13.543 [CE][LootRespawner] (PRIDummy) :: Item [116] causing search overtime: "FAL"
 4:05:13.641 [CE][LootRespawner] (PRIDummy) :: Item [604] is hard to place, performance drops: "GhillieSuit_Woodland"
 4:05:13.641 [CE][LootRespawner] (PRIDummy) :: Item [605] is hard to place, performance drops: "GhillieSuit_Woodland"
 4:05:13.641 [CE][LootRespawner] (PRIDummy) :: Item [606] is hard to place, performance drops: "GhillieSuit_Woodland"
 4:05:13.641 [CE][LootRespawner] (PRIDummy) :: Item [607] is hard to place, performance drops: "GhillieSuit_Woodland"
 4:05:13.641 [CE][LootRespawner] (PRIDummy) :: Item [608] is hard to place, performance drops: "GhillieSuit_Woodland"
 4:05:13.641 [CE][LootRespawner] (PRIDummy) :: Item [609] is hard to place, performance drops: "GhillieSuit_Woodland"
 4:05:13.641 [CE][LootRespawner] (PRIDummy) :: Item [610] is hard to place, performance drops: "GhillieSuit_Woodland"
 4:05:13.642 [CE][LootRespawner] (PRIDummy) :: Item [117] causing search overtime: "GhillieSuit_Woodland"
 4:05:13.741 [CE][LootRespawner] (PRIDummy) :: Item [611] is hard to place, performance drops: "ttr700"
 4:05:13.741 [CE][LootRespawner] (PRIDummy) :: Item [612] is hard to place, performance drops: "ttr700"
 4:05:13.741 [CE][LootRespawner] (PRIDummy) :: Item [613] is hard to place, performance drops: "ttr700"
 4:05:13.741 [CE][LootRespawner] (PRIDummy) :: Item [614] is hard to place, performance drops: "ttr700"
 4:05:13.741 [CE][LootRespawner] (PRIDummy) :: Item [615] is hard to place, performance drops: "ttr700"
 4:05:13.741 [CE][LootRespawner] (PRIDummy) :: Item [616] is hard to place, performance drops: "ttr700"
 4:05:13.741 [CE][LootRespawner] (PRIDummy) :: Item [617] is hard to place, performance drops: "ttr700"
 4:05:13.741 [CE][LootRespawner] (PRIDummy) :: Item [618] is hard to place, performance drops: "ttr700"
 4:05:13.741 [CE][LootRespawner] (PRIDummy) :: Item [118] causing search overtime: "ttr700"
 4:05:13.841 [CE][LootRespawner] (PRIDummy) :: Item [119] causing search overtime: "Chestplate"
 4:05:13.941 [CE][LootRespawner] (PRIDummy) :: Item [619] is hard to place, performance drops: "NVGoggles"
 4:05:13.941 [CE][LootRespawner] (PRIDummy) :: Item [620] is hard to place, performance drops: "NVGoggles"
 4:05:13.941 [CE][LootRespawner] (PRIDummy) :: Item [621] is hard to place, performance drops: "NVGoggles"
 4:05:13.941 [CE][LootRespawner] (PRIDummy) :: Item [622] is hard to place, performance drops: "NVGoggles"
 4:05:13.941 [CE][LootRespawner] (PRIDummy) :: Item [623] is hard to place, performance drops: "NVGoggles"
 4:05:13.941 [CE][LootRespawner] (PRIDummy) :: Item [624] is hard to place, performance drops: "NVGoggles"
 4:05:13.941 [CE][LootRespawner] (PRIDummy) :: Item [625] is hard to place, performance drops: "NVGoggles"
 4:05:13.941 [CE][LootRespawner] (PRIDummy) :: Item [626] is hard to place, performance drops: "NVGoggles"
 4:05:13.941 [CE][LootRespawner] (PRIDummy) :: Item [627] is hard to place, performance drops: "NVGoggles"
 4:05:13.942 [CE][LootRespawner] (PRIDummy) :: Item [120] causing search overtime: "NVGoggles"
 4:05:14.41 [CE][LootRespawner] (PRIDummy) :: Item [628] is hard to place, performance drops: "Fal_FoldingBttstck"
 4:05:14.41 [CE][LootRespawner] (PRIDummy) :: Item [121] causing search overtime: "Fal_FoldingBttstck"
 4:05:14.141 [CE][LootRespawner] (PRIDummy) :: Item [629] is hard to place, performance drops: "PlateCarrierPouches_Camo"
 4:05:14.141 [CE][LootRespawner] (PRIDummy) :: Item [630] is hard to place, performance drops: "PlateCarrierPouches_Camo"
 4:05:14.141 [CE][LootRespawner] (PRIDummy) :: Item [631] is hard to place, performance drops: "PlateCarrierPouches_Camo"
 4:05:14.141 [CE][LootRespawner] (PRIDummy) :: Item [632] is hard to place, performance drops: "PlateCarrierPouches_Camo"
 4:05:14.141 [CE][LootRespawner] (PRIDummy) :: Item [633] is hard to place, performance drops: "PlateCarrierPouches_Camo"
 4:05:14.141 [CE][LootRespawner] (PRIDummy) :: Item [634] is hard to place, performance drops: "PlateCarrierPouches_Camo"
 4:05:14.141 [CE][LootRespawner] (PRIDummy) :: Item [635] is hard to place, performance drops: "PlateCarrierPouches_Camo"
 4:05:14.141 [CE][LootRespawner] (PRIDummy) :: Item [636] is hard to place, performance drops: "PlateCarrierPouches_Camo"
 4:05:14.141 [CE][LootRespawner] (PRIDummy) :: Item [637] is hard to place, performance drops: "PlateCarrierPouches_Camo"
 4:05:14.141 [CE][LootRespawner] (PRIDummy) :: Item [122] causing search overtime: "PlateCarrierPouches_Camo"
 4:05:14.241 [CE][LootRespawner] (PRIDummy) :: Item [638] is hard to place, performance drops: "Fal_OeBttstck"
 4:05:14.241 [CE][LootRespawner] (PRIDummy) :: Item [123] causing search overtime: "Fal_OeBttstck"
 4:05:14.341 [CE][LootRespawner] (PRIDummy) :: Item [639] is hard to place, performance drops: "GhillieTop_Woodland"
 4:05:14.341 [CE][LootRespawner] (PRIDummy) :: Item [640] is hard to place, performance drops: "GhillieTop_Woodland"
 4:05:14.341 [CE][LootRespawner] (PRIDummy) :: Item [641] is hard to place, performance drops: "GhillieTop_Woodland"
 4:05:14.341 [CE][LootRespawner] (PRIDummy) :: Item [642] is hard to place, performance drops: "GhillieTop_Woodland"
 4:05:14.341 [CE][LootRespawner] (PRIDummy) :: Item [643] is hard to place, performance drops: "GhillieTop_Woodland"
 4:05:14.341 [CE][LootRespawner] (PRIDummy) :: Item [644] is hard to place, performance drops: "GhillieTop_Woodland"
 4:05:14.341 [CE][LootRespawner] (PRIDummy) :: Item [645] is hard to place, performance drops: "GhillieTop_Woodland"
 4:05:14.341 [CE][LootRespawner] (PRIDummy) :: Item [124] causing search overtime: "GhillieTop_Woodland"
 4:05:14.442 [CE][LootRespawner] (PRIDummy) :: Item [125] causing search overtime: "GreatHelm"
 4:05:14.541 [CE][LootRespawner] (PRIDummy) :: Item [646] is hard to place, performance drops: "GhillieHood_Woodland"
 4:05:14.541 [CE][LootRespawner] (PRIDummy) :: Item [647] is hard to place, performance drops: "GhillieHood_Woodland"
 4:05:14.541 [CE][LootRespawner] (PRIDummy) :: Item [648] is hard to place, performance drops: "GhillieHood_Woodland"
 4:05:14.541 [CE][LootRespawner] (PRIDummy) :: Item [649] is hard to place, performance drops: "GhillieHood_Woodland"
 4:05:14.541 [CE][LootRespawner] (PRIDummy) :: Item [650] is hard to place, performance drops: "GhillieHood_Woodland"
 4:05:14.541 [CE][LootRespawner] (PRIDummy) :: Item [651] is hard to place, performance drops: "GhillieHood_Woodland"
 4:05:14.541 [CE][LootRespawner] (PRIDummy) :: Item [652] is hard to place, performance drops: "GhillieHood_Woodland"
 4:05:14.541 [CE][LootRespawner] (PRIDummy) :: Item [126] causing search overtime: "GhillieHood_Woodland"
 4:05:41.680 [CE][LootRespawner] (PRIDummy) :: Item [127] causing search overtime: "Mag_CZ527_5rnd"
 4:05:41.780 [CE][LootRespawner] (PRIDummy) :: Item [653] is hard to place, performance drops: "AmmoBox_556x45_20Rnd"
 4:05:41.780 [CE][LootRespawner] (PRIDummy) :: Item [654] is hard to place, performance drops: "AmmoBox_556x45_20Rnd"
 4:05:41.780 [CE][LootRespawner] (PRIDummy) :: Item [655] is hard to place, performance drops: "AmmoBox_556x45_20Rnd"
 4:05:41.780 [CE][LootRespawner] (PRIDummy) :: Item [656] is hard to place, performance drops: "AmmoBox_556x45_20Rnd"
 4:05:41.780 [CE][LootRespawner] (PRIDummy) :: Item [657] is hard to place, performance drops: "AmmoBox_556x45_20Rnd"
 4:05:41.780 [CE][LootRespawner] (PRIDummy) :: Item [658] is hard to place, performance drops: "AmmoBox_556x45_20Rnd"
 4:05:41.781 [CE][LootRespawner] (PRIDummy) :: Item [659] is hard to place, performance drops: "AmmoBox_556x45_20Rnd"
 4:05:41.781 [CE][LootRespawner] (PRIDummy) :: Item [660] is hard to place, performance drops: "AmmoBox_556x45_20Rnd"
 4:05:41.781 [CE][LootRespawner] (PRIDummy) :: Item [661] is hard to place, performance drops: "AmmoBox_556x45_20Rnd"
 4:05:41.781 [CE][LootRespawner] (PRIDummy) :: Item [128] causing search overtime: "AmmoBox_556x45_20Rnd"
 4:05:41.880 [CE][LootRespawner] (PRIDummy) :: Item [662] is hard to place, performance drops: "AmmoBox_762x39_20Rnd"
 4:05:41.880 [CE][LootRespawner] (PRIDummy) :: Item [663] is hard to place, performance drops: "AmmoBox_762x39_20Rnd"
 4:05:41.880 [CE][LootRespawner] (PRIDummy) :: Item [664] is hard to place, performance drops: "AmmoBox_762x39_20Rnd"
 4:05:41.880 [CE][LootRespawner] (PRIDummy) :: Item [665] is hard to place, performance drops: "AmmoBox_762x39_20Rnd"
 4:05:41.880 [CE][LootRespawner] (PRIDummy) :: Item [666] is hard to place, performance drops: "AmmoBox_762x39_20Rnd"
 4:05:41.880 [CE][LootRespawner] (PRIDummy) :: Item [667] is hard to place, performance drops: "AmmoBox_762x39_20Rnd"
 4:05:41.880 [CE][LootRespawner] (PRIDummy) :: Item [668] is hard to place, performance drops: "AmmoBox_762x39_20Rnd"
 4:05:41.880 [CE][LootRespawner] (PRIDummy) :: Item [669] is hard to place, performance drops: "AmmoBox_762x39_20Rnd"
 4:05:41.880 [CE][LootRespawner] (PRIDummy) :: Item [670] is hard to place, performance drops: "AmmoBox_762x39_20Rnd"
 4:05:41.880 [CE][LootRespawner] (PRIDummy) :: Item [129] causing search overtime: "AmmoBox_762x39_20Rnd"
 4:05:41.981 [CE][LootRespawner] (PRIDummy) :: Item [130] causing search overtime: "Mag_CZ550_10rnd"
 4:06:06.983 [CE][LootRespawner] (PRIDummy) :: Item [131] causing search overtime: "Mag_CZ550_10rnd"
 4:06:07.88 [CE][LootRespawner] (PRIDummy) :: Item [671] is hard to place, performance drops: "FAMAS"
 4:06:07.88 [CE][LootRespawner] (PRIDummy) :: Item [672] is hard to place, performance drops: "FAMAS"
 4:06:07.88 [CE][LootRespawner] (PRIDummy) :: Item [673] is hard to place, performance drops: "FAMAS"
 4:06:07.88 [CE][LootRespawner] (PRIDummy) :: Item [674] is hard to place, performance drops: "FAMAS"
 4:06:07.88 [CE][LootRespawner] (PRIDummy) :: Item [675] is hard to place, performance drops: "FAMAS"
 4:06:07.88 [CE][LootRespawner] (PRIDummy) :: Item [676] is hard to place, performance drops: "FAMAS"
 4:06:07.88 [CE][LootRespawner] (PRIDummy) :: Item [677] is hard to place, performance drops: "FAMAS"
 4:06:07.88 [CE][LootRespawner] (PRIDummy) :: Item [678] is hard to place, performance drops: "FAMAS"
 4:06:07.88 [CE][LootRespawner] (PRIDummy) :: Item [132] causing search overtime: "FAMAS"
 4:06:07.183 [CE][LootRespawner] (PRIDummy) :: Item [679] is hard to place, performance drops: "Saiga"
 4:06:07.183 [CE][LootRespawner] (PRIDummy) :: Item [680] is hard to place, performance drops: "Saiga"
 4:06:07.183 [CE][LootRespawner] (PRIDummy) :: Item [681] is hard to place, performance drops: "Saiga"
 4:06:07.183 [CE][LootRespawner] (PRIDummy) :: Item [682] is hard to place, performance drops: "Saiga"
 4:06:07.183 [CE][LootRespawner] (PRIDummy) :: Item [683] is hard to place, performance drops: "Saiga"
 4:06:07.183 [CE][LootRespawner] (PRIDummy) :: Item [684] is hard to place, performance drops: "Saiga"
 4:06:07.183 [CE][LootRespawner] (PRIDummy) :: Item [685] is hard to place, performance drops: "Saiga"
 4:06:07.183 [CE][LootRespawner] (PRIDummy) :: Item [686] is hard to place, performance drops: "Saiga"
 4:06:07.183 [CE][LootRespawner] (PRIDummy) :: Item [687] is hard to place, performance drops: "Saiga"
 4:06:07.183 [CE][LootRespawner] (PRIDummy) :: Item [133] causing search overtime: "Saiga"
 4:06:07.282 [CE][LootRespawner] (PRIDummy) :: Item [688] is hard to place, performance drops: "BomberJacket_Black"
 4:06:07.282 [CE][LootRespawner] (PRIDummy) :: Item [689] is hard to place, performance drops: "BomberJacket_Black"
 4:06:07.282 [CE][LootRespawner] (PRIDummy) :: Item [690] is hard to place, performance drops: "BomberJacket_Black"
 4:06:07.282 [CE][LootRespawner] (PRIDummy) :: Item [691] is hard to place, performance drops: "BomberJacket_Black"
 4:06:07.282 [CE][LootRespawner] (PRIDummy) :: Item [692] is hard to place, performance drops: "BomberJacket_Black"
 4:06:07.282 [CE][LootRespawner] (PRIDummy) :: Item [693] is hard to place, performance drops: "BomberJacket_Black"
 4:06:07.282 [CE][LootRespawner] (PRIDummy) :: Item [694] is hard to place, performance drops: "BomberJacket_Black"
 4:06:07.283 [CE][LootRespawner] (PRIDummy) :: Item [134] causing search overtime: "BomberJacket_Black"
 4:06:07.383 [CE][LootRespawner] (PRIDummy) :: Item [695] is hard to place, performance drops: "CargoPants_Green"
 4:06:07.383 [CE][LootRespawner] (PRIDummy) :: Item [696] is hard to place, performance drops: "CargoPants_Green"
 4:06:07.383 [CE][LootRespawner] (PRIDummy) :: Item [697] is hard to place, performance drops: "CargoPants_Green"
 4:06:07.383 [CE][LootRespawner] (PRIDummy) :: Item [698] is hard to place, performance drops: "CargoPants_Green"
 4:06:07.383 [CE][LootRespawner] (PRIDummy) :: Item [699] is hard to place, performance drops: "CargoPants_Green"
 4:06:07.383 [CE][LootRespawner] (PRIDummy) :: Item [700] is hard to place, performance drops: "CargoPants_Green"
 4:06:07.383 [CE][LootRespawner] (PRIDummy) :: Item [701] is hard to place, performance drops: "CargoPants_Green"
 4:06:07.383 [CE][LootRespawner] (PRIDummy) :: Item [135] causing search overtime: "CargoPants_Green"
 4:06:07.483 [CE][LootRespawner] (PRIDummy) :: Item [702] is hard to place, performance drops: "M16A2"
 4:06:07.483 [CE][LootRespawner] (PRIDummy) :: Item [703] is hard to place, performance drops: "M16A2"
 4:06:07.483 [CE][LootRespawner] (PRIDummy) :: Item [704] is hard to place, performance drops: "M16A2"
 4:06:07.483 [CE][LootRespawner] (PRIDummy) :: Item [705] is hard to place, performance drops: "M16A2"
 4:06:07.483 [CE][LootRespawner] (PRIDummy) :: Item [706] is hard to place, performance drops: "M16A2"
 4:06:07.483 [CE][LootRespawner] (PRIDummy) :: Item [707] is hard to place, performance drops: "M16A2"
 4:06:07.483 [CE][LootRespawner] (PRIDummy) :: Item [708] is hard to place, performance drops: "M16A2"
 4:06:07.483 [CE][LootRespawner] (PRIDummy) :: Item [709] is hard to place, performance drops: "M16A2"
 4:06:07.483 [CE][LootRespawner] (PRIDummy) :: Item [136] causing search overtime: "M16A2"
 4:06:07.584 [CE][LootRespawner] (PRIDummy) :: Item [137] causing search overtime: "TacticalBaconCan"
 4:06:07.683 [CE][LootRespawner] (PRIDummy) :: Item [710] is hard to place, performance drops: "AK74"
 4:06:07.683 [CE][LootRespawner] (PRIDummy) :: Item [711] is hard to place, performance drops: "AK74"
 4:06:07.683 [CE][LootRespawner] (PRIDummy) :: Item [712] is hard to place, performance drops: "AK74"
 4:06:07.683 [CE][LootRespawner] (PRIDummy) :: Item [713] is hard to place, performance drops: "AK74"
 4:06:07.683 [CE][LootRespawner] (PRIDummy) :: Item [714] is hard to place, performance drops: "AK74"
 4:06:07.683 [CE][LootRespawner] (PRIDummy) :: Item [715] is hard to place, performance drops: "AK74"
 4:06:07.683 [CE][LootRespawner] (PRIDummy) :: Item [716] is hard to place, performance drops: "AK74"
 4:06:07.683 [CE][LootRespawner] (PRIDummy) :: Item [717] is hard to place, performance drops: "AK74"
 4:06:07.683 [CE][LootRespawner] (PRIDummy) :: Item [138] causing search overtime: "AK74"
 4:06:07.783 [CE][LootRespawner] (PRIDummy) :: Item [718] is hard to place, performance drops: "M18SmokeGrenade_Red"
 4:06:07.783 [CE][LootRespawner] (PRIDummy) :: Item [719] is hard to place, performance drops: "M18SmokeGrenade_Red"
 4:06:07.783 [CE][LootRespawner] (PRIDummy) :: Item [720] is hard to place, performance drops: "M18SmokeGrenade_Red"
 4:06:07.783 [CE][LootRespawner] (PRIDummy) :: Item [721] is hard to place, performance drops: "M18SmokeGrenade_Red"
 4:06:07.783 [CE][LootRespawner] (PRIDummy) :: Item [722] is hard to place, performance drops: "M18SmokeGrenade_Red"
 4:06:07.783 [CE][LootRespawner] (PRIDummy) :: Item [723] is hard to place, performance drops: "M18SmokeGrenade_Red"
 4:06:07.783 [CE][LootRespawner] (PRIDummy) :: Item [724] is hard to place, performance drops: "M18SmokeGrenade_Red"
 4:06:07.783 [CE][LootRespawner] (PRIDummy) :: Item [725] is hard to place, performance drops: "M18SmokeGrenade_Red"
 4:06:07.783 [CE][LootRespawner] (PRIDummy) :: Item [139] causing search overtime: "M18SmokeGrenade_Red"
 4:06:07.882 [CE][LootRespawner] (PRIDummy) :: Item [726] is hard to place, performance drops: "SmershVest"
 4:06:07.883 [CE][LootRespawner] (PRIDummy) :: Item [727] is hard to place, performance drops: "SmershVest"
 4:06:07.883 [CE][LootRespawner] (PRIDummy) :: Item [728] is hard to place, performance drops: "SmershVest"
 4:06:07.883 [CE][LootRespawner] (PRIDummy) :: Item [729] is hard to place, performance drops: "SmershVest"
 4:06:07.883 [CE][LootRespawner] (PRIDummy) :: Item [730] is hard to place, performance drops: "SmershVest"
 4:06:07.883 [CE][LootRespawner] (PRIDummy) :: Item [731] is hard to place, performance drops: "SmershVest"
 4:06:07.883 [CE][LootRespawner] (PRIDummy) :: Item [732] is hard to place, performance drops: "SmershVest"
 4:06:07.883 [CE][LootRespawner] (PRIDummy) :: Item [733] is hard to place, performance drops: "SmershVest"
 4:06:07.883 [CE][LootRespawner] (PRIDummy) :: Item [140] causing search overtime: "SmershVest"
 4:06:07.983 [CE][LootRespawner] (PRIDummy) :: Item [734] is hard to place, performance drops: "STAG_Clothing_PlateCarrier"
 4:06:07.983 [CE][LootRespawner] (PRIDummy) :: Item [735] is hard to place, performance drops: "STAG_Clothing_PlateCarrier"
 4:06:07.983 [CE][LootRespawner] (PRIDummy) :: Item [736] is hard to place, performance drops: "STAG_Clothing_PlateCarrier"
 4:06:07.983 [CE][LootRespawner] (PRIDummy) :: Item [737] is hard to place, performance drops: "STAG_Clothing_PlateCarrier"
 4:06:07.983 [CE][LootRespawner] (PRIDummy) :: Item [738] is hard to place, performance drops: "STAG_Clothing_PlateCarrier"
 4:06:07.983 [CE][LootRespawner] (PRIDummy) :: Item [739] is hard to place, performance drops: "STAG_Clothing_PlateCarrier"
 4:06:07.983 [CE][LootRespawner] (PRIDummy) :: Item [740] is hard to place, performance drops: "STAG_Clothing_PlateCarrier"
 4:06:07.983 [CE][LootRespawner] (PRIDummy) :: Item [741] is hard to place, performance drops: "STAG_Clothing_PlateCarrier"
 4:06:07.983 [CE][LootRespawner] (PRIDummy) :: Item [141] causing search overtime: "STAG_Clothing_PlateCarrier"
 4:06:08.83 [CE][LootRespawner] (PRIDummy) :: Item [742] is hard to place, performance drops: "CargoPants_Black"
 4:06:08.83 [CE][LootRespawner] (PRIDummy) :: Item [743] is hard to place, performance drops: "CargoPants_Black"
 4:06:08.83 [CE][LootRespawner] (PRIDummy) :: Item [744] is hard to place, performance drops: "CargoPants_Black"
 4:06:08.83 [CE][LootRespawner] (PRIDummy) :: Item [745] is hard to place, performance drops: "CargoPants_Black"
 4:06:08.83 [CE][LootRespawner] (PRIDummy) :: Item [746] is hard to place, performance drops: "CargoPants_Black"
 4:06:08.83 [CE][LootRespawner] (PRIDummy) :: Item [747] is hard to place, performance drops: "CargoPants_Black"
 4:06:08.83 [CE][LootRespawner] (PRIDummy) :: Item [748] is hard to place, performance drops: "CargoPants_Black"
 4:06:08.83 [CE][LootRespawner] (PRIDummy) :: Item [142] causing search overtime: "CargoPants_Black"
 4:06:08.183 [CE][LootRespawner] (PRIDummy) :: Item [749] is hard to place, performance drops: "STAG_Clothing_M65_Jacket"
 4:06:08.183 [CE][LootRespawner] (PRIDummy) :: Item [750] is hard to place, performance drops: "STAG_Clothing_M65_Jacket"
 4:06:08.183 [CE][LootRespawner] (PRIDummy) :: Item [751] is hard to place, performance drops: "STAG_Clothing_M65_Jacket"
 4:06:08.183 [CE][LootRespawner] (PRIDummy) :: Item [752] is hard to place, performance drops: "STAG_Clothing_M65_Jacket"
 4:06:08.183 [CE][LootRespawner] (PRIDummy) :: Item [753] is hard to place, performance drops: "STAG_Clothing_M65_Jacket"
 4:06:08.183 [CE][LootRespawner] (PRIDummy) :: Item [754] is hard to place, performance drops: "STAG_Clothing_M65_Jacket"
 4:06:08.183 [CE][LootRespawner] (PRIDummy) :: Item [755] is hard to place, performance drops: "STAG_Clothing_M65_Jacket"
 4:06:08.183 [CE][LootRespawner] (PRIDummy) :: Item [756] is hard to place, performance drops: "STAG_Clothing_M65_Jacket"
 4:06:08.183 [CE][LootRespawner] (PRIDummy) :: Item [143] causing search overtime: "STAG_Clothing_M65_Jacket"
 4:06:08.283 [CE][LootRespawner] (PRIDummy) :: Item [757] is hard to place, performance drops: "SA_Loot_Chest_Red"
 4:06:08.283 [CE][LootRespawner] (PRIDummy) :: Item [758] is hard to place, performance drops: "SA_Loot_Chest_Red"
 4:06:08.283 [CE][LootRespawner] (PRIDummy) :: Item [759] is hard to place, performance drops: "SA_Loot_Chest_Red"
 4:06:08.283 [CE][LootRespawner] (PRIDummy) :: Item [760] is hard to place, performance drops: "SA_Loot_Chest_Red"
 4:06:08.283 [CE][LootRespawner] (PRIDummy) :: Item [761] is hard to place, performance drops: "SA_Loot_Chest_Red"
 4:06:08.283 [CE][LootRespawner] (PRIDummy) :: Item [762] is hard to place, performance drops: "SA_Loot_Chest_Red"
 4:06:08.283 [CE][LootRespawner] (PRIDummy) :: Item [763] is hard to place, performance drops: "SA_Loot_Chest_Red"
 4:06:08.283 [CE][LootRespawner] (PRIDummy) :: Item [144] causing search overtime: "SA_Loot_Chest_Red"
 4:06:08.382 [CE][LootRespawner] (PRIDummy) :: Item [764] is hard to place, performance drops: "STAG_Clothing_Cargo_Pants"
 4:06:08.382 [CE][LootRespawner] (PRIDummy) :: Item [765] is hard to place, performance drops: "STAG_Clothing_Cargo_Pants"
 4:06:08.382 [CE][LootRespawner] (PRIDummy) :: Item [766] is hard to place, performance drops: "STAG_Clothing_Cargo_Pants"
 4:06:08.382 [CE][LootRespawner] (PRIDummy) :: Item [767] is hard to place, performance drops: "STAG_Clothing_Cargo_Pants"
 4:06:08.382 [CE][LootRespawner] (PRIDummy) :: Item [768] is hard to place, performance drops: "STAG_Clothing_Cargo_Pants"
 4:06:08.382 [CE][LootRespawner] (PRIDummy) :: Item [769] is hard to place, performance drops: "STAG_Clothing_Cargo_Pants"
 4:06:08.383 [CE][LootRespawner] (PRIDummy) :: Item [770] is hard to place, performance drops: "STAG_Clothing_Cargo_Pants"
 4:06:08.383 [CE][LootRespawner] (PRIDummy) :: Item [771] is hard to place, performance drops: "STAG_Clothing_Cargo_Pants"
 4:06:08.383 [CE][LootRespawner] (PRIDummy) :: Item [145] causing search overtime: "STAG_Clothing_Cargo_Pants"
 4:06:08.483 [CE][LootRespawner] (PRIDummy) :: Item [146] causing search overtime: "CZ550"
 4:06:08.583 [CE][LootRespawner] (PRIDummy) :: Item [772] is hard to place, performance drops: "STAG_Clothing_Boots"
 4:06:08.583 [CE][LootRespawner] (PRIDummy) :: Item [773] is hard to place, performance drops: "STAG_Clothing_Boots"
 4:06:08.583 [CE][LootRespawner] (PRIDummy) :: Item [774] is hard to place, performance drops: "STAG_Clothing_Boots"
 4:06:08.583 [CE][LootRespawner] (PRIDummy) :: Item [775] is hard to place, performance drops: "STAG_Clothing_Boots"
 4:06:08.583 [CE][LootRespawner] (PRIDummy) :: Item [776] is hard to place, performance drops: "STAG_Clothing_Boots"
 4:06:08.583 [CE][LootRespawner] (PRIDummy) :: Item [777] is hard to place, performance drops: "STAG_Clothing_Boots"
 4:06:08.583 [CE][LootRespawner] (PRIDummy) :: Item [778] is hard to place, performance drops: "STAG_Clothing_Boots"
 4:06:08.583 [CE][LootRespawner] (PRIDummy) :: Item [779] is hard to place, performance drops: "STAG_Clothing_Boots"
 4:06:08.583 [CE][LootRespawner] (PRIDummy) :: Item [780] is hard to place, performance drops: "STAG_Clothing_Boots"
 4:06:08.583 [CE][LootRespawner] (PRIDummy) :: Item [147] causing search overtime: "STAG_Clothing_Boots"
 4:06:08.683 [CE][LootRespawner] (PRIDummy) :: Item [148] causing search overtime: "HipPack_Party"
 4:06:08.783 [CE][LootRespawner] (PRIDummy) :: Item [781] is hard to place, performance drops: "Mag_SV98_10Rnd"
 4:06:08.783 [CE][LootRespawner] (PRIDummy) :: Item [782] is hard to place, performance drops: "Mag_SV98_10Rnd"
 4:06:08.783 [CE][LootRespawner] (PRIDummy) :: Item [783] is hard to place, performance drops: "Mag_SV98_10Rnd"
 4:06:08.783 [CE][LootRespawner] (PRIDummy) :: Item [784] is hard to place, performance drops: "Mag_SV98_10Rnd"
 4:06:08.783 [CE][LootRespawner] (PRIDummy) :: Item [785] is hard to place, performance drops: "Mag_SV98_10Rnd"
 4:06:08.783 [CE][LootRespawner] (PRIDummy) :: Item [786] is hard to place, performance drops: "Mag_SV98_10Rnd"
 4:06:08.783 [CE][LootRespawner] (PRIDummy) :: Item [787] is hard to place, performance drops: "Mag_SV98_10Rnd"
 4:06:08.783 [CE][LootRespawner] (PRIDummy) :: Item [788] is hard to place, performance drops: "Mag_SV98_10Rnd"
 4:06:08.783 [CE][LootRespawner] (PRIDummy) :: Item [789] is hard to place, performance drops: "Mag_SV98_10Rnd"
 4:06:08.783 [CE][LootRespawner] (PRIDummy) :: Item [149] causing search overtime: "Mag_SV98_10Rnd"
 4:06:08.883 [CE][LootRespawner] (PRIDummy) :: Item [790] is hard to place, performance drops: "Mag_AKM_30Rnd"
 4:06:08.883 [CE][LootRespawner] (PRIDummy) :: Item [791] is hard to place, performance drops: "Mag_AKM_30Rnd"
 4:06:08.883 [CE][LootRespawner] (PRIDummy) :: Item [792] is hard to place, performance drops: "Mag_AKM_30Rnd"
 4:06:08.884 [CE][LootRespawner] (PRIDummy) :: Item [793] is hard to place, performance drops: "Mag_AKM_30Rnd"
 4:06:08.884 [CE][LootRespawner] (PRIDummy) :: Item [794] is hard to place, performance drops: "Mag_AKM_30Rnd"
 4:06:08.884 [CE][LootRespawner] (PRIDummy) :: Item [795] is hard to place, performance drops: "Mag_AKM_30Rnd"
 4:06:08.884 [CE][LootRespawner] (PRIDummy) :: Item [796] is hard to place, performance drops: "Mag_AKM_30Rnd"
 4:06:08.884 [CE][LootRespawner] (PRIDummy) :: Item [797] is hard to place, performance drops: "Mag_AKM_30Rnd"
 4:06:08.884 [CE][LootRespawner] (PRIDummy) :: Item [798] is hard to place, performance drops: "Mag_AKM_30Rnd"
 4:06:08.884 [CE][LootRespawner] (PRIDummy) :: Item [150] causing search overtime: "Mag_AKM_30Rnd"
 4:06:33.894 [CE][LootRespawner] (PRIDummy) :: Item [799] is hard to place, performance drops: "Mag_AKM_30Rnd"
 4:06:33.894 [CE][LootRespawner] (PRIDummy) :: Item [800] is hard to place, performance drops: "Mag_AKM_30Rnd"
 4:06:33.894 [CE][LootRespawner] (PRIDummy) :: Item [801] is hard to place, performance drops: "Mag_AKM_30Rnd"
 4:06:33.894 [CE][LootRespawner] (PRIDummy) :: Item [802] is hard to place, performance drops: "Mag_AKM_30Rnd"
 4:06:33.894 [CE][LootRespawner] (PRIDummy) :: Item [803] is hard to place, performance drops: "Mag_AKM_30Rnd"
 4:06:33.894 [CE][LootRespawner] (PRIDummy) :: Item [804] is hard to place, performance drops: "Mag_AKM_30Rnd"
 4:06:33.894 [CE][LootRespawner] (PRIDummy) :: Item [805] is hard to place, performance drops: "Mag_AKM_30Rnd"
 4:06:33.894 [CE][LootRespawner] (PRIDummy) :: Item [806] is hard to place, performance drops: "Mag_AKM_30Rnd"
 4:06:33.894 [CE][LootRespawner] (PRIDummy) :: Item [807] is hard to place, performance drops: "Mag_AKM_30Rnd"
 4:06:33.894 [CE][LootRespawner] (PRIDummy) :: Item [151] causing search overtime: "Mag_AKM_30Rnd"
 4:06:33.993 [CE][LootRespawner] (PRIDummy) :: Item [808] is hard to place, performance drops: "Mag_STANAG_30Rnd"
 4:06:33.993 [CE][LootRespawner] (PRIDummy) :: Item [809] is hard to place, performance drops: "Mag_STANAG_30Rnd"
 4:06:33.993 [CE][LootRespawner] (PRIDummy) :: Item [810] is hard to place, performance drops: "Mag_STANAG_30Rnd"
 4:06:33.993 [CE][LootRespawner] (PRIDummy) :: Item [811] is hard to place, performance drops: "Mag_STANAG_30Rnd"
 4:06:33.993 [CE][LootRespawner] (PRIDummy) :: Item [812] is hard to place, performance drops: "Mag_STANAG_30Rnd"
 4:06:33.993 [CE][LootRespawner] (PRIDummy) :: Item [813] is hard to place, performance drops: "Mag_STANAG_30Rnd"
 4:06:33.993 [CE][LootRespawner] (PRIDummy) :: Item [814] is hard to place, performance drops: "Mag_STANAG_30Rnd"
 4:06:33.993 [CE][LootRespawner] (PRIDummy) :: Item [815] is hard to place, performance drops: "Mag_STANAG_30Rnd"
 4:06:33.993 [CE][LootRespawner] (PRIDummy) :: Item [816] is hard to place, performance drops: "Mag_STANAG_30Rnd"
 4:06:33.993 [CE][LootRespawner] (PRIDummy) :: Item [152] causing search overtime: "Mag_STANAG_30Rnd"
 4:06:34.92 [CE][LootRespawner] (PRIDummy) :: Item [817] is hard to place, performance drops: "SV98"
 4:06:34.92 [CE][LootRespawner] (PRIDummy) :: Item [818] is hard to place, performance drops: "SV98"
 4:06:34.93 [CE][LootRespawner] (PRIDummy) :: Item [819] is hard to place, performance drops: "SV98"
 4:06:34.93 [CE][LootRespawner] (PRIDummy) :: Item [820] is hard to place, performance drops: "SV98"
 4:06:34.93 [CE][LootRespawner] (PRIDummy) :: Item [821] is hard to place, performance drops: "SV98"
 4:06:34.93 [CE][LootRespawner] (PRIDummy) :: Item [822] is hard to place, performance drops: "SV98"
 4:06:34.93 [CE][LootRespawner] (PRIDummy) :: Item [823] is hard to place, performance drops: "SV98"
 4:06:34.93 [CE][LootRespawner] (PRIDummy) :: Item [824] is hard to place, performance drops: "SV98"
 4:06:34.93 [CE][LootRespawner] (PRIDummy) :: Item [153] causing search overtime: "SV98"
 4:06:34.192 [CE][LootRespawner] (PRIDummy) :: Item [825] is hard to place, performance drops: "Mag_Vikhr_30Rnd"
 4:06:34.192 [CE][LootRespawner] (PRIDummy) :: Item [826] is hard to place, performance drops: "Mag_Vikhr_30Rnd"
 4:06:34.192 [CE][LootRespawner] (PRIDummy) :: Item [827] is hard to place, performance drops: "Mag_Vikhr_30Rnd"
 4:06:34.192 [CE][LootRespawner] (PRIDummy) :: Item [828] is hard to place, performance drops: "Mag_Vikhr_30Rnd"
 4:06:34.192 [CE][LootRespawner] (PRIDummy) :: Item [829] is hard to place, performance drops: "Mag_Vikhr_30Rnd"
 4:06:34.192 [CE][LootRespawner] (PRIDummy) :: Item [830] is hard to place, performance drops: "Mag_Vikhr_30Rnd"
 4:06:34.192 [CE][LootRespawner] (PRIDummy) :: Item [831] is hard to place, performance drops: "Mag_Vikhr_30Rnd"
 4:06:34.192 [CE][LootRespawner] (PRIDummy) :: Item [832] is hard to place, performance drops: "Mag_Vikhr_30Rnd"
 4:06:34.192 [CE][LootRespawner] (PRIDummy) :: Item [833] is hard to place, performance drops: "Mag_Vikhr_30Rnd"
 4:06:34.192 [CE][LootRespawner] (PRIDummy) :: Item [154] causing search overtime: "Mag_Vikhr_30Rnd"
 4:06:34.293 [CE][LootRespawner] (PRIDummy) :: Item [834] is hard to place, performance drops: "Mag_Saiga_8Rnd"
 4:06:34.293 [CE][LootRespawner] (PRIDummy) :: Item [835] is hard to place, performance drops: "Mag_Saiga_8Rnd"
 4:06:34.293 [CE][LootRespawner] (PRIDummy) :: Item [836] is hard to place, performance drops: "Mag_Saiga_8Rnd"
 4:06:34.293 [CE][LootRespawner] (PRIDummy) :: Item [837] is hard to place, performance drops: "Mag_Saiga_8Rnd"
 4:06:34.293 [CE][LootRespawner] (PRIDummy) :: Item [838] is hard to place, performance drops: "Mag_Saiga_8Rnd"
 4:06:34.293 [CE][LootRespawner] (PRIDummy) :: Item [839] is hard to place, performance drops: "Mag_Saiga_8Rnd"
 4:06:34.293 [CE][LootRespawner] (PRIDummy) :: Item [840] is hard to place, performance drops: "Mag_Saiga_8Rnd"
 4:06:34.293 [CE][LootRespawner] (PRIDummy) :: Item [841] is hard to place, performance drops: "Mag_Saiga_8Rnd"
 4:06:34.293 [CE][LootRespawner] (PRIDummy) :: Item [842] is hard to place, performance drops: "Mag_Saiga_8Rnd"
 4:06:34.293 [CE][LootRespawner] (PRIDummy) :: Item [155] causing search overtime: "Mag_Saiga_8Rnd"
 4:06:34.393 [CE][LootRespawner] (PRIDummy) :: Item [843] is hard to place, performance drops: "QuiltedJacket_Black"
 4:06:34.393 [CE][LootRespawner] (PRIDummy) :: Item [844] is hard to place, performance drops: "QuiltedJacket_Black"
 4:06:34.393 [CE][LootRespawner] (PRIDummy) :: Item [845] is hard to place, performance drops: "QuiltedJacket_Black"
 4:06:34.393 [CE][LootRespawner] (PRIDummy) :: Item [846] is hard to place, performance drops: "QuiltedJacket_Black"
 4:06:34.393 [CE][LootRespawner] (PRIDummy) :: Item [847] is hard to place, performance drops: "QuiltedJacket_Black"
 4:06:34.393 [CE][LootRespawner] (PRIDummy) :: Item [848] is hard to place, performance drops: "QuiltedJacket_Black"
 4:06:34.393 [CE][LootRespawner] (PRIDummy) :: Item [849] is hard to place, performance drops: "QuiltedJacket_Black"
 4:06:34.393 [CE][LootRespawner] (PRIDummy) :: Item [156] causing search overtime: "QuiltedJacket_Black"
 4:06:34.492 [CE][LootRespawner] (PRIDummy) :: Item [157] causing search overtime: "STAG_Clothing_MountainBag"
 4:06:34.592 [CE][LootRespawner] (PRIDummy) :: Item [850] is hard to place, performance drops: "Mag_AKM_Drum75Rnd"
 4:06:34.592 [CE][LootRespawner] (PRIDummy) :: Item [851] is hard to place, performance drops: "Mag_AKM_Drum75Rnd"
 4:06:34.592 [CE][LootRespawner] (PRIDummy) :: Item [852] is hard to place, performance drops: "Mag_AKM_Drum75Rnd"
 4:06:34.592 [CE][LootRespawner] (PRIDummy) :: Item [853] is hard to place, performance drops: "Mag_AKM_Drum75Rnd"
 4:06:34.592 [CE][LootRespawner] (PRIDummy) :: Item [854] is hard to place, performance drops: "Mag_AKM_Drum75Rnd"
 4:06:34.592 [CE][LootRespawner] (PRIDummy) :: Item [855] is hard to place, performance drops: "Mag_AKM_Drum75Rnd"
 4:06:34.592 [CE][LootRespawner] (PRIDummy) :: Item [856] is hard to place, performance drops: "Mag_AKM_Drum75Rnd"
 4:06:34.592 [CE][LootRespawner] (PRIDummy) :: Item [857] is hard to place, performance drops: "Mag_AKM_Drum75Rnd"
 4:06:34.592 [CE][LootRespawner] (PRIDummy) :: Item [158] causing search overtime: "Mag_AKM_Drum75Rnd"
 4:06:34.692 [CE][LootRespawner] (PRIDummy) :: Item [858] is hard to place, performance drops: "MilitaryBoots_Black"
 4:06:34.692 [CE][LootRespawner] (PRIDummy) :: Item [859] is hard to place, performance drops: "MilitaryBoots_Black"
 4:06:34.692 [CE][LootRespawner] (PRIDummy) :: Item [860] is hard to place, performance drops: "MilitaryBoots_Black"
 4:06:34.692 [CE][LootRespawner] (PRIDummy) :: Item [861] is hard to place, performance drops: "MilitaryBoots_Black"
 4:06:34.692 [CE][LootRespawner] (PRIDummy) :: Item [862] is hard to place, performance drops: "MilitaryBoots_Black"
 4:06:34.692 [CE][LootRespawner] (PRIDummy) :: Item [863] is hard to place, performance drops: "MilitaryBoots_Black"
 4:06:34.692 [CE][LootRespawner] (PRIDummy) :: Item [864] is hard to place, performance drops: "MilitaryBoots_Black"
 4:06:34.692 [CE][LootRespawner] (PRIDummy) :: Item [865] is hard to place, performance drops: "MilitaryBoots_Black"
 4:06:34.692 [CE][LootRespawner] (PRIDummy) :: Item [866] is hard to place, performance drops: "MilitaryBoots_Black"
 4:06:34.693 [CE][LootRespawner] (PRIDummy) :: Item [159] causing search overtime: "MilitaryBoots_Black"
 4:06:34.793 [CE][LootRespawner] (PRIDummy) :: Item [867] is hard to place, performance drops: "M4_T3NRDSOptic"
 4:06:34.793 [CE][LootRespawner] (PRIDummy) :: Item [868] is hard to place, performance drops: "M4_T3NRDSOptic"
 4:06:34.793 [CE][LootRespawner] (PRIDummy) :: Item [869] is hard to place, performance drops: "M4_T3NRDSOptic"
 4:06:34.793 [CE][LootRespawner] (PRIDummy) :: Item [870] is hard to place, performance drops: "M4_T3NRDSOptic"
 4:06:34.793 [CE][LootRespawner] (PRIDummy) :: Item [871] is hard to place, performance drops: "M4_T3NRDSOptic"
 4:06:34.793 [CE][LootRespawner] (PRIDummy) :: Item [872] is hard to place, performance drops: "M4_T3NRDSOptic"
 4:06:34.793 [CE][LootRespawner] (PRIDummy) :: Item [873] is hard to place, performance drops: "M4_T3NRDSOptic"
 4:06:34.793 [CE][LootRespawner] (PRIDummy) :: Item [874] is hard to place, performance drops: "M4_T3NRDSOptic"
 4:06:34.793 [CE][LootRespawner] (PRIDummy) :: Item [875] is hard to place, performance drops: "M4_T3NRDSOptic"
 4:06:34.793 [CE][LootRespawner] (PRIDummy) :: Item [160] causing search overtime: "M4_T3NRDSOptic"
 4:06:34.893 [CE][LootRespawner] (PRIDummy) :: Item [876] is hard to place, performance drops: "QuiltedJacket_Green"
 4:06:34.893 [CE][LootRespawner] (PRIDummy) :: Item [877] is hard to place, performance drops: "QuiltedJacket_Green"
 4:06:34.893 [CE][LootRespawner] (PRIDummy) :: Item [878] is hard to place, performance drops: "QuiltedJacket_Green"
 4:06:34.893 [CE][LootRespawner] (PRIDummy) :: Item [879] is hard to place, performance drops: "QuiltedJacket_Green"
 4:06:34.893 [CE][LootRespawner] (PRIDummy) :: Item [880] is hard to place, performance drops: "QuiltedJacket_Green"
 4:06:34.893 [CE][LootRespawner] (PRIDummy) :: Item [881] is hard to place, performance drops: "QuiltedJacket_Green"
 4:06:34.893 [CE][LootRespawner] (PRIDummy) :: Item [882] is hard to place, performance drops: "QuiltedJacket_Green"
 4:06:34.893 [CE][LootRespawner] (PRIDummy) :: Item [161] causing search overtime: "QuiltedJacket_Green"
 4:06:34.993 [CE][LootRespawner] (PRIDummy) :: Item [883] is hard to place, performance drops: "BalaclavaMask_Black"
 4:06:34.993 [CE][LootRespawner] (PRIDummy) :: Item [884] is hard to place, performance drops: "BalaclavaMask_Black"
 4:06:34.993 [CE][LootRespawner] (PRIDummy) :: Item [885] is hard to place, performance drops: "BalaclavaMask_Black"
 4:06:34.993 [CE][LootRespawner] (PRIDummy) :: Item [886] is hard to place, performance drops: "BalaclavaMask_Black"
 4:06:34.993 [CE][LootRespawner] (PRIDummy) :: Item [887] is hard to place, performance drops: "BalaclavaMask_Black"
 4:06:34.993 [CE][LootRespawner] (PRIDummy) :: Item [888] is hard to place, performance drops: "BalaclavaMask_Black"
 4:06:34.993 [CE][LootRespawner] (PRIDummy) :: Item [889] is hard to place, performance drops: "BalaclavaMask_Black"
 4:06:34.993 [CE][LootRespawner] (PRIDummy) :: Item [890] is hard to place, performance drops: "BalaclavaMask_Black"
 4:06:34.993 [CE][LootRespawner] (PRIDummy) :: Item [162] causing search overtime: "BalaclavaMask_Black"
 4:06:35.92 [CE][LootRespawner] (PRIDummy) :: Item [891] is hard to place, performance drops: "AKS74U"
 4:06:35.92 [CE][LootRespawner] (PRIDummy) :: Item [892] is hard to place, performance drops: "AKS74U"
 4:06:35.92 [CE][LootRespawner] (PRIDummy) :: Item [893] is hard to place, performance drops: "AKS74U"
 4:06:35.92 [CE][LootRespawner] (PRIDummy) :: Item [894] is hard to place, performance drops: "AKS74U"
 4:06:35.92 [CE][LootRespawner] (PRIDummy) :: Item [895] is hard to place, performance drops: "AKS74U"
 4:06:35.92 [CE][LootRespawner] (PRIDummy) :: Item [896] is hard to place, performance drops: "AKS74U"
 4:06:35.92 [CE][LootRespawner] (PRIDummy) :: Item [897] is hard to place, performance drops: "AKS74U"
 4:06:35.92 [CE][LootRespawner] (PRIDummy) :: Item [898] is hard to place, performance drops: "AKS74U"
 4:06:35.92 [CE][LootRespawner] (PRIDummy) :: Item [899] is hard to place, performance drops: "AKS74U"
 4:06:35.92 [CE][LootRespawner] (PRIDummy) :: Item [163] causing search overtime: "AKS74U"
 4:06:35.192 [CE][LootRespawner] (PRIDummy) :: Item [164] causing search overtime: "MimeMask_Female"
 4:06:35.292 [CE][LootRespawner] (PRIDummy) :: Item [165] causing search overtime: "EyeMask_Black"
 4:06:35.393 [CE][LootRespawner] (PRIDummy) :: Item [166] causing search overtime: "EyeMask_Yellow"
 4:06:35.492 [CE][LootRespawner] (PRIDummy) :: Item [900] is hard to place, performance drops: "BrassKnuckles_Shiny"
 4:06:35.492 [CE][LootRespawner] (PRIDummy) :: Item [901] is hard to place, performance drops: "BrassKnuckles_Shiny"
 4:06:35.492 [CE][LootRespawner] (PRIDummy) :: Item [902] is hard to place, performance drops: "BrassKnuckles_Shiny"
 4:06:35.492 [CE][LootRespawner] (PRIDummy) :: Item [903] is hard to place, performance drops: "BrassKnuckles_Shiny"
 4:06:35.492 [CE][LootRespawner] (PRIDummy) :: Item [904] is hard to place, performance drops: "BrassKnuckles_Shiny"
 4:06:35.493 [CE][LootRespawner] (PRIDummy) :: Item [905] is hard to place, performance drops: "BrassKnuckles_Shiny"
 4:06:35.493 [CE][LootRespawner] (PRIDummy) :: Item [906] is hard to place, performance drops: "BrassKnuckles_Shiny"
 4:06:35.493 [CE][LootRespawner] (PRIDummy) :: Item [907] is hard to place, performance drops: "BrassKnuckles_Shiny"
 4:06:35.493 [CE][LootRespawner] (PRIDummy) :: Item [167] causing search overtime: "BrassKnuckles_Shiny"
 4:06:35.592 [CE][LootRespawner] (PRIDummy) :: Item [168] causing search overtime: "MimeMask_Male"
 4:06:35.692 [CE][LootRespawner] (PRIDummy) :: Item [169] causing search overtime: "EyeMask_Blue"
 4:06:35.792 [CE][LootRespawner] (PRIDummy) :: Item [170] causing search overtime: "EyeMask_Red"
 4:07:00.799 [CE][LootRespawner] (PRIDummy) :: Item [171] causing search overtime: "EyeMask_Red"
 4:07:00.900 [CE][LootRespawner] (PRIDummy) :: Item [908] is hard to place, performance drops: "GhillieSuit_Woodland"
 4:07:00.900 [CE][LootRespawner] (PRIDummy) :: Item [909] is hard to place, performance drops: "GhillieSuit_Woodland"
 4:07:00.900 [CE][LootRespawner] (PRIDummy) :: Item [910] is hard to place, performance drops: "GhillieSuit_Woodland"
 4:07:00.900 [CE][LootRespawner] (PRIDummy) :: Item [911] is hard to place, performance drops: "GhillieSuit_Woodland"
 4:07:00.900 [CE][LootRespawner] (PRIDummy) :: Item [912] is hard to place, performance drops: "GhillieSuit_Woodland"
 4:07:00.900 [CE][LootRespawner] (PRIDummy) :: Item [913] is hard to place, performance drops: "GhillieSuit_Woodland"
 4:07:00.900 [CE][LootRespawner] (PRIDummy) :: Item [914] is hard to place, performance drops: "GhillieSuit_Woodland"
 4:07:00.900 [CE][LootRespawner] (PRIDummy) :: Item [172] causing search overtime: "GhillieSuit_Woodland"
 4:07:00.999 [CE][LootRespawner] (PRIDummy) :: Item [915] is hard to place, performance drops: "ttr700"
 4:07:00.999 [CE][LootRespawner] (PRIDummy) :: Item [916] is hard to place, performance drops: "ttr700"
 4:07:00.999 [CE][LootRespawner] (PRIDummy) :: Item [917] is hard to place, performance drops: "ttr700"
 4:07:00.999 [CE][LootRespawner] (PRIDummy) :: Item [918] is hard to place, performance drops: "ttr700"
 4:07:00.999 [CE][LootRespawner] (PRIDummy) :: Item [919] is hard to place, performance drops: "ttr700"
 4:07:00.999 [CE][LootRespawner] (PRIDummy) :: Item [920] is hard to place, performance drops: "ttr700"
 4:07:00.999 [CE][LootRespawner] (PRIDummy) :: Item [921] is hard to place, performance drops: "ttr700"
 4:07:00.999 [CE][LootRespawner] (PRIDummy) :: Item [922] is hard to place, performance drops: "ttr700"
 4:07:00.999 [CE][LootRespawner] (PRIDummy) :: Item [173] causing search overtime: "ttr700"
 4:07:01.99 [CE][LootRespawner] (PRIDummy) :: Item [174] causing search overtime: "Chestplate"
 4:07:01.199 [CE][LootRespawner] (PRIDummy) :: Item [923] is hard to place, performance drops: "Fal_FoldingBttstck"
 4:07:01.199 [CE][LootRespawner] (PRIDummy) :: Item [175] causing search overtime: "Fal_FoldingBttstck"
 4:07:01.300 [CE][LootRespawner] (PRIDummy) :: Item [924] is hard to place, performance drops: "PlateCarrierPouches_Camo"
 4:07:01.300 [CE][LootRespawner] (PRIDummy) :: Item [925] is hard to place, performance drops: "PlateCarrierPouches_Camo"
 4:07:01.300 [CE][LootRespawner] (PRIDummy) :: Item [926] is hard to place, performance drops: "PlateCarrierPouches_Camo"
 4:07:01.300 [CE][LootRespawner] (PRIDummy) :: Item [927] is hard to place, performance drops: "PlateCarrierPouches_Camo"
 4:07:01.300 [CE][LootRespawner] (PRIDummy) :: Item [928] is hard to place, performance drops: "PlateCarrierPouches_Camo"
 4:07:01.300 [CE][LootRespawner] (PRIDummy) :: Item [929] is hard to place, performance drops: "PlateCarrierPouches_Camo"
 4:07:01.300 [CE][LootRespawner] (PRIDummy) :: Item [930] is hard to place, performance drops: "PlateCarrierPouches_Camo"
 4:07:01.300 [CE][LootRespawner] (PRIDummy) :: Item [931] is hard to place, performance drops: "PlateCarrierPouches_Camo"
 4:07:01.300 [CE][LootRespawner] (PRIDummy) :: Item [932] is hard to place, performance drops: "PlateCarrierPouches_Camo"
 4:07:01.300 [CE][LootRespawner] (PRIDummy) :: Item [176] causing search overtime: "PlateCarrierPouches_Camo"
 4:07:01.399 [CE][LootRespawner] (PRIDummy) :: Item [933] is hard to place, performance drops: "Fal_OeBttstck"
 4:07:01.399 [CE][LootRespawner] (PRIDummy) :: Item [177] causing search overtime: "Fal_OeBttstck"
 4:07:01.499 [CE][LootRespawner] (PRIDummy) :: Item [934] is hard to place, performance drops: "Mich2001Helmet"
 4:07:01.499 [CE][LootRespawner] (PRIDummy) :: Item [935] is hard to place, performance drops: "Mich2001Helmet"
 4:07:01.499 [CE][LootRespawner] (PRIDummy) :: Item [936] is hard to place, performance drops: "Mich2001Helmet"
 4:07:01.499 [CE][LootRespawner] (PRIDummy) :: Item [937] is hard to place, performance drops: "Mich2001Helmet"
 4:07:01.499 [CE][LootRespawner] (PRIDummy) :: Item [938] is hard to place, performance drops: "Mich2001Helmet"
 4:07:01.499 [CE][LootRespawner] (PRIDummy) :: Item [939] is hard to place, performance drops: "Mich2001Helmet"
 4:07:01.499 [CE][LootRespawner] (PRIDummy) :: Item [940] is hard to place, performance drops: "Mich2001Helmet"
 4:07:01.499 [CE][LootRespawner] (PRIDummy) :: Item [941] is hard to place, performance drops: "Mich2001Helmet"
 4:07:01.499 [CE][LootRespawner] (PRIDummy) :: Item [178] causing search overtime: "Mich2001Helmet"
 4:07:01.599 [CE][LootRespawner] (PRIDummy) :: Item [942] is hard to place, performance drops: "GhillieTop_Woodland"
 4:07:01.599 [CE][LootRespawner] (PRIDummy) :: Item [943] is hard to place, performance drops: "GhillieTop_Woodland"
 4:07:01.599 [CE][LootRespawner] (PRIDummy) :: Item [944] is hard to place, performance drops: "GhillieTop_Woodland"
 4:07:01.599 [CE][LootRespawner] (PRIDummy) :: Item [945] is hard to place, performance drops: "GhillieTop_Woodland"
 4:07:01.599 [CE][LootRespawner] (PRIDummy) :: Item [946] is hard to place, performance drops: "GhillieTop_Woodland"
 4:07:01.599 [CE][LootRespawner] (PRIDummy) :: Item [947] is hard to place, performance drops: "GhillieTop_Woodland"
 4:07:01.599 [CE][LootRespawner] (PRIDummy) :: Item [948] is hard to place, performance drops: "GhillieTop_Woodland"
 4:07:01.599 [CE][LootRespawner] (PRIDummy) :: Item [179] causing search overtime: "GhillieTop_Woodland"
 4:07:01.699 [CE][LootRespawner] (PRIDummy) :: Item [180] causing search overtime: "GreatHelm"
 4:07:01.799 [CE][LootRespawner] (PRIDummy) :: Item [181] causing search overtime: "WoolGlovesFingerless_ChristmasBlue"
 4:07:01.899 [CE][LootRespawner] (PRIDummy) :: Item [182] causing search overtime: "Sword"
 4:07:01.999 [CE][LootRespawner] (PRIDummy) :: Item [183] causing search overtime: "Chainmail_Leggings"
 4:07:02.99 [CE][LootRespawner] (PRIDummy) :: Item [949] is hard to place, performance drops: "SA_Loot_Chest_Yellow"
 4:07:02.99 [CE][LootRespawner] (PRIDummy) :: Item [950] is hard to place, performance drops: "SA_Loot_Chest_Yellow"
 4:07:02.99 [CE][LootRespawner] (PRIDummy) :: Item [951] is hard to place, performance drops: "SA_Loot_Chest_Yellow"
 4:07:02.99 [CE][LootRespawner] (PRIDummy) :: Item [952] is hard to place, performance drops: "SA_Loot_Chest_Yellow"
 4:07:02.99 [CE][LootRespawner] (PRIDummy) :: Item [953] is hard to place, performance drops: "SA_Loot_Chest_Yellow"
 4:07:02.99 [CE][LootRespawner] (PRIDummy) :: Item [954] is hard to place, performance drops: "SA_Loot_Chest_Yellow"
 4:07:02.99 [CE][LootRespawner] (PRIDummy) :: Item [955] is hard to place, performance drops: "SA_Loot_Chest_Yellow"
 4:07:02.99 [CE][LootRespawner] (PRIDummy) :: Item [956] is hard to place, performance drops: "SA_Loot_Chest_Yellow"
 4:07:02.99 [CE][LootRespawner] (PRIDummy) :: Item [184] causing search overtime: "SA_Loot_Chest_Yellow"
 4:07:02.199 [CE][LootRespawner] (PRIDummy) :: Item [185] causing search overtime: "WoolGloves_ChristmasBlue"
 4:07:02.299 [CE][LootRespawner] (PRIDummy) :: Item [957] is hard to place, performance drops: "GhillieAtt_Woodland"
 4:07:02.299 [CE][LootRespawner] (PRIDummy) :: Item [958] is hard to place, performance drops: "GhillieAtt_Woodland"
 4:07:02.299 [CE][LootRespawner] (PRIDummy) :: Item [959] is hard to place, performance drops: "GhillieAtt_Woodland"
 4:07:02.299 [CE][LootRespawner] (PRIDummy) :: Item [960] is hard to place, performance drops: "GhillieAtt_Woodland"
 4:07:02.299 [CE][LootRespawner] (PRIDummy) :: Item [961] is hard to place, performance drops: "GhillieAtt_Woodland"
 4:07:02.299 [CE][LootRespawner] (PRIDummy) :: Item [962] is hard to place, performance drops: "GhillieAtt_Woodland"
 4:07:02.299 [CE][LootRespawner] (PRIDummy) :: Item [963] is hard to place, performance drops: "GhillieAtt_Woodland"
 4:07:02.299 [CE][LootRespawner] (PRIDummy) :: Item [964] is hard to place, performance drops: "GhillieAtt_Woodland"
 4:07:02.299 [CE][LootRespawner] (PRIDummy) :: Item [186] causing search overtime: "GhillieAtt_Woodland"
 4:07:02.399 [CE][LootRespawner] (PRIDummy) :: Item [965] is hard to place, performance drops: "GhillieHood_Woodland"
 4:07:02.399 [CE][LootRespawner] (PRIDummy) :: Item [966] is hard to place, performance drops: "GhillieHood_Woodland"
 4:07:02.399 [CE][LootRespawner] (PRIDummy) :: Item [967] is hard to place, performance drops: "GhillieHood_Woodland"
 4:07:02.399 [CE][LootRespawner] (PRIDummy) :: Item [968] is hard to place, performance drops: "GhillieHood_Woodland"
 4:07:02.399 [CE][LootRespawner] (PRIDummy) :: Item [969] is hard to place, performance drops: "GhillieHood_Woodland"
 4:07:02.399 [CE][LootRespawner] (PRIDummy) :: Item [970] is hard to place, performance drops: "GhillieHood_Woodland"
 4:07:02.399 [CE][LootRespawner] (PRIDummy) :: Item [971] is hard to place, performance drops: "GhillieHood_Woodland"
 4:07:02.399 [CE][LootRespawner] (PRIDummy) :: Item [187] causing search overtime: "GhillieHood_Woodland"
 4:07:02.499 [CE][LootRespawner] (PRIDummy) :: Item [972] is hard to place, performance drops: "FAL"
 4:07:02.499 [CE][LootRespawner] (PRIDummy) :: Item [973] is hard to place, performance drops: "FAL"
 4:07:02.499 [CE][LootRespawner] (PRIDummy) :: Item [974] is hard to place, performance drops: "FAL"
 4:07:02.499 [CE][LootRespawner] (PRIDummy) :: Item [975] is hard to place, performance drops: "FAL"
 4:07:02.499 [CE][LootRespawner] (PRIDummy) :: Item [976] is hard to place, performance drops: "FAL"
 4:07:02.499 [CE][LootRespawner] (PRIDummy) :: Item [977] is hard to place, performance drops: "FAL"
 4:07:02.499 [CE][LootRespawner] (PRIDummy) :: Item [978] is hard to place, performance drops: "FAL"
 4:07:02.499 [CE][LootRespawner] (PRIDummy) :: Item [188] causing search overtime: "FAL"
 4:07:02.599 [CE][LootRespawner] (PRIDummy) :: Item [189] causing search overtime: "Chainmail_Coif"
 4:07:02.699 [CE][LootRespawner] (PRIDummy) :: Item [979] is hard to place, performance drops: "SledgeHammer"
 4:07:02.699 [CE][LootRespawner] (PRIDummy) :: Item [980] is hard to place, performance drops: "SledgeHammer"
 4:07:02.699 [CE][LootRespawner] (PRIDummy) :: Item [981] is hard to place, performance drops: "SledgeHammer"
 4:07:02.699 [CE][LootRespawner] (PRIDummy) :: Item [982] is hard to place, performance drops: "SledgeHammer"
 4:07:02.699 [CE][LootRespawner] (PRIDummy) :: Item [983] is hard to place, performance drops: "SledgeHammer"
 4:07:02.699 [CE][LootRespawner] (PRIDummy) :: Item [984] is hard to place, performance drops: "SledgeHammer"
 4:07:02.699 [CE][LootRespawner] (PRIDummy) :: Item [985] is hard to place, performance drops: "SledgeHammer"
 4:07:02.699 [CE][LootRespawner] (PRIDummy) :: Item [986] is hard to place, performance drops: "SledgeHammer"
 4:07:02.699 [CE][LootRespawner] (PRIDummy) :: Item [190] causing search overtime: "SledgeHammer"
 4:07:27.779 [CE][LootRespawner] (PRIDummy) :: Item [987] is hard to place, performance drops: "SledgeHammer"
 4:07:27.779 [CE][LootRespawner] (PRIDummy) :: Item [988] is hard to place, performance drops: "SledgeHammer"
 4:07:27.779 [CE][LootRespawner] (PRIDummy) :: Item [989] is hard to place, performance drops: "SledgeHammer"
 4:07:27.780 [CE][LootRespawner] (PRIDummy) :: Item [990] is hard to place, performance drops: "SledgeHammer"
 4:07:27.780 [CE][LootRespawner] (PRIDummy) :: Item [991] is hard to place, performance drops: "SledgeHammer"
 4:07:27.780 [CE][LootRespawner] (PRIDummy) :: Item [992] is hard to place, performance drops: "SledgeHammer"
 4:07:27.780 [CE][LootRespawner] (PRIDummy) :: Item [993] is hard to place, performance drops: "SledgeHammer"
 4:07:27.780 [CE][LootRespawner] (PRIDummy) :: Item [994] is hard to place, performance drops: "SledgeHammer"
 4:07:27.780 [CE][LootRespawner] (PRIDummy) :: Item [191] causing search overtime: "SledgeHammer"
 4:07:27.879 [CE][LootRespawner] (PRIDummy) :: Item [192] causing search overtime: "MedievalBoots"
 4:07:27.980 [CE][LootRespawner] (PRIDummy) :: Item [995] is hard to place, performance drops: "NVGoggles"
 4:07:27.980 [CE][LootRespawner] (PRIDummy) :: Item [996] is hard to place, performance drops: "NVGoggles"
 4:07:27.980 [CE][LootRespawner] (PRIDummy) :: Item [997] is hard to place, performance drops: "NVGoggles"
 4:07:27.980 [CE][LootRespawner] (PRIDummy) :: Item [998] is hard to place, performance drops: "NVGoggles"
 4:07:27.980 [CE][LootRespawner] (PRIDummy) :: Item [999] is hard to place, performance drops: "NVGoggles"
 4:07:27.980 [CE][LootRespawner] (PRIDummy) :: Item [1000] is hard to place, performance drops: "NVGoggles"
 4:07:27.980 [CE][LootRespawner] (PRIDummy) :: Item [1001] is hard to place, performance drops: "NVGoggles"
 4:07:27.980 [CE][LootRespawner] (PRIDummy) :: Item [1002] is hard to place, performance drops: "NVGoggles"
 4:07:27.980 [CE][LootRespawner] (PRIDummy) :: Item [1003] is hard to place, performance drops: "NVGoggles"
 4:07:27.980 [CE][LootRespawner] (PRIDummy) :: Item [193] causing search overtime: "NVGoggles"
 4:07:28.79 [CE][LootRespawner] (PRIDummy) :: Item [194] causing search overtime: "Mace"
 4:07:28.180 [CE][LootRespawner] (PRIDummy) :: Item [195] causing search overtime: "Chainmail"
 4:07:28.280 [CE][LootRespawner] (PRIDummy) :: Item [196] causing search overtime: "WoolGlovesFingerless_ChristmasRed"
 4:07:28.479 [CE][LootRespawner] (PRIDummy) :: Item [197] causing search overtime: "WoolGloves_ChristmasRed"
 4:07:55.119 [CE][LootRespawner] (PRIDummy) :: Item [1004] is hard to place, performance drops: "ZAZ_968M_doors_hood_red"
 4:07:55.119 [CE][LootRespawner] (PRIDummy) :: Item [1005] is hard to place, performance drops: "ZAZ_968M_doors_hood_red"
 4:07:55.119 [CE][LootRespawner] (PRIDummy) :: Item [1006] is hard to place, performance drops: "ZAZ_968M_doors_hood_red"
 4:07:55.119 [CE][LootRespawner] (PRIDummy) :: Item [1007] is hard to place, performance drops: "ZAZ_968M_doors_hood_red"
 4:07:55.220 [CE][LootRespawner] (PRIDummy) :: Item [1008] is hard to place, performance drops: "MTLB_RF_doors_trunk1_camo2"
 4:07:55.220 [CE][LootRespawner] (PRIDummy) :: Item [1009] is hard to place, performance drops: "MTLB_RF_doors_trunk1_camo2"
 4:07:55.220 [CE][LootRespawner] (PRIDummy) :: Item [1010] is hard to place, performance drops: "MTLB_RF_doors_trunk1_camo2"
 4:07:55.220 [CE][LootRespawner] (PRIDummy) :: Item [1011] is hard to place, performance drops: "MTLB_RF_doors_trunk1_camo2"
 4:07:55.220 [CE][LootRespawner] (PRIDummy) :: Item [1012] is hard to place, performance drops: "MTLB_RF_doors_trunk1_camo2"
 4:07:55.220 [CE][LootRespawner] (PRIDummy) :: Item [1013] is hard to place, performance drops: "MTLB_RF_doors_trunk1_camo2"
 4:07:55.220 [CE][LootRespawner] (PRIDummy) :: Item [1014] is hard to place, performance drops: "MTLB_RF_doors_trunk1_camo2"
 4:07:55.719 [CE][LootRespawner] (PRIDummy) :: Item [198] causing search overtime: "Mag_CZ527_5rnd"
 4:07:55.821 [CE][LootRespawner] (PRIDummy) :: Item [1015] is hard to place, performance drops: "AmmoBox_762x39_20Rnd"
 4:07:55.821 [CE][LootRespawner] (PRIDummy) :: Item [1016] is hard to place, performance drops: "AmmoBox_762x39_20Rnd"
 4:07:55.821 [CE][LootRespawner] (PRIDummy) :: Item [1017] is hard to place, performance drops: "AmmoBox_762x39_20Rnd"
 4:07:55.821 [CE][LootRespawner] (PRIDummy) :: Item [1018] is hard to place, performance drops: "AmmoBox_762x39_20Rnd"
 4:07:55.821 [CE][LootRespawner] (PRIDummy) :: Item [1019] is hard to place, performance drops: "AmmoBox_762x39_20Rnd"
 4:07:55.821 [CE][LootRespawner] (PRIDummy) :: Item [1020] is hard to place, performance drops: "AmmoBox_762x39_20Rnd"
 4:07:55.821 [CE][LootRespawner] (PRIDummy) :: Item [1021] is hard to place, performance drops: "AmmoBox_762x39_20Rnd"
 4:07:55.821 [CE][LootRespawner] (PRIDummy) :: Item [1022] is hard to place, performance drops: "AmmoBox_762x39_20Rnd"
 4:07:55.821 [CE][LootRespawner] (PRIDummy) :: Item [1023] is hard to place, performance drops: "AmmoBox_762x39_20Rnd"
 4:07:55.821 [CE][LootRespawner] (PRIDummy) :: Item [199] causing search overtime: "AmmoBox_762x39_20Rnd"
 4:07:55.919 [CE][LootRespawner] (PRIDummy) :: Item [1024] is hard to place, performance drops: "AmmoBox_556x45_20Rnd"
 4:07:55.919 [CE][LootRespawner] (PRIDummy) :: Item [1025] is hard to place, performance drops: "AmmoBox_556x45_20Rnd"
 4:07:55.919 [CE][LootRespawner] (PRIDummy) :: Item [1026] is hard to place, performance drops: "AmmoBox_556x45_20Rnd"
 4:07:55.919 [CE][LootRespawner] (PRIDummy) :: Item [1027] is hard to place, performance drops: "AmmoBox_556x45_20Rnd"
 4:07:55.919 [CE][LootRespawner] (PRIDummy) :: Item [1028] is hard to place, performance drops: "AmmoBox_556x45_20Rnd"
 4:07:55.919 [CE][LootRespawner] (PRIDummy) :: Item [1029] is hard to place, performance drops: "AmmoBox_556x45_20Rnd"
 4:07:55.919 [CE][LootRespawner] (PRIDummy) :: Item [1030] is hard to place, performance drops: "AmmoBox_556x45_20Rnd"
 4:07:55.919 [CE][LootRespawner] (PRIDummy) :: Item [1031] is hard to place, performance drops: "AmmoBox_556x45_20Rnd"
 4:07:55.919 [CE][LootRespawner] (PRIDummy) :: Item [1032] is hard to place, performance drops: "AmmoBox_556x45_20Rnd"
 4:07:55.920 [CE][LootRespawner] (PRIDummy) :: Item [200] causing search overtime: "AmmoBox_556x45_20Rnd"
 4:07:56.19 [CE][LootRespawner] (PRIDummy) :: Item [201] causing search overtime: "Mag_CZ550_10rnd"
 4:07:56.119 [CE][LootRespawner] (PRIDummy) :: Item [1033] is hard to place, performance drops: "Saiga"
 4:07:56.119 [CE][LootRespawner] (PRIDummy) :: Item [1034] is hard to place, performance drops: "Saiga"
 4:07:56.119 [CE][LootRespawner] (PRIDummy) :: Item [1035] is hard to place, performance drops: "Saiga"
 4:07:56.119 [CE][LootRespawner] (PRIDummy) :: Item [1036] is hard to place, performance drops: "Saiga"
 4:07:56.119 [CE][LootRespawner] (PRIDummy) :: Item [1037] is hard to place, performance drops: "Saiga"
 4:07:56.119 [CE][LootRespawner] (PRIDummy) :: Item [1038] is hard to place, performance drops: "Saiga"
 4:07:56.120 [CE][LootRespawner] (PRIDummy) :: Item [1039] is hard to place, performance drops: "Saiga"
 4:07:56.120 [CE][LootRespawner] (PRIDummy) :: Item [1040] is hard to place, performance drops: "Saiga"
 4:07:56.120 [CE][LootRespawner] (PRIDummy) :: Item [1041] is hard to place, performance drops: "Saiga"
 4:07:56.120 [CE][LootRespawner] (PRIDummy) :: Item [202] causing search overtime: "Saiga"
 4:07:56.219 [CE][LootRespawner] (PRIDummy) :: Item [1042] is hard to place, performance drops: "BomberJacket_Black"
 4:07:56.219 [CE][LootRespawner] (PRIDummy) :: Item [1043] is hard to place, performance drops: "BomberJacket_Black"
 4:07:56.219 [CE][LootRespawner] (PRIDummy) :: Item [1044] is hard to place, performance drops: "BomberJacket_Black"
 4:07:56.219 [CE][LootRespawner] (PRIDummy) :: Item [1045] is hard to place, performance drops: "BomberJacket_Black"
 4:07:56.219 [CE][LootRespawner] (PRIDummy) :: Item [1046] is hard to place, performance drops: "BomberJacket_Black"
 4:07:56.220 [CE][LootRespawner] (PRIDummy) :: Item [1047] is hard to place, performance drops: "BomberJacket_Black"
 4:07:56.220 [CE][LootRespawner] (PRIDummy) :: Item [1048] is hard to place, performance drops: "BomberJacket_Black"
 4:07:56.220 [CE][LootRespawner] (PRIDummy) :: Item [203] causing search overtime: "BomberJacket_Black"
 4:07:56.320 [CE][LootRespawner] (PRIDummy) :: Item [1049] is hard to place, performance drops: "CargoPants_Green"
 4:07:56.320 [CE][LootRespawner] (PRIDummy) :: Item [1050] is hard to place, performance drops: "CargoPants_Green"
 4:07:56.320 [CE][LootRespawner] (PRIDummy) :: Item [1051] is hard to place, performance drops: "CargoPants_Green"
 4:07:56.320 [CE][LootRespawner] (PRIDummy) :: Item [1052] is hard to place, performance drops: "CargoPants_Green"
 4:07:56.320 [CE][LootRespawner] (PRIDummy) :: Item [1053] is hard to place, performance drops: "CargoPants_Green"
 4:07:56.320 [CE][LootRespawner] (PRIDummy) :: Item [1054] is hard to place, performance drops: "CargoPants_Green"
 4:07:56.320 [CE][LootRespawner] (PRIDummy) :: Item [1055] is hard to place, performance drops: "CargoPants_Green"
 4:07:56.320 [CE][LootRespawner] (PRIDummy) :: Item [204] causing search overtime: "CargoPants_Green"
 4:07:56.419 [CE][LootRespawner] (PRIDummy) :: Item [1056] is hard to place, performance drops: "M16A2"
 4:07:56.419 [CE][LootRespawner] (PRIDummy) :: Item [1057] is hard to place, performance drops: "M16A2"
 4:07:56.419 [CE][LootRespawner] (PRIDummy) :: Item [1058] is hard to place, performance drops: "M16A2"
 4:07:56.419 [CE][LootRespawner] (PRIDummy) :: Item [1059] is hard to place, performance drops: "M16A2"
 4:07:56.419 [CE][LootRespawner] (PRIDummy) :: Item [1060] is hard to place, performance drops: "M16A2"
 4:07:56.419 [CE][LootRespawner] (PRIDummy) :: Item [1061] is hard to place, performance drops: "M16A2"
 4:07:56.419 [CE][LootRespawner] (PRIDummy) :: Item [1062] is hard to place, performance drops: "M16A2"
 4:07:56.419 [CE][LootRespawner] (PRIDummy) :: Item [1063] is hard to place, performance drops: "M16A2"
 4:07:56.419 [CE][LootRespawner] (PRIDummy) :: Item [205] causing search overtime: "M16A2"
 4:07:56.519 [CE][LootRespawner] (PRIDummy) :: Item [206] causing search overtime: "TacticalBaconCan"
 4:07:56.620 [CE][LootRespawner] (PRIDummy) :: Item [1064] is hard to place, performance drops: "AK74"
 4:07:56.620 [CE][LootRespawner] (PRIDummy) :: Item [1065] is hard to place, performance drops: "AK74"
 4:07:56.620 [CE][LootRespawner] (PRIDummy) :: Item [1066] is hard to place, performance drops: "AK74"
 4:07:56.620 [CE][LootRespawner] (PRIDummy) :: Item [1067] is hard to place, performance drops: "AK74"
 4:07:56.620 [CE][LootRespawner] (PRIDummy) :: Item [1068] is hard to place, performance drops: "AK74"
 4:07:56.620 [CE][LootRespawner] (PRIDummy) :: Item [1069] is hard to place, performance drops: "AK74"
 4:07:56.620 [CE][LootRespawner] (PRIDummy) :: Item [1070] is hard to place, performance drops: "AK74"
 4:07:56.620 [CE][LootRespawner] (PRIDummy) :: Item [1071] is hard to place, performance drops: "AK74"
 4:07:56.620 [CE][LootRespawner] (PRIDummy) :: Item [207] causing search overtime: "AK74"
 4:07:56.720 [CE][LootRespawner] (PRIDummy) :: Item [1072] is hard to place, performance drops: "FAMAS"
 4:07:56.720 [CE][LootRespawner] (PRIDummy) :: Item [1073] is hard to place, performance drops: "FAMAS"
 4:07:56.720 [CE][LootRespawner] (PRIDummy) :: Item [1074] is hard to place, performance drops: "FAMAS"
 4:07:56.720 [CE][LootRespawner] (PRIDummy) :: Item [1075] is hard to place, performance drops: "FAMAS"
 4:07:56.720 [CE][LootRespawner] (PRIDummy) :: Item [1076] is hard to place, performance drops: "FAMAS"
 4:07:56.720 [CE][LootRespawner] (PRIDummy) :: Item [1077] is hard to place, performance drops: "FAMAS"
 4:07:56.720 [CE][LootRespawner] (PRIDummy) :: Item [1078] is hard to place, performance drops: "FAMAS"
 4:07:56.720 [CE][LootRespawner] (PRIDummy) :: Item [1079] is hard to place, performance drops: "FAMAS"
 4:07:56.720 [CE][LootRespawner] (PRIDummy) :: Item [208] causing search overtime: "FAMAS"
 4:07:56.819 [CE][LootRespawner] (PRIDummy) :: Item [1080] is hard to place, performance drops: "M18SmokeGrenade_Red"
 4:07:56.819 [CE][LootRespawner] (PRIDummy) :: Item [1081] is hard to place, performance drops: "M18SmokeGrenade_Red"
 4:07:56.819 [CE][LootRespawner] (PRIDummy) :: Item [1082] is hard to place, performance drops: "M18SmokeGrenade_Red"
 4:07:56.819 [CE][LootRespawner] (PRIDummy) :: Item [1083] is hard to place, performance drops: "M18SmokeGrenade_Red"
 4:07:56.819 [CE][LootRespawner] (PRIDummy) :: Item [1084] is hard to place, performance drops: "M18SmokeGrenade_Red"
 4:07:56.819 [CE][LootRespawner] (PRIDummy) :: Item [1085] is hard to place, performance drops: "M18SmokeGrenade_Red"
 4:07:56.819 [CE][LootRespawner] (PRIDummy) :: Item [1086] is hard to place, performance drops: "M18SmokeGrenade_Red"
 4:07:56.819 [CE][LootRespawner] (PRIDummy) :: Item [1087] is hard to place, performance drops: "M18SmokeGrenade_Red"
 4:07:56.819 [CE][LootRespawner] (PRIDummy) :: Item [209] causing search overtime: "M18SmokeGrenade_Red"
 4:07:56.919 [CE][LootRespawner] (PRIDummy) :: Item [1088] is hard to place, performance drops: "SmershVest"
 4:07:56.919 [CE][LootRespawner] (PRIDummy) :: Item [1089] is hard to place, performance drops: "SmershVest"
 4:07:56.919 [CE][LootRespawner] (PRIDummy) :: Item [1090] is hard to place, performance drops: "SmershVest"
 4:07:56.919 [CE][LootRespawner] (PRIDummy) :: Item [1091] is hard to place, performance drops: "SmershVest"
 4:07:56.919 [CE][LootRespawner] (PRIDummy) :: Item [1092] is hard to place, performance drops: "SmershVest"
 4:07:56.919 [CE][LootRespawner] (PRIDummy) :: Item [1093] is hard to place, performance drops: "SmershVest"
 4:07:56.919 [CE][LootRespawner] (PRIDummy) :: Item [1094] is hard to place, performance drops: "SmershVest"
 4:07:56.919 [CE][LootRespawner] (PRIDummy) :: Item [1095] is hard to place, performance drops: "SmershVest"
 4:07:56.919 [CE][LootRespawner] (PRIDummy) :: Item [210] causing search overtime: "SmershVest"
 4:08:21.979 [CE][LootRespawner] (PRIDummy) :: Item [1096] is hard to place, performance drops: "SmershVest"
 4:08:21.979 [CE][LootRespawner] (PRIDummy) :: Item [1097] is hard to place, performance drops: "SmershVest"
 4:08:21.979 [CE][LootRespawner] (PRIDummy) :: Item [1098] is hard to place, performance drops: "SmershVest"
 4:08:21.979 [CE][LootRespawner] (PRIDummy) :: Item [1099] is hard to place, performance drops: "SmershVest"
 4:08:21.979 [CE][LootRespawner] (PRIDummy) :: Item [1100] is hard to place, performance drops: "SmershVest"
 4:08:21.979 [CE][LootRespawner] (PRIDummy) :: Item [1101] is hard to place, performance drops: "SmershVest"
 4:08:21.979 [CE][LootRespawner] (PRIDummy) :: Item [1102] is hard to place, performance drops: "SmershVest"
 4:08:21.979 [CE][LootRespawner] (PRIDummy) :: Item [1103] is hard to place, performance drops: "SmershVest"
 4:08:21.979 [CE][LootRespawner] (PRIDummy) :: Item [211] causing search overtime: "SmershVest"
 4:08:22.79 [CE][LootRespawner] (PRIDummy) :: Item [1104] is hard to place, performance drops: "STAG_Clothing_PlateCarrier"
 4:08:22.79 [CE][LootRespawner] (PRIDummy) :: Item [1105] is hard to place, performance drops: "STAG_Clothing_PlateCarrier"
 4:08:22.79 [CE][LootRespawner] (PRIDummy) :: Item [1106] is hard to place, performance drops: "STAG_Clothing_PlateCarrier"
 4:08:22.79 [CE][LootRespawner] (PRIDummy) :: Item [1107] is hard to place, performance drops: "STAG_Clothing_PlateCarrier"
 4:08:22.79 [CE][LootRespawner] (PRIDummy) :: Item [1108] is hard to place, performance drops: "STAG_Clothing_PlateCarrier"
 4:08:22.79 [CE][LootRespawner] (PRIDummy) :: Item [1109] is hard to place, performance drops: "STAG_Clothing_PlateCarrier"
 4:08:22.79 [CE][LootRespawner] (PRIDummy) :: Item [1110] is hard to place, performance drops: "STAG_Clothing_PlateCarrier"
 4:08:22.79 [CE][LootRespawner] (PRIDummy) :: Item [1111] is hard to place, performance drops: "STAG_Clothing_PlateCarrier"
 4:08:22.79 [CE][LootRespawner] (PRIDummy) :: Item [212] causing search overtime: "STAG_Clothing_PlateCarrier"
 4:08:22.180 [CE][LootRespawner] (PRIDummy) :: Item [1112] is hard to place, performance drops: "CargoPants_Black"
 4:08:22.180 [CE][LootRespawner] (PRIDummy) :: Item [1113] is hard to place, performance drops: "CargoPants_Black"
 4:08:22.180 [CE][LootRespawner] (PRIDummy) :: Item [1114] is hard to place, performance drops: "CargoPants_Black"
 4:08:22.180 [CE][LootRespawner] (PRIDummy) :: Item [1115] is hard to place, performance drops: "CargoPants_Black"
 4:08:22.180 [CE][LootRespawner] (PRIDummy) :: Item [1116] is hard to place, performance drops: "CargoPants_Black"
 4:08:22.180 [CE][LootRespawner] (PRIDummy) :: Item [1117] is hard to place, performance drops: "CargoPants_Black"
 4:08:22.180 [CE][LootRespawner] (PRIDummy) :: Item [1118] is hard to place, performance drops: "CargoPants_Black"
 4:08:22.180 [CE][LootRespawner] (PRIDummy) :: Item [213] causing search overtime: "CargoPants_Black"
 4:08:22.279 [CE][LootRespawner] (PRIDummy) :: Item [1119] is hard to place, performance drops: "STAG_Clothing_M65_Jacket"
 4:08:22.279 [CE][LootRespawner] (PRIDummy) :: Item [1120] is hard to place, performance drops: "STAG_Clothing_M65_Jacket"
 4:08:22.279 [CE][LootRespawner] (PRIDummy) :: Item [1121] is hard to place, performance drops: "STAG_Clothing_M65_Jacket"
 4:08:22.279 [CE][LootRespawner] (PRIDummy) :: Item [1122] is hard to place, performance drops: "STAG_Clothing_M65_Jacket"
 4:08:22.279 [CE][LootRespawner] (PRIDummy) :: Item [1123] is hard to place, performance drops: "STAG_Clothing_M65_Jacket"
 4:08:22.279 [CE][LootRespawner] (PRIDummy) :: Item [1124] is hard to place, performance drops: "STAG_Clothing_M65_Jacket"
 4:08:22.279 [CE][LootRespawner] (PRIDummy) :: Item [1125] is hard to place, performance drops: "STAG_Clothing_M65_Jacket"
 4:08:22.279 [CE][LootRespawner] (PRIDummy) :: Item [1126] is hard to place, performance drops: "STAG_Clothing_M65_Jacket"
 4:08:22.279 [CE][LootRespawner] (PRIDummy) :: Item [214] causing search overtime: "STAG_Clothing_M65_Jacket"
 4:08:22.379 [CE][LootRespawner] (PRIDummy) :: Item [1127] is hard to place, performance drops: "SA_Loot_Chest_Red"
 4:08:22.379 [CE][LootRespawner] (PRIDummy) :: Item [1128] is hard to place, performance drops: "SA_Loot_Chest_Red"
 4:08:22.379 [CE][LootRespawner] (PRIDummy) :: Item [1129] is hard to place, performance drops: "SA_Loot_Chest_Red"
 4:08:22.379 [CE][LootRespawner] (PRIDummy) :: Item [1130] is hard to place, performance drops: "SA_Loot_Chest_Red"
 4:08:22.379 [CE][LootRespawner] (PRIDummy) :: Item [1131] is hard to place, performance drops: "SA_Loot_Chest_Red"
 4:08:22.379 [CE][LootRespawner] (PRIDummy) :: Item [1132] is hard to place, performance drops: "SA_Loot_Chest_Red"
 4:08:22.379 [CE][LootRespawner] (PRIDummy) :: Item [1133] is hard to place, performance drops: "SA_Loot_Chest_Red"
 4:08:22.379 [CE][LootRespawner] (PRIDummy) :: Item [215] causing search overtime: "SA_Loot_Chest_Red"
 4:08:22.479 [CE][LootRespawner] (PRIDummy) :: Item [1134] is hard to place, performance drops: "STAG_Clothing_Cargo_Pants"
 4:08:22.479 [CE][LootRespawner] (PRIDummy) :: Item [1135] is hard to place, performance drops: "STAG_Clothing_Cargo_Pants"
 4:08:22.479 [CE][LootRespawner] (PRIDummy) :: Item [1136] is hard to place, performance drops: "STAG_Clothing_Cargo_Pants"
 4:08:22.479 [CE][LootRespawner] (PRIDummy) :: Item [1137] is hard to place, performance drops: "STAG_Clothing_Cargo_Pants"
 4:08:22.479 [CE][LootRespawner] (PRIDummy) :: Item [1138] is hard to place, performance drops: "STAG_Clothing_Cargo_Pants"
 4:08:22.479 [CE][LootRespawner] (PRIDummy) :: Item [1139] is hard to place, performance drops: "STAG_Clothing_Cargo_Pants"
 4:08:22.479 [CE][LootRespawner] (PRIDummy) :: Item [1140] is hard to place, performance drops: "STAG_Clothing_Cargo_Pants"
 4:08:22.479 [CE][LootRespawner] (PRIDummy) :: Item [1141] is hard to place, performance drops: "STAG_Clothing_Cargo_Pants"
 4:08:22.479 [CE][LootRespawner] (PRIDummy) :: Item [216] causing search overtime: "STAG_Clothing_Cargo_Pants"
 4:08:22.579 [CE][LootRespawner] (PRIDummy) :: Item [217] causing search overtime: "CZ550"
 4:08:22.679 [CE][LootRespawner] (PRIDummy) :: Item [1142] is hard to place, performance drops: "STAG_Clothing_Boots"
 4:08:22.679 [CE][LootRespawner] (PRIDummy) :: Item [1143] is hard to place, performance drops: "STAG_Clothing_Boots"
 4:08:22.679 [CE][LootRespawner] (PRIDummy) :: Item [1144] is hard to place, performance drops: "STAG_Clothing_Boots"
 4:08:22.679 [CE][LootRespawner] (PRIDummy) :: Item [1145] is hard to place, performance drops: "STAG_Clothing_Boots"
 4:08:22.679 [CE][LootRespawner] (PRIDummy) :: Item [1146] is hard to place, performance drops: "STAG_Clothing_Boots"
 4:08:22.679 [CE][LootRespawner] (PRIDummy) :: Item [1147] is hard to place, performance drops: "STAG_Clothing_Boots"
 4:08:22.679 [CE][LootRespawner] (PRIDummy) :: Item [1148] is hard to place, performance drops: "STAG_Clothing_Boots"
 4:08:22.679 [CE][LootRespawner] (PRIDummy) :: Item [1149] is hard to place, performance drops: "STAG_Clothing_Boots"
 4:08:22.679 [CE][LootRespawner] (PRIDummy) :: Item [1150] is hard to place, performance drops: "STAG_Clothing_Boots"
 4:08:22.680 [CE][LootRespawner] (PRIDummy) :: Item [218] causing search overtime: "STAG_Clothing_Boots"
 4:08:22.780 [CE][LootRespawner] (PRIDummy) :: Item [219] causing search overtime: "HipPack_Party"
 4:08:22.880 [CE][LootRespawner] (PRIDummy) :: Item [1151] is hard to place, performance drops: "Mag_SV98_10Rnd"
 4:08:22.880 [CE][LootRespawner] (PRIDummy) :: Item [1152] is hard to place, performance drops: "Mag_SV98_10Rnd"
 4:08:22.880 [CE][LootRespawner] (PRIDummy) :: Item [1153] is hard to place, performance drops: "Mag_SV98_10Rnd"
 4:08:22.880 [CE][LootRespawner] (PRIDummy) :: Item [1154] is hard to place, performance drops: "Mag_SV98_10Rnd"
 4:08:22.880 [CE][LootRespawner] (PRIDummy) :: Item [1155] is hard to place, performance drops: "Mag_SV98_10Rnd"
 4:08:22.880 [CE][LootRespawner] (PRIDummy) :: Item [1156] is hard to place, performance drops: "Mag_SV98_10Rnd"
 4:08:22.880 [CE][LootRespawner] (PRIDummy) :: Item [1157] is hard to place, performance drops: "Mag_SV98_10Rnd"
 4:08:22.880 [CE][LootRespawner] (PRIDummy) :: Item [1158] is hard to place, performance drops: "Mag_SV98_10Rnd"
 4:08:22.880 [CE][LootRespawner] (PRIDummy) :: Item [1159] is hard to place, performance drops: "Mag_SV98_10Rnd"
 4:08:22.880 [CE][LootRespawner] (PRIDummy) :: Item [220] causing search overtime: "Mag_SV98_10Rnd"
 4:08:22.979 [CE][LootRespawner] (PRIDummy) :: Item [1160] is hard to place, performance drops: "Mag_STANAG_30Rnd"
 4:08:22.979 [CE][LootRespawner] (PRIDummy) :: Item [1161] is hard to place, performance drops: "Mag_STANAG_30Rnd"
 4:08:22.979 [CE][LootRespawner] (PRIDummy) :: Item [1162] is hard to place, performance drops: "Mag_STANAG_30Rnd"
 4:08:22.979 [CE][LootRespawner] (PRIDummy) :: Item [1163] is hard to place, performance drops: "Mag_STANAG_30Rnd"
 4:08:22.979 [CE][LootRespawner] (PRIDummy) :: Item [1164] is hard to place, performance drops: "Mag_STANAG_30Rnd"
 4:08:22.979 [CE][LootRespawner] (PRIDummy) :: Item [1165] is hard to place, performance drops: "Mag_STANAG_30Rnd"
 4:08:22.979 [CE][LootRespawner] (PRIDummy) :: Item [1166] is hard to place, performance drops: "Mag_STANAG_30Rnd"
 4:08:22.979 [CE][LootRespawner] (PRIDummy) :: Item [1167] is hard to place, performance drops: "Mag_STANAG_30Rnd"
 4:08:22.979 [CE][LootRespawner] (PRIDummy) :: Item [1168] is hard to place, performance drops: "Mag_STANAG_30Rnd"
 4:08:22.979 [CE][LootRespawner] (PRIDummy) :: Item [221] causing search overtime: "Mag_STANAG_30Rnd"
 4:08:23.79 [CE][LootRespawner] (PRIDummy) :: Item [1169] is hard to place, performance drops: "SV98"
 4:08:23.79 [CE][LootRespawner] (PRIDummy) :: Item [1170] is hard to place, performance drops: "SV98"
 4:08:23.79 [CE][LootRespawner] (PRIDummy) :: Item [1171] is hard to place, performance drops: "SV98"
 4:08:23.79 [CE][LootRespawner] (PRIDummy) :: Item [1172] is hard to place, performance drops: "SV98"
 4:08:23.79 [CE][LootRespawner] (PRIDummy) :: Item [1173] is hard to place, performance drops: "SV98"
 4:08:23.79 [CE][LootRespawner] (PRIDummy) :: Item [1174] is hard to place, performance drops: "SV98"
 4:08:23.79 [CE][LootRespawner] (PRIDummy) :: Item [1175] is hard to place, performance drops: "SV98"
 4:08:23.79 [CE][LootRespawner] (PRIDummy) :: Item [1176] is hard to place, performance drops: "SV98"
 4:08:23.79 [CE][LootRespawner] (PRIDummy) :: Item [222] causing search overtime: "SV98"
 4:08:23.180 [CE][LootRespawner] (PRIDummy) :: Item [1177] is hard to place, performance drops: "Mag_Vikhr_30Rnd"
 4:08:23.180 [CE][LootRespawner] (PRIDummy) :: Item [1178] is hard to place, performance drops: "Mag_Vikhr_30Rnd"
 4:08:23.180 [CE][LootRespawner] (PRIDummy) :: Item [1179] is hard to place, performance drops: "Mag_Vikhr_30Rnd"
 4:08:23.180 [CE][LootRespawner] (PRIDummy) :: Item [1180] is hard to place, performance drops: "Mag_Vikhr_30Rnd"
 4:08:23.180 [CE][LootRespawner] (PRIDummy) :: Item [1181] is hard to place, performance drops: "Mag_Vikhr_30Rnd"
 4:08:23.180 [CE][LootRespawner] (PRIDummy) :: Item [1182] is hard to place, performance drops: "Mag_Vikhr_30Rnd"
 4:08:23.180 [CE][LootRespawner] (PRIDummy) :: Item [1183] is hard to place, performance drops: "Mag_Vikhr_30Rnd"
 4:08:23.180 [CE][LootRespawner] (PRIDummy) :: Item [1184] is hard to place, performance drops: "Mag_Vikhr_30Rnd"
 4:08:23.180 [CE][LootRespawner] (PRIDummy) :: Item [1185] is hard to place, performance drops: "Mag_Vikhr_30Rnd"
 4:08:23.180 [CE][LootRespawner] (PRIDummy) :: Item [223] causing search overtime: "Mag_Vikhr_30Rnd"
 4:08:23.280 [CE][LootRespawner] (PRIDummy) :: Item [1186] is hard to place, performance drops: "Mag_Saiga_8Rnd"
 4:08:23.280 [CE][LootRespawner] (PRIDummy) :: Item [1187] is hard to place, performance drops: "Mag_Saiga_8Rnd"
 4:08:23.280 [CE][LootRespawner] (PRIDummy) :: Item [1188] is hard to place, performance drops: "Mag_Saiga_8Rnd"
 4:08:23.280 [CE][LootRespawner] (PRIDummy) :: Item [1189] is hard to place, performance drops: "Mag_Saiga_8Rnd"
 4:08:23.280 [CE][LootRespawner] (PRIDummy) :: Item [1190] is hard to place, performance drops: "Mag_Saiga_8Rnd"
 4:08:23.280 [CE][LootRespawner] (PRIDummy) :: Item [1191] is hard to place, performance drops: "Mag_Saiga_8Rnd"
 4:08:23.280 [CE][LootRespawner] (PRIDummy) :: Item [1192] is hard to place, performance drops: "Mag_Saiga_8Rnd"
 4:08:23.280 [CE][LootRespawner] (PRIDummy) :: Item [1193] is hard to place, performance drops: "Mag_Saiga_8Rnd"
 4:08:23.280 [CE][LootRespawner] (PRIDummy) :: Item [1194] is hard to place, performance drops: "Mag_Saiga_8Rnd"
 4:08:23.280 [CE][LootRespawner] (PRIDummy) :: Item [224] causing search overtime: "Mag_Saiga_8Rnd"
 4:08:23.479 [CE][LootRespawner] (PRIDummy) :: Item [1195] is hard to place, performance drops: "QuiltedJacket_Black"
 4:08:23.479 [CE][LootRespawner] (PRIDummy) :: Item [1196] is hard to place, performance drops: "QuiltedJacket_Black"
 4:08:23.479 [CE][LootRespawner] (PRIDummy) :: Item [1197] is hard to place, performance drops: "QuiltedJacket_Black"
 4:08:23.479 [CE][LootRespawner] (PRIDummy) :: Item [1198] is hard to place, performance drops: "QuiltedJacket_Black"
 4:08:23.479 [CE][LootRespawner] (PRIDummy) :: Item [1199] is hard to place, performance drops: "QuiltedJacket_Black"
 4:08:23.479 [CE][LootRespawner] (PRIDummy) :: Item [1200] is hard to place, performance drops: "QuiltedJacket_Black"
 4:08:23.479 [CE][LootRespawner] (PRIDummy) :: Item [1201] is hard to place, performance drops: "QuiltedJacket_Black"
 4:08:23.479 [CE][LootRespawner] (PRIDummy) :: Item [225] causing search overtime: "QuiltedJacket_Black"
 4:08:23.580 [CE][LootRespawner] (PRIDummy) :: Item [226] causing search overtime: "STAG_Clothing_MountainBag"
 4:08:23.680 [CE][LootRespawner] (PRIDummy) :: Item [1202] is hard to place, performance drops: "Mag_AKM_Drum75Rnd"
 4:08:23.680 [CE][LootRespawner] (PRIDummy) :: Item [1203] is hard to place, performance drops: "Mag_AKM_Drum75Rnd"
 4:08:23.680 [CE][LootRespawner] (PRIDummy) :: Item [1204] is hard to place, performance drops: "Mag_AKM_Drum75Rnd"
 4:08:23.680 [CE][LootRespawner] (PRIDummy) :: Item [1205] is hard to place, performance drops: "Mag_AKM_Drum75Rnd"
 4:08:23.680 [CE][LootRespawner] (PRIDummy) :: Item [1206] is hard to place, performance drops: "Mag_AKM_Drum75Rnd"
 4:08:23.680 [CE][LootRespawner] (PRIDummy) :: Item [1207] is hard to place, performance drops: "Mag_AKM_Drum75Rnd"
 4:08:23.680 [CE][LootRespawner] (PRIDummy) :: Item [1208] is hard to place, performance drops: "Mag_AKM_Drum75Rnd"
 4:08:23.680 [CE][LootRespawner] (PRIDummy) :: Item [1209] is hard to place, performance drops: "Mag_AKM_Drum75Rnd"
 4:08:23.680 [CE][LootRespawner] (PRIDummy) :: Item [227] causing search overtime: "Mag_AKM_Drum75Rnd"
 4:08:23.779 [CE][LootRespawner] (PRIDummy) :: Item [1210] is hard to place, performance drops: "Mag_AKM_30Rnd"
 4:08:23.779 [CE][LootRespawner] (PRIDummy) :: Item [1211] is hard to place, performance drops: "Mag_AKM_30Rnd"
 4:08:23.779 [CE][LootRespawner] (PRIDummy) :: Item [1212] is hard to place, performance drops: "Mag_AKM_30Rnd"
 4:08:23.779 [CE][LootRespawner] (PRIDummy) :: Item [1213] is hard to place, performance drops: "Mag_AKM_30Rnd"
 4:08:23.779 [CE][LootRespawner] (PRIDummy) :: Item [1214] is hard to place, performance drops: "Mag_AKM_30Rnd"
 4:08:23.779 [CE][LootRespawner] (PRIDummy) :: Item [1215] is hard to place, performance drops: "Mag_AKM_30Rnd"
 4:08:23.779 [CE][LootRespawner] (PRIDummy) :: Item [1216] is hard to place, performance drops: "Mag_AKM_30Rnd"
 4:08:23.779 [CE][LootRespawner] (PRIDummy) :: Item [1217] is hard to place, performance drops: "Mag_AKM_30Rnd"
 4:08:23.779 [CE][LootRespawner] (PRIDummy) :: Item [1218] is hard to place, performance drops: "Mag_AKM_30Rnd"
 4:08:23.779 [CE][LootRespawner] (PRIDummy) :: Item [228] causing search overtime: "Mag_AKM_30Rnd"
 4:08:23.879 [CE][LootRespawner] (PRIDummy) :: Item [1219] is hard to place, performance drops: "MilitaryBoots_Black"
 4:08:23.879 [CE][LootRespawner] (PRIDummy) :: Item [1220] is hard to place, performance drops: "MilitaryBoots_Black"
 4:08:23.879 [CE][LootRespawner] (PRIDummy) :: Item [1221] is hard to place, performance drops: "MilitaryBoots_Black"
 4:08:23.879 [CE][LootRespawner] (PRIDummy) :: Item [1222] is hard to place, performance drops: "MilitaryBoots_Black"
 4:08:23.879 [CE][LootRespawner] (PRIDummy) :: Item [1223] is hard to place, performance drops: "MilitaryBoots_Black"
 4:08:23.879 [CE][LootRespawner] (PRIDummy) :: Item [1224] is hard to place, performance drops: "MilitaryBoots_Black"
 4:08:23.879 [CE][LootRespawner] (PRIDummy) :: Item [1225] is hard to place, performance drops: "MilitaryBoots_Black"
 4:08:23.879 [CE][LootRespawner] (PRIDummy) :: Item [1226] is hard to place, performance drops: "MilitaryBoots_Black"
 4:08:23.879 [CE][LootRespawner] (PRIDummy) :: Item [1227] is hard to place, performance drops: "MilitaryBoots_Black"
 4:08:23.879 [CE][LootRespawner] (PRIDummy) :: Item [229] causing search overtime: "MilitaryBoots_Black"
 4:08:48.879 [CE][LootRespawner] (PRIDummy) :: Item [1228] is hard to place, performance drops: "MilitaryBoots_Black"
 4:08:48.880 [CE][LootRespawner] (PRIDummy) :: Item [1229] is hard to place, performance drops: "MilitaryBoots_Black"
 4:08:48.880 [CE][LootRespawner] (PRIDummy) :: Item [1230] is hard to place, performance drops: "MilitaryBoots_Black"
 4:08:48.880 [CE][LootRespawner] (PRIDummy) :: Item [1231] is hard to place, performance drops: "MilitaryBoots_Black"
 4:08:48.880 [CE][LootRespawner] (PRIDummy) :: Item [1232] is hard to place, performance drops: "MilitaryBoots_Black"
 4:08:48.880 [CE][LootRespawner] (PRIDummy) :: Item [1233] is hard to place, performance drops: "MilitaryBoots_Black"
 4:08:48.880 [CE][LootRespawner] (PRIDummy) :: Item [1234] is hard to place, performance drops: "MilitaryBoots_Black"
 4:08:48.880 [CE][LootRespawner] (PRIDummy) :: Item [1235] is hard to place, performance drops: "MilitaryBoots_Black"
 4:08:48.880 [CE][LootRespawner] (PRIDummy) :: Item [1236] is hard to place, performance drops: "MilitaryBoots_Black"
 4:08:48.880 [CE][LootRespawner] (PRIDummy) :: Item [230] causing search overtime: "MilitaryBoots_Black"
 4:08:48.979 [CE][LootRespawner] (PRIDummy) :: Item [1237] is hard to place, performance drops: "M4_T3NRDSOptic"
 4:08:48.979 [CE][LootRespawner] (PRIDummy) :: Item [1238] is hard to place, performance drops: "M4_T3NRDSOptic"
 4:08:48.979 [CE][LootRespawner] (PRIDummy) :: Item [1239] is hard to place, performance drops: "M4_T3NRDSOptic"
 4:08:48.979 [CE][LootRespawner] (PRIDummy) :: Item [1240] is hard to place, performance drops: "M4_T3NRDSOptic"
 4:08:48.979 [CE][LootRespawner] (PRIDummy) :: Item [1241] is hard to place, performance drops: "M4_T3NRDSOptic"
 4:08:48.979 [CE][LootRespawner] (PRIDummy) :: Item [1242] is hard to place, performance drops: "M4_T3NRDSOptic"
 4:08:48.979 [CE][LootRespawner] (PRIDummy) :: Item [1243] is hard to place, performance drops: "M4_T3NRDSOptic"
 4:08:48.979 [CE][LootRespawner] (PRIDummy) :: Item [1244] is hard to place, performance drops: "M4_T3NRDSOptic"
 4:08:48.979 [CE][LootRespawner] (PRIDummy) :: Item [1245] is hard to place, performance drops: "M4_T3NRDSOptic"
 4:08:48.979 [CE][LootRespawner] (PRIDummy) :: Item [231] causing search overtime: "M4_T3NRDSOptic"
 4:08:49.80 [CE][LootRespawner] (PRIDummy) :: Item [1246] is hard to place, performance drops: "QuiltedJacket_Green"
 4:08:49.80 [CE][LootRespawner] (PRIDummy) :: Item [1247] is hard to place, performance drops: "QuiltedJacket_Green"
 4:08:49.80 [CE][LootRespawner] (PRIDummy) :: Item [1248] is hard to place, performance drops: "QuiltedJacket_Green"
 4:08:49.80 [CE][LootRespawner] (PRIDummy) :: Item [1249] is hard to place, performance drops: "QuiltedJacket_Green"
 4:08:49.80 [CE][LootRespawner] (PRIDummy) :: Item [1250] is hard to place, performance drops: "QuiltedJacket_Green"
 4:08:49.80 [CE][LootRespawner] (PRIDummy) :: Item [1251] is hard to place, performance drops: "QuiltedJacket_Green"
 4:08:49.80 [CE][LootRespawner] (PRIDummy) :: Item [1252] is hard to place, performance drops: "QuiltedJacket_Green"
 4:08:49.80 [CE][LootRespawner] (PRIDummy) :: Item [232] causing search overtime: "QuiltedJacket_Green"
 4:08:49.179 [CE][LootRespawner] (PRIDummy) :: Item [1253] is hard to place, performance drops: "BalaclavaMask_Black"
 4:08:49.179 [CE][LootRespawner] (PRIDummy) :: Item [1254] is hard to place, performance drops: "BalaclavaMask_Black"
 4:08:49.179 [CE][LootRespawner] (PRIDummy) :: Item [1255] is hard to place, performance drops: "BalaclavaMask_Black"
 4:08:49.179 [CE][LootRespawner] (PRIDummy) :: Item [1256] is hard to place, performance drops: "BalaclavaMask_Black"
 4:08:49.179 [CE][LootRespawner] (PRIDummy) :: Item [1257] is hard to place, performance drops: "BalaclavaMask_Black"
 4:08:49.179 [CE][LootRespawner] (PRIDummy) :: Item [1258] is hard to place, performance drops: "BalaclavaMask_Black"
 4:08:49.179 [CE][LootRespawner] (PRIDummy) :: Item [1259] is hard to place, performance drops: "BalaclavaMask_Black"
 4:08:49.179 [CE][LootRespawner] (PRIDummy) :: Item [1260] is hard to place, performance drops: "BalaclavaMask_Black"
 4:08:49.179 [CE][LootRespawner] (PRIDummy) :: Item [233] causing search overtime: "BalaclavaMask_Black"
 4:08:49.279 [CE][LootRespawner] (PRIDummy) :: Item [1261] is hard to place, performance drops: "AKS74U"
 4:08:49.279 [CE][LootRespawner] (PRIDummy) :: Item [1262] is hard to place, performance drops: "AKS74U"
 4:08:49.279 [CE][LootRespawner] (PRIDummy) :: Item [1263] is hard to place, performance drops: "AKS74U"
 4:08:49.279 [CE][LootRespawner] (PRIDummy) :: Item [1264] is hard to place, performance drops: "AKS74U"
 4:08:49.279 [CE][LootRespawner] (PRIDummy) :: Item [1265] is hard to place, performance drops: "AKS74U"
 4:08:49.279 [CE][LootRespawner] (PRIDummy) :: Item [1266] is hard to place, performance drops: "AKS74U"
 4:08:49.279 [CE][LootRespawner] (PRIDummy) :: Item [1267] is hard to place, performance drops: "AKS74U"
 4:08:49.279 [CE][LootRespawner] (PRIDummy) :: Item [1268] is hard to place, performance drops: "AKS74U"
 4:08:49.279 [CE][LootRespawner] (PRIDummy) :: Item [1269] is hard to place, performance drops: "AKS74U"
 4:08:49.279 [CE][LootRespawner] (PRIDummy) :: Item [234] causing search overtime: "AKS74U"
 4:08:49.379 [CE][LootRespawner] (PRIDummy) :: Item [235] causing search overtime: "MimeMask_Female"
 4:08:49.479 [CE][LootRespawner] (PRIDummy) :: Item [236] causing search overtime: "EyeMask_Black"
 4:08:49.579 [CE][LootRespawner] (PRIDummy) :: Item [237] causing search overtime: "EyeMask_Yellow"
 4:08:49.680 [CE][LootRespawner] (PRIDummy) :: Item [1270] is hard to place, performance drops: "BrassKnuckles_Shiny"
 4:08:49.680 [CE][LootRespawner] (PRIDummy) :: Item [1271] is hard to place, performance drops: "BrassKnuckles_Shiny"
 4:08:49.680 [CE][LootRespawner] (PRIDummy) :: Item [1272] is hard to place, performance drops: "BrassKnuckles_Shiny"
 4:08:49.680 [CE][LootRespawner] (PRIDummy) :: Item [1273] is hard to place, performance drops: "BrassKnuckles_Shiny"
 4:08:49.680 [CE][LootRespawner] (PRIDummy) :: Item [1274] is hard to place, performance drops: "BrassKnuckles_Shiny"
 4:08:49.680 [CE][LootRespawner] (PRIDummy) :: Item [1275] is hard to place, performance drops: "BrassKnuckles_Shiny"
 4:08:49.680 [CE][LootRespawner] (PRIDummy) :: Item [1276] is hard to place, performance drops: "BrassKnuckles_Shiny"
 4:08:49.680 [CE][LootRespawner] (PRIDummy) :: Item [1277] is hard to place, performance drops: "BrassKnuckles_Shiny"
 4:08:49.680 [CE][LootRespawner] (PRIDummy) :: Item [238] causing search overtime: "BrassKnuckles_Shiny"
 4:08:49.780 [CE][LootRespawner] (PRIDummy) :: Item [239] causing search overtime: "MimeMask_Male"
 4:08:49.879 [CE][LootRespawner] (PRIDummy) :: Item [240] causing search overtime: "EyeMask_Blue"
 4:08:49.980 [CE][LootRespawner] (PRIDummy) :: Item [241] causing search overtime: "EyeMask_Red"
 4:08:50.79 [CE][LootRespawner] (PRIDummy) :: Item [1278] is hard to place, performance drops: "ttr700"
 4:08:50.79 [CE][LootRespawner] (PRIDummy) :: Item [1279] is hard to place, performance drops: "ttr700"
 4:08:50.79 [CE][LootRespawner] (PRIDummy) :: Item [1280] is hard to place, performance drops: "ttr700"
 4:08:50.79 [CE][LootRespawner] (PRIDummy) :: Item [1281] is hard to place, performance drops: "ttr700"
 4:08:50.79 [CE][LootRespawner] (PRIDummy) :: Item [1282] is hard to place, performance drops: "ttr700"
 4:08:50.79 [CE][LootRespawner] (PRIDummy) :: Item [1283] is hard to place, performance drops: "ttr700"
 4:08:50.79 [CE][LootRespawner] (PRIDummy) :: Item [1284] is hard to place, performance drops: "ttr700"
 4:08:50.79 [CE][LootRespawner] (PRIDummy) :: Item [1285] is hard to place, performance drops: "ttr700"
 4:08:50.79 [CE][LootRespawner] (PRIDummy) :: Item [242] causing search overtime: "ttr700"
 4:08:50.179 [CE][LootRespawner] (PRIDummy) :: Item [243] causing search overtime: "Chestplate"
 4:08:50.279 [CE][LootRespawner] (PRIDummy) :: Item [1286] is hard to place, performance drops: "Fal_FoldingBttstck"
 4:08:50.279 [CE][LootRespawner] (PRIDummy) :: Item [244] causing search overtime: "Fal_FoldingBttstck"
 4:08:50.498 [CE][LootRespawner] (PRIDummy) :: Item [1287] is hard to place, performance drops: "PlateCarrierPouches_Camo"
 4:08:50.498 [CE][LootRespawner] (PRIDummy) :: Item [1288] is hard to place, performance drops: "PlateCarrierPouches_Camo"
 4:08:50.498 [CE][LootRespawner] (PRIDummy) :: Item [1289] is hard to place, performance drops: "PlateCarrierPouches_Camo"
 4:08:50.498 [CE][LootRespawner] (PRIDummy) :: Item [1290] is hard to place, performance drops: "PlateCarrierPouches_Camo"
 4:08:50.498 [CE][LootRespawner] (PRIDummy) :: Item [1291] is hard to place, performance drops: "PlateCarrierPouches_Camo"
 4:08:50.498 [CE][LootRespawner] (PRIDummy) :: Item [1292] is hard to place, performance drops: "PlateCarrierPouches_Camo"
 4:08:50.499 [CE][LootRespawner] (PRIDummy) :: Item [1293] is hard to place, performance drops: "PlateCarrierPouches_Camo"
 4:08:50.499 [CE][LootRespawner] (PRIDummy) :: Item [1294] is hard to place, performance drops: "PlateCarrierPouches_Camo"
 4:08:50.499 [CE][LootRespawner] (PRIDummy) :: Item [1295] is hard to place, performance drops: "PlateCarrierPouches_Camo"
 4:08:50.499 [CE][LootRespawner] (PRIDummy) :: Item [245] causing search overtime: "PlateCarrierPouches_Camo"
 4:08:50.591 [CE][LootRespawner] (PRIDummy) :: Item [1296] is hard to place, performance drops: "Fal_OeBttstck"
 4:08:50.591 [CE][LootRespawner] (PRIDummy) :: Item [246] causing search overtime: "Fal_OeBttstck"
 4:08:50.690 [CE][LootRespawner] (PRIDummy) :: Item [1297] is hard to place, performance drops: "Mich2001Helmet"
 4:08:50.690 [CE][LootRespawner] (PRIDummy) :: Item [1298] is hard to place, performance drops: "Mich2001Helmet"
 4:08:50.690 [CE][LootRespawner] (PRIDummy) :: Item [1299] is hard to place, performance drops: "Mich2001Helmet"
 4:08:50.690 [CE][LootRespawner] (PRIDummy) :: Item [1300] is hard to place, performance drops: "Mich2001Helmet"
 4:08:50.690 [CE][LootRespawner] (PRIDummy) :: Item [1301] is hard to place, performance drops: "Mich2001Helmet"
 4:08:50.690 [CE][LootRespawner] (PRIDummy) :: Item [1302] is hard to place, performance drops: "Mich2001Helmet"
 4:08:50.690 [CE][LootRespawner] (PRIDummy) :: Item [1303] is hard to place, performance drops: "Mich2001Helmet"
 4:08:50.691 [CE][LootRespawner] (PRIDummy) :: Item [1304] is hard to place, performance drops: "Mich2001Helmet"
 4:08:50.691 [CE][LootRespawner] (PRIDummy) :: Item [247] causing search overtime: "Mich2001Helmet"
 4:09:15.790 [CE][LootRespawner] (PRIDummy) :: Item [1305] is hard to place, performance drops: "GhillieTop_Woodland"
 4:09:15.790 [CE][LootRespawner] (PRIDummy) :: Item [1306] is hard to place, performance drops: "GhillieTop_Woodland"
 4:09:15.790 [CE][LootRespawner] (PRIDummy) :: Item [1307] is hard to place, performance drops: "GhillieTop_Woodland"
 4:09:15.790 [CE][LootRespawner] (PRIDummy) :: Item [1308] is hard to place, performance drops: "GhillieTop_Woodland"
 4:09:15.790 [CE][LootRespawner] (PRIDummy) :: Item [1309] is hard to place, performance drops: "GhillieTop_Woodland"
 4:09:15.790 [CE][LootRespawner] (PRIDummy) :: Item [1310] is hard to place, performance drops: "GhillieTop_Woodland"
 4:09:15.790 [CE][LootRespawner] (PRIDummy) :: Item [1311] is hard to place, performance drops: "GhillieTop_Woodland"
 4:09:15.790 [CE][LootRespawner] (PRIDummy) :: Item [248] causing search overtime: "GhillieTop_Woodland"
 4:09:15.890 [CE][LootRespawner] (PRIDummy) :: Item [249] causing search overtime: "GreatHelm"
 4:09:15.990 [CE][LootRespawner] (PRIDummy) :: Item [250] causing search overtime: "WoolGlovesFingerless_ChristmasBlue"
 4:09:16.90 [CE][LootRespawner] (PRIDummy) :: Item [1312] is hard to place, performance drops: "FOG_Tshirt_Black_Canoe"
 4:09:16.90 [CE][LootRespawner] (PRIDummy) :: Item [1313] is hard to place, performance drops: "FOG_Tshirt_Black_Canoe"
 4:09:16.90 [CE][LootRespawner] (PRIDummy) :: Item [1314] is hard to place, performance drops: "FOG_Tshirt_Black_Canoe"
 4:09:16.90 [CE][LootRespawner] (PRIDummy) :: Item [1315] is hard to place, performance drops: "FOG_Tshirt_Black_Canoe"
 4:09:16.90 [CE][LootRespawner] (PRIDummy) :: Item [1316] is hard to place, performance drops: "FOG_Tshirt_Black_Canoe"
 4:09:16.90 [CE][LootRespawner] (PRIDummy) :: Item [1317] is hard to place, performance drops: "FOG_Tshirt_Black_Canoe"
 4:09:16.90 [CE][LootRespawner] (PRIDummy) :: Item [1318] is hard to place, performance drops: "FOG_Tshirt_Black_Canoe"
 4:09:16.90 [CE][LootRespawner] (PRIDummy) :: Item [1319] is hard to place, performance drops: "FOG_Tshirt_Black_Canoe"
 4:09:16.90 [CE][LootRespawner] (PRIDummy) :: Item [251] causing search overtime: "FOG_Tshirt_Black_Canoe"
 4:09:16.191 [CE][LootRespawner] (PRIDummy) :: Item [252] causing search overtime: "Sword"
 4:09:16.290 [CE][LootRespawner] (PRIDummy) :: Item [253] causing search overtime: "Chainmail_Leggings"
 4:09:16.390 [CE][LootRespawner] (PRIDummy) :: Item [1320] is hard to place, performance drops: "SA_Loot_Chest_Yellow"
 4:09:16.390 [CE][LootRespawner] (PRIDummy) :: Item [1321] is hard to place, performance drops: "SA_Loot_Chest_Yellow"
 4:09:16.390 [CE][LootRespawner] (PRIDummy) :: Item [1322] is hard to place, performance drops: "SA_Loot_Chest_Yellow"
 4:09:16.390 [CE][LootRespawner] (PRIDummy) :: Item [1323] is hard to place, performance drops: "SA_Loot_Chest_Yellow"
 4:09:16.390 [CE][LootRespawner] (PRIDummy) :: Item [1324] is hard to place, performance drops: "SA_Loot_Chest_Yellow"
 4:09:16.390 [CE][LootRespawner] (PRIDummy) :: Item [1325] is hard to place, performance drops: "SA_Loot_Chest_Yellow"
 4:09:16.390 [CE][LootRespawner] (PRIDummy) :: Item [1326] is hard to place, performance drops: "SA_Loot_Chest_Yellow"
 4:09:16.390 [CE][LootRespawner] (PRIDummy) :: Item [1327] is hard to place, performance drops: "SA_Loot_Chest_Yellow"
 4:09:16.390 [CE][LootRespawner] (PRIDummy) :: Item [254] causing search overtime: "SA_Loot_Chest_Yellow"
 4:09:16.490 [CE][LootRespawner] (PRIDummy) :: Item [255] causing search overtime: "WoolGloves_ChristmasBlue"
 4:09:16.590 [CE][LootRespawner] (PRIDummy) :: Item [1328] is hard to place, performance drops: "GhillieAtt_Woodland"
 4:09:16.590 [CE][LootRespawner] (PRIDummy) :: Item [1329] is hard to place, performance drops: "GhillieAtt_Woodland"
 4:09:16.590 [CE][LootRespawner] (PRIDummy) :: Item [1330] is hard to place, performance drops: "GhillieAtt_Woodland"
 4:09:16.590 [CE][LootRespawner] (PRIDummy) :: Item [1331] is hard to place, performance drops: "GhillieAtt_Woodland"
 4:09:16.590 [CE][LootRespawner] (PRIDummy) :: Item [1332] is hard to place, performance drops: "GhillieAtt_Woodland"
 4:09:16.590 [CE][LootRespawner] (PRIDummy) :: Item [1333] is hard to place, performance drops: "GhillieAtt_Woodland"
 4:09:16.590 [CE][LootRespawner] (PRIDummy) :: Item [1334] is hard to place, performance drops: "GhillieAtt_Woodland"
 4:09:16.590 [CE][LootRespawner] (PRIDummy) :: Item [1335] is hard to place, performance drops: "GhillieAtt_Woodland"
 4:09:16.590 [CE][LootRespawner] (PRIDummy) :: Item [256] causing search overtime: "GhillieAtt_Woodland"
 4:09:16.690 [CE][LootRespawner] (PRIDummy) :: Item [1336] is hard to place, performance drops: "GhillieHood_Woodland"
 4:09:16.690 [CE][LootRespawner] (PRIDummy) :: Item [1337] is hard to place, performance drops: "GhillieHood_Woodland"
 4:09:16.690 [CE][LootRespawner] (PRIDummy) :: Item [1338] is hard to place, performance drops: "GhillieHood_Woodland"
 4:09:16.690 [CE][LootRespawner] (PRIDummy) :: Item [1339] is hard to place, performance drops: "GhillieHood_Woodland"
 4:09:16.690 [CE][LootRespawner] (PRIDummy) :: Item [1340] is hard to place, performance drops: "GhillieHood_Woodland"
 4:09:16.690 [CE][LootRespawner] (PRIDummy) :: Item [1341] is hard to place, performance drops: "GhillieHood_Woodland"
 4:09:16.690 [CE][LootRespawner] (PRIDummy) :: Item [1342] is hard to place, performance drops: "GhillieHood_Woodland"
 4:09:16.690 [CE][LootRespawner] (PRIDummy) :: Item [257] causing search overtime: "GhillieHood_Woodland"
 4:09:16.790 [CE][LootRespawner] (PRIDummy) :: Item [1343] is hard to place, performance drops: "FAL"
 4:09:16.790 [CE][LootRespawner] (PRIDummy) :: Item [1344] is hard to place, performance drops: "FAL"
 4:09:16.790 [CE][LootRespawner] (PRIDummy) :: Item [1345] is hard to place, performance drops: "FAL"
 4:09:16.790 [CE][LootRespawner] (PRIDummy) :: Item [1346] is hard to place, performance drops: "FAL"
 4:09:16.790 [CE][LootRespawner] (PRIDummy) :: Item [1347] is hard to place, performance drops: "FAL"
 4:09:16.790 [CE][LootRespawner] (PRIDummy) :: Item [1348] is hard to place, performance drops: "FAL"
 4:09:16.790 [CE][LootRespawner] (PRIDummy) :: Item [1349] is hard to place, performance drops: "FAL"
 4:09:16.790 [CE][LootRespawner] (PRIDummy) :: Item [258] causing search overtime: "FAL"
 4:09:16.891 [CE][LootRespawner] (PRIDummy) :: Item [1350] is hard to place, performance drops: "FOG_Tshirt_Black_CrimeCo"
 4:09:16.891 [CE][LootRespawner] (PRIDummy) :: Item [1351] is hard to place, performance drops: "FOG_Tshirt_Black_CrimeCo"
 4:09:16.891 [CE][LootRespawner] (PRIDummy) :: Item [1352] is hard to place, performance drops: "FOG_Tshirt_Black_CrimeCo"
 4:09:16.891 [CE][LootRespawner] (PRIDummy) :: Item [1353] is hard to place, performance drops: "FOG_Tshirt_Black_CrimeCo"
 4:09:16.891 [CE][LootRespawner] (PRIDummy) :: Item [1354] is hard to place, performance drops: "FOG_Tshirt_Black_CrimeCo"
 4:09:16.891 [CE][LootRespawner] (PRIDummy) :: Item [1355] is hard to place, performance drops: "FOG_Tshirt_Black_CrimeCo"
 4:09:16.891 [CE][LootRespawner] (PRIDummy) :: Item [1356] is hard to place, performance drops: "FOG_Tshirt_Black_CrimeCo"
 4:09:16.891 [CE][LootRespawner] (PRIDummy) :: Item [1357] is hard to place, performance drops: "FOG_Tshirt_Black_CrimeCo"
 4:09:16.891 [CE][LootRespawner] (PRIDummy) :: Item [259] causing search overtime: "FOG_Tshirt_Black_CrimeCo"
 4:09:16.990 [CE][LootRespawner] (PRIDummy) :: Item [260] causing search overtime: "Chainmail_Coif"
 4:09:17.90 [CE][LootRespawner] (PRIDummy) :: Item [1358] is hard to place, performance drops: "SledgeHammer"
 4:09:17.90 [CE][LootRespawner] (PRIDummy) :: Item [1359] is hard to place, performance drops: "SledgeHammer"
 4:09:17.90 [CE][LootRespawner] (PRIDummy) :: Item [1360] is hard to place, performance drops: "SledgeHammer"
 4:09:17.90 [CE][LootRespawner] (PRIDummy) :: Item [1361] is hard to place, performance drops: "SledgeHammer"
 4:09:17.90 [CE][LootRespawner] (PRIDummy) :: Item [1362] is hard to place, performance drops: "SledgeHammer"
 4:09:17.90 [CE][LootRespawner] (PRIDummy) :: Item [1363] is hard to place, performance drops: "SledgeHammer"
 4:09:17.90 [CE][LootRespawner] (PRIDummy) :: Item [1364] is hard to place, performance drops: "SledgeHammer"
 4:09:17.90 [CE][LootRespawner] (PRIDummy) :: Item [1365] is hard to place, performance drops: "SledgeHammer"
 4:09:17.90 [CE][LootRespawner] (PRIDummy) :: Item [261] causing search overtime: "SledgeHammer"
 4:09:17.190 [CE][LootRespawner] (PRIDummy) :: Item [1366] is hard to place, performance drops: "FOG_Tshirt_CB"
 4:09:17.190 [CE][LootRespawner] (PRIDummy) :: Item [1367] is hard to place, performance drops: "FOG_Tshirt_CB"
 4:09:17.190 [CE][LootRespawner] (PRIDummy) :: Item [1368] is hard to place, performance drops: "FOG_Tshirt_CB"
 4:09:17.190 [CE][LootRespawner] (PRIDummy) :: Item [1369] is hard to place, performance drops: "FOG_Tshirt_CB"
 4:09:17.190 [CE][LootRespawner] (PRIDummy) :: Item [1370] is hard to place, performance drops: "FOG_Tshirt_CB"
 4:09:17.190 [CE][LootRespawner] (PRIDummy) :: Item [1371] is hard to place, performance drops: "FOG_Tshirt_CB"
 4:09:17.190 [CE][LootRespawner] (PRIDummy) :: Item [1372] is hard to place, performance drops: "FOG_Tshirt_CB"
 4:09:17.190 [CE][LootRespawner] (PRIDummy) :: Item [1373] is hard to place, performance drops: "FOG_Tshirt_CB"
 4:09:17.190 [CE][LootRespawner] (PRIDummy) :: Item [262] causing search overtime: "FOG_Tshirt_CB"
 4:09:17.291 [CE][LootRespawner] (PRIDummy) :: Item [263] causing search overtime: "MedievalBoots"
 4:09:17.390 [CE][LootRespawner] (PRIDummy) :: Item [1374] is hard to place, performance drops: "GhillieSuit_Woodland"
 4:09:17.390 [CE][LootRespawner] (PRIDummy) :: Item [1375] is hard to place, performance drops: "GhillieSuit_Woodland"
 4:09:17.390 [CE][LootRespawner] (PRIDummy) :: Item [1376] is hard to place, performance drops: "GhillieSuit_Woodland"
 4:09:17.390 [CE][LootRespawner] (PRIDummy) :: Item [1377] is hard to place, performance drops: "GhillieSuit_Woodland"
 4:09:17.390 [CE][LootRespawner] (PRIDummy) :: Item [1378] is hard to place, performance drops: "GhillieSuit_Woodland"
 4:09:17.390 [CE][LootRespawner] (PRIDummy) :: Item [1379] is hard to place, performance drops: "GhillieSuit_Woodland"
 4:09:17.390 [CE][LootRespawner] (PRIDummy) :: Item [1380] is hard to place, performance drops: "GhillieSuit_Woodland"
 4:09:17.390 [CE][LootRespawner] (PRIDummy) :: Item [264] causing search overtime: "GhillieSuit_Woodland"
 4:09:17.490 [CE][LootRespawner] (PRIDummy) :: Item [1381] is hard to place, performance drops: "NVGoggles"
 4:09:17.490 [CE][LootRespawner] (PRIDummy) :: Item [1382] is hard to place, performance drops: "NVGoggles"
 4:09:17.491 [CE][LootRespawner] (PRIDummy) :: Item [1383] is hard to place, performance drops: "NVGoggles"
 4:09:17.491 [CE][LootRespawner] (PRIDummy) :: Item [1384] is hard to place, performance drops: "NVGoggles"
 4:09:17.491 [CE][LootRespawner] (PRIDummy) :: Item [1385] is hard to place, performance drops: "NVGoggles"
 4:09:17.491 [CE][LootRespawner] (PRIDummy) :: Item [1386] is hard to place, performance drops: "NVGoggles"
 4:09:17.491 [CE][LootRespawner] (PRIDummy) :: Item [1387] is hard to place, performance drops: "NVGoggles"
 4:09:17.491 [CE][LootRespawner] (PRIDummy) :: Item [1388] is hard to place, performance drops: "NVGoggles"
 4:09:17.491 [CE][LootRespawner] (PRIDummy) :: Item [1389] is hard to place, performance drops: "NVGoggles"
 4:09:17.491 [CE][LootRespawner] (PRIDummy) :: Item [265] causing search overtime: "NVGoggles"
 4:09:17.591 [CE][LootRespawner] (PRIDummy) :: Item [266] causing search overtime: "Mace"
 4:09:17.691 [CE][LootRespawner] (PRIDummy) :: Item [267] causing search overtime: "Chainmail"
 4:09:42.690 [CE][LootRespawner] (PRIDummy) :: Item [268] causing search overtime: "Chainmail"
 4:09:42.791 [CE][LootRespawner] (PRIDummy) :: Item [1390] is hard to place, performance drops: "FOG_Tshirt_White_Pinup"
 4:09:42.791 [CE][LootRespawner] (PRIDummy) :: Item [1391] is hard to place, performance drops: "FOG_Tshirt_White_Pinup"
 4:09:42.791 [CE][LootRespawner] (PRIDummy) :: Item [1392] is hard to place, performance drops: "FOG_Tshirt_White_Pinup"
 4:09:42.791 [CE][LootRespawner] (PRIDummy) :: Item [1393] is hard to place, performance drops: "FOG_Tshirt_White_Pinup"
 4:09:42.791 [CE][LootRespawner] (PRIDummy) :: Item [1394] is hard to place, performance drops: "FOG_Tshirt_White_Pinup"
 4:09:42.791 [CE][LootRespawner] (PRIDummy) :: Item [1395] is hard to place, performance drops: "FOG_Tshirt_White_Pinup"
 4:09:42.791 [CE][LootRespawner] (PRIDummy) :: Item [1396] is hard to place, performance drops: "FOG_Tshirt_White_Pinup"
 4:09:42.791 [CE][LootRespawner] (PRIDummy) :: Item [1397] is hard to place, performance drops: "FOG_Tshirt_White_Pinup"
 4:09:42.791 [CE][LootRespawner] (PRIDummy) :: Item [269] causing search overtime: "FOG_Tshirt_White_Pinup"
 4:09:42.890 [CE][LootRespawner] (PRIDummy) :: Item [1398] is hard to place, performance drops: "FOG_Tshirt_Black_MLG"
 4:09:42.890 [CE][LootRespawner] (PRIDummy) :: Item [1399] is hard to place, performance drops: "FOG_Tshirt_Black_MLG"
 4:09:42.890 [CE][LootRespawner] (PRIDummy) :: Item [1400] is hard to place, performance drops: "FOG_Tshirt_Black_MLG"
 4:09:42.890 [CE][LootRespawner] (PRIDummy) :: Item [1401] is hard to place, performance drops: "FOG_Tshirt_Black_MLG"
 4:09:42.890 [CE][LootRespawner] (PRIDummy) :: Item [1402] is hard to place, performance drops: "FOG_Tshirt_Black_MLG"
 4:09:42.890 [CE][LootRespawner] (PRIDummy) :: Item [1403] is hard to place, performance drops: "FOG_Tshirt_Black_MLG"
 4:09:42.890 [CE][LootRespawner] (PRIDummy) :: Item [1404] is hard to place, performance drops: "FOG_Tshirt_Black_MLG"
 4:09:42.890 [CE][LootRespawner] (PRIDummy) :: Item [1405] is hard to place, performance drops: "FOG_Tshirt_Black_MLG"
 4:09:42.890 [CE][LootRespawner] (PRIDummy) :: Item [270] causing search overtime: "FOG_Tshirt_Black_MLG"
 4:09:42.990 [CE][LootRespawner] (PRIDummy) :: Item [1406] is hard to place, performance drops: "FOG_Tshirt_Black_Thrasher"
 4:09:42.990 [CE][LootRespawner] (PRIDummy) :: Item [1407] is hard to place, performance drops: "FOG_Tshirt_Black_Thrasher"
 4:09:42.990 [CE][LootRespawner] (PRIDummy) :: Item [1408] is hard to place, performance drops: "FOG_Tshirt_Black_Thrasher"
 4:09:42.990 [CE][LootRespawner] (PRIDummy) :: Item [1409] is hard to place, performance drops: "FOG_Tshirt_Black_Thrasher"
 4:09:42.990 [CE][LootRespawner] (PRIDummy) :: Item [1410] is hard to place, performance drops: "FOG_Tshirt_Black_Thrasher"
 4:09:42.990 [CE][LootRespawner] (PRIDummy) :: Item [1411] is hard to place, performance drops: "FOG_Tshirt_Black_Thrasher"
 4:09:42.990 [CE][LootRespawner] (PRIDummy) :: Item [1412] is hard to place, performance drops: "FOG_Tshirt_Black_Thrasher"
 4:09:42.990 [CE][LootRespawner] (PRIDummy) :: Item [1413] is hard to place, performance drops: "FOG_Tshirt_Black_Thrasher"
 4:09:42.990 [CE][LootRespawner] (PRIDummy) :: Item [271] causing search overtime: "FOG_Tshirt_Black_Thrasher"
 4:09:43.90 [CE][LootRespawner] (PRIDummy) :: Item [272] causing search overtime: "WoolGlovesFingerless_ChristmasRed"
 4:09:43.190 [CE][LootRespawner] (PRIDummy) :: Item [1414] is hard to place, performance drops: "FOG_Tshirt_Black_Raider"
 4:09:43.190 [CE][LootRespawner] (PRIDummy) :: Item [1415] is hard to place, performance drops: "FOG_Tshirt_Black_Raider"
 4:09:43.190 [CE][LootRespawner] (PRIDummy) :: Item [1416] is hard to place, performance drops: "FOG_Tshirt_Black_Raider"
 4:09:43.190 [CE][LootRespawner] (PRIDummy) :: Item [1417] is hard to place, performance drops: "FOG_Tshirt_Black_Raider"
 4:09:43.190 [CE][LootRespawner] (PRIDummy) :: Item [1418] is hard to place, performance drops: "FOG_Tshirt_Black_Raider"
 4:09:43.190 [CE][LootRespawner] (PRIDummy) :: Item [1419] is hard to place, performance drops: "FOG_Tshirt_Black_Raider"
 4:09:43.190 [CE][LootRespawner] (PRIDummy) :: Item [1420] is hard to place, performance drops: "FOG_Tshirt_Black_Raider"
 4:09:43.190 [CE][LootRespawner] (PRIDummy) :: Item [1421] is hard to place, performance drops: "FOG_Tshirt_Black_Raider"
 4:09:43.190 [CE][LootRespawner] (PRIDummy) :: Item [273] causing search overtime: "FOG_Tshirt_Black_Raider"
 4:09:43.290 [CE][LootRespawner] (PRIDummy) :: Item [274] causing search overtime: "WoolGloves_ChristmasRed"
 4:09:43.890 [CE][LootRespawner] (PRIDummy) :: Item [1422] is hard to place, performance drops: "kraz_255B_doors_driver"
 4:09:43.890 [CE][LootRespawner] (PRIDummy) :: Item [1423] is hard to place, performance drops: "kraz_255B_doors_driver"
 4:09:43.890 [CE][LootRespawner] (PRIDummy) :: Item [1424] is hard to place, performance drops: "kraz_255B_doors_driver"
 4:09:43.890 [CE][LootRespawner] (PRIDummy) :: Item [1425] is hard to place, performance drops: "kraz_255B_doors_driver"
 4:09:43.890 [CE][LootRespawner] (PRIDummy) :: Item [1426] is hard to place, performance drops: "kraz_255B_doors_driver"
 4:09:43.890 [CE][LootRespawner] (PRIDummy) :: Item [1427] is hard to place, performance drops: "kraz_255B_doors_driver"
 4:09:43.890 [CE][LootRespawner] (PRIDummy) :: Item [1428] is hard to place, performance drops: "kraz_255B_doors_driver"
 4:09:43.890 [CE][LootRespawner] (PRIDummy) :: Item [1429] is hard to place, performance drops: "kraz_255B_doors_driver"
 4:09:43.890 [CE][LootRespawner] (PRIDummy) :: Item [1430] is hard to place, performance drops: "kraz_255B_doors_driver"
 4:09:43.890 [CE][LootRespawner] (PRIDummy) :: Item [1431] is hard to place, performance drops: "kraz_255B_doors_driver"
 4:09:43.890 [CE][LootRespawner] (PRIDummy) :: Item [1432] is hard to place, performance drops: "kraz_255B_doors_driver"
 4:09:43.890 [CE][LootRespawner] (PRIDummy) :: Item [1433] is hard to place, performance drops: "kraz_255B_doors_driver"
 4:09:43.890 [CE][LootRespawner] (PRIDummy) :: Item [1434] is hard to place, performance drops: "kraz_255B_doors_driver"
 4:09:43.890 [CE][LootRespawner] (PRIDummy) :: Item [1435] is hard to place, performance drops: "kraz_255B_doors_driver"
 4:09:43.890 [CE][LootRespawner] (PRIDummy) :: Item [1436] is hard to place, performance drops: "kraz_255B_doors_driver"
 4:09:43.990 [CE][LootRespawner] (PRIDummy) :: Item [1437] is hard to place, performance drops: "BRDM2_RF_doors_cargo2"
 4:09:44.207 [CE][LootRespawner] (PRIDummy) :: Item [1438] is hard to place, performance drops: "VAZ_2109_RF_doors_driver_blue_rust"
 4:09:44.207 [CE][LootRespawner] (PRIDummy) :: Item [1439] is hard to place, performance drops: "VAZ_2109_RF_doors_driver_blue_rust"
 4:09:44.290 [CE][LootRespawner] (PRIDummy) :: Item [1440] is hard to place, performance drops: "KAVZ685_RF_doors_driver"
 4:09:44.290 [CE][LootRespawner] (PRIDummy) :: Item [1441] is hard to place, performance drops: "KAVZ685_RF_doors_driver"
 4:09:44.290 [CE][LootRespawner] (PRIDummy) :: Item [1442] is hard to place, performance drops: "KAVZ685_RF_doors_driver"
 4:09:44.291 [CE][LootRespawner] (PRIDummy) :: Item [1443] is hard to place, performance drops: "KAVZ685_RF_doors_driver"
 4:09:44.291 [CE][LootRespawner] (PRIDummy) :: Item [1444] is hard to place, performance drops: "KAVZ685_RF_doors_driver"
 4:09:44.291 [CE][LootRespawner] (PRIDummy) :: Item [1445] is hard to place, performance drops: "KAVZ685_RF_doors_driver"
 4:09:44.291 [CE][LootRespawner] (PRIDummy) :: Item [1446] is hard to place, performance drops: "KAVZ685_RF_doors_driver"
 4:09:44.291 [CE][LootRespawner] (PRIDummy) :: Item [1447] is hard to place, performance drops: "KAVZ685_RF_doors_driver"
 4:09:44.291 [CE][LootRespawner] (PRIDummy) :: Item [1448] is hard to place, performance drops: "KAVZ685_RF_doors_driver"
 4:09:44.291 [CE][LootRespawner] (PRIDummy) :: Item [1449] is hard to place, performance drops: "KAVZ685_RF_doors_driver"
 4:09:44.291 [CE][LootRespawner] (PRIDummy) :: Item [1450] is hard to place, performance drops: "KAVZ685_RF_doors_driver"
 4:09:44.390 [CE][LootRespawner] (PRIDummy) :: Item [1451] is hard to place, performance drops: "FOG_Tshirt_Black_FOG_Reaper"
 4:09:44.390 [CE][LootRespawner] (PRIDummy) :: Item [1452] is hard to place, performance drops: "FOG_Tshirt_Black_FOG_Reaper"
 4:09:44.390 [CE][LootRespawner] (PRIDummy) :: Item [1453] is hard to place, performance drops: "FOG_Tshirt_Black_FOG_Reaper"
 4:09:44.390 [CE][LootRespawner] (PRIDummy) :: Item [1454] is hard to place, performance drops: "FOG_Tshirt_Black_FOG_Reaper"
 4:09:44.390 [CE][LootRespawner] (PRIDummy) :: Item [1455] is hard to place, performance drops: "FOG_Tshirt_Black_FOG_Reaper"
 4:09:44.390 [CE][LootRespawner] (PRIDummy) :: Item [1456] is hard to place, performance drops: "FOG_Tshirt_Black_FOG_Reaper"
 4:09:44.390 [CE][LootRespawner] (PRIDummy) :: Item [1457] is hard to place, performance drops: "FOG_Tshirt_Black_FOG_Reaper"
 4:09:44.390 [CE][LootRespawner] (PRIDummy) :: Item [1458] is hard to place, performance drops: "FOG_Tshirt_Black_FOG_Reaper"
 4:09:44.390 [CE][LootRespawner] (PRIDummy) :: Item [275] causing search overtime: "FOG_Tshirt_Black_FOG_Reaper"
 4:09:44.490 [CE][LootRespawner] (PRIDummy) :: Item [1459] is hard to place, performance drops: "vaz_2106_RF_doors_cargo1"
 4:09:44.490 [CE][LootRespawner] (PRIDummy) :: Item [1460] is hard to place, performance drops: "vaz_2106_RF_doors_cargo1"
 4:09:44.490 [CE][LootRespawner] (PRIDummy) :: Item [1461] is hard to place, performance drops: "vaz_2106_RF_doors_cargo1"
 4:09:44.490 [CE][LootRespawner] (PRIDummy) :: Item [1462] is hard to place, performance drops: "vaz_2106_RF_doors_cargo1"
 4:09:44.490 [CE][LootRespawner] (PRIDummy) :: Item [1463] is hard to place, performance drops: "vaz_2106_RF_doors_cargo1"
 4:09:44.490 [CE][LootRespawner] (PRIDummy) :: Item [1464] is hard to place, performance drops: "vaz_2106_RF_doors_cargo1"
 4:09:44.490 [CE][LootRespawner] (PRIDummy) :: Item [1465] is hard to place, performance drops: "vaz_2106_RF_doors_cargo1"
 4:09:44.590 [CE][LootRespawner] (PRIDummy) :: Item [1466] is hard to place, performance drops: "MTLB_RF_doors_cargo1_camo2"
 4:09:44.590 [CE][LootRespawner] (PRIDummy) :: Item [1467] is hard to place, performance drops: "MTLB_RF_doors_cargo1_camo2"
 4:09:44.590 [CE][LootRespawner] (PRIDummy) :: Item [1468] is hard to place, performance drops: "MTLB_RF_doors_cargo1_camo2"
 4:09:44.590 [CE][LootRespawner] (PRIDummy) :: Item [1469] is hard to place, performance drops: "MTLB_RF_doors_cargo1_camo2"
 4:10:09.790 [CE][LootRespawner] (PRIDummy) :: Item [1470] is hard to place, performance drops: "UAZ_3962_doors_cargo1_VAI"
 4:10:09.790 [CE][LootRespawner] (PRIDummy) :: Item [1471] is hard to place, performance drops: "UAZ_3962_doors_cargo1_VAI"
 4:10:09.790 [CE][LootRespawner] (PRIDummy) :: Item [1472] is hard to place, performance drops: "UAZ_3962_doors_cargo1_VAI"
 4:10:09.790 [CE][LootRespawner] (PRIDummy) :: Item [1473] is hard to place, performance drops: "UAZ_3962_doors_cargo1_VAI"
 4:10:09.790 [CE][LootRespawner] (PRIDummy) :: Item [1474] is hard to place, performance drops: "UAZ_3962_doors_cargo1_VAI"
 4:10:09.790 [CE][LootRespawner] (PRIDummy) :: Item [1475] is hard to place, performance drops: "UAZ_3962_doors_cargo1_VAI"
 4:10:09.790 [CE][LootRespawner] (PRIDummy) :: Item [1476] is hard to place, performance drops: "UAZ_3962_doors_cargo1_VAI"
 4:10:09.790 [CE][LootRespawner] (PRIDummy) :: Item [1477] is hard to place, performance drops: "UAZ_3962_doors_cargo1_VAI"
 4:10:09.890 [CE][LootRespawner] (PRIDummy) :: Item [1478] is hard to place, performance drops: "kraz_255B_doors_codriver"
 4:10:09.890 [CE][LootRespawner] (PRIDummy) :: Item [1479] is hard to place, performance drops: "kraz_255B_doors_codriver"
 4:10:09.890 [CE][LootRespawner] (PRIDummy) :: Item [1480] is hard to place, performance drops: "kraz_255B_doors_codriver"
 4:10:09.890 [CE][LootRespawner] (PRIDummy) :: Item [1481] is hard to place, performance drops: "kraz_255B_doors_codriver"
 4:10:09.890 [CE][LootRespawner] (PRIDummy) :: Item [1482] is hard to place, performance drops: "kraz_255B_doors_codriver"
 4:10:09.890 [CE][LootRespawner] (PRIDummy) :: Item [1483] is hard to place, performance drops: "kraz_255B_doors_codriver"
 4:10:09.890 [CE][LootRespawner] (PRIDummy) :: Item [1484] is hard to place, performance drops: "kraz_255B_doors_codriver"
 4:10:09.890 [CE][LootRespawner] (PRIDummy) :: Item [1485] is hard to place, performance drops: "kraz_255B_doors_codriver"
 4:10:09.890 [CE][LootRespawner] (PRIDummy) :: Item [1486] is hard to place, performance drops: "kraz_255B_doors_codriver"
 4:10:09.990 [CE][LootRespawner] (PRIDummy) :: Item [1487] is hard to place, performance drops: "vaz_2106_RF_doors_cargo1_white"
 4:10:10.90 [CE][LootRespawner] (PRIDummy) :: Item [1488] is hard to place, performance drops: "FOG_Tshirt_White_Star"
 4:10:10.90 [CE][LootRespawner] (PRIDummy) :: Item [1489] is hard to place, performance drops: "FOG_Tshirt_White_Star"
 4:10:10.90 [CE][LootRespawner] (PRIDummy) :: Item [1490] is hard to place, performance drops: "FOG_Tshirt_White_Star"
 4:10:10.90 [CE][LootRespawner] (PRIDummy) :: Item [1491] is hard to place, performance drops: "FOG_Tshirt_White_Star"
 4:10:10.90 [CE][LootRespawner] (PRIDummy) :: Item [1492] is hard to place, performance drops: "FOG_Tshirt_White_Star"
 4:10:10.90 [CE][LootRespawner] (PRIDummy) :: Item [1493] is hard to place, performance drops: "FOG_Tshirt_White_Star"
 4:10:10.90 [CE][LootRespawner] (PRIDummy) :: Item [1494] is hard to place, performance drops: "FOG_Tshirt_White_Star"
 4:10:10.90 [CE][LootRespawner] (PRIDummy) :: Item [1495] is hard to place, performance drops: "FOG_Tshirt_White_Star"
 4:10:10.90 [CE][LootRespawner] (PRIDummy) :: Item [276] causing search overtime: "FOG_Tshirt_White_Star"
 4:10:10.610 [CE][LootRespawner] (PRIDummy) :: Item [1496] is hard to place, performance drops: "FOG_Tshirt_RG"
 4:10:10.610 [CE][LootRespawner] (PRIDummy) :: Item [1497] is hard to place, performance drops: "FOG_Tshirt_RG"
 4:10:10.610 [CE][LootRespawner] (PRIDummy) :: Item [1498] is hard to place, performance drops: "FOG_Tshirt_RG"
 4:10:10.610 [CE][LootRespawner] (PRIDummy) :: Item [1499] is hard to place, performance drops: "FOG_Tshirt_RG"
 4:10:10.610 [CE][LootRespawner] (PRIDummy) :: Item [1500] is hard to place, performance drops: "FOG_Tshirt_RG"
 4:10:10.610 [CE][LootRespawner] (PRIDummy) :: Item [1501] is hard to place, performance drops: "FOG_Tshirt_RG"
 4:10:10.610 [CE][LootRespawner] (PRIDummy) :: Item [1502] is hard to place, performance drops: "FOG_Tshirt_RG"
 4:10:10.610 [CE][LootRespawner] (PRIDummy) :: Item [1503] is hard to place, performance drops: "FOG_Tshirt_RG"
 4:10:10.610 [CE][LootRespawner] (PRIDummy) :: Item [277] causing search overtime: "FOG_Tshirt_RG"
 4:10:10.705 [CE][LootRespawner] (PRIDummy) :: Item [1504] is hard to place, performance drops: "VAZ_2107RF_doors_cargo2"
 4:10:10.705 [CE][LootRespawner] (PRIDummy) :: Item [1505] is hard to place, performance drops: "VAZ_2107RF_doors_cargo2"
 4:10:10.705 [CE][LootRespawner] (PRIDummy) :: Item [1506] is hard to place, performance drops: "VAZ_2107RF_doors_cargo2"
 4:10:10.705 [CE][LootRespawner] (PRIDummy) :: Item [1507] is hard to place, performance drops: "VAZ_2107RF_doors_cargo2"
 4:10:10.705 [CE][LootRespawner] (PRIDummy) :: Item [1508] is hard to place, performance drops: "VAZ_2107RF_doors_cargo2"
 4:10:10.705 [CE][LootRespawner] (PRIDummy) :: Item [1509] is hard to place, performance drops: "VAZ_2107RF_doors_cargo2"
 4:10:10.705 [CE][LootRespawner] (PRIDummy) :: Item [1510] is hard to place, performance drops: "VAZ_2107RF_doors_cargo2"
 4:10:10.705 [CE][LootRespawner] (PRIDummy) :: Item [1511] is hard to place, performance drops: "VAZ_2107RF_doors_cargo2"
 4:10:10.806 !!! [CE][Point] Removing 4443.134766, 7274.379883 from Land_Shed_M1
 4:10:11.05 [CE][LootRespawner] (PRIDummy) :: Item [1512] is hard to place, performance drops: "VAZ_2104RF_doors_codriver"
 4:10:11.05 [CE][LootRespawner] (PRIDummy) :: Item [1513] is hard to place, performance drops: "VAZ_2104RF_doors_codriver"
 4:10:11.05 [CE][LootRespawner] (PRIDummy) :: Item [1514] is hard to place, performance drops: "VAZ_2104RF_doors_codriver"
 4:10:11.05 [CE][LootRespawner] (PRIDummy) :: Item [1515] is hard to place, performance drops: "VAZ_2104RF_doors_codriver"
 4:10:11.05 [CE][LootRespawner] (PRIDummy) :: Item [1516] is hard to place, performance drops: "VAZ_2104RF_doors_codriver"
 4:10:11.505 [CE][LootRespawner] (PRIDummy) :: Item [1517] is hard to place, performance drops: "FOG_Tshirt_Black_FOG1"
 4:10:11.505 [CE][LootRespawner] (PRIDummy) :: Item [1518] is hard to place, performance drops: "FOG_Tshirt_Black_FOG1"
 4:10:11.505 [CE][LootRespawner] (PRIDummy) :: Item [1519] is hard to place, performance drops: "FOG_Tshirt_Black_FOG1"
 4:10:11.505 [CE][LootRespawner] (PRIDummy) :: Item [1520] is hard to place, performance drops: "FOG_Tshirt_Black_FOG1"
 4:10:11.505 [CE][LootRespawner] (PRIDummy) :: Item [1521] is hard to place, performance drops: "FOG_Tshirt_Black_FOG1"
 4:10:11.505 [CE][LootRespawner] (PRIDummy) :: Item [1522] is hard to place, performance drops: "FOG_Tshirt_Black_FOG1"
 4:10:11.505 [CE][LootRespawner] (PRIDummy) :: Item [1523] is hard to place, performance drops: "FOG_Tshirt_Black_FOG1"
 4:10:11.505 [CE][LootRespawner] (PRIDummy) :: Item [1524] is hard to place, performance drops: "FOG_Tshirt_Black_FOG1"
 4:10:11.505 [CE][LootRespawner] (PRIDummy) :: Item [278] causing search overtime: "FOG_Tshirt_Black_FOG1"
 4:10:11.605 [CE][LootRespawner] (PRIDummy) :: Item [1525] is hard to place, performance drops: "FOG_Tshirt_Red"
 4:10:11.605 [CE][LootRespawner] (PRIDummy) :: Item [1526] is hard to place, performance drops: "FOG_Tshirt_Red"
 4:10:11.605 [CE][LootRespawner] (PRIDummy) :: Item [1527] is hard to place, performance drops: "FOG_Tshirt_Red"
 4:10:11.605 [CE][LootRespawner] (PRIDummy) :: Item [1528] is hard to place, performance drops: "FOG_Tshirt_Red"
 4:10:11.605 [CE][LootRespawner] (PRIDummy) :: Item [1529] is hard to place, performance drops: "FOG_Tshirt_Red"
 4:10:11.605 [CE][LootRespawner] (PRIDummy) :: Item [1530] is hard to place, performance drops: "FOG_Tshirt_Red"
 4:10:11.605 [CE][LootRespawner] (PRIDummy) :: Item [1531] is hard to place, performance drops: "FOG_Tshirt_Red"
 4:10:11.605 [CE][LootRespawner] (PRIDummy) :: Item [1532] is hard to place, performance drops: "FOG_Tshirt_Red"
 4:10:11.605 [CE][LootRespawner] (PRIDummy) :: Item [279] causing search overtime: "FOG_Tshirt_Red"
 4:10:36.905 [CE][LootRespawner] (PRIDummy) :: Item [280] causing search overtime: "Mag_CZ527_5rnd"
 4:10:37.05 [CE][LootRespawner] (PRIDummy) :: Item [1533] is hard to place, performance drops: "AmmoBox_556x45_20Rnd"
 4:10:37.05 [CE][LootRespawner] (PRIDummy) :: Item [1534] is hard to place, performance drops: "AmmoBox_556x45_20Rnd"
 4:10:37.05 [CE][LootRespawner] (PRIDummy) :: Item [1535] is hard to place, performance drops: "AmmoBox_556x45_20Rnd"
 4:10:37.06 [CE][LootRespawner] (PRIDummy) :: Item [1536] is hard to place, performance drops: "AmmoBox_556x45_20Rnd"
 4:10:37.06 [CE][LootRespawner] (PRIDummy) :: Item [1537] is hard to place, performance drops: "AmmoBox_556x45_20Rnd"
 4:10:37.06 [CE][LootRespawner] (PRIDummy) :: Item [1538] is hard to place, performance drops: "AmmoBox_556x45_20Rnd"
 4:10:37.06 [CE][LootRespawner] (PRIDummy) :: Item [1539] is hard to place, performance drops: "AmmoBox_556x45_20Rnd"
 4:10:37.06 [CE][LootRespawner] (PRIDummy) :: Item [1540] is hard to place, performance drops: "AmmoBox_556x45_20Rnd"
 4:10:37.06 [CE][LootRespawner] (PRIDummy) :: Item [1541] is hard to place, performance drops: "AmmoBox_556x45_20Rnd"
 4:10:37.06 [CE][LootRespawner] (PRIDummy) :: Item [281] causing search overtime: "AmmoBox_556x45_20Rnd"
 4:10:37.106 [CE][LootRespawner] (PRIDummy) :: Item [282] causing search overtime: "Mag_CZ550_10rnd"
 4:10:37.205 [CE][LootRespawner] (PRIDummy) :: Item [1542] is hard to place, performance drops: "Saiga"
 4:10:37.205 [CE][LootRespawner] (PRIDummy) :: Item [1543] is hard to place, performance drops: "Saiga"
 4:10:37.205 [CE][LootRespawner] (PRIDummy) :: Item [1544] is hard to place, performance drops: "Saiga"
 4:10:37.205 [CE][LootRespawner] (PRIDummy) :: Item [1545] is hard to place, performance drops: "Saiga"
 4:10:37.205 [CE][LootRespawner] (PRIDummy) :: Item [1546] is hard to place, performance drops: "Saiga"
 4:10:37.205 [CE][LootRespawner] (PRIDummy) :: Item [1547] is hard to place, performance drops: "Saiga"
 4:10:37.205 [CE][LootRespawner] (PRIDummy) :: Item [1548] is hard to place, performance drops: "Saiga"
 4:10:37.205 [CE][LootRespawner] (PRIDummy) :: Item [1549] is hard to place, performance drops: "Saiga"
 4:10:37.205 [CE][LootRespawner] (PRIDummy) :: Item [1550] is hard to place, performance drops: "Saiga"
 4:10:37.205 [CE][LootRespawner] (PRIDummy) :: Item [283] causing search overtime: "Saiga"
 4:10:37.305 [CE][LootRespawner] (PRIDummy) :: Item [1551] is hard to place, performance drops: "AmmoBox_762x39_20Rnd"
 4:10:37.305 [CE][LootRespawner] (PRIDummy) :: Item [1552] is hard to place, performance drops: "AmmoBox_762x39_20Rnd"
 4:10:37.305 [CE][LootRespawner] (PRIDummy) :: Item [1553] is hard to place, performance drops: "AmmoBox_762x39_20Rnd"
 4:10:37.305 [CE][LootRespawner] (PRIDummy) :: Item [1554] is hard to place, performance drops: "AmmoBox_762x39_20Rnd"
 4:10:37.305 [CE][LootRespawner] (PRIDummy) :: Item [1555] is hard to place, performance drops: "AmmoBox_762x39_20Rnd"
 4:10:37.305 [CE][LootRespawner] (PRIDummy) :: Item [1556] is hard to place, performance drops: "AmmoBox_762x39_20Rnd"
 4:10:37.305 [CE][LootRespawner] (PRIDummy) :: Item [1557] is hard to place, performance drops: "AmmoBox_762x39_20Rnd"
 4:10:37.305 [CE][LootRespawner] (PRIDummy) :: Item [1558] is hard to place, performance drops: "AmmoBox_762x39_20Rnd"
 4:10:37.306 [CE][LootRespawner] (PRIDummy) :: Item [1559] is hard to place, performance drops: "AmmoBox_762x39_20Rnd"
 4:10:37.306 [CE][LootRespawner] (PRIDummy) :: Item [284] causing search overtime: "AmmoBox_762x39_20Rnd"
 4:10:37.405 [CE][LootRespawner] (PRIDummy) :: Item [1560] is hard to place, performance drops: "BomberJacket_Black"
 4:10:37.405 [CE][LootRespawner] (PRIDummy) :: Item [1561] is hard to place, performance drops: "BomberJacket_Black"
 4:10:37.405 [CE][LootRespawner] (PRIDummy) :: Item [1562] is hard to place, performance drops: "BomberJacket_Black"
 4:10:37.405 [CE][LootRespawner] (PRIDummy) :: Item [1563] is hard to place, performance drops: "BomberJacket_Black"
 4:10:37.405 [CE][LootRespawner] (PRIDummy) :: Item [1564] is hard to place, performance drops: "BomberJacket_Black"
 4:10:37.405 [CE][LootRespawner] (PRIDummy) :: Item [1565] is hard to place, performance drops: "BomberJacket_Black"
 4:10:37.405 [CE][LootRespawner] (PRIDummy) :: Item [1566] is hard to place, performance drops: "BomberJacket_Black"
 4:10:37.405 [CE][LootRespawner] (PRIDummy) :: Item [285] causing search overtime: "BomberJacket_Black"
 4:10:37.505 [CE][LootRespawner] (PRIDummy) :: Item [1567] is hard to place, performance drops: "CargoPants_Green"
 4:10:37.505 [CE][LootRespawner] (PRIDummy) :: Item [1568] is hard to place, performance drops: "CargoPants_Green"
 4:10:37.505 [CE][LootRespawner] (PRIDummy) :: Item [1569] is hard to place, performance drops: "CargoPants_Green"
 4:10:37.505 [CE][LootRespawner] (PRIDummy) :: Item [1570] is hard to place, performance drops: "CargoPants_Green"
 4:10:37.505 [CE][LootRespawner] (PRIDummy) :: Item [1571] is hard to place, performance drops: "CargoPants_Green"
 4:10:37.505 [CE][LootRespawner] (PRIDummy) :: Item [1572] is hard to place, performance drops: "CargoPants_Green"
 4:10:37.505 [CE][LootRespawner] (PRIDummy) :: Item [1573] is hard to place, performance drops: "CargoPants_Green"
 4:10:37.505 [CE][LootRespawner] (PRIDummy) :: Item [286] causing search overtime: "CargoPants_Green"
 4:10:37.605 [CE][LootRespawner] (PRIDummy) :: Item [1574] is hard to place, performance drops: "M16A2"
 4:10:37.605 [CE][LootRespawner] (PRIDummy) :: Item [1575] is hard to place, performance drops: "M16A2"
 4:10:37.605 [CE][LootRespawner] (PRIDummy) :: Item [1576] is hard to place, performance drops: "M16A2"
 4:10:37.605 [CE][LootRespawner] (PRIDummy) :: Item [1577] is hard to place, performance drops: "M16A2"
 4:10:37.605 [CE][LootRespawner] (PRIDummy) :: Item [1578] is hard to place, performance drops: "M16A2"
 4:10:37.605 [CE][LootRespawner] (PRIDummy) :: Item [1579] is hard to place, performance drops: "M16A2"
 4:10:37.605 [CE][LootRespawner] (PRIDummy) :: Item [1580] is hard to place, performance drops: "M16A2"
 4:10:37.605 [CE][LootRespawner] (PRIDummy) :: Item [1581] is hard to place, performance drops: "M16A2"
 4:10:37.605 [CE][LootRespawner] (PRIDummy) :: Item [287] causing search overtime: "M16A2"
 4:10:37.706 [CE][LootRespawner] (PRIDummy) :: Item [288] causing search overtime: "TacticalBaconCan"
 4:10:37.805 [CE][LootRespawner] (PRIDummy) :: Item [1582] is hard to place, performance drops: "AK74"
 4:10:37.805 [CE][LootRespawner] (PRIDummy) :: Item [1583] is hard to place, performance drops: "AK74"
 4:10:37.805 [CE][LootRespawner] (PRIDummy) :: Item [1584] is hard to place, performance drops: "AK74"
 4:10:37.805 [CE][LootRespawner] (PRIDummy) :: Item [1585] is hard to place, performance drops: "AK74"
 4:10:37.805 [CE][LootRespawner] (PRIDummy) :: Item [1586] is hard to place, performance drops: "AK74"
 4:10:37.805 [CE][LootRespawner] (PRIDummy) :: Item [1587] is hard to place, performance drops: "AK74"
 4:10:37.805 [CE][LootRespawner] (PRIDummy) :: Item [1588] is hard to place, performance drops: "AK74"
 4:10:37.805 [CE][LootRespawner] (PRIDummy) :: Item [1589] is hard to place, performance drops: "AK74"
 4:10:37.805 [CE][LootRespawner] (PRIDummy) :: Item [289] causing search overtime: "AK74"
 4:10:37.905 [CE][LootRespawner] (PRIDummy) :: Item [1590] is hard to place, performance drops: "FAMAS"
 4:10:37.905 [CE][LootRespawner] (PRIDummy) :: Item [1591] is hard to place, performance drops: "FAMAS"
 4:10:37.905 [CE][LootRespawner] (PRIDummy) :: Item [1592] is hard to place, performance drops: "FAMAS"
 4:10:37.905 [CE][LootRespawner] (PRIDummy) :: Item [1593] is hard to place, performance drops: "FAMAS"
 4:10:37.905 [CE][LootRespawner] (PRIDummy) :: Item [1594] is hard to place, performance drops: "FAMAS"
 4:10:37.905 [CE][LootRespawner] (PRIDummy) :: Item [1595] is hard to place, performance drops: "FAMAS"
 4:10:37.905 [CE][LootRespawner] (PRIDummy) :: Item [1596] is hard to place, performance drops: "FAMAS"
 4:10:37.905 [CE][LootRespawner] (PRIDummy) :: Item [1597] is hard to place, performance drops: "FAMAS"
 4:10:37.905 [CE][LootRespawner] (PRIDummy) :: Item [290] causing search overtime: "FAMAS"
 4:10:38.05 [CE][LootRespawner] (PRIDummy) :: Item [1598] is hard to place, performance drops: "M18SmokeGrenade_Red"
 4:10:38.05 [CE][LootRespawner] (PRIDummy) :: Item [1599] is hard to place, performance drops: "M18SmokeGrenade_Red"
 4:10:38.05 [CE][LootRespawner] (PRIDummy) :: Item [1600] is hard to place, performance drops: "M18SmokeGrenade_Red"
 4:10:38.05 [CE][LootRespawner] (PRIDummy) :: Item [1601] is hard to place, performance drops: "M18SmokeGrenade_Red"
 4:10:38.05 [CE][LootRespawner] (PRIDummy) :: Item [1602] is hard to place, performance drops: "M18SmokeGrenade_Red"
 4:10:38.05 [CE][LootRespawner] (PRIDummy) :: Item [1603] is hard to place, performance drops: "M18SmokeGrenade_Red"
 4:10:38.05 [CE][LootRespawner] (PRIDummy) :: Item [1604] is hard to place, performance drops: "M18SmokeGrenade_Red"
 4:10:38.05 [CE][LootRespawner] (PRIDummy) :: Item [1605] is hard to place, performance drops: "M18SmokeGrenade_Red"
 4:10:38.05 [CE][LootRespawner] (PRIDummy) :: Item [291] causing search overtime: "M18SmokeGrenade_Red"
 4:10:38.105 [CE][LootRespawner] (PRIDummy) :: Item [1606] is hard to place, performance drops: "SmershVest"
 4:10:38.106 [CE][LootRespawner] (PRIDummy) :: Item [1607] is hard to place, performance drops: "SmershVest"
 4:10:38.106 [CE][LootRespawner] (PRIDummy) :: Item [1608] is hard to place, performance drops: "SmershVest"
 4:10:38.106 [CE][LootRespawner] (PRIDummy) :: Item [1609] is hard to place, performance drops: "SmershVest"
 4:10:38.106 [CE][LootRespawner] (PRIDummy) :: Item [1610] is hard to place, performance drops: "SmershVest"
 4:10:38.106 [CE][LootRespawner] (PRIDummy) :: Item [1611] is hard to place, performance drops: "SmershVest"
 4:10:38.106 [CE][LootRespawner] (PRIDummy) :: Item [1612] is hard to place, performance drops: "SmershVest"
 4:10:38.106 [CE][LootRespawner] (PRIDummy) :: Item [1613] is hard to place, performance drops: "SmershVest"
 4:10:38.106 [CE][LootRespawner] (PRIDummy) :: Item [292] causing search overtime: "SmershVest"
 4:10:38.205 [CE][LootRespawner] (PRIDummy) :: Item [1614] is hard to place, performance drops: "STAG_Clothing_PlateCarrier"
 4:10:38.205 [CE][LootRespawner] (PRIDummy) :: Item [1615] is hard to place, performance drops: "STAG_Clothing_PlateCarrier"
 4:10:38.205 [CE][LootRespawner] (PRIDummy) :: Item [1616] is hard to place, performance drops: "STAG_Clothing_PlateCarrier"
 4:10:38.205 [CE][LootRespawner] (PRIDummy) :: Item [1617] is hard to place, performance drops: "STAG_Clothing_PlateCarrier"
 4:10:38.205 [CE][LootRespawner] (PRIDummy) :: Item [1618] is hard to place, performance drops: "STAG_Clothing_PlateCarrier"
 4:10:38.205 [CE][LootRespawner] (PRIDummy) :: Item [1619] is hard to place, performance drops: "STAG_Clothing_PlateCarrier"
 4:10:38.205 [CE][LootRespawner] (PRIDummy) :: Item [1620] is hard to place, performance drops: "STAG_Clothing_PlateCarrier"
 4:10:38.205 [CE][LootRespawner] (PRIDummy) :: Item [1621] is hard to place, performance drops: "STAG_Clothing_PlateCarrier"
 4:10:38.205 [CE][LootRespawner] (PRIDummy) :: Item [293] causing search overtime: "STAG_Clothing_PlateCarrier"
 4:10:38.305 [CE][LootRespawner] (PRIDummy) :: Item [1622] is hard to place, performance drops: "CargoPants_Black"
 4:10:38.305 [CE][LootRespawner] (PRIDummy) :: Item [1623] is hard to place, performance drops: "CargoPants_Black"
 4:10:38.305 [CE][LootRespawner] (PRIDummy) :: Item [1624] is hard to place, performance drops: "CargoPants_Black"
 4:10:38.305 [CE][LootRespawner] (PRIDummy) :: Item [1625] is hard to place, performance drops: "CargoPants_Black"
 4:10:38.305 [CE][LootRespawner] (PRIDummy) :: Item [1626] is hard to place, performance drops: "CargoPants_Black"
 4:10:38.305 [CE][LootRespawner] (PRIDummy) :: Item [1627] is hard to place, performance drops: "CargoPants_Black"
 4:10:38.305 [CE][LootRespawner] (PRIDummy) :: Item [1628] is hard to place, performance drops: "CargoPants_Black"
 4:10:38.306 [CE][LootRespawner] (PRIDummy) :: Item [294] causing search overtime: "CargoPants_Black"
 4:10:38.405 [CE][LootRespawner] (PRIDummy) :: Item [1629] is hard to place, performance drops: "STAG_Clothing_M65_Jacket"
 4:10:38.405 [CE][LootRespawner] (PRIDummy) :: Item [1630] is hard to place, performance drops: "STAG_Clothing_M65_Jacket"
 4:10:38.405 [CE][LootRespawner] (PRIDummy) :: Item [1631] is hard to place, performance drops: "STAG_Clothing_M65_Jacket"
 4:10:38.405 [CE][LootRespawner] (PRIDummy) :: Item [1632] is hard to place, performance drops: "STAG_Clothing_M65_Jacket"
 4:10:38.405 [CE][LootRespawner] (PRIDummy) :: Item [1633] is hard to place, performance drops: "STAG_Clothing_M65_Jacket"
 4:10:38.405 [CE][LootRespawner] (PRIDummy) :: Item [1634] is hard to place, performance drops: "STAG_Clothing_M65_Jacket"
 4:10:38.405 [CE][LootRespawner] (PRIDummy) :: Item [1635] is hard to place, performance drops: "STAG_Clothing_M65_Jacket"
 4:10:38.405 [CE][LootRespawner] (PRIDummy) :: Item [1636] is hard to place, performance drops: "STAG_Clothing_M65_Jacket"
 4:10:38.405 [CE][LootRespawner] (PRIDummy) :: Item [295] causing search overtime: "STAG_Clothing_M65_Jacket"
 4:10:38.505 [CE][LootRespawner] (PRIDummy) :: Item [1637] is hard to place, performance drops: "SA_Loot_Chest_Red"
 4:10:38.505 [CE][LootRespawner] (PRIDummy) :: Item [1638] is hard to place, performance drops: "SA_Loot_Chest_Red"
 4:10:38.505 [CE][LootRespawner] (PRIDummy) :: Item [1639] is hard to place, performance drops: "SA_Loot_Chest_Red"
 4:10:38.505 [CE][LootRespawner] (PRIDummy) :: Item [1640] is hard to place, performance drops: "SA_Loot_Chest_Red"
 4:10:38.505 [CE][LootRespawner] (PRIDummy) :: Item [1641] is hard to place, performance drops: "SA_Loot_Chest_Red"
 4:10:38.505 [CE][LootRespawner] (PRIDummy) :: Item [1642] is hard to place, performance drops: "SA_Loot_Chest_Red"
 4:10:38.505 [CE][LootRespawner] (PRIDummy) :: Item [1643] is hard to place, performance drops: "SA_Loot_Chest_Red"
 4:10:38.505 [CE][LootRespawner] (PRIDummy) :: Item [296] causing search overtime: "SA_Loot_Chest_Red"
 4:10:38.608 !!! [CE][Spawn] Character "ZmbM_PatrolNormal_PautRev" at 7431.273438, 1433.320068
 4:10:38.609 !!! [CE][Spawn] Character "ZmbM_usSoldier_Heavy_Woodland" at 7377.840820, 1486.379028
 4:10:38.610 !!! [CE][Spawn] Character "ZmbM_PatrolNormal_Autumn" at 7387.083496, 1560.933105
 4:10:38.611 !!! [CE][Spawn] Character "ZmbM_PatrolNormal_PautRev" at 7454.634277, 1553.010498
 4:10:38.612 !!! [CE][Spawn] Character "ZmbM_usSoldier_Heavy_Woodland" at 7517.110352, 1560.185425
 4:10:38.613 !!! [CE][Spawn] Character "ZmbM_PatrolNormal_Autumn" at 7484.749512, 1504.553833
 4:10:38.613 !!! [CE][Spawn] Character "ZmbM_PatrolNormal_Summer" at 7467.336426, 1479.284180
 4:10:38.613 !!! [CE][Spawn] Character "ZmbM_SoldierNormal" at 7429.849609, 1476.559692
 4:10:38.613 !!! [CE][Spawn] Character "ZmbM_usSoldier_normal_Desert" at 7374.089355, 1511.674683
 4:10:38.614 !!! [CE][Spawn] Character "ZmbM_PatrolNormal_PautRev" at 7409.803711, 1573.562500
 4:11:03.505 [CE][LootRespawner] (PRIDummy) :: Item [1644] is hard to place, performance drops: "SA_Loot_Chest_Red"
 4:11:03.505 [CE][LootRespawner] (PRIDummy) :: Item [1645] is hard to place, performance drops: "SA_Loot_Chest_Red"
 4:11:03.505 [CE][LootRespawner] (PRIDummy) :: Item [1646] is hard to place, performance drops: "SA_Loot_Chest_Red"
 4:11:03.506 [CE][LootRespawner] (PRIDummy) :: Item [1647] is hard to place, performance drops: "SA_Loot_Chest_Red"
 4:11:03.506 [CE][LootRespawner] (PRIDummy) :: Item [1648] is hard to place, performance drops: "SA_Loot_Chest_Red"
 4:11:03.506 [CE][LootRespawner] (PRIDummy) :: Item [1649] is hard to place, performance drops: "SA_Loot_Chest_Red"
 4:11:03.506 [CE][LootRespawner] (PRIDummy) :: Item [1650] is hard to place, performance drops: "SA_Loot_Chest_Red"
 4:11:03.506 [CE][LootRespawner] (PRIDummy) :: Item [297] causing search overtime: "SA_Loot_Chest_Red"
 4:11:03.605 [CE][LootRespawner] (PRIDummy) :: Item [1651] is hard to place, performance drops: "STAG_Clothing_Cargo_Pants"
 4:11:03.605 [CE][LootRespawner] (PRIDummy) :: Item [1652] is hard to place, performance drops: "STAG_Clothing_Cargo_Pants"
 4:11:03.605 [CE][LootRespawner] (PRIDummy) :: Item [1653] is hard to place, performance drops: "STAG_Clothing_Cargo_Pants"
 4:11:03.605 [CE][LootRespawner] (PRIDummy) :: Item [1654] is hard to place, performance drops: "STAG_Clothing_Cargo_Pants"
 4:11:03.605 [CE][LootRespawner] (PRIDummy) :: Item [1655] is hard to place, performance drops: "STAG_Clothing_Cargo_Pants"
 4:11:03.605 [CE][LootRespawner] (PRIDummy) :: Item [1656] is hard to place, performance drops: "STAG_Clothing_Cargo_Pants"
 4:11:03.605 [CE][LootRespawner] (PRIDummy) :: Item [1657] is hard to place, performance drops: "STAG_Clothing_Cargo_Pants"
 4:11:03.605 [CE][LootRespawner] (PRIDummy) :: Item [1658] is hard to place, performance drops: "STAG_Clothing_Cargo_Pants"
 4:11:03.605 [CE][LootRespawner] (PRIDummy) :: Item [298] causing search overtime: "STAG_Clothing_Cargo_Pants"
 4:11:03.706 [CE][LootRespawner] (PRIDummy) :: Item [299] causing search overtime: "CZ550"
 4:11:03.805 [CE][LootRespawner] (PRIDummy) :: Item [1659] is hard to place, performance drops: "STAG_Clothing_Boots"
 4:11:03.805 [CE][LootRespawner] (PRIDummy) :: Item [1660] is hard to place, performance drops: "STAG_Clothing_Boots"
 4:11:03.805 [CE][LootRespawner] (PRIDummy) :: Item [1661] is hard to place, performance drops: "STAG_Clothing_Boots"
 4:11:03.805 [CE][LootRespawner] (PRIDummy) :: Item [1662] is hard to place, performance drops: "STAG_Clothing_Boots"
 4:11:03.805 [CE][LootRespawner] (PRIDummy) :: Item [1663] is hard to place, performance drops: "STAG_Clothing_Boots"
 4:11:03.805 [CE][LootRespawner] (PRIDummy) :: Item [1664] is hard to place, performance drops: "STAG_Clothing_Boots"
 4:11:03.805 [CE][LootRespawner] (PRIDummy) :: Item [1665] is hard to place, performance drops: "STAG_Clothing_Boots"
 4:11:03.805 [CE][LootRespawner] (PRIDummy) :: Item [1666] is hard to place, performance drops: "STAG_Clothing_Boots"
 4:11:03.805 [CE][LootRespawner] (PRIDummy) :: Item [1667] is hard to place, performance drops: "STAG_Clothing_Boots"
 4:11:03.805 [CE][LootRespawner] (PRIDummy) :: Item [300] causing search overtime: "STAG_Clothing_Boots"
 4:11:03.905 [CE][LootRespawner] (PRIDummy) :: Item [301] causing search overtime: "HipPack_Party"
 4:11:04.05 [CE][LootRespawner] (PRIDummy) :: Item [1668] is hard to place, performance drops: "Mag_SV98_10Rnd"
 4:11:04.05 [CE][LootRespawner] (PRIDummy) :: Item [1669] is hard to place, performance drops: "Mag_SV98_10Rnd"
 4:11:04.05 [CE][LootRespawner] (PRIDummy) :: Item [1670] is hard to place, performance drops: "Mag_SV98_10Rnd"
 4:11:04.05 [CE][LootRespawner] (PRIDummy) :: Item [1671] is hard to place, performance drops: "Mag_SV98_10Rnd"
 4:11:04.05 [CE][LootRespawner] (PRIDummy) :: Item [1672] is hard to place, performance drops: "Mag_SV98_10Rnd"
 4:11:04.05 [CE][LootRespawner] (PRIDummy) :: Item [1673] is hard to place, performance drops: "Mag_SV98_10Rnd"
 4:11:04.05 [CE][LootRespawner] (PRIDummy) :: Item [1674] is hard to place, performance drops: "Mag_SV98_10Rnd"
 4:11:04.05 [CE][LootRespawner] (PRIDummy) :: Item [1675] is hard to place, performance drops: "Mag_SV98_10Rnd"
 4:11:04.05 [CE][LootRespawner] (PRIDummy) :: Item [1676] is hard to place, performance drops: "Mag_SV98_10Rnd"
 4:11:04.05 [CE][LootRespawner] (PRIDummy) :: Item [302] causing search overtime: "Mag_SV98_10Rnd"
 4:11:04.105 [CE][LootRespawner] (PRIDummy) :: Item [1677] is hard to place, performance drops: "Mag_STANAG_30Rnd"
 4:11:04.105 [CE][LootRespawner] (PRIDummy) :: Item [1678] is hard to place, performance drops: "Mag_STANAG_30Rnd"
 4:11:04.105 [CE][LootRespawner] (PRIDummy) :: Item [1679] is hard to place, performance drops: "Mag_STANAG_30Rnd"
 4:11:04.105 [CE][LootRespawner] (PRIDummy) :: Item [1680] is hard to place, performance drops: "Mag_STANAG_30Rnd"
 4:11:04.105 [CE][LootRespawner] (PRIDummy) :: Item [1681] is hard to place, performance drops: "Mag_STANAG_30Rnd"
 4:11:04.105 [CE][LootRespawner] (PRIDummy) :: Item [1682] is hard to place, performance drops: "Mag_STANAG_30Rnd"
 4:11:04.106 [CE][LootRespawner] (PRIDummy) :: Item [1683] is hard to place, performance drops: "Mag_STANAG_30Rnd"
 4:11:04.106 [CE][LootRespawner] (PRIDummy) :: Item [1684] is hard to place, performance drops: "Mag_STANAG_30Rnd"
 4:11:04.106 [CE][LootRespawner] (PRIDummy) :: Item [1685] is hard to place, performance drops: "Mag_STANAG_30Rnd"
 4:11:04.106 [CE][LootRespawner] (PRIDummy) :: Item [303] causing search overtime: "Mag_STANAG_30Rnd"
 4:11:04.205 [CE][LootRespawner] (PRIDummy) :: Item [1686] is hard to place, performance drops: "SV98"
 4:11:04.205 [CE][LootRespawner] (PRIDummy) :: Item [1687] is hard to place, performance drops: "SV98"
 4:11:04.205 [CE][LootRespawner] (PRIDummy) :: Item [1688] is hard to place, performance drops: "SV98"
 4:11:04.205 [CE][LootRespawner] (PRIDummy) :: Item [1689] is hard to place, performance drops: "SV98"
 4:11:04.205 [CE][LootRespawner] (PRIDummy) :: Item [1690] is hard to place, performance drops: "SV98"
 4:11:04.205 [CE][LootRespawner] (PRIDummy) :: Item [1691] is hard to place, performance drops: "SV98"
 4:11:04.205 [CE][LootRespawner] (PRIDummy) :: Item [1692] is hard to place, performance drops: "SV98"
 4:11:04.205 [CE][LootRespawner] (PRIDummy) :: Item [1693] is hard to place, performance drops: "SV98"
 4:11:04.205 [CE][LootRespawner] (PRIDummy) :: Item [304] causing search overtime: "SV98"
 4:11:04.305 [CE][LootRespawner] (PRIDummy) :: Item [1694] is hard to place, performance drops: "Mag_Vikhr_30Rnd"
 4:11:04.305 [CE][LootRespawner] (PRIDummy) :: Item [1695] is hard to place, performance drops: "Mag_Vikhr_30Rnd"
 4:11:04.305 [CE][LootRespawner] (PRIDummy) :: Item [1696] is hard to place, performance drops: "Mag_Vikhr_30Rnd"
 4:11:04.305 [CE][LootRespawner] (PRIDummy) :: Item [1697] is hard to place, performance drops: "Mag_Vikhr_30Rnd"
 4:11:04.305 [CE][LootRespawner] (PRIDummy) :: Item [1698] is hard to place, performance drops: "Mag_Vikhr_30Rnd"
 4:11:04.305 [CE][LootRespawner] (PRIDummy) :: Item [1699] is hard to place, performance drops: "Mag_Vikhr_30Rnd"
 4:11:04.305 [CE][LootRespawner] (PRIDummy) :: Item [1700] is hard to place, performance drops: "Mag_Vikhr_30Rnd"
 4:11:04.305 [CE][LootRespawner] (PRIDummy) :: Item [1701] is hard to place, performance drops: "Mag_Vikhr_30Rnd"
 4:11:04.305 [CE][LootRespawner] (PRIDummy) :: Item [1702] is hard to place, performance drops: "Mag_Vikhr_30Rnd"
 4:11:04.305 [CE][LootRespawner] (PRIDummy) :: Item [305] causing search overtime: "Mag_Vikhr_30Rnd"
 4:11:04.405 [CE][LootRespawner] (PRIDummy) :: Item [1703] is hard to place, performance drops: "Mag_Saiga_8Rnd"
 4:11:04.405 [CE][LootRespawner] (PRIDummy) :: Item [1704] is hard to place, performance drops: "Mag_Saiga_8Rnd"
 4:11:04.405 [CE][LootRespawner] (PRIDummy) :: Item [1705] is hard to place, performance drops: "Mag_Saiga_8Rnd"
 4:11:04.405 [CE][LootRespawner] (PRIDummy) :: Item [1706] is hard to place, performance drops: "Mag_Saiga_8Rnd"
 4:11:04.405 [CE][LootRespawner] (PRIDummy) :: Item [1707] is hard to place, performance drops: "Mag_Saiga_8Rnd"
 4:11:04.405 [CE][LootRespawner] (PRIDummy) :: Item [1708] is hard to place, performance drops: "Mag_Saiga_8Rnd"
 4:11:04.405 [CE][LootRespawner] (PRIDummy) :: Item [1709] is hard to place, performance drops: "Mag_Saiga_8Rnd"
 4:11:04.405 [CE][LootRespawner] (PRIDummy) :: Item [1710] is hard to place, performance drops: "Mag_Saiga_8Rnd"
 4:11:04.405 [CE][LootRespawner] (PRIDummy) :: Item [1711] is hard to place, performance drops: "Mag_Saiga_8Rnd"
 4:11:04.405 [CE][LootRespawner] (PRIDummy) :: Item [306] causing search overtime: "Mag_Saiga_8Rnd"
 4:11:04.505 [CE][LootRespawner] (PRIDummy) :: Item [1712] is hard to place, performance drops: "QuiltedJacket_Black"
 4:11:04.505 [CE][LootRespawner] (PRIDummy) :: Item [1713] is hard to place, performance drops: "QuiltedJacket_Black"
 4:11:04.505 [CE][LootRespawner] (PRIDummy) :: Item [1714] is hard to place, performance drops: "QuiltedJacket_Black"
 4:11:04.505 [CE][LootRespawner] (PRIDummy) :: Item [1715] is hard to place, performance drops: "QuiltedJacket_Black"
 4:11:04.505 [CE][LootRespawner] (PRIDummy) :: Item [1716] is hard to place, performance drops: "QuiltedJacket_Black"
 4:11:04.506 [CE][LootRespawner] (PRIDummy) :: Item [1717] is hard to place, performance drops: "QuiltedJacket_Black"
 4:11:04.506 [CE][LootRespawner] (PRIDummy) :: Item [1718] is hard to place, performance drops: "QuiltedJacket_Black"
 4:11:04.506 [CE][LootRespawner] (PRIDummy) :: Item [307] causing search overtime: "QuiltedJacket_Black"
 4:11:04.606 [CE][LootRespawner] (PRIDummy) :: Item [308] causing search overtime: "STAG_Clothing_MountainBag"
 4:11:04.705 [CE][LootRespawner] (PRIDummy) :: Item [1719] is hard to place, performance drops: "Mag_AKM_Drum75Rnd"
 4:11:04.705 [CE][LootRespawner] (PRIDummy) :: Item [1720] is hard to place, performance drops: "Mag_AKM_Drum75Rnd"
 4:11:04.705 [CE][LootRespawner] (PRIDummy) :: Item [1721] is hard to place, performance drops: "Mag_AKM_Drum75Rnd"
 4:11:04.705 [CE][LootRespawner] (PRIDummy) :: Item [1722] is hard to place, performance drops: "Mag_AKM_Drum75Rnd"
 4:11:04.705 [CE][LootRespawner] (PRIDummy) :: Item [1723] is hard to place, performance drops: "Mag_AKM_Drum75Rnd"
 4:11:04.705 [CE][LootRespawner] (PRIDummy) :: Item [1724] is hard to place, performance drops: "Mag_AKM_Drum75Rnd"
 4:11:04.705 [CE][LootRespawner] (PRIDummy) :: Item [1725] is hard to place, performance drops: "Mag_AKM_Drum75Rnd"
 4:11:04.705 [CE][LootRespawner] (PRIDummy) :: Item [1726] is hard to place, performance drops: "Mag_AKM_Drum75Rnd"
 4:11:04.705 [CE][LootRespawner] (PRIDummy) :: Item [309] causing search overtime: "Mag_AKM_Drum75Rnd"
 4:11:04.805 [CE][LootRespawner] (PRIDummy) :: Item [1727] is hard to place, performance drops: "Mag_AKM_30Rnd"
 4:11:04.805 [CE][LootRespawner] (PRIDummy) :: Item [1728] is hard to place, performance drops: "Mag_AKM_30Rnd"
 4:11:04.805 [CE][LootRespawner] (PRIDummy) :: Item [1729] is hard to place, performance drops: "Mag_AKM_30Rnd"
 4:11:04.805 [CE][LootRespawner] (PRIDummy) :: Item [1730] is hard to place, performance drops: "Mag_AKM_30Rnd"
 4:11:04.805 [CE][LootRespawner] (PRIDummy) :: Item [1731] is hard to place, performance drops: "Mag_AKM_30Rnd"
 4:11:04.805 [CE][LootRespawner] (PRIDummy) :: Item [1732] is hard to place, performance drops: "Mag_AKM_30Rnd"
 4:11:04.805 [CE][LootRespawner] (PRIDummy) :: Item [1733] is hard to place, performance drops: "Mag_AKM_30Rnd"
 4:11:04.805 [CE][LootRespawner] (PRIDummy) :: Item [1734] is hard to place, performance drops: "Mag_AKM_30Rnd"
 4:11:04.805 [CE][LootRespawner] (PRIDummy) :: Item [1735] is hard to place, performance drops: "Mag_AKM_30Rnd"
 4:11:04.805 [CE][LootRespawner] (PRIDummy) :: Item [310] causing search overtime: "Mag_AKM_30Rnd"
 4:11:04.905 [CE][LootRespawner] (PRIDummy) :: Item [1736] is hard to place, performance drops: "MilitaryBoots_Black"
 4:11:04.905 [CE][LootRespawner] (PRIDummy) :: Item [1737] is hard to place, performance drops: "MilitaryBoots_Black"
 4:11:04.905 [CE][LootRespawner] (PRIDummy) :: Item [1738] is hard to place, performance drops: "MilitaryBoots_Black"
 4:11:04.905 [CE][LootRespawner] (PRIDummy) :: Item [1739] is hard to place, performance drops: "MilitaryBoots_Black"
 4:11:04.905 [CE][LootRespawner] (PRIDummy) :: Item [1740] is hard to place, performance drops: "MilitaryBoots_Black"
 4:11:04.905 [CE][LootRespawner] (PRIDummy) :: Item [1741] is hard to place, performance drops: "MilitaryBoots_Black"
 4:11:04.905 [CE][LootRespawner] (PRIDummy) :: Item [1742] is hard to place, performance drops: "MilitaryBoots_Black"
 4:11:04.905 [CE][LootRespawner] (PRIDummy) :: Item [1743] is hard to place, performance drops: "MilitaryBoots_Black"
 4:11:04.905 [CE][LootRespawner] (PRIDummy) :: Item [1744] is hard to place, performance drops: "MilitaryBoots_Black"
 4:11:04.905 [CE][LootRespawner] (PRIDummy) :: Item [311] causing search overtime: "MilitaryBoots_Black"
 4:11:05.05 [CE][LootRespawner] (PRIDummy) :: Item [1745] is hard to place, performance drops: "M4_T3NRDSOptic"
 4:11:05.05 [CE][LootRespawner] (PRIDummy) :: Item [1746] is hard to place, performance drops: "M4_T3NRDSOptic"
 4:11:05.05 [CE][LootRespawner] (PRIDummy) :: Item [1747] is hard to place, performance drops: "M4_T3NRDSOptic"
 4:11:05.05 [CE][LootRespawner] (PRIDummy) :: Item [1748] is hard to place, performance drops: "M4_T3NRDSOptic"
 4:11:05.05 [CE][LootRespawner] (PRIDummy) :: Item [1749] is hard to place, performance drops: "M4_T3NRDSOptic"
 4:11:05.05 [CE][LootRespawner] (PRIDummy) :: Item [1750] is hard to place, performance drops: "M4_T3NRDSOptic"
 4:11:05.05 [CE][LootRespawner] (PRIDummy) :: Item [1751] is hard to place, performance drops: "M4_T3NRDSOptic"
 4:11:05.05 [CE][LootRespawner] (PRIDummy) :: Item [1752] is hard to place, performance drops: "M4_T3NRDSOptic"
 4:11:05.05 [CE][LootRespawner] (PRIDummy) :: Item [1753] is hard to place, performance drops: "M4_T3NRDSOptic"
 4:11:05.06 [CE][LootRespawner] (PRIDummy) :: Item [312] causing search overtime: "M4_T3NRDSOptic"
 4:11:05.105 [CE][LootRespawner] (PRIDummy) :: Item [1754] is hard to place, performance drops: "QuiltedJacket_Green"
 4:11:05.105 [CE][LootRespawner] (PRIDummy) :: Item [1755] is hard to place, performance drops: "QuiltedJacket_Green"
 4:11:05.105 [CE][LootRespawner] (PRIDummy) :: Item [1756] is hard to place, performance drops: "QuiltedJacket_Green"
 4:11:05.105 [CE][LootRespawner] (PRIDummy) :: Item [1757] is hard to place, performance drops: "QuiltedJacket_Green"
 4:11:05.105 [CE][LootRespawner] (PRIDummy) :: Item [1758] is hard to place, performance drops: "QuiltedJacket_Green"
 4:11:05.105 [CE][LootRespawner] (PRIDummy) :: Item [1759] is hard to place, performance drops: "QuiltedJacket_Green"
 4:11:05.105 [CE][LootRespawner] (PRIDummy) :: Item [1760] is hard to place, performance drops: "QuiltedJacket_Green"
 4:11:05.105 [CE][LootRespawner] (PRIDummy) :: Item [313] causing search overtime: "QuiltedJacket_Green"
 4:11:05.205 [CE][LootRespawner] (PRIDummy) :: Item [1761] is hard to place, performance drops: "BalaclavaMask_Black"
 4:11:05.205 [CE][LootRespawner] (PRIDummy) :: Item [1762] is hard to place, performance drops: "BalaclavaMask_Black"
 4:11:05.205 [CE][LootRespawner] (PRIDummy) :: Item [1763] is hard to place, performance drops: "BalaclavaMask_Black"
 4:11:05.205 [CE][LootRespawner] (PRIDummy) :: Item [1764] is hard to place, performance drops: "BalaclavaMask_Black"
 4:11:05.205 [CE][LootRespawner] (PRIDummy) :: Item [1765] is hard to place, performance drops: "BalaclavaMask_Black"
 4:11:05.205 [CE][LootRespawner] (PRIDummy) :: Item [1766] is hard to place, performance drops: "BalaclavaMask_Black"
 4:11:05.205 [CE][LootRespawner] (PRIDummy) :: Item [1767] is hard to place, performance drops: "BalaclavaMask_Black"
 4:11:05.205 [CE][LootRespawner] (PRIDummy) :: Item [1768] is hard to place, performance drops: "BalaclavaMask_Black"
 4:11:05.205 [CE][LootRespawner] (PRIDummy) :: Item [314] causing search overtime: "BalaclavaMask_Black"
 4:11:05.305 [CE][LootRespawner] (PRIDummy) :: Item [1769] is hard to place, performance drops: "AKS74U"
 4:11:05.305 [CE][LootRespawner] (PRIDummy) :: Item [1770] is hard to place, performance drops: "AKS74U"
 4:11:05.305 [CE][LootRespawner] (PRIDummy) :: Item [1771] is hard to place, performance drops: "AKS74U"
 4:11:05.305 [CE][LootRespawner] (PRIDummy) :: Item [1772] is hard to place, performance drops: "AKS74U"
 4:11:05.305 [CE][LootRespawner] (PRIDummy) :: Item [1773] is hard to place, performance drops: "AKS74U"
 4:11:05.305 [CE][LootRespawner] (PRIDummy) :: Item [1774] is hard to place, performance drops: "AKS74U"
 4:11:05.305 [CE][LootRespawner] (PRIDummy) :: Item [1775] is hard to place, performance drops: "AKS74U"
 4:11:05.305 [CE][LootRespawner] (PRIDummy) :: Item [1776] is hard to place, performance drops: "AKS74U"
 4:11:05.305 [CE][LootRespawner] (PRIDummy) :: Item [1777] is hard to place, performance drops: "AKS74U"
 4:11:05.305 [CE][LootRespawner] (PRIDummy) :: Item [315] causing search overtime: "AKS74U"
 4:11:05.406 [CE][LootRespawner] (PRIDummy) :: Item [316] causing search overtime: "MimeMask_Female"
 4:11:05.505 !!! [CE][Spawn] Character "ZmbM_usSoldier_normal_Woodland" at 7248.479004, 2300.786377
 4:11:05.506 !!! [CE][Spawn] Character "ZmbM_SoldierNormal" at 7271.347656, 2228.923584
 4:11:05.507 !!! [CE][Spawn] Character "ZmbM_usSoldier_normal_Woodland" at 7263.337891, 2123.678955
 4:11:05.507 !!! [CE][Spawn] Character "ZmbM_PatrolNormal_Summer" at 7175.598633, 2188.929688
 4:11:05.508 !!! [CE][Spawn] Character "ZmbM_PatrolNormal_PautRev" at 7065.762207, 2200.654053
 4:11:05.509 !!! [CE][Spawn] Character "ZmbM_usSoldier_Heavy_Woodland" at 7146.495117, 2272.136963
 4:11:05.509 !!! [CE][Spawn] Character "ZmbM_PatrolNormal_Flat" at 7199.076660, 2330.422607
 4:11:05.510 !!! [CE][Spawn] Character "ZmbM_PatrolNormal_Summer" at 6269.093262, 4075.236328
 4:11:30.405 [CE][LootRespawner] (PRIDummy) :: Item [317] causing search overtime: "MimeMask_Female"
 4:11:30.505 [CE][LootRespawner] (PRIDummy) :: Item [318] causing search overtime: "EyeMask_Black"
 4:11:30.606 [CE][LootRespawner] (PRIDummy) :: Item [319] causing search overtime: "EyeMask_Yellow"
 4:11:30.705 [CE][LootRespawner] (PRIDummy) :: Item [1778] is hard to place, performance drops: "BrassKnuckles_Shiny"
 4:11:30.705 [CE][LootRespawner] (PRIDummy) :: Item [1779] is hard to place, performance drops: "BrassKnuckles_Shiny"
 4:11:30.705 [CE][LootRespawner] (PRIDummy) :: Item [1780] is hard to place, performance drops: "BrassKnuckles_Shiny"
 4:11:30.705 [CE][LootRespawner] (PRIDummy) :: Item [1781] is hard to place, performance drops: "BrassKnuckles_Shiny"
 4:11:30.705 [CE][LootRespawner] (PRIDummy) :: Item [1782] is hard to place, performance drops: "BrassKnuckles_Shiny"
 4:11:30.705 [CE][LootRespawner] (PRIDummy) :: Item [1783] is hard to place, performance drops: "BrassKnuckles_Shiny"
 4:11:30.705 [CE][LootRespawner] (PRIDummy) :: Item [1784] is hard to place, performance drops: "BrassKnuckles_Shiny"
 4:11:30.705 [CE][LootRespawner] (PRIDummy) :: Item [1785] is hard to place, performance drops: "BrassKnuckles_Shiny"
 4:11:30.705 [CE][LootRespawner] (PRIDummy) :: Item [320] causing search overtime: "BrassKnuckles_Shiny"
 4:11:30.805 [CE][LootRespawner] (PRIDummy) :: Item [321] causing search overtime: "MimeMask_Male"
 4:11:30.905 [CE][LootRespawner] (PRIDummy) :: Item [322] causing search overtime: "EyeMask_Blue"
 4:11:31.06 [CE][LootRespawner] (PRIDummy) :: Item [1786] is hard to place, performance drops: "SA_Loot_Chest_Yellow"
 4:11:31.06 [CE][LootRespawner] (PRIDummy) :: Item [1787] is hard to place, performance drops: "SA_Loot_Chest_Yellow"
 4:11:31.06 [CE][LootRespawner] (PRIDummy) :: Item [1788] is hard to place, performance drops: "SA_Loot_Chest_Yellow"
 4:11:31.06 [CE][LootRespawner] (PRIDummy) :: Item [1789] is hard to place, performance drops: "SA_Loot_Chest_Yellow"
 4:11:31.06 [CE][LootRespawner] (PRIDummy) :: Item [1790] is hard to place, performance drops: "SA_Loot_Chest_Yellow"
 4:11:31.06 [CE][LootRespawner] (PRIDummy) :: Item [1791] is hard to place, performance drops: "SA_Loot_Chest_Yellow"
 4:11:31.06 [CE][LootRespawner] (PRIDummy) :: Item [1792] is hard to place, performance drops: "SA_Loot_Chest_Yellow"
 4:11:31.06 [CE][LootRespawner] (PRIDummy) :: Item [1793] is hard to place, performance drops: "SA_Loot_Chest_Yellow"
 4:11:31.06 [CE][LootRespawner] (PRIDummy) :: Item [323] causing search overtime: "SA_Loot_Chest_Yellow"
 4:11:31.105 [CE][LootRespawner] (PRIDummy) :: Item [324] causing search overtime: "EyeMask_Red"
 4:11:31.205 [CE][LootRespawner] (PRIDummy) :: Item [1794] is hard to place, performance drops: "ttr700"
 4:11:31.205 [CE][LootRespawner] (PRIDummy) :: Item [1795] is hard to place, performance drops: "ttr700"
 4:11:31.205 [CE][LootRespawner] (PRIDummy) :: Item [1796] is hard to place, performance drops: "ttr700"
 4:11:31.205 [CE][LootRespawner] (PRIDummy) :: Item [1797] is hard to place, performance drops: "ttr700"
 4:11:31.205 [CE][LootRespawner] (PRIDummy) :: Item [1798] is hard to place, performance drops: "ttr700"
 4:11:31.205 [CE][LootRespawner] (PRIDummy) :: Item [1799] is hard to place, performance drops: "ttr700"
 4:11:31.205 [CE][LootRespawner] (PRIDummy) :: Item [1800] is hard to place, performance drops: "ttr700"
 4:11:31.205 [CE][LootRespawner] (PRIDummy) :: Item [1801] is hard to place, performance drops: "ttr700"
 4:11:31.205 [CE][LootRespawner] (PRIDummy) :: Item [325] causing search overtime: "ttr700"
 4:11:31.305 [CE][LootRespawner] (PRIDummy) :: Item [326] causing search overtime: "Chestplate"
 4:11:31.406 [CE][LootRespawner] (PRIDummy) :: Item [1802] is hard to place, performance drops: "Fal_FoldingBttstck"
 4:11:31.406 [CE][LootRespawner] (PRIDummy) :: Item [327] causing search overtime: "Fal_FoldingBttstck"
 4:11:31.505 [CE][LootRespawner] (PRIDummy) :: Item [1803] is hard to place, performance drops: "PlateCarrierPouches_Camo"
 4:11:31.505 [CE][LootRespawner] (PRIDummy) :: Item [1804] is hard to place, performance drops: "PlateCarrierPouches_Camo"
 4:11:31.505 [CE][LootRespawner] (PRIDummy) :: Item [1805] is hard to place, performance drops: "PlateCarrierPouches_Camo"
 4:11:31.505 [CE][LootRespawner] (PRIDummy) :: Item [1806] is hard to place, performance drops: "PlateCarrierPouches_Camo"
 4:11:31.505 [CE][LootRespawner] (PRIDummy) :: Item [1807] is hard to place, performance drops: "PlateCarrierPouches_Camo"
 4:11:31.505 [CE][LootRespawner] (PRIDummy) :: Item [1808] is hard to place, performance drops: "PlateCarrierPouches_Camo"
 4:11:31.505 [CE][LootRespawner] (PRIDummy) :: Item [1809] is hard to place, performance drops: "PlateCarrierPouches_Camo"
 4:11:31.506 [CE][LootRespawner] (PRIDummy) :: Item [1810] is hard to place, performance drops: "PlateCarrierPouches_Camo"
 4:11:31.506 [CE][LootRespawner] (PRIDummy) :: Item [1811] is hard to place, performance drops: "PlateCarrierPouches_Camo"
 4:11:31.506 [CE][LootRespawner] (PRIDummy) :: Item [328] causing search overtime: "PlateCarrierPouches_Camo"
 4:11:31.605 [CE][LootRespawner] (PRIDummy) :: Item [1812] is hard to place, performance drops: "Fal_OeBttstck"
 4:11:31.605 [CE][LootRespawner] (PRIDummy) :: Item [329] causing search overtime: "Fal_OeBttstck"
 4:11:31.705 [CE][LootRespawner] (PRIDummy) :: Item [1813] is hard to place, performance drops: "Mich2001Helmet"
 4:11:31.705 [CE][LootRespawner] (PRIDummy) :: Item [1814] is hard to place, performance drops: "Mich2001Helmet"
 4:11:31.705 [CE][LootRespawner] (PRIDummy) :: Item [1815] is hard to place, performance drops: "Mich2001Helmet"
 4:11:31.705 [CE][LootRespawner] (PRIDummy) :: Item [1816] is hard to place, performance drops: "Mich2001Helmet"
 4:11:31.705 [CE][LootRespawner] (PRIDummy) :: Item [1817] is hard to place, performance drops: "Mich2001Helmet"
 4:11:31.705 [CE][LootRespawner] (PRIDummy) :: Item [1818] is hard to place, performance drops: "Mich2001Helmet"
 4:11:31.705 [CE][LootRespawner] (PRIDummy) :: Item [1819] is hard to place, performance drops: "Mich2001Helmet"
 4:11:31.705 [CE][LootRespawner] (PRIDummy) :: Item [1820] is hard to place, performance drops: "Mich2001Helmet"
 4:11:31.705 [CE][LootRespawner] (PRIDummy) :: Item [330] causing search overtime: "Mich2001Helmet"
 4:11:31.804 [CE][LootRespawner] (PRIDummy) :: Item [1821] is hard to place, performance drops: "GhillieTop_Woodland"
 4:11:31.804 [CE][LootRespawner] (PRIDummy) :: Item [1822] is hard to place, performance drops: "GhillieTop_Woodland"
 4:11:31.804 [CE][LootRespawner] (PRIDummy) :: Item [1823] is hard to place, performance drops: "GhillieTop_Woodland"
 4:11:31.805 [CE][LootRespawner] (PRIDummy) :: Item [1824] is hard to place, performance drops: "GhillieTop_Woodland"
 4:11:31.805 [CE][LootRespawner] (PRIDummy) :: Item [1825] is hard to place, performance drops: "GhillieTop_Woodland"
 4:11:31.805 [CE][LootRespawner] (PRIDummy) :: Item [1826] is hard to place, performance drops: "GhillieTop_Woodland"
 4:11:31.805 [CE][LootRespawner] (PRIDummy) :: Item [1827] is hard to place, performance drops: "GhillieTop_Woodland"
 4:11:31.805 [CE][LootRespawner] (PRIDummy) :: Item [331] causing search overtime: "GhillieTop_Woodland"
 4:11:31.905 [CE][LootRespawner] (PRIDummy) :: Item [332] causing search overtime: "GreatHelm"
 4:11:32.05 [CE][LootRespawner] (PRIDummy) :: Item [333] causing search overtime: "WoolGlovesFingerless_ChristmasBlue"
 4:11:32.105 [CE][LootRespawner] (PRIDummy) :: Item [1828] is hard to place, performance drops: "FOG_Tshirt_Black_Canoe"
 4:11:32.105 [CE][LootRespawner] (PRIDummy) :: Item [1829] is hard to place, performance drops: "FOG_Tshirt_Black_Canoe"
 4:11:32.105 [CE][LootRespawner] (PRIDummy) :: Item [1830] is hard to place, performance drops: "FOG_Tshirt_Black_Canoe"
 4:11:32.105 [CE][LootRespawner] (PRIDummy) :: Item [1831] is hard to place, performance drops: "FOG_Tshirt_Black_Canoe"
 4:11:32.105 [CE][LootRespawner] (PRIDummy) :: Item [1832] is hard to place, performance drops: "FOG_Tshirt_Black_Canoe"
 4:11:32.105 [CE][LootRespawner] (PRIDummy) :: Item [1833] is hard to place, performance drops: "FOG_Tshirt_Black_Canoe"
 4:11:32.105 [CE][LootRespawner] (PRIDummy) :: Item [1834] is hard to place, performance drops: "FOG_Tshirt_Black_Canoe"
 4:11:32.105 [CE][LootRespawner] (PRIDummy) :: Item [1835] is hard to place, performance drops: "FOG_Tshirt_Black_Canoe"
 4:11:32.105 [CE][LootRespawner] (PRIDummy) :: Item [334] causing search overtime: "FOG_Tshirt_Black_Canoe"
 4:11:32.205 [CE][LootRespawner] (PRIDummy) :: Item [335] causing search overtime: "Sword"
 4:11:32.305 [CE][LootRespawner] (PRIDummy) :: Item [336] causing search overtime: "Chainmail_Leggings"
 4:11:57.305 [CE][LootRespawner] (PRIDummy) :: Item [337] causing search overtime: "Chainmail_Leggings"
 4:11:57.405 [CE][LootRespawner] (PRIDummy) :: Item [338] causing search overtime: "WoolGloves_ChristmasBlue"
 4:11:57.505 [CE][LootRespawner] (PRIDummy) :: Item [1836] is hard to place, performance drops: "GhillieAtt_Woodland"
 4:11:57.505 [CE][LootRespawner] (PRIDummy) :: Item [1837] is hard to place, performance drops: "GhillieAtt_Woodland"
 4:11:57.505 [CE][LootRespawner] (PRIDummy) :: Item [1838] is hard to place, performance drops: "GhillieAtt_Woodland"
 4:11:57.505 [CE][LootRespawner] (PRIDummy) :: Item [1839] is hard to place, performance drops: "GhillieAtt_Woodland"
 4:11:57.505 [CE][LootRespawner] (PRIDummy) :: Item [1840] is hard to place, performance drops: "GhillieAtt_Woodland"
 4:11:57.505 [CE][LootRespawner] (PRIDummy) :: Item [1841] is hard to place, performance drops: "GhillieAtt_Woodland"
 4:11:57.505 [CE][LootRespawner] (PRIDummy) :: Item [1842] is hard to place, performance drops: "GhillieAtt_Woodland"
 4:11:57.505 [CE][LootRespawner] (PRIDummy) :: Item [1843] is hard to place, performance drops: "GhillieAtt_Woodland"
 4:11:57.505 [CE][LootRespawner] (PRIDummy) :: Item [339] causing search overtime: "GhillieAtt_Woodland"
 4:11:57.605 [CE][LootRespawner] (PRIDummy) :: Item [1844] is hard to place, performance drops: "GhillieHood_Woodland"
 4:11:57.605 [CE][LootRespawner] (PRIDummy) :: Item [1845] is hard to place, performance drops: "GhillieHood_Woodland"
 4:11:57.605 [CE][LootRespawner] (PRIDummy) :: Item [1846] is hard to place, performance drops: "GhillieHood_Woodland"
 4:11:57.605 [CE][LootRespawner] (PRIDummy) :: Item [1847] is hard to place, performance drops: "GhillieHood_Woodland"
 4:11:57.605 [CE][LootRespawner] (PRIDummy) :: Item [1848] is hard to place, performance drops: "GhillieHood_Woodland"
 4:11:57.605 [CE][LootRespawner] (PRIDummy) :: Item [1849] is hard to place, performance drops: "GhillieHood_Woodland"
 4:11:57.605 [CE][LootRespawner] (PRIDummy) :: Item [1850] is hard to place, performance drops: "GhillieHood_Woodland"
 4:11:57.605 [CE][LootRespawner] (PRIDummy) :: Item [340] causing search overtime: "GhillieHood_Woodland"
 4:11:57.705 [CE][LootRespawner] (PRIDummy) :: Item [1851] is hard to place, performance drops: "FAL"
 4:11:57.705 [CE][LootRespawner] (PRIDummy) :: Item [1852] is hard to place, performance drops: "FAL"
 4:11:57.705 [CE][LootRespawner] (PRIDummy) :: Item [1853] is hard to place, performance drops: "FAL"
 4:11:57.705 [CE][LootRespawner] (PRIDummy) :: Item [1854] is hard to place, performance drops: "FAL"
 4:11:57.705 [CE][LootRespawner] (PRIDummy) :: Item [1855] is hard to place, performance drops: "FAL"
 4:11:57.705 [CE][LootRespawner] (PRIDummy) :: Item [1856] is hard to place, performance drops: "FAL"
 4:11:57.705 [CE][LootRespawner] (PRIDummy) :: Item [1857] is hard to place, performance drops: "FAL"
 4:11:57.705 [CE][LootRespawner] (PRIDummy) :: Item [341] causing search overtime: "FAL"
 4:11:57.805 [CE][LootRespawner] (PRIDummy) :: Item [1858] is hard to place, performance drops: "FOG_Tshirt_Black_CrimeCo"
 4:11:57.805 [CE][LootRespawner] (PRIDummy) :: Item [1859] is hard to place, performance drops: "FOG_Tshirt_Black_CrimeCo"
 4:11:57.805 [CE][LootRespawner] (PRIDummy) :: Item [1860] is hard to place, performance drops: "FOG_Tshirt_Black_CrimeCo"
 4:11:57.805 [CE][LootRespawner] (PRIDummy) :: Item [1861] is hard to place, performance drops: "FOG_Tshirt_Black_CrimeCo"
 4:11:57.805 [CE][LootRespawner] (PRIDummy) :: Item [1862] is hard to place, performance drops: "FOG_Tshirt_Black_CrimeCo"
 4:11:57.805 [CE][LootRespawner] (PRIDummy) :: Item [1863] is hard to place, performance drops: "FOG_Tshirt_Black_CrimeCo"
 4:11:57.805 [CE][LootRespawner] (PRIDummy) :: Item [1864] is hard to place, performance drops: "FOG_Tshirt_Black_CrimeCo"
 4:11:57.805 [CE][LootRespawner] (PRIDummy) :: Item [1865] is hard to place, performance drops: "FOG_Tshirt_Black_CrimeCo"
 4:11:57.805 [CE][LootRespawner] (PRIDummy) :: Item [342] causing search overtime: "FOG_Tshirt_Black_CrimeCo"
 4:11:57.905 [CE][LootRespawner] (PRIDummy) :: Item [343] causing search overtime: "Chainmail_Coif"
 4:11:58.05 [CE][LootRespawner] (PRIDummy) :: Item [1866] is hard to place, performance drops: "SledgeHammer"
 4:11:58.05 [CE][LootRespawner] (PRIDummy) :: Item [1867] is hard to place, performance drops: "SledgeHammer"
 4:11:58.05 [CE][LootRespawner] (PRIDummy) :: Item [1868] is hard to place, performance drops: "SledgeHammer"
 4:11:58.05 [CE][LootRespawner] (PRIDummy) :: Item [1869] is hard to place, performance drops: "SledgeHammer"
 4:11:58.05 [CE][LootRespawner] (PRIDummy) :: Item [1870] is hard to place, performance drops: "SledgeHammer"
 4:11:58.05 [CE][LootRespawner] (PRIDummy) :: Item [1871] is hard to place, performance drops: "SledgeHammer"
 4:11:58.05 [CE][LootRespawner] (PRIDummy) :: Item [1872] is hard to place, performance drops: "SledgeHammer"
 4:11:58.05 [CE][LootRespawner] (PRIDummy) :: Item [1873] is hard to place, performance drops: "SledgeHammer"
 4:11:58.06 [CE][LootRespawner] (PRIDummy) :: Item [344] causing search overtime: "SledgeHammer"
 4:11:58.105 [CE][LootRespawner] (PRIDummy) :: Item [1874] is hard to place, performance drops: "FOG_Tshirt_CB"
 4:11:58.106 [CE][LootRespawner] (PRIDummy) :: Item [1875] is hard to place, performance drops: "FOG_Tshirt_CB"
 4:11:58.106 [CE][LootRespawner] (PRIDummy) :: Item [1876] is hard to place, performance drops: "FOG_Tshirt_CB"
 4:11:58.106 [CE][LootRespawner] (PRIDummy) :: Item [1877] is hard to place, performance drops: "FOG_Tshirt_CB"
 4:11:58.106 [CE][LootRespawner] (PRIDummy) :: Item [1878] is hard to place, performance drops: "FOG_Tshirt_CB"
 4:11:58.106 [CE][LootRespawner] (PRIDummy) :: Item [1879] is hard to place, performance drops: "FOG_Tshirt_CB"
 4:11:58.106 [CE][LootRespawner] (PRIDummy) :: Item [1880] is hard to place, performance drops: "FOG_Tshirt_CB"
 4:11:58.106 [CE][LootRespawner] (PRIDummy) :: Item [1881] is hard to place, performance drops: "FOG_Tshirt_CB"
 4:11:58.106 [CE][LootRespawner] (PRIDummy) :: Item [345] causing search overtime: "FOG_Tshirt_CB"
 4:11:58.205 [CE][LootRespawner] (PRIDummy) :: Item [346] causing search overtime: "MedievalBoots"
 4:11:58.305 [CE][LootRespawner] (PRIDummy) :: Item [1882] is hard to place, performance drops: "GhillieSuit_Woodland"
 4:11:58.305 [CE][LootRespawner] (PRIDummy) :: Item [1883] is hard to place, performance drops: "GhillieSuit_Woodland"
 4:11:58.305 [CE][LootRespawner] (PRIDummy) :: Item [1884] is hard to place, performance drops: "GhillieSuit_Woodland"
 4:11:58.305 [CE][LootRespawner] (PRIDummy) :: Item [1885] is hard to place, performance drops: "GhillieSuit_Woodland"
 4:11:58.305 [CE][LootRespawner] (PRIDummy) :: Item [1886] is hard to place, performance drops: "GhillieSuit_Woodland"
 4:11:58.305 [CE][LootRespawner] (PRIDummy) :: Item [1887] is hard to place, performance drops: "GhillieSuit_Woodland"
 4:11:58.305 [CE][LootRespawner] (PRIDummy) :: Item [1888] is hard to place, performance drops: "GhillieSuit_Woodland"
 4:11:58.305 [CE][LootRespawner] (PRIDummy) :: Item [347] causing search overtime: "GhillieSuit_Woodland"
 4:11:58.405 [CE][LootRespawner] (PRIDummy) :: Item [1889] is hard to place, performance drops: "NVGoggles"
 4:11:58.405 [CE][LootRespawner] (PRIDummy) :: Item [1890] is hard to place, performance drops: "NVGoggles"
 4:11:58.405 [CE][LootRespawner] (PRIDummy) :: Item [1891] is hard to place, performance drops: "NVGoggles"
 4:11:58.405 [CE][LootRespawner] (PRIDummy) :: Item [1892] is hard to place, performance drops: "NVGoggles"
 4:11:58.405 [CE][LootRespawner] (PRIDummy) :: Item [1893] is hard to place, performance drops: "NVGoggles"
 4:11:58.405 [CE][LootRespawner] (PRIDummy) :: Item [1894] is hard to place, performance drops: "NVGoggles"
 4:11:58.405 [CE][LootRespawner] (PRIDummy) :: Item [1895] is hard to place, performance drops: "NVGoggles"
 4:11:58.405 [CE][LootRespawner] (PRIDummy) :: Item [1896] is hard to place, performance drops: "NVGoggles"
 4:11:58.405 [CE][LootRespawner] (PRIDummy) :: Item [1897] is hard to place, performance drops: "NVGoggles"
 4:11:58.405 [CE][LootRespawner] (PRIDummy) :: Item [348] causing search overtime: "NVGoggles"
 4:11:58.510 [CE][LootRespawner] (PRIDummy) :: Item [349] causing search overtime: "Mace"
 4:11:58.608 [CE][LootRespawner] (PRIDummy) :: Item [350] causing search overtime: "Chainmail"
 4:11:58.709 [CE][LootRespawner] (PRIDummy) :: Item [1898] is hard to place, performance drops: "FOG_Tshirt_White_Pinup"
 4:11:58.709 [CE][LootRespawner] (PRIDummy) :: Item [1899] is hard to place, performance drops: "FOG_Tshirt_White_Pinup"
 4:11:58.709 [CE][LootRespawner] (PRIDummy) :: Item [1900] is hard to place, performance drops: "FOG_Tshirt_White_Pinup"
 4:11:58.709 [CE][LootRespawner] (PRIDummy) :: Item [1901] is hard to place, performance drops: "FOG_Tshirt_White_Pinup"
 4:11:58.709 [CE][LootRespawner] (PRIDummy) :: Item [1902] is hard to place, performance drops: "FOG_Tshirt_White_Pinup"
 4:11:58.709 [CE][LootRespawner] (PRIDummy) :: Item [1903] is hard to place, performance drops: "FOG_Tshirt_White_Pinup"
 4:11:58.709 [CE][LootRespawner] (PRIDummy) :: Item [1904] is hard to place, performance drops: "FOG_Tshirt_White_Pinup"
 4:11:58.709 [CE][LootRespawner] (PRIDummy) :: Item [1905] is hard to place, performance drops: "FOG_Tshirt_White_Pinup"
 4:11:58.709 [CE][LootRespawner] (PRIDummy) :: Item [351] causing search overtime: "FOG_Tshirt_White_Pinup"
 4:11:58.808 [CE][LootRespawner] (PRIDummy) :: Item [1906] is hard to place, performance drops: "FOG_Tshirt_Black_MLG"
 4:11:58.808 [CE][LootRespawner] (PRIDummy) :: Item [1907] is hard to place, performance drops: "FOG_Tshirt_Black_MLG"
 4:11:58.808 [CE][LootRespawner] (PRIDummy) :: Item [1908] is hard to place, performance drops: "FOG_Tshirt_Black_MLG"
 4:11:58.808 [CE][LootRespawner] (PRIDummy) :: Item [1909] is hard to place, performance drops: "FOG_Tshirt_Black_MLG"
 4:11:58.808 [CE][LootRespawner] (PRIDummy) :: Item [1910] is hard to place, performance drops: "FOG_Tshirt_Black_MLG"
 4:11:58.808 [CE][LootRespawner] (PRIDummy) :: Item [1911] is hard to place, performance drops: "FOG_Tshirt_Black_MLG"
 4:11:58.808 [CE][LootRespawner] (PRIDummy) :: Item [1912] is hard to place, performance drops: "FOG_Tshirt_Black_MLG"
 4:11:58.808 [CE][LootRespawner] (PRIDummy) :: Item [1913] is hard to place, performance drops: "FOG_Tshirt_Black_MLG"
 4:11:58.808 [CE][LootRespawner] (PRIDummy) :: Item [352] causing search overtime: "FOG_Tshirt_Black_MLG"
 4:11:58.908 [CE][LootRespawner] (PRIDummy) :: Item [1914] is hard to place, performance drops: "FOG_Tshirt_Black_Thrasher"
 4:11:58.908 [CE][LootRespawner] (PRIDummy) :: Item [1915] is hard to place, performance drops: "FOG_Tshirt_Black_Thrasher"
 4:11:58.908 [CE][LootRespawner] (PRIDummy) :: Item [1916] is hard to place, performance drops: "FOG_Tshirt_Black_Thrasher"
 4:11:58.908 [CE][LootRespawner] (PRIDummy) :: Item [1917] is hard to place, performance drops: "FOG_Tshirt_Black_Thrasher"
 4:11:58.908 [CE][LootRespawner] (PRIDummy) :: Item [1918] is hard to place, performance drops: "FOG_Tshirt_Black_Thrasher"
 4:11:58.908 [CE][LootRespawner] (PRIDummy) :: Item [1919] is hard to place, performance drops: "FOG_Tshirt_Black_Thrasher"
 4:11:58.908 [CE][LootRespawner] (PRIDummy) :: Item [1920] is hard to place, performance drops: "FOG_Tshirt_Black_Thrasher"
 4:11:58.908 [CE][LootRespawner] (PRIDummy) :: Item [1921] is hard to place, performance drops: "FOG_Tshirt_Black_Thrasher"
 4:11:58.908 [CE][LootRespawner] (PRIDummy) :: Item [353] causing search overtime: "FOG_Tshirt_Black_Thrasher"
 4:11:59.08 [CE][LootRespawner] (PRIDummy) :: Item [354] causing search overtime: "WoolGlovesFingerless_ChristmasRed"
 4:11:59.107 [CE][LootRespawner] (PRIDummy) :: Item [1922] is hard to place, performance drops: "FOG_Tshirt_Black_Raider"
 4:11:59.107 [CE][LootRespawner] (PRIDummy) :: Item [1923] is hard to place, performance drops: "FOG_Tshirt_Black_Raider"
 4:11:59.108 [CE][LootRespawner] (PRIDummy) :: Item [1924] is hard to place, performance drops: "FOG_Tshirt_Black_Raider"
 4:11:59.108 [CE][LootRespawner] (PRIDummy) :: Item [1925] is hard to place, performance drops: "FOG_Tshirt_Black_Raider"
 4:11:59.108 [CE][LootRespawner] (PRIDummy) :: Item [1926] is hard to place, performance drops: "FOG_Tshirt_Black_Raider"
 4:11:59.108 [CE][LootRespawner] (PRIDummy) :: Item [1927] is hard to place, performance drops: "FOG_Tshirt_Black_Raider"
 4:11:59.108 [CE][LootRespawner] (PRIDummy) :: Item [1928] is hard to place, performance drops: "FOG_Tshirt_Black_Raider"
 4:11:59.108 [CE][LootRespawner] (PRIDummy) :: Item [1929] is hard to place, performance drops: "FOG_Tshirt_Black_Raider"
 4:11:59.108 [CE][LootRespawner] (PRIDummy) :: Item [355] causing search overtime: "FOG_Tshirt_Black_Raider"
 4:11:59.208 [CE][LootRespawner] (PRIDummy) :: Item [356] causing search overtime: "WoolGloves_ChristmasRed"
 4:11:59.310 !!! [CE][Spawn] Character "ZmbM_PatrolNormal_Flat" at 5960.471191, 4774.171387
 4:11:59.312 !!! [CE][Spawn] Character "ZmbM_PatrolNormal_Flat" at 5927.939941, 4753.636230
 4:11:59.312 !!! [CE][Spawn] Character "ZmbM_usSoldier_Heavy_Woodland" at 5907.019043, 4786.919922
 4:11:59.313 !!! [CE][Spawn] Character "ZmbM_PatrolNormal_PautRev" at 5590.853516, 4047.719482
 4:11:59.313 !!! [CE][Spawn] Character "ZmbM_SoldierNormal" at 5559.645508, 3985.093018
 4:11:59.313 !!! [CE][Spawn] Character "ZmbM_usSoldier_normal_Woodland" at 7121.257324, 2661.545410
 4:11:59.313 !!! [CE][Spawn] Character "ZmbM_PatrolNormal_PautRev" at 4779.403320, 2859.415283
 4:12:24.312 [CE][LootRespawner] (PRIDummy) :: Item [357] causing search overtime: "WoolGloves_ChristmasRed"
 4:12:25.217 [CE][LootRespawner] (PRIDummy) :: Item [1930] is hard to place, performance drops: "FOG_Tshirt_Black_FOG_Reaper"
 4:12:25.217 [CE][LootRespawner] (PRIDummy) :: Item [1931] is hard to place, performance drops: "FOG_Tshirt_Black_FOG_Reaper"
 4:12:25.217 [CE][LootRespawner] (PRIDummy) :: Item [1932] is hard to place, performance drops: "FOG_Tshirt_Black_FOG_Reaper"
 4:12:25.217 [CE][LootRespawner] (PRIDummy) :: Item [1933] is hard to place, performance drops: "FOG_Tshirt_Black_FOG_Reaper"
 4:12:25.217 [CE][LootRespawner] (PRIDummy) :: Item [1934] is hard to place, performance drops: "FOG_Tshirt_Black_FOG_Reaper"
 4:12:25.217 [CE][LootRespawner] (PRIDummy) :: Item [1935] is hard to place, performance drops: "FOG_Tshirt_Black_FOG_Reaper"
 4:12:25.217 [CE][LootRespawner] (PRIDummy) :: Item [1936] is hard to place, performance drops: "FOG_Tshirt_Black_FOG_Reaper"
 4:12:25.217 [CE][LootRespawner] (PRIDummy) :: Item [1937] is hard to place, performance drops: "FOG_Tshirt_Black_FOG_Reaper"
 4:12:25.217 [CE][LootRespawner] (PRIDummy) :: Item [358] causing search overtime: "FOG_Tshirt_Black_FOG_Reaper"
 4:12:25.416 [CE][LootRespawner] (PRIDummy) :: Item [1938] is hard to place, performance drops: "moskvich_407_doors_cargo1_double_red"
 4:12:25.416 [CE][LootRespawner] (PRIDummy) :: Item [1939] is hard to place, performance drops: "moskvich_407_doors_cargo1_double_red"
 4:12:25.416 [CE][LootRespawner] (PRIDummy) :: Item [1940] is hard to place, performance drops: "moskvich_407_doors_cargo1_double_red"
 4:12:25.416 [CE][LootRespawner] (PRIDummy) :: Item [1941] is hard to place, performance drops: "moskvich_407_doors_cargo1_double_red"
 4:12:25.416 [CE][LootRespawner] (PRIDummy) :: Item [1942] is hard to place, performance drops: "moskvich_407_doors_cargo1_double_red"
 4:12:25.416 [CE][LootRespawner] (PRIDummy) :: Item [1943] is hard to place, performance drops: "moskvich_407_doors_cargo1_double_red"
 4:12:25.416 [CE][LootRespawner] (PRIDummy) :: Item [1944] is hard to place, performance drops: "moskvich_407_doors_cargo1_double_red"
 4:12:25.416 [CE][LootRespawner] (PRIDummy) :: Item [1945] is hard to place, performance drops: "moskvich_407_doors_cargo1_double_red"
 4:12:25.616 [CE][LootRespawner] (PRIDummy) :: Item [1946] is hard to place, performance drops: "FOG_Tshirt_White_Star"
 4:12:25.616 [CE][LootRespawner] (PRIDummy) :: Item [1947] is hard to place, performance drops: "FOG_Tshirt_White_Star"
 4:12:25.616 [CE][LootRespawner] (PRIDummy) :: Item [1948] is hard to place, performance drops: "FOG_Tshirt_White_Star"
 4:12:25.616 [CE][LootRespawner] (PRIDummy) :: Item [1949] is hard to place, performance drops: "FOG_Tshirt_White_Star"
 4:12:25.616 [CE][LootRespawner] (PRIDummy) :: Item [1950] is hard to place, performance drops: "FOG_Tshirt_White_Star"
 4:12:25.616 [CE][LootRespawner] (PRIDummy) :: Item [1951] is hard to place, performance drops: "FOG_Tshirt_White_Star"
 4:12:25.616 [CE][LootRespawner] (PRIDummy) :: Item [1952] is hard to place, performance drops: "FOG_Tshirt_White_Star"
 4:12:25.616 [CE][LootRespawner] (PRIDummy) :: Item [1953] is hard to place, performance drops: "FOG_Tshirt_White_Star"
 4:12:25.616 [CE][LootRespawner] (PRIDummy) :: Item [359] causing search overtime: "FOG_Tshirt_White_Star"
 4:12:25.716 [CE][LootRespawner] (PRIDummy) :: Item [1954] is hard to place, performance drops: "GAZ21_Volga_doors_cargo2"
 4:12:25.816 [CE][LootRespawner] (PRIDummy) :: Item [1955] is hard to place, performance drops: "ZIL_130_ac40_doors_cargo3"
 4:12:25.816 [CE][LootRespawner] (PRIDummy) :: Item [1956] is hard to place, performance drops: "ZIL_130_ac40_doors_cargo3"
 4:12:25.816 [CE][LootRespawner] (PRIDummy) :: Item [1957] is hard to place, performance drops: "ZIL_130_ac40_doors_cargo3"
 4:12:25.816 [CE][LootRespawner] (PRIDummy) :: Item [1958] is hard to place, performance drops: "ZIL_130_ac40_doors_cargo3"
 4:12:25.816 [CE][LootRespawner] (PRIDummy) :: Item [1959] is hard to place, performance drops: "ZIL_130_ac40_doors_cargo3"
 4:12:25.816 [CE][LootRespawner] (PRIDummy) :: Item [1960] is hard to place, performance drops: "ZIL_130_ac40_doors_cargo3"
 4:12:25.816 [CE][LootRespawner] (PRIDummy) :: Item [1961] is hard to place, performance drops: "ZIL_130_ac40_doors_cargo3"
 4:12:25.816 [CE][LootRespawner] (PRIDummy) :: Item [1962] is hard to place, performance drops: "ZIL_130_ac40_doors_cargo3"
 4:12:25.816 [CE][LootRespawner] (PRIDummy) :: Item [1963] is hard to place, performance drops: "ZIL_130_ac40_doors_cargo3"
 4:12:25.816 [CE][LootRespawner] (PRIDummy) :: Item [1964] is hard to place, performance drops: "ZIL_130_ac40_doors_cargo3"
 4:12:25.816 [CE][LootRespawner] (PRIDummy) :: Item [1965] is hard to place, performance drops: "ZIL_130_ac40_doors_cargo3"
 4:12:25.816 [CE][LootRespawner] (PRIDummy) :: Item [1966] is hard to place, performance drops: "ZIL_130_ac40_doors_cargo3"
 4:12:25.816 [CE][LootRespawner] (PRIDummy) :: Item [1967] is hard to place, performance drops: "ZIL_130_ac40_doors_cargo3"
 4:12:25.816 [CE][LootRespawner] (PRIDummy) :: Item [1968] is hard to place, performance drops: "ZIL_130_ac40_doors_cargo3"
 4:12:25.816 [CE][LootRespawner] (PRIDummy) :: Item [1969] is hard to place, performance drops: "ZIL_130_ac40_doors_cargo3"
 4:12:26.33 [CE][LootRespawner] (PRIDummy) :: Item [1970] is hard to place, performance drops: "gaz_51_doors_driver"
 4:12:26.317 !!! [CE][Spawn] Character "ZmbM_PatrolNormal_Autumn" at 6160.997559, 2658.787598
 4:12:26.319 !!! [CE][Spawn] Character "ZmbM_usSoldier_Officer_Desert" at 6138.055176, 2623.908691
 4:12:26.320 !!! [CE][Spawn] Character "ZmbM_PatrolNormal_Autumn" at 6080.142578, 2557.724609
 4:12:26.321 !!! [CE][Spawn] Character "ZmbM_PatrolNormal_Flat" at 6063.694824, 2643.357910
 4:12:26.323 !!! [CE][Spawn] Character "ZmbM_PatrolNormal_Summer" at 6050.395996, 2703.683105
 4:12:26.324 !!! [CE][Spawn] Character "ZmbM_SoldierNormal" at 6112.560547, 2703.575928
 4:12:26.324 !!! [CE][Spawn] Character "ZmbM_usSoldier_normal_Desert" at 6196.473145, 2719.868896
 4:12:26.326 !!! [CE][Spawn] Character "ZmbM_usSoldier_Heavy_Woodland" at 6199.843262, 2630.757568
 4:12:26.326 !!! [CE][Spawn] Character "ZmbM_usSoldier_normal_Woodland" at 4355.411133, 3789.149658
 4:12:26.327 !!! [CE][Spawn] Character "ZmbM_PatrolNormal_Flat" at 6470.081543, 6864.490234
 4:12:26.328 !!! [CE][Spawn] Character "ZmbM_usSoldier_Heavy_Woodland" at 6493.568848, 6824.666504
 4:12:26.328 !!! [CE][Spawn] Character "ZmbM_usSoldier_normal_Desert" at 6513.732910, 6785.413574
 4:12:26.329 !!! [CE][Spawn] Character "ZmbM_PatrolNormal_Autumn" at 6477.687500, 6742.666504
 4:12:26.330 !!! [CE][Spawn] Character "ZmbM_usSoldier_Heavy_Woodland" at 6428.519043, 6768.415039
 4:12:39.149 [Disconnect]: Start script disconnect 172032694 (dbCharacterId 1 dbPlayerId 1) logoutTime 3
 4:12:40.670 [Disconnect]: Client 172032694 disconnecting
 4:12:40.670 [Disconnect]: Client 172032694 early disconnect
 4:12:40.670 [Disconnect]: Start script disconnect 172032694 (dbCharacterId 1 dbPlayerId 1) logoutTime 3
 4:12:42.151 [Disconnect]: Finish script disconnect 172032694 (R5KkZb3Ywicboa8ntCzbBJK6WLpakj_6yA-ghmDo4lw=)
 4:12:42.151 [Disconnect]: DisconnectPlayerFinish 172032694
 4:12:42.151 [Disconnect]: Remove player info 172032694
 4:12:42.167 [Disconnect]: Player destroy 172032694 
 4:12:51.616 [CE][LootRespawner] (PRIDummy) :: Item [1971] is hard to place, performance drops: "VAZ_2107RF_doors_cargo2_black_rust"
 4:12:51.616 [CE][LootRespawner] (PRIDummy) :: Item [1972] is hard to place, performance drops: "VAZ_2107RF_doors_cargo2_black_rust"
 4:12:51.616 [CE][LootRespawner] (PRIDummy) :: Item [1973] is hard to place, performance drops: "VAZ_2107RF_doors_cargo2_black_rust"
 4:12:51.616 [CE][LootRespawner] (PRIDummy) :: Item [1974] is hard to place, performance drops: "VAZ_2107RF_doors_cargo2_black_rust"
 4:12:51.616 [CE][LootRespawner] (PRIDummy) :: Item [1975] is hard to place, performance drops: "VAZ_2107RF_doors_cargo2_black_rust"
 4:12:51.715 [CE][LootRespawner] (PRIDummy) :: Item [1976] is hard to place, performance drops: "ZAZ_965_doors_trunk"
 4:12:51.716 [CE][LootRespawner] (PRIDummy) :: Item [1977] is hard to place, performance drops: "ZAZ_965_doors_trunk"
 4:12:51.716 [CE][LootRespawner] (PRIDummy) :: Item [1978] is hard to place, performance drops: "ZAZ_965_doors_trunk"
 4:12:51.716 [CE][LootRespawner] (PRIDummy) :: Item [1979] is hard to place, performance drops: "ZAZ_965_doors_trunk"
 4:12:51.716 [CE][LootRespawner] (PRIDummy) :: Item [1980] is hard to place, performance drops: "ZAZ_965_doors_trunk"
 4:12:51.816 [CE][LootRespawner] (PRIDummy) :: Item [1981] is hard to place, performance drops: "vaz_2106_RF_doors_codriver_light_green"
 4:12:52.16 [CE][LootRespawner] (PRIDummy) :: Item [1982] is hard to place, performance drops: "GAZ_66_doors_codriver"
 4:12:52.416 [CE][LootRespawner] (PRIDummy) :: Item [1983] is hard to place, performance drops: "FOG_Tshirt_Black_FOG1"
 4:12:52.416 [CE][LootRespawner] (PRIDummy) :: Item [1984] is hard to place, performance drops: "FOG_Tshirt_Black_FOG1"
 4:12:52.416 [CE][LootRespawner] (PRIDummy) :: Item [1985] is hard to place, performance drops: "FOG_Tshirt_Black_FOG1"
 4:12:52.416 [CE][LootRespawner] (PRIDummy) :: Item [1986] is hard to place, performance drops: "FOG_Tshirt_Black_FOG1"
 4:12:52.416 [CE][LootRespawner] (PRIDummy) :: Item [1987] is hard to place, performance drops: "FOG_Tshirt_Black_FOG1"
 4:12:52.416 [CE][LootRespawner] (PRIDummy) :: Item [1988] is hard to place, performance drops: "FOG_Tshirt_Black_FOG1"
 4:12:52.416 [CE][LootRespawner] (PRIDummy) :: Item [1989] is hard to place, performance drops: "FOG_Tshirt_Black_FOG1"
 4:12:52.416 [CE][LootRespawner] (PRIDummy) :: Item [1990] is hard to place, performance drops: "FOG_Tshirt_Black_FOG1"
 4:12:52.416 [CE][LootRespawner] (PRIDummy) :: Item [360] causing search overtime: "FOG_Tshirt_Black_FOG1"
 4:12:52.816 [CE][LootRespawner] (PRIDummy) :: Item [361] causing search overtime: "Mag_CZ527_5rnd"
 4:12:52.916 [CE][LootRespawner] (PRIDummy) :: Item [362] causing search overtime: "Mag_CZ550_10rnd"
 4:12:53.16 [CE][LootRespawner] (PRIDummy) :: Item [1991] is hard to place, performance drops: "AmmoBox_556x45_20Rnd"
 4:12:53.16 [CE][LootRespawner] (PRIDummy) :: Item [1992] is hard to place, performance drops: "AmmoBox_556x45_20Rnd"
 4:12:53.16 [CE][LootRespawner] (PRIDummy) :: Item [1993] is hard to place, performance drops: "AmmoBox_556x45_20Rnd"
 4:12:53.16 [CE][LootRespawner] (PRIDummy) :: Item [1994] is hard to place, performance drops: "AmmoBox_556x45_20Rnd"
 4:12:53.16 [CE][LootRespawner] (PRIDummy) :: Item [1995] is hard to place, performance drops: "AmmoBox_556x45_20Rnd"
 4:12:53.16 [CE][LootRespawner] (PRIDummy) :: Item [1996] is hard to place, performance drops: "AmmoBox_556x45_20Rnd"
 4:12:53.16 [CE][LootRespawner] (PRIDummy) :: Item [1997] is hard to place, performance drops: "AmmoBox_556x45_20Rnd"
 4:12:53.16 [CE][LootRespawner] (PRIDummy) :: Item [1998] is hard to place, performance drops: "AmmoBox_556x45_20Rnd"
 4:12:53.16 [CE][LootRespawner] (PRIDummy) :: Item [1999] is hard to place, performance drops: "AmmoBox_556x45_20Rnd"
 4:12:53.17 [CE][LootRespawner] (PRIDummy) :: Item [363] causing search overtime: "AmmoBox_556x45_20Rnd"
 4:12:53.116 [CE][LootRespawner] (PRIDummy) :: Item [2000] is hard to place, performance drops: "Saiga"
 4:12:53.116 [CE][LootRespawner] (PRIDummy) :: Item [2001] is hard to place, performance drops: "Saiga"
 4:12:53.116 [CE][LootRespawner] (PRIDummy) :: Item [2002] is hard to place, performance drops: "Saiga"
 4:12:53.116 [CE][LootRespawner] (PRIDummy) :: Item [2003] is hard to place, performance drops: "Saiga"
 4:12:53.116 [CE][LootRespawner] (PRIDummy) :: Item [2004] is hard to place, performance drops: "Saiga"
 4:12:53.116 [CE][LootRespawner] (PRIDummy) :: Item [2005] is hard to place, performance drops: "Saiga"
 4:12:53.116 [CE][LootRespawner] (PRIDummy) :: Item [2006] is hard to place, performance drops: "Saiga"
 4:12:53.116 [CE][LootRespawner] (PRIDummy) :: Item [2007] is hard to place, performance drops: "Saiga"
 4:12:53.116 [CE][LootRespawner] (PRIDummy) :: Item [2008] is hard to place, performance drops: "Saiga"
 4:12:53.116 [CE][LootRespawner] (PRIDummy) :: Item [364] causing search overtime: "Saiga"
 4:13:18.116 [CE][LootRespawner] (PRIDummy) :: Item [2009] is hard to place, performance drops: "Saiga"
 4:13:18.116 [CE][LootRespawner] (PRIDummy) :: Item [2010] is hard to place, performance drops: "Saiga"
 4:13:18.116 [CE][LootRespawner] (PRIDummy) :: Item [2011] is hard to place, performance drops: "Saiga"
 4:13:18.116 [CE][LootRespawner] (PRIDummy) :: Item [2012] is hard to place, performance drops: "Saiga"
 4:13:18.116 [CE][LootRespawner] (PRIDummy) :: Item [2013] is hard to place, performance drops: "Saiga"
 4:13:18.116 [CE][LootRespawner] (PRIDummy) :: Item [2014] is hard to place, performance drops: "Saiga"
 4:13:18.116 [CE][LootRespawner] (PRIDummy) :: Item [2015] is hard to place, performance drops: "Saiga"
 4:13:18.116 [CE][LootRespawner] (PRIDummy) :: Item [2016] is hard to place, performance drops: "Saiga"
 4:13:18.116 [CE][LootRespawner] (PRIDummy) :: Item [2017] is hard to place, performance drops: "Saiga"
 4:13:18.116 [CE][LootRespawner] (PRIDummy) :: Item [365] causing search overtime: "Saiga"
 4:13:18.216 [CE][LootRespawner] (PRIDummy) :: Item [2018] is hard to place, performance drops: "AmmoBox_762x39_20Rnd"
 4:13:18.216 [CE][LootRespawner] (PRIDummy) :: Item [2019] is hard to place, performance drops: "AmmoBox_762x39_20Rnd"
 4:13:18.216 [CE][LootRespawner] (PRIDummy) :: Item [2020] is hard to place, performance drops: "AmmoBox_762x39_20Rnd"
 4:13:18.216 [CE][LootRespawner] (PRIDummy) :: Item [2021] is hard to place, performance drops: "AmmoBox_762x39_20Rnd"
 4:13:18.216 [CE][LootRespawner] (PRIDummy) :: Item [2022] is hard to place, performance drops: "AmmoBox_762x39_20Rnd"
 4:13:18.216 [CE][LootRespawner] (PRIDummy) :: Item [2023] is hard to place, performance drops: "AmmoBox_762x39_20Rnd"
 4:13:18.216 [CE][LootRespawner] (PRIDummy) :: Item [2024] is hard to place, performance drops: "AmmoBox_762x39_20Rnd"
 4:13:18.216 [CE][LootRespawner] (PRIDummy) :: Item [2025] is hard to place, performance drops: "AmmoBox_762x39_20Rnd"
 4:13:18.216 [CE][LootRespawner] (PRIDummy) :: Item [2026] is hard to place, performance drops: "AmmoBox_762x39_20Rnd"
 4:13:18.216 [CE][LootRespawner] (PRIDummy) :: Item [366] causing search overtime: "AmmoBox_762x39_20Rnd"
 4:13:18.315 [CE][LootRespawner] (PRIDummy) :: Item [2027] is hard to place, performance drops: "BomberJacket_Black"
 4:13:18.315 [CE][LootRespawner] (PRIDummy) :: Item [2028] is hard to place, performance drops: "BomberJacket_Black"
 4:13:18.315 [CE][LootRespawner] (PRIDummy) :: Item [2029] is hard to place, performance drops: "BomberJacket_Black"
 4:13:18.315 [CE][LootRespawner] (PRIDummy) :: Item [2030] is hard to place, performance drops: "BomberJacket_Black"
 4:13:18.315 [CE][LootRespawner] (PRIDummy) :: Item [2031] is hard to place, performance drops: "BomberJacket_Black"
 4:13:18.315 [CE][LootRespawner] (PRIDummy) :: Item [2032] is hard to place, performance drops: "BomberJacket_Black"
 4:13:18.316 [CE][LootRespawner] (PRIDummy) :: Item [2033] is hard to place, performance drops: "BomberJacket_Black"
 4:13:18.316 [CE][LootRespawner] (PRIDummy) :: Item [367] causing search overtime: "BomberJacket_Black"
 4:13:18.416 [CE][LootRespawner] (PRIDummy) :: Item [2034] is hard to place, performance drops: "CargoPants_Green"
 4:13:18.416 [CE][LootRespawner] (PRIDummy) :: Item [2035] is hard to place, performance drops: "CargoPants_Green"
 4:13:18.416 [CE][LootRespawner] (PRIDummy) :: Item [2036] is hard to place, performance drops: "CargoPants_Green"
 4:13:18.416 [CE][LootRespawner] (PRIDummy) :: Item [2037] is hard to place, performance drops: "CargoPants_Green"
 4:13:18.416 [CE][LootRespawner] (PRIDummy) :: Item [2038] is hard to place, performance drops: "CargoPants_Green"
 4:13:18.416 [CE][LootRespawner] (PRIDummy) :: Item [2039] is hard to place, performance drops: "CargoPants_Green"
 4:13:18.416 [CE][LootRespawner] (PRIDummy) :: Item [2040] is hard to place, performance drops: "CargoPants_Green"
 4:13:18.416 [CE][LootRespawner] (PRIDummy) :: Item [368] causing search overtime: "CargoPants_Green"
 4:13:18.516 [CE][LootRespawner] (PRIDummy) :: Item [2041] is hard to place, performance drops: "M16A2"
 4:13:18.516 [CE][LootRespawner] (PRIDummy) :: Item [2042] is hard to place, performance drops: "M16A2"
 4:13:18.516 [CE][LootRespawner] (PRIDummy) :: Item [2043] is hard to place, performance drops: "M16A2"
 4:13:18.516 [CE][LootRespawner] (PRIDummy) :: Item [2044] is hard to place, performance drops: "M16A2"
 4:13:18.516 [CE][LootRespawner] (PRIDummy) :: Item [2045] is hard to place, performance drops: "M16A2"
 4:13:18.516 [CE][LootRespawner] (PRIDummy) :: Item [2046] is hard to place, performance drops: "M16A2"
 4:13:18.516 [CE][LootRespawner] (PRIDummy) :: Item [2047] is hard to place, performance drops: "M16A2"
 4:13:18.516 [CE][LootRespawner] (PRIDummy) :: Item [2048] is hard to place, performance drops: "M16A2"
 4:13:18.516 [CE][LootRespawner] (PRIDummy) :: Item [369] causing search overtime: "M16A2"
 4:13:18.616 [CE][LootRespawner] (PRIDummy) :: Item [370] causing search overtime: "TacticalBaconCan"
 4:13:18.715 [CE][LootRespawner] (PRIDummy) :: Item [2049] is hard to place, performance drops: "AK74"
 4:13:18.715 [CE][LootRespawner] (PRIDummy) :: Item [2050] is hard to place, performance drops: "AK74"
 4:13:18.715 [CE][LootRespawner] (PRIDummy) :: Item [2051] is hard to place, performance drops: "AK74"
 4:13:18.715 [CE][LootRespawner] (PRIDummy) :: Item [2052] is hard to place, performance drops: "AK74"
 4:13:18.715 [CE][LootRespawner] (PRIDummy) :: Item [2053] is hard to place, performance drops: "AK74"
 4:13:18.715 [CE][LootRespawner] (PRIDummy) :: Item [2054] is hard to place, performance drops: "AK74"
 4:13:18.716 [CE][LootRespawner] (PRIDummy) :: Item [2055] is hard to place, performance drops: "AK74"
 4:13:18.716 [CE][LootRespawner] (PRIDummy) :: Item [2056] is hard to place, performance drops: "AK74"
 4:13:18.716 [CE][LootRespawner] (PRIDummy) :: Item [371] causing search overtime: "AK74"
 4:13:18.816 [CE][LootRespawner] (PRIDummy) :: Item [2057] is hard to place, performance drops: "FAMAS"
 4:13:18.816 [CE][LootRespawner] (PRIDummy) :: Item [2058] is hard to place, performance drops: "FAMAS"
 4:13:18.816 [CE][LootRespawner] (PRIDummy) :: Item [2059] is hard to place, performance drops: "FAMAS"
 4:13:18.816 [CE][LootRespawner] (PRIDummy) :: Item [2060] is hard to place, performance drops: "FAMAS"
 4:13:18.816 [CE][LootRespawner] (PRIDummy) :: Item [2061] is hard to place, performance drops: "FAMAS"
 4:13:18.816 [CE][LootRespawner] (PRIDummy) :: Item [2062] is hard to place, performance drops: "FAMAS"
 4:13:18.816 [CE][LootRespawner] (PRIDummy) :: Item [2063] is hard to place, performance drops: "FAMAS"
 4:13:18.816 [CE][LootRespawner] (PRIDummy) :: Item [2064] is hard to place, performance drops: "FAMAS"
 4:13:18.816 [CE][LootRespawner] (PRIDummy) :: Item [372] causing search overtime: "FAMAS"
 4:13:18.916 [CE][LootRespawner] (PRIDummy) :: Item [2065] is hard to place, performance drops: "M65Jacket_Black"
 4:13:18.916 [CE][LootRespawner] (PRIDummy) :: Item [2066] is hard to place, performance drops: "M65Jacket_Black"
 4:13:18.916 [CE][LootRespawner] (PRIDummy) :: Item [2067] is hard to place, performance drops: "M65Jacket_Black"
 4:13:18.916 [CE][LootRespawner] (PRIDummy) :: Item [2068] is hard to place, performance drops: "M65Jacket_Black"
 4:13:18.916 [CE][LootRespawner] (PRIDummy) :: Item [2069] is hard to place, performance drops: "M65Jacket_Black"
 4:13:18.916 [CE][LootRespawner] (PRIDummy) :: Item [2070] is hard to place, performance drops: "M65Jacket_Black"
 4:13:18.916 [CE][LootRespawner] (PRIDummy) :: Item [2071] is hard to place, performance drops: "M65Jacket_Black"
 4:13:18.916 [CE][LootRespawner] (PRIDummy) :: Item [2072] is hard to place, performance drops: "M65Jacket_Black"
 4:13:18.916 [CE][LootRespawner] (PRIDummy) :: Item [373] causing search overtime: "M65Jacket_Black"
 4:13:19.16 [CE][LootRespawner] (PRIDummy) :: Item [2073] is hard to place, performance drops: "M18SmokeGrenade_Red"
 4:13:19.16 [CE][LootRespawner] (PRIDummy) :: Item [2074] is hard to place, performance drops: "M18SmokeGrenade_Red"
 4:13:19.16 [CE][LootRespawner] (PRIDummy) :: Item [2075] is hard to place, performance drops: "M18SmokeGrenade_Red"
 4:13:19.16 [CE][LootRespawner] (PRIDummy) :: Item [2076] is hard to place, performance drops: "M18SmokeGrenade_Red"
 4:13:19.16 [CE][LootRespawner] (PRIDummy) :: Item [2077] is hard to place, performance drops: "M18SmokeGrenade_Red"
 4:13:19.16 [CE][LootRespawner] (PRIDummy) :: Item [2078] is hard to place, performance drops: "M18SmokeGrenade_Red"
 4:13:19.16 [CE][LootRespawner] (PRIDummy) :: Item [2079] is hard to place, performance drops: "M18SmokeGrenade_Red"
 4:13:19.16 [CE][LootRespawner] (PRIDummy) :: Item [2080] is hard to place, performance drops: "M18SmokeGrenade_Red"
 4:13:19.16 [CE][LootRespawner] (PRIDummy) :: Item [374] causing search overtime: "M18SmokeGrenade_Red"
 4:13:19.116 [CE][LootRespawner] (PRIDummy) :: Item [2081] is hard to place, performance drops: "SmershVest"
 4:13:19.116 [CE][LootRespawner] (PRIDummy) :: Item [2082] is hard to place, performance drops: "SmershVest"
 4:13:19.116 [CE][LootRespawner] (PRIDummy) :: Item [2083] is hard to place, performance drops: "SmershVest"
 4:13:19.116 [CE][LootRespawner] (PRIDummy) :: Item [2084] is hard to place, performance drops: "SmershVest"
 4:13:19.116 [CE][LootRespawner] (PRIDummy) :: Item [2085] is hard to place, performance drops: "SmershVest"
 4:13:19.116 [CE][LootRespawner] (PRIDummy) :: Item [2086] is hard to place, performance drops: "SmershVest"
 4:13:19.116 [CE][LootRespawner] (PRIDummy) :: Item [2087] is hard to place, performance drops: "SmershVest"
 4:13:19.116 [CE][LootRespawner] (PRIDummy) :: Item [2088] is hard to place, performance drops: "SmershVest"
 4:13:19.116 [CE][LootRespawner] (PRIDummy) :: Item [375] causing search overtime: "SmershVest"
 4:13:19.216 [CE][LootRespawner] (PRIDummy) :: Item [2089] is hard to place, performance drops: "STAG_Clothing_PlateCarrier"
 4:13:19.216 [CE][LootRespawner] (PRIDummy) :: Item [2090] is hard to place, performance drops: "STAG_Clothing_PlateCarrier"
 4:13:19.216 [CE][LootRespawner] (PRIDummy) :: Item [2091] is hard to place, performance drops: "STAG_Clothing_PlateCarrier"
 4:13:19.216 [CE][LootRespawner] (PRIDummy) :: Item [2092] is hard to place, performance drops: "STAG_Clothing_PlateCarrier"
 4:13:19.216 [CE][LootRespawner] (PRIDummy) :: Item [2093] is hard to place, performance drops: "STAG_Clothing_PlateCarrier"
 4:13:19.216 [CE][LootRespawner] (PRIDummy) :: Item [2094] is hard to place, performance drops: "STAG_Clothing_PlateCarrier"
 4:13:19.216 [CE][LootRespawner] (PRIDummy) :: Item [2095] is hard to place, performance drops: "STAG_Clothing_PlateCarrier"
 4:13:19.216 [CE][LootRespawner] (PRIDummy) :: Item [2096] is hard to place, performance drops: "STAG_Clothing_PlateCarrier"
 4:13:19.216 [CE][LootRespawner] (PRIDummy) :: Item [376] causing search overtime: "STAG_Clothing_PlateCarrier"
 4:13:19.316 [CE][LootRespawner] (PRIDummy) :: Item [2097] is hard to place, performance drops: "CargoPants_Black"
 4:13:19.316 [CE][LootRespawner] (PRIDummy) :: Item [2098] is hard to place, performance drops: "CargoPants_Black"
 4:13:19.316 [CE][LootRespawner] (PRIDummy) :: Item [2099] is hard to place, performance drops: "CargoPants_Black"
 4:13:19.316 [CE][LootRespawner] (PRIDummy) :: Item [2100] is hard to place, performance drops: "CargoPants_Black"
 4:13:19.316 [CE][LootRespawner] (PRIDummy) :: Item [2101] is hard to place, performance drops: "CargoPants_Black"
 4:13:19.316 [CE][LootRespawner] (PRIDummy) :: Item [2102] is hard to place, performance drops: "CargoPants_Black"
 4:13:19.316 [CE][LootRespawner] (PRIDummy) :: Item [2103] is hard to place, performance drops: "CargoPants_Black"
 4:13:19.316 [CE][LootRespawner] (PRIDummy) :: Item [377] causing search overtime: "CargoPants_Black"
 4:13:19.416 [CE][LootRespawner] (PRIDummy) :: Item [2104] is hard to place, performance drops: "STAG_Clothing_M65_Jacket"
 4:13:19.416 [CE][LootRespawner] (PRIDummy) :: Item [2105] is hard to place, performance drops: "STAG_Clothing_M65_Jacket"
 4:13:19.416 [CE][LootRespawner] (PRIDummy) :: Item [2106] is hard to place, performance drops: "STAG_Clothing_M65_Jacket"
 4:13:19.416 [CE][LootRespawner] (PRIDummy) :: Item [2107] is hard to place, performance drops: "STAG_Clothing_M65_Jacket"
 4:13:19.416 [CE][LootRespawner] (PRIDummy) :: Item [2108] is hard to place, performance drops: "STAG_Clothing_M65_Jacket"
 4:13:19.416 [CE][LootRespawner] (PRIDummy) :: Item [2109] is hard to place, performance drops: "STAG_Clothing_M65_Jacket"
 4:13:19.416 [CE][LootRespawner] (PRIDummy) :: Item [2110] is hard to place, performance drops: "STAG_Clothing_M65_Jacket"
 4:13:19.416 [CE][LootRespawner] (PRIDummy) :: Item [2111] is hard to place, performance drops: "STAG_Clothing_M65_Jacket"
 4:13:19.416 [CE][LootRespawner] (PRIDummy) :: Item [378] causing search overtime: "STAG_Clothing_M65_Jacket"
 4:13:19.516 [CE][LootRespawner] (PRIDummy) :: Item [2112] is hard to place, performance drops: "SA_Loot_Chest_Red"
 4:13:19.516 [CE][LootRespawner] (PRIDummy) :: Item [2113] is hard to place, performance drops: "SA_Loot_Chest_Red"
 4:13:19.516 [CE][LootRespawner] (PRIDummy) :: Item [2114] is hard to place, performance drops: "SA_Loot_Chest_Red"
 4:13:19.516 [CE][LootRespawner] (PRIDummy) :: Item [2115] is hard to place, performance drops: "SA_Loot_Chest_Red"
 4:13:19.516 [CE][LootRespawner] (PRIDummy) :: Item [2116] is hard to place, performance drops: "SA_Loot_Chest_Red"
 4:13:19.516 [CE][LootRespawner] (PRIDummy) :: Item [2117] is hard to place, performance drops: "SA_Loot_Chest_Red"
 4:13:19.516 [CE][LootRespawner] (PRIDummy) :: Item [2118] is hard to place, performance drops: "SA_Loot_Chest_Red"
 4:13:19.516 [CE][LootRespawner] (PRIDummy) :: Item [379] causing search overtime: "SA_Loot_Chest_Red"
 4:13:19.616 [CE][LootRespawner] (PRIDummy) :: Item [2119] is hard to place, performance drops: "STAG_Clothing_Cargo_Pants"
 4:13:19.616 [CE][LootRespawner] (PRIDummy) :: Item [2120] is hard to place, performance drops: "STAG_Clothing_Cargo_Pants"
 4:13:19.616 [CE][LootRespawner] (PRIDummy) :: Item [2121] is hard to place, performance drops: "STAG_Clothing_Cargo_Pants"
 4:13:19.616 [CE][LootRespawner] (PRIDummy) :: Item [2122] is hard to place, performance drops: "STAG_Clothing_Cargo_Pants"
 4:13:19.616 [CE][LootRespawner] (PRIDummy) :: Item [2123] is hard to place, performance drops: "STAG_Clothing_Cargo_Pants"
 4:13:19.616 [CE][LootRespawner] (PRIDummy) :: Item [2124] is hard to place, performance drops: "STAG_Clothing_Cargo_Pants"
 4:13:19.616 [CE][LootRespawner] (PRIDummy) :: Item [2125] is hard to place, performance drops: "STAG_Clothing_Cargo_Pants"
 4:13:19.616 [CE][LootRespawner] (PRIDummy) :: Item [2126] is hard to place, performance drops: "STAG_Clothing_Cargo_Pants"
 4:13:19.616 [CE][LootRespawner] (PRIDummy) :: Item [380] causing search overtime: "STAG_Clothing_Cargo_Pants"
 4:13:19.716 [CE][LootRespawner] (PRIDummy) :: Item [381] causing search overtime: "CZ550"
 4:13:19.816 [CE][LootRespawner] (PRIDummy) :: Item [2127] is hard to place, performance drops: "STAG_Clothing_Boots"
 4:13:19.816 [CE][LootRespawner] (PRIDummy) :: Item [2128] is hard to place, performance drops: "STAG_Clothing_Boots"
 4:13:19.816 [CE][LootRespawner] (PRIDummy) :: Item [2129] is hard to place, performance drops: "STAG_Clothing_Boots"
 4:13:19.816 [CE][LootRespawner] (PRIDummy) :: Item [2130] is hard to place, performance drops: "STAG_Clothing_Boots"
 4:13:19.816 [CE][LootRespawner] (PRIDummy) :: Item [2131] is hard to place, performance drops: "STAG_Clothing_Boots"
 4:13:19.816 [CE][LootRespawner] (PRIDummy) :: Item [2132] is hard to place, performance drops: "STAG_Clothing_Boots"
 4:13:19.816 [CE][LootRespawner] (PRIDummy) :: Item [2133] is hard to place, performance drops: "STAG_Clothing_Boots"
 4:13:19.816 [CE][LootRespawner] (PRIDummy) :: Item [2134] is hard to place, performance drops: "STAG_Clothing_Boots"
 4:13:19.816 [CE][LootRespawner] (PRIDummy) :: Item [2135] is hard to place, performance drops: "STAG_Clothing_Boots"
 4:13:19.816 [CE][LootRespawner] (PRIDummy) :: Item [382] causing search overtime: "STAG_Clothing_Boots"
 4:13:19.915 [CE][LootRespawner] (PRIDummy) :: Item [383] causing search overtime: "HipPack_Party"
 4:13:20.16 [CE][LootRespawner] (PRIDummy) :: Item [2136] is hard to place, performance drops: "Mag_SV98_10Rnd"
 4:13:20.16 [CE][LootRespawner] (PRIDummy) :: Item [2137] is hard to place, performance drops: "Mag_SV98_10Rnd"
 4:13:20.16 [CE][LootRespawner] (PRIDummy) :: Item [2138] is hard to place, performance drops: "Mag_SV98_10Rnd"
 4:13:20.16 [CE][LootRespawner] (PRIDummy) :: Item [2139] is hard to place, performance drops: "Mag_SV98_10Rnd"
 4:13:20.16 [CE][LootRespawner] (PRIDummy) :: Item [2140] is hard to place, performance drops: "Mag_SV98_10Rnd"
 4:13:20.16 [CE][LootRespawner] (PRIDummy) :: Item [2141] is hard to place, performance drops: "Mag_SV98_10Rnd"
 4:13:20.16 [CE][LootRespawner] (PRIDummy) :: Item [2142] is hard to place, performance drops: "Mag_SV98_10Rnd"
 4:13:20.16 [CE][LootRespawner] (PRIDummy) :: Item [2143] is hard to place, performance drops: "Mag_SV98_10Rnd"
 4:13:20.16 [CE][LootRespawner] (PRIDummy) :: Item [2144] is hard to place, performance drops: "Mag_SV98_10Rnd"
 4:13:20.16 [CE][LootRespawner] (PRIDummy) :: Item [384] causing search overtime: "Mag_SV98_10Rnd"
 4:13:45.16 [CE][LootRespawner] (PRIDummy) :: Item [2145] is hard to place, performance drops: "Mag_SV98_10Rnd"
 4:13:45.16 [CE][LootRespawner] (PRIDummy) :: Item [2146] is hard to place, performance drops: "Mag_SV98_10Rnd"
 4:13:45.16 [CE][LootRespawner] (PRIDummy) :: Item [2147] is hard to place, performance drops: "Mag_SV98_10Rnd"
 4:13:45.16 [CE][LootRespawner] (PRIDummy) :: Item [2148] is hard to place, performance drops: "Mag_SV98_10Rnd"
 4:13:45.16 [CE][LootRespawner] (PRIDummy) :: Item [2149] is hard to place, performance drops: "Mag_SV98_10Rnd"
 4:13:45.16 [CE][LootRespawner] (PRIDummy) :: Item [2150] is hard to place, performance drops: "Mag_SV98_10Rnd"
 4:13:45.16 [CE][LootRespawner] (PRIDummy) :: Item [2151] is hard to place, performance drops: "Mag_SV98_10Rnd"
 4:13:45.16 [CE][LootRespawner] (PRIDummy) :: Item [2152] is hard to place, performance drops: "Mag_SV98_10Rnd"
 4:13:45.16 [CE][LootRespawner] (PRIDummy) :: Item [2153] is hard to place, performance drops: "Mag_SV98_10Rnd"
 4:13:45.16 [CE][LootRespawner] (PRIDummy) :: Item [385] causing search overtime: "Mag_SV98_10Rnd"
 4:13:45.116 [CE][LootRespawner] (PRIDummy) :: Item [2154] is hard to place, performance drops: "Mag_STANAG_30Rnd"
 4:13:45.116 [CE][LootRespawner] (PRIDummy) :: Item [2155] is hard to place, performance drops: "Mag_STANAG_30Rnd"
 4:13:45.116 [CE][LootRespawner] (PRIDummy) :: Item [2156] is hard to place, performance drops: "Mag_STANAG_30Rnd"
 4:13:45.116 [CE][LootRespawner] (PRIDummy) :: Item [2157] is hard to place, performance drops: "Mag_STANAG_30Rnd"
 4:13:45.116 [CE][LootRespawner] (PRIDummy) :: Item [2158] is hard to place, performance drops: "Mag_STANAG_30Rnd"
 4:13:45.116 [CE][LootRespawner] (PRIDummy) :: Item [2159] is hard to place, performance drops: "Mag_STANAG_30Rnd"
 4:13:45.116 [CE][LootRespawner] (PRIDummy) :: Item [2160] is hard to place, performance drops: "Mag_STANAG_30Rnd"
 4:13:45.116 [CE][LootRespawner] (PRIDummy) :: Item [2161] is hard to place, performance drops: "Mag_STANAG_30Rnd"
 4:13:45.116 [CE][LootRespawner] (PRIDummy) :: Item [2162] is hard to place, performance drops: "Mag_STANAG_30Rnd"
 4:13:45.116 [CE][LootRespawner] (PRIDummy) :: Item [386] causing search overtime: "Mag_STANAG_30Rnd"
 4:13:45.216 [CE][LootRespawner] (PRIDummy) :: Item [2163] is hard to place, performance drops: "SV98"
 4:13:45.216 [CE][LootRespawner] (PRIDummy) :: Item [2164] is hard to place, performance drops: "SV98"
 4:13:45.216 [CE][LootRespawner] (PRIDummy) :: Item [2165] is hard to place, performance drops: "SV98"
 4:13:45.216 [CE][LootRespawner] (PRIDummy) :: Item [2166] is hard to place, performance drops: "SV98"
 4:13:45.216 [CE][LootRespawner] (PRIDummy) :: Item [2167] is hard to place, performance drops: "SV98"
 4:13:45.216 [CE][LootRespawner] (PRIDummy) :: Item [2168] is hard to place, performance drops: "SV98"
 4:13:45.216 [CE][LootRespawner] (PRIDummy) :: Item [2169] is hard to place, performance drops: "SV98"
 4:13:45.216 [CE][LootRespawner] (PRIDummy) :: Item [2170] is hard to place, performance drops: "SV98"
 4:13:45.216 [CE][LootRespawner] (PRIDummy) :: Item [387] causing search overtime: "SV98"
 4:13:45.316 [CE][LootRespawner] (PRIDummy) :: Item [2171] is hard to place, performance drops: "Mag_Vikhr_30Rnd"
 4:13:45.316 [CE][LootRespawner] (PRIDummy) :: Item [2172] is hard to place, performance drops: "Mag_Vikhr_30Rnd"
 4:13:45.316 [CE][LootRespawner] (PRIDummy) :: Item [2173] is hard to place, performance drops: "Mag_Vikhr_30Rnd"
 4:13:45.316 [CE][LootRespawner] (PRIDummy) :: Item [2174] is hard to place, performance drops: "Mag_Vikhr_30Rnd"
 4:13:45.316 [CE][LootRespawner] (PRIDummy) :: Item [2175] is hard to place, performance drops: "Mag_Vikhr_30Rnd"
 4:13:45.316 [CE][LootRespawner] (PRIDummy) :: Item [2176] is hard to place, performance drops: "Mag_Vikhr_30Rnd"
 4:13:45.316 [CE][LootRespawner] (PRIDummy) :: Item [2177] is hard to place, performance drops: "Mag_Vikhr_30Rnd"
 4:13:45.316 [CE][LootRespawner] (PRIDummy) :: Item [2178] is hard to place, performance drops: "Mag_Vikhr_30Rnd"
 4:13:45.316 [CE][LootRespawner] (PRIDummy) :: Item [2179] is hard to place, performance drops: "Mag_Vikhr_30Rnd"
 4:13:45.316 [CE][LootRespawner] (PRIDummy) :: Item [388] causing search overtime: "Mag_Vikhr_30Rnd"
 4:13:45.416 [CE][LootRespawner] (PRIDummy) :: Item [2180] is hard to place, performance drops: "Mag_Saiga_8Rnd"
 4:13:45.416 [CE][LootRespawner] (PRIDummy) :: Item [2181] is hard to place, performance drops: "Mag_Saiga_8Rnd"
 4:13:45.416 [CE][LootRespawner] (PRIDummy) :: Item [2182] is hard to place, performance drops: "Mag_Saiga_8Rnd"
 4:13:45.416 [CE][LootRespawner] (PRIDummy) :: Item [2183] is hard to place, performance drops: "Mag_Saiga_8Rnd"
 4:13:45.416 [CE][LootRespawner] (PRIDummy) :: Item [2184] is hard to place, performance drops: "Mag_Saiga_8Rnd"
 4:13:45.416 [CE][LootRespawner] (PRIDummy) :: Item [2185] is hard to place, performance drops: "Mag_Saiga_8Rnd"
 4:13:45.416 [CE][LootRespawner] (PRIDummy) :: Item [2186] is hard to place, performance drops: "Mag_Saiga_8Rnd"
 4:13:45.416 [CE][LootRespawner] (PRIDummy) :: Item [2187] is hard to place, performance drops: "Mag_Saiga_8Rnd"
 4:13:45.416 [CE][LootRespawner] (PRIDummy) :: Item [2188] is hard to place, performance drops: "Mag_Saiga_8Rnd"
 4:13:45.416 [CE][LootRespawner] (PRIDummy) :: Item [389] causing search overtime: "Mag_Saiga_8Rnd"
 4:13:45.616 [CE][LootRespawner] (PRIDummy) :: Item [2189] is hard to place, performance drops: "QuiltedJacket_Black"
 4:13:45.616 [CE][LootRespawner] (PRIDummy) :: Item [2190] is hard to place, performance drops: "QuiltedJacket_Black"
 4:13:45.616 [CE][LootRespawner] (PRIDummy) :: Item [2191] is hard to place, performance drops: "QuiltedJacket_Black"
 4:13:45.616 [CE][LootRespawner] (PRIDummy) :: Item [2192] is hard to place, performance drops: "QuiltedJacket_Black"
 4:13:45.616 [CE][LootRespawner] (PRIDummy) :: Item [2193] is hard to place, performance drops: "QuiltedJacket_Black"
 4:13:45.616 [CE][LootRespawner] (PRIDummy) :: Item [2194] is hard to place, performance drops: "QuiltedJacket_Black"
 4:13:45.616 [CE][LootRespawner] (PRIDummy) :: Item [2195] is hard to place, performance drops: "QuiltedJacket_Black"
 4:13:45.616 [CE][LootRespawner] (PRIDummy) :: Item [390] causing search overtime: "QuiltedJacket_Black"
 4:13:45.816 [CE][LootRespawner] (PRIDummy) :: Item [391] causing search overtime: "STAG_Clothing_MountainBag"
 4:13:46.16 [CE][LootRespawner] (PRIDummy) :: Item [2196] is hard to place, performance drops: "Mag_AKM_Drum75Rnd"
 4:13:46.16 [CE][LootRespawner] (PRIDummy) :: Item [2197] is hard to place, performance drops: "Mag_AKM_Drum75Rnd"
 4:13:46.16 [CE][LootRespawner] (PRIDummy) :: Item [2198] is hard to place, performance drops: "Mag_AKM_Drum75Rnd"
 4:13:46.16 [CE][LootRespawner] (PRIDummy) :: Item [2199] is hard to place, performance drops: "Mag_AKM_Drum75Rnd"
 4:13:46.16 [CE][LootRespawner] (PRIDummy) :: Item [2200] is hard to place, performance drops: "Mag_AKM_Drum75Rnd"
 4:13:46.16 [CE][LootRespawner] (PRIDummy) :: Item [2201] is hard to place, performance drops: "Mag_AKM_Drum75Rnd"
 4:13:46.16 [CE][LootRespawner] (PRIDummy) :: Item [2202] is hard to place, performance drops: "Mag_AKM_Drum75Rnd"
 4:13:46.16 [CE][LootRespawner] (PRIDummy) :: Item [2203] is hard to place, performance drops: "Mag_AKM_Drum75Rnd"
 4:13:46.16 [CE][LootRespawner] (PRIDummy) :: Item [392] causing search overtime: "Mag_AKM_Drum75Rnd"
 4:13:46.116 [CE][LootRespawner] (PRIDummy) :: Item [2204] is hard to place, performance drops: "Mag_AKM_30Rnd"
 4:13:46.116 [CE][LootRespawner] (PRIDummy) :: Item [2205] is hard to place, performance drops: "Mag_AKM_30Rnd"
 4:13:46.116 [CE][LootRespawner] (PRIDummy) :: Item [2206] is hard to place, performance drops: "Mag_AKM_30Rnd"
 4:13:46.116 [CE][LootRespawner] (PRIDummy) :: Item [2207] is hard to place, performance drops: "Mag_AKM_30Rnd"
 4:13:46.116 [CE][LootRespawner] (PRIDummy) :: Item [2208] is hard to place, performance drops: "Mag_AKM_30Rnd"
 4:13:46.116 [CE][LootRespawner] (PRIDummy) :: Item [2209] is hard to place, performance drops: "Mag_AKM_30Rnd"
 4:13:46.116 [CE][LootRespawner] (PRIDummy) :: Item [2210] is hard to place, performance drops: "Mag_AKM_30Rnd"
 4:13:46.116 [CE][LootRespawner] (PRIDummy) :: Item [2211] is hard to place, performance drops: "Mag_AKM_30Rnd"
 4:13:46.116 [CE][LootRespawner] (PRIDummy) :: Item [2212] is hard to place, performance drops: "Mag_AKM_30Rnd"
 4:13:46.116 [CE][LootRespawner] (PRIDummy) :: Item [393] causing search overtime: "Mag_AKM_30Rnd"
 4:13:46.216 [CE][LootRespawner] (PRIDummy) :: Item [2213] is hard to place, performance drops: "MilitaryBoots_Black"
 4:13:46.216 [CE][LootRespawner] (PRIDummy) :: Item [2214] is hard to place, performance drops: "MilitaryBoots_Black"
 4:13:46.216 [CE][LootRespawner] (PRIDummy) :: Item [2215] is hard to place, performance drops: "MilitaryBoots_Black"
 4:13:46.216 [CE][LootRespawner] (PRIDummy) :: Item [2216] is hard to place, performance drops: "MilitaryBoots_Black"
 4:13:46.216 [CE][LootRespawner] (PRIDummy) :: Item [2217] is hard to place, performance drops: "MilitaryBoots_Black"
 4:13:46.216 [CE][LootRespawner] (PRIDummy) :: Item [2218] is hard to place, performance drops: "MilitaryBoots_Black"
 4:13:46.216 [CE][LootRespawner] (PRIDummy) :: Item [2219] is hard to place, performance drops: "MilitaryBoots_Black"
 4:13:46.216 [CE][LootRespawner] (PRIDummy) :: Item [2220] is hard to place, performance drops: "MilitaryBoots_Black"
 4:13:46.216 [CE][LootRespawner] (PRIDummy) :: Item [2221] is hard to place, performance drops: "MilitaryBoots_Black"
 4:13:46.216 [CE][LootRespawner] (PRIDummy) :: Item [394] causing search overtime: "MilitaryBoots_Black"
 4:13:46.316 [CE][LootRespawner] (PRIDummy) :: Item [2222] is hard to place, performance drops: "M4_T3NRDSOptic"
 4:13:46.316 [CE][LootRespawner] (PRIDummy) :: Item [2223] is hard to place, performance drops: "M4_T3NRDSOptic"
 4:13:46.316 [CE][LootRespawner] (PRIDummy) :: Item [2224] is hard to place, performance drops: "M4_T3NRDSOptic"
 4:13:46.316 [CE][LootRespawner] (PRIDummy) :: Item [2225] is hard to place, performance drops: "M4_T3NRDSOptic"
 4:13:46.316 [CE][LootRespawner] (PRIDummy) :: Item [2226] is hard to place, performance drops: "M4_T3NRDSOptic"
 4:13:46.316 [CE][LootRespawner] (PRIDummy) :: Item [2227] is hard to place, performance drops: "M4_T3NRDSOptic"
 4:13:46.316 [CE][LootRespawner] (PRIDummy) :: Item [2228] is hard to place, performance drops: "M4_T3NRDSOptic"
 4:13:46.316 [CE][LootRespawner] (PRIDummy) :: Item [2229] is hard to place, performance drops: "M4_T3NRDSOptic"
 4:13:46.316 [CE][LootRespawner] (PRIDummy) :: Item [2230] is hard to place, performance drops: "M4_T3NRDSOptic"
 4:13:46.316 [CE][LootRespawner] (PRIDummy) :: Item [395] causing search overtime: "M4_T3NRDSOptic"
 4:13:46.416 [CE][LootRespawner] (PRIDummy) :: Item [2231] is hard to place, performance drops: "QuiltedJacket_Green"
 4:13:46.416 [CE][LootRespawner] (PRIDummy) :: Item [2232] is hard to place, performance drops: "QuiltedJacket_Green"
 4:13:46.416 [CE][LootRespawner] (PRIDummy) :: Item [2233] is hard to place, performance drops: "QuiltedJacket_Green"
 4:13:46.416 [CE][LootRespawner] (PRIDummy) :: Item [2234] is hard to place, performance drops: "QuiltedJacket_Green"
 4:13:46.416 [CE][LootRespawner] (PRIDummy) :: Item [2235] is hard to place, performance drops: "QuiltedJacket_Green"
 4:13:46.416 [CE][LootRespawner] (PRIDummy) :: Item [2236] is hard to place, performance drops: "QuiltedJacket_Green"
 4:13:46.416 [CE][LootRespawner] (PRIDummy) :: Item [2237] is hard to place, performance drops: "QuiltedJacket_Green"
 4:13:46.416 [CE][LootRespawner] (PRIDummy) :: Item [396] causing search overtime: "QuiltedJacket_Green"
 4:13:46.516 [CE][LootRespawner] (PRIDummy) :: Item [2238] is hard to place, performance drops: "BalaclavaMask_Black"
 4:13:46.516 [CE][LootRespawner] (PRIDummy) :: Item [2239] is hard to place, performance drops: "BalaclavaMask_Black"
 4:13:46.516 [CE][LootRespawner] (PRIDummy) :: Item [2240] is hard to place, performance drops: "BalaclavaMask_Black"
 4:13:46.516 [CE][LootRespawner] (PRIDummy) :: Item [2241] is hard to place, performance drops: "BalaclavaMask_Black"
 4:13:46.516 [CE][LootRespawner] (PRIDummy) :: Item [2242] is hard to place, performance drops: "BalaclavaMask_Black"
 4:13:46.516 [CE][LootRespawner] (PRIDummy) :: Item [2243] is hard to place, performance drops: "BalaclavaMask_Black"
 4:13:46.516 [CE][LootRespawner] (PRIDummy) :: Item [2244] is hard to place, performance drops: "BalaclavaMask_Black"
 4:13:46.516 [CE][LootRespawner] (PRIDummy) :: Item [2245] is hard to place, performance drops: "BalaclavaMask_Black"
 4:13:46.516 [CE][LootRespawner] (PRIDummy) :: Item [397] causing search overtime: "BalaclavaMask_Black"
 4:13:46.615 [CE][LootRespawner] (PRIDummy) :: Item [2246] is hard to place, performance drops: "AKS74U"
 4:13:46.615 [CE][LootRespawner] (PRIDummy) :: Item [2247] is hard to place, performance drops: "AKS74U"
 4:13:46.615 [CE][LootRespawner] (PRIDummy) :: Item [2248] is hard to place, performance drops: "AKS74U"
 4:13:46.616 [CE][LootRespawner] (PRIDummy) :: Item [2249] is hard to place, performance drops: "AKS74U"
 4:13:46.616 [CE][LootRespawner] (PRIDummy) :: Item [2250] is hard to place, performance drops: "AKS74U"
 4:13:46.616 [CE][LootRespawner] (PRIDummy) :: Item [2251] is hard to place, performance drops: "AKS74U"
 4:13:46.616 [CE][LootRespawner] (PRIDummy) :: Item [2252] is hard to place, performance drops: "AKS74U"
 4:13:46.616 [CE][LootRespawner] (PRIDummy) :: Item [2253] is hard to place, performance drops: "AKS74U"
 4:13:46.616 [CE][LootRespawner] (PRIDummy) :: Item [2254] is hard to place, performance drops: "AKS74U"
 4:13:46.616 [CE][LootRespawner] (PRIDummy) :: Item [398] causing search overtime: "AKS74U"
 4:13:46.716 [CE][LootRespawner] (PRIDummy) :: Item [399] causing search overtime: "MimeMask_Female"
 4:13:46.815 [CE][LootRespawner] (PRIDummy) :: Item [400] causing search overtime: "EyeMask_Black"
 4:13:46.916 [CE][LootRespawner] (PRIDummy) :: Item [401] causing search overtime: "EyeMask_Yellow"
 4:13:56.382 [IdleMode] Entering IN - save processed
 4:14:35.680  --- Termination successfully completed --- 
