---------------------------------------------
Log G:\SteamLibrary\steamapps\common\DayZServer\profiles\script_2025-09-11_11-31-13.log started at 11.09. 11:31:18

SCRIPT       : Registered 365 temporary action enum(s), UAN==365
SCRIPT    (W): @"CBD_LootRoomsSystem/Scripts/3_Game/settings\cbd_lootsystembox.c,69": FIX-ME: Unexpected statement 'ref'
SCRIPT    (W): @"harksbloodplague/VzLGwSjG/ XH0Ah28b/o6rSdzel/﻿﻿/lLzBNtPz/F9S6LDkF/xjV Bvsc.QIFTxCVY,4": FIX-ME: Expected ',' or '}', not a ';'
SCRIPT    (W): @"LIVEN/PvZmoD_Spawn_System/Scripts/3_Game/pvz_ss_3_game\pvz_panel\serverside\pvz_ss_xmlreader_panelserver_verification.c,96": FIX-ME: Unexpected statement 'ref'
SCRIPT    (W): @"LIVEN/PvZmoD_Spawn_System/Scripts/3_Game/pvz_ss_3_game\pvz_panel\serverside\pvz_ss_xmlreader_panelserver_verification.c,123": FIX-ME: Unexpected statement 'ref'
SCRIPT    (W): @"LIVEN/PvZmoD_Spawn_System/Scripts/3_Game/pvz_ss_3_game\pvz_panel\serverside\pvz_ss_xmlreader_panelserver_verification.c,147": FIX-ME: Unexpected statement 'ref'
SCRIPT    (W): @"LIVEN/PvZmoD_Spawn_System/Scripts/3_Game/pvz_ss_3_game\pvz_panel\clientside\pvz_ss_xmlreader_pvzpannel_verification.c,95": FIX-ME: Unexpected statement 'ref'
SCRIPT    (W): @"LIVEN/PvZmoD_Spawn_System/Scripts/3_Game/pvz_ss_3_game\pvz_panel\clientside\pvz_ss_xmlreader_pvzpannel_verification.c,122": FIX-ME: Unexpected statement 'ref'
SCRIPT    (W): @"LIVEN/PvZmoD_Spawn_System/Scripts/3_Game/pvz_ss_3_game\pvz_panel\clientside\pvz_ss_xmlreader_pvzpannel_verification.c,146": FIX-ME: Unexpected statement 'ref'
SCRIPT    (W): @"CodeLock/scripts/3_game/dayzgame.c,13": FIX-ME: Method argument can't be strong reference
SCRIPT    (W): @"GoreZ/3_game/effects\effectparticle\bulletimpactbase\hit_meatbones.c,74": FIX-ME: Overriding function 'BloodSplatGround' but not marked as 'override'
SCRIPT    (W): @"GoreZ/3_game/effects\effectparticle\bulletimpactbase\hit_meatbones.c,109": FIX-ME: Overriding function 'BloodSplatWall' but not marked as 'override'
SCRIPT    (W): @"CBD_LootRoomsSystem/Scripts/3_Game/settings\cbd_lootsystemitem.c,8": Possible variable name conflict 'chance'
SCRIPT    (W): @"CBD_LootRoomsSystem/Scripts/3_Game/settings\cbd_lootsystemitem.c,8": Possible variable name conflict 'className'
SCRIPT    (W): @"CBD_LootRoomsSystem/Scripts/3_Game/settings\cbd_lootsystemitem.c,8": Possible variable name conflict 'quantity'
SCRIPT    (W): @"CBD_LootRoomsSystem/Scripts/3_Game/settings\cbd_lootsystemitem.c,16": Possible variable name conflict 'quantity'
SCRIPT    (W): @"CBD_LootRoomsSystem/Scripts/3_Game/logging\cbd_loggingcfreg.c,159": Possible variable name conflict 'fileHandle'
SCRIPT       : Registering faction type eAIFactionShamans ID -1484989417
SCRIPT       : Registering faction type eAIFactionObservers ID -563736721
SCRIPT       : Registering faction type eAIFactionInvincibleObservers ID -1227299746
SCRIPT       : Registering faction type eAIFactionRaiders ID 1535276022
SCRIPT       : Registering faction type eAIFactionYeetBrigade ID 1408543989
SCRIPT       : Registering faction type eAIFactionWest ID 113880155
SCRIPT       : Registering faction type eAIFactionInvincibleYeetBrigade ID -1118767876
SCRIPT       : Registering faction type eAIFactionEast ID 90522109
SCRIPT       : Registering faction type eAIFactionGuards ID 963933710
SCRIPT       : Registering faction type eAIFactionMercenaries ID 1629891834
SCRIPT       : Registering faction type eAIFactionBrawlers ID 1955753718
SCRIPT       : Registering faction type eAIFactionCivilian ID 1096178351
SCRIPT       : Registering faction type eAIFactionPassive ID -1159399789
SCRIPT       : Registering faction type eAIFactionInvincibleGuards ID 782746017
SCRIPT       : ... Backlit Effects Enabled
SCRIPT       : VPPNotificationManager()
SCRIPT       : [VPPAT] Internal VPPNotifications module loaded!
SCRIPT       : [DayZ Game]:: DayZGame(): Initializing V++ Admin Tools.
SCRIPT       : 11:31:23.000 [EXPANSION LOG]: DayZGame<8da8a5f0> Start time (local time) 2025-09-11 11:30:40
SCRIPT       : 11:31:23.000 [EXPANSION LOG]: DayZGame<8da8a5f0> Start time (UTC) 2025-09-11 03:30:40
SCRIPT       : 11:31:23.000 [EXPANSION LOG]: DayZGame<8da8a5f0> Runtime since start (seconds) 43.357
SCRIPT    (W): @"BPGuns\scripts\4_world/entities\firearms\rifles\benelli.c,225": FIX-ME: Syntax error
SCRIPT    (W): @"DayZNoBuildZones/Scripts/4_World/nobuildzonessettings.c,34": FIX-ME: Unexpected statement 'ref'
SCRIPT    (W): @"DayZNoBuildZones/Scripts/4_World/nobuildzonessettings.c,35": FIX-ME: Unexpected statement 'ref'
SCRIPT    (W): @"DayZNoBuildZones/Scripts/4_World/nobuildzonessettings.c,69": Missing ';' at the end of line
SCRIPT    (W): @"DayZNoBuildZones/Scripts/4_World/nobuildzonessettings.c,114": FIX-ME: Unexpected statement 'ref'
SCRIPT    (W): @"JunkYardDogV4/scripts/4_World/actionfillatcar.c,125": FIX-ME: Unmatched brackets detected!
SCRIPT    (W): @"JunkYardDogV4/scripts/4_World/actionfillatcar.c,139": Missing ';' at the end of line
SCRIPT    (W): @"JunkYardDogV4/scripts/4_World/actionfillatcar.c,144": Missing ';' at the end of line
SCRIPT    (W): @"Weapons/Scripts/4_World/itembase\jmc_prototype_optic.c,3": Missing ';' at the end of line
SCRIPT    (W): @"ZenTerritories/scripts/4_World/territoryflag.c,4": FIX-ME: Unexpected statement 'ref'
SCRIPT    (W): @"uaz_scripts/scripts/љкмчіъ*ѕц.rtm,204": Missing ';' at the end of line
SCRIPT    (W): @"uaz_scripts/scripts/љкмчіъ*ѕц.rtm,204": FIX-ME: Syntax error
SCRIPT    (W): @"uaz_scripts/scripts/љкмчіъ*ѕц.rtm,207": Missing ';' at the end of line
SCRIPT    (W): @"uaz_scripts/scripts/љкмчіъ*ѕц.rtm,207": FIX-ME: Syntax error
SCRIPT    (W): @"uaz_scripts/scripts/љкмчіъ*ѕц.rtm,210": Missing ';' at the end of line
SCRIPT    (W): @"uaz_scripts/scripts/љкмчіъ*ѕц.rtm,210": FIX-ME: Syntax error
SCRIPT    (W): @"uaz_scripts/scripts/љкмчіъ*ѕц.rtm,213": Missing ';' at the end of line
SCRIPT    (W): @"uaz_scripts/scripts/љкмчіъ*ѕц.rtm,213": FIX-ME: Syntax error
SCRIPT    (W): @"uaz_scripts/scripts/љкмчіъ*ѕц.rtm,216": Missing ';' at the end of line
SCRIPT    (W): @"uaz_scripts/scripts/љкмчіъ*ѕц.rtm,216": FIX-ME: Syntax error
SCRIPT    (W): @"uaz_scripts/scripts/љкмчіъ*ѕц.rtm,579": Missing ';' at the end of line
SCRIPT    (W): @"uaz_scripts/scripts/љкмчіъ*ѕц.rtm,579": FIX-ME: Syntax error
SCRIPT    (W): @"uaz_scripts/scripts/љкмчіъ*ѕц.rtm,582": Missing ';' at the end of line
SCRIPT    (W): @"uaz_scripts/scripts/љкмчіъ*ѕц.rtm,582": FIX-ME: Syntax error
SCRIPT    (W): @"uaz_scripts/scripts/љкмчіъ*ѕц.rtm,585": Missing ';' at the end of line
SCRIPT    (W): @"uaz_scripts/scripts/љкмчіъ*ѕц.rtm,585": FIX-ME: Syntax error
SCRIPT    (W): @"uaz_scripts/scripts/љкмчіъ*ѕц.rtm,588": Missing ';' at the end of line
SCRIPT    (W): @"uaz_scripts/scripts/љкмчіъ*ѕц.rtm,588": FIX-ME: Syntax error
SCRIPT    (W): @"uaz_scripts/scripts/љкмчіъ*ѕц.rtm,591": Missing ';' at the end of line
SCRIPT    (W): @"uaz_scripts/scripts/љкмчіъ*ѕц.rtm,591": FIX-ME: Syntax error
SCRIPT    (W): @"BP_F100/scripts/?оФФѕпЫзТ.p3d,209": Missing ';' at the end of line
SCRIPT    (W): @"BP_F100/scripts/?оФФѕпЫзТ.p3d,209": FIX-ME: Syntax error
SCRIPT    (W): @"BP_F100/scripts/?оФФѕпЫзТ.p3d,212": Missing ';' at the end of line
SCRIPT    (W): @"BP_F100/scripts/?оФФѕпЫзТ.p3d,212": FIX-ME: Syntax error
SCRIPT    (W): @"BP_Uaz452/scripts/ќ*кї.ogg,218": Missing ';' at the end of line
SCRIPT    (W): @"BP_Uaz452/scripts/ќ*кї.ogg,218": FIX-ME: Syntax error
SCRIPT    (W): @"BP_Uaz452/scripts/ќ*кї.ogg,221": Missing ';' at the end of line
SCRIPT    (W): @"BP_Uaz452/scripts/ќ*кї.ogg,221": FIX-ME: Syntax error
SCRIPT    (W): @"BP_Uaz452/scripts/ќ*кї.ogg,224": Missing ';' at the end of line
SCRIPT    (W): @"BP_Uaz452/scripts/ќ*кї.ogg,224": FIX-ME: Syntax error
SCRIPT    (W): @"BP_Uaz452/scripts/ќ*кї.ogg,227": Missing ';' at the end of line
SCRIPT    (W): @"BP_Uaz452/scripts/ќ*кї.ogg,227": FIX-ME: Syntax error
SCRIPT    (W): @"BP_Uaz452/scripts/ќ*кї.ogg,230": Missing ';' at the end of line
SCRIPT    (W): @"BP_Uaz452/scripts/ќ*кї.ogg,230": FIX-ME: Syntax error
SCRIPT    (W): @"bl_crafting_ex\scripts\4_World/classes\action\actionfillfueltincanlamp.c,71": condition with no body?
SCRIPT    (W): @"BP1/scripts/4_world/static_lamp/?гдвкШп.wsi,22": Missing ';' at the end of line
SCRIPT    (W): @"BP1/scripts/4_world/static_lamp/ш?цг.rvmat,22": Missing ';' at the end of line
SCRIPT    (W): @"BP1/scripts/4_world/static_lamp/ТшРѕчщф*нїє.jpg,18": Missing ';' at the end of line
SCRIPT    (W): @"BP1/scripts/4_world/static_lamp/Уш?ы.rtm,17": Missing ';' at the end of line
SCRIPT    (W): @"BP1/scripts/4_world/static_lamp/њЫєсХ*д.p3d,17": Missing ';' at the end of line
SCRIPT    (W): @"BP1/scripts/4_world/static_lamp/њЫєсХ*д.p3d,47": Missing ';' at the end of line
SCRIPT    (W): @"BP1/scripts/4_world/static_lamp/д*Чвѓ.jpg,22": Missing ';' at the end of line
SCRIPT    (W): @"BP1/scripts/4_world/static_lamp/Ящѓ*эяйїьвп.p3d,22": Missing ';' at the end of line
SCRIPT    (W): @"BP1/scripts/4_world/static_lamp/јь*ећў.wss,22": Missing ';' at the end of line
SCRIPT    (W): @"BP1/scripts/4_world/static_lamp/щі?њСзв.ogg,17": Missing ';' at the end of line
SCRIPT    (W): @"BP1/scripts/4_world/static_lamp/щі?њСзв.ogg,46": Missing ';' at the end of line
SCRIPT    (W): @"BP1/scripts/4_world/static_lamp/щі?њСзв.ogg,136": Missing ';' at the end of line
SCRIPT    (W): @"AIWarZones/scripts/4_World/smokeeffect.c,1": Forward declarations are deprecated!
SCRIPT    (W): @"ServerConfig_GS/scripts/4_World/actionbase.c,115": Possible variable name conflict 'z_CreateNewConfig_GS'
SCRIPT    (W): @"ServerConfig_GS/scripts/4_World/actionbase.c,115": Possible variable name conflict 'z_EnableDebugLogs_GS'
SCRIPT    (W): @"ServerConfig_GS/scripts/4_World/actionbase.c,115": Possible variable name conflict 'z_EnableDebugModsLogs_GS'
SCRIPT    (W): @"ServerConfig_JD/scripts/4_World/actionbase.c,132": Possible variable name conflict 'z_CreateNewConfig_JD'
SCRIPT    (W): @"ServerConfig_JD/scripts/4_World/actionbase.c,132": Possible variable name conflict 'z_EnableDebugLogs_JD'
SCRIPT    (W): @"ServerConfig_JD/scripts/4_World/actionbase.c,132": Possible variable name conflict 'z_EnableDebugModsLogs_JD'
SCRIPT    (W): @"ServerConfig_JD/scripts/4_World/actionbase.c,132": Possible variable name conflict 'z_EnableFuelPumps_JD'
SCRIPT    (W): @"ServerConfig_JD/scripts/4_World/actionbase.c,537": FIX-ME: Overriding function 'z_GetDate' but not marked as 'override'
SCRIPT    (W): @"ServerConfig_JD/scripts/4_World/actionbase.c,544": FIX-ME: Overriding function 'z_GetTime' but not marked as 'override'
SCRIPT    (W): @"GoreZ/4_world/entities\manbase\playerbase.c,11": FIX-ME: Overriding function 'CheckDeath' but not marked as 'override'
SCRIPT    (W): @"WindstrideClothing/scripts/4_World/playerbase.c,48": FIX-ME: Overriding function 'ChangeHoodCheck' but not marked as 'override'
SCRIPT    (W): @"BP_F100/scripts/ўѐх?ш.fxy,18": FIX-ME: Overriding function 'Init' but not marked as 'override'
SCRIPT    (W): @"CodeLock/scripts/4_world/entities\codelock.c,308": FIX-ME: Method argument can't be strong reference
SCRIPT    (W): @"GoreZ/4_world/entities\infected\zombiebase.c,27": FIX-ME: Overriding function 'IsAlive' but not marked as 'override'
SCRIPT    (W): @"kamaz_4310RUS\scripts\4_World/carscript_kamaz_4310rus_cabinmanipulte.c,8": FIX-ME: Overriding function 'IsCabinCanManipulate' but not marked as 'override'
SCRIPT    (W): @"kamaz_4310RUS\scripts\4_World/carscript_kamaz_4310rus_cabinmanipulte.c,13": FIX-ME: Overriding function 'GetCabinAnimationSource' but not marked as 'override'
SCRIPT    (W): @"kamaz_4310RUS\scripts\4_World/carscript_kamaz_4310rus_cabinmanipulte.c,18": FIX-ME: Overriding function 'IsCabinRised' but not marked as 'override'
SCRIPT    (W): @"kamaz_4310RUS\scripts\4_World/carscript_kamaz_4310rus_cabinmanipulte.c,23": FIX-ME: Overriding function 'IsPassengersInCabin' but not marked as 'override'
SCRIPT    (W): @"tractor_UMZ_RUS\scripts\4_World/carscript.c,4": FIX-ME: Overriding function 'HandleDoorsSound' but not marked as 'override'
SCRIPT    (W): @"kamaz_4310RUS\scripts\4_World/static\miscgameplayfunctions.c,6": FIX-ME: Overriding function 'IsInsideCar' but not marked as 'override'
SCRIPT    (W): @"GarbageSearch/Scripts/4_World/garbagescriptclass.c,339": FIX-ME: Overriding function 'IsHealthVisible' but not marked as 'override'
SCRIPT    (W): @"GarbageSearch/Scripts/4_World/garbagescriptclass.c,347": FIX-ME: Overriding function 'IsInventoryItem' but not marked as 'override'
SCRIPT    (W): @"GarbageSearch/Scripts/4_World/garbagescriptclass.c,357": FIX-ME: Overloaded method 'CanPutIntoHands', argument name 'player' differs from prototype 'parent'
SCRIPT    (W): @"JunkYardDogV4/scripts/4_World/junkyardscriptclass.c,231": FIX-ME: Overriding function 'IsItemBase' but not marked as 'override'
SCRIPT    (W): @"JunkYardDogV4/scripts/4_World/junkyardscriptclass.c,246": FIX-ME: Overriding function 'IsHologram' but not marked as 'override'
SCRIPT    (W): @"JunkYardDogV4/scripts/4_World/junkyardscriptclass.c,280": FIX-ME: Overriding function 'Get_StaticReturnItem' but not marked as 'override'
SCRIPT    (W): @"GarbageSearch/Scripts/4_World/garbagescriptclass.c,157": FIX-ME: Overriding function 'Get_StaticReturnItem' but not marked as 'override'
SCRIPT    (W): @"KTWorkbenchClient/scripts/4_World/entities\itembase\workbench\workbenchobjectbase.c,223": FIX-ME: Overloaded method 'CanPutIntoHands', argument name 'player' differs from prototype 'parent'
SCRIPT    (W): @"BP_Workbench/scripts/4_World/classes\actions\actiondeconstructwb.c,103": FIX-ME: Overriding function 'SetupAnimation' but not marked as 'override'
SCRIPT    (W): @"BP_Shelf_O\scripts\4_world/entities\garden\bp_gardenbox.c,62": FIX-ME: Overriding function 'RefreshSlots' but not marked as 'override'
SCRIPT    (W): @"JunkYardDogV4/scripts/4_World/junkyardscriptclass.c,320": FIX-ME: Overriding function 'IsItemBase' but not marked as 'override'
SCRIPT    (W): @"JunkYardDogV4/scripts/4_World/junkyardscriptclass.c,335": FIX-ME: Overriding function 'IsHologram' but not marked as 'override'
SCRIPT    (W): @"JunkYardDogV4/scripts/4_World/junkyardscriptclass.c,368": FIX-ME: Overriding function 'Get_StaticReturnItem' but not marked as 'override'
SCRIPT    (W): @"JunkYardDogV4/scripts/4_World/junkyardscriptclass.c,480": FIX-ME: Overriding function 'Get_StaticReturnItem' but not marked as 'override'
SCRIPT    (W): @"BP1/scripts/4_world/camping/ѓ*Рфќтйћйк.p3d,49": FIX-ME: Overriding function 'UpdateAllSelections' but not marked as 'override'
SCRIPT    (W): @"CodeLock/scripts/4_world/pluginmanager\pluginbase\permissions\codelockpermissionmanager.c,46": FIX-ME: Method argument can't be strong reference
SCRIPT    (W): @"GarbageSearch/Scripts/4_World/garbagescriptclass.c,63": FIX-ME: Overriding function 'Get_StaticReturnItem' but not marked as 'override'
SCRIPT    (W): @"utopia_patrol_helicopter_scripts/L4SbwPx4/ SuWu1KU /dntQGuBG/﻿﻿/L2ekv8u6/zZczjFyV/em9tiEfZ.x zUJN  ,101": FIX-ME: Overloading event 'EOnInit' is not allowed
SCRIPT    (W): @"BP_F100/scripts/?бЫыяќрѐЬќ.jpg,138": FIX-ME: Overriding function 'FillCommandUIDPerCrewIdx' but not marked as 'override'
SCRIPT    (W): @"utopia_patrol_helicopter_scripts/L4SbwPx4/ SuWu1KU /dntQGuBG/﻿﻿/L2ekv8u6/zZczjFyV/em9tiEfZ.x zUJN  ,33": FIX-ME: Overloading event 'EOnInit' is not allowed
SCRIPT    (W): @"JunkYardDogV4/scripts/4_World/actionfillatwreck.c,57": FIX-ME: Overriding function 'GetText' but not marked as 'override'
SCRIPT    (W): @"GarbageSearch/Scripts/4_World/garbagescriptclass.c,40": FIX-ME: Overriding function 'Get_StaticReturnItem' but not marked as 'override'
SCRIPT    (W): @"GarbageSearch/Scripts/4_World/garbagescriptclass.c,232": FIX-ME: Overriding function 'Get_StaticReturnItem' but not marked as 'override'
SCRIPT    (W): @"GarbageSearch/Scripts/4_World/garbagescriptclass.c,239": FIX-ME: Overriding function 'Get_StaticReturnItem' but not marked as 'override'
SCRIPT    (W): @"BP_Shelf_O\scripts\4_world/entities\lock\lockedbox_base.c,125": FIX-ME: Overriding function 'UpdateVisualState' but not marked as 'override'
SCRIPT    (W): @"BP_Shelf_O\scripts\4_world/entities\furniture\bp_tresh_bac_static.c,13": FIX-ME: Overriding function 'UpdateVisualState' but not marked as 'override'
SCRIPT    (W): @"CBD_LootRoomsSystem/Scripts/4_World/enities\cbd_lootcrates.c,199": FIX-ME: Overloaded method 'CanReleaseCargo', argument name 'attachment' differs from prototype 'cargo'
SCRIPT    (W): @"GarbageSearch/Scripts/4_World/garbagescriptclass.c,246": FIX-ME: Overriding function 'Get_StaticReturnItem' but not marked as 'override'
SCRIPT    (W): @"GarbageSearch/Scripts/4_World/garbagescriptclass.c,253": FIX-ME: Overriding function 'Get_StaticReturnItem' but not marked as 'override'
SCRIPT    (W): @"GarbageSearch/Scripts/4_World/garbagescriptclass.c,260": FIX-ME: Overriding function 'Get_StaticReturnItem' but not marked as 'override'
SCRIPT    (W): @"GarbageSearch/Scripts/4_World/garbagescriptclass.c,267": FIX-ME: Overriding function 'Get_StaticReturnItem' but not marked as 'override'
SCRIPT    (W): @"GarbageSearch/Scripts/4_World/garbagescriptclass.c,274": FIX-ME: Overriding function 'Get_StaticReturnItem' but not marked as 'override'
SCRIPT    (W): @"GarbageSearch/Scripts/4_World/garbagescriptclass.c,281": FIX-ME: Overriding function 'Get_StaticReturnItem' but not marked as 'override'
SCRIPT    (W): @"GarbageSearch/Scripts/4_World/garbagescriptclass.c,310": FIX-ME: Overriding function 'Get_StaticReturnItem' but not marked as 'override'
SCRIPT    (W): @"GarbageSearch/Scripts/4_World/garbagescriptclass.c,317": FIX-ME: Overriding function 'Get_StaticReturnItem' but not marked as 'override'
SCRIPT    (W): @"BP_F100/scripts/ѝтщєкЭшц*т.p3d,144": FIX-ME: Overriding function 'FillCommandUIDPerCrewIdx' but not marked as 'override'
SCRIPT    (W): @"JunkYardDogV4/scripts/4_World/junkyardscriptclass.c,416": FIX-ME: Overriding function 'Get_StaticReturnItem' but not marked as 'override'
SCRIPT    (W): @"GarbageSearch/Scripts/4_World/garbagescriptclass.c,195": FIX-ME: Overriding function 'Get_StaticReturnItem' but not marked as 'override'
SCRIPT    (W): @"GarbageSearch/Scripts/4_World/garbagescriptclass.c,225": FIX-ME: Overriding function 'Get_StaticReturnItem' but not marked as 'override'
SCRIPT    (W): @"BP_Smot_O/scripts/4_world/entities/а*тюгћФУіяЦ.jpg,53": FIX-ME: Overriding function 'OnSwitchOn' but not marked as 'override'
SCRIPT    (W): @"BP_Smot_O/scripts/4_world/entities/а*тюгћФУіяЦ.jpg,62": FIX-ME: Overriding function 'OnSwitchOff' but not marked as 'override'
SCRIPT    (W): @"BP_Smot_O/scripts/4_world/entities/а*тюгћФУіяЦ.jpg,119": FIX-ME: Overriding function 'OnWork' but not marked as 'override'
SCRIPT    (W): @"BP_Smot_O/scripts/4_world/entities/а*тюгћФУіяЦ.jpg,261": FIX-ME: Overloaded method 'OnIgnitedTarget', argument name 'ignited_item' differs from prototype 'target_item'
SCRIPT    (W): @"BP_Smot_O/scripts/4_world/entities/ѕњпе*шЬ.jpg,4": FIX-ME: Overriding function 'OnWork' but not marked as 'override'
SCRIPT    (W): @"BP_Smot_O/scripts/4_world/entities/ѕњпе*шЬ.jpg,34": FIX-ME: Overriding function 'UpdateLight' but not marked as 'override'
SCRIPT    (W): @"BP2/scripts/4_world/entities/itembase/вЩЯ?ФесШЪ.wss,37": FIX-ME: Overriding function 'SetIntensity' but not marked as 'override'
SCRIPT    (W): @"GarbageSearch/Scripts/4_World/garbagescriptclass.c,56": FIX-ME: Overriding function 'Get_StaticReturnItem' but not marked as 'override'
SCRIPT    (W): @"BP_Shelf_O\scripts\4_world/entities\garden\bp_greenhouse.c,109": FIX-ME: Overriding function 'UpdateVisualState' but not marked as 'override'
SCRIPT    (W): @"GarbageSearch/Scripts/4_World/garbagescriptclass.c,86": FIX-ME: Overriding function 'Get_StaticReturnItem' but not marked as 'override'
SCRIPT    (W): @"JunkYardDogV4/scripts/4_World/junkyardscriptclass.c,494": FIX-ME: Overriding function 'Get_StaticReturnItem' but not marked as 'override'
SCRIPT    (W): @"JunkYardDogV4/scripts/4_World/junkyardscriptclass.c,501": FIX-ME: Overriding function 'Get_StaticReturnItem' but not marked as 'override'
SCRIPT    (W): @"JunkYardDogV4/scripts/4_World/junkyardscriptclass.c,487": FIX-ME: Overriding function 'Get_StaticReturnItem' but not marked as 'override'
SCRIPT    (W): @"BPGuns\scripts\4_world/entities\firearms\revolver\sw340.c,113": FIX-ME: Overriding function 'AssembleGun' but not marked as 'override'
SCRIPT    (W): @"JunkYardDogV4/scripts/4_World/actionsalvagewreck.c,32": FIX-ME: Overriding function 'GetText' but not marked as 'override'
SCRIPT    (W): @"BPGuns\scripts\4_world/entities\firearms\revolver\sw340.c,9": FIX-ME: Overriding function 'AssembleGun' but not marked as 'override'
SCRIPT    (W): @"GarbageSearch/Scripts/4_World/garbagescriptclass.c,188": FIX-ME: Overriding function 'Get_StaticReturnItem' but not marked as 'override'
SCRIPT    (W): @"BP_Shelf_O\scripts\4_world/entities\furniture\bp_sofa_gun_rack.c,68": FIX-ME: Overriding function 'UpdateVisualState' but not marked as 'override'
SCRIPT    (W): @"BP_Shelf_O\scripts\4_world/entities\lock\lockedbox_base.c,250": FIX-ME: Overriding function 'UpdateVisualState' but not marked as 'override'
SCRIPT    (W): @"CodeLock/scripts/4_world/gui\guestcodemenu.c,29": FIX-ME: Overriding function 'SendRPC' but not marked as 'override'
SCRIPT    (W): @"GoreZ/4_world/classes\bleedingsources\bleedingsource.c,56": FIX-ME: Overriding function 'GetBit' but not marked as 'override'
SCRIPT    (W): @"GoreZ/4_world/classes\bleedingsources\bleedingsource.c,157": FIX-ME: Overriding function 'DrawDebugShape' but not marked as 'override'
SCRIPT    (W): @"BP_Workbench/scripts/4_World/entities\itembase\bp_workbench.c,3": FIX-ME: Overriding function 'SetActions' but not marked as 'override'
SCRIPT    (W): @"BP_Workbench/scripts/4_World/entities\itembase\bp_workbench.c,56": FIX-ME: Overriding function 'SetActions' but not marked as 'override'
SCRIPT    (W): @"GarbageSearch/Scripts/4_World/garbagescriptclass.c,107": FIX-ME: Overriding function 'Get_StaticReturnItem' but not marked as 'override'
SCRIPT    (W): @"GarbageSearch/Scripts/4_World/garbagescriptclass.c,114": FIX-ME: Overriding function 'Get_StaticReturnItem' but not marked as 'override'
SCRIPT    (W): @"GarbageSearch/Scripts/4_World/garbagescriptclass.c,121": FIX-ME: Overriding function 'Get_StaticReturnItem' but not marked as 'override'
SCRIPT    (W): @"GarbageSearch/Scripts/4_World/garbagescriptclass.c,128": FIX-ME: Overriding function 'Get_StaticReturnItem' but not marked as 'override'
SCRIPT    (W): @"GarbageSearch/Scripts/4_World/garbagescriptclass.c,135": FIX-ME: Overriding function 'Get_StaticReturnItem' but not marked as 'override'
SCRIPT    (W): @"GarbageSearch/Scripts/4_World/garbagescriptclass.c,142": FIX-ME: Overriding function 'Get_StaticReturnItem' but not marked as 'override'
SCRIPT    (W): @"GarbageSearch/Scripts/4_World/garbagescriptclass.c,171": FIX-ME: Overriding function 'Get_StaticReturnItem' but not marked as 'override'
SCRIPT    (W): @"GarbageSearch/Scripts/4_World/garbagescriptclass.c,178": FIX-ME: Overriding function 'Get_StaticReturnItem' but not marked as 'override'
SCRIPT    (W): @"BP2/scripts/4_world/longbox/д?ѝѐ.p3d,3": FIX-ME: Overriding function 'UpdateVisualState' but not marked as 'override'
SCRIPT    (W): @"BP_Workbench/scripts/4_World/entities\itembase\bp_workbench_static.c,3": FIX-ME: Overriding function 'SetActions' but not marked as 'override'
SCRIPT    (W): @"utopia_patrol_helicopter_scripts/L4SbwPx4/ SuWu1KU /dntQGuBG/﻿﻿/L2ekv8u6/zZczjFyV/em9tiEfZ.x zUJN  ,166": FIX-ME: Overloading event 'EOnInit' is not allowed
SCRIPT    (W): @"CodeLock/scripts/4_world/gui\claimcodemenu.c,27": FIX-ME: Overriding function 'SendRPC' but not marked as 'override'
SCRIPT    (W): @"CBD_LootRoomsSystem/Scripts/4_World/enities\cbd_missionlaptop.c,142": FIX-ME: Overloaded method 'CanReleaseCargo', argument name 'attachment' differs from prototype 'cargo'
SCRIPT    (W): @"CodeLock/scripts/4_world/gui\entercodemenu.c,37": FIX-ME: Overriding function 'SendRPC' but not marked as 'override'
SCRIPT    (W): @"GarbageSearch/Scripts/4_World/garbagescriptclass.c,49": FIX-ME: Overriding function 'Get_StaticReturnItem' but not marked as 'override'
SCRIPT    (W): @"GarbageSearch/Scripts/4_World/garbagescriptclass.c,210": FIX-ME: Overriding function 'Get_StaticReturnItem' but not marked as 'override'
SCRIPT    (W): @"BPcamping_O\scripts\4_world/big_door\bp_big_door.c,190": FIX-ME: Overriding function 'CheckFenceClosed' but not marked as 'override'
SCRIPT    (W): @"BPcamping_O\scripts\4_world/big_door\bp_big_door.c,206": FIX-ME: Overriding function 'GateAttachmentsSanityCheck' but not marked as 'override'
SCRIPT    (W): @"BP_Workbench/scripts/4_World/craftmanager\hud\crafthud.c,312": FIX-ME: Overriding function 'OnMouseEnter' but not marked as 'override'
SCRIPT    (W): @"JunkYardDogV4/scripts/4_World/junkyardscriptclass.c,396": FIX-ME: Overriding function 'Get_StaticReturnItem' but not marked as 'override'
SCRIPT    (W): @"JunkYardDogV4/scripts/4_World/junkyardscriptclass.c,377": FIX-ME: Overriding function 'Get_StaticReturnItem' but not marked as 'override'
SCRIPT    (W): @"BP_Shelf_O\scripts\4_world/entities\furniture\bp_tresh_bac_kit.c,68": FIX-ME: Overriding function 'UpdateVisualState' but not marked as 'override'
SCRIPT    (W): @"GarbageSearch/Scripts/4_World/garbagescriptclass.c,164": FIX-ME: Overriding function 'Get_StaticReturnItem' but not marked as 'override'
SCRIPT    (W): @"JunkYardDogV4/scripts/4_World/junkyardscriptclass.c,744": FIX-ME: Overriding function 'IsHealthVisible' but not marked as 'override'
SCRIPT    (W): @"JunkYardDogV4/scripts/4_World/junkyardscriptclass.c,752": FIX-ME: Overriding function 'IsInventoryItem' but not marked as 'override'
SCRIPT    (W): @"JunkYardDogV4/scripts/4_World/junkyardscriptclass.c,762": FIX-ME: Overloaded method 'CanPutIntoHands', argument name 'player' differs from prototype 'parent'
SCRIPT    (W): @"BP_Shelf_O\scripts\4_world/entities\lock\lockedbox_base.c,153": FIX-ME: Overriding function 'UpdateVisualState' but not marked as 'override'
SCRIPT    (W): @"BP_Shelf_O\scripts\4_world/entities\lock\lockedbox_base.c,194": FIX-ME: Overriding function 'UpdateVisualState' but not marked as 'override'
SCRIPT    (W): @"JunkYardDogV4/scripts/4_World/junkyardscriptclass.c,528": FIX-ME: Overriding function 'Get_StaticReturnItem' but not marked as 'override'
SCRIPT    (W): @"JunkYardDogV4/scripts/4_World/junkyardscriptclass.c,683": FIX-ME: Overriding function 'IsHealthVisible' but not marked as 'override'
SCRIPT    (W): @"JunkYardDogV4/scripts/4_World/junkyardscriptclass.c,691": FIX-ME: Overriding function 'IsInventoryItem' but not marked as 'override'
SCRIPT    (W): @"JunkYardDogV4/scripts/4_World/junkyardscriptclass.c,701": FIX-ME: Overloaded method 'CanPutIntoHands', argument name 'player' differs from prototype 'parent'
SCRIPT    (W): @"GarbageSearch/Scripts/4_World/garbagescriptclass.c,202": FIX-ME: Overriding function 'Get_StaticReturnItem' but not marked as 'override'
SCRIPT    (W): @"BPGuns\scripts\4_world/entities\firearms\revolver\sw340.c,204": FIX-ME: Overriding function 'AssembleGun' but not marked as 'override'
SCRIPT    (W): @"areaofdecay/dz_yanova_scripts/Scripts/4_World/fireplacebase\y_cookingpot.c,207": FIX-ME: Overloaded method 'CanRemoveFromHands', argument name 'player' differs from prototype 'parent'
SCRIPT    (W): @"areaofdecay/dz_yanova_scripts/Scripts/4_World/fireplacebase\y_cookingpot.c,257": FIX-ME: Overloaded method 'OnIgnitedTarget', argument name 'ignited_item' differs from prototype 'target_item'
SCRIPT    (W): @"JunkYardDogV4/scripts/4_World/junkyardscriptclass.c,508": FIX-ME: Overriding function 'Get_StaticReturnItem' but not marked as 'override'
SCRIPT    (W): @"PVEZ/4_World/pvez_adminconsolegui.c,760": Possible variable name conflict 'selectedZone'
SCRIPT    (W): @"PVEZ/4_World/pvez_adminconsolegui.c,825": Possible variable name conflict 'selectedLawbreaker'
SCRIPT    (W): @"harksbloodplague/52dd pel/ 3gNP7Jlz/H5 ZtDem/﻿﻿﻿﻿/1ryCtG6A/e eAmJmt/X4cai9VJ.y iMKmui,60": FIX-ME: Overriding function 'OnInit' but not marked as 'override'
SCRIPT    (W): @"harksbloodplague/52dd pel/ 3gNP7Jlz/H5 ZtDem/﻿﻿﻿﻿/1ryCtG6A/e eAmJmt/X4cai9VJ.y iMKmui,339": FIX-ME: Overloaded method 'CanReleaseCargo', argument name 'attachment' differs from prototype 'cargo'
SCRIPT    (W): @"JunkYardDogV4/scripts/4_World/junkyardscriptclass.c,460": FIX-ME: Overriding function 'Get_StaticReturnItem' but not marked as 'override'
SCRIPT    (W): @"GarbageSearch/Scripts/4_World/garbagescriptclass.c,218": FIX-ME: Overriding function 'Get_StaticReturnItem' but not marked as 'override'
SCRIPT    (W): @"BPcamping_O\scripts\4_world/door\bp_doors.c,158": FIX-ME: Overriding function 'CheckFenceClosed' but not marked as 'override'
SCRIPT    (W): @"BPcamping_O\scripts\4_world/door\bp_doors.c,185": FIX-ME: Overriding function 'GateAttachmentsSanityCheck' but not marked as 'override'
SCRIPT    (W): @"BPcamping_O\scripts\4_world/door\bp_doors.c,197": FIX-ME: Overriding function 'GateAttachmentConditions' but not marked as 'override'
SCRIPT    (W): @"BP_Shelf_O\scripts\4_world/entities\windgenerator.c,27": FIX-ME: Overloaded method 'CanPutIntoHands', argument name 'player' differs from prototype 'parent'
SCRIPT    (W): @"GarbageSearch/Scripts/4_World/garbagescriptclass.c,289": FIX-ME: Overriding function 'Get_StaticReturnItem' but not marked as 'override'
SCRIPT    (W): @"GarbageSearch/Scripts/4_World/garbagescriptclass.c,150": FIX-ME: Overriding function 'Get_StaticReturnItem' but not marked as 'override'
SCRIPT    (W): @"BP_Shelf_O\scripts\4_world/entities\garden\bp_gardenbox_steel.c,62": FIX-ME: Overriding function 'RefreshSlots' but not marked as 'override'
SCRIPT    (W): @"BP_Shelf_O\scripts\4_world/entities\furniture\bp_water_collector.c,12": FIX-ME: Overriding function 'UpdateVisualState' but not marked as 'override'
SCRIPT    (W): @"BP_Shelf_O\scripts\4_world/entities\furniture\bp_sm_locker_kit.c,68": FIX-ME: Overriding function 'UpdateVisualState' but not marked as 'override'
SCRIPT    (W): @"CodeLock/scripts/4_world/gui\setcodemenu.c,31": FIX-ME: Overriding function 'CheckState' but not marked as 'override'
SCRIPT    (W): @"BP_Grenade_launchers_O/scripts/4_World/ь*њюЭ.rvmat,39": FIX-ME: Overriding function 'Delete' but not marked as 'override'
SCRIPT    (W): @"GarbageSearch/Scripts/4_World/garbagescriptclass.c,79": FIX-ME: Overriding function 'Get_StaticReturnItem' but not marked as 'override'
SCRIPT    (W): @"CBD_LootRoomsSystem/Scripts/4_World/enities\cbd_vehilceparts.c,6": FIX-ME: Method argument can't be strong reference
SCRIPT    (W): @"GarbageSearch/Scripts/4_World/garbagescriptclass.c,93": FIX-ME: Overriding function 'Get_StaticReturnItem' but not marked as 'override'
SCRIPT    (W): @"GarbageSearch/Scripts/4_World/garbagescriptclass.c,100": FIX-ME: Overriding function 'Get_StaticReturnItem' but not marked as 'override'
SCRIPT    (W): @"JunkYardDogV4/scripts/4_World/junkyardscriptclass.c,439": FIX-ME: Overriding function 'Get_StaticReturnItem' but not marked as 'override'
SCRIPT    (W): @"BP_Workbench/scripts/4_World/entities\itembase\bp_workbench_static.c,34": FIX-ME: Overriding function 'SetActions' but not marked as 'override'
SCRIPT    (W): @"GarbageSearch/Scripts/4_World/garbagescriptclass.c,296": FIX-ME: Overriding function 'Get_StaticReturnItem' but not marked as 'override'
SCRIPT    (W): @"BP_Shelf_O\scripts\4_world/entities\garden\garden.c,62": FIX-ME: Overriding function 'RefreshSlots' but not marked as 'override'
SCRIPT    (W): @"BP_Shelf_O\scripts\4_world/entities\woodstorage.c,15": FIX-ME: Overriding function 'SetPartsAfterStoreLoad' but not marked as 'override'
SCRIPT    (W): @"GarbageSearch/Scripts/4_World/garbagescriptclass.c,303": FIX-ME: Overriding function 'Get_StaticReturnItem' but not marked as 'override'
SCRIPT    (W): @"GarbageSearch/Scripts/4_World/garbagescriptclass.c,71": FIX-ME: Overriding function 'Get_StaticReturnItem' but not marked as 'override'
SCRIPT    (W): @"BP_Workbench/scripts/4_World/craftmanager\hud\oneitemforctaft.c,22": FIX-ME: Unsafe down-casting, use 'EntityAI.Cast' for safe down-casting
SCRIPT    (W): @"BP_Workbench/scripts/4_World/craftmanager\hud\crafthud.c,454": FIX-ME: Undefined function 'DayZGame.GetMousePos'
SCRIPT    (W): @"CBD_LootRoomsSystem/Scripts/4_World/modules\cbd_cfmodule.c,142": Possible variable name conflict 'settings'
SCRIPT    (W): @"CBD_LootRoomsSystem/Scripts/4_World/modules\cbd_cfmodule.c,397": Possible variable name conflict 'settings'
SCRIPT    (W): @"CBD_LootRoomsSystem/Scripts/4_World/modules\cbd_cfmodule.c,981": No need to use 'Cast' for up-casting
SCRIPT    (W): @"CodeLock/scripts/4_world/actions\continuous\actiondestroycodelockontent.c,73": Possible variable name conflict '_Health'
SCRIPT    (W): @"CodeLock/scripts/4_world/actions\continuous\actiondestroycodelockonfence.c,67": Possible variable name conflict '_Health'
SCRIPT    (W): @"GarbageSearch/Scripts/4_World/actionsearchgarbage.c,151": No need to use 'Cast' for up-casting
SCRIPT    (W): @"GarbageSearch/Scripts/4_World/actionsearchgarbage.c,157": No need to use 'Cast' for up-casting
SCRIPT    (W): @"GarbageSearch/Scripts/4_World/actionsearchgarbage.c,211": No need to use 'Cast' for up-casting
SCRIPT    (W): @"HelziMagazineLoading_SERVER/Scripts/4_World/classes\utils.c,103": FIX-ME: Unsafe down-casting, use 'Magazine.Cast' for safe down-casting
SCRIPT    (W): @"HelziMagazineLoading_SERVER/Scripts/4_World/classes\utils.c,162": FIX-ME: Unsafe down-casting, use 'Magazine.Cast' for safe down-casting
SCRIPT    (W): @"HelziMagazineLoading_SERVER/Scripts/4_World/classes\utils.c,221": FIX-ME: Unsafe down-casting, use 'Magazine.Cast' for safe down-casting
SCRIPT    (W): @"HelziMagazineLoading_SERVER/Scripts/4_World/classes\ammobox.c,286": FIX-ME: Unsafe down-casting, use 'Magazine.Cast' for safe down-casting
SCRIPT    (W): @"HelziMagazineLoading_SERVER/Scripts/4_World/classes\ammobox.c,317": FIX-ME: Unsafe down-casting, use 'Magazine.Cast' for safe down-casting
SCRIPT    (W): @"HelziMagazineLoading_SERVER/Scripts/4_World/classes\ammobox.c,348": FIX-ME: Unsafe down-casting, use 'Magazine.Cast' for safe down-casting
SCRIPT    (W): @"InediaInfectedAI/scripts/4_World/inediainfectedai\entities\creatures\infected\zombiebase.c,3251": Possible variable name conflict 'm_BloodParticle'
SCRIPT    (W): @"JunkYardDogV4/scripts/4_World/actionsalvagewreck.c,180": No need to use 'Cast' for up-casting
SCRIPT    (W): @"JunkYardDogV4/scripts/4_World/actionsalvagewreck.c,299": No need to use 'Cast' for up-casting
SCRIPT    (W): @"KTWorkbenchClient/scripts/4_World/pluginmanager\crafthandlerclient\craft\craftmethod.c,747": FIX-ME: Unsafe down-casting, use 'ItemBase.Cast' for safe down-casting
SCRIPT    (W): @"Weapons/Scripts/4_World/itembase\jmc_prototype_optic.c,76": FIX-ME: Unsafe down-casting, use 'PlayerBase.Cast' for safe down-casting
SCRIPT       : [HeliCrashNewConfig] config found, loading...
SCRIPT       : Registering faction type eAIFactionLunatics ID 1167351711
SCRIPT       : Registering faction type eAIFactionInfected ID 1371958374
SCRIPT    (W): @"KTWorkbenchClient/scripts/5_Mission/dayzone\gui\craft\resulttagshandler\resulttagshandler.c,24": Missing ';' at the end of line
SCRIPT    (W): @"KTWorkbenchClient/scripts/5_Mission/dayzone\gui\craft\queuepanel\queueitem.c,125": Missing ';' at the end of line
SCRIPT    (W): @"BP_Workbench/scripts/5_Mission/mission\missionserver.c,10": FIX-ME: Overriding function 'InvokeOnConnect' but not marked as 'override'
SCRIPT    (W): @"ZenUtilities/scripts/5_mission/missionserver.c,15": FIX-ME: Overriding function 'InvokeOnDisconnect' but not marked as 'override'
SCRIPT    (W): @"ammoPackingunpackingmod\Scripts\5_Mission/mg&msclass.c,51": FIX-ME: Method argument can't be strong reference
SCRIPT    (W): @"ammoPackingunpackingmod\Scripts\5_Mission/mg&msclass.c,51": FIX-ME: Method argument can't be strong reference
SCRIPT    (W): @"ammoPackingunpackingmod\Scripts\5_Mission/mg&msclass.c,51": FIX-ME: Method argument can't be strong reference
SCRIPT    (W): @"ammoPackingunpackingmod\Scripts\5_Mission/mg&msclass.c,59": FIX-ME: Method argument can't be strong reference
SCRIPT    (W): @"ammoPackingunpackingmod\Scripts\5_Mission/mg&msclass.c,59": FIX-ME: Method argument can't be strong reference
SCRIPT    (W): @"ammoPackingunpackingmod\Scripts\5_Mission/mg&msclass.c,59": FIX-ME: Method argument can't be strong reference
SCRIPT    (W): @"ammoPackingunpackingmod\Scripts\5_Mission/mg&msclass.c,67": FIX-ME: Method argument can't be strong reference
SCRIPT    (W): @"ammoPackingunpackingmod\Scripts\5_Mission/mg&msclass.c,67": FIX-ME: Method argument can't be strong reference
SCRIPT    (W): @"ammoPackingunpackingmod\Scripts\5_Mission/mg&msclass.c,67": FIX-ME: Method argument can't be strong reference
SCRIPT    (W): @"ammoPackingunpackingmod\Scripts\5_Mission/mg&msclass.c,16": FIX-ME: Method argument can't be strong reference
SCRIPT    (W): @"ammoPackingunpackingmod\Scripts\5_Mission/mg&msclass.c,16": FIX-ME: Method argument can't be strong reference
SCRIPT    (W): @"ammoPackingunpackingmod\Scripts\5_Mission/mg&msclass.c,16": FIX-ME: Method argument can't be strong reference
SCRIPT    (W): @"ammoPackingunpackingmod\Scripts\5_Mission/mg&msclass.c,22": FIX-ME: Method argument can't be strong reference
SCRIPT    (W): @"ammoPackingunpackingmod\Scripts\5_Mission/mg&msclass.c,22": FIX-ME: Method argument can't be strong reference
SCRIPT    (W): @"ammoPackingunpackingmod\Scripts\5_Mission/mg&msclass.c,22": FIX-ME: Method argument can't be strong reference
SCRIPT    (W): @"ammoPackingunpackingmod\Scripts\5_Mission/mg&msclass.c,28": FIX-ME: Method argument can't be strong reference
SCRIPT    (W): @"ammoPackingunpackingmod\Scripts\5_Mission/mg&msclass.c,28": FIX-ME: Method argument can't be strong reference
SCRIPT    (W): @"ammoPackingunpackingmod\Scripts\5_Mission/mg&msclass.c,28": FIX-ME: Method argument can't be strong reference
SCRIPT    (W): @"bl_crafting_ex\scripts\5_Mission/missiongameplay.c,15": FIX-ME: Method argument can't be strong reference
SCRIPT    (W): @"bl_crafting_ex\scripts\5_Mission/missiongameplay.c,15": FIX-ME: Method argument can't be strong reference
SCRIPT    (W): @"bl_crafting_ex\scripts\5_Mission/missiongameplay.c,15": FIX-ME: Method argument can't be strong reference
SCRIPT    (W): @"bl_crafting_ex\scripts\5_Mission/missionserver.c,14": FIX-ME: Method argument can't be strong reference
SCRIPT    (W): @"bl_crafting_ex\scripts\5_Mission/missionserver.c,14": FIX-ME: Method argument can't be strong reference
SCRIPT    (W): @"bl_crafting_ex\scripts\5_Mission/missionserver.c,14": FIX-ME: Method argument can't be strong reference
SCRIPT    (W): @"BP_Shelf_O/scripts/5_Mission/attachments.c,3": FIX-ME: Overriding function 'VerifyIconImageString' but not marked as 'override'
SCRIPT    (W): @"KTWorkbenchClient/scripts/5_Mission/dayzone\gui\components\layoutwrapper.c,101": FIX-ME: Unsafe down-casting, use 'Managed.Cast' for safe down-casting
SCRIPT    (W): @"KTWorkbenchClient/scripts/5_Mission/dayzone\gui\components\layoutwrapper.c,109": FIX-ME: Unsafe down-casting, use 'Managed.Cast' for safe down-casting
SCRIPT    (W): @"KTWorkbenchClient/scripts/5_Mission/dayzone\gui\components\layoutwrapper.c,117": FIX-ME: Unsafe down-casting, use 'Managed.Cast' for safe down-casting
SCRIPT    (W): @"KTWorkbenchClient/scripts/5_Mission/dayzone\gui\components\layoutwrapper.c,125": FIX-ME: Unsafe down-casting, use 'Managed.Cast' for safe down-casting
SCRIPT    (W): @"KTWorkbenchClient/scripts/5_Mission/dayzone\gui\components\layoutwrapper.c,133": FIX-ME: Unsafe down-casting, use 'Managed.Cast' for safe down-casting
SCRIPT    (W): @"KTWorkbenchClient/scripts/5_Mission/dayzone\gui\components\layoutwrapper.c,141": FIX-ME: Unsafe down-casting, use 'Managed.Cast' for safe down-casting
SCRIPT    (W): @"KTWorkbenchClient/scripts/5_Mission/dayzone\gui\components\layoutwrapper.c,149": FIX-ME: Unsafe down-casting, use 'Managed.Cast' for safe down-casting
SCRIPT    (W): @"KTWorkbenchClient/scripts/5_Mission/dayzone\gui\components\layoutwrapper.c,157": FIX-ME: Unsafe down-casting, use 'Managed.Cast' for safe down-casting
SCRIPT    (W): @"KTWorkbenchClient/scripts/5_Mission/dayzone\gui\components\layoutwrapper.c,165": FIX-ME: Unsafe down-casting, use 'Managed.Cast' for safe down-casting
SCRIPT    (W): @"KTWorkbenchClient/scripts/5_Mission/dayzone\gui\components\layoutwrapper.c,173": FIX-ME: Unsafe down-casting, use 'Managed.Cast' for safe down-casting
SCRIPT    (W): @"KTWorkbenchClient/scripts/5_Mission/dayzone\gui\components\layoutwrapper.c,181": FIX-ME: Unsafe down-casting, use 'Managed.Cast' for safe down-casting
SCRIPT    (W): @"KTWorkbenchClient/scripts/5_Mission/dayzone\gui\components\layoutwrapper.c,189": FIX-ME: Unsafe down-casting, use 'Managed.Cast' for safe down-casting
SCRIPT    (W): @"KTWorkbenchClient/scripts/5_Mission/dayzone\gui\components\layoutwrapper.c,197": FIX-ME: Unsafe down-casting, use 'Managed.Cast' for safe down-casting
SCRIPT    (W): @"KTWorkbenchClient/scripts/5_Mission/dayzone\gui\components\layoutwrapper.c,205": FIX-ME: Unsafe down-casting, use 'Managed.Cast' for safe down-casting
SCRIPT    (W): @"KTWorkbenchClient/scripts/5_Mission/dayzone\gui\components\layoutwrapper.c,213": FIX-ME: Unsafe down-casting, use 'Managed.Cast' for safe down-casting
SCRIPT    (W): @"KTWorkbenchClient/scripts/5_Mission/dayzone\gui\craft\resultscarousel\resultscarouselitem.c,50": FIX-ME: Unsafe down-casting, use 'ItemBase.Cast' for safe down-casting
SCRIPT    (W): @"KTWorkbenchClient/scripts/5_Mission/dayzone\gui\craft\recipecontentpanel\ingredientspanel\ingredientitem.c,192": Possible variable name conflict 'pseudoClass'
SCRIPT    (W): @"KTWorkbenchClient/scripts/5_Mission/dayzone\gui\craft\recipecontentpanel\recipecontentpanel.c,109": FIX-ME: Unsafe down-casting, use 'ItemBase.Cast' for safe down-casting
SCRIPT    (W): @"KTWorkbenchClient/scripts/5_Mission/dayzone\gui\craft\recipecontentpanel\recipecontentpanel.c,185": FIX-ME: Unsafe down-casting, use 'EntityAI.Cast' for safe down-casting
SCRIPT    (W): @"KTWorkbenchClient/scripts/5_Mission/dayzone\gui\craft\recipecontentpanel\recipecontentpanel.c,299": FIX-ME: Unsafe down-casting, use 'ItemBase.Cast' for safe down-casting
SCRIPT    (W): @"KTWorkbenchClient/scripts/5_Mission/dayzone\gui\craft\tooltip\ingredientpreview.c,103": FIX-ME: Unsafe down-casting, use 'ItemBase.Cast' for safe down-casting
SCRIPT    (W): @"KTWorkbenchClient/scripts/5_Mission/dayzone\gui\craft\tooltip\ingredientpseudoitempreview.c,42": FIX-ME: Unsafe down-casting, use 'ItemBase.Cast' for safe down-casting
SCRIPT    (W): @"SearchInventory/Scripts/5_Mission/uihelper\ui\uisearchinventorywindow.c,338": FIX-ME: Undefined function 'DayZGame.GetMousePos'
SCRIPT       : 11:32:12.730 [EXPANSION DEBUG]: [ExpansionDebugSettings] Load existing setting file:$profile:ExpansionMod\Settings\DebugSettings.json
SCRIPT       : 11:32:12.730 [EXPANSION DEBUG]: [ExpansionLogSettings] Load existing setting file:$profile:ExpansionMod\Settings\LogsSettings.json
SCRIPT       : 11:32:12.742 [EXPANSION DEBUG]: [ExpansionNotificationSettings] Load existing setting file:$profile:ExpansionMod\Settings\NotificationSettings.json
SCRIPT       : 11:32:12.754 [EXPANSION DEBUG]: [ExpansionMonitoringSettings] Load existing setting file:$profile:ExpansionMod\Settings\MonitoringSettings.json
SCRIPT       : 11:32:12.754 [EXPANSION DEBUG]: [ExpansionDamageSystemSettings] Load existing setting file:$profile:ExpansionMod\Settings\DamageSystemSettings.json
SCRIPT       : 11:32:12.754 [EXPANSION DEBUG]: [ExpansionMarketSettings] Load existing setting file:$mission:expansion\settings\MarketSettings.json
SCRIPT       : ExpansionMarketSettings::LoadCategories - Adding category ID 1 (Ammo)
SCRIPT       : ExpansionMarketSettings::LoadCategories - Adding category ID 2 (Ammo_Boxes)
SCRIPT       : ExpansionMarketSettings::LoadCategories - Adding category ID 3 (Armbands)
SCRIPT       : ExpansionMarketSettings::LoadCategories - Adding category ID 4 (Assault_Rifles)
SCRIPT       : ExpansionMarketSettings::LoadCategories - Adding category ID 5 (Backpacks)
SCRIPT       : ExpansionMarketSettings::LoadCategories - Adding category ID 6 (Bandanas)
SCRIPT       : ExpansionMarketSettings::LoadCategories - Adding category ID 7 (Batteries)
SCRIPT       : ExpansionMarketSettings::LoadCategories - Adding category ID 8 (Bayonets)
SCRIPT       : ExpansionMarketSettings::LoadCategories - Adding category ID 9 (Belts)
SCRIPT       : ExpansionMarketSettings::LoadCategories - Adding category ID 10 (Blouses_And_Suits)
SCRIPT       : ExpansionMarketSettings::LoadCategories - Adding category ID 11 (Boots_And_Shoes)
SCRIPT       : ExpansionMarketSettings::LoadCategories - Adding category ID 12 (Buttstocks)
SCRIPT       : ExpansionMarketSettings::LoadCategories - Adding category ID 13 (Caps)
SCRIPT       : ExpansionMarketSettings::LoadCategories - Adding category ID 14 (Cars)
SCRIPT       : ExpansionMarketSettings::LoadCategories - Adding category ID 15 (Coats_And_Jackets)
SCRIPT       : ExpansionMarketSettings::LoadCategories - Adding category ID 16 (Containers)
SCRIPT       : ExpansionMarketSettings::LoadCategories - Adding category ID 17 (Crossbows)
SCRIPT       : ExpansionMarketSettings::LoadCategories - Adding category ID 18 (Drinks)
SCRIPT       : ExpansionMarketSettings::LoadCategories - Adding category ID 19 (Electronics)
SCRIPT       : ExpansionMarketSettings::LoadCategories - Adding category ID 20 (Event)
SCRIPT       : ExpansionMarketSettings::LoadCategories - Adding category ID 21 (Exchange)
SCRIPT       : ExpansionMarketSettings::LoadCategories - Adding category ID 22 (Explosives_And_Grenades)
SCRIPT       : ExpansionMarketSettings::LoadCategories - Adding category ID 23 (Eyewear)
SCRIPT       : ExpansionMarketSettings::LoadCategories - Adding category ID 24 (Fish)
SCRIPT       : ExpansionMarketSettings::LoadCategories - Adding category ID 25 (Fishing)
SCRIPT       : ExpansionMarketSettings::LoadCategories - Adding category ID 26 (Flags)
SCRIPT       : ExpansionMarketSettings::LoadCategories - Adding category ID 27 (Food)
SCRIPT       : ExpansionMarketSettings::LoadCategories - Adding category ID 28 (Fruit_And_Vegetables)
SCRIPT       : ExpansionMarketSettings::LoadCategories - Adding category ID 29 (Furnishings)
SCRIPT       : ExpansionMarketSettings::LoadCategories - Adding category ID 30 (Gardening)
SCRIPT       : ExpansionMarketSettings::LoadCategories - Adding category ID 31 (Ghillies)
SCRIPT       : ExpansionMarketSettings::LoadCategories - Adding category ID 32 (Gloves)
SCRIPT       : ExpansionMarketSettings::LoadCategories - Adding category ID 33 (Handguards)
SCRIPT       : ExpansionMarketSettings::LoadCategories - Adding category ID 34 (Hats_And_Hoods)
SCRIPT       : ExpansionMarketSettings::LoadCategories - Adding category ID 35 (Helmets)
SCRIPT       : ExpansionMarketSettings::LoadCategories - Adding category ID 36 (Holsters_And_Pouches)
SCRIPT       : ExpansionMarketSettings::LoadCategories - Adding category ID 37 (Kits)
SCRIPT       : ExpansionMarketSettings::LoadCategories - Adding category ID 38 (Knifes)
SCRIPT       : ExpansionMarketSettings::LoadCategories - Adding category ID 39 (Lights)
SCRIPT       : ExpansionMarketSettings::LoadCategories - Adding category ID 40 (Liquids)
SCRIPT       : ExpansionMarketSettings::LoadCategories - Adding category ID 41 (Locks)
SCRIPT       : ExpansionMarketSettings::LoadCategories - Adding category ID 42 (Magazines)
SCRIPT       : ExpansionMarketSettings::LoadCategories - Adding category ID 43 (Masks)
SCRIPT       : ExpansionMarketSettings::LoadCategories - Adding category ID 44 (Meat)
SCRIPT       : ExpansionMarketSettings::LoadCategories - Adding category ID 45 (Medical)
SCRIPT       : ExpansionMarketSettings::LoadCategories - Adding category ID 46 (Melee_Weapons)
SCRIPT       : ExpansionMarketSettings::LoadCategories - Adding category ID 47 (Muzzles)
SCRIPT       : ExpansionMarketSettings::LoadCategories - Adding category ID 48 (Navigation)
SCRIPT       : ExpansionMarketSettings::LoadCategories - Adding category ID 49 (Optics)
SCRIPT       : ExpansionMarketSettings::LoadCategories - Adding category ID 50 (Pants_And_Shorts)
SCRIPT       : ExpansionMarketSettings::LoadCategories - Adding category ID 51 (Pistols)
SCRIPT       : ExpansionMarketSettings::LoadCategories - Adding category ID 52 (Rifles)
SCRIPT       : ExpansionMarketSettings::LoadCategories - Adding category ID 53 (Shirts_And_TShirts)
SCRIPT       : ExpansionMarketSettings::LoadCategories - Adding category ID 54 (Shotguns)
SCRIPT       : ExpansionMarketSettings::LoadCategories - Adding category ID 55 (Skirts_And_Dresses)
SCRIPT       : ExpansionMarketSettings::LoadCategories - Adding category ID 56 (Sniper_Rifles)
SCRIPT       : ExpansionMarketSettings::LoadCategories - Adding category ID 57 (Submachine_Guns)
SCRIPT       : ExpansionMarketSettings::LoadCategories - Adding category ID 58 (Supplies)
SCRIPT       : ExpansionMarketSettings::LoadCategories - Adding category ID 59 (Sweaters_And_Hoodies)
SCRIPT       : ExpansionMarketSettings::LoadCategories - Adding category ID 60 (Tents)
SCRIPT       : ExpansionMarketSettings::LoadCategories - Adding category ID 61 (Tools)
SCRIPT       : ExpansionMarketSettings::LoadCategories - Adding category ID 62 (Vehicle_Parts)
SCRIPT       : ExpansionMarketSettings::LoadCategories - Adding category ID 63 (Vests)
SCRIPT       : MARKET CONFIGURATION ERROR: Can't add nvgoggles to trader Components - item does not exist in market
Use https://github.com/lava76/check_expansion_market_variants/releases to fix
SCRIPT       : TRADER CONFIGURATION ERROR: Category Launchers in Weapons does not exist!
SCRIPT       : 11:32:13.340 [EXPANSION DEBUG]: ExpansionAILocationSettings<6b093db0> Load existing setting file:$mission:expansion\settings\AILocationSettings.json
SCRIPT       : 11:32:13.350 [EXPANSION DEBUG]: [ExpansionAISettings] Load existing setting file:$profile:ExpansionMod\Settings\AISettings.json
SCRIPT       : 11:32:13.353 [EXPANSION DEBUG]: [ExpansionAIPatrolSettings] Load existing setting file:$mission:expansion\settings\AIPatrolSettings.json
SCRIPT       : [HelziMagazineLoading | CLIENT MOD] - Version client mod: 1.26 (Stable)...
SCRIPT       : [HelziMagazineLoading | CLIENT MOD] - The client started looking for the server part of the mod!
SCRIPT       : [HelziMagazineLoading | SERVER MOD] - Version server mod: 1.26 (Stable)...
SCRIPT       : [HelziMagazineLoading | SERVER MOD] - The client part has been found, the mod is in stable operation!
SCRIPT       : Vanilla++ AdminTools Plugins Registering..
SCRIPT       : [TERJE CORE](INFO): Loaded 12 settings from the Core.cfg
SCRIPT       : [TERJE CORE](INFO): Loaded 290 settings from the Medicine.cfg
SCRIPT       : [TERJE CORE](INFO): Loaded 185 settings from the Skills.cfg
SCRIPT       : [TERJE CORE](INFO): Loaded 53 settings from the StartScreen.cfg
SCRIPT       : [TERJE CORE](INFO): Registered 14 custom recipes.
SCRIPT       : [WebHooksManager] Loading Saved Webhooks configuration
SCRIPT       : Spawning Building [Land_Misc_FireBarrel_Yellow-540057617]
SCRIPT       : Expansion version: 1.9.38
SCRIPT       : [#CBD_LootSystem] Has Loaded successfully!
SCRIPT       : [DefineTest] EXPANSIONMODAI is defined
SCRIPT       : [DefineTest] EXPANSIONMODCORE is defined
SCRIPT       : [DefineTest] EXPANSIONMODMARKET is defined
SCRIPT       : [DefineTest] EXPANSIONMODP2PMARKET is defined
SCRIPT       : [DefineTest] CfgMods:
SCRIPT       : defaultAction
SCRIPT       : DayZ
SCRIPT       : AM_Define
SCRIPT       : DZ_Expansion_AI_Preload
SCRIPT       : DZ_Expansion_Core_Preload
SCRIPT       : DZ_Expansion_Market_Preload
SCRIPT       : DZ_Expansion_ModStorage_Preload
SCRIPT       : DZ_Expansion_P2PMarket_Preload
SCRIPT       : AimSounds
SCRIPT       : ExtraFarmingItems
SCRIPT       : dry_gully_structures_fireplace
SCRIPT       : dz_yanova_scripts
SCRIPT       : SobrMods_Barrel_Fix
SCRIPT       : bl_crafting
SCRIPT       : BLR_Carlock
SCRIPT       : BP_Mine_Land
SCRIPT       : BP_Smot_O
SCRIPT       : BP_Workbench
SCRIPT       : BPcamping_O
SCRIPT       : BPGuns
SCRIPT       : CBD_LootRoomsSystem
SCRIPT       : CodeLock
SCRIPT       : DabsFramework
SCRIPT       : DZ_Expansion_DefineTest
SCRIPT       : NoBuildZones
SCRIPT       : sakhal
SCRIPT       : EarPlugs
SCRIPT       : FireplaceIndoor
SCRIPT       : Flag80MeterRadius
SCRIPT       : GarbageSearch
SCRIPT       : GoreZ
SCRIPT       : Gos_nomer_Rusforma
SCRIPT       : HarksBloodPlague
SCRIPT       : HelziMagazineLoading_CLIENT
SCRIPT       : HelziMagazineLoading_SERVER
SCRIPT       : InediaInfectedAI
SCRIPT       : InventoryInCar
SCRIPT       : DZ_InventoryMoveSounds
SCRIPT       : JM_CommunityFramework
SCRIPT       : JunkYardDogV4
SCRIPT       : KTWorkbenchClient
SCRIPT       : PvZmoD_Spawn_System
SCRIPT       : LoftDmodGR_scripts
SCRIPT       : MountsAndSights
SCRIPT       : PVEZ
SCRIPT       : RaG_Immersive_Wells
SCRIPT       : RealisticDisplayQuantity
SCRIPT       : RiriteoPlants
SCRIPT       : SagaTreeShake
SCRIPT       : SIN_SearchInventory
SCRIPT       : ServerConfig_GS
SCRIPT       : ServerConfig_JD
SCRIPT       : STAG_Industries
SCRIPT       : StaminaRevised
SCRIPT       : Z_CfgMods_SuppPlus_O
SCRIPT       : Survivalists_Weapons_JMC
SCRIPT       : TerjeCore
SCRIPT       : TerjeMedicine
SCRIPT       : TerjePartyMod
SCRIPT       : TerjeSkills
SCRIPT       : TerjeSleepingBag
SCRIPT       : TerjeStartScreen
SCRIPT       : TWOC_CombineItems
SCRIPT       : Utopia_Patrol_Helicopter_Scripts
SCRIPT       : Z_CfgMods_VanillaDoubleMag_O
SCRIPT       : AVPPAdminTools
SCRIPT       : DeerIsle_Weapons
SCRIPT       : WindstrideClothing
SCRIPT       : ZenTerritories
SCRIPT       : ZenUtilities
SCRIPT       : AlteriaScripts
SCRIPT       : ND_ammoMaking
SCRIPT       : BP2_Mods
SCRIPT       : BPChees
SCRIPT       : BPprops
SCRIPT       : DZ_Expansion_ModStorage
SCRIPT       : FOG_MOD
SCRIPT       : InediaTerjeCompatibility
SCRIPT       : rag_immersive_vehicles
SCRIPT       : rag_baseitems
SCRIPT       : SimpleLootChests
SCRIPT       : STAG_Clothing_6sh118
SCRIPT       : STAG_Clothing_ArmyBack
SCRIPT       : TerjeCompatibilityVPP
SCRIPT       : BP_Uaz
SCRIPT       : Uaz_soba
SCRIPT       : Utopia_Patrol_Helicopter_Public
SCRIPT       : A3_UI_F
SCRIPT       : artillery_tractor
SCRIPT       : AZLK_2141RF
SCRIPT       : azlk_400
SCRIPT       : BP_F100
SCRIPT       : BP_Uaz452
SCRIPT       : BPMelee
SCRIPT       : BRDM2_RF
SCRIPT       : BTR_80
SCRIPT       : DZ_Expansion_Core
SCRIPT       : DZ_Expansion_Market
SCRIPT       : DZ_Expansion_NotificationScheduler
SCRIPT       : DZ_Expansion_P2PMarket
SCRIPT       : DZ_Expansion_VanillaFixes
SCRIPT       : dodge_power_wagonrus
SCRIPT       : F1_Pickup
SCRIPT       : FC_Fish_Equip
SCRIPT       : GAZ21_Volga
SCRIPT       : GAZ_12
SCRIPT       : GAZ_13_Chaika
SCRIPT       : Gaz_233002_Tiger
SCRIPT       : GAZ_3110_volga
SCRIPT       : GAZ_33081
SCRIPT       : gaz_51
SCRIPT       : Gaz_53RF
SCRIPT       : GAZ_66
SCRIPT       : GAZ_69_rus
SCRIPT       : GAZ_M20
SCRIPT       : IJ_2125_Kombi
SCRIPT       : ij_2715_RF
SCRIPT       : kamaz_4310RUS
SCRIPT       : KAVZ685_RF
SCRIPT       : kraz_255B
SCRIPT       : KubanG1
SCRIPT       : Niva2329
SCRIPT       : LIAZ_677RF
SCRIPT       : LoftDmodGR_Core
SCRIPT       : LoftdmodGR_Gear
SCRIPT       : LoftDmodGR_Military
SCRIPT       : LoftdmodGR_weapons
SCRIPT       : LUAZ_969
SCRIPT       : moskvich_407
SCRIPT       : MTLB_RF
SCRIPT       : Nomadbackpack_v3
SCRIPT       : PAZ_672
SCRIPT       : terjearmorfog
SCRIPT       : RaG_BaseBuilding
SCRIPT       : tractor_UMZ_RUS
SCRIPT       : UAZ_27722_mchs
SCRIPT       : UAZ_31519_Police
SCRIPT       : UAZ_3163
SCRIPT       : UAZ_3172
SCRIPT       : UAZ_33094
SCRIPT       : UAZ_3962
SCRIPT       : UAZ_469_army
SCRIPT       : UAZ_469_Hunter
SCRIPT       : UAZ_469_milicia
SCRIPT       : UAZ_Patrot_Pikap
SCRIPT       : URAL_375_1964
SCRIPT       : VAZ_2104RF
SCRIPT       : VAZ_2105_RUS
SCRIPT       : vaz_2106_RF
SCRIPT       : VAZ_2107RF
SCRIPT       : VAZ_21099R
SCRIPT       : VAZ_2109_RF
SCRIPT       : VBL
SCRIPT       : Volkswagen_Golf_RUS
SCRIPT       : ZAZ_965
SCRIPT       : ZAZ_968
SCRIPT       : ZAZ_968M
SCRIPT       : zHorde
SCRIPT       : ZIL133_double
SCRIPT       : ZIL_130
SCRIPT       : ZIL_130_ac40
SCRIPT       : ZIL_131
SCRIPT       : ZIL_157_rus
SCRIPT       : IJ_2140_SL
SCRIPT       : bl_camp
SCRIPT       : BP_Grenade_launchers
SCRIPT       : BP_Grenade_launchers_O
SCRIPT       : BP_Shelf_Mods
SCRIPT       : BP_Shelf_O
SCRIPT       : BP_Smot
SCRIPT       : BPcamping
SCRIPT       : BP_Food_Mods
SCRIPT       : BPZombie_Mods
SCRIPT       : CookZ
SCRIPT       : DZ_Expansion_AI
SCRIPT       : DayZ_Expansion_AI_Dynamic
SCRIPT       : KB_Workbench
SCRIPT       : LoftD_old_size
SCRIPT       : LoftDmodGR
SCRIPT       : LoftdmodGR_Bijouterie
SCRIPT       : LoftDmodGR_Civilian
SCRIPT       : AIWarZones
SCRIPT       : BP1_Mods
SCRIPT       : BP3
SCRIPT       : PVEZ :: Will use config files in profiles
SCRIPT       : [CookZ] Successfully loaded configuration.
SCRIPT       : [Server_Config_GarbageSearch]- 	Checking For Config Files
SCRIPT       : [Server_Config_GarbageSearch]- 	Found Config Files!
SCRIPT       : [Server_Config_JunkYardDog]- 	Checking For Config Files
SCRIPT       : [Server_Config_JunkYardDog]- 	Found Config Files!
SCRIPT       : [SagaTreeShake] Loaded settings (version 4)
SCRIPT       : [SagaTreeShake] MissionServer.OnInit ensured settings are loaded
SCRIPT       : [MissionServer] OnInit - Server
SCRIPT       : [INFO] Config loaded successfully.
SCRIPT       : [INFO] HordeManager initialized.
SCRIPT       : [BLCraftables] OnInit
SCRIPT       : [BLCraftables] --- Loading Config.
SCRIPT       : [AYSA] [AI WAR ZONES] 
SCRIPT       : [AYSA] ----- Loading cfg -----
SCRIPT       : [AYSA] [AI WAR ZONES] --> config loaded, zone count: 8
SCRIPT       : [AYSA] [AI WAR ZONES] --> Zone[0]: The Raid near Old Castle
SCRIPT       : [AYSA] [AI WAR ZONES] --> Zone[1]: Quarry Conundrum
SCRIPT       : [AYSA] [AI WAR ZONES] --> Zone[2]: Cassandra City Hall
SCRIPT       : [AYSA] [AI WAR ZONES] --> Zone[3]: Raid on Old Castle
SCRIPT       : [AYSA] [AI WAR ZONES] --> Zone[4]: South Harbour - Milvan Mayhem
SCRIPT       : [AYSA] [AI WAR ZONES] --> Zone[5]: Ruin-Town Rumble
SCRIPT       : [AYSA] [AI WAR ZONES] --> Zone[6]: Kefka Kalamity
SCRIPT       : [AYSA] [AI WAR ZONES] --> Zone[7]: The Fight For Control - Airfield
SCRIPT       : Harks Blood Plague Mod Loaded....
SCRIPT       : 11:33:58.577 [EXPANSION DEBUG]: LoadMissionTradersFile trader ExpansionTraderGuo<6b71e080> fileName Consumables
SCRIPT       : 11:33:58.577 [EXPANSION DEBUG]: ExpansionTraderGuo<6b71e080>::SetTraderObject ExpansionTraderObjectBase<71ec2270> <2266.186768, 94.534958, 6326.870117>
SCRIPT       : 11:33:58.702 [EXPANSION DEBUG]: LoadMissionTradersFile trader ExpansionTraderFrancis<6b518050> fileName Fishing
SCRIPT       : 11:33:58.702 [EXPANSION DEBUG]: ExpansionTraderFrancis<6b518050>::SetTraderObject ExpansionTraderObjectBase<722ead90> <2274.841064, 94.534966, 6325.490234>
SCRIPT       : 11:33:58.805 [EXPANSION DEBUG]: LoadMissionTradersFile trader ExpansionTraderIndar<723f7020> fileName Components
SCRIPT       : 11:33:58.806 [EXPANSION DEBUG]: ExpansionTraderIndar<723f7020>::SetTraderObject ExpansionTraderObjectBase<72496710> <2276.158447, 94.535011, 6327.597168>
SCRIPT       : 11:33:59.552 [EXPANSION DEBUG]: LoadMissionTradersFile trader ExpansionTraderOliver<72739020> fileName Weapons
SCRIPT       : 11:33:59.553 [EXPANSION DEBUG]: ExpansionTraderOliver<72739020>::SetTraderObject ExpansionTraderObjectBase<7247e830> <6948.391602, 63.131378, 822.539734>
SCRIPT       : 11:33:59.649 [EXPANSION DEBUG]: LoadMissionTradersFile trader ExpansionTraderManua<7572d020> fileName Vehicles
SCRIPT       : 11:33:59.649 [EXPANSION DEBUG]: ExpansionTraderManua<7572d020>::SetTraderObject ExpansionTraderObjectBase<7249ec30> <6948.254395, 63.142570, 825.808777>
SCRIPT       : [MissionServer] OnMissionStart - Server
SCRIPT       : string dirtyName = '[AU]HardcoreHorizons|Alteria|PVE|AI|Terje|Inedia|HardcoreSurvival'
SCRIPT       : [ZenTerritories] Loading Config
SCRIPT       : [Pot::OnQuantityChanged] :: [INFO] :: Undefined liquid type quantity changed, please define liquid type first! Using init value.
SCRIPT       : [Pot::OnQuantityChanged] :: [INFO] :: Undefined liquid type quantity changed, please define liquid type first! Using init value.
SCRIPT       : [Pot::OnQuantityChanged] :: [INFO] :: Undefined liquid type quantity changed, please define liquid type first! Using init value.
SCRIPT       : [Pot::OnQuantityChanged] :: [INFO] :: Undefined liquid type quantity changed, please define liquid type first! Using init value.
SCRIPT       : [Pot::OnQuantityChanged] :: [INFO] :: Undefined liquid type quantity changed, please define liquid type first! Using init value.
SCRIPT    (E): NULL pointer to instance
Class:      'PlagueHeart'
Entity id:1256684

Function: 'EEHealthLevelChanged'
Stack trace:
harksbloodplague/52dd pel/ 3gNP7Jlz/H5 ZtDem/﻿﻿﻿﻿/1ryCtG6A/e eAmJmt/X4cai9VJ.y iMKmui:172 Function EEHealthLevelChanged
$CurrentDir:mpmissions\empty.alteria\init.c:6 Function main
SCRIPT    (E): NULL pointer to instance
Class:      'PlagueHeart'
Entity id:1256722

Function: 'EEHealthLevelChanged'
Stack trace:
harksbloodplague/52dd pel/ 3gNP7Jlz/H5 ZtDem/﻿﻿﻿﻿/1ryCtG6A/e eAmJmt/X4cai9VJ.y iMKmui:172 Function EEHealthLevelChanged
$CurrentDir:mpmissions\empty.alteria\init.c:6 Function main
SCRIPT    (E): NULL pointer to instance
Class:      'PlagueHeart'
Entity id:1256741

Function: 'EEHealthLevelChanged'
Stack trace:
harksbloodplague/52dd pel/ 3gNP7Jlz/H5 ZtDem/﻿﻿﻿﻿/1ryCtG6A/e eAmJmt/X4cai9VJ.y iMKmui:172 Function EEHealthLevelChanged
$CurrentDir:mpmissions\empty.alteria\init.c:6 Function main
SCRIPT    (E): NULL pointer to instance
Class:      'PlagueHeart'
Entity id:1256749

Function: 'EEHealthLevelChanged'
Stack trace:
harksbloodplague/52dd pel/ 3gNP7Jlz/H5 ZtDem/﻿﻿﻿﻿/1ryCtG6A/e eAmJmt/X4cai9VJ.y iMKmui:159 Function EEHealthLevelChanged
$CurrentDir:mpmissions\empty.alteria\init.c:6 Function main
SCRIPT    (E): NULL pointer to instance
Class:      'PlagueHeart'
Entity id:1256760

Function: 'EEHealthLevelChanged'
Stack trace:
harksbloodplague/52dd pel/ 3gNP7Jlz/H5 ZtDem/﻿﻿﻿﻿/1ryCtG6A/e eAmJmt/X4cai9VJ.y iMKmui:159 Function EEHealthLevelChanged
$CurrentDir:mpmissions\empty.alteria\init.c:6 Function main
SCRIPT       : [BLR_Carlock] ActionConstructor.RegisterActions - inserted Lock/Unlock/Admin/Claim (SERVER)
SCRIPT       : [SagaTreeShake] ActionShakeAppleTree registered and settings ensured
SCRIPT       : 11:35:06.267 [EXPANSION DEBUG]: ExpansionP2PTraderAIIrena<12178310>::SetP2PTraderID - ID: 1
SCRIPT       : Found 0 zones!
SCRIPT       : ExpansionMarketItem marketItem = ExpansionMarketItem<7010a370>
SCRIPT       : int worth =   1
SCRIPT       : [ZenTerritories] OnInit
SCRIPT       : [JunkYardDog] -- Adding Salvage Point to <Land_Wreck_Uaz<81b4db70>> at Pos <<1814.896729, 47.846394, 1855.345825>>
SCRIPT       : [JunkYardDog] -- Adding Fuel Point to <Land_Wreck_Uaz<81b4db70>> at Pos <<1814.896729, 47.846394, 1855.345825>>
SCRIPT       : [JunkYardDog] -- Adding Salvage Point to <Static_Wreck_HMMWV<8108c860>> at Pos <<1697.339966, 88.297104, 2611.963379>>
SCRIPT       : [JunkYardDog] -- Adding Fuel Point to <Static_Wreck_HMMWV<8108c860>> at Pos <<1697.339966, 88.297104, 2611.963379>>
SCRIPT       : [JunkYardDog] -- Adding Salvage Point to <Land_Wreck_V3S<81b51ae0>> at Pos <<1760.091797, 15.003111, 5044.011230>>
SCRIPT       : [JunkYardDog] -- Adding Fuel Point to <Land_Wreck_V3S<81b51ae0>> at Pos <<1760.091797, 15.003111, 5044.011230>>
SCRIPT       : [JunkYardDog] -- Adding Salvage Point to <Land_Wreck_V3S<81b4ed90>> at Pos <<3160.910889, 7.198166, 4496.506348>>
SCRIPT       : [JunkYardDog] -- Adding Fuel Point to <Land_Wreck_V3S<81b4ed90>> at Pos <<3160.910889, 7.198166, 4496.506348>>
SCRIPT       : [JunkYardDog] -- Adding Salvage Point to <Land_Wreck_hb02_aban1_black<81b4ae20>> at Pos <<6883.059570, 15.321736, 6087.863770>>
SCRIPT       : [JunkYardDog] -- Adding Fuel Point to <Land_Wreck_hb02_aban1_black<81b4ae20>> at Pos <<6883.059570, 15.321736, 6087.863770>>
SCRIPT       : [JunkYardDog] -- Adding Salvage Point to <Land_Wreck_Uaz<81b587a0>> at Pos <<6896.333496, 15.399146, 6088.336914>>
SCRIPT       : [JunkYardDog] -- Adding Fuel Point to <Land_Wreck_Uaz<81b587a0>> at Pos <<6896.333496, 15.399146, 6088.336914>>
SCRIPT       : [JunkYardDog] -- Adding Salvage Point to <Land_Wreck_sed01_aban2_wine<81b56c70>> at Pos <<7011.321777, 16.946186, 6075.348633>>
SCRIPT       : [JunkYardDog] -- Adding Fuel Point to <Land_Wreck_sed01_aban2_wine<81b56c70>> at Pos <<7011.321777, 16.946186, 6075.348633>>
SCRIPT       : [JunkYardDog] -- Adding Salvage Point to <Static_Wreck_Ural<81099630>> at Pos <<7113.122070, 19.225021, 6048.750488>>
SCRIPT       : [JunkYardDog] -- Adding Fuel Point to <Static_Wreck_Ural<81099630>> at Pos <<7113.122070, 19.225021, 6048.750488>>
SCRIPT       : [JunkYardDog] -- Adding Salvage Point to <Land_Wreck_hb02_aban2_red<c5f4cf50>> at Pos <<1976.034668, 6.554251, 7844.901855>>
SCRIPT       : [JunkYardDog] -- Adding Fuel Point to <Land_Wreck_hb02_aban2_red<c5f4cf50>> at Pos <<1976.034668, 6.554251, 7844.901855>>
SCRIPT       : [JunkYardDog] -- Adding Salvage Point to <Land_Wreck_sed01_aban2_black<c5f4ea80>> at Pos <<1947.163818, 6.290183, 7808.579102>>
SCRIPT       : [JunkYardDog] -- Adding Fuel Point to <Land_Wreck_sed01_aban2_black<c5f4ea80>> at Pos <<1947.163818, 6.290183, 7808.579102>>
SCRIPT       : [JunkYardDog] -- Adding Salvage Point to <Land_Wreck_S1023_Beige<c5f57b80>> at Pos <<2791.882324, 6.218272, 7433.123047>>
SCRIPT       : [JunkYardDog] -- Adding Fuel Point to <Land_Wreck_S1023_Beige<c5f57b80>> at Pos <<2791.882324, 6.218272, 7433.123047>>
SCRIPT       : [JunkYardDog] -- Adding Salvage Point to <Land_Wreck_hb01_aban2_green<c5f627b0>> at Pos <<2896.056641, 7.388596, 6878.918945>>
SCRIPT       : [JunkYardDog] -- Adding Fuel Point to <Land_Wreck_hb01_aban2_green<c5f627b0>> at Pos <<2896.056641, 7.388596, 6878.918945>>
SCRIPT       : [JunkYardDog] -- Adding Salvage Point to <Land_Wreck_sed02_aban1_yellow<932b4aa0>> at Pos <<3670.598145, 5.501119, 5980.184570>>
SCRIPT       : [JunkYardDog] -- Adding Fuel Point to <Land_Wreck_sed02_aban1_yellow<932b4aa0>> at Pos <<3670.598145, 5.501119, 5980.184570>>
SCRIPT       : [JunkYardDog] -- Adding Salvage Point to <Land_Wreck_hb02_aban1_red<932bc070>> at Pos <<3710.982910, 5.399823, 5967.517090>>
SCRIPT       : [JunkYardDog] -- Adding Fuel Point to <Land_Wreck_hb02_aban1_red<932bc070>> at Pos <<3710.982910, 5.399823, 5967.517090>>
SCRIPT       : [JunkYardDog] -- Adding Salvage Point to <Land_Wreck_sed02_aban2_grey<932bc980>> at Pos <<3704.370850, 5.298825, 5967.125977>>
SCRIPT       : [JunkYardDog] -- Adding Fuel Point to <Land_Wreck_sed02_aban2_grey<932bc980>> at Pos <<3704.370850, 5.298825, 5967.125977>>
SCRIPT       : [JunkYardDog] -- Adding Salvage Point to <Land_Wreck_hb01_aban1_white<932c3f50>> at Pos <<3718.048340, 5.701993, 5982.363770>>
SCRIPT       : [JunkYardDog] -- Adding Fuel Point to <Land_Wreck_hb01_aban1_white<932c3f50>> at Pos <<3718.048340, 5.701993, 5982.363770>>
SCRIPT       : [JunkYardDog] -- Adding Salvage Point to <Land_Wreck_hb02_aban2_blue<932bf6d0>> at Pos <<3730.879639, 5.343723, 5957.966797>>
SCRIPT       : [JunkYardDog] -- Adding Fuel Point to <Land_Wreck_hb02_aban2_blue<932bf6d0>> at Pos <<3730.879639, 5.343723, 5957.966797>>
SCRIPT       : [JunkYardDog] -- Adding Salvage Point to <Land_Wreck_sed01_aban2_black<932c2d30>> at Pos <<3726.789063, 5.393321, 5967.372559>>
SCRIPT       : [JunkYardDog] -- Adding Fuel Point to <Land_Wreck_sed01_aban2_black<932c2d30>> at Pos <<3726.789063, 5.393321, 5967.372559>>
SCRIPT       : [JunkYardDog] -- Adding Salvage Point to <Land_Wreck_hb01_aban2_white<932bd290>> at Pos <<3717.579346, 5.570747, 5967.956055>>
SCRIPT       : [JunkYardDog] -- Adding Fuel Point to <Land_Wreck_hb01_aban2_white<932bd290>> at Pos <<3717.579346, 5.570747, 5967.956055>>
SCRIPT       : [JunkYardDog] -- Adding Salvage Point to <Land_Wreck_sed02_aban2_yellow<932c3640>> at Pos <<3746.791504, 5.305369, 5981.353516>>
SCRIPT       : [JunkYardDog] -- Adding Fuel Point to <Land_Wreck_sed02_aban2_yellow<932c3640>> at Pos <<3746.791504, 5.305369, 5981.353516>>
SCRIPT       : [JunkYardDog] -- Adding Salvage Point to <Land_Wreck_hb01_aban1_green<932cac10>> at Pos <<3764.350586, 5.721992, 5983.160156>>
SCRIPT       : [JunkYardDog] -- Adding Fuel Point to <Land_Wreck_hb01_aban1_green<932cac10>> at Pos <<3764.350586, 5.721992, 5983.160156>>
SCRIPT       : [JunkYardDog] -- Adding Salvage Point to <Land_Wreck_S1023_Blue<932e130>> at Pos <<2074.694092, 6.002433, 7648.229492>>
SCRIPT       : [JunkYardDog] -- Adding Fuel Point to <Land_Wreck_S1023_Blue<932e130>> at Pos <<2074.694092, 6.002433, 7648.229492>>
SCRIPT       : [JunkYardDog] -- Adding Salvage Point to <Land_Wreck_hb01_aban2_blue<82afad30>> at Pos <<2111.516602, 6.235377, 7655.572266>>
SCRIPT       : [JunkYardDog] -- Adding Fuel Point to <Land_Wreck_hb01_aban2_blue<82afad30>> at Pos <<2111.516602, 6.235377, 7655.572266>>
SCRIPT       : [JunkYardDog] -- Adding Salvage Point to <Land_wreck_truck01_aban1_green<82af4980>> at Pos <<2590.389893, 5.830000, 7581.336426>>
SCRIPT       : [JunkYardDog] -- Adding Fuel Point to <Land_wreck_truck01_aban1_green<82af4980>> at Pos <<2590.389893, 5.830000, 7581.336426>>
SCRIPT       : [JunkYardDog] -- Adding Salvage Point to <Land_Wreck_hb02_aban1_blue<82afda80>> at Pos <<2606.326904, 6.589831, 7577.729004>>
SCRIPT       : [JunkYardDog] -- Adding Fuel Point to <Land_Wreck_hb02_aban1_blue<82afda80>> at Pos <<2606.326904, 6.589831, 7577.729004>>
SCRIPT       : [JunkYardDog] -- Adding Salvage Point to <Land_Wreck_hb02_aban1_blue<82b05960>> at Pos <<1460.009521, 77.538300, 6057.498535>>
SCRIPT       : [JunkYardDog] -- Adding Fuel Point to <Land_Wreck_hb02_aban1_blue<82b05960>> at Pos <<1460.009521, 77.538300, 6057.498535>>
SCRIPT       : [JunkYardDog] -- Adding Salvage Point to <Land_wreck_truck01_aban2_green<82b14500>> at Pos <<2178.260742, 58.270008, 7171.141602>>
SCRIPT       : [JunkYardDog] -- Adding Fuel Point to <Land_wreck_truck01_aban2_green<82b14500>> at Pos <<2178.260742, 58.270008, 7171.141602>>
SCRIPT       : [JunkYardDog] -- Adding Salvage Point to <Land_Wreck_sed01_aban1_white<82b2eef0>> at Pos <<2088.673096, 8.849838, 7596.889648>>
SCRIPT       : [JunkYardDog] -- Adding Fuel Point to <Land_Wreck_sed01_aban1_white<82b2eef0>> at Pos <<2088.673096, 8.849838, 7596.889648>>
SCRIPT       : [JunkYardDog] -- Adding Salvage Point to <Land_wreck_truck01_aban1_blue<82b32e60>> at Pos <<2137.247559, 5.739831, 7613.777832>>
SCRIPT       : [JunkYardDog] -- Adding Fuel Point to <Land_wreck_truck01_aban1_blue<82b32e60>> at Pos <<2137.247559, 5.739831, 7613.777832>>
SCRIPT       : [JunkYardDog] -- Adding Salvage Point to <Land_Wreck_sed01_aban1_wine<919e3360>> at Pos <<3794.278320, 16.381613, 6560.918457>>
SCRIPT       : [JunkYardDog] -- Adding Fuel Point to <Land_Wreck_sed01_aban1_wine<919e3360>> at Pos <<3794.278320, 16.381613, 6560.918457>>
SCRIPT       : [JunkYardDog] -- Adding Salvage Point to <Land_wreck_truck01_aban2_orange<919dbd90>> at Pos <<3800.851074, 15.629977, 6585.667969>>
SCRIPT       : [JunkYardDog] -- Adding Fuel Point to <Land_wreck_truck01_aban2_orange<919dbd90>> at Pos <<3800.851074, 15.629977, 6585.667969>>
SCRIPT       : [JunkYardDog] -- Adding Salvage Point to <Land_Wreck_hb01_aban2_green<919f5560>> at Pos <<1742.145996, 76.193954, 6034.713379>>
SCRIPT       : [JunkYardDog] -- Adding Fuel Point to <Land_Wreck_hb01_aban2_green<919f5560>> at Pos <<1742.145996, 76.193954, 6034.713379>>
SCRIPT       : [JunkYardDog] -- Adding Salvage Point to <Land_Wreck_S1023_Beige<919f2810>> at Pos <<2290.854980, 64.957306, 6975.106445>>
SCRIPT       : [JunkYardDog] -- Adding Fuel Point to <Land_Wreck_S1023_Beige<919f2810>> at Pos <<2290.854980, 64.957306, 6975.106445>>
SCRIPT       : [JunkYardDog] -- Adding Salvage Point to <Land_wreck_truck01_aban1_orange<919f3120>> at Pos <<2262.239014, 64.973114, 6992.373535>>
SCRIPT       : [JunkYardDog] -- Adding Fuel Point to <Land_wreck_truck01_aban1_orange<919f3120>> at Pos <<2262.239014, 64.973114, 6992.373535>>
SCRIPT       : [JunkYardDog] -- Adding Salvage Point to <Land_wreck_truck01_aban1_orange<919bef60>> at Pos <<2901.129883, 5.697089, 7160.854980>>
SCRIPT       : [JunkYardDog] -- Adding Fuel Point to <Land_wreck_truck01_aban1_orange<919bef60>> at Pos <<2901.129883, 5.697089, 7160.854980>>
SCRIPT       : [JunkYardDog] -- Adding Salvage Point to <Land_Wreck_sed02_aban1_yellow<919c7750>> at Pos <<1976.793091, 36.981976, 7365.978516>>
SCRIPT       : [JunkYardDog] -- Adding Fuel Point to <Land_Wreck_sed02_aban1_yellow<919c7750>> at Pos <<1976.793091, 36.981976, 7365.978516>>
SCRIPT       : [JunkYardDog] -- Adding Salvage Point to <Land_Wreck_sed01_aban2_white<919c8970>> at Pos <<2007.806519, 35.086956, 7390.848145>>
SCRIPT       : [JunkYardDog] -- Adding Fuel Point to <Land_Wreck_sed01_aban2_white<919c8970>> at Pos <<2007.806519, 35.086956, 7390.848145>>
SCRIPT       : [JunkYardDog] -- Adding Salvage Point to <Land_Wreck_S1023_Blue<919d59e0>> at Pos <<1504.047729, 51.891750, 7080.537109>>
SCRIPT       : [JunkYardDog] -- Adding Fuel Point to <Land_Wreck_S1023_Blue<919d59e0>> at Pos <<1504.047729, 51.891750, 7080.537109>>
SCRIPT       : [JunkYardDog] -- Adding Salvage Point to <Land_Wreck_hb02_aban1_red<919d8730>> at Pos <<1254.634277, 38.509823, 6741.747070>>
SCRIPT       : [JunkYardDog] -- Adding Fuel Point to <Land_Wreck_hb02_aban1_red<919d8730>> at Pos <<1254.634277, 38.509823, 6741.747070>>
SCRIPT       : [JunkYardDog] -- Adding Salvage Point to <Land_wreck_truck01_aban1_blue<9c1c6d80>> at Pos <<1337.835938, 6.600221, 7503.678223>>
SCRIPT       : [JunkYardDog] -- Adding Fuel Point to <Land_wreck_truck01_aban1_blue<9c1c6d80>> at Pos <<1337.835938, 6.600221, 7503.678223>>
SCRIPT       : [JunkYardDog] -- Adding Salvage Point to <Land_wreck_truck01_aban1_green<9c1cda40>> at Pos <<2017.109741, 25.768450, 5453.788574>>
SCRIPT       : [JunkYardDog] -- Adding Fuel Point to <Land_wreck_truck01_aban1_green<9c1cda40>> at Pos <<2017.109741, 25.768450, 5453.788574>>
SCRIPT       : [JunkYardDog] -- Adding Salvage Point to <Land_Wreck_sed01_aban1_white<9c1cfe80>> at Pos <<1967.074585, 74.448456, 7097.834473>>
SCRIPT       : [JunkYardDog] -- Adding Fuel Point to <Land_Wreck_sed01_aban1_white<9c1cfe80>> at Pos <<1967.074585, 74.448456, 7097.834473>>
SCRIPT       : [JunkYardDog] -- Adding Salvage Point to <Land_Wreck_hb01_aban1_green<9c1d22c0>> at Pos <<1961.457642, 74.882904, 7091.940918>>
SCRIPT       : [JunkYardDog] -- Adding Fuel Point to <Land_Wreck_hb01_aban1_green<9c1d22c0>> at Pos <<1961.457642, 74.882904, 7091.940918>>
SCRIPT       : [JunkYardDog] -- Adding Salvage Point to <Land_Wreck_hb01_aban2_white<9c1d10a0>> at Pos <<2231.742432, 26.939888, 5586.159180>>
SCRIPT       : [JunkYardDog] -- Adding Fuel Point to <Land_Wreck_hb01_aban2_white<9c1d10a0>> at Pos <<2231.742432, 26.939888, 5586.159180>>
SCRIPT       : [JunkYardDog] -- Adding Salvage Point to <Land_Wreck_hb02_aban1_blue<9c1d7d60>> at Pos <<2246.857666, 7.235281, 5269.160156>>
SCRIPT       : [JunkYardDog] -- Adding Fuel Point to <Land_Wreck_hb02_aban1_blue<9c1d7d60>> at Pos <<2246.857666, 7.235281, 5269.160156>>
SCRIPT       : [JunkYardDog] -- Adding Salvage Point to <Land_Wreck_sed01_aban2_wine<9c1df330>> at Pos <<2208.778809, 16.323318, 761.501892>>
SCRIPT       : [JunkYardDog] -- Adding Fuel Point to <Land_Wreck_sed01_aban2_wine<9c1df330>> at Pos <<2208.778809, 16.323318, 761.501892>>
SCRIPT       : [JunkYardDog] -- Adding Salvage Point to <Land_Wreck_Volha_Blue<9c1e1770>> at Pos <<2208.676025, 16.302641, 756.649780>>
SCRIPT       : [JunkYardDog] -- Adding Fuel Point to <Land_Wreck_Volha_Blue<9c1e1770>> at Pos <<2208.676025, 16.302641, 756.649780>>
SCRIPT       : [JunkYardDog] -- Adding Salvage Point to <Land_Wreck_hb01_aban1_white<a00b0fd0>> at Pos <<2219.643555, 16.631990, 785.740112>>
SCRIPT       : [JunkYardDog] -- Adding Fuel Point to <Land_Wreck_hb01_aban1_white<a00b0fd0>> at Pos <<2219.643555, 16.631990, 785.740112>>
SCRIPT       : [JunkYardDog] -- Adding Salvage Point to <Land_Wreck_hb01_aban2_green<a00b4630>> at Pos <<2219.795654, 16.499451, 780.987488>>
SCRIPT       : [JunkYardDog] -- Adding Fuel Point to <Land_Wreck_hb01_aban2_green<a00b4630>> at Pos <<2219.795654, 16.499451, 780.987488>>
SCRIPT       : [JunkYardDog] -- Adding Salvage Point to <Land_Wreck_sed01_aban1_white<a00b6a70>> at Pos <<2219.925293, 16.321630, 805.025513>>
SCRIPT       : [JunkYardDog] -- Adding Fuel Point to <Land_Wreck_sed01_aban1_white<a00b6a70>> at Pos <<2219.925293, 16.321630, 805.025513>>
SCRIPT       : [JunkYardDog] -- Adding Salvage Point to <Land_Wreck_Volha_Blue<a00afdb0>> at Pos <<2220.414551, 16.302641, 800.007141>>
SCRIPT       : [JunkYardDog] -- Adding Fuel Point to <Land_Wreck_Volha_Blue<a00afdb0>> at Pos <<2220.414551, 16.302641, 800.007141>>
SCRIPT       : [JunkYardDog] -- Adding Salvage Point to <Land_wreck_truck01_aban1_blue<a00be950>> at Pos <<1368.941650, 34.515663, 2712.272217>>
SCRIPT       : [JunkYardDog] -- Adding Fuel Point to <Land_wreck_truck01_aban1_blue<a00be950>> at Pos <<1368.941650, 34.515663, 2712.272217>>
SCRIPT       : [JunkYardDog] -- Adding Salvage Point to <Land_Wreck_S1023_Beige<a00b97c0>> at Pos <<1366.528076, 35.816158, 2724.660645>>
SCRIPT       : [JunkYardDog] -- Adding Fuel Point to <Land_Wreck_S1023_Beige<a00b97c0>> at Pos <<1366.528076, 35.816158, 2724.660645>>
SCRIPT       : [JunkYardDog] -- Adding Salvage Point to <Land_Wreck_sed02_aban1_grey<a00bce20>> at Pos <<1347.249756, 34.580372, 2729.101563>>
SCRIPT       : [JunkYardDog] -- Adding Fuel Point to <Land_Wreck_sed02_aban1_grey<a00bce20>> at Pos <<1347.249756, 34.580372, 2729.101563>>
SCRIPT       : [JunkYardDog] -- Adding Salvage Point to <Land_wreck_truck01_aban2_green<a00bc510>> at Pos <<2371.593262, 45.741558, 5920.311523>>
SCRIPT       : [JunkYardDog] -- Adding Fuel Point to <Land_wreck_truck01_aban2_green<a00bc510>> at Pos <<2371.593262, 45.741558, 5920.311523>>
SCRIPT       : [JunkYardDog] -- Adding Salvage Point to <Land_Wreck_S1023_Beige<a00ce710>> at Pos <<2064.394775, 8.680546, 7629.056641>>
SCRIPT       : [JunkYardDog] -- Adding Fuel Point to <Land_Wreck_S1023_Beige<a00ce710>> at Pos <<2064.394775, 8.680546, 7629.056641>>
SCRIPT       : [JunkYardDog] -- Adding Salvage Point to <Land_wreck_truck01_aban1_blue<a00e6cc0>> at Pos <<2141.942871, 20.378326, 5433.379395>>
SCRIPT       : [JunkYardDog] -- Adding Fuel Point to <Land_wreck_truck01_aban1_blue<a00e6cc0>> at Pos <<2141.942871, 20.378326, 5433.379395>>
SCRIPT       : [JunkYardDog] -- Adding Salvage Point to <Land_wreck_truck01_aban2_blue<ac4eea80>> at Pos <<1678.354248, 73.879532, 6053.922852>>
SCRIPT       : [JunkYardDog] -- Adding Fuel Point to <Land_wreck_truck01_aban2_blue<ac4eea80>> at Pos <<1678.354248, 73.879532, 6053.922852>>
SCRIPT       : [JunkYardDog] -- Adding Salvage Point to <Land_wreck_truck01_aban1_blue<ac4fb1e0>> at Pos <<763.083923, 19.346462, 6754.653809>>
SCRIPT       : [JunkYardDog] -- Adding Fuel Point to <Land_wreck_truck01_aban1_blue<ac4fb1e0>> at Pos <<763.083923, 19.346462, 6754.653809>>
SCRIPT       : [JunkYardDog] -- Adding Salvage Point to <Land_Wreck_hb01_aban2_green<ac50d3e0>> at Pos <<4149.727539, 16.452835, 7648.530762>>
SCRIPT       : [JunkYardDog] -- Adding Fuel Point to <Land_Wreck_hb01_aban2_green<ac50d3e0>> at Pos <<4149.727539, 16.452835, 7648.530762>>
SCRIPT       : [JunkYardDog] -- Adding Salvage Point to <Land_Wreck_S1023_Beige<ac511c60>> at Pos <<4274.011230, 28.779491, 1814.262207>>
SCRIPT       : [JunkYardDog] -- Adding Fuel Point to <Land_Wreck_S1023_Beige<ac511c60>> at Pos <<4274.011230, 28.779491, 1814.262207>>
SCRIPT       : [JunkYardDog] -- Adding Salvage Point to <Land_Wreck_sed01_aban2_black<ac520800>> at Pos <<6524.056641, 51.473320, 4035.385254>>
SCRIPT       : [JunkYardDog] -- Adding Fuel Point to <Land_Wreck_sed01_aban2_black<ac520800>> at Pos <<6524.056641, 51.473320, 4035.385254>>
SCRIPT       : [JunkYardDog] -- Adding Salvage Point to <Land_Wreck_S1023_Beige<b46a77a0>> at Pos <<3147.337646, 38.536545, 3498.929199>>
SCRIPT       : [JunkYardDog] -- Adding Fuel Point to <Land_Wreck_S1023_Beige<b46a77a0>> at Pos <<3147.337646, 38.536545, 3498.929199>>
SCRIPT       : [JunkYardDog] -- Adding Salvage Point to <Land_Wreck_sed02_aban2_grey<b46af680>> at Pos <<2209.045166, 16.228823, 704.049622>>
SCRIPT       : [JunkYardDog] -- Adding Fuel Point to <Land_Wreck_sed02_aban2_grey<b46af680>> at Pos <<2209.045166, 16.228823, 704.049622>>
SCRIPT       : [JunkYardDog] -- Adding Salvage Point to <Land_Wreck_S1023_Beige<b46b5a30>> at Pos <<2220.143066, 16.569132, 733.098328>>
SCRIPT       : [JunkYardDog] -- Adding Fuel Point to <Land_Wreck_S1023_Beige<b46b5a30>> at Pos <<2220.143066, 16.569132, 733.098328>>
SCRIPT       : [JunkYardDog] -- Adding Salvage Point to <Static_Wreck_HMMWV<b81ace40>> at Pos <<2209.076660, 16.477102, 723.407654>>
SCRIPT       : [JunkYardDog] -- Adding Fuel Point to <Static_Wreck_HMMWV<b81ace40>> at Pos <<2209.076660, 16.477102, 723.407654>>
SCRIPT       : [JunkYardDog] -- Adding Salvage Point to <Land_Wreck_hb02_aban2_blue<b46b3f00>> at Pos <<956.362122, 28.858606, 6026.319824>>
SCRIPT       : [JunkYardDog] -- Adding Fuel Point to <Land_Wreck_hb02_aban2_blue<b46b3f00>> at Pos <<956.362122, 28.858606, 6026.319824>>
SCRIPT       : [JunkYardDog] -- Adding Salvage Point to <Land_wreck_truck01_aban1_green<b46b9090>> at Pos <<1844.136597, 6.692944, 7625.126953>>
SCRIPT       : [JunkYardDog] -- Adding Fuel Point to <Land_wreck_truck01_aban1_green<b46b9090>> at Pos <<1844.136597, 6.692944, 7625.126953>>
SCRIPT       : [JunkYardDog] -- Adding Salvage Point to <Static_Wreck_Ural<b8bd81e0>> at Pos <<2853.695068, 7.686787, 6829.259766>>
SCRIPT       : [JunkYardDog] -- Adding Fuel Point to <Static_Wreck_Ural<b8bd81e0>> at Pos <<2853.695068, 7.686787, 6829.259766>>
SCRIPT       : [JunkYardDog] -- Adding Salvage Point to <Land_Wreck_S1023_Blue<b467eb20>> at Pos <<2190.220459, 16.569132, 694.388428>>
SCRIPT       : [JunkYardDog] -- Adding Fuel Point to <Land_Wreck_S1023_Blue<b467eb20>> at Pos <<2190.220459, 16.569132, 694.388428>>
SCRIPT       : [JunkYardDog] -- Adding Salvage Point to <Land_wreck_truck01_aban2_green<b467d900>> at Pos <<2190.526855, 15.570000, 680.418152>>
SCRIPT       : [JunkYardDog] -- Adding Fuel Point to <Land_wreck_truck01_aban2_green<b467d900>> at Pos <<2190.526855, 15.570000, 680.418152>>
SCRIPT       : [JunkYardDog] -- Adding Salvage Point to <Land_Wreck_sed02_aban1_red<b46860f0>> at Pos <<2146.428711, 55.661118, 3001.906738>>
SCRIPT       : [JunkYardDog] -- Adding Fuel Point to <Land_Wreck_sed02_aban1_red<b46860f0>> at Pos <<2146.428711, 55.661118, 3001.906738>>
SCRIPT       : [JunkYardDog] -- Adding Salvage Point to <Land_Wreck_S1023_Beige<b468d6c0>> at Pos <<5280.324219, 32.462055, 1537.559448>>
SCRIPT       : [JunkYardDog] -- Adding Fuel Point to <Land_Wreck_S1023_Beige<b468d6c0>> at Pos <<5280.324219, 32.462055, 1537.559448>>
SCRIPT       : [JunkYardDog] -- Adding Salvage Point to <Land_Wreck_S1023_Beige<b469cb70>> at Pos <<3755.152588, 5.639123, 6009.877441>>
SCRIPT       : [JunkYardDog] -- Adding Fuel Point to <Land_Wreck_S1023_Beige<b469cb70>> at Pos <<3755.152588, 5.639123, 6009.877441>>
SCRIPT       : [JunkYardDog] -- Adding Salvage Point to <Land_Wreck_hb01_aban1_white<b46970d0>> at Pos <<2178.159668, 55.861992, 3045.965820>>
SCRIPT       : [JunkYardDog] -- Adding Fuel Point to <Land_Wreck_hb01_aban1_white<b46970d0>> at Pos <<2178.159668, 55.861992, 3045.965820>>
SCRIPT       : [JunkYardDog] -- Adding Salvage Point to <Land_Wreck_S1023_Blue<b46982f0>> at Pos <<2186.576660, 55.799133, 3053.884277>>
SCRIPT       : [JunkYardDog] -- Adding Fuel Point to <Land_Wreck_S1023_Blue<b46982f0>> at Pos <<2186.576660, 55.799133, 3053.884277>>
SCRIPT       : [JunkYardDog] -- Adding Salvage Point to <Land_Wreck_hb01_aban1_white<b469a730>> at Pos <<2229.239990, 55.861992, 3060.232910>>
SCRIPT       : [JunkYardDog] -- Adding Fuel Point to <Land_Wreck_hb01_aban1_white<b469a730>> at Pos <<2229.239990, 55.861992, 3060.232910>>
SCRIPT       : [JunkYardDog] -- Adding Salvage Point to <Land_Wreck_S1023_Beige<c27d9530>> at Pos <<3887.904785, 52.599026, 1321.908325>>
SCRIPT       : [JunkYardDog] -- Adding Fuel Point to <Land_Wreck_S1023_Beige<c27d9530>> at Pos <<3887.904785, 52.599026, 1321.908325>>
SCRIPT       : [JunkYardDog] -- Adding Salvage Point to <Land_wreck_truck01_aban1_green<c27ea510>> at Pos <<2655.704590, 44.440037, 6132.649414>>
SCRIPT       : [JunkYardDog] -- Adding Fuel Point to <Land_wreck_truck01_aban1_green<c27ea510>> at Pos <<2655.704590, 44.440037, 6132.649414>>
SCRIPT       : [JunkYardDog] -- Adding Salvage Point to <Land_Wreck_hb02_aban2_blue<c27ef6a0>> at Pos <<2577.592773, 10.828116, 4563.584473>>
SCRIPT       : [JunkYardDog] -- Adding Fuel Point to <Land_Wreck_hb02_aban2_blue<c27ef6a0>> at Pos <<2577.592773, 10.828116, 4563.584473>>
SCRIPT       : [JunkYardDog] -- Adding Salvage Point to <Land_wreck_truck01_aban1_green<c27f7e90>> at Pos <<6938.732910, 62.848179, 826.030762>>
SCRIPT       : [JunkYardDog] -- Adding Fuel Point to <Land_wreck_truck01_aban1_green<c27f7e90>> at Pos <<6938.732910, 62.848179, 826.030762>>
SCRIPT       : [JunkYardDog] -- Adding Salvage Point to <Land_wreck_truck01_aban1_green<c2808e70>> at Pos <<4982.132813, 5.617619, 645.403870>>
SCRIPT       : [JunkYardDog] -- Adding Fuel Point to <Land_wreck_truck01_aban1_green<c2808e70>> at Pos <<4982.132813, 5.617619, 645.403870>>
SCRIPT       : [JunkYardDog] -- Adding Salvage Point to <Land_wreck_truck01_aban1_blue<ceffc4b0>> at Pos <<5268.538086, 5.059521, 6998.530762>>
SCRIPT       : [JunkYardDog] -- Adding Fuel Point to <Land_wreck_truck01_aban1_blue<ceffc4b0>> at Pos <<5268.538086, 5.059521, 6998.530762>>
SCRIPT       : [JunkYardDog] -- Adding Salvage Point to <Land_Wreck_S1023_Blue<cf001640>> at Pos <<2361.775879, 46.468311, 5898.191895>>
SCRIPT       : [JunkYardDog] -- Adding Fuel Point to <Land_Wreck_S1023_Blue<cf001640>> at Pos <<2361.775879, 46.468311, 5898.191895>>
SCRIPT       : [JunkYardDog] -- Adding Salvage Point to <Land_wreck_truck01_aban2_blue<cf003170>> at Pos <<6479.484375, 16.100647, 6968.836914>>
SCRIPT       : [JunkYardDog] -- Adding Fuel Point to <Land_wreck_truck01_aban2_blue<cf003170>> at Pos <<6479.484375, 16.100647, 6968.836914>>
SCRIPT       : [JunkYardDog] -- Adding Salvage Point to <Land_Wreck_hb02_aban1_black<cf009e30>> at Pos <<3669.880859, 5.399824, 6018.919434>>
SCRIPT       : [JunkYardDog] -- Adding Fuel Point to <Land_Wreck_hb02_aban1_black<cf009e30>> at Pos <<3669.880859, 5.399824, 6018.919434>>
SCRIPT       : [JunkYardDog] -- Adding Salvage Point to <Land_Wreck_Harverster<cf015370>> at Pos <<5326.183105, 10.838890, 7179.055176>>
SCRIPT       : [JunkYardDog] -- Adding Fuel Point to <Land_Wreck_Harverster<cf015370>> at Pos <<5326.183105, 10.838890, 7179.055176>>
SCRIPT       : [JunkYardDog] -- Adding Salvage Point to <Land_Wreck_sed01_aban2_white<cf015c80>> at Pos <<3980.541260, 16.383289, 6653.333496>>
SCRIPT       : [JunkYardDog] -- Adding Fuel Point to <Land_Wreck_sed01_aban2_white<cf015c80>> at Pos <<3980.541260, 16.383289, 6653.333496>>
SCRIPT       : [JunkYardDog] -- Adding Salvage Point to <Land_Wreck_sed02_aban1_yellow<cf00e6b0>> at Pos <<3996.452148, 16.491119, 6631.567871>>
SCRIPT       : [JunkYardDog] -- Adding Fuel Point to <Land_Wreck_sed02_aban1_yellow<cf00e6b0>> at Pos <<3996.452148, 16.491119, 6631.567871>>
SCRIPT       : [JunkYardDog] -- Adding Salvage Point to <Land_Wreck_sed01_aban1_white<cf014150>> at Pos <<2734.985352, 45.115471, 6027.040527>>
SCRIPT       : [JunkYardDog] -- Adding Fuel Point to <Land_Wreck_sed01_aban1_white<cf014150>> at Pos <<2734.985352, 45.115471, 6027.040527>>
SCRIPT       : [JunkYardDog] -- Adding Salvage Point to <Land_wreck_truck01_aban2_orange<cf0180c0>> at Pos <<2721.763672, 44.409977, 6055.256836>>
SCRIPT       : [JunkYardDog] -- Adding Fuel Point to <Land_wreck_truck01_aban2_orange<cf0180c0>> at Pos <<2721.763672, 44.409977, 6055.256836>>
SCRIPT       : [JunkYardDog] -- Adding Salvage Point to <Land_Wreck_S1023_Beige<cf012620>> at Pos <<1150.586426, 23.865276, 2763.146240>>
SCRIPT       : [JunkYardDog] -- Adding Fuel Point to <Land_Wreck_S1023_Beige<cf012620>> at Pos <<1150.586426, 23.865276, 2763.146240>>
SCRIPT       : [JunkYardDog] -- Adding Salvage Point to <Land_wreck_truck01_aban1_green<d75ec2c0>> at Pos <<2655.608398, 21.749977, 4346.634277>>
SCRIPT       : [JunkYardDog] -- Adding Fuel Point to <Land_wreck_truck01_aban1_green<d75ec2c0>> at Pos <<2655.608398, 21.749977, 4346.634277>>
SCRIPT       : [JunkYardDog] -- Adding Salvage Point to <Land_Wreck_S1023_Beige<d75e8350>> at Pos <<1244.424072, 66.759415, 1156.200317>>
SCRIPT       : [JunkYardDog] -- Adding Fuel Point to <Land_Wreck_S1023_Beige<d75e8350>> at Pos <<1244.424072, 66.759415, 1156.200317>>
SCRIPT       : [JunkYardDog] -- Adding Salvage Point to <Land_Wreck_sed02_aban2_grey<d75f7800>> at Pos <<2297.995850, 50.717636, 6004.551758>>
SCRIPT       : [JunkYardDog] -- Adding Fuel Point to <Land_Wreck_sed02_aban2_grey<d75f7800>> at Pos <<2297.995850, 50.717636, 6004.551758>>
SCRIPT       : [JunkYardDog] -- Adding Salvage Point to <Land_wreck_truck01_aban2_blue<d7605a90>> at Pos <<2434.342529, 21.006132, 4156.385254>>
SCRIPT       : [JunkYardDog] -- Adding Fuel Point to <Land_wreck_truck01_aban2_blue<d7605a90>> at Pos <<2434.342529, 21.006132, 4156.385254>>
SCRIPT       : [JunkYardDog] -- Adding Salvage Point to <Land_wreck_truck01_aban1_green<d7606cb0>> at Pos <<2459.361816, 21.701231, 4187.918457>>
SCRIPT       : [JunkYardDog] -- Adding Fuel Point to <Land_wreck_truck01_aban1_green<d7606cb0>> at Pos <<2459.361816, 21.701231, 4187.918457>>
SCRIPT       : [JunkYardDog] -- Adding Salvage Point to <Land_Wreck_sed02_aban2_grey<d7613d20>> at Pos <<3885.344238, 13.572120, 4754.736328>>
SCRIPT       : [JunkYardDog] -- Adding Fuel Point to <Land_Wreck_sed02_aban2_grey<d7613d20>> at Pos <<3885.344238, 13.572120, 4754.736328>>
SCRIPT       : [JunkYardDog] -- Adding Salvage Point to <Land_Wreck_hb02_aban2_black<d761a9e0>> at Pos <<6546.389648, 51.423729, 4026.670654>>
SCRIPT       : [JunkYardDog] -- Adding Fuel Point to <Land_Wreck_hb02_aban2_black<d761a9e0>> at Pos <<6546.389648, 51.423729, 4026.670654>>
SCRIPT       : [JunkYardDog] -- Adding Salvage Point to <Land_Wreck_sed01_aban2_black<e7bf1920>> at Pos <<6534.962402, 23.013319, 3719.502197>>
SCRIPT       : [JunkYardDog] -- Adding Fuel Point to <Land_Wreck_sed01_aban2_black<e7bf1920>> at Pos <<6534.962402, 23.013319, 3719.502197>>
SCRIPT       : [JunkYardDog] -- Adding Salvage Point to <Land_Wreck_hb02_aban2_black<e7bf4f80>> at Pos <<6553.659668, 22.963728, 3725.037842>>
SCRIPT       : [JunkYardDog] -- Adding Fuel Point to <Land_Wreck_hb02_aban2_black<e7bf4f80>> at Pos <<6553.659668, 22.963728, 3725.037842>>
SCRIPT       : [JunkYardDog] -- Adding Salvage Point to <Land_wreck_truck01_aban1_green<e7bcf960>> at Pos <<3028.019775, 48.866596, 3242.610840>>
SCRIPT       : [JunkYardDog] -- Adding Fuel Point to <Land_wreck_truck01_aban1_green<e7bcf960>> at Pos <<3028.019775, 48.866596, 3242.610840>>
SCRIPT       : [JunkYardDog] -- Adding Salvage Point to <Land_wreck_truck01_aban1_green<e7bc8390>> at Pos <<4682.052246, 47.620209, 1273.965088>>
SCRIPT       : [JunkYardDog] -- Adding Fuel Point to <Land_wreck_truck01_aban1_green<e7bc8390>> at Pos <<4682.052246, 47.620209, 1273.965088>>
SCRIPT       : [JunkYardDog] -- Adding Salvage Point to <Land_wreck_truck01_aban1_green<e7bd9c80>> at Pos <<2580.978760, 4.445450, 5181.732910>>
SCRIPT       : [JunkYardDog] -- Adding Fuel Point to <Land_wreck_truck01_aban1_green<e7bd9c80>> at Pos <<2580.978760, 4.445450, 5181.732910>>
SCRIPT       : [JunkYardDog] -- Adding Salvage Point to <Land_wreck_truck01_aban1_green<e7bdc0c0>> at Pos <<1611.558838, 42.100117, 2927.398438>>
SCRIPT       : [JunkYardDog] -- Adding Fuel Point to <Land_wreck_truck01_aban1_green<e7bdc0c0>> at Pos <<1611.558838, 42.100117, 2927.398438>>
SCRIPT       : [JunkYardDog] -- Adding Salvage Point to <Land_Wreck_Uaz<f77d9e30>> at Pos <<4429.794922, 17.783285, 7258.393066>>
SCRIPT       : [JunkYardDog] -- Adding Fuel Point to <Land_Wreck_Uaz<f77d9e30>> at Pos <<4429.794922, 17.783285, 7258.393066>>
SCRIPT       : [JunkYardDog] -- Adding Salvage Point to <Land_wreck_truck01_aban1_green<5e63f50>> at Pos <<4906.489258, 47.592056, 1368.065063>>
SCRIPT       : [JunkYardDog] -- Adding Fuel Point to <Land_wreck_truck01_aban1_green<5e63f50>> at Pos <<4906.489258, 47.592056, 1368.065063>>
SCRIPT       : [JunkYardDog] -- Adding Salvage Point to <Land_wreck_truck01_aban1_green<5e6c740>> at Pos <<4797.764160, 47.839748, 1345.328003>>
SCRIPT       : [JunkYardDog] -- Adding Fuel Point to <Land_wreck_truck01_aban1_green<5e6c740>> at Pos <<4797.764160, 47.839748, 1345.328003>>
SCRIPT       : [JunkYardDog] -- Adding Salvage Point to <Land_wreck_truck01_aban2_blue<5e86820>> at Pos <<4289.790527, 32.660187, 4477.695313>>
SCRIPT       : [JunkYardDog] -- Adding Fuel Point to <Land_wreck_truck01_aban2_blue<5e86820>> at Pos <<4289.790527, 32.660187, 4477.695313>>
SCRIPT       : [JunkYardDog] -- Adding Salvage Point to <Land_wreck_truck01_aban2_blue<5e85600>> at Pos <<6459.357910, 15.661354, 6957.688965>>
SCRIPT       : [JunkYardDog] -- Adding Fuel Point to <Land_wreck_truck01_aban2_blue<5e85600>> at Pos <<6459.357910, 15.661354, 6957.688965>>
SCRIPT       : [JunkYardDog] -- Adding Salvage Point to <Land_wreck_truck01_aban2_blue<5e81690>> at Pos <<6448.791992, 15.480703, 6953.854492>>
SCRIPT       : [JunkYardDog] -- Adding Fuel Point to <Land_wreck_truck01_aban2_blue<5e81690>> at Pos <<6448.791992, 15.480703, 6953.854492>>
SCRIPT       : [JunkYardDog] -- Adding Salvage Point to <Static_Wreck_Ural<bc14fe0>> at Pos <<805.651306, 6.447515, 3343.085205>>
SCRIPT       : [JunkYardDog] -- Adding Fuel Point to <Static_Wreck_Ural<bc14fe0>> at Pos <<805.651306, 6.447515, 3343.085205>>
SCRIPT       : [JunkYardDog] -- Adding Salvage Point to <Static_Wreck_Ural<bc10830>> at Pos <<829.978516, 6.447515, 3342.314697>>
SCRIPT       : [JunkYardDog] -- Adding Fuel Point to <Static_Wreck_Ural<bc10830>> at Pos <<829.978516, 6.447515, 3342.314697>>
SCRIPT       : [JunkYardDog] -- Adding Salvage Point to <Static_Wreck_Digger<eb45780>> at Pos <<1234.941895, 29.407801, 3115.296387>>
SCRIPT       : [JunkYardDog] -- Adding Fuel Point to <Static_Wreck_Digger<eb45780>> at Pos <<1234.941895, 29.407801, 3115.296387>>
SCRIPT       : [JunkYardDog] -- Adding Salvage Point to <Land_wreck_truck01_aban2_orange<5e941a0>> at Pos <<3812.601563, 15.630000, 6589.238281>>
SCRIPT       : [JunkYardDog] -- Adding Fuel Point to <Land_wreck_truck01_aban2_orange<5e941a0>> at Pos <<3812.601563, 15.630000, 6589.238281>>
SCRIPT       : [JunkYardDog] -- Adding Salvage Point to <Land_Wreck_hb01_aban2_green<f07e130>> at Pos <<4377.869629, 14.002483, 4845.975586>>
SCRIPT       : [JunkYardDog] -- Adding Fuel Point to <Land_Wreck_hb01_aban2_green<f07e130>> at Pos <<4377.869629, 14.002483, 4845.975586>>
SCRIPT       : [JunkYardDog] -- Adding Salvage Point to <Land_Wreck_S1023_Blue<f077470>> at Pos <<4388.474609, 13.999763, 4851.087891>>
SCRIPT       : [JunkYardDog] -- Adding Fuel Point to <Land_Wreck_S1023_Blue<f077470>> at Pos <<4388.474609, 13.999763, 4851.087891>>
SCRIPT       : [JunkYardDog] -- Adding Salvage Point to <Land_Wreck_Volha_Grey<f08a890>> at Pos <<2688.144287, 44.685669, 5951.580566>>
SCRIPT       : [JunkYardDog] -- Adding Fuel Point to <Land_Wreck_Volha_Grey<f08a890>> at Pos <<2688.144287, 44.685669, 5951.580566>>
SCRIPT       : [JunkYardDog] -- Adding Salvage Point to <Land_Wreck_hb02_aban2_blue<f092770>> at Pos <<2690.704590, 44.669094, 5964.319336>>
SCRIPT       : [JunkYardDog] -- Adding Fuel Point to <Land_Wreck_hb02_aban2_blue<f092770>> at Pos <<2690.704590, 44.669094, 5964.319336>>
SCRIPT       : [JunkYardDog] -- Adding Salvage Point to <Land_wreck_truck01_aban1_green<f08def0>> at Pos <<2746.802002, 44.283222, 6014.562500>>
SCRIPT       : [JunkYardDog] -- Adding Fuel Point to <Land_wreck_truck01_aban1_green<f08def0>> at Pos <<2746.802002, 44.283222, 6014.562500>>
SCRIPT       : [JunkYardDog] -- Adding Salvage Point to <Land_wreck_truck01_aban2_orange<f08fa20>> at Pos <<2770.533936, 44.259644, 5972.666504>>
SCRIPT       : [JunkYardDog] -- Adding Fuel Point to <Land_wreck_truck01_aban2_orange<f08fa20>> at Pos <<2770.533936, 44.259644, 5972.666504>>
SCRIPT       : [JunkYardDog] -- Adding Salvage Point to <Land_wreck_truck01_aban1_green<f091e60>> at Pos <<1920.850708, 54.800152, 2904.254150>>
SCRIPT       : [JunkYardDog] -- Adding Fuel Point to <Land_wreck_truck01_aban1_green<f091e60>> at Pos <<1920.850708, 54.800152, 2904.254150>>
SCRIPT       : [JunkYardDog] -- Adding Salvage Point to <Static_Wreck_S120_Red<f6b10b0>> at Pos <<1939.939331, 55.382698, 2938.134766>>
SCRIPT       : [JunkYardDog] -- Adding Fuel Point to <Static_Wreck_S120_Red<f6b10b0>> at Pos <<1939.939331, 55.382698, 2938.134766>>
SCRIPT       : [JunkYardDog] -- Adding Salvage Point to <Land_Wreck_S1023_Beige<f05a640>> at Pos <<1930.298584, 55.799137, 2934.709229>>
SCRIPT       : [JunkYardDog] -- Adding Fuel Point to <Land_Wreck_S1023_Beige<f05a640>> at Pos <<1930.298584, 55.799137, 2934.709229>>
SCRIPT       : [JunkYardDog] -- Adding Salvage Point to <Land_Wreck_Volha_Grey<f054ba0>> at Pos <<1930.070190, 55.536770, 2922.758789>>
SCRIPT       : [JunkYardDog] -- Adding Fuel Point to <Land_Wreck_Volha_Grey<f054ba0>> at Pos <<1930.070190, 55.536770, 2922.758789>>
SCRIPT       : [JunkYardDog] -- Adding Salvage Point to <Land_Wreck_sed02_aban1_red<f053980>> at Pos <<1944.047974, 55.661205, 2940.372803>>
SCRIPT       : [JunkYardDog] -- Adding Fuel Point to <Land_Wreck_sed02_aban1_red<f053980>> at Pos <<1944.047974, 55.661205, 2940.372803>>
SCRIPT       : [JunkYardDog] -- Adding Salvage Point to <Land_Wreck_Uaz<1160def0>> at Pos <<2540.356689, 44.783184, 5800.512207>>
SCRIPT       : [JunkYardDog] -- Adding Fuel Point to <Land_Wreck_Uaz<1160def0>> at Pos <<2540.356689, 44.783184, 5800.512207>>
SCRIPT       : [JunkYardDog] -- Adding Salvage Point to <Land_Wreck_sed01_aban2_wine<1160fa20>> at Pos <<2583.496338, 44.693317, 5808.991699>>
SCRIPT       : [JunkYardDog] -- Adding Fuel Point to <Land_Wreck_sed01_aban2_wine<1160fa20>> at Pos <<2583.496338, 44.693317, 5808.991699>>
SCRIPT       : [JunkYardDog] -- Adding Salvage Point to <Land_Wreck_hb01_aban2_green<11608450>> at Pos <<2576.008301, 44.870747, 5801.844727>>
SCRIPT       : [JunkYardDog] -- Adding Fuel Point to <Land_Wreck_hb01_aban2_green<11608450>> at Pos <<2576.008301, 44.870747, 5801.844727>>
SCRIPT       : [JunkYardDog] -- Adding Salvage Point to <Static_Wreck_Ural<13fae8e0>> at Pos <<2572.344482, 45.127514, 5813.781738>>
SCRIPT       : [JunkYardDog] -- Adding Fuel Point to <Static_Wreck_Ural<13fae8e0>> at Pos <<2572.344482, 45.127514, 5813.781738>>
SCRIPT       : [JunkYardDog] -- Adding Salvage Point to <Land_Wreck_Volha_Blue<11614bb0>> at Pos <<2591.008301, 44.676941, 5816.299316>>
SCRIPT       : [JunkYardDog] -- Adding Fuel Point to <Land_Wreck_Volha_Blue<11614bb0>> at Pos <<2591.008301, 44.676941, 5816.299316>>
SCRIPT       : [JunkYardDog] -- Adding Salvage Point to <Land_Wreck_Uaz<11617900>> at Pos <<2587.296143, 44.783184, 5813.109863>>
SCRIPT       : [JunkYardDog] -- Adding Fuel Point to <Land_Wreck_Uaz<11617900>> at Pos <<2587.296143, 44.783184, 5813.109863>>
SCRIPT       : [JunkYardDog] -- Adding Salvage Point to <Static_Wreck_Ural<1180b550>> at Pos <<1501.529541, 16.757549, 516.901611>>
SCRIPT       : [JunkYardDog] -- Adding Fuel Point to <Static_Wreck_Ural<1180b550>> at Pos <<1501.529541, 16.757549, 516.901611>>
SCRIPT       : [JunkYardDog] -- Adding Salvage Point to <Static_Wreck_Ural<117ee230>> at Pos <<1549.478271, 16.757874, 535.082153>>
SCRIPT       : [JunkYardDog] -- Adding Fuel Point to <Static_Wreck_Ural<117ee230>> at Pos <<1549.478271, 16.757874, 535.082153>>
SCRIPT       : m_LoginTimeMs: 4200
SCRIPT       : [JunkYardDog] -- Adding Salvage Point to <Land_Wreck_S1023_Beige<116291f0>> at Pos <<4966.758301, 6.734208, 610.713623>>
SCRIPT       : [JunkYardDog] -- Adding Fuel Point to <Land_Wreck_S1023_Beige<116291f0>> at Pos <<4966.758301, 6.734208, 610.713623>>
SCRIPT       : [JunkYardDog] -- Adding Salvage Point to <Land_Wreck_Uaz<1162c850>> at Pos <<1758.580078, 98.885674, 6546.113770>>
SCRIPT       : [JunkYardDog] -- Adding Fuel Point to <Land_Wreck_Uaz<1162c850>> at Pos <<1758.580078, 98.885674, 6546.113770>>
SCRIPT       : [JunkYardDog] -- Adding Salvage Point to <Static_Wreck_Ural<163673a0>> at Pos <<1848.397949, 100.660225, 6519.955078>>
SCRIPT       : [JunkYardDog] -- Adding Fuel Point to <Static_Wreck_Ural<163673a0>> at Pos <<1848.397949, 100.660225, 6519.955078>>
SCRIPT       : [JunkYardDog] -- Adding Salvage Point to <Land_Wreck_sed02_aban1_yellow<1162f5a0>> at Pos <<1989.433228, 16.431118, 596.317505>>
SCRIPT       : [JunkYardDog] -- Adding Fuel Point to <Land_Wreck_sed02_aban1_yellow<1162f5a0>> at Pos <<1989.433228, 16.431118, 596.317505>>
SCRIPT       : [JunkYardDog] -- Adding Salvage Point to <Land_wreck_truck01_aban1_green<1163aae0>> at Pos <<1951.740967, 15.570000, 541.459717>>
SCRIPT       : [JunkYardDog] -- Adding Fuel Point to <Land_wreck_truck01_aban1_green<1163aae0>> at Pos <<1951.740967, 15.570000, 541.459717>>
SCRIPT       : [JunkYardDog] -- Adding Salvage Point to <Land_wreck_truck01_aban1_green<1163d830>> at Pos <<1949.478638, 15.570000, 534.974060>>
SCRIPT       : [JunkYardDog] -- Adding Fuel Point to <Land_wreck_truck01_aban1_green<1163d830>> at Pos <<1949.478638, 15.570000, 534.974060>>
SCRIPT       : [JunkYardDog] -- Adding Salvage Point to <Land_wreck_truck01_aban1_green<15b68b10>> at Pos <<1950.984375, 15.570000, 565.505493>>
SCRIPT       : [JunkYardDog] -- Adding Fuel Point to <Land_wreck_truck01_aban1_green<15b68b10>> at Pos <<1950.984375, 15.570000, 565.505493>>
SCRIPT       : [JunkYardDog] -- Adding Salvage Point to <Land_Wreck_S1023_Beige<15b7da60>> at Pos <<6901.242188, 63.029224, 770.589783>>
SCRIPT       : [JunkYardDog] -- Adding Fuel Point to <Land_Wreck_S1023_Beige<15b7da60>> at Pos <<6901.242188, 63.029224, 770.589783>>
SCRIPT       : [JunkYardDog] -- Adding Salvage Point to <Land_Wreck_sed01_aban2_wine<15b86b60>> at Pos <<2244.318604, 95.263321, 6336.895996>>
SCRIPT       : [JunkYardDog] -- Adding Fuel Point to <Land_Wreck_sed01_aban2_wine<15b86b60>> at Pos <<2244.318604, 95.263321, 6336.895996>>
SCRIPT       : [JunkYardDog] -- Adding Salvage Point to <Land_Wreck_S1023_Beige<15b8b3e0>> at Pos <<2249.183105, 95.509117, 6339.464355>>
SCRIPT       : [JunkYardDog] -- Adding Fuel Point to <Land_Wreck_S1023_Beige<15b8b3e0>> at Pos <<2249.183105, 95.509117, 6339.464355>>
SCRIPT       : [JunkYardDog] -- Adding Salvage Point to <Static_Wreck_Digger<813cd8e0>> at Pos <<2088.721924, 11.500252, 700.883850>>
SCRIPT       : [JunkYardDog] -- Adding Fuel Point to <Static_Wreck_Digger<813cd8e0>> at Pos <<2088.721924, 11.500252, 700.883850>>
SCRIPT       : [JunkYardDog] -- Adding Salvage Point to <Static_Wreck_Digger<813dd740>> at Pos <<2116.485352, 11.402336, 806.627319>>
SCRIPT       : [JunkYardDog] -- Adding Fuel Point to <Static_Wreck_Digger<813dd740>> at Pos <<2116.485352, 11.402336, 806.627319>>
SCRIPT       : [JunkYardDog] -- Adding Salvage Point to <Land_Wreck_S1023_Beige<15b93bd0>> at Pos <<2202.051270, 16.569132, 709.262878>>
SCRIPT       : [JunkYardDog] -- Adding Fuel Point to <Land_Wreck_S1023_Beige<15b93bd0>> at Pos <<2202.051270, 16.569132, 709.262878>>
SCRIPT       : [JunkYardDog] -- Adding Salvage Point to <Land_Wreck_sed02_aban1_yellow<15ba0c40>> at Pos <<2190.029541, 16.431118, 727.924072>>
SCRIPT       : [JunkYardDog] -- Adding Fuel Point to <Land_Wreck_sed02_aban1_yellow<15ba0c40>> at Pos <<2190.029541, 16.431118, 727.924072>>
SCRIPT       : [JunkYardDog] -- Adding Salvage Point to <Static_Wreck_S120_Red<813e0ec0>> at Pos <<2189.456543, 16.152693, 747.397217>>
SCRIPT       : [JunkYardDog] -- Adding Fuel Point to <Static_Wreck_S120_Red<813e0ec0>> at Pos <<2189.456543, 16.152693, 747.397217>>
SCRIPT       : [JunkYardDog] -- Adding Salvage Point to <Land_Wreck_Volha_Grey<15ba1550>> at Pos <<2201.856689, 16.306944, 752.339966>>
SCRIPT       : [JunkYardDog] -- Adding Fuel Point to <Land_Wreck_Volha_Grey<15ba1550>> at Pos <<2201.856689, 16.306944, 752.339966>>
SCRIPT       : [JunkYardDog] -- Adding Salvage Point to <Land_Wreck_sed02_aban2_yellow<15ba1e60>> at Pos <<2202.013184, 16.228827, 790.075623>>
SCRIPT       : [JunkYardDog] -- Adding Fuel Point to <Land_Wreck_sed02_aban2_yellow<15ba1e60>> at Pos <<2202.013184, 16.228827, 790.075623>>
SCRIPT       : [JunkYardDog] -- Adding Salvage Point to <Land_Wreck_hb01_aban1_blue<15b9f110>> at Pos <<2189.609131, 16.631990, 799.811646>>
SCRIPT       : [JunkYardDog] -- Adding Fuel Point to <Land_Wreck_hb01_aban1_blue<15b9f110>> at Pos <<2189.609131, 16.631990, 799.811646>>
SCRIPT       : [JunkYardDog] -- Adding Salvage Point to <Land_Wreck_sed01_aban2_wine<15ba2770>> at Pos <<2189.873535, 16.323313, 771.200684>>
SCRIPT       : [JunkYardDog] -- Adding Fuel Point to <Land_Wreck_sed01_aban2_wine<15ba2770>> at Pos <<2189.873535, 16.323313, 771.200684>>
SCRIPT       : [JunkYardDog] -- Adding Salvage Point to <Land_Wreck_Volha_Grey<15b9ccd0>> at Pos <<2189.610596, 16.306944, 794.873230>>
SCRIPT       : [JunkYardDog] -- Adding Fuel Point to <Land_Wreck_Volha_Grey<15b9ccd0>> at Pos <<2189.610596, 16.306944, 794.873230>>
SCRIPT       : [JunkYardDog] -- Adding Salvage Point to <Land_Wreck_Volha_Blue<15b9d5e0>> at Pos <<2191.222412, 16.302639, 856.530334>>
SCRIPT       : [JunkYardDog] -- Adding Fuel Point to <Land_Wreck_Volha_Blue<15b9d5e0>> at Pos <<2191.222412, 16.302639, 856.530334>>
SCRIPT       : [JunkYardDog] -- Adding Salvage Point to <Land_wreck_truck01_aban1_green<15b9fa20>> at Pos <<2219.174316, 15.570000, 674.002136>>
SCRIPT       : [JunkYardDog] -- Adding Fuel Point to <Land_wreck_truck01_aban1_green<15b9fa20>> at Pos <<2219.174316, 15.570000, 674.002136>>
SCRIPT       : [JunkYardDog] -- Adding Salvage Point to <Land_Wreck_hb02_aban1_blue<159344c0>> at Pos <<2220.579102, 16.329824, 695.059814>>
SCRIPT       : [JunkYardDog] -- Adding Fuel Point to <Land_Wreck_hb02_aban1_blue<159344c0>> at Pos <<2220.579102, 16.329824, 695.059814>>
SCRIPT       : [JunkYardDog] -- Adding Salvage Point to <Land_Wreck_Volha_Blue<15934dd0>> at Pos <<2208.104736, 16.302639, 861.314880>>
SCRIPT       : [JunkYardDog] -- Adding Fuel Point to <Land_Wreck_Volha_Blue<15934dd0>> at Pos <<2208.104736, 16.302639, 861.314880>>
SCRIPT       : [JunkYardDog] -- Adding Salvage Point to <Land_Wreck_Volha_Blue<15932080>> at Pos <<2208.975342, 16.305099, 846.381653>>
SCRIPT       : [JunkYardDog] -- Adding Fuel Point to <Land_Wreck_Volha_Blue<15932080>> at Pos <<2208.975342, 16.305099, 846.381653>>
SCRIPT       : [TERJE CORE](INFO): TERJE_STORAGE_VERSION SET TO 1
SCRIPT       : [INFO] Spawning initial hordes...
SCRIPT       : [INFO] Horde spawned (27 zombies) at <5929.598145, 55.759998, 4823.717285>
SCRIPT       : [INFO] Horde spawned (48 zombies) at <5432.458496, 0.890286, 2599.952148>
SCRIPT       : [INFO] Horde spawned (20 zombies) at <2814.808350, 44.410000, 5972.424316>
SCRIPT       : [INFO] Horde spawned (48 zombies) at <6404.106445, 33.747444, 3753.545166>
SCRIPT       : [JunkYardDog] -- Adding Salvage Point to <Land_wreck_truck01_aban1_orange<19d74430>> at Pos <<5919.111328, 55.759144, 4812.186035>>
SCRIPT       : [JunkYardDog] -- Adding Fuel Point to <Land_wreck_truck01_aban1_orange<19d74430>> at Pos <<5919.111328, 55.759144, 4812.186035>>
SCRIPT       : [JunkYardDog] -- Adding Salvage Point to <Land_wreck_truck01_aban2_blue<19d76870>> at Pos <<2814.918213, 44.410267, 5947.968750>>
SCRIPT       : [JunkYardDog] -- Adding Fuel Point to <Land_wreck_truck01_aban2_blue<19d76870>> at Pos <<2814.918213, 44.410267, 5947.968750>>
SCRIPT       : [JunkYardDog] -- Adding Salvage Point to <Static_Wreck_Ural<1b6c0ed0>> at Pos <<2830.821777, 45.597622, 5981.551758>>
SCRIPT       : [JunkYardDog] -- Adding Fuel Point to <Static_Wreck_Ural<1b6c0ed0>> at Pos <<2830.821777, 45.597622, 5981.551758>>
SCRIPT       : [JunkYardDog] -- Adding Salvage Point to <Land_Wreck_hb01_aban2_green<19d814a0>> at Pos <<2848.041748, 45.340523, 5974.695801>>
SCRIPT       : [JunkYardDog] -- Adding Fuel Point to <Land_Wreck_hb01_aban2_green<19d814a0>> at Pos <<2848.041748, 45.340523, 5974.695801>>
SCRIPT       : [JunkYardDog] -- Adding Salvage Point to <Land_Wreck_sed02_aban2_yellow<19d80b90>> at Pos <<2814.938965, 45.068821, 5961.391602>>
SCRIPT       : [JunkYardDog] -- Adding Fuel Point to <Land_Wreck_sed02_aban2_yellow<19d80b90>> at Pos <<2814.938965, 45.068821, 5961.391602>>
SCRIPT       : [JunkYardDog] -- Adding Salvage Point to <Land_Wreck_Uaz<19d84b00>> at Pos <<2805.105469, 45.253162, 5965.519531>>
SCRIPT       : [JunkYardDog] -- Adding Fuel Point to <Land_Wreck_Uaz<19d84b00>> at Pos <<2805.105469, 45.253162, 5965.519531>>
SCRIPT       : [JunkYardDog] -- Adding Salvage Point to <Static_Wreck_HMMWV<1c1f2dc0>> at Pos <<5884.284180, 56.725658, 4877.084473>>
SCRIPT       : [JunkYardDog] -- Adding Fuel Point to <Static_Wreck_HMMWV<1c1f2dc0>> at Pos <<5884.284180, 56.725658, 4877.084473>>
SCRIPT       : [TERJE CORE](INFO): New profile 'R5KkZb3Ywicboa8ntCzbBJK6WLpakj_6yA-ghmDo4lw=' created.
SCRIPT       : [JunkYardDog] -- Adding Salvage Point to <Land_Wreck_Uaz<19d87850>> at Pos <<4033.473389, 29.543093, 1626.107544>>
SCRIPT       : [JunkYardDog] -- Adding Fuel Point to <Land_Wreck_Uaz<19d87850>> at Pos <<4033.473389, 29.543093, 1626.107544>>
SCRIPT       : [JunkYardDog] -- Adding Salvage Point to <Land_Wreck_V3S<243bf3c0>> at Pos <<3957.861084, 30.366205, 1668.957520>>
SCRIPT       : [JunkYardDog] -- Adding Fuel Point to <Land_Wreck_V3S<243bf3c0>> at Pos <<3957.861084, 30.366205, 1668.957520>>
SCRIPT       : [AYSA] [AI WAR ZONES] 
SCRIPT       : [AYSA] ----- Sending cfg -----
SCRIPT       : [AYSA] ----- Pengowski -----
SCRIPT       : 11:35:20.986 [WARNING]	76561198413928129 tried sending Dumpgrah_AMS::<RPCAmmoMakingSettings> which does not seem to exist!
SCRIPT       : 11:35:20.986 [WARNING]	76561198413928129 tried sending Dumpgrah_ABS::<RPCAmmoBuildingSettings> which does not seem to exist!
SCRIPT       : 11:35:20.986 [WARNING]	76561198413928129 tried sending Dumpgrah_AS::<RPCAmmoSmelting> which does not seem to exist!
SCRIPT       : [JunkYardDog] -- Adding Salvage Point to <Land_wreck_truck01_aban1_green<24396740>> at Pos <<7748.199219, 26.130013, 1923.807251>>
SCRIPT       : [JunkYardDog] -- Adding Fuel Point to <Land_wreck_truck01_aban1_green<24396740>> at Pos <<7748.199219, 26.130013, 1923.807251>>
SCRIPT       : [JunkYardDog] -- Adding Salvage Point to <Land_wreck_truck01_aban2_blue<24399490>> at Pos <<7791.678711, 26.130449, 1949.849731>>
SCRIPT       : [JunkYardDog] -- Adding Fuel Point to <Land_wreck_truck01_aban2_blue<24399490>> at Pos <<7791.678711, 26.130449, 1949.849731>>
SCRIPT       : [JunkYardDog] -- Adding Salvage Point to <Land_wreck_truck01_aban1_green<243a49d0>> at Pos <<7829.684570, 26.130013, 2040.784424>>
SCRIPT       : [JunkYardDog] -- Adding Fuel Point to <Land_wreck_truck01_aban1_green<243a49d0>> at Pos <<7829.684570, 26.130013, 2040.784424>>
SCRIPT       : [JunkYardDog] -- Adding Salvage Point to <Land_Wreck_hb01_aban2_green<243a7720>> at Pos <<7822.011230, 27.060753, 2019.668213>>
SCRIPT       : [JunkYardDog] -- Adding Fuel Point to <Land_Wreck_hb01_aban2_green<243a7720>> at Pos <<7822.011230, 27.060753, 2019.668213>>
SCRIPT       : [JunkYardDog] -- Adding Salvage Point to <Land_wreck_truck01_aban2_blue<1e5f1da0>> at Pos <<678.058350, 64.236237, 2329.055664>>
SCRIPT       : [JunkYardDog] -- Adding Fuel Point to <Land_wreck_truck01_aban2_blue<1e5f1da0>> at Pos <<678.058350, 64.236237, 2329.055664>>
SCRIPT       : [JunkYardDog] -- Adding Salvage Point to <Land_wreck_truck01_aban2_blue<1e5eb0e0>> at Pos <<715.291504, 63.917076, 2332.757568>>
SCRIPT       : [JunkYardDog] -- Adding Fuel Point to <Land_wreck_truck01_aban2_blue<1e5eb0e0>> at Pos <<715.291504, 63.917076, 2332.757568>>
SCRIPT       : [JunkYardDog] -- Adding Salvage Point to <Land_wreck_truck01_aban2_blue<1e5f6620>> at Pos <<757.013794, 63.713165, 2308.070557>>
SCRIPT       : [JunkYardDog] -- Adding Fuel Point to <Land_wreck_truck01_aban2_blue<1e5f6620>> at Pos <<757.013794, 63.713165, 2308.070557>>
SCRIPT       : [JunkYardDog] -- Adding Salvage Point to <Land_Wreck_hb01_aban1_white<1e5f8150>> at Pos <<6792.937500, 27.191984, 2287.680664>>
SCRIPT       : [JunkYardDog] -- Adding Fuel Point to <Land_Wreck_hb01_aban1_white<1e5f8150>> at Pos <<6792.937500, 27.191984, 2287.680664>>
SCRIPT       : [JunkYardDog] -- Adding Salvage Point to <Land_Wreck_Lada_Red<1e5f2fc0>> at Pos <<6815.134766, 26.791504, 2287.721436>>
SCRIPT       : [JunkYardDog] -- Adding Fuel Point to <Land_Wreck_Lada_Red<1e5f2fc0>> at Pos <<6815.134766, 26.791504, 2287.721436>>
SCRIPT       : [JunkYardDog] -- Adding Salvage Point to <Land_Wreck_S1023_Blue<1e5f6f30>> at Pos <<6799.867676, 27.129133, 2306.441406>>
SCRIPT       : [JunkYardDog] -- Adding Fuel Point to <Land_Wreck_S1023_Blue<1e5f6f30>> at Pos <<6799.867676, 27.129133, 2306.441406>>
SCRIPT       : [JunkYardDog] -- Adding Salvage Point to <Land_Wreck_sed01_aban2_white<1e5f9c80>> at Pos <<6791.729492, 26.883314, 2315.782227>>
SCRIPT       : [JunkYardDog] -- Adding Fuel Point to <Land_Wreck_sed01_aban2_white<1e5f9c80>> at Pos <<6791.729492, 26.883314, 2315.782227>>
SCRIPT       : [JunkYardDog] -- Adding Salvage Point to <Land_Wreck_Volha_Blue<1e5fa590>> at Pos <<6813.965820, 26.862637, 2316.006592>>
SCRIPT       : [JunkYardDog] -- Adding Fuel Point to <Land_Wreck_Volha_Blue<1e5fa590>> at Pos <<6813.965820, 26.862637, 2316.006592>>
SCRIPT       : [JunkYardDog] -- Adding Salvage Point to <Land_Wreck_Volha_Grey<1e5f41e0>> at Pos <<6813.994141, 26.866932, 2334.999512>>
SCRIPT       : [JunkYardDog] -- Adding Fuel Point to <Land_Wreck_Volha_Grey<1e5f41e0>> at Pos <<6813.994141, 26.866932, 2334.999512>>
SCRIPT       : [JunkYardDog] -- Adding Salvage Point to <Land_Wreck_hb01_aban2_white<1e5f7840>> at Pos <<6813.212402, 27.060757, 2344.288330>>
SCRIPT       : [JunkYardDog] -- Adding Fuel Point to <Land_Wreck_hb01_aban2_white<1e5f7840>> at Pos <<6813.212402, 27.060757, 2344.288330>>
SCRIPT       : [VPPAT] Player "Pengowski" (steamId=76561198413928129) connected to server!
SCRIPT       : [PlayerListManager] AddReceiver ► added: PlayerIdentity<62408a0>
SCRIPT       : [JunkYardDog] -- Adding Salvage Point to <Land_Wreck_sed02_aban1_grey<1e603690>> at Pos <<1396.138306, 35.637531, 2546.402832>>
SCRIPT       : [JunkYardDog] -- Adding Fuel Point to <Land_Wreck_sed02_aban1_grey<1e603690>> at Pos <<1396.138306, 35.637531, 2546.402832>>
SCRIPT       : [JunkYardDog] -- Adding Salvage Point to <Land_Wreck_hb02_aban1_black<1e609130>> at Pos <<1394.962158, 35.359966, 2553.267578>>
SCRIPT       : [JunkYardDog] -- Adding Fuel Point to <Land_Wreck_hb02_aban1_black<1e609130>> at Pos <<1394.962158, 35.359966, 2553.267578>>
SCRIPT       : [JunkYardDog] -- Adding Salvage Point to <Land_Wreck_sed01_aban2_black<1e607f10>> at Pos <<1116.657715, 24.620441, 2728.777588>>
SCRIPT       : [JunkYardDog] -- Adding Fuel Point to <Land_Wreck_sed01_aban2_black<1e607f10>> at Pos <<1116.657715, 24.620441, 2728.777588>>
SCRIPT       : [JunkYardDog] -- Adding Salvage Point to <Static_Wreck_HMMWV<2295fda0>> at Pos <<1601.119751, 96.917114, 2641.708008>>
SCRIPT       : [JunkYardDog] -- Adding Fuel Point to <Static_Wreck_HMMWV<2295fda0>> at Pos <<1601.119751, 96.917114, 2641.708008>>
SCRIPT       : [JunkYardDog] -- Adding Salvage Point to <Land_Wreck_V3S<1e60be80>> at Pos <<1635.956421, 88.992935, 2613.975098>>
SCRIPT       : [JunkYardDog] -- Adding Fuel Point to <Land_Wreck_V3S<1e60be80>> at Pos <<1635.956421, 88.992935, 2613.975098>>
SCRIPT       : [JunkYardDog] -- Adding Salvage Point to <Land_Wreck_sed01_aban1_wine<1e61bc40>> at Pos <<4122.398438, 9.277096, 2768.378906>>
SCRIPT       : [JunkYardDog] -- Adding Fuel Point to <Land_Wreck_sed01_aban1_wine<1e61bc40>> at Pos <<4122.398438, 9.277096, 2768.378906>>
SCRIPT       : [JunkYardDog] -- Adding Salvage Point to <Land_Wreck_S1023_Beige<1e427b20>> at Pos <<4140.333984, 9.529581, 2787.322266>>
SCRIPT       : [JunkYardDog] -- Adding Fuel Point to <Land_Wreck_S1023_Beige<1e427b20>> at Pos <<4140.333984, 9.529581, 2787.322266>>
SCRIPT       : [JunkYardDog] -- Adding Salvage Point to <Land_Wreck_hb01_aban1_green<1e425ff0>> at Pos <<4212.879395, 9.402323, 2870.532715>>
SCRIPT       : [JunkYardDog] -- Adding Fuel Point to <Land_Wreck_hb01_aban1_green<1e425ff0>> at Pos <<4212.879395, 9.402323, 2870.532715>>
SCRIPT       : [JunkYardDog] -- Adding Salvage Point to <Land_Wreck_hb02_aban1_black<1e427210>> at Pos <<4209.152832, 9.069923, 2868.872314>>
SCRIPT       : [JunkYardDog] -- Adding Fuel Point to <Land_Wreck_hb02_aban1_black<1e427210>> at Pos <<4209.152832, 9.069923, 2868.872314>>
SCRIPT       : [JunkYardDog] -- Adding Salvage Point to <Land_Wreck_hb02_aban2_blue<1e43af40>> at Pos <<1699.067871, 53.676994, 2941.936523>>
SCRIPT       : [JunkYardDog] -- Adding Fuel Point to <Land_Wreck_hb02_aban2_blue<1e43af40>> at Pos <<1699.067871, 53.676994, 2941.936523>>
SCRIPT       : [JunkYardDog] -- Adding Salvage Point to <Land_Wreck_sed02_aban1_grey<1e434280>> at Pos <<1696.435181, 53.802372, 2945.981689>>
SCRIPT       : [JunkYardDog] -- Adding Fuel Point to <Land_Wreck_sed02_aban1_grey<1e434280>> at Pos <<1696.435181, 53.802372, 2945.981689>>
SCRIPT       : [JunkYardDog] -- Adding Salvage Point to <Land_wreck_truck01_aban2_blue<1e439410>> at Pos <<1160.065674, 19.777578, 2958.288574>>
SCRIPT       : [JunkYardDog] -- Adding Fuel Point to <Land_wreck_truck01_aban2_blue<1e439410>> at Pos <<1160.065674, 19.777578, 2958.288574>>
SCRIPT       : [JunkYardDog] -- Adding Salvage Point to <Land_wreck_truck01_aban2_blue<1e43c160>> at Pos <<1214.274780, 26.349161, 3033.826904>>
SCRIPT       : [JunkYardDog] -- Adding Fuel Point to <Land_wreck_truck01_aban2_blue<1e43c160>> at Pos <<1214.274780, 26.349161, 3033.826904>>
SCRIPT       : [JunkYardDog] -- Adding Salvage Point to <Land_wreck_truck01_aban1_green<1e43e5a0>> at Pos <<1934.232788, 54.828510, 2858.422119>>
SCRIPT       : [JunkYardDog] -- Adding Fuel Point to <Land_wreck_truck01_aban1_green<1e43e5a0>> at Pos <<1934.232788, 54.828510, 2858.422119>>
SCRIPT       : [JunkYardDog] -- Adding Salvage Point to <Land_Wreck_Volha_Blue<1e441c00>> at Pos <<1980.411499, 55.572750, 2853.582520>>
SCRIPT       : [JunkYardDog] -- Adding Fuel Point to <Land_Wreck_Volha_Blue<1e441c00>> at Pos <<1980.411499, 55.572750, 2853.582520>>
SCRIPT       : [JunkYardDog] -- Adding Salvage Point to <Land_Wreck_S1023_Blue<1e442e20>> at Pos <<1953.849731, 55.799133, 2932.054688>>
SCRIPT       : [JunkYardDog] -- Adding Fuel Point to <Land_Wreck_S1023_Blue<1e442e20>> at Pos <<1953.849731, 55.799133, 2932.054688>>
SCRIPT       : [JunkYardDog] -- Adding Salvage Point to <Land_wreck_truck01_aban2_green<1e44b610>> at Pos <<1990.463745, 54.799999, 2950.553223>>
SCRIPT       : [JunkYardDog] -- Adding Fuel Point to <Land_wreck_truck01_aban2_green<1e44b610>> at Pos <<1990.463745, 54.799999, 2950.553223>>
SCRIPT       : [JunkYardDog] -- Adding Salvage Point to <Land_Wreck_S1023_Blue<1e446d90>> at Pos <<1694.870361, 53.879314, 2993.271240>>
SCRIPT       : [JunkYardDog] -- Adding Fuel Point to <Land_Wreck_S1023_Blue<1e446d90>> at Pos <<1694.870361, 53.879314, 2993.271240>>
SCRIPT       : [JunkYardDog] -- Adding Salvage Point to <Land_Wreck_hb02_aban2_black<1e4476a0>> at Pos <<1700.660400, 53.583584, 2999.756104>>
SCRIPT       : [JunkYardDog] -- Adding Fuel Point to <Land_Wreck_hb02_aban2_black<1e4476a0>> at Pos <<1700.660400, 53.583584, 2999.756104>>
SCRIPT       : [JunkYardDog] -- Adding Salvage Point to <Land_Wreck_sed01_aban2_white<1e4507a0>> at Pos <<4277.748047, 9.107101, 2912.381104>>
SCRIPT       : [JunkYardDog] -- Adding Fuel Point to <Land_Wreck_sed01_aban2_white<1e4507a0>> at Pos <<4277.748047, 9.107101, 2912.381104>>
SCRIPT       : [JunkYardDog] -- Adding Salvage Point to <Land_Wreck_S1023_Blue<1e455930>> at Pos <<4298.631348, 9.299859, 2920.234863>>
SCRIPT       : [JunkYardDog] -- Adding Fuel Point to <Land_Wreck_S1023_Blue<1e455930>> at Pos <<4298.631348, 9.299859, 2920.234863>>
SCRIPT       : [JunkYardDog] -- Adding Salvage Point to <Land_Wreck_sed01_aban1_wine<1e452be0>> at Pos <<4364.196289, 9.089521, 2964.656006>>
SCRIPT       : [JunkYardDog] -- Adding Fuel Point to <Land_Wreck_sed01_aban1_wine<1e452be0>> at Pos <<4364.196289, 9.089521, 2964.656006>>
SCRIPT       : [JunkYardDog] -- Adding Salvage Point to <Land_Wreck_S1023_Beige<1e45aac0>> at Pos <<4366.540039, 9.317929, 2959.253906>>
SCRIPT       : [JunkYardDog] -- Adding Fuel Point to <Land_Wreck_S1023_Beige<1e45aac0>> at Pos <<4366.540039, 9.317929, 2959.253906>>
SCRIPT       : [JunkYardDog] -- Adding Salvage Point to <Static_Wreck_Ural<23b6cfc0>> at Pos <<4376.870117, 9.620098, 2962.276367>>
SCRIPT       : [JunkYardDog] -- Adding Fuel Point to <Static_Wreck_Ural<23b6cfc0>> at Pos <<4376.870117, 9.620098, 2962.276367>>
SCRIPT       : [JunkYardDog] -- Adding Salvage Point to <Land_Wreck_Uaz<1e45b3d0>> at Pos <<4402.050293, 9.211610, 2980.635742>>
SCRIPT       : [JunkYardDog] -- Adding Fuel Point to <Land_Wreck_Uaz<1e45b3d0>> at Pos <<4402.050293, 9.211610, 2980.635742>>
SCRIPT       : [JunkYardDog] -- Adding Salvage Point to <Land_Wreck_V3S<1e45ea30>> at Pos <<4401.866699, 9.521805, 2984.598145>>
SCRIPT       : [JunkYardDog] -- Adding Fuel Point to <Land_Wreck_V3S<1e45ea30>> at Pos <<4401.866699, 9.521805, 2984.598145>>
SCRIPT       : [JunkYardDog] -- Adding Salvage Point to <Land_Wreck_sed01_aban1_white<1e45cf00>> at Pos <<4468.468262, 9.091215, 3022.320557>>
SCRIPT       : [JunkYardDog] -- Adding Fuel Point to <Land_Wreck_sed01_aban1_white<1e45cf00>> at Pos <<4468.468262, 9.091215, 3022.320557>>
SCRIPT       : [JunkYardDog] -- Adding Salvage Point to <Land_Wreck_Uaz<1e460e70>> at Pos <<4466.874512, 9.164693, 3018.305908>>
SCRIPT       : [JunkYardDog] -- Adding Fuel Point to <Land_Wreck_Uaz<1e460e70>> at Pos <<4466.874512, 9.164693, 3018.305908>>
SCRIPT       : [JunkYardDog] -- Adding Salvage Point to <Land_Wreck_sed02_aban1_red<1e45f340>> at Pos <<4455.336914, 9.175952, 3010.512939>>
SCRIPT       : [JunkYardDog] -- Adding Fuel Point to <Land_Wreck_sed02_aban1_red<1e45f340>> at Pos <<4455.336914, 9.175952, 3010.512939>>
SCRIPT       : [JunkYardDog] -- Adding Salvage Point to <Land_Wreck_Uaz<1e45fc50>> at Pos <<1758.055176, 14.243091, 5036.176758>>
SCRIPT       : [JunkYardDog] -- Adding Fuel Point to <Land_Wreck_Uaz<1e45fc50>> at Pos <<1758.055176, 14.243091, 5036.176758>>
SCRIPT       : [JunkYardDog] -- Adding Salvage Point to <Land_Wreck_V3S<23c43a20>> at Pos <<1833.181641, 100.975677, 6551.259766>>
SCRIPT       : [JunkYardDog] -- Adding Fuel Point to <Land_Wreck_V3S<23c43a20>> at Pos <<1833.181641, 100.975677, 6551.259766>>
SCRIPT       : [JunkYardDog] -- Adding Salvage Point to <Land_Wreck_sed01_aban2_black<23c3fab0>> at Pos <<5038.738281, 18.158369, 2921.698730>>
SCRIPT       : [JunkYardDog] -- Adding Fuel Point to <Land_Wreck_sed01_aban2_black<23c3fab0>> at Pos <<5038.738281, 18.158369, 2921.698730>>
SCRIPT       : [JunkYardDog] -- Adding Salvage Point to <Land_Wreck_hb01_aban2_green<23c4d430>> at Pos <<1198.017334, 27.506042, 3042.165283>>
SCRIPT       : [JunkYardDog] -- Adding Fuel Point to <Land_Wreck_hb01_aban2_green<23c4d430>> at Pos <<1198.017334, 27.506042, 3042.165283>>
SCRIPT       : [JunkYardDog] -- Adding Salvage Point to <Land_wreck_truck01_aban1_green<23c49dd0>> at Pos <<1216.473511, 26.249359, 3042.851318>>
SCRIPT       : [JunkYardDog] -- Adding Fuel Point to <Land_wreck_truck01_aban1_green<23c49dd0>> at Pos <<1216.473511, 26.249359, 3042.851318>>
SCRIPT       : [JunkYardDog] -- Adding Salvage Point to <Land_Wreck_Lada_Green<23c5bfd0>> at Pos <<2115.759766, 55.461494, 3096.063721>>
SCRIPT       : [JunkYardDog] -- Adding Fuel Point to <Land_Wreck_Lada_Green<23c5bfd0>> at Pos <<2115.759766, 55.461494, 3096.063721>>
SCRIPT       : [JunkYardDog] -- Adding Salvage Point to <Land_Wreck_hb02_aban1_blue<23c67e20>> at Pos <<2212.228760, 55.559822, 3009.583008>>
SCRIPT       : [JunkYardDog] -- Adding Fuel Point to <Land_Wreck_hb02_aban1_blue<23c67e20>> at Pos <<2212.228760, 55.559822, 3009.583008>>
SCRIPT       : [JunkYardDog] -- Adding Salvage Point to <Land_Wreck_hb02_aban2_blue<23c650d0>> at Pos <<2254.115479, 55.503723, 3137.041992>>
SCRIPT       : [JunkYardDog] -- Adding Fuel Point to <Land_Wreck_hb02_aban2_blue<23c650d0>> at Pos <<2254.115479, 55.503723, 3137.041992>>
SCRIPT       : [JunkYardDog] -- Adding Salvage Point to <Land_Wreck_Lada_Red<23c6c6a0>> at Pos <<2287.553955, 55.461494, 3071.835693>>
SCRIPT       : [JunkYardDog] -- Adding Fuel Point to <Land_Wreck_Lada_Red<23c6c6a0>> at Pos <<2287.553955, 55.461494, 3071.835693>>
SCRIPT       : [JunkYardDog] -- Adding Salvage Point to <Land_Wreck_hb01_aban1_white<23c73c70>> at Pos <<2321.245850, 55.861988, 3077.503174>>
SCRIPT       : [JunkYardDog] -- Adding Fuel Point to <Land_Wreck_hb01_aban1_white<23c73c70>> at Pos <<2321.245850, 55.861988, 3077.503174>>
SCRIPT       : [JunkYardDog] -- Adding Salvage Point to <Land_Wreck_hb02_aban1_red<23c6f3f0>> at Pos <<2323.665283, 55.559822, 3095.309570>>
SCRIPT       : [JunkYardDog] -- Adding Fuel Point to <Land_Wreck_hb02_aban1_red<23c6f3f0>> at Pos <<2323.665283, 55.559822, 3095.309570>>
SCRIPT       : [JunkYardDog] -- Adding Salvage Point to <Land_Wreck_S1023_Beige<23c760b0>> at Pos <<2327.708740, 55.799133, 3096.558594>>
SCRIPT       : [JunkYardDog] -- Adding Fuel Point to <Land_Wreck_S1023_Beige<23c760b0>> at Pos <<2327.708740, 55.799133, 3096.558594>>
SCRIPT       : [JunkYardDog] -- Adding Salvage Point to <Land_Wreck_Volha_Blue<23c769c0>> at Pos <<2335.622314, 55.532642, 3080.989258>>
SCRIPT       : [JunkYardDog] -- Adding Fuel Point to <Land_Wreck_Volha_Blue<23c769c0>> at Pos <<2335.622314, 55.532642, 3080.989258>>
SCRIPT       : [JunkYardDog] -- Adding Salvage Point to <Land_Wreck_sed01_aban1_wine<211256b0>> at Pos <<2129.894043, 55.551632, 3209.930664>>
SCRIPT       : [JunkYardDog] -- Adding Fuel Point to <Land_Wreck_sed01_aban1_wine<211256b0>> at Pos <<2129.894043, 55.551632, 3209.930664>>
SCRIPT       : [JunkYardDog] -- Adding Salvage Point to <Land_Wreck_sed02_aban2_yellow<2112b150>> at Pos <<2202.450684, 55.458824, 3206.056396>>
SCRIPT       : [JunkYardDog] -- Adding Fuel Point to <Land_Wreck_sed02_aban2_yellow<2112b150>> at Pos <<2202.450684, 55.458824, 3206.056396>>
SCRIPT       : [JunkYardDog] -- Adding Salvage Point to <Land_Wreck_Volha_Grey<2112d590>> at Pos <<2212.918945, 55.536942, 3189.282471>>
SCRIPT       : [JunkYardDog] -- Adding Fuel Point to <Land_Wreck_Volha_Grey<2112d590>> at Pos <<2212.918945, 55.536942, 3189.282471>>
SCRIPT       : [JunkYardDog] -- Adding Salvage Point to <Land_Wreck_S1023_Blue<21130bf0>> at Pos <<2247.904053, 55.799133, 3316.416992>>
SCRIPT       : [JunkYardDog] -- Adding Fuel Point to <Land_Wreck_S1023_Blue<21130bf0>> at Pos <<2247.904053, 55.799133, 3316.416992>>
SCRIPT       : [JunkYardDog] -- Adding Salvage Point to <Land_Wreck_hb01_aban2_green<21139cf0>> at Pos <<4848.300293, 32.541470, 3386.592285>>
SCRIPT       : [JunkYardDog] -- Adding Fuel Point to <Land_Wreck_hb01_aban2_green<21139cf0>> at Pos <<4848.300293, 32.541470, 3386.592285>>
SCRIPT       : [JunkYardDog] -- Adding Salvage Point to <Land_Wreck_hb02_aban1_blue<2113dc60>> at Pos <<823.701599, 6.019824, 3368.801758>>
SCRIPT       : [JunkYardDog] -- Adding Fuel Point to <Land_Wreck_hb02_aban1_blue<2113dc60>> at Pos <<823.701599, 6.019824, 3368.801758>>
SCRIPT       : [JunkYardDog] -- Adding Salvage Point to <Land_Wreck_Volha_Blue<211409b0>> at Pos <<826.823242, 5.996944, 3366.731689>>
SCRIPT       : [JunkYardDog] -- Adding Fuel Point to <Land_Wreck_Volha_Blue<211409b0>> at Pos <<826.823242, 5.996944, 3366.731689>>
SCRIPT       : [JunkYardDog] -- Adding Salvage Point to <Static_Wreck_HMMWV<22bb8ae0>> at Pos <<819.898193, 6.167102, 3371.114990>>
SCRIPT       : [JunkYardDog] -- Adding Fuel Point to <Static_Wreck_HMMWV<22bb8ae0>> at Pos <<819.898193, 6.167102, 3371.114990>>
SCRIPT       : [JunkYardDog] -- Adding Salvage Point to <Land_Wreck_hb01_aban1_green<2113c130>> at Pos <<836.449646, 6.321993, 3329.476807>>
SCRIPT       : [JunkYardDog] -- Adding Fuel Point to <Land_Wreck_hb01_aban1_green<2113c130>> at Pos <<836.449646, 6.321993, 3329.476807>>
SCRIPT       : [JunkYardDog] -- Adding Salvage Point to <Land_Wreck_Uaz<2113b820>> at Pos <<836.511536, 6.103186, 3352.479492>>
SCRIPT       : [JunkYardDog] -- Adding Fuel Point to <Land_Wreck_Uaz<2113b820>> at Pos <<836.511536, 6.103186, 3352.479492>>
SCRIPT       : [JunkYardDog] -- Adding Salvage Point to <Land_Wreck_Volha_Blue<21144010>> at Pos <<834.689331, 5.992642, 3349.105225>>
SCRIPT       : [JunkYardDog] -- Adding Fuel Point to <Land_Wreck_Volha_Blue<21144010>> at Pos <<834.689331, 5.992642, 3349.105225>>
SCRIPT       : [JunkYardDog] -- Adding Salvage Point to <Land_Wreck_Lada_Green<21143700>> at Pos <<833.972351, 5.921496, 3363.273682>>
SCRIPT       : [JunkYardDog] -- Adding Fuel Point to <Land_Wreck_Lada_Green<21143700>> at Pos <<833.972351, 5.921496, 3363.273682>>
SCRIPT       : [JunkYardDog] -- Adding Salvage Point to <Static_Wreck_Ural<235e5760>> at Pos <<1617.256104, 43.198124, 3390.516357>>
SCRIPT       : [JunkYardDog] -- Adding Fuel Point to <Static_Wreck_Ural<235e5760>> at Pos <<1617.256104, 43.198124, 3390.516357>>
SCRIPT       : [JunkYardDog] -- Adding Salvage Point to <Land_Wreck_S1023_Blue<2114d110>> at Pos <<1631.635498, 41.915794, 3493.593506>>
SCRIPT       : [JunkYardDog] -- Adding Fuel Point to <Land_Wreck_S1023_Blue<2114d110>> at Pos <<1631.635498, 41.915794, 3493.593506>>
SCRIPT       : [JunkYardDog] -- Adding Salvage Point to <Static_Wreck_Digger<22ac1570>> at Pos <<6431.323242, 14.329387, 3438.257080>>
SCRIPT       : [JunkYardDog] -- Adding Fuel Point to <Static_Wreck_Digger<22ac1570>> at Pos <<6431.323242, 14.329387, 3438.257080>>
SCRIPT       : [JunkYardDog] -- Adding Salvage Point to <Land_wreck_truck01_aban2_blue<21157430>> at Pos <<6445.510254, 8.859630, 3418.687500>>
SCRIPT       : [JunkYardDog] -- Adding Fuel Point to <Land_wreck_truck01_aban2_blue<21157430>> at Pos <<6445.510254, 8.859630, 3418.687500>>
SCRIPT       : [JunkYardDog] -- Adding Salvage Point to <Land_Wreck_Volha_Blue<21156210>> at Pos <<6514.760254, 12.802861, 3451.921143>>
SCRIPT       : [JunkYardDog] -- Adding Fuel Point to <Land_Wreck_Volha_Blue<21156210>> at Pos <<6514.760254, 12.802861, 3451.921143>>
SCRIPT       : [JunkYardDog] -- Adding Salvage Point to <Land_Wreck_hb02_aban2_black<21158f60>> at Pos <<2153.921875, 62.578087, 3496.641602>>
SCRIPT       : [JunkYardDog] -- Adding Fuel Point to <Land_Wreck_hb02_aban2_black<21158f60>> at Pos <<2153.921875, 62.578087, 3496.641602>>
SCRIPT       : [JunkYardDog] -- Adding Salvage Point to <Land_Wreck_S1023_Blue<21159870>> at Pos <<2177.973389, 62.869354, 3496.670654>>
SCRIPT       : [JunkYardDog] -- Adding Fuel Point to <Land_Wreck_S1023_Blue<21159870>> at Pos <<2177.973389, 62.869354, 3496.670654>>
SCRIPT       : [JunkYardDog] -- Adding Salvage Point to <Land_wreck_truck01_aban2_green<2115c5c0>> at Pos <<2551.346924, 50.177830, 3369.015381>>
SCRIPT       : [JunkYardDog] -- Adding Fuel Point to <Land_wreck_truck01_aban2_green<2115c5c0>> at Pos <<2551.346924, 50.177830, 3369.015381>>
SCRIPT       : [JunkYardDog] -- Adding Salvage Point to <Land_Wreck_V3S<2115e0f0>> at Pos <<6412.112793, 22.770052, 3568.562012>>
SCRIPT       : [JunkYardDog] -- Adding Fuel Point to <Land_Wreck_V3S<2115e0f0>> at Pos <<6412.112793, 22.770052, 3568.562012>>
SCRIPT       : =============== WARNING ===============
SCRIPT       : [TerjeMedicine]: You are using the trial version of the 'Terje Medicine' mod.
SCRIPT       : [TerjeMedicine]: To remove this message and watermark - please buy license on terjehub.com
SCRIPT       : =======================================
SCRIPT       : [JunkYardDog] -- Adding Salvage Point to <Land_Wreck_hb01_aban2_green<20765130>> at Pos <<5020.137695, 57.329857, 3655.780273>>
SCRIPT       : [JunkYardDog] -- Adding Fuel Point to <Land_Wreck_hb01_aban2_green<20765130>> at Pos <<5020.137695, 57.329857, 3655.780273>>
SCRIPT       : [JunkYardDog] -- Adding Salvage Point to <Land_Wreck_Lada_Red<20779770>> at Pos <<6584.922852, 22.921497, 3731.354248>>
SCRIPT       : [JunkYardDog] -- Adding Fuel Point to <Land_Wreck_Lada_Red<20779770>> at Pos <<6584.922852, 22.921497, 3731.354248>>
SCRIPT       : [JunkYardDog] -- Adding Salvage Point to <Land_Wreck_hb02_aban2_blue<2077a080>> at Pos <<6562.586426, 22.963718, 3726.796387>>
SCRIPT       : [JunkYardDog] -- Adding Fuel Point to <Land_Wreck_hb02_aban2_blue<2077a080>> at Pos <<6562.586426, 22.963718, 3726.796387>>
SCRIPT       : [JunkYardDog] -- Adding Salvage Point to <Land_Wreck_sed01_aban2_wine<20748c10>> at Pos <<6702.113281, 19.803265, 3643.737061>>
SCRIPT       : [JunkYardDog] -- Adding Fuel Point to <Land_Wreck_sed01_aban2_wine<20748c10>> at Pos <<6702.113281, 19.803265, 3643.737061>>
SCRIPT       : [JunkYardDog] -- Adding Salvage Point to <Land_Wreck_sed02_aban2_red<20744390>> at Pos <<6709.186523, 19.778826, 3728.884033>>
SCRIPT       : [JunkYardDog] -- Adding Fuel Point to <Land_Wreck_sed02_aban2_red<20744390>> at Pos <<6709.186523, 19.778826, 3728.884033>>
SCRIPT       : [JunkYardDog] -- Adding Salvage Point to <Land_Wreck_hb02_aban2_blue<2074cb80>> at Pos <<6690.885254, 19.974657, 3721.251465>>
SCRIPT       : [JunkYardDog] -- Adding Fuel Point to <Land_Wreck_hb02_aban2_blue<2074cb80>> at Pos <<6690.885254, 19.974657, 3721.251465>>
SCRIPT       : [JunkYardDog] -- Adding Salvage Point to <Land_Wreck_hb01_aban2_white<20752620>> at Pos <<6724.634766, 20.050743, 3717.273682>>
SCRIPT       : [JunkYardDog] -- Adding Fuel Point to <Land_Wreck_hb01_aban2_white<20752620>> at Pos <<6724.634766, 20.050743, 3717.273682>>
SCRIPT       : [JunkYardDog] -- Adding Salvage Point to <Land_Wreck_sed02_aban2_red<20752f30>> at Pos <<6759.062988, 19.778826, 3684.049805>>
SCRIPT       : [JunkYardDog] -- Adding Fuel Point to <Land_Wreck_sed02_aban2_red<20752f30>> at Pos <<6759.062988, 19.778826, 3684.049805>>
SCRIPT       : [JunkYardDog] -- Adding Salvage Point to <Land_Wreck_sed02_aban1_grey<207501e0>> at Pos <<6761.558594, 19.981163, 3731.192627>>
SCRIPT       : [JunkYardDog] -- Adding Fuel Point to <Land_Wreck_sed02_aban1_grey<207501e0>> at Pos <<6761.558594, 19.981163, 3731.192627>>
SCRIPT       : [JunkYardDog] -- Adding Salvage Point to <Land_Wreck_hb02_aban2_blue<20755370>> at Pos <<6799.667480, 19.823679, 3640.918213>>
SCRIPT       : [JunkYardDog] -- Adding Fuel Point to <Land_Wreck_hb02_aban2_blue<20755370>> at Pos <<6799.667480, 19.823679, 3640.918213>>
SCRIPT       : [JunkYardDog] -- Adding Salvage Point to <Land_Wreck_sed01_aban1_black<2075b720>> at Pos <<6831.467773, 19.871563, 3620.311768>>
SCRIPT       : [JunkYardDog] -- Adding Fuel Point to <Land_Wreck_sed01_aban1_black<2075b720>> at Pos <<6831.467773, 19.871563, 3620.311768>>
SCRIPT       : [JunkYardDog] -- Adding Salvage Point to <Land_Wreck_hb02_aban2_blue<20754a60>> at Pos <<6819.977051, 19.823761, 3750.709717>>
SCRIPT       : [JunkYardDog] -- Adding Fuel Point to <Land_Wreck_hb02_aban2_blue<20754a60>> at Pos <<6819.977051, 19.823761, 3750.709717>>
SCRIPT       : [JunkYardDog] -- Adding Salvage Point to <Land_Wreck_Volha_Blue<2075c940>> at Pos <<6847.617188, 19.856943, 3745.258301>>
SCRIPT       : [JunkYardDog] -- Adding Fuel Point to <Land_Wreck_Volha_Blue<2075c940>> at Pos <<6847.617188, 19.856943, 3745.258301>>
SCRIPT       : [JunkYardDog] -- Adding Salvage Point to <Land_Wreck_hb01_aban2_green<20755c80>> at Pos <<6852.975586, 19.921343, 3603.544189>>
SCRIPT       : [JunkYardDog] -- Adding Fuel Point to <Land_Wreck_hb01_aban2_green<20755c80>> at Pos <<6852.975586, 19.921343, 3603.544189>>
SCRIPT       : [JunkYardDog] -- Adding Salvage Point to <Land_Wreck_hb01_aban1_green<20756ea0>> at Pos <<6869.846680, 20.181843, 3681.626465>>
SCRIPT       : [JunkYardDog] -- Adding Fuel Point to <Land_Wreck_hb01_aban1_green<20756ea0>> at Pos <<6869.846680, 20.181843, 3681.626465>>
SCRIPT       : [JunkYardDog] -- Adding Salvage Point to <Static_Wreck_Ural<233c8130>> at Pos <<6866.598145, 20.307514, 3730.391846>>
SCRIPT       : [JunkYardDog] -- Adding Fuel Point to <Static_Wreck_Ural<233c8130>> at Pos <<6866.598145, 20.307514, 3730.391846>>
SCRIPT       : [JunkYardDog] -- Adding Salvage Point to <Land_Wreck_Uaz<211fe8f0>> at Pos <<6874.938965, 19.963161, 3725.262695>>
SCRIPT       : [JunkYardDog] -- Adding Fuel Point to <Land_Wreck_Uaz<211fe8f0>> at Pos <<6874.938965, 19.963161, 3725.262695>>
SCRIPT       : [JunkYardDog] -- Adding Salvage Point to <Land_Wreck_Volha_Blue<211fbba0>> at Pos <<6856.781738, 19.852640, 3738.481934>>
SCRIPT       : [JunkYardDog] -- Adding Fuel Point to <Land_Wreck_Volha_Blue<211fbba0>> at Pos <<6856.781738, 19.852640, 3738.481934>>
SCRIPT       : [JunkYardDog] -- Adding Salvage Point to <Land_Wreck_S1023_Blue<212070e0>> at Pos <<4803.539551, 64.369133, 3728.862305>>
SCRIPT       : [JunkYardDog] -- Adding Fuel Point to <Land_Wreck_S1023_Blue<212070e0>> at Pos <<4803.539551, 64.369133, 3728.862305>>
SCRIPT       : [JunkYardDog] -- Adding Salvage Point to <Land_Wreck_hb01_aban2_green<21204ca0>> at Pos <<4824.525391, 64.387871, 3779.143555>>
SCRIPT       : [JunkYardDog] -- Adding Fuel Point to <Land_Wreck_hb01_aban2_green<21204ca0>> at Pos <<4824.525391, 64.387871, 3779.143555>>
SCRIPT       : [JunkYardDog] -- Adding Salvage Point to <Land_Wreck_S1023_Beige<2120a740>> at Pos <<4840.718750, 64.368256, 3751.240479>>
SCRIPT       : [JunkYardDog] -- Adding Fuel Point to <Land_Wreck_S1023_Beige<2120a740>> at Pos <<4840.718750, 64.368256, 3751.240479>>
SCRIPT       : [JunkYardDog] -- Adding Salvage Point to <Land_Wreck_hb01_aban2_green<21209520>> at Pos <<4839.553223, 64.305542, 3765.230713>>
SCRIPT       : [JunkYardDog] -- Adding Fuel Point to <Land_Wreck_hb01_aban2_green<21209520>> at Pos <<4839.553223, 64.305542, 3765.230713>>
SCRIPT       : [JunkYardDog] -- Adding Salvage Point to <Land_Wreck_hb01_aban2_blue<21210af0>> at Pos <<2180.936523, 53.552666, 3931.192139>>
SCRIPT       : [JunkYardDog] -- Adding Fuel Point to <Land_Wreck_hb01_aban2_blue<21210af0>> at Pos <<2180.936523, 53.552666, 3931.192139>>
SCRIPT       : [JunkYardDog] -- Adding Salvage Point to <Land_Wreck_sed02_aban2_grey<21209e30>> at Pos <<4699.536621, 63.070290, 3860.949463>>
SCRIPT       : [JunkYardDog] -- Adding Fuel Point to <Land_Wreck_sed02_aban2_grey<21209e30>> at Pos <<4699.536621, 63.070290, 3860.949463>>
SCRIPT       : [JunkYardDog] -- Adding Salvage Point to <Land_Wreck_sed02_aban2_grey<21215c80>> at Pos <<4724.853027, 63.586708, 3853.726563>>
SCRIPT       : [JunkYardDog] -- Adding Fuel Point to <Land_Wreck_sed02_aban2_grey<21215c80>> at Pos <<4724.853027, 63.586708, 3853.726563>>
SCRIPT       : [JunkYardDog] -- Adding Salvage Point to <Land_Wreck_S1023_Beige<21211d10>> at Pos <<4718.299316, 64.229675, 3876.719482>>
SCRIPT       : [JunkYardDog] -- Adding Fuel Point to <Land_Wreck_S1023_Beige<21211d10>> at Pos <<4718.299316, 64.229675, 3876.719482>>
SCRIPT       : [JunkYardDog] -- Adding Salvage Point to <Static_Wreck_HMMWV<222de670>> at Pos <<6495.533203, 23.534365, 3766.114502>>
SCRIPT       : [JunkYardDog] -- Adding Fuel Point to <Static_Wreck_HMMWV<222de670>> at Pos <<6495.533203, 23.534365, 3766.114502>>
SCRIPT       : [JunkYardDog] -- Adding Salvage Point to <Land_Wreck_hb01_aban1_white<2121f690>> at Pos <<6710.812012, 23.321987, 3784.421631>>
SCRIPT       : [JunkYardDog] -- Adding Fuel Point to <Land_Wreck_hb01_aban1_white<2121f690>> at Pos <<6710.812012, 23.321987, 3784.421631>>
SCRIPT       : [JunkYardDog] -- Adding Salvage Point to <Land_Wreck_sed02_aban2_red<212211c0>> at Pos <<6692.140137, 22.918825, 3782.487061>>
SCRIPT       : [JunkYardDog] -- Adding Fuel Point to <Land_Wreck_sed02_aban2_red<212211c0>> at Pos <<6692.140137, 22.918825, 3782.487061>>
SCRIPT       : [JunkYardDog] -- Adding Salvage Point to <Land_Wreck_sed01_aban2_wine<21226c60>> at Pos <<6727.119629, 23.013319, 3792.527588>>
SCRIPT       : [JunkYardDog] -- Adding Fuel Point to <Land_Wreck_sed01_aban2_wine<21226c60>> at Pos <<6727.119629, 23.013319, 3792.527588>>
SCRIPT       : [JunkYardDog] -- Adding Salvage Point to <Land_Wreck_hb01_aban1_white<21227570>> at Pos <<6730.743652, 23.321777, 3837.897217>>
SCRIPT       : [JunkYardDog] -- Adding Fuel Point to <Land_Wreck_hb01_aban1_white<21227570>> at Pos <<6730.743652, 23.321777, 3837.897217>>
SCRIPT       : [JunkYardDog] -- Adding Salvage Point to <Land_Wreck_hb01_aban2_white<21230670>> at Pos <<6872.898438, 20.053711, 3821.324463>>
SCRIPT       : [JunkYardDog] -- Adding Fuel Point to <Land_Wreck_hb01_aban2_white<21230670>> at Pos <<6872.898438, 20.053711, 3821.324463>>
SCRIPT       : [JunkYardDog] -- Adding Salvage Point to <Land_Wreck_S1023_Beige<21233cd0>> at Pos <<7241.085938, 12.602215, 3909.716064>>
SCRIPT       : [JunkYardDog] -- Adding Fuel Point to <Land_Wreck_S1023_Beige<21233cd0>> at Pos <<7241.085938, 12.602215, 3909.716064>>
SCRIPT       : [JunkYardDog] -- Adding Salvage Point to <Land_Wreck_hb02_aban1_blue<23292790>> at Pos <<2676.558350, 22.509787, 4258.541504>>
SCRIPT       : [JunkYardDog] -- Adding Fuel Point to <Land_Wreck_hb02_aban1_blue<23292790>> at Pos <<2676.558350, 22.509787, 4258.541504>>
SCRIPT       : [JunkYardDog] -- Adding Salvage Point to <Land_Wreck_hb01_aban2_green<2328b1c0>> at Pos <<2684.344971, 22.680710, 4261.977051>>
SCRIPT       : [JunkYardDog] -- Adding Fuel Point to <Land_Wreck_hb01_aban2_green<2328b1c0>> at Pos <<2684.344971, 22.680710, 4261.977051>>
SCRIPT       : [JunkYardDog] -- Adding Salvage Point to <Static_Wreck_Ural<2376ac40>> at Pos <<2742.193359, 22.937517, 4214.781738>>
SCRIPT       : [JunkYardDog] -- Adding Fuel Point to <Static_Wreck_Ural<2376ac40>> at Pos <<2742.193359, 22.937517, 4214.781738>>
SCRIPT       : [JunkYardDog] -- Adding Salvage Point to <Land_Wreck_sed01_aban2_white<2328bad0>> at Pos <<2737.497559, 22.503317, 4281.575684>>
SCRIPT       : [JunkYardDog] -- Adding Fuel Point to <Land_Wreck_sed01_aban2_white<2328bad0>> at Pos <<2737.497559, 22.503317, 4281.575684>>
SCRIPT       : [JunkYardDog] -- Adding Salvage Point to <Static_Wreck_Ural<23771200>> at Pos <<2741.775635, 22.937517, 4281.863281>>
SCRIPT       : [JunkYardDog] -- Adding Fuel Point to <Static_Wreck_Ural<23771200>> at Pos <<2741.775635, 22.937517, 4281.863281>>
SCRIPT       : [JunkYardDog] -- Adding Salvage Point to <Land_wreck_truck01_aban1_blue<2329b890>> at Pos <<2810.660889, 20.087723, 4116.440918>>
SCRIPT       : [JunkYardDog] -- Adding Fuel Point to <Land_wreck_truck01_aban1_blue<2329b890>> at Pos <<2810.660889, 20.087723, 4116.440918>>
SCRIPT       : [JunkYardDog] -- Adding Salvage Point to <Land_wreck_truck01_aban1_blue<23294bd0>> at Pos <<2798.806152, 21.769676, 4212.787109>>
SCRIPT       : [JunkYardDog] -- Adding Fuel Point to <Land_wreck_truck01_aban1_blue<23294bd0>> at Pos <<2798.806152, 21.769676, 4212.787109>>
SCRIPT       : [JunkYardDog] -- Adding Salvage Point to <Land_Wreck_V3S<2329cab0>> at Pos <<2784.825928, 23.352980, 4211.248535>>
SCRIPT       : [JunkYardDog] -- Adding Fuel Point to <Land_Wreck_V3S<2329cab0>> at Pos <<2784.825928, 23.352980, 4211.248535>>
SCRIPT       : [JunkYardDog] -- Adding Salvage Point to <Land_Wreck_hb01_aban2_green<232954e0>> at Pos <<2807.488037, 22.720764, 4245.785645>>
SCRIPT       : [JunkYardDog] -- Adding Fuel Point to <Land_Wreck_hb01_aban2_green<232954e0>> at Pos <<2807.488037, 22.720764, 4245.785645>>
SCRIPT       : [JunkYardDog] -- Adding Salvage Point to <Land_Wreck_S1023_Beige<2329e5e0>> at Pos <<2819.717773, 22.749136, 4178.873047>>
SCRIPT       : [JunkYardDog] -- Adding Fuel Point to <Land_Wreck_S1023_Beige<2329e5e0>> at Pos <<2819.717773, 22.749136, 4178.873047>>
SCRIPT       : [JunkYardDog] -- Adding Salvage Point to <Land_Wreck_sed02_aban1_yellow<232a2e60>> at Pos <<2818.235596, 22.611118, 4184.325684>>
SCRIPT       : [JunkYardDog] -- Adding Fuel Point to <Land_Wreck_sed02_aban1_yellow<232a2e60>> at Pos <<2818.235596, 22.611118, 4184.325684>>
SCRIPT       : [JunkYardDog] -- Adding Salvage Point to <Land_Wreck_hb02_aban2_blue<232a3770>> at Pos <<2816.620850, 22.453724, 4193.337402>>
SCRIPT       : [JunkYardDog] -- Adding Fuel Point to <Land_Wreck_hb02_aban2_blue<232a3770>> at Pos <<2816.620850, 22.453724, 4193.337402>>
SCRIPT       : [JunkYardDog] -- Adding Salvage Point to <Land_Wreck_hb01_aban2_green<232a4080>> at Pos <<2869.579834, 22.680765, 4246.282715>>
SCRIPT       : [JunkYardDog] -- Adding Fuel Point to <Land_Wreck_hb01_aban2_green<232a4080>> at Pos <<2869.579834, 22.680765, 4246.282715>>
SCRIPT       : [JunkYardDog] -- Adding Salvage Point to <Static_Wreck_Ural<24692020>> at Pos <<2640.219971, 22.937519, 4311.674805>>
SCRIPT       : [JunkYardDog] -- Adding Fuel Point to <Static_Wreck_Ural<24692020>> at Pos <<2640.219971, 22.937519, 4311.674805>>
SCRIPT       : [JunkYardDog] -- Adding Salvage Point to <Land_Wreck_sed01_aban2_black<232ab650>> at Pos <<2691.470703, 22.503296, 4264.389648>>
SCRIPT       : [JunkYardDog] -- Adding Fuel Point to <Land_Wreck_sed01_aban2_black<232ab650>> at Pos <<2691.470703, 22.503296, 4264.389648>>
SCRIPT       : [JunkYardDog] -- Adding Salvage Point to <Land_wreck_truck01_aban1_green<232abf60>> at Pos <<2716.256348, 21.749977, 4308.479004>>
SCRIPT       : [JunkYardDog] -- Adding Fuel Point to <Land_wreck_truck01_aban1_green<232abf60>> at Pos <<2716.256348, 21.749977, 4308.479004>>
SCRIPT       : [JunkYardDog] -- Adding Salvage Point to <Land_Wreck_hb02_aban2_blue<232b6b90>> at Pos <<2611.024414, 22.455366, 4323.901855>>
SCRIPT       : [JunkYardDog] -- Adding Fuel Point to <Land_Wreck_hb02_aban2_blue<232b6b90>> at Pos <<2611.024414, 22.455366, 4323.901855>>
SCRIPT       : [JunkYardDog] -- Adding Salvage Point to <Land_Wreck_sed02_aban2_red<232bcf40>> at Pos <<2738.569580, 22.408852, 4322.895020>>
SCRIPT       : [JunkYardDog] -- Adding Fuel Point to <Land_Wreck_sed02_aban2_red<232bcf40>> at Pos <<2738.569580, 22.408852, 4322.895020>>
SCRIPT       : [JunkYardDog] -- Adding Salvage Point to <Land_wreck_truck01_aban1_green<232b8fd0>> at Pos <<3034.269531, 14.499722, 4376.473145>>
SCRIPT       : [JunkYardDog] -- Adding Fuel Point to <Land_wreck_truck01_aban1_green<232b8fd0>> at Pos <<3034.269531, 14.499722, 4376.473145>>
SCRIPT       : [JunkYardDog] -- Adding Salvage Point to <Land_wreck_truck01_aban1_green<232c0eb0>> at Pos <<2667.069336, 21.749977, 4397.702148>>
SCRIPT       : [JunkYardDog] -- Adding Fuel Point to <Land_wreck_truck01_aban1_green<232c0eb0>> at Pos <<2667.069336, 21.749977, 4397.702148>>
SCRIPT       : [JunkYardDog] -- Adding Salvage Point to <Land_Wreck_sed01_aban2_black<232c32f0>> at Pos <<3859.884521, 8.728336, 4309.963379>>
SCRIPT       : [JunkYardDog] -- Adding Fuel Point to <Land_Wreck_sed01_aban2_black<232c32f0>> at Pos <<3859.884521, 8.728336, 4309.963379>>
SCRIPT       : [JunkYardDog] -- Adding Salvage Point to <Land_Wreck_S1023_Blue<220d2dc0>> at Pos <<3719.145508, 7.122676, 4764.018066>>
SCRIPT       : [JunkYardDog] -- Adding Fuel Point to <Land_Wreck_S1023_Blue<220d2dc0>> at Pos <<3719.145508, 7.122676, 4764.018066>>
SCRIPT       : [JunkYardDog] -- Adding Salvage Point to <Land_Wreck_sed02_aban1_yellow<220d0070>> at Pos <<3735.343750, 6.071608, 4808.163574>>
SCRIPT       : [JunkYardDog] -- Adding Fuel Point to <Land_Wreck_sed02_aban1_yellow<220d0070>> at Pos <<3735.343750, 6.071608, 4808.163574>>
SCRIPT       : [JunkYardDog] -- Adding Salvage Point to <Land_Wreck_sed02_aban2_red<220d8860>> at Pos <<3759.895508, 8.890735, 4681.981934>>
SCRIPT       : [JunkYardDog] -- Adding Fuel Point to <Land_Wreck_sed02_aban2_red<220d8860>> at Pos <<3759.895508, 8.890735, 4681.981934>>
SCRIPT       : [JunkYardDog] -- Adding Salvage Point to <Land_Wreck_sed01_aban2_wine<220daca0>> at Pos <<3766.216064, 6.406448, 4791.819336>>
SCRIPT       : [JunkYardDog] -- Adding Fuel Point to <Land_Wreck_sed01_aban2_wine<220daca0>> at Pos <<3766.216064, 6.406448, 4791.819336>>
SCRIPT       : [JunkYardDog] -- Adding Salvage Point to <Land_Wreck_S1023_Blue<220dd0e0>> at Pos <<3780.867676, 10.299513, 4680.508789>>
SCRIPT       : [JunkYardDog] -- Adding Fuel Point to <Land_Wreck_S1023_Blue<220dd0e0>> at Pos <<3780.867676, 10.299513, 4680.508789>>
SCRIPT       : [JunkYardDog] -- Adding Salvage Point to <Land_Wreck_hb02_aban1_red<220e3490>> at Pos <<3801.428467, 6.901230, 4842.263184>>
SCRIPT       : [JunkYardDog] -- Adding Fuel Point to <Land_Wreck_hb02_aban1_red<220e3490>> at Pos <<3801.428467, 6.901230, 4842.263184>>
SCRIPT       : [JunkYardDog] -- Adding Salvage Point to <Land_Wreck_S1023_Beige<220dfe30>> at Pos <<3817.401855, 10.223800, 4742.045410>>
SCRIPT       : [JunkYardDog] -- Adding Fuel Point to <Land_Wreck_S1023_Beige<220dfe30>> at Pos <<3817.401855, 10.223800, 4742.045410>>
SCRIPT       : [JunkYardDog] -- Adding Salvage Point to <Land_Wreck_sed01_aban2_black<220dbec0>> at Pos <<3828.599854, 8.050538, 4823.319824>>
SCRIPT       : [JunkYardDog] -- Adding Fuel Point to <Land_Wreck_sed01_aban2_black<220dbec0>> at Pos <<3828.599854, 8.050538, 4823.319824>>
SCRIPT       : [JunkYardDog] -- Adding Salvage Point to <Land_Wreck_hb02_aban2_blue<220e8620>> at Pos <<3856.171631, 10.045047, 4794.500977>>
SCRIPT       : [JunkYardDog] -- Adding Fuel Point to <Land_Wreck_hb02_aban2_blue<220e8620>> at Pos <<3856.171631, 10.045047, 4794.500977>>
SCRIPT       : [JunkYardDog] -- Adding Salvage Point to <Land_Wreck_sed02_aban1_yellow<220f9600>> at Pos <<4114.163574, 19.449715, 4717.878418>>
SCRIPT       : [JunkYardDog] -- Adding Fuel Point to <Land_Wreck_sed02_aban1_yellow<220f9600>> at Pos <<4114.163574, 19.449715, 4717.878418>>
SCRIPT       : [JunkYardDog] -- Adding Salvage Point to <Land_wreck_truck01_aban1_green<220f83e0>> at Pos <<4122.627930, 18.290009, 4743.172852>>
SCRIPT       : [JunkYardDog] -- Adding Fuel Point to <Land_wreck_truck01_aban1_green<220f83e0>> at Pos <<4122.627930, 18.290009, 4743.172852>>
SCRIPT       : [JunkYardDog] -- Adding Salvage Point to <Land_wreck_truck01_aban2_green<220f5690>> at Pos <<4108.664551, 18.289909, 4744.322754>>
SCRIPT       : [JunkYardDog] -- Adding Fuel Point to <Land_wreck_truck01_aban2_green<220f5690>> at Pos <<4108.664551, 18.289909, 4744.322754>>
SCRIPT       : [JunkYardDog] -- Adding Salvage Point to <Land_Wreck_Volha_Grey<220f8cf0>> at Pos <<4100.645020, 19.026533, 4759.570313>>
SCRIPT       : [JunkYardDog] -- Adding Fuel Point to <Land_Wreck_Volha_Grey<220f8cf0>> at Pos <<4100.645020, 19.026533, 4759.570313>>
SCRIPT       : [JunkYardDog] -- Adding Salvage Point to <Land_Wreck_sed02_aban1_red<220fd570>> at Pos <<4107.166992, 19.151075, 4755.400879>>
SCRIPT       : [JunkYardDog] -- Adding Fuel Point to <Land_Wreck_sed02_aban1_red<220fd570>> at Pos <<4107.166992, 19.151075, 4755.400879>>
SCRIPT       : [JunkYardDog] -- Adding Salvage Point to <Land_Wreck_S1023_Beige<221002c0>> at Pos <<4149.750000, 19.289003, 4715.800781>>
SCRIPT       : [JunkYardDog] -- Adding Fuel Point to <Land_Wreck_S1023_Beige<221002c0>> at Pos <<4149.750000, 19.289003, 4715.800781>>
SCRIPT       : [JunkYardDog] -- Adding Salvage Point to <Static_Wreck_S120_Red<23503100>> at Pos <<4136.913574, 18.872761, 4765.711914>>
SCRIPT       : [JunkYardDog] -- Adding Fuel Point to <Static_Wreck_S120_Red<23503100>> at Pos <<4136.913574, 18.872761, 4765.711914>>
SCRIPT       : [JunkYardDog] -- Adding Salvage Point to <Land_Wreck_S1023_Blue<22100bd0>> at Pos <<4129.161133, 19.288994, 4773.328125>>
SCRIPT       : [JunkYardDog] -- Adding Fuel Point to <Land_Wreck_S1023_Blue<22100bd0>> at Pos <<4129.161133, 19.288994, 4773.328125>>
SCRIPT       : [JunkYardDog] -- Adding Salvage Point to <Land_Wreck_S1023_Beige<22104b40>> at Pos <<4147.642090, 19.289003, 4799.933105>>
SCRIPT       : [JunkYardDog] -- Adding Fuel Point to <Land_Wreck_S1023_Beige<22104b40>> at Pos <<4147.642090, 19.289003, 4799.933105>>
SCRIPT       : [JunkYardDog] -- Adding Salvage Point to <Land_wreck_truck01_aban1_green<2210aef0>> at Pos <<4073.733398, 8.597504, 4902.517578>>
SCRIPT       : [JunkYardDog] -- Adding Fuel Point to <Land_wreck_truck01_aban1_green<2210aef0>> at Pos <<4073.733398, 8.597504, 4902.517578>>
SCRIPT       : [JunkYardDog] -- Adding Salvage Point to <Land_Wreck_S1023_Blue<2210d330>> at Pos <<4308.737793, 14.351048, 4848.309570>>
SCRIPT       : [JunkYardDog] -- Adding Fuel Point to <Land_Wreck_S1023_Blue<2210d330>> at Pos <<4308.737793, 14.351048, 4848.309570>>
SCRIPT       : [JunkYardDog] -- Adding Salvage Point to <Land_Wreck_hb01_aban2_green<22110080>> at Pos <<4305.057129, 7.228928, 4979.836426>>
SCRIPT       : [JunkYardDog] -- Adding Fuel Point to <Land_Wreck_hb01_aban2_green<22110080>> at Pos <<4305.057129, 7.228928, 4979.836426>>
SCRIPT       : [JunkYardDog] -- Adding Salvage Point to <Land_wreck_truck01_aban1_green<1bbc4350>> at Pos <<4113.199707, 6.187442, 5032.830566>>
SCRIPT       : [JunkYardDog] -- Adding Fuel Point to <Land_wreck_truck01_aban1_green<1bbc4350>> at Pos <<4113.199707, 6.187442, 5032.830566>>
SCRIPT       : [JunkYardDog] -- Adding Salvage Point to <Static_Wreck_S120_Red<2d53b520>> at Pos <<7544.621094, 5.436483, 5380.042969>>
SCRIPT       : [JunkYardDog] -- Adding Fuel Point to <Static_Wreck_S120_Red<2d53b520>> at Pos <<7544.621094, 5.436483, 5380.042969>>
SCRIPT       : [JunkYardDog] -- Adding Salvage Point to <Land_Wreck_S1023_Beige<1bbafd10>> at Pos <<7560.758789, 5.852903, 5373.926270>>
SCRIPT       : [JunkYardDog] -- Adding Fuel Point to <Land_Wreck_S1023_Beige<1bbafd10>> at Pos <<7560.758789, 5.852903, 5373.926270>>
SCRIPT       : [JunkYardDog] -- Adding Salvage Point to <Land_Wreck_sed01_aban1_white<1bbba030>> at Pos <<7584.123535, 5.605834, 5391.034668>>
SCRIPT       : [JunkYardDog] -- Adding Fuel Point to <Land_Wreck_sed01_aban1_white<1bbba030>> at Pos <<7584.123535, 5.605834, 5391.034668>>
SCRIPT       : [JunkYardDog] -- Adding Salvage Point to <Land_Wreck_sed02_aban2_grey<2d0db6d0>> at Pos <<7591.117676, 5.512155, 5424.438965>>
SCRIPT       : [JunkYardDog] -- Adding Fuel Point to <Land_Wreck_sed02_aban2_grey<2d0db6d0>> at Pos <<7591.117676, 5.512155, 5424.438965>>
SCRIPT       : [JunkYardDog] -- Adding Salvage Point to <Land_wreck_truck01_aban1_green<2d0d8980>> at Pos <<7639.947754, 2.431362, 5380.312500>>
SCRIPT       : [JunkYardDog] -- Adding Fuel Point to <Land_wreck_truck01_aban1_green<2d0d8980>> at Pos <<7639.947754, 2.431362, 5380.312500>>
SCRIPT       : [JunkYardDog] -- Adding Salvage Point to <Land_wreck_truck01_aban1_green<2d0dadc0>> at Pos <<7564.761230, 4.620555, 5456.931152>>
SCRIPT       : [JunkYardDog] -- Adding Fuel Point to <Land_wreck_truck01_aban1_green<2d0dadc0>> at Pos <<7564.761230, 4.620555, 5456.931152>>
SCRIPT       : [JunkYardDog] -- Adding Salvage Point to <Land_wreck_truck01_aban1_green<2d0e0860>> at Pos <<7576.934570, 4.695323, 5473.101563>>
SCRIPT       : [JunkYardDog] -- Adding Fuel Point to <Land_wreck_truck01_aban1_green<2d0e0860>> at Pos <<7576.934570, 4.695323, 5473.101563>>
SCRIPT       : [JunkYardDog] -- Adding Salvage Point to <Static_Wreck_Digger<2e5cd530>> at Pos <<1941.428833, 29.596369, 5458.365723>>
SCRIPT       : [JunkYardDog] -- Adding Fuel Point to <Static_Wreck_Digger<2e5cd530>> at Pos <<1941.428833, 29.596369, 5458.365723>>
SCRIPT       : [JunkYardDog] -- Adding Salvage Point to <Land_wreck_truck01_aban2_green<2d0e1a80>> at Pos <<1983.561523, 26.352739, 5438.261719>>
SCRIPT       : [JunkYardDog] -- Adding Fuel Point to <Land_wreck_truck01_aban2_green<2d0e1a80>> at Pos <<1983.561523, 26.352739, 5438.261719>>
SCRIPT       : [JunkYardDog] -- Adding Salvage Point to <Land_Wreck_hb01_aban1_green<2d0ec6b0>> at Pos <<2654.958008, 44.713528, 5724.151367>>
SCRIPT       : [JunkYardDog] -- Adding Fuel Point to <Land_Wreck_hb01_aban1_green<2d0ec6b0>> at Pos <<2654.958008, 44.713528, 5724.151367>>
SCRIPT       : [JunkYardDog] -- Adding Salvage Point to <Land_Wreck_S1023_Beige<2d0f60c0>> at Pos <<2683.746826, 44.939110, 5746.486328>>
SCRIPT       : [JunkYardDog] -- Adding Fuel Point to <Land_Wreck_S1023_Beige<2d0f60c0>> at Pos <<2683.746826, 44.939110, 5746.486328>>
SCRIPT       : [JunkYardDog] -- Adding Salvage Point to <Land_Wreck_hb02_aban1_blue<2d0fa940>> at Pos <<2661.987061, 44.699776, 5789.193848>>
SCRIPT       : [JunkYardDog] -- Adding Fuel Point to <Land_Wreck_hb02_aban1_blue<2d0fa940>> at Pos <<2661.987061, 44.699776, 5789.193848>>
SCRIPT       : [JunkYardDog] -- Adding Salvage Point to <Land_Wreck_S1023_Blue<2d0f8500>> at Pos <<2371.412842, 43.496582, 5728.241699>>
SCRIPT       : [JunkYardDog] -- Adding Fuel Point to <Land_Wreck_S1023_Blue<2d0f8500>> at Pos <<2371.412842, 43.496582, 5728.241699>>
SCRIPT       : [JunkYardDog] -- Adding Salvage Point to <Land_Wreck_Volha_Grey<2d0fbb60>> at Pos <<2421.758545, 43.742401, 5807.520996>>
SCRIPT       : [JunkYardDog] -- Adding Fuel Point to <Land_Wreck_Volha_Grey<2d0fbb60>> at Pos <<2421.758545, 43.742401, 5807.520996>>
SCRIPT       : [JunkYardDog] -- Adding Salvage Point to <Land_wreck_truck01_aban1_green<2d0f57b0>> at Pos <<2450.226807, 40.559982, 5649.437500>>
SCRIPT       : [JunkYardDog] -- Adding Fuel Point to <Land_wreck_truck01_aban1_green<2d0f57b0>> at Pos <<2450.226807, 40.559982, 5649.437500>>
SCRIPT       : [JunkYardDog] -- Adding Salvage Point to <Land_Wreck_sed01_aban1_white<2d0f72e0>> at Pos <<2437.632080, 41.311764, 5660.528320>>
SCRIPT       : [JunkYardDog] -- Adding Fuel Point to <Land_Wreck_sed01_aban1_white<2d0f72e0>> at Pos <<2437.632080, 41.311764, 5660.528320>>
SCRIPT       : [JunkYardDog] -- Adding Salvage Point to <Land_Wreck_sed02_aban1_yellow<2d0fd690>> at Pos <<2458.110107, 41.420834, 5639.807617>>
SCRIPT       : [JunkYardDog] -- Adding Fuel Point to <Land_Wreck_sed02_aban1_yellow<2d0fd690>> at Pos <<2458.110107, 41.420834, 5639.807617>>
SCRIPT       : [JunkYardDog] -- Adding Salvage Point to <Land_Wreck_hb01_aban2_white<2d1003e0>> at Pos <<2439.950195, 41.490433, 5657.282227>>
SCRIPT       : [JunkYardDog] -- Adding Fuel Point to <Land_Wreck_hb01_aban2_white<2d1003e0>> at Pos <<2439.950195, 41.490433, 5657.282227>>
SCRIPT       : [JunkYardDog] -- Adding Salvage Point to <Land_Wreck_sed02_aban1_yellow<2d103a40>> at Pos <<2639.423584, 44.801090, 5811.221191>>
SCRIPT       : [JunkYardDog] -- Adding Fuel Point to <Land_Wreck_sed02_aban1_yellow<2d103a40>> at Pos <<2639.423584, 44.801090, 5811.221191>>
SCRIPT       : [JunkYardDog] -- Adding Salvage Point to <Land_Wreck_Uaz<2d0fc470>> at Pos <<2644.460693, 44.783184, 5822.029785>>
SCRIPT       : [JunkYardDog] -- Adding Fuel Point to <Land_Wreck_Uaz<2d0fc470>> at Pos <<2644.460693, 44.783184, 5822.029785>>
SCRIPT       : [JunkYardDog] -- Adding Salvage Point to <Land_Wreck_Uaz<2d104350>> at Pos <<2643.558105, 44.783184, 5808.225586>>
SCRIPT       : [JunkYardDog] -- Adding Fuel Point to <Land_Wreck_Uaz<2d104350>> at Pos <<2643.558105, 44.783184, 5808.225586>>
SCRIPT       : [JunkYardDog] -- Adding Salvage Point to <Land_Wreck_hb01_aban2_green<2d0fcd80>> at Pos <<2673.965576, 44.870831, 5793.650879>>
SCRIPT       : [JunkYardDog] -- Adding Fuel Point to <Land_Wreck_hb01_aban2_green<2d0fcd80>> at Pos <<2673.965576, 44.870831, 5793.650879>>
SCRIPT       : [JunkYardDog] -- Adding Salvage Point to <Static_Wreck_HMMWV<2d924ac0>> at Pos <<2666.219971, 44.847099, 5800.727539>>
SCRIPT       : [JunkYardDog] -- Adding Fuel Point to <Static_Wreck_HMMWV<2d924ac0>> at Pos <<2666.219971, 44.847099, 5800.727539>>
SCRIPT       : [JunkYardDog] -- Adding Salvage Point to <Land_Wreck_sed02_aban1_red<2d104c60>> at Pos <<2659.995361, 44.801193, 5807.961426>>
SCRIPT       : [JunkYardDog] -- Adding Fuel Point to <Land_Wreck_sed02_aban1_red<2d104c60>> at Pos <<2659.995361, 44.801193, 5807.961426>>
SCRIPT       : [JunkYardDog] -- Adding Salvage Point to <Land_Wreck_S1023_Blue<2d106790>> at Pos <<2727.486084, 44.938980, 5785.161621>>
SCRIPT       : [JunkYardDog] -- Adding Fuel Point to <Land_Wreck_S1023_Blue<2d106790>> at Pos <<2727.486084, 44.938980, 5785.161621>>
SCRIPT       : [JunkYardDog] -- Adding Salvage Point to <Land_Wreck_hb02_aban2_black<2d10c230>> at Pos <<2723.134277, 44.643723, 5779.775879>>
SCRIPT       : [JunkYardDog] -- Adding Fuel Point to <Land_Wreck_hb02_aban2_black<2d10c230>> at Pos <<2723.134277, 44.643723, 5779.775879>>
SCRIPT       : [JunkYardDog] -- Adding Salvage Point to <Land_Wreck_hb02_aban1_black<2d110ab0>> at Pos <<2538.637939, 44.699844, 5876.207520>>
SCRIPT       : [JunkYardDog] -- Adding Fuel Point to <Land_Wreck_hb02_aban1_black<2d110ab0>> at Pos <<2538.637939, 44.699844, 5876.207520>>
SCRIPT       : [JunkYardDog] -- Adding Salvage Point to <Static_Wreck_HMMWV<2d873ba0>> at Pos <<2623.375732, 44.847099, 5848.700195>>
SCRIPT       : [JunkYardDog] -- Adding Fuel Point to <Static_Wreck_HMMWV<2d873ba0>> at Pos <<2623.375732, 44.847099, 5848.700195>>
SCRIPT       : [JunkYardDog] -- Adding Salvage Point to <Static_Wreck_HMMWV<2d874730>> at Pos <<2646.334229, 44.847099, 5851.226563>>
SCRIPT       : [JunkYardDog] -- Adding Fuel Point to <Static_Wreck_HMMWV<2d874730>> at Pos <<2646.334229, 44.847099, 5851.226563>>
SCRIPT       : [JunkYardDog] -- Adding Salvage Point to <Land_Wreck_sed01_aban1_white<2d10dd60>> at Pos <<2665.644287, 44.691658, 5906.048828>>
SCRIPT       : [JunkYardDog] -- Adding Fuel Point to <Land_Wreck_sed01_aban1_white<2d10dd60>> at Pos <<2665.644287, 44.691658, 5906.048828>>
SCRIPT       : [JunkYardDog] -- Adding Salvage Point to <Land_wreck_truck01_aban1_green<2ed82820>> at Pos <<2329.816895, 48.653950, 6005.964844>>
SCRIPT       : [JunkYardDog] -- Adding Fuel Point to <Land_wreck_truck01_aban1_green<2ed82820>> at Pos <<2329.816895, 48.653950, 6005.964844>>
SCRIPT       : [JunkYardDog] -- Adding Salvage Point to <Land_Wreck_sed01_aban2_wine<2ed84c60>> at Pos <<2340.668945, 47.257721, 5931.052734>>
SCRIPT       : [JunkYardDog] -- Adding Fuel Point to <Land_Wreck_sed01_aban2_wine<2ed84c60>> at Pos <<2340.668945, 47.257721, 5931.052734>>
SCRIPT       : [JunkYardDog] -- Adding Salvage Point to <Land_wreck_truck01_aban1_green<2ed83a40>> at Pos <<2371.404541, 45.519413, 5910.767578>>
SCRIPT       : [JunkYardDog] -- Adding Fuel Point to <Land_wreck_truck01_aban1_green<2ed83a40>> at Pos <<2371.404541, 45.519413, 5910.767578>>
SCRIPT       : [JunkYardDog] -- Adding Salvage Point to <Static_Wreck_S120_Red<2eaf4010>> at Pos <<2480.251221, 44.981758, 5971.978516>>
SCRIPT       : [JunkYardDog] -- Adding Fuel Point to <Static_Wreck_S120_Red<2eaf4010>> at Pos <<2480.251221, 44.981758, 5971.978516>>
SCRIPT       : [JunkYardDog] -- Adding Salvage Point to <Land_Wreck_S1023_Beige<2ed8cb40>> at Pos <<2475.450439, 45.403919, 5961.251953>>
SCRIPT       : [JunkYardDog] -- Adding Fuel Point to <Land_Wreck_S1023_Beige<2ed8cb40>> at Pos <<2475.450439, 45.403919, 5961.251953>>
SCRIPT       : [JunkYardDog] -- Adding Salvage Point to <Static_Wreck_Ural<2eaf18c0>> at Pos <<2487.569580, 45.462475, 5952.331055>>
SCRIPT       : [JunkYardDog] -- Adding Fuel Point to <Static_Wreck_Ural<2eaf18c0>> at Pos <<2487.569580, 45.462475, 5952.331055>>
SCRIPT       : [JunkYardDog] -- Adding Salvage Point to <Land_wreck_truck01_aban1_green<2ed86790>> at Pos <<2473.198730, 44.454849, 5992.245605>>
SCRIPT       : [JunkYardDog] -- Adding Fuel Point to <Land_wreck_truck01_aban1_green<2ed86790>> at Pos <<2473.198730, 44.454849, 5992.245605>>
SCRIPT       : [JunkYardDog] -- Adding Salvage Point to <Land_Wreck_hb01_aban2_green<2ed8dd60>> at Pos <<2609.157471, 45.210857, 5972.065918>>
SCRIPT       : [JunkYardDog] -- Adding Fuel Point to <Land_Wreck_hb01_aban2_green<2ed8dd60>> at Pos <<2609.157471, 45.210857, 5972.065918>>
SCRIPT       : [JunkYardDog] -- Adding Salvage Point to <Land_Wreck_Volha_Grey<2ed8b010>> at Pos <<2633.820801, 44.808640, 5948.888672>>
SCRIPT       : [JunkYardDog] -- Adding Fuel Point to <Land_Wreck_Volha_Grey<2ed8b010>> at Pos <<2633.820801, 44.808640, 5948.888672>>
SCRIPT       : [JunkYardDog] -- Adding Salvage Point to <Land_Wreck_Lada_Red<2ed901a0>> at Pos <<3711.493164, 5.321498, 6002.173828>>
SCRIPT       : [JunkYardDog] -- Adding Fuel Point to <Land_Wreck_Lada_Red<2ed901a0>> at Pos <<3711.493164, 5.321498, 6002.173828>>
SCRIPT       : [JunkYardDog] -- Adding Salvage Point to <Land_Wreck_sed01_aban1_white<2ed92ef0>> at Pos <<3681.471924, 5.391631, 5994.391113>>
SCRIPT       : [JunkYardDog] -- Adding Fuel Point to <Land_Wreck_sed01_aban1_white<2ed92ef0>> at Pos <<3681.471924, 5.391631, 5994.391113>>
SCRIPT       : [JunkYardDog] -- Adding Salvage Point to <Land_Wreck_hb01_aban1_blue<2ed8f890>> at Pos <<3717.500244, 5.721993, 5997.200684>>
SCRIPT       : [JunkYardDog] -- Adding Fuel Point to <Land_Wreck_hb01_aban1_blue<2ed8f890>> at Pos <<3717.500244, 5.721993, 5997.200684>>
SCRIPT       : [JunkYardDog] -- Adding Salvage Point to <Land_Wreck_hb02_aban2_red<2ed96550>> at Pos <<3742.197754, 5.363723, 5986.801758>>
SCRIPT       : [JunkYardDog] -- Adding Fuel Point to <Land_Wreck_hb02_aban2_red<2ed96550>> at Pos <<3742.197754, 5.363723, 5986.801758>>
SCRIPT       : [JunkYardDog] -- Adding Salvage Point to <Land_Wreck_sed02_aban1_red<2ed96e60>> at Pos <<3781.263428, 5.501119, 5977.697266>>
SCRIPT       : [JunkYardDog] -- Adding Fuel Point to <Land_Wreck_sed02_aban1_red<2ed96e60>> at Pos <<3781.263428, 5.501119, 5977.697266>>
SCRIPT       : [JunkYardDog] -- Adding Salvage Point to <Land_Wreck_sed01_aban1_white<2ed90ab0>> at Pos <<3809.993652, 5.391631, 5974.490234>>
SCRIPT       : [JunkYardDog] -- Adding Fuel Point to <Land_Wreck_sed01_aban1_white<2ed90ab0>> at Pos <<3809.993652, 5.391631, 5974.490234>>
SCRIPT       : [JunkYardDog] -- Adding Salvage Point to <Land_Wreck_sed01_aban2_black<2ed9a4c0>> at Pos <<1786.918091, 78.662621, 5980.913574>>
SCRIPT       : [JunkYardDog] -- Adding Fuel Point to <Land_Wreck_sed01_aban2_black<2ed9a4c0>> at Pos <<1786.918091, 78.662621, 5980.913574>>
SCRIPT       : [JunkYardDog] -- Adding Salvage Point to <Land_Wreck_sed01_aban2_wine<2eda3ed0>> at Pos <<2613.298340, 45.163254, 6050.470215>>
SCRIPT       : [JunkYardDog] -- Adding Fuel Point to <Land_Wreck_sed01_aban2_wine<2eda3ed0>> at Pos <<2613.298340, 45.163254, 6050.470215>>
SCRIPT       : [JunkYardDog] -- Adding Salvage Point to <Land_Wreck_sed02_aban2_grey<2eda2cb0>> at Pos <<2718.922119, 44.598808, 5877.119629>>
SCRIPT       : [JunkYardDog] -- Adding Fuel Point to <Land_Wreck_sed02_aban2_grey<2eda2cb0>> at Pos <<2718.922119, 44.598808, 5877.119629>>
SCRIPT       : [JunkYardDog] -- Adding Salvage Point to <Land_Wreck_hb02_aban2_black<2ed9ff60>> at Pos <<2688.072754, 44.669270, 5877.129395>>
SCRIPT       : [JunkYardDog] -- Adding Fuel Point to <Land_Wreck_hb02_aban2_black<2ed9ff60>> at Pos <<2688.072754, 44.669270, 5877.129395>>
SCRIPT       : [JunkYardDog] -- Adding Salvage Point to <Land_Wreck_hb01_aban2_blue<2eda0870>> at Pos <<2688.465088, 44.920387, 5889.243164>>
SCRIPT       : [JunkYardDog] -- Adding Fuel Point to <Land_Wreck_hb01_aban2_blue<2eda0870>> at Pos <<2688.465088, 44.920387, 5889.243164>>
SCRIPT       : [JunkYardDog] -- Adding Salvage Point to <Land_wreck_truck01_aban1_green<2ed9e430>> at Pos <<2732.454102, 43.940052, 5905.162109>>
SCRIPT       : [JunkYardDog] -- Adding Fuel Point to <Land_wreck_truck01_aban1_green<2ed9e430>> at Pos <<2732.454102, 43.940052, 5905.162109>>
SCRIPT       : [JunkYardDog] -- Adding Salvage Point to <Land_Wreck_Volha_Blue<2eda50f0>> at Pos <<2764.045166, 44.676945, 5878.128906>>
SCRIPT       : [JunkYardDog] -- Adding Fuel Point to <Land_Wreck_Volha_Blue<2eda50f0>> at Pos <<2764.045166, 44.676945, 5878.128906>>
SCRIPT       : [JunkYardDog] -- Adding Salvage Point to <Land_Wreck_sed02_aban2_red<2edb0630>> at Pos <<3678.916260, 5.298860, 5990.742188>>
SCRIPT       : [JunkYardDog] -- Adding Fuel Point to <Land_Wreck_sed02_aban2_red<2edb0630>> at Pos <<3678.916260, 5.298860, 5990.742188>>
SCRIPT       : [JunkYardDog] -- Adding Salvage Point to <Land_Wreck_sed01_aban2_wine<2edac6c0>> at Pos <<3652.485596, 5.393319, 5996.959473>>
SCRIPT       : [JunkYardDog] -- Adding Fuel Point to <Land_Wreck_sed01_aban2_wine<2edac6c0>> at Pos <<3652.485596, 5.393319, 5996.959473>>
SCRIPT       : [JunkYardDog] -- Adding Salvage Point to <Land_Wreck_sed01_aban1_wine<2edaf410>> at Pos <<3664.743896, 5.391618, 5984.734863>>
SCRIPT       : [JunkYardDog] -- Adding Fuel Point to <Land_Wreck_sed01_aban1_wine<2edaf410>> at Pos <<3664.743896, 5.391618, 5984.734863>>
SCRIPT       : [JunkYardDog] -- Adding Salvage Point to <Land_Wreck_hb01_aban2_green<2edad8e0>> at Pos <<3666.802979, 5.570716, 6005.057129>>
SCRIPT       : [JunkYardDog] -- Adding Fuel Point to <Land_Wreck_hb01_aban2_green<2edad8e0>> at Pos <<3666.802979, 5.570716, 6005.057129>>
SCRIPT       : [JunkYardDog] -- Adding Salvage Point to <Land_Wreck_sed01_aban2_white<2edb0f40>> at Pos <<3679.868164, 5.421731, 6004.083984>>
SCRIPT       : [JunkYardDog] -- Adding Fuel Point to <Land_Wreck_sed01_aban2_white<2edb0f40>> at Pos <<3679.868164, 5.421731, 6004.083984>>
SCRIPT       : [JunkYardDog] -- Adding Salvage Point to <Static_Wreck_Ural<321a31a0>> at Pos <<3657.457275, 5.827516, 6005.149414>>
SCRIPT       : [JunkYardDog] -- Adding Fuel Point to <Static_Wreck_Ural<321a31a0>> at Pos <<3657.457275, 5.827516, 6005.149414>>
SCRIPT       : [JunkYardDog] -- Adding Salvage Point to <Land_Wreck_hb01_aban1_green<2edae1f0>> at Pos <<3668.733398, 5.701992, 5989.962891>>
SCRIPT       : [JunkYardDog] -- Adding Fuel Point to <Land_Wreck_hb01_aban1_green<2edae1f0>> at Pos <<3668.733398, 5.701992, 5989.962891>>
SCRIPT       : [JunkYardDog] -- Adding Salvage Point to <Land_Wreck_Uaz<2edacfd0>> at Pos <<3664.198486, 5.483234, 6011.621094>>
SCRIPT       : [JunkYardDog] -- Adding Fuel Point to <Land_Wreck_Uaz<2edacfd0>> at Pos <<3664.198486, 5.483234, 6011.621094>>
SCRIPT       : [JunkYardDog] -- Adding Salvage Point to <Land_Wreck_sed02_aban1_red<2edaeb00>> at Pos <<3659.665771, 5.501120, 5995.684570>>
SCRIPT       : [JunkYardDog] -- Adding Fuel Point to <Land_Wreck_sed02_aban1_red<2edaeb00>> at Pos <<3659.665771, 5.501120, 5995.684570>>
SCRIPT       : [JunkYardDog] -- Adding Salvage Point to <Land_Wreck_sed01_aban1_black<2edafd20>> at Pos <<3705.390137, 5.403822, 6028.255859>>
SCRIPT       : [JunkYardDog] -- Adding Fuel Point to <Land_Wreck_sed01_aban1_black<2edafd20>> at Pos <<3705.390137, 5.403822, 6028.255859>>
SCRIPT       : [JunkYardDog] -- Adding Salvage Point to <Land_Wreck_hb02_aban1_blue<2edb1850>> at Pos <<3694.920654, 5.419853, 6030.678223>>
SCRIPT       : [JunkYardDog] -- Adding Fuel Point to <Land_Wreck_hb02_aban1_blue<2edb1850>> at Pos <<3694.920654, 5.419853, 6030.678223>>
SCRIPT       : [JunkYardDog] -- Adding Salvage Point to <Land_Wreck_sed02_aban1_grey<2edaa280>> at Pos <<3686.823486, 5.501119, 6032.731934>>
SCRIPT       : [JunkYardDog] -- Adding Fuel Point to <Land_Wreck_sed02_aban1_grey<2edaa280>> at Pos <<3686.823486, 5.501119, 6032.731934>>
SCRIPT       : [JunkYardDog] -- Adding Salvage Point to <Land_Wreck_V3S<2edb2a70>> at Pos <<3685.296875, 6.262951, 6020.584961>>
SCRIPT       : [JunkYardDog] -- Adding Fuel Point to <Land_Wreck_V3S<2edb2a70>> at Pos <<3685.296875, 6.262951, 6020.584961>>
SCRIPT       : [JunkYardDog] -- Adding Salvage Point to <Land_Wreck_Lada_Green<2edb3380>> at Pos <<3735.730469, 5.301497, 6021.749023>>
SCRIPT       : [JunkYardDog] -- Adding Fuel Point to <Land_Wreck_Lada_Green<2edb3380>> at Pos <<3735.730469, 5.301497, 6021.749023>>
SCRIPT       : [JunkYardDog] -- Adding Salvage Point to <Land_Wreck_S1023_Blue<2edabdb0>> at Pos <<3740.524902, 5.650642, 6017.712402>>
SCRIPT       : [JunkYardDog] -- Adding Fuel Point to <Land_Wreck_S1023_Blue<2edabdb0>> at Pos <<3740.524902, 5.650642, 6017.712402>>
SCRIPT       : [JunkYardDog] -- Adding Salvage Point to <Static_Wreck_HMMWV<321a5b40>> at Pos <<3727.282715, 5.547103, 6030.192871>>
SCRIPT       : [JunkYardDog] -- Adding Fuel Point to <Static_Wreck_HMMWV<321a5b40>> at Pos <<3727.282715, 5.547103, 6030.192871>>
SCRIPT       : [JunkYardDog] -- Adding Salvage Point to <Static_Wreck_Digger<321c0e00>> at Pos <<3838.269287, 5.166407, 6021.101563>>
SCRIPT       : [JunkYardDog] -- Adding Fuel Point to <Static_Wreck_Digger<321c0e00>> at Pos <<3838.269287, 5.166407, 6021.101563>>
SCRIPT       : [JunkYardDog] -- Adding Salvage Point to <Land_Wreck_hb01_aban2_green<2f2e8460>> at Pos <<1546.801270, 78.621666, 6057.657227>>
SCRIPT       : [JunkYardDog] -- Adding Fuel Point to <Land_Wreck_hb01_aban2_green<2f2e8460>> at Pos <<1546.801270, 78.621666, 6057.657227>>
SCRIPT       : [JunkYardDog] -- Adding Salvage Point to <Static_Wreck_Ural<322f1540>> at Pos <<4448.712402, 7.521656, 7862.390625>>
SCRIPT       : [JunkYardDog] -- Adding Fuel Point to <Static_Wreck_Ural<322f1540>> at Pos <<4448.712402, 7.521656, 7862.390625>>
SCRIPT       : [JunkYardDog] -- Adding Salvage Point to <Land_Wreck_V3S<2f2f2780>> at Pos <<4423.986328, 17.302931, 7758.807129>>
SCRIPT       : [JunkYardDog] -- Adding Fuel Point to <Land_Wreck_V3S<2f2f2780>> at Pos <<4423.986328, 17.302931, 7758.807129>>
SCRIPT       : [JunkYardDog] -- Adding Salvage Point to <Land_Wreck_Uaz<2f2f8220>> at Pos <<1546.789063, 58.866505, 5599.178711>>
SCRIPT       : [JunkYardDog] -- Adding Fuel Point to <Land_Wreck_Uaz<2f2f8220>> at Pos <<1546.789063, 58.866505, 5599.178711>>
SCRIPT       : [JunkYardDog] -- Adding Salvage Point to <Land_Wreck_S1023_Beige<2f2faf70>> at Pos <<2048.291504, 74.831108, 6960.855957>>
SCRIPT       : [JunkYardDog] -- Adding Fuel Point to <Land_Wreck_S1023_Beige<2f2faf70>> at Pos <<2048.291504, 74.831108, 6960.855957>>
SCRIPT       : [JunkYardDog] -- Adding Salvage Point to <Land_wreck_truck01_aban1_green<2f2fc190>> at Pos <<2170.769775, 54.800152, 2965.642578>>
SCRIPT       : [JunkYardDog] -- Adding Fuel Point to <Land_wreck_truck01_aban1_green<2f2fc190>> at Pos <<2170.769775, 54.800152, 2965.642578>>
SCRIPT       : [JunkYardDog] -- Adding Salvage Point to <Land_Wreck_sed01_aban2_wine<2f301c30>> at Pos <<2450.893066, 55.553318, 3067.573486>>
SCRIPT       : [JunkYardDog] -- Adding Fuel Point to <Land_Wreck_sed01_aban2_wine<2f301c30>> at Pos <<2450.893066, 55.553318, 3067.573486>>
SCRIPT       : [JunkYardDog] -- Adding Salvage Point to <Static_Wreck_S120_Red<326912b0>> at Pos <<2498.068848, 55.382694, 3054.574707>>
SCRIPT       : [JunkYardDog] -- Adding Fuel Point to <Static_Wreck_S120_Red<326912b0>> at Pos <<2498.068848, 55.382694, 3054.574707>>
SCRIPT       : [JunkYardDog] -- Adding Salvage Point to <Land_Wreck_Volha_Blue<2f30a420>> at Pos <<4495.360840, 6.375356, 7874.011719>>
SCRIPT       : [JunkYardDog] -- Adding Fuel Point to <Land_Wreck_Volha_Blue<2f30a420>> at Pos <<4495.360840, 6.375356, 7874.011719>>
SCRIPT       : [JunkYardDog] -- Adding Salvage Point to <Land_wreck_truck01_aban2_green<2f3119f0>> at Pos <<4481.223145, 15.762251, 7755.002441>>
SCRIPT       : [JunkYardDog] -- Adding Fuel Point to <Land_wreck_truck01_aban2_green<2f3119f0>> at Pos <<4481.223145, 15.762251, 7755.002441>>
SCRIPT       : [JunkYardDog] -- Adding Salvage Point to <Land_wreck_truck01_aban2_green<2f317490>> at Pos <<4515.155762, 15.412223, 7769.619629>>
SCRIPT       : [JunkYardDog] -- Adding Fuel Point to <Land_wreck_truck01_aban2_green<2f317490>> at Pos <<4515.155762, 15.412223, 7769.619629>>
SCRIPT       : [JunkYardDog] -- Adding Salvage Point to <Land_Wreck_S1023_Beige<2f3198d0>> at Pos <<1448.899780, 58.967144, 5597.666016>>
SCRIPT       : [JunkYardDog] -- Adding Fuel Point to <Land_Wreck_S1023_Beige<2f3198d0>> at Pos <<1448.899780, 58.967144, 5597.666016>>
SCRIPT       : [JunkYardDog] -- Adding Salvage Point to <Land_wreck_truck01_aban2_blue<2f312c10>> at Pos <<1470.136475, 57.963291, 5621.325684>>
SCRIPT       : [JunkYardDog] -- Adding Fuel Point to <Land_wreck_truck01_aban2_blue<2f312c10>> at Pos <<1470.136475, 57.963291, 5621.325684>>
SCRIPT       : [JunkYardDog] -- Adding Salvage Point to <Land_wreck_truck01_aban1_green<2f31aaf0>> at Pos <<1442.592896, 57.980042, 5628.496582>>
SCRIPT       : [JunkYardDog] -- Adding Fuel Point to <Land_wreck_truck01_aban1_green<2f31aaf0>> at Pos <<1442.592896, 57.980042, 5628.496582>>
SCRIPT       : [JunkYardDog] -- Adding Salvage Point to <Land_Wreck_V3S<2f31b400>> at Pos <<1492.977295, 59.573689, 5620.003906>>
SCRIPT       : [JunkYardDog] -- Adding Fuel Point to <Land_Wreck_V3S<2f31b400>> at Pos <<1492.977295, 59.573689, 5620.003906>>
SCRIPT       : [JunkYardDog] -- Adding Salvage Point to <Land_Wreck_S1023_Blue<2f31bd10>> at Pos <<1545.703979, 59.405029, 5623.566895>>
SCRIPT       : [JunkYardDog] -- Adding Fuel Point to <Land_Wreck_S1023_Blue<2f31bd10>> at Pos <<1545.703979, 59.405029, 5623.566895>>
SCRIPT       : [JunkYardDog] -- Adding Salvage Point to <Land_Wreck_V3S<2f31fc80>> at Pos <<1821.706421, 47.743942, 1805.569214>>
SCRIPT       : [JunkYardDog] -- Adding Fuel Point to <Land_Wreck_V3S<2f31fc80>> at Pos <<1821.706421, 47.743942, 1805.569214>>
SCRIPT       : [JunkYardDog] -- Adding Salvage Point to <Land_Wreck_S1023_Beige<2edb4eb0>> at Pos <<2414.080322, 55.799133, 3146.057617>>
SCRIPT       : [JunkYardDog] -- Adding Fuel Point to <Land_Wreck_S1023_Beige<2edb4eb0>> at Pos <<2414.080322, 55.799133, 3146.057617>>
SCRIPT       : [JunkYardDog] -- Adding Salvage Point to <Static_Wreck_S120_Red<15efaa20>> at Pos <<4465.411133, 16.330950, 7760.582520>>
SCRIPT       : [JunkYardDog] -- Adding Fuel Point to <Static_Wreck_S120_Red<15efaa20>> at Pos <<4465.411133, 16.330950, 7760.582520>>
SCRIPT       : [JunkYardDog] -- Adding Salvage Point to <Static_Wreck_Ural<15efdab0>> at Pos <<4490.464355, 16.544737, 7790.481934>>
SCRIPT       : [JunkYardDog] -- Adding Fuel Point to <Static_Wreck_Ural<15efdab0>> at Pos <<4490.464355, 16.544737, 7790.481934>>
SCRIPT       : [JunkYardDog] -- Adding Salvage Point to <Land_Wreck_hb01_aban1_blue<2eeec420>> at Pos <<2043.501099, 55.861992, 3065.846924>>
SCRIPT       : [JunkYardDog] -- Adding Fuel Point to <Land_Wreck_hb01_aban1_blue<2eeec420>> at Pos <<2043.501099, 55.861992, 3065.846924>>
SCRIPT       : [JunkYardDog] -- Adding Salvage Point to <Land_Wreck_Volha_Grey<2eefa6b0>> at Pos <<4532.113281, 5.781962, 7885.653320>>
SCRIPT       : [JunkYardDog] -- Adding Fuel Point to <Land_Wreck_Volha_Grey<2eefa6b0>> at Pos <<4532.113281, 5.781962, 7885.653320>>
SCRIPT       : [JunkYardDog] -- Adding Salvage Point to <Land_Wreck_S1023_Beige<2eefcaf0>> at Pos <<820.416321, 6.259233, 3272.710449>>
SCRIPT       : [JunkYardDog] -- Adding Fuel Point to <Land_Wreck_S1023_Beige<2eefcaf0>> at Pos <<820.416321, 6.259233, 3272.710449>>
SCRIPT       : [JunkYardDog] -- Adding Salvage Point to <Land_Wreck_sed01_aban2_white<2eefd400>> at Pos <<826.044373, 6.013318, 3273.825928>>
SCRIPT       : [JunkYardDog] -- Adding Fuel Point to <Land_Wreck_sed01_aban2_white<2eefd400>> at Pos <<826.044373, 6.013318, 3273.825928>>
SCRIPT       : [JunkYardDog] -- Adding Salvage Point to <Land_Wreck_Uaz<2eef5e30>> at Pos <<811.632507, 6.103186, 3288.829590>>
SCRIPT       : [JunkYardDog] -- Adding Fuel Point to <Land_Wreck_Uaz<2eef5e30>> at Pos <<811.632507, 6.103186, 3288.829590>>
SCRIPT       : [JunkYardDog] -- Adding Salvage Point to <Land_Wreck_Volha_Grey<2eefdd10>> at Pos <<808.854492, 5.996944, 3275.396973>>
SCRIPT       : [JunkYardDog] -- Adding Fuel Point to <Land_Wreck_Volha_Grey<2eefdd10>> at Pos <<808.854492, 5.996944, 3275.396973>>
SCRIPT       : [JunkYardDog] -- Adding Salvage Point to <Land_wreck_truck01_aban1_blue<2eef6740>> at Pos <<833.652527, 5.260837, 3283.308838>>
SCRIPT       : [JunkYardDog] -- Adding Fuel Point to <Land_wreck_truck01_aban1_blue<2eef6740>> at Pos <<833.652527, 5.260837, 3283.308838>>
SCRIPT       : [JunkYardDog] -- Adding Salvage Point to <Static_Wreck_Ural<35873cc0>> at Pos <<854.962769, 6.447515, 3307.716064>>
SCRIPT       : [JunkYardDog] -- Adding Fuel Point to <Static_Wreck_Ural<35873cc0>> at Pos <<854.962769, 6.447515, 3307.716064>>
SCRIPT       : [JunkYardDog] -- Adding Salvage Point to <Land_Wreck_Uaz<2ef02590>> at Pos <<6926.835449, 15.217816, 6103.554688>>
SCRIPT       : [JunkYardDog] -- Adding Fuel Point to <Land_Wreck_Uaz<2ef02590>> at Pos <<6926.835449, 15.217816, 6103.554688>>
SCRIPT       : [JunkYardDog] -- Adding Salvage Point to <Land_Wreck_V3S<2ef01370>> at Pos <<6925.099121, 15.979323, 6088.505371>>
SCRIPT       : [JunkYardDog] -- Adding Fuel Point to <Land_Wreck_V3S<2ef01370>> at Pos <<6925.099121, 15.979323, 6088.505371>>
SCRIPT       : [JunkYardDog] -- Adding Salvage Point to <Land_Wreck_sed01_aban2_black<2ef00150>> at Pos <<4288.031250, 16.756701, 7327.050293>>
SCRIPT       : [JunkYardDog] -- Adding Fuel Point to <Land_Wreck_sed01_aban2_black<2ef00150>> at Pos <<4288.031250, 16.756701, 7327.050293>>
SCRIPT       : [JunkYardDog] -- Adding Salvage Point to <Land_Wreck_sed01_aban1_wine<2eefe620>> at Pos <<2150.804199, 74.059395, 6882.223633>>
SCRIPT       : [JunkYardDog] -- Adding Fuel Point to <Land_Wreck_sed01_aban1_wine<2eefe620>> at Pos <<2150.804199, 74.059395, 6882.223633>>
SCRIPT       : [JunkYardDog] -- Adding Salvage Point to <Land_Wreck_hb01_aban2_blue<2eeff840>> at Pos <<1494.587036, 63.046970, 6893.342285>>
SCRIPT       : [JunkYardDog] -- Adding Fuel Point to <Land_Wreck_hb01_aban2_blue<2eeff840>> at Pos <<1494.587036, 63.046970, 6893.342285>>
SCRIPT       : [JunkYardDog] -- Adding Salvage Point to <Land_Wreck_sed01_aban2_wine<2ef06e10>> at Pos <<1505.679688, 62.883293, 6882.455566>>
SCRIPT       : [JunkYardDog] -- Adding Fuel Point to <Land_Wreck_sed01_aban2_wine<2ef06e10>> at Pos <<1505.679688, 62.883293, 6882.455566>>
SCRIPT       : [JunkYardDog] -- Adding Salvage Point to <Land_Wreck_S1023_Beige<2ef08030>> at Pos <<1676.822388, 23.084387, 7376.766113>>
SCRIPT       : [JunkYardDog] -- Adding Fuel Point to <Land_Wreck_S1023_Beige<2ef08030>> at Pos <<1676.822388, 23.084387, 7376.766113>>
SCRIPT       : [JunkYardDog] -- Adding Salvage Point to <Land_wreck_truck01_aban2_green<2ef09250>> at Pos <<1665.172485, 22.076361, 7365.936523>>
SCRIPT       : [JunkYardDog] -- Adding Fuel Point to <Land_wreck_truck01_aban2_green<2ef09250>> at Pos <<1665.172485, 22.076361, 7365.936523>>
SCRIPT       : [JunkYardDog] -- Adding Salvage Point to <Static_Wreck_Ural<359e61d0>> at Pos <<4343.574219, 17.730766, 7321.444824>>
SCRIPT       : [JunkYardDog] -- Adding Fuel Point to <Static_Wreck_Ural<359e61d0>> at Pos <<4343.574219, 17.730766, 7321.444824>>
SCRIPT       : [JunkYardDog] -- Adding Salvage Point to <Land_Wreck_hb01_aban2_green<2ef0e3e0>> at Pos <<1756.138794, 22.669958, 7421.093750>>
SCRIPT       : [JunkYardDog] -- Adding Fuel Point to <Land_Wreck_hb01_aban2_green<2ef0e3e0>> at Pos <<1756.138794, 22.669958, 7421.093750>>
SCRIPT       : [JunkYardDog] -- Adding Salvage Point to <Land_wreck_truck01_aban1_green<2ef1c670>> at Pos <<1697.824951, 18.172224, 7472.395996>>
SCRIPT       : [JunkYardDog] -- Adding Fuel Point to <Land_wreck_truck01_aban1_green<2ef1c670>> at Pos <<1697.824951, 18.172224, 7472.395996>>
SCRIPT       : [JunkYardDog] -- Adding Salvage Point to <Land_Wreck_sed01_aban1_white<2ef1d890>> at Pos <<2513.864258, 6.581579, 7620.981934>>
SCRIPT       : [JunkYardDog] -- Adding Fuel Point to <Land_Wreck_sed01_aban1_white<2ef1d890>> at Pos <<2513.864258, 6.581579, 7620.981934>>
SCRIPT       : [JunkYardDog] -- Adding Salvage Point to <Land_Wreck_sed02_aban2_grey<2ef25770>> at Pos <<2559.955322, 6.488884, 7647.288574>>
SCRIPT       : [JunkYardDog] -- Adding Fuel Point to <Land_Wreck_sed02_aban2_grey<2ef25770>> at Pos <<2559.955322, 6.488884, 7647.288574>>
SCRIPT       : [JunkYardDog] -- Adding Salvage Point to <Land_Wreck_hb02_aban2_black<35f2fb10>> at Pos <<1745.804932, 6.923633, 7615.487793>>
SCRIPT       : [JunkYardDog] -- Adding Fuel Point to <Land_Wreck_hb02_aban2_black<35f2fb10>> at Pos <<1745.804932, 6.923633, 7615.487793>>
SCRIPT       : [JunkYardDog] -- Adding Salvage Point to <Land_Wreck_sed01_aban1_wine<35f2dfe0>> at Pos <<1747.576782, 6.971670, 7626.167480>>
SCRIPT       : [JunkYardDog] -- Adding Fuel Point to <Land_Wreck_sed01_aban1_wine<35f2dfe0>> at Pos <<1747.576782, 6.971670, 7626.167480>>
SCRIPT       : [JunkYardDog] -- Adding Salvage Point to <Static_Wreck_HMMWV<35e8d710>> at Pos <<6832.841309, 15.317952, 6725.459961>>
SCRIPT       : [JunkYardDog] -- Adding Fuel Point to <Static_Wreck_HMMWV<35e8d710>> at Pos <<6832.841309, 15.317952, 6725.459961>>
SCRIPT       : [JunkYardDog] -- Adding Salvage Point to <Static_Wreck_HMMWV<35f9a7f0>> at Pos <<6813.540527, 15.327584, 6807.437012>>
SCRIPT       : [JunkYardDog] -- Adding Fuel Point to <Static_Wreck_HMMWV<35f9a7f0>> at Pos <<6813.540527, 15.327584, 6807.437012>>
SCRIPT       : [JunkYardDog] -- Adding Salvage Point to <Static_Wreck_HMMWV<35faebb0>> at Pos <<6792.903320, 15.341508, 6778.647949>>
SCRIPT       : [JunkYardDog] -- Adding Fuel Point to <Static_Wreck_HMMWV<35faebb0>> at Pos <<6792.903320, 15.341508, 6778.647949>>
SCRIPT       : [JunkYardDog] -- Adding Salvage Point to <Static_Wreck_HMMWV<35fac6b0>> at Pos <<6807.795410, 15.314057, 6772.062988>>
SCRIPT       : [JunkYardDog] -- Adding Fuel Point to <Static_Wreck_HMMWV<35fac6b0>> at Pos <<6807.795410, 15.314057, 6772.062988>>
SCRIPT       : [JunkYardDog] -- Adding Salvage Point to <Land_wreck_truck01_aban2_blue<35f41400>> at Pos <<2752.535400, 44.409988, 6121.083008>>
SCRIPT       : [JunkYardDog] -- Adding Fuel Point to <Land_wreck_truck01_aban2_blue<35f41400>> at Pos <<2752.535400, 44.409988, 6121.083008>>
SCRIPT       : [JunkYardDog] -- Adding Salvage Point to <Static_Wreck_HMMWV<35fb4830>> at Pos <<6789.530762, 15.305239, 6876.283203>>
SCRIPT       : [JunkYardDog] -- Adding Fuel Point to <Static_Wreck_HMMWV<35fb4830>> at Pos <<6789.530762, 15.305239, 6876.283203>>
SCRIPT       : [JunkYardDog] -- Adding Salvage Point to <Static_Wreck_HMMWV<35fb7b10>> at Pos <<6844.328125, 14.999730, 6874.948730>>
SCRIPT       : [JunkYardDog] -- Adding Fuel Point to <Static_Wreck_HMMWV<35fb7b10>> at Pos <<6844.328125, 14.999730, 6874.948730>>
SCRIPT       : [JunkYardDog] -- Adding Salvage Point to <Static_Wreck_HMMWV<35fc05d0>> at Pos <<6846.062500, 15.333985, 6814.475586>>
SCRIPT       : [JunkYardDog] -- Adding Fuel Point to <Static_Wreck_HMMWV<35fc05d0>> at Pos <<6846.062500, 15.333985, 6814.475586>>
SCRIPT       : [JunkYardDog] -- Adding Salvage Point to <Static_Wreck_HMMWV<35fc89a0>> at Pos <<6848.456543, 15.333985, 6804.534668>>
SCRIPT       : [JunkYardDog] -- Adding Fuel Point to <Static_Wreck_HMMWV<35fc89a0>> at Pos <<6848.456543, 15.333985, 6804.534668>>
SCRIPT       : [JunkYardDog] -- Adding Salvage Point to <Static_Wreck_HMMWV<35fcbed0>> at Pos <<6793.648438, 15.340654, 6884.704590>>
SCRIPT       : [JunkYardDog] -- Adding Fuel Point to <Static_Wreck_HMMWV<35fcbed0>> at Pos <<6793.648438, 15.340654, 6884.704590>>
SCRIPT       : [JunkYardDog] -- Adding Salvage Point to <Static_Wreck_HMMWV<35fc56c0>> at Pos <<6799.466797, 15.340654, 6895.937012>>
SCRIPT       : [JunkYardDog] -- Adding Fuel Point to <Static_Wreck_HMMWV<35fc56c0>> at Pos <<6799.466797, 15.340654, 6895.937012>>
SCRIPT       : [JunkYardDog] -- Adding Salvage Point to <Static_Wreck_HMMWV<35fcc120>> at Pos <<6807.358398, 15.303699, 6907.329590>>
SCRIPT       : [JunkYardDog] -- Adding Fuel Point to <Static_Wreck_HMMWV<35fcc120>> at Pos <<6807.358398, 15.303699, 6907.329590>>
SCRIPT       : [JunkYardDog] -- Adding Salvage Point to <Land_Wreck_sed01_aban1_white<35f508b0>> at Pos <<2248.961914, 54.845840, 6055.221191>>
SCRIPT       : [JunkYardDog] -- Adding Fuel Point to <Land_Wreck_sed01_aban1_white<35f508b0>> at Pos <<2248.961914, 54.845840, 6055.221191>>
SCRIPT       : [JunkYardDog] -- Adding Salvage Point to <Land_wreck_truck01_aban1_green<35f599b0>> at Pos <<2997.464355, 39.922527, 6151.995117>>
SCRIPT       : [JunkYardDog] -- Adding Fuel Point to <Land_wreck_truck01_aban1_green<35f599b0>> at Pos <<2997.464355, 39.922527, 6151.995117>>
SCRIPT       : [JunkYardDog] -- Adding Salvage Point to <Land_wreck_truck01_aban2_blue<35f60f80>> at Pos <<818.246643, 41.561783, 6239.372559>>
SCRIPT       : [JunkYardDog] -- Adding Fuel Point to <Land_wreck_truck01_aban2_blue<35f60f80>> at Pos <<818.246643, 41.561783, 6239.372559>>
SCRIPT       : [JunkYardDog] -- Adding Salvage Point to <Land_Wreck_hb01_aban1_green<35f65800>> at Pos <<3417.456787, 18.378483, 6311.729492>>
SCRIPT       : [JunkYardDog] -- Adding Fuel Point to <Land_Wreck_hb01_aban1_green<35f65800>> at Pos <<3417.456787, 18.378483, 6311.729492>>
SCRIPT       : [JunkYardDog] -- Adding Salvage Point to <Land_Wreck_hb02_aban2_black<35f645e0>> at Pos <<3430.834961, 18.335773, 6322.268555>>
SCRIPT       : [JunkYardDog] -- Adding Fuel Point to <Land_Wreck_hb02_aban2_black<35f645e0>> at Pos <<3430.834961, 18.335773, 6322.268555>>
SCRIPT       : [JunkYardDog] -- Adding Salvage Point to <Land_wreck_truck01_aban2_orange<23cff900>> at Pos <<3509.109131, 15.649977, 6293.025391>>
SCRIPT       : [JunkYardDog] -- Adding Fuel Point to <Land_wreck_truck01_aban2_orange<23cff900>> at Pos <<3509.109131, 15.649977, 6293.025391>>
SCRIPT       : [JunkYardDog] -- Adding Salvage Point to <Land_Wreck_sed01_aban1_white<23cfddd0>> at Pos <<3488.157227, 17.307892, 6334.670898>>
SCRIPT       : [JunkYardDog] -- Adding Fuel Point to <Land_Wreck_sed01_aban1_white<23cfddd0>> at Pos <<3488.157227, 17.307892, 6334.670898>>
SCRIPT       : [JunkYardDog] -- Adding Salvage Point to <Land_wreck_truck01_aban2_orange<23d077e0>> at Pos <<3547.050537, 15.630000, 6401.000000>>
SCRIPT       : [JunkYardDog] -- Adding Fuel Point to <Land_wreck_truck01_aban2_orange<23d077e0>> at Pos <<3547.050537, 15.630000, 6401.000000>>
SCRIPT       : [JunkYardDog] -- Adding Salvage Point to <Land_Wreck_sed02_aban2_red<23d080f0>> at Pos <<3575.307861, 16.288824, 6387.325195>>
SCRIPT       : [JunkYardDog] -- Adding Fuel Point to <Land_Wreck_sed02_aban2_red<23d080f0>> at Pos <<3575.307861, 16.288824, 6387.325195>>
SCRIPT       : [JunkYardDog] -- Adding Salvage Point to <Land_Wreck_sed02_aban2_grey<23d0a530>> at Pos <<3562.515381, 16.288858, 6404.354980>>
SCRIPT       : [JunkYardDog] -- Adding Fuel Point to <Land_Wreck_sed02_aban2_grey<23d0a530>> at Pos <<3562.515381, 16.288858, 6404.354980>>
SCRIPT       : [JunkYardDog] -- Adding Salvage Point to <Land_Wreck_sed02_aban1_yellow<23d08a00>> at Pos <<3589.456543, 16.491119, 6377.296387>>
SCRIPT       : [JunkYardDog] -- Adding Fuel Point to <Land_Wreck_sed02_aban1_yellow<23d08a00>> at Pos <<3589.456543, 16.491119, 6377.296387>>
SCRIPT       : [JunkYardDog] -- Adding Salvage Point to <Land_Wreck_hb02_aban1_black<23d0c060>> at Pos <<3615.948486, 16.389824, 6399.129883>>
SCRIPT       : [JunkYardDog] -- Adding Fuel Point to <Land_Wreck_hb02_aban1_black<23d0c060>> at Pos <<3615.948486, 16.389824, 6399.129883>>
SCRIPT       : [JunkYardDog] -- Adding Salvage Point to <Land_Wreck_Uaz<23d09c20>> at Pos <<3597.224609, 16.473221, 6381.398926>>
SCRIPT       : [JunkYardDog] -- Adding Fuel Point to <Land_Wreck_Uaz<23d09c20>> at Pos <<3597.224609, 16.473221, 6381.398926>>
SCRIPT       : [JunkYardDog] -- Adding Salvage Point to <Land_Wreck_Volha_Grey<23d04a90>> at Pos <<3586.525635, 16.366943, 6388.948242>>
SCRIPT       : [JunkYardDog] -- Adding Fuel Point to <Land_Wreck_Volha_Grey<23d04a90>> at Pos <<3586.525635, 16.366943, 6388.948242>>
SCRIPT       : [JunkYardDog] -- Adding Salvage Point to <Land_Wreck_sed01_aban1_white<23d108e0>> at Pos <<3611.181641, 16.381632, 6412.383301>>
SCRIPT       : [JunkYardDog] -- Adding Fuel Point to <Land_Wreck_sed01_aban1_white<23d108e0>> at Pos <<3611.181641, 16.381632, 6412.383301>>
SCRIPT       : [JunkYardDog] -- Adding Salvage Point to <Land_Wreck_sed02_aban1_grey<23d0e4a0>> at Pos <<3612.797852, 16.491119, 6423.975586>>
SCRIPT       : [JunkYardDog] -- Adding Fuel Point to <Land_Wreck_sed02_aban1_grey<23d0e4a0>> at Pos <<3612.797852, 16.491119, 6423.975586>>
SCRIPT       : [JunkYardDog] -- Adding Salvage Point to <Land_Wreck_sed02_aban1_red<23d0edb0>> at Pos <<3593.943359, 16.491142, 6408.933594>>
SCRIPT       : [JunkYardDog] -- Adding Fuel Point to <Land_Wreck_sed02_aban1_red<23d0edb0>> at Pos <<3593.943359, 16.491142, 6408.933594>>
SCRIPT       : [JunkYardDog] -- Adding Salvage Point to <Land_Wreck_hb01_aban1_green<23d0d280>> at Pos <<3590.000977, 16.692005, 6434.005371>>
SCRIPT       : [JunkYardDog] -- Adding Fuel Point to <Land_Wreck_hb01_aban1_green<23d0d280>> at Pos <<3590.000977, 16.692005, 6434.005371>>
SCRIPT       : [JunkYardDog] -- Adding Salvage Point to <Land_Wreck_sed01_aban2_black<23d0c970>> at Pos <<3612.369141, 14.101511, 6522.103516>>
SCRIPT       : [JunkYardDog] -- Adding Fuel Point to <Land_Wreck_sed01_aban2_black<23d0c970>> at Pos <<3612.369141, 14.101511, 6522.103516>>
SCRIPT       : [JunkYardDog] -- Adding Salvage Point to <Land_Wreck_hb02_aban2_red<23d11b00>> at Pos <<3628.952637, 16.333723, 6409.761230>>
SCRIPT       : [JunkYardDog] -- Adding Fuel Point to <Land_Wreck_hb02_aban2_red<23d11b00>> at Pos <<3628.952637, 16.333723, 6409.761230>>
SCRIPT       : [JunkYardDog] -- Adding Salvage Point to <Land_Wreck_hb01_aban1_green<23d12410>> at Pos <<3629.966309, 16.691992, 6421.557129>>
SCRIPT       : [JunkYardDog] -- Adding Fuel Point to <Land_Wreck_hb01_aban1_green<23d12410>> at Pos <<3629.966309, 16.691992, 6421.557129>>
SCRIPT       : [JunkYardDog] -- Adding Salvage Point to <Land_Wreck_hb01_aban2_white<23d15160>> at Pos <<3648.648193, 16.560963, 6455.085938>>
SCRIPT       : [JunkYardDog] -- Adding Fuel Point to <Land_Wreck_hb01_aban2_white<23d15160>> at Pos <<3648.648193, 16.560963, 6455.085938>>
SCRIPT       : [JunkYardDog] -- Adding Salvage Point to <Land_Wreck_hb02_aban1_red<23d187c0>> at Pos <<3682.543945, 16.389523, 6487.016602>>
SCRIPT       : [JunkYardDog] -- Adding Fuel Point to <Land_Wreck_hb02_aban1_red<23d187c0>> at Pos <<3682.543945, 16.389523, 6487.016602>>
SCRIPT       : [JunkYardDog] -- Adding Salvage Point to <Land_Wreck_hb01_aban1_green<23d1c730>> at Pos <<3772.901123, 16.691992, 6509.551270>>
SCRIPT       : [JunkYardDog] -- Adding Fuel Point to <Land_Wreck_hb01_aban1_green<23d1c730>> at Pos <<3772.901123, 16.691992, 6509.551270>>
SCRIPT       : [JunkYardDog] -- Adding Salvage Point to <Land_Wreck_S1023_Blue<23d1e260>> at Pos <<2235.180420, 80.512070, 6510.418945>>
SCRIPT       : [JunkYardDog] -- Adding Fuel Point to <Land_Wreck_S1023_Blue<23d1e260>> at Pos <<2235.180420, 80.512070, 6510.418945>>
SCRIPT       : [JunkYardDog] -- Adding Salvage Point to <Land_wreck_truck01_aban2_green<23d1b510>> at Pos <<2249.722412, 78.907661, 6526.518555>>
SCRIPT       : [JunkYardDog] -- Adding Fuel Point to <Land_wreck_truck01_aban2_green<23d1b510>> at Pos <<2249.722412, 78.907661, 6526.518555>>
SCRIPT       : [JunkYardDog] -- Adding Salvage Point to <Land_Wreck_sed02_aban1_yellow<23d25830>> at Pos <<4478.452637, 64.306427, 6577.417480>>
SCRIPT       : [JunkYardDog] -- Adding Fuel Point to <Land_Wreck_sed02_aban1_yellow<23d25830>> at Pos <<4478.452637, 64.306427, 6577.417480>>
SCRIPT       : [JunkYardDog] -- Adding Salvage Point to <Land_Wreck_S1023_Beige<23d27360>> at Pos <<4500.408691, 64.444466, 6591.686523>>
SCRIPT       : [JunkYardDog] -- Adding Fuel Point to <Land_Wreck_S1023_Beige<23d27360>> at Pos <<4500.408691, 64.444466, 6591.686523>>
SCRIPT       : [JunkYardDog] -- Adding Salvage Point to <Land_Wreck_hb02_aban2_blue<23d2e930>> at Pos <<627.911621, 15.193721, 6647.906738>>
SCRIPT       : [JunkYardDog] -- Adding Fuel Point to <Land_Wreck_hb02_aban2_blue<23d2e930>> at Pos <<627.911621, 15.193721, 6647.906738>>
SCRIPT       : [JunkYardDog] -- Adding Salvage Point to <Land_Wreck_S1023_Blue<23d30460>> at Pos <<640.106201, 15.498935, 6635.570313>>
SCRIPT       : [JunkYardDog] -- Adding Fuel Point to <Land_Wreck_S1023_Blue<23d30460>> at Pos <<640.106201, 15.498935, 6635.570313>>
SCRIPT       : [JunkYardDog] -- Adding Salvage Point to <Land_Wreck_sed01_aban2_wine<23d355f0>> at Pos <<3842.542236, 16.383278, 6583.610840>>
SCRIPT       : [JunkYardDog] -- Adding Fuel Point to <Land_Wreck_sed01_aban2_wine<23d355f0>> at Pos <<3842.542236, 16.383278, 6583.610840>>
SCRIPT       : [JunkYardDog] -- Adding Salvage Point to <Land_Wreck_hb02_aban1_black<23d331b0>> at Pos <<3951.938965, 16.389818, 6636.563965>>
SCRIPT       : [JunkYardDog] -- Adding Fuel Point to <Land_Wreck_hb02_aban1_black<23d331b0>> at Pos <<3951.938965, 16.389818, 6636.563965>>
SCRIPT       : [JunkYardDog] -- Adding Salvage Point to <Land_Wreck_S1023_Beige<40bd7b40>> at Pos <<4682.902832, 23.724558, 6626.055664>>
SCRIPT       : [JunkYardDog] -- Adding Fuel Point to <Land_Wreck_S1023_Beige<40bd7b40>> at Pos <<4682.902832, 23.724558, 6626.055664>>
SCRIPT       : [JunkYardDog] -- Adding Salvage Point to <Land_Wreck_S1023_Beige<40bd7230>> at Pos <<4677.906250, 21.621500, 6680.515625>>
SCRIPT       : [JunkYardDog] -- Adding Fuel Point to <Land_Wreck_S1023_Beige<40bd7230>> at Pos <<4677.906250, 21.621500, 6680.515625>>
SCRIPT       : [JunkYardDog] -- Adding Salvage Point to <Land_Wreck_hb01_aban2_blue<40be0330>> at Pos <<6244.140137, 16.085325, 6744.160156>>
SCRIPT       : [JunkYardDog] -- Adding Fuel Point to <Land_Wreck_hb01_aban2_blue<40be0330>> at Pos <<6244.140137, 16.085325, 6744.160156>>
SCRIPT       : [JunkYardDog] -- Adding Salvage Point to <Land_Wreck_sed01_aban2_wine<40bdd5e0>> at Pos <<6243.731934, 15.908405, 6753.085938>>
SCRIPT       : [JunkYardDog] -- Adding Fuel Point to <Land_Wreck_sed01_aban2_wine<40bdd5e0>> at Pos <<6243.731934, 15.908405, 6753.085938>>
SCRIPT       : =============== WARNING ===============
SCRIPT       : [TerjeSkills]: You are using the trial version of the 'Terje Skills' mod.
SCRIPT       : [TerjeSkills]: To remove this message and watermark - please buy license on terjehub.com
SCRIPT       : =======================================
SCRIPT       : [JunkYardDog] -- Adding Salvage Point to <Land_wreck_truck01_aban2_blue<40be8210>> at Pos <<2833.292480, 6.499839, 6866.886230>>
SCRIPT       : [JunkYardDog] -- Adding Fuel Point to <Land_wreck_truck01_aban2_blue<40be8210>> at Pos <<2833.292480, 6.499839, 6866.886230>>
SCRIPT       : [JunkYardDog] -- Adding Salvage Point to <Land_wreck_truck01_aban2_green<40bed3a0>> at Pos <<2857.355225, 6.519426, 6763.296387>>
SCRIPT       : [JunkYardDog] -- Adding Fuel Point to <Land_wreck_truck01_aban2_green<40bed3a0>> at Pos <<2857.355225, 6.519426, 6763.296387>>
SCRIPT       : [JunkYardDog] -- Adding Salvage Point to <Land_Wreck_S1023_Blue<40be6ff0>> at Pos <<5786.919922, 16.113922, 6796.311035>>
SCRIPT       : [JunkYardDog] -- Adding Fuel Point to <Land_Wreck_S1023_Blue<40be6ff0>> at Pos <<5786.919922, 16.113922, 6796.311035>>
SCRIPT       : [JunkYardDog] -- Adding Salvage Point to <Land_Wreck_hb01_aban2_blue<40be7900>> at Pos <<5788.410645, 16.854012, 6873.245117>>
SCRIPT       : [JunkYardDog] -- Adding Fuel Point to <Land_Wreck_hb01_aban2_blue<40be7900>> at Pos <<5788.410645, 16.854012, 6873.245117>>
SCRIPT       : [JunkYardDog] -- Adding Salvage Point to <Static_Wreck_Digger<4173ff90>> at Pos <<7010.558594, 26.736065, 6839.534668>>
SCRIPT       : [JunkYardDog] -- Adding Fuel Point to <Static_Wreck_Digger<4173ff90>> at Pos <<7010.558594, 26.736065, 6839.534668>>
SCRIPT       : [JunkYardDog] -- Adding Salvage Point to <Land_Wreck_hb01_aban2_blue<40bfec90>> at Pos <<5683.292480, 16.510279, 6962.579102>>
SCRIPT       : [JunkYardDog] -- Adding Fuel Point to <Land_Wreck_hb01_aban2_blue<40bfec90>> at Pos <<5683.292480, 16.510279, 6962.579102>>
SCRIPT       : [JunkYardDog] -- Adding Salvage Point to <Land_Wreck_sed01_aban2_wine<40bf91f0>> at Pos <<5692.167480, 16.162560, 6963.587402>>
SCRIPT       : [JunkYardDog] -- Adding Fuel Point to <Land_Wreck_sed01_aban2_wine<40bf91f0>> at Pos <<5692.167480, 16.162560, 6963.587402>>
SCRIPT       : [JunkYardDog] -- Adding Salvage Point to <Land_Wreck_sed01_aban2_wine<40c019e0>> at Pos <<5798.196777, 16.675161, 6855.659668>>
SCRIPT       : [JunkYardDog] -- Adding Fuel Point to <Land_Wreck_sed01_aban2_wine<40c019e0>> at Pos <<5798.196777, 16.675161, 6855.659668>>
SCRIPT       : [JunkYardDog] -- Adding Salvage Point to <Land_wreck_truck01_aban1_green<40c022f0>> at Pos <<2032.599487, 75.318779, 6990.077637>>
SCRIPT       : [JunkYardDog] -- Adding Fuel Point to <Land_wreck_truck01_aban1_green<40c022f0>> at Pos <<2032.599487, 75.318779, 6990.077637>>
SCRIPT       : [JunkYardDog] -- Adding Salvage Point to <Land_Wreck_hb02_aban1_black<40c07d90>> at Pos <<2136.694580, 74.359146, 6878.908203>>
SCRIPT       : [JunkYardDog] -- Adding Fuel Point to <Land_Wreck_hb02_aban1_black<40c07d90>> at Pos <<2136.694580, 74.359146, 6878.908203>>
SCRIPT       : [JunkYardDog] -- Adding Salvage Point to <Land_wreck_truck01_aban2_blue<40c0e140>> at Pos <<6445.063477, 14.968424, 6994.359375>>
SCRIPT       : [JunkYardDog] -- Adding Fuel Point to <Land_wreck_truck01_aban2_blue<40c0e140>> at Pos <<6445.063477, 14.968424, 6994.359375>>
SCRIPT       : [JunkYardDog] -- Adding Salvage Point to <Land_Wreck_hb01_aban2_blue<41125ff0>> at Pos <<5558.016113, 10.601180, 7089.315918>>
SCRIPT       : [JunkYardDog] -- Adding Fuel Point to <Land_Wreck_hb01_aban2_blue<41125ff0>> at Pos <<5558.016113, 10.601180, 7089.315918>>
SCRIPT       : [JunkYardDog] -- Adding Salvage Point to <Land_wreck_truck01_aban1_green<41128430>> at Pos <<5552.080078, 9.367132, 7076.017090>>
SCRIPT       : [JunkYardDog] -- Adding Fuel Point to <Land_wreck_truck01_aban1_green<41128430>> at Pos <<5552.080078, 9.367132, 7076.017090>>
SCRIPT       : [JunkYardDog] -- Adding Salvage Point to <Land_Wreck_Harverster<41124dd0>> at Pos <<5229.544922, 14.794527, 7138.462402>>
SCRIPT       : [JunkYardDog] -- Adding Fuel Point to <Land_Wreck_Harverster<41124dd0>> at Pos <<5229.544922, 14.794527, 7138.462402>>
SCRIPT       : [JunkYardDog] -- Adding Salvage Point to <Land_Wreck_S1023_Blue<411256e0>> at Pos <<5287.536621, 6.403430, 7025.114746>>
SCRIPT       : [JunkYardDog] -- Adding Fuel Point to <Land_Wreck_S1023_Blue<411256e0>> at Pos <<5287.536621, 6.403430, 7025.114746>>
SCRIPT       : [JunkYardDog] -- Adding Salvage Point to <Land_Wreck_Tractor<41127b20>> at Pos <<5308.165039, 8.324460, 7100.670898>>
SCRIPT       : [JunkYardDog] -- Adding Fuel Point to <Land_Wreck_Tractor<41127b20>> at Pos <<5308.165039, 8.324460, 7100.670898>>
SCRIPT       : [JunkYardDog] -- Adding Salvage Point to <Land_Wreck_sed01_aban2_wine<4112a870>> at Pos <<5384.560547, 7.037479, 7005.273438>>
SCRIPT       : [JunkYardDog] -- Adding Fuel Point to <Land_Wreck_sed01_aban2_wine<4112a870>> at Pos <<5384.560547, 7.037479, 7005.273438>>
SCRIPT    (E): NULL pointer to instance
Class:      'Utopia_HeliCrashWreckBase'
Entity id:0

Function: 'EOnInit#1493305'
Stack trace:
utopia_patrol_helicopter_scripts/L4SbwPx4/ SuWu1KU /dntQGuBG/﻿﻿/L2ekv8u6/zZczjFyV/em9tiEfZ.x zUJN  :170 Function EOnInit#1493305
utopia_patrol_helicopter_scripts/L4SbwPx4/ SuWu1KU /dntQGuBG/﻿﻿/L2ekv8u6/zZczjFyV/em9tiEfZ.x zUJN  :152 Function Utopia_HeliCrashWreckBase@2720#315
utopia_patrol_helicopter_scripts/Cl Gtygh/ w0G dXkw/Y6Zo5Cqo/﻿/UwhiaPTs/L GbjNgl/xEVpKHFd.dcFNX  r:296 Function HeliExpl
utopia_patrol_helicopter_scripts/Cl Gtygh/ w0G dXkw/Y6Zo5Cqo/﻿/UwhiaPTs/L GbjNgl/xEVpKHFd.dcFNX  r:281 Function StartFall
scripts/3_Game/dayzgame.c:2919 Function OnUpdate
JM/CF/Scripts/3_Game/communityframework\game\dayzgame.c:46 Function OnUpdate
VPPAdminTools/3_Game/vppadmintools\vanillaplusplus.c:213 Function OnUpdate
DayZExpansion/Core/Scripts/3_Game/dayzexpansion_core\dayzgame.c:268 Function OnUpdate
SCRIPT       : [JunkYardDog] -- Adding Salvage Point to <Static_Wreck_Digger<444c2cd0>> at Pos <<6211.233887, 10.258520, 7068.666504>>
SCRIPT       : [JunkYardDog] -- Adding Fuel Point to <Static_Wreck_Digger<444c2cd0>> at Pos <<6211.233887, 10.258520, 7068.666504>>
SCRIPT       : [JunkYardDog] -- Adding Salvage Point to <Land_Wreck_S1023_Blue<4113af40>> at Pos <<3487.291992, 11.142941, 7080.530762>>
SCRIPT       : [JunkYardDog] -- Adding Fuel Point to <Land_Wreck_S1023_Blue<4113af40>> at Pos <<3487.291992, 11.142941, 7080.530762>>
SCRIPT       : [JunkYardDog] -- Adding Salvage Point to <Land_wreck_truck01_aban2_blue<41133970>> at Pos <<3609.489014, 8.314137, 7136.954590>>
SCRIPT       : [JunkYardDog] -- Adding Fuel Point to <Land_wreck_truck01_aban2_blue<41133970>> at Pos <<3609.489014, 8.314137, 7136.954590>>
SCRIPT       : [JunkYardDog] -- Adding Salvage Point to <Land_Wreck_sed02_aban2_grey<41144950>> at Pos <<4035.924561, 16.906675, 7179.097168>>
SCRIPT       : [JunkYardDog] -- Adding Fuel Point to <Land_Wreck_sed02_aban2_grey<41144950>> at Pos <<4035.924561, 16.906675, 7179.097168>>
SCRIPT       : [JunkYardDog] -- Adding Salvage Point to <Land_Wreck_Uaz<41145260>> at Pos <<4051.496582, 16.663244, 7199.511719>>
SCRIPT       : [JunkYardDog] -- Adding Fuel Point to <Land_Wreck_Uaz<41145260>> at Pos <<4051.496582, 16.663244, 7199.511719>>
SCRIPT       : [JunkYardDog] -- Adding Salvage Point to <Land_Wreck_V3S<41141c00>> at Pos <<4041.554688, 17.727108, 7220.769043>>
SCRIPT       : [JunkYardDog] -- Adding Fuel Point to <Land_Wreck_V3S<41141c00>> at Pos <<4041.554688, 17.727108, 7220.769043>>
SCRIPT       : [JunkYardDog] -- Adding Salvage Point to <Static_Wreck_Ural<44690040>> at Pos <<4066.028076, 16.991402, 7213.542969>>
SCRIPT       : [JunkYardDog] -- Adding Fuel Point to <Static_Wreck_Ural<44690040>> at Pos <<4066.028076, 16.991402, 7213.542969>>
SCRIPT       : [JunkYardDog] -- Adding Salvage Point to <Land_Wreck_Harverster<41146d90>> at Pos <<5297.458984, 12.913064, 7201.227051>>
SCRIPT       : [JunkYardDog] -- Adding Fuel Point to <Land_Wreck_Harverster<41146d90>> at Pos <<5297.458984, 12.913064, 7201.227051>>
SCRIPT       : [JunkYardDog] -- Adding Salvage Point to <Static_Wreck_Ural<4469fc50>> at Pos <<5348.527344, 9.838663, 7189.184082>>
SCRIPT       : [JunkYardDog] -- Adding Fuel Point to <Static_Wreck_Ural<4469fc50>> at Pos <<5348.527344, 9.838663, 7189.184082>>
SCRIPT       : [JunkYardDog] -- Adding Salvage Point to <Land_Wreck_hb01_aban1_blue<411522d0>> at Pos <<1345.506714, 26.969456, 7256.298828>>
SCRIPT       : [JunkYardDog] -- Adding Fuel Point to <Land_Wreck_hb01_aban1_blue<411522d0>> at Pos <<1345.506714, 26.969456, 7256.298828>>
SCRIPT       : [JunkYardDog] -- Adding Salvage Point to <Land_Wreck_sed01_aban1_black<411534f0>> at Pos <<4078.119141, 19.584723, 7314.720703>>
SCRIPT       : [JunkYardDog] -- Adding Fuel Point to <Land_Wreck_sed01_aban1_black<411534f0>> at Pos <<4078.119141, 19.584723, 7314.720703>>
SCRIPT       : [JunkYardDog] -- Adding Salvage Point to <Land_Wreck_sed01_aban1_black<41157460>> at Pos <<4090.296387, 19.700535, 7334.300293>>
SCRIPT       : [JunkYardDog] -- Adding Fuel Point to <Land_Wreck_sed01_aban1_black<41157460>> at Pos <<4090.296387, 19.700535, 7334.300293>>
SCRIPT       : [JunkYardDog] -- Adding Salvage Point to <Land_Wreck_sed01_aban1_black<41155020>> at Pos <<4087.878906, 19.762743, 7338.177246>>
SCRIPT       : [JunkYardDog] -- Adding Fuel Point to <Land_Wreck_sed01_aban1_black<41155020>> at Pos <<4087.878906, 19.762743, 7338.177246>>
SCRIPT       : [JunkYardDog] -- Adding Salvage Point to <Land_Wreck_sed02_aban2_grey<41158680>> at Pos <<4130.497559, 17.102644, 7343.074219>>
SCRIPT       : [JunkYardDog] -- Adding Fuel Point to <Land_Wreck_sed02_aban2_grey<41158680>> at Pos <<4130.497559, 17.102644, 7343.074219>>
SCRIPT       : [JunkYardDog] -- Adding Salvage Point to <Land_Wreck_sed02_aban1_grey<440c8680>> at Pos <<1760.719727, 22.384274, 7427.036133>>
SCRIPT       : [JunkYardDog] -- Adding Fuel Point to <Land_Wreck_sed02_aban1_grey<440c8680>> at Pos <<1760.719727, 22.384274, 7427.036133>>
SCRIPT       : [JunkYardDog] -- Adding Salvage Point to <Land_Wreck_sed01_aban1_wine<440c7460>> at Pos <<4227.735840, 16.733238, 7291.679199>>
SCRIPT       : [JunkYardDog] -- Adding Fuel Point to <Land_Wreck_sed01_aban1_wine<440c7460>> at Pos <<4227.735840, 16.733238, 7291.679199>>
SCRIPT       : [JunkYardDog] -- Adding Salvage Point to <Static_Wreck_S120_Red<44dc4710>> at Pos <<4265.483887, 19.387880, 7486.074707>>
SCRIPT       : [JunkYardDog] -- Adding Fuel Point to <Static_Wreck_S120_Red<44dc4710>> at Pos <<4265.483887, 19.387880, 7486.074707>>
SCRIPT       : [JunkYardDog] -- Adding Salvage Point to <Land_Wreck_sed02_aban2_grey<440c5020>> at Pos <<4261.118652, 19.474199, 7486.989746>>
SCRIPT       : [JunkYardDog] -- Adding Fuel Point to <Land_Wreck_sed02_aban2_grey<440c5020>> at Pos <<4261.118652, 19.474199, 7486.989746>>
SCRIPT       : [JunkYardDog] -- Adding Salvage Point to <Land_Wreck_hb02_aban1_black<440c19c0>> at Pos <<4281.951660, 19.722244, 7484.952637>>
SCRIPT       : [JunkYardDog] -- Adding Fuel Point to <Land_Wreck_hb02_aban1_black<440c19c0>> at Pos <<4281.951660, 19.722244, 7484.952637>>
SCRIPT       : [JunkYardDog] -- Adding Salvage Point to <Static_Wreck_S120_Red<4889a4d0>> at Pos <<4557.335449, 16.538828, 7381.394043>>
SCRIPT       : [JunkYardDog] -- Adding Fuel Point to <Static_Wreck_S120_Red<4889a4d0>> at Pos <<4557.335449, 16.538828, 7381.394043>>
SCRIPT       : [JunkYardDog] -- Adding Salvage Point to <Land_Wreck_sed02_aban1_grey<440f5270>> at Pos <<4576.221680, 16.900944, 7332.009277>>
SCRIPT       : [JunkYardDog] -- Adding Fuel Point to <Land_Wreck_sed02_aban1_grey<440f5270>> at Pos <<4576.221680, 16.900944, 7332.009277>>
SCRIPT       : [JunkYardDog] -- Adding Salvage Point to <Land_wreck_truck01_aban1_green<440fb620>> at Pos <<7024.371582, 4.003014, 7419.427734>>
SCRIPT       : [JunkYardDog] -- Adding Fuel Point to <Land_wreck_truck01_aban1_green<440fb620>> at Pos <<7024.371582, 4.003014, 7419.427734>>
SCRIPT       : [JunkYardDog] -- Adding Salvage Point to <Land_Wreck_sed02_aban2_grey<44074b30>> at Pos <<4279.214844, 19.587339, 7496.015625>>
SCRIPT       : [JunkYardDog] -- Adding Fuel Point to <Land_Wreck_sed02_aban2_grey<44074b30>> at Pos <<4279.214844, 19.587339, 7496.015625>>
SCRIPT       : [JunkYardDog] -- Adding Salvage Point to <Land_Wreck_sed01_aban1_wine<440702b0>> at Pos <<4261.516113, 19.556200, 7496.758301>>
SCRIPT       : [JunkYardDog] -- Adding Fuel Point to <Land_Wreck_sed01_aban1_wine<440702b0>> at Pos <<4261.516113, 19.556200, 7496.758301>>
SCRIPT       : [JunkYardDog] -- Adding Salvage Point to <Land_wreck_truck01_aban1_green<440836d0>> at Pos <<2696.036133, 5.898561, 7460.806152>>
SCRIPT       : [JunkYardDog] -- Adding Fuel Point to <Land_wreck_truck01_aban1_green<440836d0>> at Pos <<2696.036133, 5.898561, 7460.806152>>
SCRIPT       : [JunkYardDog] -- Adding Salvage Point to <Static_Wreck_S120_Red<42f8ca50>> at Pos <<3979.441895, 19.399769, 7494.562500>>
SCRIPT       : [JunkYardDog] -- Adding Fuel Point to <Static_Wreck_S120_Red<42f8ca50>> at Pos <<3979.441895, 19.399769, 7494.562500>>
SCRIPT       : [JunkYardDog] -- Adding Salvage Point to <Land_Wreck_sed01_aban1_wine<44094fc0>> at Pos <<4049.510986, 20.435225, 7460.453613>>
SCRIPT       : [JunkYardDog] -- Adding Fuel Point to <Land_Wreck_sed01_aban1_wine<44094fc0>> at Pos <<4049.510986, 20.435225, 7460.453613>>
SCRIPT       : [JunkYardDog] -- Adding Salvage Point to <Land_Wreck_sed02_aban2_grey<4409aa60>> at Pos <<4125.932617, 18.572529, 7473.500000>>
SCRIPT       : [JunkYardDog] -- Adding Fuel Point to <Land_Wreck_sed02_aban2_grey<4409aa60>> at Pos <<4125.932617, 18.572529, 7473.500000>>
SCRIPT       : [JunkYardDog] -- Adding Salvage Point to <Land_Wreck_sed01_aban1_wine<4409c590>> at Pos <<4102.864258, 18.968386, 7466.723145>>
SCRIPT       : [JunkYardDog] -- Adding Fuel Point to <Land_Wreck_sed01_aban1_wine<4409c590>> at Pos <<4102.864258, 18.968386, 7466.723145>>
SCRIPT       : [JunkYardDog] -- Adding Salvage Point to <Static_Wreck_S120_Red<42fade30>> at Pos <<4106.911621, 19.022961, 7493.916016>>
SCRIPT       : [JunkYardDog] -- Adding Fuel Point to <Static_Wreck_S120_Red<42fade30>> at Pos <<4106.911621, 19.022961, 7493.916016>>
SCRIPT       : [JunkYardDog] -- Adding Salvage Point to <Land_Wreck_sed02_aban2_grey<44096af0>> at Pos <<4114.941895, 18.991508, 7496.361816>>
SCRIPT       : [JunkYardDog] -- Adding Fuel Point to <Land_Wreck_sed02_aban2_grey<44096af0>> at Pos <<4114.941895, 18.991508, 7496.361816>>
SCRIPT       : [JunkYardDog] -- Adding Salvage Point to <Static_Wreck_S120_Red<42fa8650>> at Pos <<4103.729492, 20.205074, 7544.099609>>
SCRIPT       : [JunkYardDog] -- Adding Fuel Point to <Static_Wreck_S120_Red<42fa8650>> at Pos <<4103.729492, 20.205074, 7544.099609>>
SCRIPT       : [JunkYardDog] -- Adding Salvage Point to <Land_Wreck_S1023_Blue<440958d0>> at Pos <<4252.409180, 19.884237, 7496.853516>>
SCRIPT       : [JunkYardDog] -- Adding Fuel Point to <Land_Wreck_S1023_Blue<440958d0>> at Pos <<4252.409180, 19.884237, 7496.853516>>
SCRIPT       : [JunkYardDog] -- Adding Salvage Point to <Land_Wreck_S1023_Beige<4409e0c0>> at Pos <<4249.185547, 16.698997, 7597.793945>>
SCRIPT       : [JunkYardDog] -- Adding Fuel Point to <Land_Wreck_S1023_Beige<4409e0c0>> at Pos <<4249.185547, 16.698997, 7597.793945>>
SCRIPT       : [JunkYardDog] -- Adding Salvage Point to <Land_Wreck_S1023_Blue<440a68b0>> at Pos <<4270.023438, 16.830133, 7565.314941>>
SCRIPT       : [JunkYardDog] -- Adding Fuel Point to <Land_Wreck_S1023_Blue<440a68b0>> at Pos <<4270.023438, 16.830133, 7565.314941>>
SCRIPT       : [JunkYardDog] -- Adding Salvage Point to <Land_Wreck_sed01_aban1_white<440a5690>> at Pos <<4312.214844, 16.733042, 7548.858398>>
SCRIPT       : [JunkYardDog] -- Adding Fuel Point to <Land_Wreck_sed01_aban1_white<440a5690>> at Pos <<4312.214844, 16.733042, 7548.858398>>
SCRIPT       : [JunkYardDog] -- Adding Salvage Point to <Land_Wreck_sed02_aban1_yellow<440a2940>> at Pos <<4311.563965, 16.818115, 7595.442383>>
SCRIPT       : [JunkYardDog] -- Adding Fuel Point to <Land_Wreck_sed02_aban1_yellow<440a2940>> at Pos <<4311.563965, 16.818115, 7595.442383>>
SCRIPT       : [JunkYardDog] -- Adding Salvage Point to <Land_Wreck_hb02_aban1_black<440a5fa0>> at Pos <<4316.734375, 16.834013, 7602.237793>>
SCRIPT       : [JunkYardDog] -- Adding Fuel Point to <Land_Wreck_hb02_aban1_black<440a5fa0>> at Pos <<4316.734375, 16.834013, 7602.237793>>
SCRIPT       : [JunkYardDog] -- Adding Salvage Point to <Land_Wreck_sed01_aban2_white<440a1720>> at Pos <<4331.554688, 16.930853, 7537.391602>>
SCRIPT       : [JunkYardDog] -- Adding Fuel Point to <Land_Wreck_sed01_aban2_white<440a1720>> at Pos <<4331.554688, 16.930853, 7537.391602>>
SCRIPT       : [JunkYardDog] -- Adding Salvage Point to <Land_Wreck_Lada_Green<440aa820>> at Pos <<4329.158203, 17.062387, 7589.322754>>
SCRIPT       : [JunkYardDog] -- Adding Fuel Point to <Land_Wreck_Lada_Green<440aa820>> at Pos <<4329.158203, 17.062387, 7589.322754>>
SCRIPT       : [JunkYardDog] -- Adding Salvage Point to <Land_Wreck_sed02_aban1_red<440a7ad0>> at Pos <<4330.479980, 17.007681, 7612.112793>>
SCRIPT       : [JunkYardDog] -- Adding Fuel Point to <Land_Wreck_sed02_aban1_red<440a7ad0>> at Pos <<4330.479980, 17.007681, 7612.112793>>
SCRIPT       : [JunkYardDog] -- Adding Salvage Point to <Land_Wreck_Volha_Blue<440a9f10>> at Pos <<4369.341309, 16.775286, 7573.703613>>
SCRIPT       : [JunkYardDog] -- Adding Fuel Point to <Land_Wreck_Volha_Blue<440a9f10>> at Pos <<4369.341309, 16.775286, 7573.703613>>
SCRIPT       : [JunkYardDog] -- Adding Salvage Point to <Land_Wreck_hb02_aban1_blue<440a8cf0>> at Pos <<4357.938965, 16.869822, 7610.941406>>
SCRIPT       : [JunkYardDog] -- Adding Fuel Point to <Land_Wreck_hb02_aban1_blue<440a8cf0>> at Pos <<4357.938965, 16.869822, 7610.941406>>
SCRIPT       : [JunkYardDog] -- Adding Salvage Point to <Static_Wreck_S120_Red<4a976d40>> at Pos <<4405.870605, 16.282368, 7605.106445>>
SCRIPT       : [JunkYardDog] -- Adding Fuel Point to <Static_Wreck_S120_Red<4a976d40>> at Pos <<4405.870605, 16.282368, 7605.106445>>
SCRIPT       : [JunkYardDog] -- Adding Salvage Point to <Land_Wreck_Lada_Green<440acc60>> at Pos <<4550.620117, 16.493559, 7609.004883>>
SCRIPT       : [JunkYardDog] -- Adding Fuel Point to <Land_Wreck_Lada_Green<440acc60>> at Pos <<4550.620117, 16.493559, 7609.004883>>
SCRIPT       : [JunkYardDog] -- Adding Salvage Point to <Static_Wreck_Ural<4a9967b0>> at Pos <<4647.874023, 16.816950, 7530.903809>>
SCRIPT       : [JunkYardDog] -- Adding Fuel Point to <Static_Wreck_Ural<4a9967b0>> at Pos <<4647.874023, 16.816950, 7530.903809>>
SCRIPT       : [JunkYardDog] -- Adding Salvage Point to <Land_Wreck_sed02_aban1_yellow<40d21520>> at Pos <<4160.610840, 18.751116, 7483.944824>>
SCRIPT       : [JunkYardDog] -- Adding Fuel Point to <Land_Wreck_sed02_aban1_yellow<40d21520>> at Pos <<4160.610840, 18.751116, 7483.944824>>
SCRIPT       : [JunkYardDog] -- Adding Salvage Point to <Static_Wreck_HMMWV<4a99f020>> at Pos <<4167.168457, 17.568390, 7584.996582>>
SCRIPT       : [JunkYardDog] -- Adding Fuel Point to <Static_Wreck_HMMWV<4a99f020>> at Pos <<4167.168457, 17.568390, 7584.996582>>
SCRIPT       : [JunkYardDog] -- Adding Salvage Point to <Land_Wreck_Lada_Green<40d1e7d0>> at Pos <<4188.168457, 17.092762, 7616.029297>>
SCRIPT       : [JunkYardDog] -- Adding Fuel Point to <Land_Wreck_Lada_Green<40d1e7d0>> at Pos <<4188.168457, 17.092762, 7616.029297>>
SCRIPT       : [JunkYardDog] -- Adding Salvage Point to <Land_wreck_truck01_aban1_orange<40d1f9f0>> at Pos <<4188.354980, 15.747185, 7659.596680>>
SCRIPT       : [JunkYardDog] -- Adding Fuel Point to <Land_wreck_truck01_aban1_orange<40d1f9f0>> at Pos <<4188.354980, 15.747185, 7659.596680>>
SCRIPT       : [JunkYardDog] -- Adding Salvage Point to <Land_Wreck_sed01_aban2_white<40d22740>> at Pos <<4172.202148, 16.513315, 7667.091797>>
SCRIPT       : [JunkYardDog] -- Adding Fuel Point to <Land_Wreck_sed01_aban2_white<40d22740>> at Pos <<4172.202148, 16.513315, 7667.091797>>
SCRIPT       : [JunkYardDog] -- Adding Salvage Point to <Land_Wreck_S1023_Beige<40d29400>> at Pos <<4194.942383, 16.742039, 7675.369629>>
SCRIPT       : [JunkYardDog] -- Adding Fuel Point to <Land_Wreck_S1023_Beige<40d29400>> at Pos <<4194.942383, 16.742039, 7675.369629>>
SCRIPT       : [JunkYardDog] -- Adding Salvage Point to <Static_Wreck_S120_Red<451689d0>> at Pos <<4244.800781, 16.282671, 7656.051758>>
SCRIPT       : [JunkYardDog] -- Adding Fuel Point to <Static_Wreck_S120_Red<451689d0>> at Pos <<4244.800781, 16.282671, 7656.051758>>
SCRIPT       : [JunkYardDog] -- Adding Salvage Point to <Land_Wreck_V3S<40d23960>> at Pos <<4266.461426, 17.303036, 7641.594238>>
SCRIPT       : [JunkYardDog] -- Adding Fuel Point to <Land_Wreck_V3S<40d23960>> at Pos <<4266.461426, 17.303036, 7641.594238>>
SCRIPT       : [JunkYardDog] -- Adding Salvage Point to <Land_Wreck_S1023_Beige<40d25da0>> at Pos <<4281.707520, 16.910204, 7658.565430>>
SCRIPT       : [JunkYardDog] -- Adding Fuel Point to <Land_Wreck_S1023_Beige<40d25da0>> at Pos <<4281.707520, 16.910204, 7658.565430>>
SCRIPT       : [JunkYardDog] -- Adding Salvage Point to <Static_Wreck_S120_Red<45165de0>> at Pos <<4296.734375, 16.590328, 7661.869629>>
SCRIPT       : [JunkYardDog] -- Adding Fuel Point to <Static_Wreck_S120_Red<45165de0>> at Pos <<4296.734375, 16.590328, 7661.869629>>
SCRIPT       : [JunkYardDog] -- Adding Salvage Point to <Land_Wreck_sed01_aban1_white<40d2eea0>> at Pos <<4328.734863, 16.658754, 7655.370605>>
SCRIPT       : [JunkYardDog] -- Adding Fuel Point to <Land_Wreck_sed01_aban1_white<40d2eea0>> at Pos <<4328.734863, 16.658754, 7655.370605>>
SCRIPT       : [JunkYardDog] -- Adding Salvage Point to <Land_Wreck_sed02_aban1_red<40d2e590>> at Pos <<4340.870117, 16.698275, 7664.308105>>
SCRIPT       : [JunkYardDog] -- Adding Fuel Point to <Land_Wreck_sed02_aban1_red<40d2e590>> at Pos <<4340.870117, 16.698275, 7664.308105>>
SCRIPT       : [JunkYardDog] -- Adding Salvage Point to <Land_Wreck_S1023_Beige<40d391c0>> at Pos <<4342.959473, 16.699135, 7686.888184>>
SCRIPT       : [JunkYardDog] -- Adding Fuel Point to <Land_Wreck_S1023_Beige<40d391c0>> at Pos <<4342.959473, 16.699135, 7686.888184>>
SCRIPT       : [JunkYardDog] -- Adding Salvage Point to <Land_wreck_truck01_aban2_green<40d44700>> at Pos <<4702.073242, 15.797871, 7566.100586>>
SCRIPT       : [JunkYardDog] -- Adding Fuel Point to <Land_wreck_truck01_aban2_green<40d44700>> at Pos <<4702.073242, 15.797871, 7566.100586>>
SCRIPT       : [JunkYardDog] -- Adding Salvage Point to <Static_Wreck_S120_Red<433c8d10>> at Pos <<4690.976074, 16.399143, 7613.687012>>
SCRIPT       : [JunkYardDog] -- Adding Fuel Point to <Static_Wreck_S120_Red<433c8d10>> at Pos <<4690.976074, 16.399143, 7613.687012>>
SCRIPT       : [JunkYardDog] -- Adding Salvage Point to <Land_Wreck_S1023_Beige<40d46230>> at Pos <<4718.874512, 16.913778, 7626.056152>>
SCRIPT       : [JunkYardDog] -- Adding Fuel Point to <Land_Wreck_S1023_Beige<40d46230>> at Pos <<4718.874512, 16.913778, 7626.056152>>
SCRIPT       : [JunkYardDog] -- Adding Salvage Point to <Land_Wreck_Volha_Blue<40d45920>> at Pos <<4741.960938, 16.279078, 7598.715332>>
SCRIPT       : [JunkYardDog] -- Adding Fuel Point to <Land_Wreck_Volha_Blue<40d45920>> at Pos <<4741.960938, 16.279078, 7598.715332>>
SCRIPT       : [JunkYardDog] -- Adding Salvage Point to <Land_Wreck_Uaz<40d4bcd0>> at Pos <<4444.038574, 16.710466, 7654.342285>>
SCRIPT       : [JunkYardDog] -- Adding Fuel Point to <Land_Wreck_Uaz<40d4bcd0>> at Pos <<4444.038574, 16.710466, 7654.342285>>
SCRIPT       : [JunkYardDog] -- Adding Salvage Point to <Land_Wreck_S1023_Blue<40d4ea20>> at Pos <<4462.250488, 16.698263, 7625.384277>>
SCRIPT       : [JunkYardDog] -- Adding Fuel Point to <Land_Wreck_S1023_Blue<40d4ea20>> at Pos <<4462.250488, 16.698263, 7625.384277>>
SCRIPT       : [JunkYardDog] -- Adding Salvage Point to <Land_Wreck_sed02_aban2_grey<480f04d0>> at Pos <<4562.819824, 16.042282, 7738.955566>>
SCRIPT       : [JunkYardDog] -- Adding Fuel Point to <Land_Wreck_sed02_aban2_grey<480f04d0>> at Pos <<4562.819824, 16.042282, 7738.955566>>
SCRIPT       : [JunkYardDog] -- Adding Salvage Point to <Static_Wreck_Ural<4a1a6ad0>> at Pos <<4544.437500, 16.887514, 7736.627930>>
SCRIPT       : [JunkYardDog] -- Adding Fuel Point to <Static_Wreck_Ural<4a1a6ad0>> at Pos <<4544.437500, 16.887514, 7736.627930>>
SCRIPT       : [JunkYardDog] -- Adding Salvage Point to <Land_Wreck_S1023_Beige<48101dc0>> at Pos <<4083.731934, 6.320822, 7799.924316>>
SCRIPT       : [JunkYardDog] -- Adding Fuel Point to <Land_Wreck_S1023_Beige<48101dc0>> at Pos <<4083.731934, 6.320822, 7799.924316>>
SCRIPT       : [JunkYardDog] -- Adding Salvage Point to <Static_Wreck_Ural<4a172010>> at Pos <<4075.178223, 6.413279, 7835.257813>>
SCRIPT       : [JunkYardDog] -- Adding Fuel Point to <Static_Wreck_Ural<4a172010>> at Pos <<4075.178223, 6.413279, 7835.257813>>
SCRIPT       : [JunkYardDog] -- Adding Salvage Point to <Land_Wreck_sed01_aban2_wine<48109390>> at Pos <<4105.606934, 5.813293, 7823.814453>>
SCRIPT       : [JunkYardDog] -- Adding Fuel Point to <Land_Wreck_sed01_aban2_wine<48109390>> at Pos <<4105.606934, 5.813293, 7823.814453>>
SCRIPT       : [JunkYardDog] -- Adding Salvage Point to <Land_Wreck_sed02_aban1_red<48109ca0>> at Pos <<4122.947754, 5.571251, 7825.764160>>
SCRIPT       : [JunkYardDog] -- Adding Fuel Point to <Land_Wreck_sed02_aban1_red<48109ca0>> at Pos <<4122.947754, 5.571251, 7825.764160>>
SCRIPT       : [JunkYardDog] -- Adding Salvage Point to <Land_Wreck_sed02_aban1_red<48105d30>> at Pos <<4137.145508, 5.555468, 7826.740723>>
SCRIPT       : [JunkYardDog] -- Adding Fuel Point to <Land_Wreck_sed02_aban1_red<48105d30>> at Pos <<4137.145508, 5.555468, 7826.740723>>
SCRIPT       : [JunkYardDog] -- Adding Salvage Point to <Static_Wreck_Ural<4a172df0>> at Pos <<4168.310547, 5.917594, 7830.168945>>
SCRIPT       : [JunkYardDog] -- Adding Fuel Point to <Static_Wreck_Ural<4a172df0>> at Pos <<4168.310547, 5.917594, 7830.168945>>
SCRIPT       : [JunkYardDog] -- Adding Salvage Point to <Land_wreck_truck01_aban1_green<48111b80>> at Pos <<4181.087891, 4.862995, 7875.597168>>
SCRIPT       : [JunkYardDog] -- Adding Fuel Point to <Land_wreck_truck01_aban1_green<48111b80>> at Pos <<4181.087891, 4.862995, 7875.597168>>
SCRIPT       : [JunkYardDog] -- Adding Salvage Point to <Land_Wreck_hb02_aban1_black<481148d0>> at Pos <<4197.631348, 5.540404, 7792.269531>>
SCRIPT       : [JunkYardDog] -- Adding Fuel Point to <Land_Wreck_hb02_aban1_black<481148d0>> at Pos <<4197.631348, 5.540404, 7792.269531>>
SCRIPT       : [JunkYardDog] -- Adding Salvage Point to <Land_wreck_truck01_aban1_green<48117620>> at Pos <<4214.380859, 4.810999, 7831.188477>>
SCRIPT       : [JunkYardDog] -- Adding Fuel Point to <Land_wreck_truck01_aban1_green<48117620>> at Pos <<4214.380859, 4.810999, 7831.188477>>
SCRIPT       : [JunkYardDog] -- Adding Salvage Point to <Static_Wreck_Ural<4a181e70>> at Pos <<6746.413574, 27.317520, 2289.623779>>
SCRIPT       : [JunkYardDog] -- Adding Fuel Point to <Static_Wreck_Ural<4a181e70>> at Pos <<6746.413574, 27.317520, 2289.623779>>
SCRIPT       : [JunkYardDog] -- Adding Salvage Point to <Land_Wreck_sed02_aban1_grey<4811a370>> at Pos <<6760.093750, 26.991104, 2287.590088>>
SCRIPT       : [JunkYardDog] -- Adding Fuel Point to <Land_Wreck_sed02_aban1_grey<4811a370>> at Pos <<6760.093750, 26.991104, 2287.590088>>
SCRIPT       : [JunkYardDog] -- Adding Salvage Point to <Land_Wreck_sed01_aban2_wine<4811ac80>> at Pos <<6749.152832, 26.883291, 2315.182129>>
SCRIPT       : [JunkYardDog] -- Adding Fuel Point to <Land_Wreck_sed01_aban2_wine<4811ac80>> at Pos <<6749.152832, 26.883291, 2315.182129>>
SCRIPT       : [JunkYardDog] -- Adding Salvage Point to <Land_Wreck_S1023_Beige<481136b0>> at Pos <<6727.623047, 27.129129, 2333.909424>>
SCRIPT       : [JunkYardDog] -- Adding Fuel Point to <Land_Wreck_S1023_Beige<481136b0>> at Pos <<6727.623047, 27.129129, 2333.909424>>
SCRIPT       : [JunkYardDog] -- Adding Salvage Point to <Land_Wreck_hb01_aban2_green<48122b60>> at Pos <<6742.686035, 27.060749, 2314.432861>>
SCRIPT       : [JunkYardDog] -- Adding Fuel Point to <Land_Wreck_hb01_aban2_green<48122b60>> at Pos <<6742.686035, 27.060749, 2314.432861>>
SCRIPT       : [JunkYardDog] -- Adding Salvage Point to <Land_Wreck_hb01_aban1_blue<4811b590>> at Pos <<6767.819824, 27.191996, 2306.217773>>
SCRIPT       : [JunkYardDog] -- Adding Fuel Point to <Land_Wreck_hb01_aban1_blue<4811b590>> at Pos <<6767.819824, 27.191996, 2306.217773>>
SCRIPT       : [JunkYardDog] -- Adding Salvage Point to <Land_Wreck_V3S<4811d0c0>> at Pos <<6780.577637, 27.732960, 2333.538330>>
SCRIPT       : [JunkYardDog] -- Adding Fuel Point to <Land_Wreck_V3S<4811d0c0>> at Pos <<6780.577637, 27.732960, 2333.538330>>
SCRIPT       : [JunkYardDog] -- Adding Salvage Point to <Land_Wreck_sed02_aban1_red<4811f500>> at Pos <<6771.830566, 26.991144, 2306.357910>>
SCRIPT       : [JunkYardDog] -- Adding Fuel Point to <Land_Wreck_sed02_aban1_red<4811f500>> at Pos <<6771.830566, 26.991144, 2306.357910>>
SCRIPT       : [JunkYardDog] -- Adding Salvage Point to <Land_Wreck_sed02_aban2_yellow<3f470a80>> at Pos <<4014.172363, 16.288824, 6650.234863>>
SCRIPT       : [JunkYardDog] -- Adding Fuel Point to <Land_Wreck_sed02_aban2_yellow<3f470a80>> at Pos <<4014.172363, 16.288824, 6650.234863>>
SCRIPT       : [JunkYardDog] -- Adding Salvage Point to <Static_Wreck_HMMWV<48bfe350>> at Pos <<4002.170898, 16.537102, 6625.695801>>
SCRIPT       : [JunkYardDog] -- Adding Fuel Point to <Static_Wreck_HMMWV<48bfe350>> at Pos <<4002.170898, 16.537102, 6625.695801>>
SCRIPT       : [JunkYardDog] -- Adding Salvage Point to <Land_Wreck_sed02_aban1_yellow<3f477740>> at Pos <<4452.959961, 16.561337, 7615.726074>>
SCRIPT       : [JunkYardDog] -- Adding Fuel Point to <Land_Wreck_sed02_aban1_yellow<3f477740>> at Pos <<4452.959961, 16.561337, 7615.726074>>
SCRIPT       : [JunkYardDog] -- Adding Salvage Point to <Static_Wreck_S120_Red<48bc0a30>> at Pos <<6727.504395, 26.712687, 2343.125488>>
SCRIPT       : [JunkYardDog] -- Adding Fuel Point to <Static_Wreck_S120_Red<48bc0a30>> at Pos <<6727.504395, 26.712687, 2343.125488>>
SCRIPT       : [JunkYardDog] -- Adding Salvage Point to <Static_Wreck_HMMWV<48bbfa00>> at Pos <<6734.239258, 27.037115, 2343.453613>>
SCRIPT       : [JunkYardDog] -- Adding Fuel Point to <Static_Wreck_HMMWV<48bbfa00>> at Pos <<6734.239258, 27.037115, 2343.453613>>
SCRIPT       : [JunkYardDog] -- Adding Salvage Point to <Land_Wreck_sed02_aban2_red<3f478050>> at Pos <<6781.917969, 26.788824, 2344.037598>>
SCRIPT       : [JunkYardDog] -- Adding Fuel Point to <Land_Wreck_sed02_aban2_red<3f478050>> at Pos <<6781.917969, 26.788824, 2344.037598>>
SCRIPT       : [JunkYardDog] -- Adding Salvage Point to <Land_Wreck_hb02_aban1_blue<3f4725b0>> at Pos <<6768.120605, 26.889807, 2343.284180>>
SCRIPT       : [JunkYardDog] -- Adding Fuel Point to <Land_Wreck_hb02_aban1_blue<3f4725b0>> at Pos <<6768.120605, 26.889807, 2343.284180>>
SCRIPT       : [JunkYardDog] -- Adding Salvage Point to <Land_Wreck_Tractor<3f47a490>> at Pos <<4225.777832, 5.837431, 7788.625488>>
SCRIPT       : [JunkYardDog] -- Adding Fuel Point to <Land_Wreck_Tractor<3f47a490>> at Pos <<4225.777832, 5.837431, 7788.625488>>
SCRIPT       : [JunkYardDog] -- Adding Salvage Point to <Land_wreck_truck01_aban1_green<3f47ed10>> at Pos <<4245.431641, 4.730000, 7863.156250>>
SCRIPT       : [JunkYardDog] -- Adding Fuel Point to <Land_wreck_truck01_aban1_green<3f47ed10>> at Pos <<4245.431641, 4.730000, 7863.156250>>
SCRIPT       : [JunkYardDog] -- Adding Salvage Point to <Land_Wreck_hb01_aban2_green<3f481150>> at Pos <<4307.068848, 5.754632, 7881.595215>>
SCRIPT       : [JunkYardDog] -- Adding Fuel Point to <Land_Wreck_hb01_aban2_green<3f481150>> at Pos <<4307.068848, 5.754632, 7881.595215>>
SCRIPT       : [JunkYardDog] -- Adding Salvage Point to <Static_Wreck_Ural<428c0190>> at Pos <<4626.589355, 6.523552, 7889.500000>>
SCRIPT       : [JunkYardDog] -- Adding Fuel Point to <Static_Wreck_Ural<428c0190>> at Pos <<4626.589355, 6.523552, 7889.500000>>
SCRIPT       : [JunkYardDog] -- Adding Salvage Point to <Static_Wreck_Ural<428ccac0>> at Pos <<4664.966797, 6.799992, 7887.483398>>
SCRIPT       : [JunkYardDog] -- Adding Fuel Point to <Static_Wreck_Ural<428ccac0>> at Pos <<4664.966797, 6.799992, 7887.483398>>
SCRIPT       : [TERJE CORE](INFO): Profile 'R5KkZb3Ywicboa8ntCzbBJK6WLpakj_6yA-ghmDo4lw=' saved to database.
SCRIPT       : [Permissions Manager] Admin (Pengowski) (76561198413928129) Successfully Logged in!
SCRIPT       : [VPPAdminTools] Found Items: [15065]
SCRIPT       : string ammo = 'FallDamageShock'
SCRIPT       : string ammo = 'FallDamageHealth'
SCRIPT       : string ammoType = 'Bullet_380'
SCRIPT       : string ammo = 'Bullet_380'
SCRIPT       : string ammo = 'Bullet_380'
SCRIPT       : string ammo = 'Bullet_380'
SCRIPT       : string ammo = 'Bullet_380'
SCRIPT       : string ammo = 'Bullet_380'
SCRIPT       : string ammo = 'Bullet_380'
SCRIPT       : string ammo = 'FallDamageShock'
SCRIPT       : string ammoType = 'Bullet_380'
SCRIPT       : string ammoType = 'Bullet_380'
SCRIPT       : string ammoType = 'Bullet_380'
SCRIPT       : string ammo = 'Bullet_380'
SCRIPT       : string ammoType = 'Bullet_380'
SCRIPT       : string ammo = 'Bullet_380'
SCRIPT       : =============== WARNING ===============
SCRIPT       : [TerjeMedicine]: You are using the trial version of the 'Terje Medicine' mod.
SCRIPT       : [TerjeMedicine]: To remove this message and watermark - please buy license on terjehub.com
SCRIPT       : =======================================
SCRIPT       : =============== WARNING ===============
SCRIPT       : [TerjeSkills]: You are using the trial version of the 'Terje Skills' mod.
SCRIPT       : [TerjeSkills]: To remove this message and watermark - please buy license on terjehub.com
SCRIPT       : =======================================
SCRIPT       : string ammoType = 'Bullet_380'
SCRIPT       : string ammoType = 'Bullet_380'
SCRIPT       : string ammoType = 'Bullet_380'
SCRIPT       : string ammo = 'Bullet_12GaugeStone'
SCRIPT       : [JunkYardDog] -- Adding Salvage Point to <Static_Wreck_S120_Red<40e8c290>> at Pos <<2338.598389, 55.382694, 3073.794678>>
SCRIPT       : [JunkYardDog] -- Adding Fuel Point to <Static_Wreck_S120_Red<40e8c290>> at Pos <<2338.598389, 55.382694, 3073.794678>>
SCRIPT       : [JunkYardDog] -- Adding Salvage Point to <Land_Wreck_Volha_Blue<3f49fab0>> at Pos <<2409.993408, 55.532642, 3103.223389>>
SCRIPT       : [JunkYardDog] -- Adding Fuel Point to <Land_Wreck_Volha_Blue<3f49fab0>> at Pos <<2409.993408, 55.532642, 3103.223389>>
SCRIPT       : [JunkYardDog] -- Adding Salvage Point to <Land_Wreck_sed01_aban1_black<3f4a3110>> at Pos <<2035.736328, 55.551632, 2929.536377>>
SCRIPT       : [JunkYardDog] -- Adding Fuel Point to <Land_Wreck_sed01_aban1_black<3f4a3110>> at Pos <<2035.736328, 55.551632, 2929.536377>>
SCRIPT       : [JunkYardDog] -- Adding Salvage Point to <Land_wreck_truck01_aban1_green<3f4a6770>> at Pos <<2158.755859, 54.800152, 2941.861084>>
SCRIPT       : [JunkYardDog] -- Adding Fuel Point to <Land_wreck_truck01_aban1_green<3f4a6770>> at Pos <<2158.755859, 54.800152, 2941.861084>>
SCRIPT       : [JunkYardDog] -- Adding Salvage Point to <Land_wreck_truck01_aban1_green<4a2532a0>> at Pos <<2166.471191, 54.800152, 2915.362793>>
SCRIPT       : [JunkYardDog] -- Adding Fuel Point to <Land_wreck_truck01_aban1_green<4a2532a0>> at Pos <<2166.471191, 54.800152, 2915.362793>>
SCRIPT       : [JunkYardDog] -- Adding Salvage Point to <Land_wreck_truck01_aban1_green<4a258430>> at Pos <<2191.900146, 54.800152, 2906.577148>>
SCRIPT       : [JunkYardDog] -- Adding Fuel Point to <Land_wreck_truck01_aban1_green<4a258430>> at Pos <<2191.900146, 54.800152, 2906.577148>>
SCRIPT       : string ammo = 'Bullet_12GaugePellets'
SCRIPT       : =============== WARNING ===============
SCRIPT       : [TerjeMedicine]: You are using the trial version of the 'Terje Medicine' mod.
SCRIPT       : [TerjeMedicine]: To remove this message and watermark - please buy license on terjehub.com
SCRIPT       : =======================================
SCRIPT       : string ammo = 'Bullet_12GaugePellets'
SCRIPT       : string ammo = 'Bullet_12GaugePellets'
SCRIPT       : string ammo = 'Bullet_12GaugePellets'
SCRIPT       : string ammo = 'Bullet_12GaugeStone'
SCRIPT       : string ammo = 'Bullet_12GaugeStone'
SCRIPT       : string ammo = 'Bullet_12GaugeStone'
SCRIPT       : string ammo = 'Bullet_12GaugeStone'
SCRIPT       : string ammoType = 'Bullet_45ACP'
SCRIPT       : string ammo = 'Bullet_12GaugePellets'
SCRIPT       : string ammo = 'Bullet_12GaugePellets'
SCRIPT       : string ammo = 'Bullet_12GaugePellets'
SCRIPT       : string ammo = 'Bullet_12GaugePellets'
SCRIPT       : string ammoType = 'Bullet_45ACP'
SCRIPT       : string ammo = 'Bullet_12GaugePellets'
SCRIPT       : string ammoType = 'Bullet_45ACP'
SCRIPT       : string ammo = 'Bullet_12GaugePellets'
SCRIPT       : string ammo = 'Bullet_12GaugePellets'
SCRIPT       : string ammo = 'Bullet_12GaugePellets'
SCRIPT       : string ammo = 'Bullet_12GaugePellets'
SCRIPT       : string ammo = 'Bullet_12GaugePellets'
SCRIPT       : =============== WARNING ===============
SCRIPT       : [TerjeSkills]: You are using the trial version of the 'Terje Skills' mod.
SCRIPT       : [TerjeSkills]: To remove this message and watermark - please buy license on terjehub.com
SCRIPT       : =======================================
SCRIPT       : string ammoType = 'Bullet_45ACP'
SCRIPT       : string ammoType = 'Bullet_12GaugePellets'
SCRIPT       : string ammo = 'Bullet_45ACP'
SCRIPT       : string ammo = 'Bullet_45ACP'
SCRIPT       : string ammo = 'Bullet_12GaugePellets'
SCRIPT       : string ammo = 'Bullet_45ACP'
SCRIPT       : string ammo = 'Bullet_12GaugePellets'
SCRIPT       : string ammoType = 'Bullet_12GaugePellets'
SCRIPT       : string ammo = 'Bullet_12GaugePellets'
SCRIPT       : string ammo = 'Bullet_12GaugePellets'
SCRIPT       : string ammo = 'Bullet_12GaugePellets'
SCRIPT       : string ammoType = 'Bullet_12GaugePellets'
SCRIPT       : string ammo = 'Bullet_12GaugePellets'
SCRIPT       : string ammo = 'Bullet_12GaugePellets'
SCRIPT       : string ammo = 'Bullet_12GaugePellets'
SCRIPT       : string ammo = 'Bullet_12GaugePellets'
SCRIPT       : string ammo = 'Bullet_12GaugePellets'
SCRIPT       : string ammo = 'Bullet_12GaugePellets'
SCRIPT       : string ammo = 'Bullet_12GaugePellets'
SCRIPT       : string ammoType = 'Bullet_45ACP'
SCRIPT       : string ammoType = 'Bullet_45ACP'
SCRIPT       : string ammoType = 'Bullet_45ACP'
SCRIPT       : string ammo = 'Bullet_12GaugePellets'
SCRIPT       : string ammo = 'Bullet_12GaugePellets'
SCRIPT       : string ammoType = 'Bullet_12GaugePellets'
SCRIPT       : string ammo = 'Bullet_12GaugePellets'
SCRIPT       : string ammoType = 'Bullet_12GaugeSlug'
SCRIPT       : string ammo = 'Bullet_12GaugePellets'
SCRIPT       : string ammo = 'Bullet_12GaugePellets'
SCRIPT       : string ammoType = 'Bullet_12GaugeSlug'
SCRIPT       : string ammo = 'Bullet_12GaugePellets'
SCRIPT       : string ammo = 'Bullet_12GaugePellets'
SCRIPT       : string ammo = 'Bullet_12GaugePellets'
SCRIPT       : string ammo = 'FallDamageHealth'
SCRIPT       : string ammo = 'FallDamageShock'
SCRIPT       : string ammoType = 'Bullet_45ACP'
SCRIPT       : string ammo = 'Bullet_12GaugePellets'
SCRIPT       : [inv] ReplaceItemWithNewLambdaBase Step B) remove OK, loc={ type=HANDS item=Shemagh_Bandit_White:21581 parent=SurvivorM_Lewis:8:INSTANCETYPE_SERVER }
SCRIPT       : [inv] ReplaceItemWithNewLambdaBase Step B) remove OK, loc={ type=HANDS item=Shemagh_White:21620 parent=SurvivorM_Lewis:8:INSTANCETYPE_SERVER }
SCRIPT       : [inv] ReplaceItemWithNewLambdaBase Step B) remove OK, loc={ type=HANDS item=Shemagh_Scarf_White:21581 parent=SurvivorM_Lewis:8:INSTANCETYPE_SERVER }
SCRIPT       : string ammo = 'Bullet_12GaugePellets'
SCRIPT       : string ammo = 'Bullet_12GaugePellets'
SCRIPT       : [wpnfsm] ValidateAndRepair Attempting to repair: CZ527:17570 (owner eAI_SurvivorF_Linda<4cf1a020>) - MagazineRepair - BAREM_CLO_BUF_MA0<4cddea70> - state: 0 != weapon: 1
Class:      'WeaponFSM'

Function: 'ValidateAndRepairHelper'
Stack trace:
DayZExpansion/Core/Scripts/4_World/dayzexpansion_core\entities\firearms\weaponfsm.c:30
SCRIPT       : [JunkYardDog] -- Adding Salvage Point to <Land_wreck_truck01_aban1_green<4a25ccb0>> at Pos <<2542.481689, 109.670647, 2452.678955>>
SCRIPT       : [JunkYardDog] -- Adding Fuel Point to <Land_wreck_truck01_aban1_green<4a25ccb0>> at Pos <<2542.481689, 109.670647, 2452.678955>>
SCRIPT       : [TERJE CORE](INFO): Profile 'R5KkZb3Ywicboa8ntCzbBJK6WLpakj_6yA-ghmDo4lw=' saved to database.
SCRIPT       : [JunkYardDog] -- Adding Salvage Point to <Land_Wreck_sed02_aban2_red<4a275b70>> at Pos <<1848.998047, 16.228825, 597.822449>>
SCRIPT       : [JunkYardDog] -- Adding Fuel Point to <Land_Wreck_sed02_aban2_red<4a275b70>> at Pos <<1848.998047, 16.228825, 597.822449>>
SCRIPT       : [JunkYardDog] -- Adding Salvage Point to <Land_Wreck_sed01_aban1_wine<4a26eeb0>> at Pos <<1848.904419, 16.321630, 585.401611>>
SCRIPT       : [JunkYardDog] -- Adding Fuel Point to <Land_Wreck_sed01_aban1_wine<4a26eeb0>> at Pos <<1848.904419, 16.321630, 585.401611>>
SCRIPT       : [JunkYardDog] -- Adding Salvage Point to <Land_Wreck_hb02_aban2_red<4a2700d0>> at Pos <<1880.867188, 16.273724, 604.823730>>
SCRIPT       : [JunkYardDog] -- Adding Fuel Point to <Land_Wreck_hb02_aban2_red<4a2700d0>> at Pos <<1880.867188, 16.273724, 604.823730>>
SCRIPT       : [JunkYardDog] -- Adding Salvage Point to <Land_Wreck_S1023_Beige<4a271c00>> at Pos <<1881.052734, 16.569134, 600.557434>>
SCRIPT       : [JunkYardDog] -- Adding Fuel Point to <Land_Wreck_S1023_Beige<4a271c00>> at Pos <<1881.052734, 16.569134, 600.557434>>
SCRIPT       : [JunkYardDog] -- Adding Salvage Point to <Land_Wreck_sed01_aban1_white<4a276480>> at Pos <<1859.194214, 16.321630, 597.628418>>
SCRIPT       : [JunkYardDog] -- Adding Fuel Point to <Land_Wreck_sed01_aban1_white<4a276480>> at Pos <<1859.194214, 16.321630, 597.628418>>
SCRIPT       : [JunkYardDog] -- Adding Salvage Point to <Land_Wreck_hb02_aban1_blue<4a27bf20>> at Pos <<1881.339844, 16.329824, 580.130371>>
SCRIPT       : [JunkYardDog] -- Adding Fuel Point to <Land_Wreck_hb02_aban1_blue<4a27bf20>> at Pos <<1881.339844, 16.329824, 580.130371>>
SCRIPT       : [JunkYardDog] -- Adding Salvage Point to <Land_Wreck_sed02_aban1_yellow<4a277fb0>> at Pos <<1880.414917, 16.431118, 587.603455>>
SCRIPT       : [JunkYardDog] -- Adding Fuel Point to <Land_Wreck_sed02_aban1_yellow<4a277fb0>> at Pos <<1880.414917, 16.431118, 587.603455>>
SCRIPT       : [JunkYardDog] -- Adding Salvage Point to <Land_Wreck_hb01_aban1_green<4a27e360>> at Pos <<1859.670532, 16.631992, 580.999573>>
SCRIPT       : [JunkYardDog] -- Adding Fuel Point to <Land_Wreck_hb01_aban1_green<4a27e360>> at Pos <<1859.670532, 16.631992, 580.999573>>
SCRIPT       : [JunkYardDog] -- Adding Salvage Point to <Static_Wreck_Ural<4df813e0>> at Pos <<1733.008667, 16.757515, 623.392273>>
SCRIPT       : [JunkYardDog] -- Adding Fuel Point to <Static_Wreck_Ural<4df813e0>> at Pos <<1733.008667, 16.757515, 623.392273>>
SCRIPT       : [JunkYardDog] -- Adding Salvage Point to <Land_Wreck_hb02_aban1_blue<4e5e7140>> at Pos <<1706.661011, 16.467388, 584.272339>>
SCRIPT       : [JunkYardDog] -- Adding Fuel Point to <Land_Wreck_hb02_aban1_blue<4e5e7140>> at Pos <<1706.661011, 16.467388, 584.272339>>
SCRIPT       : [JunkYardDog] -- Adding Salvage Point to <Land_wreck_truck01_aban1_green<4e5eb0b0>> at Pos <<2191.610596, 15.570000, 668.144531>>
SCRIPT       : [JunkYardDog] -- Adding Fuel Point to <Land_wreck_truck01_aban1_green<4e5eb0b0>> at Pos <<2191.610596, 15.570000, 668.144531>>
SCRIPT       : [JunkYardDog] -- Adding Salvage Point to <Land_wreck_truck01_aban1_green<4e5e3ae0>> at Pos <<2217.305908, 15.570000, 661.672302>>
SCRIPT       : [JunkYardDog] -- Adding Fuel Point to <Land_wreck_truck01_aban1_green<4e5e3ae0>> at Pos <<2217.305908, 15.570000, 661.672302>>
SCRIPT       : [JunkYardDog] -- Adding Salvage Point to <Land_wreck_truck01_aban1_green<4e5ee710>> at Pos <<2218.775146, 15.570000, 649.664917>>
SCRIPT       : [JunkYardDog] -- Adding Fuel Point to <Land_wreck_truck01_aban1_green<4e5ee710>> at Pos <<2218.775146, 15.570000, 649.664917>>
SCRIPT       : [JunkYardDog] -- Adding Salvage Point to <Land_wreck_truck01_aban1_green<4e5f0b50>> at Pos <<2603.595215, 109.670670, 2490.604980>>
SCRIPT       : [JunkYardDog] -- Adding Fuel Point to <Land_wreck_truck01_aban1_green<4e5f0b50>> at Pos <<2603.595215, 109.670670, 2490.604980>>
SCRIPT       : [JunkYardDog] -- Adding Salvage Point to <Land_Wreck_S1023_Blue<4e5f1d70>> at Pos <<1848.766968, 16.569132, 560.243225>>
SCRIPT       : [JunkYardDog] -- Adding Fuel Point to <Land_Wreck_S1023_Blue<4e5f1d70>> at Pos <<1848.766968, 16.569132, 560.243225>>
SCRIPT       : [JunkYardDog] -- Adding Salvage Point to <Land_Wreck_Volha_Grey<4e5ed4f0>> at Pos <<1848.792603, 16.306944, 568.316406>>
SCRIPT       : [JunkYardDog] -- Adding Fuel Point to <Land_Wreck_Volha_Grey<4e5ed4f0>> at Pos <<1848.792603, 16.306944, 568.316406>>
SCRIPT       : =============== WARNING ===============
SCRIPT       : [TerjeMedicine]: You are using the trial version of the 'Terje Medicine' mod.
SCRIPT       : [TerjeMedicine]: To remove this message and watermark - please buy license on terjehub.com
SCRIPT       : =======================================
SCRIPT       : =============== WARNING ===============
SCRIPT       : [TerjeSkills]: You are using the trial version of the 'Terje Skills' mod.
SCRIPT       : [TerjeSkills]: To remove this message and watermark - please buy license on terjehub.com
SCRIPT       : =======================================
SCRIPT       : [JunkYardDog] -- Adding Salvage Point to <Land_Wreck_sed02_aban2_grey<6eeb9af0>> at Pos <<1732.411377, 16.228823, 480.561371>>
SCRIPT       : [JunkYardDog] -- Adding Fuel Point to <Land_Wreck_sed02_aban2_grey<6eeb9af0>> at Pos <<1732.411377, 16.228823, 480.561371>>
SCRIPT       : [JunkYardDog] -- Adding Salvage Point to <Land_Wreck_Uaz<6eebad10>> at Pos <<1741.055786, 16.413185, 480.586029>>
SCRIPT       : [JunkYardDog] -- Adding Fuel Point to <Land_Wreck_Uaz<6eebad10>> at Pos <<1741.055786, 16.413185, 480.586029>>
SCRIPT       : [JunkYardDog] -- Adding Salvage Point to <Land_Wreck_hb02_aban1_blue<6eec3500>> at Pos <<1688.455688, 16.329824, 480.802277>>
SCRIPT       : [JunkYardDog] -- Adding Fuel Point to <Land_Wreck_hb02_aban1_blue<6eec3500>> at Pos <<1688.455688, 16.329824, 480.802277>>
SCRIPT       : [JunkYardDog] -- Adding Salvage Point to <Static_Wreck_Ural<5ca3a610>> at Pos <<1668.968018, 16.757513, 497.385315>>
SCRIPT       : [JunkYardDog] -- Adding Fuel Point to <Static_Wreck_Ural<5ca3a610>> at Pos <<1668.968018, 16.757513, 497.385315>>
SCRIPT       : [JunkYardDog] -- Adding Salvage Point to <Land_Wreck_Volha_Blue<6eebbf30>> at Pos <<1671.799683, 16.306944, 480.475220>>
SCRIPT       : [JunkYardDog] -- Adding Fuel Point to <Land_Wreck_Volha_Blue<6eebbf30>> at Pos <<1671.799683, 16.306944, 480.475220>>
SCRIPT       : [JunkYardDog] -- Adding Salvage Point to <Land_wreck_truck01_aban1_blue<6eec6250>> at Pos <<1879.825684, 15.570000, 562.539124>>
SCRIPT       : [JunkYardDog] -- Adding Fuel Point to <Land_wreck_truck01_aban1_blue<6eec6250>> at Pos <<1879.825684, 15.570000, 562.539124>>
SCRIPT       : [JunkYardDog] -- Adding Salvage Point to <Land_Wreck_sed01_aban1_wine<6eece130>> at Pos <<1880.404297, 16.321630, 570.355286>>
SCRIPT       : [JunkYardDog] -- Adding Fuel Point to <Land_Wreck_sed01_aban1_wine<6eece130>> at Pos <<1880.404297, 16.321630, 570.355286>>
SCRIPT       : [JunkYardDog] -- Adding Salvage Point to <Land_Wreck_S1023_Beige<6eecea40>> at Pos <<1859.809692, 16.569132, 568.488342>>
SCRIPT       : [JunkYardDog] -- Adding Fuel Point to <Land_Wreck_S1023_Beige<6eecea40>> at Pos <<1859.809692, 16.569132, 568.488342>>
SCRIPT       : [JunkYardDog] -- Adding Salvage Point to <Land_Wreck_hb02_aban2_black<6eed20a0>> at Pos <<1651.966553, 16.273724, 479.873322>>
SCRIPT       : [JunkYardDog] -- Adding Fuel Point to <Land_Wreck_hb02_aban2_black<6eed20a0>> at Pos <<1651.966553, 16.273724, 479.873322>>
SCRIPT       : [JunkYardDog] -- Adding Salvage Point to <Static_Wreck_Ural<5ca54400>> at Pos <<1663.983154, 16.757513, 480.054138>>
SCRIPT       : [JunkYardDog] -- Adding Fuel Point to <Static_Wreck_Ural<5ca54400>> at Pos <<1663.983154, 16.757513, 480.054138>>
SCRIPT       : [JunkYardDog] -- Adding Salvage Point to <Land_Wreck_Volha_Grey<6eed7b40>> at Pos <<1643.880981, 16.306944, 480.305145>>
SCRIPT       : [JunkYardDog] -- Adding Fuel Point to <Land_Wreck_Volha_Grey<6eed7b40>> at Pos <<1643.880981, 16.306944, 480.305145>>
SCRIPT       : string ammoType = 'Bullet_380'
SCRIPT       : string ammoType = 'Bullet_380'
SCRIPT       : string ammoType = 'Bullet_380'
SCRIPT       : string ammoType = 'Bullet_12GaugePellets'
SCRIPT       : string ammoType = 'Bullet_380'
SCRIPT       : string ammoType = 'Bullet_12GaugePellets'
SCRIPT       : string ammo = 'Bullet_12GaugePellets'
SCRIPT       : string ammoType = 'Bullet_380'
SCRIPT       : [JunkYardDog] -- Adding Salvage Point to <Land_wreck_truck01_aban1_green<6f6525d0>> at Pos <<2340.308594, 107.870003, 2398.739990>>
SCRIPT       : [JunkYardDog] -- Adding Fuel Point to <Land_wreck_truck01_aban1_green<6f6525d0>> at Pos <<2340.308594, 107.870003, 2398.739990>>
SCRIPT       : string ammoType = 'Bullet_380'
SCRIPT       : string ammo = 'Bullet_380'
SCRIPT       : string ammo = 'Bullet_380'
SCRIPT       : string ammoType = 'Bullet_380'
SCRIPT       : string ammo = 'Bullet_12GaugePellets'
SCRIPT       : string ammo = 'Bullet_380'
SCRIPT       : string ammo = 'Bullet_380'
SCRIPT       : string ammoType = 'Bullet_12GaugePellets'
SCRIPT       : [JunkYardDog] -- Adding Salvage Point to <Land_wreck_truck01_aban1_green<6f658980>> at Pos <<2366.393799, 108.445244, 2505.129395>>
SCRIPT       : [JunkYardDog] -- Adding Fuel Point to <Land_wreck_truck01_aban1_green<6f658980>> at Pos <<2366.393799, 108.445244, 2505.129395>>
SCRIPT       : string ammo = 'FirearmHit_Rifle'
SCRIPT       : string ammoType = 'Bullet_380'
SCRIPT       : string ammo = 'Bullet_380'
SCRIPT       : string ammo = 'Bullet_380'
SCRIPT       : string ammo = 'Bullet_380'
SCRIPT       : string ammo = 'Bullet_380'
SCRIPT       : string ammo = 'Bullet_380'
SCRIPT       : string ammo = 'Bullet_380'
SCRIPT       : string ammoType = 'Bullet_380'
SCRIPT       : [JunkYardDog] -- Adding Salvage Point to <Land_wreck_truck01_aban1_green<6f654a10>> at Pos <<2339.890381, 107.869995, 2533.148682>>
SCRIPT       : [JunkYardDog] -- Adding Fuel Point to <Land_wreck_truck01_aban1_green<6f654a10>> at Pos <<2339.890381, 107.869995, 2533.148682>>
SCRIPT       : string ammoType = 'Bullet_380'
SCRIPT       : string ammo = 'Bullet_380'
SCRIPT       : string ammo = 'Bullet_380'
SCRIPT       : string ammo = 'MeleeInfected'
SCRIPT       : string ammo = 'Bullet_12GaugePellets'
SCRIPT       : string ammo = 'Bullet_12GaugePellets'
SCRIPT       : string ammo = 'Bullet_12GaugePellets'
SCRIPT       : string ammoType = 'Bullet_380'
SCRIPT       : string ammo = 'Bullet_380'
SCRIPT       : string ammo = 'Bullet_12GaugePellets'
SCRIPT       : string ammo = 'Bullet_12GaugePellets'
SCRIPT       : string ammo = 'Bullet_12GaugePellets'
SCRIPT       : string ammo = 'Bullet_12GaugePellets'
SCRIPT       : string ammoType = 'Bullet_12GaugePellets'
SCRIPT       : string ammo = 'Bullet_12GaugePellets'
SCRIPT       : string ammo = 'Bullet_12GaugePellets'
SCRIPT       : string ammo = 'Bullet_12GaugePellets'
SCRIPT       : string ammo = 'MeleeInfected'
SCRIPT       : 11:54:11.889 [EXPANSION DEBUG]: eAI_SurvivorF_Eva<4ae39010> Weapon_Reloading - Reloading - failed (1)
SCRIPT       : 11:54:12.123 [EXPANSION DEBUG]: eAI_SurvivorF_Eva<4ae39010> Weapon_Reloading - Reloading - failed (2)
SCRIPT       : string ammoType = 'Bullet_380'
SCRIPT       : string ammoType = 'Bullet_380'
SCRIPT       : string ammoType = 'Bullet_380'
SCRIPT       : string ammoType = 'Bullet_380'
SCRIPT       : string ammo = 'Bullet_380'
SCRIPT       : string ammo = 'Bullet_380'
SCRIPT       : string ammo = 'MeleeInfected'
SCRIPT       : string ammo = 'Bullet_12GaugePellets'
SCRIPT       : [TERJE CORE](INFO): Profile 'R5KkZb3Ywicboa8ntCzbBJK6WLpakj_6yA-ghmDo4lw=' saved to database.
SCRIPT       : =============== WARNING ===============
SCRIPT       : [TerjeMedicine]: You are using the trial version of the 'Terje Medicine' mod.
SCRIPT       : [TerjeMedicine]: To remove this message and watermark - please buy license on terjehub.com
SCRIPT       : =======================================
SCRIPT       : =============== WARNING ===============
SCRIPT       : [TerjeSkills]: You are using the trial version of the 'Terje Skills' mod.
SCRIPT       : [TerjeSkills]: To remove this message and watermark - please buy license on terjehub.com
SCRIPT       : =======================================
SCRIPT       : [JunkYardDog] -- Adding Salvage Point to <Land_Wreck_S1023_Blue<6f6772e0>> at Pos <<4808.064941, 7.218830, 2253.822998>>
SCRIPT       : [JunkYardDog] -- Adding Fuel Point to <Land_Wreck_S1023_Blue<6f6772e0>> at Pos <<4808.064941, 7.218830, 2253.822998>>
SCRIPT       : [JunkYardDog] -- Adding Salvage Point to <Land_Wreck_S1023_Beige<6f66fd10>> at Pos <<4818.394531, 7.304060, 2244.533203>>
SCRIPT       : [JunkYardDog] -- Adding Fuel Point to <Land_Wreck_S1023_Beige<6f66fd10>> at Pos <<4818.394531, 7.304060, 2244.533203>>
SCRIPT       : string ammo = 'FallDamageShock'
SCRIPT       : string ammoType = 'Bullet_9x19'
SCRIPT       : string ammo = 'Bullet_9x19'
SCRIPT       : string ammo = 'Bullet_9x19'
SCRIPT    (E): [wpnfsm] Mp133Shotgun:21868 WeaponChambering DropBullet, error - cannot drop Bullet_12GaugePellets - lost)
Class:      'WeaponChambering_InternalMagazine_OnExit'
Function: 'Error'
Stack trace:
scripts/1_Core/proto\endebug.c:92 Function Error
scripts/4_World/entities\firearms\fsm\states\weaponchambering.c:155 Function DropBullet
scripts/4_World/entities\firearms\fsm\states\weaponchambering.c:280 Function OnAbort
scripts/3_Game/systems\hfsmbase.c:152 Function Abort
scripts/4_World/entities\firearms\fsm\states\weaponstatebase.c:134 Function OnAbort
scripts/4_World/entities\firearms\fsm\states\weaponchamberinglooped.c:487 Function OnAbort
scripts/4_World/entities\firearms\weaponfsm.c:181 Function ProcessAbortEvent
DayZExpansion/AI/Scripts/4_World/dayzexpansion_ai\entities\weapons\firearms\weapon_base.c:422 Function ProcessWeaponAbortEvent
scripts/4_World/systems\inventory\dayzplayerinventory.c:296 Function AbortWeaponEvent
scripts/4_World/entities\dayzplayerimplement.c:1831 Function AbortWeaponEvent
scripts/4_World/entities\manbase\playerbase.c:3874 Function OnCommandFallStart
scripts/4_World/entities\dayzplayerimplement.c:2509 Function CommandHandler
DayZExpansion/Core/Scripts/4_World/dayzexpansion_core\entities\manbase\dayzplayerimplement.c:266 Function CommandHandler
scripts/4_World/entities\manbase\playerbase.c:2875 Function CommandHandler
DayZExpansion/AI/Scripts/4_World/dayzexpansion_ai\entities\ai\eaibase.c:6151 Function CommandHandler
SCRIPT       : 11:58:02.793 [EXPANSION DEBUG]: eAI_SurvivorF_Naomi<4e83f320> Weapon_Reloading - Reloading - failed (1)
SCRIPT       : string ammo = 'FallDamageHealth'
SCRIPT       : string ammo = 'FallDamageShock'
SCRIPT       : string ammo = 'Bullet_9x19'
SCRIPT       : string ammoType = 'Bullet_9x19'
SCRIPT       : string ammo = 'Bullet_9x19'
SCRIPT       : string ammo = 'Bullet_12GaugePellets'
SCRIPT       : string ammoType = 'Bullet_12GaugePellets'
SCRIPT       : string ammo = 'Bullet_9x19'
SCRIPT       : string ammoType = 'Bullet_12GaugePellets'
SCRIPT       : string ammo = 'Bullet_12GaugePellets'
SCRIPT       : string ammo = 'Bullet_12GaugePellets'
SCRIPT       : string ammo = 'Bullet_12GaugePellets'
SCRIPT       : string ammoType = 'Bullet_12GaugePellets'
SCRIPT       : string ammoType = 'Bullet_9x19'
SCRIPT       : string ammo = 'Bullet_12GaugePellets'
SCRIPT       : string ammo = 'Bullet_12GaugePellets'
SCRIPT       : string ammo = 'Bullet_12GaugePellets'
SCRIPT       : string ammo = 'Bullet_12GaugePellets'
SCRIPT       : string ammo = 'Bullet_12GaugePellets'
SCRIPT       : string ammo = 'Bullet_12GaugePellets'
SCRIPT       : string ammo = 'Bullet_12GaugePellets'
SCRIPT       : string ammo = 'Bullet_12GaugePellets'
SCRIPT       : string ammo = 'Bullet_12GaugePellets'
SCRIPT       : string ammoType = 'Bullet_12GaugePellets'
SCRIPT       : string ammoType = 'Bullet_9x19'
SCRIPT       : string ammo = 'Bullet_9x19'
SCRIPT       : string ammo = 'Bullet_9x19'
SCRIPT       : string ammo = 'Bullet_9x19'
SCRIPT       : string ammo = 'Bullet_9x19'
SCRIPT       : string ammo = 'Bullet_9x19'
SCRIPT       : string ammoType = 'Bullet_12GaugePellets'
SCRIPT       : string ammo = 'FallDamageShock'
SCRIPT       : string ammo = 'Bullet_12GaugePellets'
SCRIPT       : string ammoType = 'Bullet_12GaugePellets'
SCRIPT       : string ammo = 'Bullet_9x19'
SCRIPT       : string ammo = 'Bullet_12GaugePellets'
SCRIPT       : string ammo = 'Bullet_12GaugePellets'
SCRIPT       : string ammo = 'Bullet_12GaugePellets'
SCRIPT       : string ammo = 'Bullet_12GaugeNail'
SCRIPT       : string ammo = 'Bullet_12GaugeNail'
SCRIPT       : string ammoType = 'Bullet_9x19'
SCRIPT       : string ammo = 'Bullet_12GaugePellets'
SCRIPT       : string ammo = 'Bullet_12GaugePellets'
SCRIPT       : string ammo = 'Bullet_12GaugePellets'
SCRIPT       : string ammo = 'Bullet_12GaugePellets'
SCRIPT       : string ammo = 'Bullet_12GaugePellets'
SCRIPT       : string ammo = 'Bullet_12GaugePellets'
SCRIPT       : string ammo = 'Bullet_12GaugePellets'
SCRIPT       : string ammo = 'Bullet_12GaugePellets'
SCRIPT       : string ammo = 'Bullet_12GaugePellets'
SCRIPT       : string ammo = 'MeleeSoldierInfected'
SCRIPT       : string ammoType = 'Bullet_12GaugePellets'
SCRIPT       : string ammoType = 'Bullet_12GaugePellets'
SCRIPT    (E): [wpnfsm] Mp133Shotgun:21863 WeaponChambering DropBullet, error - cannot drop Bullet_12GaugePellets - lost)
Class:      'WeaponChambering_InternalMagazine_OnExit'
Function: 'Error'
Stack trace:
scripts/1_Core/proto\endebug.c:92 Function Error
scripts/4_World/entities\firearms\fsm\states\weaponchambering.c:155 Function DropBullet
scripts/4_World/entities\firearms\fsm\states\weaponchambering.c:280 Function OnAbort
scripts/3_Game/systems\hfsmbase.c:152 Function Abort
scripts/4_World/entities\firearms\fsm\states\weaponstatebase.c:134 Function OnAbort
scripts/4_World/entities\firearms\fsm\states\weaponchamberinglooped.c:487 Function OnAbort
scripts/4_World/entities\firearms\weaponfsm.c:181 Function ProcessAbortEvent
DayZExpansion/AI/Scripts/4_World/dayzexpansion_ai\entities\weapons\firearms\weapon_base.c:422 Function ProcessWeaponAbortEvent
scripts/4_World/systems\inventory\dayzplayerinventory.c:412 Function HandleWeaponEvents
DayZExpansion/AI/Scripts/4_World/dayzexpansion_ai\entities\ai\eaibase.c:8314 Function HandleWeapons
scripts/4_World/entities\dayzplayerimplement.c:2290 Function CommandHandler
DayZExpansion/Core/Scripts/4_World/dayzexpansion_core\entities\manbase\dayzplayerimplement.c:266 Function CommandHandler
scripts/4_World/entities\manbase\playerbase.c:2875 Function CommandHandler
DayZExpansion/AI/Scripts/4_World/dayzexpansion_ai\entities\ai\eaibase.c:6151 Function CommandHandler
SCRIPT       : string ammo = 'MeleeSoldierInfected'
SCRIPT       : string ammo = 'Bullet_12GaugePellets'
SCRIPT       : string ammo = 'Bullet_12GaugePellets'
SCRIPT       : string ammo = 'Bullet_12GaugePellets'
SCRIPT       : string ammo = 'Bullet_12GaugePellets'
SCRIPT       : string ammo = 'Bullet_12GaugePellets'
SCRIPT       : string ammo = 'Bullet_12GaugePellets'
SCRIPT       : string ammo = 'Bullet_12GaugePellets'
SCRIPT       : string ammo = 'Bullet_12GaugePellets'
SCRIPT       : string ammo = 'Bullet_12GaugePellets'
SCRIPT       : string ammo = 'Bullet_12GaugePellets'
SCRIPT       : string ammo = 'Bullet_12GaugePellets'
SCRIPT       : string ammo = 'Bullet_12GaugePellets'
SCRIPT       : string ammo = 'Bullet_12GaugePellets'
SCRIPT       : string ammo = 'Bullet_12GaugePellets'
SCRIPT       : string ammo = 'Bullet_12GaugePellets'
SCRIPT       : string ammo = 'Bullet_12GaugePellets'
SCRIPT       : string ammo = 'Bullet_12GaugePellets'
SCRIPT       : string ammo = 'Bullet_12GaugePellets'
SCRIPT       : string ammo = 'Bullet_12GaugePellets'
SCRIPT       : string ammo = 'Bullet_12GaugePellets'
SCRIPT       : string ammo = 'Bullet_12GaugePellets'
SCRIPT       : string ammo = 'Bullet_12GaugePellets'
SCRIPT       : string ammo = 'Bullet_12GaugePellets'
SCRIPT       : string ammo = 'Bullet_12GaugePellets'
SCRIPT       : string ammo = 'Bullet_12GaugePellets'
SCRIPT       : string ammo = 'MeleeSoldierInfected'
SCRIPT       : string ammo = 'MeleeSoldierInfected'
SCRIPT       : string ammo = 'MeleeSoldierInfected'
SCRIPT       : string ammo = 'MeleeSoldierInfected'
SCRIPT       : string ammo = 'MeleeSoldierInfectedLong'
SCRIPT       : string ammo = 'MeleeSoldierInfected'
SCRIPT       : string ammo = 'MeleeSoldierInfected'
SCRIPT       : [TERJE CORE](INFO): Profile 'R5KkZb3Ywicboa8ntCzbBJK6WLpakj_6yA-ghmDo4lw=' saved to database.
SCRIPT       : string ammo = 'FallDamageHealth'
SCRIPT       : string ammo = 'FallDamageShock'
SCRIPT       : string ammo = 'MeleeSoldierInfectedLong'
SCRIPT       : string ammo = 'MeleeSoldierInfectedLong'
SCRIPT       : string ammo = 'Bullet_12GaugePellets'
SCRIPT       : string ammo = 'MeleeSoldierInfectedLong'
SCRIPT       : string ammo = 'MeleeSoldierInfected'
SCRIPT       : string ammo = 'MeleeSoldierInfectedLong'
SCRIPT       : string ammo = 'MeleeSoldierInfected'
SCRIPT       : string ammo = 'MeleeSoldierInfectedLong'
SCRIPT       : =============== WARNING ===============
SCRIPT       : [TerjeMedicine]: You are using the trial version of the 'Terje Medicine' mod.
SCRIPT       : [TerjeMedicine]: To remove this message and watermark - please buy license on terjehub.com
SCRIPT       : =======================================
SCRIPT       : string ammo = 'MeleeSoldierInfectedLong'
SCRIPT       : string ammo = 'MeleeSoldierInfectedLong'
SCRIPT       : string ammo = 'MeleeSoldierInfectedLong'
SCRIPT       : string ammo = 'MeleeSoldierInfectedLong'
SCRIPT       : string ammo = 'MeleeSoldierInfected'
SCRIPT       : string ammo = 'MeleeSoldierInfectedLong'
SCRIPT       : string ammo = 'MeleeSoldierInfectedLong'
SCRIPT       : string ammo = 'MeleeSoldierInfectedLong'
SCRIPT       : string ammo = 'MeleeSoldierInfectedLong'
SCRIPT       : string ammo = 'MeleeSoldierInfectedLong'
SCRIPT       : string ammo = 'MeleeSoldierInfectedLong'
SCRIPT       : string ammo = 'MeleeSoldierInfectedLong'
SCRIPT       : string ammo = 'MeleeSoldierInfectedLong'
SCRIPT       : string ammo = 'MeleeSoldierInfectedLong'
SCRIPT       : string ammo = 'MeleeSoldierInfectedLong'
SCRIPT       : string ammo = 'FallDamageHealth'
SCRIPT       : string ammo = 'FallDamageShock'
SCRIPT       : string ammo = 'MeleeSoldierInfectedLong'
SCRIPT       : string ammo = 'MeleeSoldierInfected'
SCRIPT       : string ammo = 'MeleeSoldierInfectedLong'
SCRIPT       : string ammo = 'MeleeSoldierInfectedLong'
SCRIPT       : string ammo = 'MeleeSoldierInfected'
SCRIPT       : string ammo = 'MeleeSoldierInfectedLong'
SCRIPT       : =============== WARNING ===============
SCRIPT       : [TerjeSkills]: You are using the trial version of the 'Terje Skills' mod.
SCRIPT       : [TerjeSkills]: To remove this message and watermark - please buy license on terjehub.com
SCRIPT       : =======================================
SCRIPT       : string ammo = 'MeleeSoldierInfectedLong'
SCRIPT       : string ammo = 'MeleeSoldierInfectedLong'
SCRIPT       : string ammo = 'MeleeSoldierInfectedLong'
SCRIPT       : string ammo = 'MeleeSoldierInfectedLong'
SCRIPT       : [wpnfsm] ValidateAndRepair Attempting to repair: PM73Rak:21818 (owner eAI_SurvivorF_Helga<780d5020>) - MagazineRepair - OB_CLO_MA0<7a30b530> - state: 0 != weapon: 1
Class:      'WeaponFSM'

Function: 'ValidateAndRepairHelper'
Stack trace:
DayZExpansion/Core/Scripts/4_World/dayzexpansion_core\entities\firearms\weaponfsm.c:30
SCRIPT       : [wpnfsm] ValidateAndRepair Attempting to repair: PM73Rak:21818 (owner eAI_SurvivorF_Helga<780d5020>) - ChamberRepair - OB_CLO_MA1<7a30a270> - state: 0 != weapon: 1
Class:      'WeaponFSM'

Function: 'ValidateAndRepairHelper'
Stack trace:
DayZExpansion/Core/Scripts/4_World/dayzexpansion_core\entities\firearms\weaponfsm.c:30
SCRIPT       : string ammo = 'FallDamageHealth'
SCRIPT       : string ammo = 'Bullet_12GaugePellets'
SCRIPT       : string ammo = 'Bullet_12GaugePellets'
SCRIPT       : string ammo = 'Bullet_12GaugePellets'
SCRIPT       : string ammo = 'Bullet_12GaugePellets'
SCRIPT       : string ammo = 'Bullet_12GaugePellets'
SCRIPT       : string ammo = 'Bullet_12GaugePellets'
SCRIPT       : string ammo = 'Bullet_12GaugePellets'
SCRIPT       : string ammoType = 'Bullet_12GaugePellets'
SCRIPT       : string ammo = 'Bullet_12GaugePellets'
SCRIPT       : string ammo = 'Bullet_12GaugePellets'
SCRIPT       : string ammo = 'Bullet_12GaugePellets'
SCRIPT       : string ammo = 'Bullet_12GaugePellets'
SCRIPT       : string ammo = 'Bullet_12GaugePellets'
SCRIPT       : string ammo = 'Bullet_12GaugePellets'
SCRIPT       : string ammo = 'Bullet_12GaugePellets'
SCRIPT       : string ammo = 'Bullet_12GaugePellets'
SCRIPT       : string ammo = 'FallDamageShock'
SCRIPT       : string ammo = 'FallDamageHealth'
SCRIPT       : string ammoType = 'Bullet_762x54Tracer'
SCRIPT       : string ammo = 'Bullet_762x54Tracer'
SCRIPT       : string ammo = 'MeleeSoldierInfected'
SCRIPT       : string ammo = 'MeleeSoldierInfectedLong'
SCRIPT       : string ammo = 'MeleeSoldierInfected'
SCRIPT       : string ammo = 'FirearmHit_Rifle'
SCRIPT       : string ammo = 'MeleeSoldierInfected'
SCRIPT       : string ammo = 'Bullet_12GaugePellets'
SCRIPT       : string ammo = 'Bullet_12GaugePellets'
SCRIPT       : string ammo = 'Bullet_12GaugePellets'
SCRIPT       : string ammo = 'Bullet_12GaugePellets'
SCRIPT       : string ammo = 'Bullet_12GaugePellets'
SCRIPT       : string ammo = 'Bullet_12GaugePellets'
SCRIPT       : string ammo = 'Bullet_12GaugePellets'
SCRIPT       : string ammo = 'Bullet_12GaugePellets'
SCRIPT       : string ammo = 'Bullet_12GaugePellets'
SCRIPT       : string ammo = 'Bullet_12GaugePellets'
SCRIPT       : string ammo = 'Bullet_12GaugePellets'
SCRIPT       : string ammo = 'Bullet_12GaugePellets'
SCRIPT       : string ammo = 'Bullet_12GaugePellets'
SCRIPT       : string ammo = 'Bullet_12GaugePellets'
SCRIPT       : string ammo = 'Bullet_12GaugePellets'
SCRIPT       : string ammo = 'Bullet_12GaugePellets'
SCRIPT       : string ammo = 'Bullet_12GaugePellets'
SCRIPT       : string ammo = 'Bullet_12GaugePellets'
SCRIPT       : string ammo = 'Bullet_12GaugePellets'
SCRIPT       : string ammo = 'Bullet_12GaugePellets'
SCRIPT       : string ammo = 'Bullet_12GaugePellets'
SCRIPT       : string ammo = 'Bullet_12GaugePellets'
SCRIPT       : string ammo = 'Bullet_12GaugePellets'
SCRIPT       : string ammo = 'Bullet_12GaugePellets'
SCRIPT       : string ammo = 'Bullet_12GaugePellets'
SCRIPT       : string ammo = 'Bullet_12GaugePellets'
SCRIPT       : string ammo = 'Bullet_12GaugePellets'
SCRIPT       : string ammo = 'Bullet_12GaugePellets'
SCRIPT       : string ammo = 'Bullet_12GaugePellets'
SCRIPT       : string ammo = 'Bullet_12GaugePellets'
SCRIPT       : string ammo = 'Bullet_12GaugePellets'
SCRIPT       : string ammo = 'Bullet_12GaugePellets'
SCRIPT       : string ammo = 'Bullet_12GaugePellets'
SCRIPT       : string ammo = 'Bullet_12GaugePellets'
SCRIPT       : string ammo = 'FallDamageHealth'
SCRIPT       : string ammo = 'Bullet_12GaugePellets'
SCRIPT       : string ammo = 'Bullet_12GaugePellets'
SCRIPT       : string ammo = 'Bullet_12GaugePellets'
SCRIPT       : string ammo = 'Bullet_12GaugePellets'
SCRIPT       : string ammo = 'Bullet_12GaugePellets'
SCRIPT       : string ammo = 'Bullet_12GaugePellets'
SCRIPT       : string ammo = 'Bullet_12GaugePellets'
SCRIPT       : string ammo = 'FallDamageShock'
SCRIPT       : string ammoType = 'Bullet_308WinTracer'
SCRIPT       : string ammo = 'Bullet_308WinTracer'
SCRIPT       : string ammo = 'Bullet_308WinTracer'
SCRIPT       : [wpnfsm] ValidateAndRepair Attempting to repair: PM73Rak:6491 (owner eAI_SurvivorM_Oliver<2f2374d0>) - MagazineRepair - OB_CLO_MA0<7ab29bf0> - state: 0 != weapon: 1
Class:      'WeaponFSM'

Function: 'ValidateAndRepairHelper'
Stack trace:
DayZExpansion/Core/Scripts/4_World/dayzexpansion_core\entities\firearms\weaponfsm.c:30
SCRIPT       : [wpnfsm] ValidateAndRepair Attempting to repair: PM73Rak:6491 (owner eAI_SurvivorM_Oliver<2f2374d0>) - ChamberRepair - OB_CLO_MA1<7ab28d50> - state: 0 != weapon: 1
Class:      'WeaponFSM'

Function: 'ValidateAndRepairHelper'
Stack trace:
DayZExpansion/Core/Scripts/4_World/dayzexpansion_core\entities\firearms\weaponfsm.c:30
SCRIPT       : string ammoType = 'Bullet_380'
SCRIPT       : string ammoType = 'Bullet_380'
SCRIPT       : string ammoType = 'Bullet_380'
SCRIPT       : string ammoType = 'Bullet_380'
SCRIPT       : [wpnfsm] Save occured in fsm transition! current state=WeaponChargingInnerMag<489f46c0> closes stable state=BARIMEmptyDischarged<7a6c7960> id=1
SCRIPT       : string ammoType = 'Bullet_380'
SCRIPT       : string ammoType = 'Bullet_380'
SCRIPT       : [wpnfsm] ValidateAndRepair Attempting to repair: PM73Rak:12789 (owner eAI_SurvivorF_Maria<7ab6c020>) - MagazineRepair - OB_CLO_MA0<7acf0ec0> - state: 0 != weapon: 1
Class:      'WeaponFSM'

Function: 'ValidateAndRepairHelper'
Stack trace:
DayZExpansion/Core/Scripts/4_World/dayzexpansion_core\entities\firearms\weaponfsm.c:30
SCRIPT       : [wpnfsm] ValidateAndRepair Attempting to repair: PM73Rak:12789 (owner eAI_SurvivorF_Maria<7ab6c020>) - ChamberRepair - OB_CLO_MA1<7acf1520> - state: 0 != weapon: 1
Class:      'WeaponFSM'

Function: 'ValidateAndRepairHelper'
Stack trace:
DayZExpansion/Core/Scripts/4_World/dayzexpansion_core\entities\firearms\weaponfsm.c:30
SCRIPT       : string ammo = 'FallDamageShock'
SCRIPT       : string ammo = 'FallDamageHealth'
SCRIPT       : string ammoType = 'Bullet_380'
SCRIPT       : string ammoType = 'Bullet_380'
SCRIPT       : string ammoType = 'Bullet_380'
SCRIPT       : string ammoType = 'Bullet_380'
SCRIPT       : string ammoType = 'Bullet_380'
SCRIPT       : string ammoType = 'Bullet_380'
SCRIPT       : string ammoType = 'Bullet_380'
SCRIPT       : string ammo = 'Bullet_380'
SCRIPT       : string ammo = 'Bullet_12GaugePellets'
SCRIPT       : string ammoType = 'Bullet_380'
SCRIPT       : [TERJE CORE](INFO): Profile 'R5KkZb3Ywicboa8ntCzbBJK6WLpakj_6yA-ghmDo4lw=' saved to database.
SCRIPT       : [JunkYardDog] -- Adding Salvage Point to <Static_Wreck_Digger<7a53af60>> at Pos <<7694.031250, 29.286938, 1846.319824>>
SCRIPT       : [JunkYardDog] -- Adding Fuel Point to <Static_Wreck_Digger<7a53af60>> at Pos <<7694.031250, 29.286938, 1846.319824>>
SCRIPT       : string ammoType = 'Bullet_762x54Tracer'
SCRIPT       : string ammo = 'Bullet_762x54Tracer'
SCRIPT       : string ammoType = 'Bullet_762x54Tracer'
SCRIPT       : string ammo = 'Bullet_762x54Tracer'
SCRIPT       : string ammo = 'FallDamageShock'
SCRIPT       : string ammo = 'Bullet_380'
SCRIPT       : string ammoType = 'Bullet_380'
SCRIPT       : string ammo = 'Bullet_380'
SCRIPT       : string ammo = 'Bullet_380'
SCRIPT       : =============== WARNING ===============
SCRIPT       : [TerjeMedicine]: You are using the trial version of the 'Terje Medicine' mod.
SCRIPT       : [TerjeMedicine]: To remove this message and watermark - please buy license on terjehub.com
SCRIPT       : =======================================
SCRIPT       : [JunkYardDog] -- Adding Salvage Point to <Static_Wreck_HMMWV<7ba75a10>> at Pos <<6307.930664, 52.759319, 3977.478027>>
SCRIPT       : [JunkYardDog] -- Adding Fuel Point to <Static_Wreck_HMMWV<7ba75a10>> at Pos <<6307.930664, 52.759319, 3977.478027>>
SCRIPT       : [JunkYardDog] -- Adding Salvage Point to <Land_Wreck_hb02_aban1_black<7a1b3210>> at Pos <<4152.816406, 18.649822, 7481.583984>>
SCRIPT       : [JunkYardDog] -- Adding Fuel Point to <Land_Wreck_hb02_aban1_black<7a1b3210>> at Pos <<4152.816406, 18.649822, 7481.583984>>
SCRIPT       : =============== WARNING ===============
SCRIPT       : [TerjeSkills]: You are using the trial version of the 'Terje Skills' mod.
SCRIPT       : [TerjeSkills]: To remove this message and watermark - please buy license on terjehub.com
SCRIPT       : =======================================
SCRIPT       : [VPPAdminTools] Found Items: [15277]
SCRIPT       : [JunkYardDog] -- Adding Salvage Point to <Land_wreck_truck01_aban2_blue<f077d80>> at Pos <<4971.039551, 15.480163, 4891.752930>>
SCRIPT       : [JunkYardDog] -- Adding Fuel Point to <Land_wreck_truck01_aban2_blue<f077d80>> at Pos <<4971.039551, 15.480163, 4891.752930>>
SCRIPT       : string ammoType = 'Bullet_380'
SCRIPT       : string ammoType = 'Bullet_380'
SCRIPT       : string ammoType = 'Bullet_380'
SCRIPT       : string ammoType = 'Bullet_380'
SCRIPT       : string ammoType = 'Bullet_308WinTracer'
SCRIPT       : string ammoType = 'Bullet_380'
SCRIPT       : [VPPAdminTools] Found Items: [15315]
SCRIPT       : [JunkYardDog] -- Adding Salvage Point to <Land_wreck_truck01_aban2_blue<7f0f2010>> at Pos <<5558.903320, 209.889999, 4065.094482>>
SCRIPT       : [JunkYardDog] -- Adding Fuel Point to <Land_wreck_truck01_aban2_blue<7f0f2010>> at Pos <<5558.903320, 209.889999, 4065.094482>>
SCRIPT       : [JunkYardDog] -- Adding Salvage Point to <Static_Wreck_Ural<7f365ff0>> at Pos <<6103.947754, 9.337444, 2702.750000>>
SCRIPT       : [JunkYardDog] -- Adding Fuel Point to <Static_Wreck_Ural<7f365ff0>> at Pos <<6103.947754, 9.337444, 2702.750000>>
SCRIPT       : [JunkYardDog] -- Adding Salvage Point to <Land_Wreck_Uaz<7f0f5f80>> at Pos <<6100.897461, 8.993074, 2709.615234>>
SCRIPT       : [JunkYardDog] -- Adding Fuel Point to <Land_Wreck_Uaz<7f0f5f80>> at Pos <<6100.897461, 8.993074, 2709.615234>>
SCRIPT       : [JunkYardDog] -- Adding Salvage Point to <Land_Wreck_V3S<7f0f6890>> at Pos <<6087.577148, 9.719950, 2692.389893>>
SCRIPT       : [JunkYardDog] -- Adding Fuel Point to <Land_Wreck_V3S<7f0f6890>> at Pos <<6087.577148, 9.719950, 2692.389893>>
SCRIPT       : [JunkYardDog] -- Adding Salvage Point to <Land_Wreck_hb01_aban1_white<7f0f7ab0>> at Pos <<5528.839844, 210.951981, 4119.037109>>
SCRIPT       : [JunkYardDog] -- Adding Fuel Point to <Land_Wreck_hb01_aban1_white<7f0f7ab0>> at Pos <<5528.839844, 210.951981, 4119.037109>>
SCRIPT       : [JunkYardDog] -- Adding Salvage Point to <Static_Wreck_HMMWV<7f37bad0>> at Pos <<6141.581055, 9.056951, 2713.898438>>
SCRIPT       : [JunkYardDog] -- Adding Fuel Point to <Static_Wreck_HMMWV<7f37bad0>> at Pos <<6141.581055, 9.056951, 2713.898438>>
SCRIPT       : [VPPAdminTools] Found Items: [15329]
SCRIPT       : string ammoType = 'Bullet_308WinTracer'
SCRIPT       : string ammoType = 'Bullet_762x54Tracer'
SCRIPT       : [VPPAdminTools] Found Items: [15317]
SCRIPT       : string ammoType = 'Bullet_380'
SCRIPT       : string ammoType = 'Bullet_380'
SCRIPT       : string ammoType = 'Bullet_45ACP'
SCRIPT       : [VPPAdminTools] Found Items: [15320]
SCRIPT       : string ammoType = 'Bullet_45ACP'
SCRIPT       : string ammoType = 'Bullet_762x54Tracer'
SCRIPT       : [VPPAdminTools] Found Items: [15322]
SCRIPT       : string ammoType = 'Bullet_762x54Tracer'
SCRIPT       : string ammoType = 'Bullet_380'
SCRIPT       : string ammoType = 'Bullet_380'
SCRIPT       : string ammoType = 'Bullet_380'
SCRIPT       : string ammoType = 'Bullet_762x54Tracer'
SCRIPT       : [VPPAdminTools] Found Items: [15328]
SCRIPT       : string ammoType = 'Bullet_380'
SCRIPT       : string ammoType = 'Bullet_380'
SCRIPT       : string ammoType = 'Bullet_762x54Tracer'
SCRIPT       : string ammoType = 'Bullet_380'
SCRIPT       : string ammoType = 'Bullet_762x54Tracer'
SCRIPT       : string ammoType = 'Bullet_762x54Tracer'
SCRIPT       : [AYSA] [AI WAR ZONES] -->  The Fight For Control - Airfield is not active due to zone capping
SCRIPT       : string ammoType = 'Bullet_380'
SCRIPT       : string ammo = 'Bullet_380'
SCRIPT       : string ammoType = 'Bullet_380'
SCRIPT       : string ammoType = 'Bullet_762x54Tracer'
SCRIPT       : string ammoType = 'Bullet_762x54Tracer'
SCRIPT       : string ammoType = 'Bullet_380'
SCRIPT       : string ammo = 'Bullet_762x54Tracer'
SCRIPT       : [wpnfsm] Save occured in fsm transition! current state=WeaponChargingInnerMag<489fa420> closes stable state=BARIMLoadedDischarged<7a85ed90> id=3
SCRIPT       : [AYSA] [AI WAR ZONES] -->  The Fight For Control - Airfield is not active due to zone capping
SCRIPT       : [JunkYardDog] -- Adding Salvage Point to <Static_Wreck_HMMWV<7f294100>> at Pos <<6781.927734, 15.311429, 6809.236816>>
SCRIPT       : [JunkYardDog] -- Adding Fuel Point to <Static_Wreck_HMMWV<7f294100>> at Pos <<6781.927734, 15.311429, 6809.236816>>
SCRIPT       : [JunkYardDog] -- Adding Salvage Point to <Static_Wreck_HMMWV<7f2fa600>> at Pos <<6711.772949, 15.329409, 6829.133789>>
SCRIPT       : [JunkYardDog] -- Adding Fuel Point to <Static_Wreck_HMMWV<7f2fa600>> at Pos <<6711.772949, 15.329409, 6829.133789>>
SCRIPT       : [JunkYardDog] -- Adding Salvage Point to <Static_Wreck_HMMWV<7f2fc660>> at Pos <<6711.986328, 15.290487, 6821.492188>>
SCRIPT       : [JunkYardDog] -- Adding Fuel Point to <Static_Wreck_HMMWV<7f2fc660>> at Pos <<6711.986328, 15.290487, 6821.492188>>
SCRIPT       : [VPPAdminTools] Found Items: [15355]
SCRIPT       : string ammoType = 'Bullet_380'
SCRIPT       : string ammoType = 'Bullet_45ACP'
SCRIPT       : [inv] ReplaceItemWithNewLambdaBase Step B) remove OK, loc={ type=ATTACHMENT item=Akol_MosinMount_NoAttachment:11281 parent=Mosin9130:21896 slot=985792102 }
SCRIPT       : string ammoType = 'Bullet_762x54Tracer'
SCRIPT       : string ammoType = 'Bullet_380'
SCRIPT       : string ammoType = 'Bullet_380'
SCRIPT       : string ammoType = 'Bullet_762x54Tracer'
SCRIPT       : string ammoType = 'Bullet_45ACP'
SCRIPT       : string ammoType = 'Bullet_45ACP'
SCRIPT       : string ammo = 'Bullet_45ACP'
SCRIPT       : string ammoType = 'Bullet_762x54Tracer'
SCRIPT       : string ammoType = 'Bullet_45ACP'
SCRIPT       : string ammoType = 'Bullet_45ACP'
SCRIPT       : [AYSA] [AI WAR ZONES] -->  The Fight For Control - Airfield is not active due to zone capping
SCRIPT       : string ammoType = 'Bullet_762x54Tracer'
SCRIPT       : string ammo = 'Bullet_762x54Tracer'
SCRIPT       : string ammoType = 'Bullet_762x54Tracer'
SCRIPT       : string ammo = 'Bullet_45ACP'
SCRIPT       : string ammo = 'Bullet_45ACP'
SCRIPT       : string ammoType = 'Bullet_380'
SCRIPT       : string ammoType = 'Bullet_12GaugePellets'
SCRIPT       : string ammoType = 'Bullet_45ACP'
SCRIPT       : string ammoType = 'Bullet_762x54Tracer'
SCRIPT       : string ammoType = 'Bullet_45ACP'
SCRIPT       : string ammoType = 'Bullet_45ACP'
SCRIPT       : string ammoType = 'Bullet_380'
SCRIPT       : string ammoType = 'Bullet_45ACP'
SCRIPT       : string ammoType = 'Bullet_762x54Tracer'
SCRIPT       : string ammoType = 'Bullet_380'
SCRIPT       : string ammoType = 'Bullet_762x54Tracer'
SCRIPT       : string ammoType = 'Bullet_380'
SCRIPT       : [AYSA] [AI WAR ZONES] -->  The Fight For Control - Airfield is not active due to zone capping
SCRIPT       : string ammoType = 'Bullet_380'
SCRIPT       : string ammoType = 'Bullet_45ACP'
SCRIPT       : string ammoType = 'Bullet_380'
SCRIPT       : string ammoType = 'Bullet_380'
SCRIPT       : string ammoType = 'Bullet_45ACP'
SCRIPT       : string ammoType = 'Bullet_45ACP'
SCRIPT       : string ammoType = 'Bullet_45ACP'
SCRIPT       : string ammoType = 'Bullet_45ACP'
SCRIPT       : string ammoType = 'Bullet_308WinTracer'
SCRIPT       : string ammoType = 'Bullet_762x54Tracer'
SCRIPT       : string ammoType = 'Bullet_308WinTracer'
SCRIPT       : string ammoType = 'Bullet_308WinTracer'
SCRIPT       : string ammoType = 'Bullet_380'
SCRIPT       : string ammoType = 'Bullet_380'
SCRIPT       : string ammoType = 'Bullet_380'
SCRIPT       : string ammoType = 'Bullet_762x54Tracer'
SCRIPT       : [AYSA] [AI WAR ZONES] -->  The Fight For Control - Airfield is not active due to zone capping
SCRIPT       : string ammoType = 'Bullet_762x54Tracer'
SCRIPT       : string ammoType = 'Bullet_45ACP'
SCRIPT       : string ammoType = 'Bullet_762x54Tracer'
SCRIPT       : string ammoType = 'Bullet_308WinTracer'
SCRIPT       : [AYSA] [AI WAR ZONES] -->  The Fight For Control - Airfield is not active due to zone capping
SCRIPT       : string ammoType = 'Bullet_12GaugePellets'
SCRIPT       : string ammoType = 'Bullet_45ACP'
SCRIPT       : string ammoType = 'Bullet_762x54Tracer'
SCRIPT       : string ammoType = 'Bullet_380'
SCRIPT       : string ammoType = 'Bullet_380'
SCRIPT       : string ammoType = 'Bullet_380'
SCRIPT       : string ammoType = 'Bullet_380'
SCRIPT       : [AYSA] [AI WAR ZONES] -->  The Fight For Control - Airfield is not active due to zone capping
SCRIPT       : string ammoType = 'Bullet_380'
SCRIPT       : =============== WARNING ===============
SCRIPT       : [TerjeMedicine]: You are using the trial version of the 'Terje Medicine' mod.
SCRIPT       : [TerjeMedicine]: To remove this message and watermark - please buy license on terjehub.com
SCRIPT       : =======================================
SCRIPT       : string ammoType = 'Bullet_380'
SCRIPT       : string ammoType = 'Bullet_380'
SCRIPT       : string ammoType = 'Bullet_380'
SCRIPT       : string ammoType = 'Bullet_45ACP'
SCRIPT       : string ammoType = 'Bullet_45ACP'
SCRIPT       : string ammoType = 'Bullet_45ACP'
SCRIPT       : string ammoType = 'Bullet_45ACP'
SCRIPT       : string ammoType = 'Bullet_45ACP'
SCRIPT       : [AYSA] [AI WAR ZONES] -->  The Fight For Control - Airfield is not active due to zone capping
SCRIPT       : string ammoType = 'Bullet_12GaugePellets'
SCRIPT       : =============== WARNING ===============
SCRIPT       : [TerjeSkills]: You are using the trial version of the 'Terje Skills' mod.
SCRIPT       : [TerjeSkills]: To remove this message and watermark - please buy license on terjehub.com
SCRIPT       : =======================================
SCRIPT       : string ammoType = 'Bullet_762x54Tracer'
SCRIPT       : string ammoType = 'Bullet_12GaugePellets'
SCRIPT       : string ammoType = 'Bullet_762x54Tracer'
SCRIPT       : string ammoType = 'Bullet_45ACP'
SCRIPT       : string ammoType = 'Bullet_762x54Tracer'
SCRIPT       : string ammoType = 'Bullet_45ACP'
SCRIPT       : string ammoType = 'Bullet_45ACP'
SCRIPT       : [AYSA] [AI WAR ZONES] -->  The Fight For Control - Airfield is not active due to zone capping
SCRIPT       : string ammoType = 'Bullet_45ACP'
SCRIPT       : string ammoType = 'Bullet_45ACP'
SCRIPT       : [JunkYardDog] -- Adding Salvage Point to <Static_Wreck_HMMWV<83286670>> at Pos <<6481.323242, 27.037102, 2196.517822>>
SCRIPT       : [JunkYardDog] -- Adding Fuel Point to <Static_Wreck_HMMWV<83286670>> at Pos <<6481.323242, 27.037102, 2196.517822>>
SCRIPT       : string ammoType = 'Bullet_380'
SCRIPT       : string ammoType = 'Bullet_380'
SCRIPT       : string ammoType = 'Bullet_380'
SCRIPT       : string ammoType = 'Bullet_45ACP'
SCRIPT       : [AYSA] [AI WAR ZONES] -->  The Fight For Control - Airfield is not active due to zone capping
SCRIPT       : string ammoType = 'Bullet_45ACP'
SCRIPT       : string ammoType = 'Bullet_45ACP'
SCRIPT       : string ammo = 'Bullet_45ACP'
SCRIPT       : string ammoType = 'Bullet_45ACP'
SCRIPT       : string ammo = 'Bullet_45ACP'
SCRIPT       : string ammoType = 'Bullet_45ACP'
SCRIPT       : string ammoType = 'Bullet_45ACP'
SCRIPT       : string ammoType = 'Bullet_45ACP'
SCRIPT       : string ammo = 'Bullet_45ACP'
SCRIPT       : string ammo = 'Bullet_45ACP'
SCRIPT       : [JunkYardDog] -- Adding Salvage Point to <Land_Wreck_sed01_aban2_black<7f0ca5b0>> at Pos <<6717.325195, 26.883318, 2304.556396>>
SCRIPT       : [JunkYardDog] -- Adding Fuel Point to <Land_Wreck_sed01_aban2_black<7f0ca5b0>> at Pos <<6717.325195, 26.883318, 2304.556396>>
SCRIPT       : [JunkYardDog] -- Adding Salvage Point to <Land_Wreck_hb02_aban2_blue<7f0d2da0>> at Pos <<6711.358887, 26.833715, 2343.192383>>
SCRIPT       : [JunkYardDog] -- Adding Fuel Point to <Land_Wreck_hb02_aban2_blue<7f0d2da0>> at Pos <<6711.358887, 26.833715, 2343.192383>>
SCRIPT       : [AYSA] [AI WAR ZONES] -->  The Fight For Control - Airfield is not active due to zone capping
SCRIPT       : string ammo = 'Bullet_12GaugePellets'
SCRIPT       : string ammo = 'Bullet_12GaugePellets'
SCRIPT       : string ammo = 'Bullet_12GaugePellets'
SCRIPT       : [AYSA] [AI WAR ZONES] -->  The Fight For Control - Airfield is not active due to zone capping
SCRIPT       : string ammo = 'FallDamageHealth'
SCRIPT       : string ammoType = 'Bullet_762x54'
SCRIPT       : string ammo = 'Bullet_12GaugePellets'
SCRIPT       : string ammo = 'Bullet_12GaugePellets'
SCRIPT       : string ammo = 'Bullet_12GaugePellets'
SCRIPT       : string ammo = 'Bullet_12GaugePellets'
SCRIPT       : string ammo = 'Bullet_12GaugePellets'
SCRIPT       : [AYSA] [AI WAR ZONES] -->  The Fight For Control - Airfield is not active due to zone capping
SCRIPT       : [AYSA] [AI WAR ZONES] -->  The Fight For Control - Airfield is not active due to zone capping
SCRIPT       : [AYSA] [AI WAR ZONES] -->  The Fight For Control - Airfield is not active due to zone capping
SCRIPT       : string ammoType = 'Bullet_380'
SCRIPT       : string ammoType = 'Bullet_380'
SCRIPT       : string ammo = 'Bullet_380'
SCRIPT       : string ammo = 'Bullet_380'
SCRIPT       : string ammoType = 'Bullet_380'
SCRIPT       : string ammoType = 'Bullet_380'
SCRIPT       : string ammoType = 'Bullet_380'
SCRIPT       : string ammoType = 'Bullet_380'
SCRIPT       : string ammoType = 'Bullet_380'
SCRIPT       : string ammo = 'Bullet_380'
SCRIPT       : string ammo = 'Bullet_380'
SCRIPT       : string ammo = 'Bullet_380'
SCRIPT       : string ammoType = 'Bullet_762x54'
SCRIPT       : [AYSA] [AI WAR ZONES] -->  The Fight For Control - Airfield is not active due to zone capping
SCRIPT       : string ammo = 'Bullet_380'
SCRIPT       : string ammo = 'Bullet_380'
SCRIPT       : string ammoType = 'Bullet_380'
SCRIPT       : [TERJE CORE](INFO): Profile 'R5KkZb3Ywicboa8ntCzbBJK6WLpakj_6yA-ghmDo4lw=' saved to database.
SCRIPT       : string ammo = 'Bullet_762x54'
SCRIPT       : string ammoType = 'Bullet_12GaugePellets'
SCRIPT       : string ammo = 'Bullet_12GaugePellets'
SCRIPT       : string ammo = 'Bullet_12GaugePellets'
SCRIPT       : string ammo = 'Bullet_12GaugePellets'
SCRIPT       : string ammo = 'Bullet_12GaugePellets'
SCRIPT       : string ammo = 'Bullet_12GaugePellets'
SCRIPT       : string ammoType = 'Bullet_380'
SCRIPT       : string ammo = 'Bullet_380'
SCRIPT       : string ammoType = 'Bullet_380'
SCRIPT       : string ammo = 'Bullet_380'
SCRIPT       : string ammo = 'Bullet_380'
SCRIPT       : string ammoType = 'Bullet_380'
SCRIPT       : string ammo = 'Bullet_380'
SCRIPT       : string ammoType = 'Bullet_380'
SCRIPT       : string ammo = 'Bullet_762x54'
SCRIPT       : [AYSA] [AI WAR ZONES] -->  The Fight For Control - Airfield is not active due to zone capping
SCRIPT       : string ammo = 'Bullet_380'
SCRIPT       : string ammoType = 'Bullet_12GaugePellets'
SCRIPT       : string ammoType = 'Bullet_762x54'
SCRIPT       : =============== WARNING ===============
SCRIPT       : [TerjeMedicine]: You are using the trial version of the 'Terje Medicine' mod.
SCRIPT       : [TerjeMedicine]: To remove this message and watermark - please buy license on terjehub.com
SCRIPT       : =======================================
SCRIPT       : [AYSA] [AI WAR ZONES] -->  The Fight For Control - Airfield is not active due to zone capping
SCRIPT       : =============== WARNING ===============
SCRIPT       : [TerjeSkills]: You are using the trial version of the 'Terje Skills' mod.
SCRIPT       : [TerjeSkills]: To remove this message and watermark - please buy license on terjehub.com
SCRIPT       : =======================================
SCRIPT       : [AYSA] [AI WAR ZONES] -->  The Fight For Control - Airfield is not active due to zone capping
SCRIPT       : string ammo = 'FallDamageHealth'
SCRIPT       : string ammo = 'FallDamageShock'
SCRIPT       : [AYSA] [AI WAR ZONES] -->  The Fight For Control - Airfield is not active due to zone capping
SCRIPT       : string ammo = 'Bullet_380'
SCRIPT       : string ammo = 'Bullet_380'
SCRIPT       : string ammo = 'Bullet_380'
SCRIPT       : [AYSA] [AI WAR ZONES] -->  The Fight For Control - Airfield is not active due to zone capping
SCRIPT       : string ammoType = 'Bullet_380'
SCRIPT       : string ammoType = 'Bullet_380'
SCRIPT       : string ammo = 'Bullet_380'
SCRIPT       : string ammo = 'Bullet_380'
SCRIPT       : string ammo = 'Bullet_380'
SCRIPT       : [AYSA] [AI WAR ZONES] -->  The Fight For Control - Airfield is not active due to zone capping
SCRIPT       : string ammo = 'Bullet_380'
SCRIPT       : string ammoType = 'Bullet_45ACP'
SCRIPT       : string ammoType = 'Bullet_12GaugePellets'
SCRIPT       : string ammo = 'Bullet_12GaugePellets'
SCRIPT       : string ammo = 'Bullet_45ACP'
SCRIPT       : string ammo = 'Bullet_45ACP'
SCRIPT       : string ammo = 'Bullet_45ACP'
SCRIPT       : string ammo = 'Bullet_45ACP'
SCRIPT       : string ammo = 'Bullet_45ACP'
SCRIPT       : string ammo = 'MeleeSoldierInfectedLong'
SCRIPT       : string ammoType = 'Bullet_12GaugePellets'
SCRIPT       : string ammo = 'Bullet_12GaugePellets'
SCRIPT       : string ammo = 'Bullet_12GaugePellets'
SCRIPT       : string ammo = 'Bullet_12GaugePellets'
SCRIPT       : string ammo = 'Bullet_12GaugePellets'
SCRIPT       : string ammo = 'MeleeSoldierInfected'
SCRIPT       : string ammo = 'Bullet_762x54'
SCRIPT       : string ammo = 'Bullet_12GaugePellets'
SCRIPT       : string ammo = 'Bullet_12GaugePellets'
SCRIPT       : string ammo = 'Bullet_12GaugePellets'
SCRIPT       : string ammo = 'Bullet_12GaugePellets'
SCRIPT       : string ammo = 'Bullet_12GaugePellets'
SCRIPT       : string ammo = 'Bullet_12GaugePellets'
SCRIPT       : string ammo = 'Bullet_12GaugePellets'
SCRIPT       : [AYSA] [AI WAR ZONES] -->  The Fight For Control - Airfield is not active due to zone capping
SCRIPT       : string ammo = 'Bullet_12GaugePellets'
SCRIPT       : string ammo = 'Bullet_12GaugePellets'
SCRIPT       : string ammo = 'Bullet_12GaugePellets'
SCRIPT       : string ammo = 'Bullet_12GaugePellets'
SCRIPT       : string ammo = 'Bullet_12GaugePellets'
SCRIPT       : string ammo = 'Bullet_45ACP'
SCRIPT       : string ammo = 'Bullet_45ACP'
SCRIPT       : string ammoType = 'Bullet_380'
SCRIPT       : string ammo = 'Bullet_380'
SCRIPT       : string ammo = 'Bullet_380'
SCRIPT       : [AYSA] [AI WAR ZONES] -->  The Fight For Control - Airfield is not active due to zone capping
SCRIPT       : string ammoType = 'Bullet_45ACP'
SCRIPT       : string ammoType = 'Bullet_45ACP'
SCRIPT       : string ammo = 'MeleeSoldierInfectedLong'
SCRIPT       : string ammoType = 'Bullet_380'
SCRIPT       : string ammo = 'Bullet_380'
SCRIPT       : string ammo = 'Bullet_380'
SCRIPT       : string ammo = 'Bullet_380'
SCRIPT       : string ammo = 'Bullet_12GaugePellets'
SCRIPT       : string ammo = 'Bullet_12GaugePellets'
SCRIPT       : string ammo = 'Bullet_12GaugePellets'
SCRIPT       : string ammo = 'Bullet_12GaugePellets'
SCRIPT       : string ammo = 'Bullet_12GaugePellets'
SCRIPT       : string ammoType = 'Bullet_45ACP'
SCRIPT       : string ammoType = 'Bullet_762x54'
SCRIPT       : string ammo = 'Bullet_762x54'
SCRIPT       : string ammoType = 'Bullet_308WinTracer'
SCRIPT       : [AYSA] [AI WAR ZONES] -->  The Fight For Control - Airfield is not active due to zone capping
SCRIPT       : string ammoType = 'Bullet_12GaugePellets'
SCRIPT       : string ammoType = 'Bullet_762x54'
SCRIPT       : string ammo = 'Bullet_762x54'
SCRIPT       : string ammo = 'Bullet_762x54'
SCRIPT       : string ammo = 'Bullet_308WinTracer'
SCRIPT       : string ammo = 'MeleeInfected'
SCRIPT       : string ammo = 'Bullet_308WinTracer'
SCRIPT       : string ammo = 'Bullet_308WinTracer'
SCRIPT       : string ammo = 'Bullet_308WinTracer'
SCRIPT       : string ammo = 'MeleeSoldierInfected'
SCRIPT       : [wpnfsm] ValidateAndRepair Attempting to repair: Winchester70:21892 (owner eAI_SurvivorM_Cyril<5c265a90>) - ChamberRepair - BARIMLoadedCharged<eecb0780> - state: 1 != weapon: 0
Class:      'WeaponFSM'

Function: 'ValidateAndRepairHelper'
Stack trace:
DayZExpansion/Core/Scripts/4_World/dayzexpansion_core\entities\firearms\weaponfsm.c:30
SCRIPT       : 12:19:23.819 [EXPANSION DEBUG]: eAI_SurvivorM_Cyril<5c265a90> Weapon_Reloading - Reloading - failed (1)
SCRIPT       : string ammo = 'Bullet_12GaugePellets'
SCRIPT       : string ammo = 'Bullet_12GaugePellets'
SCRIPT       : string ammo = 'Bullet_12GaugePellets'
SCRIPT       : string ammo = 'Bullet_12GaugePellets'
SCRIPT       : [wpnfsm] ValidateAndRepair Attempting to repair: Winchester70:21892 (owner eAI_SurvivorM_Cyril<5c265a90>) - ChamberRepair - BARIMLoadedCharged<eecb0780> - state: 1 != weapon: 0
Class:      'WeaponFSM'

Function: 'ValidateAndRepairHelper'
Stack trace:
DayZExpansion/Core/Scripts/4_World/dayzexpansion_core\entities\firearms\weaponfsm.c:30
SCRIPT       : 12:19:24.054 [EXPANSION DEBUG]: eAI_SurvivorM_Cyril<5c265a90> Weapon_Reloading - Reloading - failed (2)
SCRIPT       : [AYSA] [AI WAR ZONES] -->  The Fight For Control - Airfield is not active due to zone capping
SCRIPT       : string ammo = 'MeleeInfected'
SCRIPT       : string ammo = 'MeleeSoldierInfected'
SCRIPT       : string ammo = 'MeleeInfectedLong'
SCRIPT       : string ammo = 'Bullet_308WinTracer'
SCRIPT       : string ammo = 'MeleeSoldierInfected'
SCRIPT       : string ammo = 'Bullet_308WinTracer'
SCRIPT       : [AYSA] [AI WAR ZONES] -->  The Fight For Control - Airfield is not active due to zone capping
SCRIPT       : string ammoType = 'Bullet_45ACP'
SCRIPT       : [AYSA] [AI WAR ZONES] -->  The Fight For Control - Airfield is not active due to zone capping
SCRIPT       : string ammo = 'Bullet_12GaugePellets'
SCRIPT       : string ammo = 'Bullet_12GaugePellets'
SCRIPT       : string ammo = 'Bullet_12GaugePellets'
SCRIPT       : string ammo = 'Bullet_12GaugePellets'
SCRIPT       : string ammo = 'Bullet_12GaugePellets'
SCRIPT       : string ammo = 'Bullet_12GaugePellets'
SCRIPT       : string ammo = 'Bullet_12GaugePellets'
SCRIPT       : string ammo = 'Bullet_12GaugePellets'
SCRIPT       : string ammo = 'Bullet_12GaugePellets'
SCRIPT       : string ammo = 'Bullet_12GaugePellets'
SCRIPT       : string ammo = 'Bullet_12GaugePellets'
SCRIPT       : string ammo = 'Bullet_12GaugePellets'
SCRIPT       : string ammo = 'Bullet_12GaugePellets'
SCRIPT       : string ammo = 'Bullet_12GaugePellets'
SCRIPT       : string ammo = 'Bullet_12GaugePellets'
SCRIPT       : =============== WARNING ===============
SCRIPT       : [TerjeMedicine]: You are using the trial version of the 'Terje Medicine' mod.
SCRIPT       : [TerjeMedicine]: To remove this message and watermark - please buy license on terjehub.com
SCRIPT       : =======================================
SCRIPT       : [AYSA] [AI WAR ZONES] -->  The Fight For Control - Airfield is not active due to zone capping
SCRIPT       : =============== WARNING ===============
SCRIPT       : [TerjeSkills]: You are using the trial version of the 'Terje Skills' mod.
SCRIPT       : [TerjeSkills]: To remove this message and watermark - please buy license on terjehub.com
SCRIPT       : =======================================
SCRIPT       : [AYSA] [AI WAR ZONES] -->  The Fight For Control - Airfield is not active due to zone capping
SCRIPT       : string ammo = 'Bullet_45ACP'
SCRIPT       : string ammo = 'Bullet_45ACP'
SCRIPT       : string ammoType = 'Bullet_45ACP'
SCRIPT       : string ammo = 'Bullet_45ACP'
SCRIPT       : string ammo = 'Bullet_45ACP'
SCRIPT       : string ammoType = 'Bullet_45ACP'
SCRIPT       : string ammo = 'Bullet_45ACP'
SCRIPT       : string ammo = 'Bullet_45ACP'
SCRIPT       : string ammoType = 'Bullet_45ACP'
SCRIPT       : string ammo = 'Bullet_45ACP'
SCRIPT       : string ammo = 'Bullet_45ACP'
SCRIPT       : string ammo = 'Bullet_45ACP'
SCRIPT       : [AYSA] [AI WAR ZONES] -->  The Fight For Control - Airfield is not active due to zone capping
SCRIPT       : string ammo = 'Bullet_45ACP'
SCRIPT       : 12:21:47.639 [EXPANSION DEBUG]: eAI_SurvivorF_Eva<79f46040> Weapon_Reloading - Reloading - failed (1)
SCRIPT       : string ammo = 'MeleeSoldierInfected'
SCRIPT       : 12:21:48.939 [EXPANSION DEBUG]: eAI_SurvivorF_Eva<79f46040> Weapon_Reloading - Reloading - failed (2)
SCRIPT       : [AYSA] [AI WAR ZONES] -->  The Fight For Control - Airfield is not active due to zone capping
SCRIPT       : [AYSA] [AI WAR ZONES] -->  The Fight For Control - Airfield is not active due to zone capping
SCRIPT       : [AYSA] [AI WAR ZONES] -->  The Fight For Control - Airfield is not active due to zone capping
SCRIPT       : [AYSA] [AI WAR ZONES] -->  The Fight For Control - Airfield is not active due to zone capping
SCRIPT       : [AYSA] [AI WAR ZONES] -->  The Fight For Control - Airfield is not active due to zone capping
SCRIPT       : [AYSA] [AI WAR ZONES] -->  The Fight For Control - Airfield is not active due to zone capping
SCRIPT       : [TERJE CORE](INFO): Profile 'R5KkZb3Ywicboa8ntCzbBJK6WLpakj_6yA-ghmDo4lw=' saved to database.
SCRIPT       : [AYSA] [AI WAR ZONES] -->  The Fight For Control - Airfield is not active due to zone capping
SCRIPT       : [AYSA] [AI WAR ZONES] -->  The Fight For Control - Airfield is not active due to zone capping
SCRIPT       : =============== WARNING ===============
SCRIPT       : [TerjeMedicine]: You are using the trial version of the 'Terje Medicine' mod.
SCRIPT       : [TerjeMedicine]: To remove this message and watermark - please buy license on terjehub.com
SCRIPT       : =======================================
SCRIPT       : ::: [SurvivorBase<2d3dc080>]: OnCommandVehicleStart: m_AttachmentsHide: true
SCRIPT       : 12:25:54.362 [EXPANSION DEBUG]: ExpansionVehicleT<CarScript><8884c6c0>::SetLastDriverUID - R5KkZb3Ywicboa8ntCzbBJK6WLpakj_6yA-ghmDo4lw=
SCRIPT       : 12:25:55.360 [EXPANSION DEBUG]: ExpansionVehicleT<CarScript><8884c6c0>::ResetLastDriverUIDSynch
SCRIPT       : [AYSA] [AI WAR ZONES] -->  The Fight For Control - Airfield is not active due to zone capping
SCRIPT       : =============== WARNING ===============
SCRIPT       : [TerjeSkills]: You are using the trial version of the 'Terje Skills' mod.
SCRIPT       : [TerjeSkills]: To remove this message and watermark - please buy license on terjehub.com
SCRIPT       : =======================================
SCRIPT       : [AYSA] [AI WAR ZONES] -->  The Fight For Control - Airfield is not active due to zone capping
SCRIPT       : ::: [SurvivorBase<2d3dc080>]: OnCommandVehicleFinish: m_AttachmentsHide: false
SCRIPT       : ::: [SurvivorBase<2d3dc080>]: OnCommandVehicleStart: m_AttachmentsHide: true
SCRIPT       : 12:26:37.454 [EXPANSION DEBUG]: ExpansionVehicleT<CarScript><8884c6c0>::SetLastDriverUID - R5KkZb3Ywicboa8ntCzbBJK6WLpakj_6yA-ghmDo4lw=
SCRIPT       : 12:26:38.453 [EXPANSION DEBUG]: ExpansionVehicleT<CarScript><8884c6c0>::ResetLastDriverUIDSynch
SCRIPT       : string ammo = 'TransportHit'
SCRIPT       : string ammo = 'TransportHit'
SCRIPT       : string ammo = 'TransportHit'
SCRIPT       : string ammo = 'TransportHit'
SCRIPT       : string ammo = 'TransportHit'
SCRIPT       : string ammo = 'TransportHit'
SCRIPT       : string ammo = 'TransportHit'
SCRIPT       : string ammo = 'TransportHit'
SCRIPT       : string ammo = 'TransportHit'
SCRIPT       : string ammo = 'TransportHit'
SCRIPT       : string ammo = 'TransportHit'
SCRIPT       : string ammo = 'TransportHit'
SCRIPT       : string ammo = 'TransportHit'
SCRIPT       : string ammo = 'TransportHit'
SCRIPT       : string ammo = 'TransportHit'
SCRIPT       : string ammo = 'TransportHit'
SCRIPT       : string ammo = 'TransportHit'
SCRIPT       : [AYSA] [AI WAR ZONES] -->  The Fight For Control - Airfield is not active due to zone capping
SCRIPT       : [JunkYardDog] -- Adding Salvage Point to <Land_wreck_truck01_aban1_green<6f65d200>> at Pos <<3174.338379, 31.679749, 1005.335510>>
SCRIPT       : [JunkYardDog] -- Adding Fuel Point to <Land_wreck_truck01_aban1_green<6f65d200>> at Pos <<3174.338379, 31.679749, 1005.335510>>
SCRIPT       : [AYSA] [AI WAR ZONES] -->  The Fight For Control - Airfield is not active due to zone capping
SCRIPT       : [inv] ReplaceItemWithNewLambdaBase Step B) remove OK, loc={ type=ATTACHMENT item=HatchbackWheel:22638 parent=OffroadHatchback:22626 slot=-17736784 }
SCRIPT       : [AYSA] [AI WAR ZONES] -->  The Fight For Control - Airfield is not active due to zone capping
SCRIPT       : ::: [SurvivorBase<2d3dc080>]: OnCommandVehicleFinish: m_AttachmentsHide: false
SCRIPT       : [AYSA] [AI WAR ZONES] -->  The Fight For Control - Airfield is not active due to zone capping
SCRIPT       : [JunkYardDog] -- Adding Salvage Point to <Land_Wreck_hb02_aban2_black<89197d30>> at Pos <<6112.343262, 56.735878, 4614.326660>>
SCRIPT       : [JunkYardDog] -- Adding Fuel Point to <Land_Wreck_hb02_aban2_black<89197d30>> at Pos <<6112.343262, 56.735878, 4614.326660>>
SCRIPT       : [JunkYardDog] -- Adding Salvage Point to <Land_Wreck_hb02_aban1_red<89196b10>> at Pos <<6120.301270, 56.773071, 4601.805664>>
SCRIPT       : [JunkYardDog] -- Adding Fuel Point to <Land_Wreck_hb02_aban1_red<89196b10>> at Pos <<6120.301270, 56.773071, 4601.805664>>
SCRIPT       : [JunkYardDog] -- Adding Salvage Point to <Static_Wreck_Ural<88ccd8d0>> at Pos <<6137.636230, 56.947521, 4602.223145>>
SCRIPT       : [JunkYardDog] -- Adding Fuel Point to <Static_Wreck_Ural<88ccd8d0>> at Pos <<6137.636230, 56.947521, 4602.223145>>
SCRIPT       : [AYSA] [AI WAR ZONES] -->  The Fight For Control - Airfield is not active due to zone capping
SCRIPT       : [JunkYardDog] -- Adding Salvage Point to <Land_Wreck_hb02_aban1_red<891b0bf0>> at Pos <<6099.882324, 56.519821, 4632.969238>>
SCRIPT       : [JunkYardDog] -- Adding Fuel Point to <Land_Wreck_hb02_aban1_red<891b0bf0>> at Pos <<6099.882324, 56.519821, 4632.969238>>
SCRIPT       : [JunkYardDog] -- Adding Salvage Point to <Land_Wreck_hb02_aban2_blue<891b1500>> at Pos <<6109.472656, 56.697895, 4610.290527>>
SCRIPT       : [JunkYardDog] -- Adding Fuel Point to <Land_Wreck_hb02_aban2_blue<891b1500>> at Pos <<6109.472656, 56.697895, 4610.290527>>
SCRIPT       : [AYSA] [AI WAR ZONES] -->  The Fight For Control - Airfield is not active due to zone capping
SCRIPT       : ::: [SurvivorBase<2d3dc080>]: OnCommandVehicleStart: m_AttachmentsHide: true
SCRIPT       : 12:29:14.074 [EXPANSION DEBUG]: ExpansionVehicleT<CarScript><83d1b560>::SetLastDriverUID - R5KkZb3Ywicboa8ntCzbBJK6WLpakj_6yA-ghmDo4lw=
SCRIPT       : 12:29:15.072 [EXPANSION DEBUG]: ExpansionVehicleT<CarScript><83d1b560>::ResetLastDriverUIDSynch
SCRIPT       : [AYSA] [AI WAR ZONES] -->  The Fight For Control - Airfield is not active due to zone capping
SCRIPT       : [AYSA] [AI WAR ZONES] -->  The Fight For Control - Airfield is not active due to zone capping
SCRIPT       : [JunkYardDog] -- Adding Salvage Point to <Land_Wreck_S1023_Beige<8a1b26c0>> at Pos <<2697.089355, 40.161888, 832.960876>>
SCRIPT       : [JunkYardDog] -- Adding Fuel Point to <Land_Wreck_S1023_Beige<8a1b26c0>> at Pos <<2697.089355, 40.161888, 832.960876>>
SCRIPT       : ::: [SurvivorBase<2d3dc080>]: OnCommandVehicleFinish: m_AttachmentsHide: false
SCRIPT       : =============== WARNING ===============
SCRIPT       : [TerjeMedicine]: You are using the trial version of the 'Terje Medicine' mod.
SCRIPT       : [TerjeMedicine]: To remove this message and watermark - please buy license on terjehub.com
SCRIPT       : =======================================
SCRIPT       : [AYSA] [AI WAR ZONES] -->  The Fight For Control - Airfield is not active due to zone capping
SCRIPT       : [AYSA] [AI WAR ZONES] -->  The Fight For Control - Airfield is not active due to zone capping
SCRIPT       : =============== WARNING ===============
SCRIPT       : [TerjeSkills]: You are using the trial version of the 'Terje Skills' mod.
SCRIPT       : [TerjeSkills]: To remove this message and watermark - please buy license on terjehub.com
SCRIPT       : =======================================
SCRIPT       : [TERJE CORE](INFO): Profile 'R5KkZb3Ywicboa8ntCzbBJK6WLpakj_6yA-ghmDo4lw=' saved to database.
SCRIPT       : [AYSA] [AI WAR ZONES] -->  The Fight For Control - Airfield is not active due to zone capping
SCRIPT       : [AYSA] [AI WAR ZONES] -->  The Fight For Control - Airfield is not active due to zone capping
SCRIPT       : string ammo = 'Bullet_22'
SCRIPT       : string ammo = 'Bullet_22'
SCRIPT       : string ammo = 'Bullet_22'
SCRIPT       : string ammoType = 'Bullet_22'
SCRIPT       : string ammo = 'Bullet_22'
SCRIPT       : [AYSA] [AI WAR ZONES] -->  The Fight For Control - Airfield is not active due to zone capping
SCRIPT       : string ammo = 'Bullet_22'
SCRIPT       : string ammo = 'Bullet_22'
SCRIPT       : string ammoType = 'Bullet_22'
SCRIPT       : string ammo = 'Bullet_22'
SCRIPT       : string ammo = 'Bullet_22'
SCRIPT       : string ammo = 'Bullet_22'
SCRIPT       : string ammoType = 'Bullet_22'
SCRIPT       : string ammo = 'Bullet_22'
SCRIPT       : string ammo = 'Bullet_22'
SCRIPT       : string ammoType = 'Bullet_22'
SCRIPT       : string ammo = 'Bullet_22'
SCRIPT       : string ammo = 'Bullet_22'
SCRIPT       : string ammo = 'Bullet_22'
SCRIPT       : string ammoType = 'Bullet_22'
SCRIPT       : string ammo = 'Bullet_22'
SCRIPT       : string ammoType = 'Bullet_22'
SCRIPT       : string ammo = 'Bullet_22'
SCRIPT       : string ammo = 'Bullet_22'
SCRIPT       : string ammoType = 'Bullet_22'
SCRIPT       : string ammoType = 'Bullet_22'
SCRIPT       : string ammo = 'Bullet_22'
SCRIPT       : string ammoType = 'Bullet_22'
SCRIPT       : string ammo = 'MeleeInfectedLong'
SCRIPT       : [AYSA] [AI WAR ZONES] -->  The Fight For Control - Airfield is not active due to zone capping
SCRIPT       : string ammo = 'MeleeInfected'
SCRIPT       : string ammo = 'Bullet_22'
SCRIPT       : string ammo = 'Bullet_22'
SCRIPT       : string ammo = 'Bullet_22'
SCRIPT       : string ammoType = 'Bullet_22'
SCRIPT       : string ammo = 'Bullet_22'
SCRIPT       : string ammo = 'Bullet_22'
SCRIPT       : string ammoType = 'Bullet_22'
SCRIPT       : string ammo = 'Bullet_22'
SCRIPT       : string ammo = 'Bullet_22'
SCRIPT       : string ammoType = 'Bullet_22'
SCRIPT       : string ammo = 'Bullet_22'
SCRIPT       : string ammo = 'Bullet_22'
SCRIPT       : string ammo = 'Bullet_22'
SCRIPT       : string ammo = 'Bullet_22'
SCRIPT       : string ammo = 'Bullet_22'
SCRIPT       : string ammo = 'Bullet_22'
SCRIPT       : string ammo = 'MeleeFist_Heavy'
SCRIPT       : string ammoType = 'Bullet_22'
SCRIPT       : string ammo = 'Bullet_22'
SCRIPT       : string ammo = 'Bullet_22'
SCRIPT       : string ammoType = 'Bullet_22'
SCRIPT       : string ammo = 'Bullet_22'
SCRIPT       : [AYSA] [AI WAR ZONES] -->  The Fight For Control - Airfield is not active due to zone capping
SCRIPT       : string ammo = 'Bullet_22'
SCRIPT       : 12:33:26.673 [EXPANSION DEBUG]: eAI_SurvivorM_Boris<860a50f0> Weapon_Reloading - Reloading - failed (1)
SCRIPT       : 12:33:26.907 [EXPANSION DEBUG]: eAI_SurvivorM_Boris<860a50f0> Weapon_Reloading - Reloading - failed (2)
SCRIPT       : string ammo = 'MeleePoliceInfected'
SCRIPT       : string ammo = 'MeleeInfected'
SCRIPT       : string ammo = 'MeleePoliceInfectedLong'
SCRIPT       : string ammo = 'MeleeInfected'
SCRIPT       : string ammo = 'MeleePoliceInfected'
SCRIPT       : string ammo = 'MeleeInfectedLong'
SCRIPT       : string ammo = 'MeleeInfected'
SCRIPT       : string ammo = 'MeleeInfected'
SCRIPT       : [AYSA] [AI WAR ZONES] -->  The Fight For Control - Airfield is not active due to zone capping
SCRIPT       : [TERJE CORE](INFO): Profile 'R5KkZb3Ywicboa8ntCzbBJK6WLpakj_6yA-ghmDo4lw=' saved to database.
SCRIPT       : [AYSA] [AI WAR ZONES] -->  The Fight For Control - Airfield is not active due to zone capping
SCRIPT       : string ammo = 'FallDamageShock'
SCRIPT       : [AYSA] [AI WAR ZONES] -->  The Fight For Control - Airfield is not active due to zone capping
SCRIPT       : [TERJE CORE](INFO): Profile 'R5KkZb3Ywicboa8ntCzbBJK6WLpakj_6yA-ghmDo4lw=' saved to database.
SCRIPT       : [AYSA] [AI WAR ZONES] -->  The Fight For Control - Airfield is not active due to zone capping
SCRIPT       : string ammo = 'Bullet_22'
SCRIPT       : =============== WARNING ===============
SCRIPT       : [TerjeMedicine]: You are using the trial version of the 'Terje Medicine' mod.
SCRIPT       : [TerjeMedicine]: To remove this message and watermark - please buy license on terjehub.com
SCRIPT       : =======================================
SCRIPT       : [TERJE CORE](INFO): Profile 'R5KkZb3Ywicboa8ntCzbBJK6WLpakj_6yA-ghmDo4lw=' saved to database.
SCRIPT       : [AYSA] [AI WAR ZONES] -->  The Fight For Control - Airfield is not active due to zone capping
SCRIPT       : [JunkYardDog] -- Adding Salvage Point to <Land_wreck_truck01_aban1_blue<8a1baeb0>> at Pos <<1870.166748, 4.641338, 7681.194824>>
SCRIPT       : [JunkYardDog] -- Adding Fuel Point to <Land_wreck_truck01_aban1_blue<8a1baeb0>> at Pos <<1870.166748, 4.641338, 7681.194824>>
SCRIPT       : =============== WARNING ===============
SCRIPT       : [TerjeSkills]: You are using the trial version of the 'Terje Skills' mod.
SCRIPT       : [TerjeSkills]: To remove this message and watermark - please buy license on terjehub.com
SCRIPT       : =======================================
SCRIPT       : [AYSA] [AI WAR ZONES] -->  The Fight For Control - Airfield is not active due to zone capping
SCRIPT       : string ammo = 'FallDamageHealth'
SCRIPT       : [AYSA] [AI WAR ZONES] -->  The Fight For Control - Airfield is not active due to zone capping
SCRIPT       : string ammo = 'FallDamageShock'
SCRIPT       : string ammo = 'MeleeInfected'
SCRIPT       : string ammo = 'FallDamageHealth'
SCRIPT       : string ammo = 'FallDamageShock'
SCRIPT       : string ammo = 'MeleeInfected'
SCRIPT       : string ammo = 'MeleeFist_Heavy'
SCRIPT       : string ammo = 'MeleeInfectedLong'
SCRIPT       : string ammo = 'MeleeFist'
SCRIPT       : [JunkYardDog] -- Adding Salvage Point to <Land_Wreck_Uaz<8a1c0040>> at Pos <<3129.037842, 7.148973, 752.888428>>
SCRIPT       : [JunkYardDog] -- Adding Fuel Point to <Land_Wreck_Uaz<8a1c0040>> at Pos <<3129.037842, 7.148973, 752.888428>>
SCRIPT       : [JunkYardDog] -- Adding Salvage Point to <Land_Wreck_Uaz<8a1c8830>> at Pos <<5221.479004, 18.867760, 5026.513672>>
SCRIPT       : [JunkYardDog] -- Adding Fuel Point to <Land_Wreck_Uaz<8a1c8830>> at Pos <<5221.479004, 18.867760, 5026.513672>>
SCRIPT       : [JunkYardDog] -- Adding Salvage Point to <Land_Wreck_sed01_aban2_wine<8a1d0710>> at Pos <<3180.095459, 16.053360, 881.825867>>
SCRIPT       : [JunkYardDog] -- Adding Fuel Point to <Land_Wreck_sed01_aban2_wine<8a1d0710>> at Pos <<3180.095459, 16.053360, 881.825867>>
SCRIPT       : [JunkYardDog] -- Adding Salvage Point to <Land_Wreck_Uaz<8a1cf4f0>> at Pos <<5294.687988, 20.416651, 5036.486816>>
SCRIPT       : [JunkYardDog] -- Adding Fuel Point to <Land_Wreck_Uaz<8a1cf4f0>> at Pos <<5294.687988, 20.416651, 5036.486816>>
SCRIPT       : [JunkYardDog] -- Adding Salvage Point to <Land_Wreck_Uaz<8a1d58a0>> at Pos <<5296.741211, 19.858559, 5057.812012>>
SCRIPT       : [JunkYardDog] -- Adding Fuel Point to <Land_Wreck_Uaz<8a1d58a0>> at Pos <<5296.741211, 19.858559, 5057.812012>>
SCRIPT       : [JunkYardDog] -- Adding Salvage Point to <Land_wreck_truck01_aban1_green<8a1cebe0>> at Pos <<3241.891846, 16.469988, 6171.812988>>
SCRIPT       : [JunkYardDog] -- Adding Fuel Point to <Land_wreck_truck01_aban1_green<8a1cebe0>> at Pos <<3241.891846, 16.469988, 6171.812988>>
SCRIPT       : [JunkYardDog] -- Adding Salvage Point to <Land_Wreck_V3S<8a1d7ce0>> at Pos <<3252.469971, 18.073143, 6180.689941>>
SCRIPT       : [JunkYardDog] -- Adding Fuel Point to <Land_Wreck_V3S<8a1d7ce0>> at Pos <<3252.469971, 18.073143, 6180.689941>>
SCRIPT       : [JunkYardDog] -- Adding Salvage Point to <Land_Wreck_hb01_aban2_blue<8a1dc560>> at Pos <<6046.494141, 11.648989, 7114.089844>>
SCRIPT       : [JunkYardDog] -- Adding Fuel Point to <Land_Wreck_hb01_aban2_blue<8a1dc560>> at Pos <<6046.494141, 11.648989, 7114.089844>>
SCRIPT       : [AYSA] [AI WAR ZONES] -->  The Fight For Control - Airfield is not active due to zone capping
SCRIPT       : [AYSA] [AI WAR ZONES] -->  The Fight For Control - Airfield is not active due to zone capping
SCRIPT       : [JunkYardDog] -- Adding Salvage Point to <Land_Wreck_hb01_aban2_blue<8a1da120>> at Pos <<1142.511230, 29.430910, 7013.259766>>
SCRIPT       : [JunkYardDog] -- Adding Fuel Point to <Land_Wreck_hb01_aban2_blue<8a1da120>> at Pos <<1142.511230, 29.430910, 7013.259766>>
SCRIPT       : [AYSA] [AI WAR ZONES] -->  The Fight For Control - Airfield is not active due to zone capping
SCRIPT       : string ammo = 'FallDamageShock'
SCRIPT       : string ammo = 'MeleeFist_Heavy'
SCRIPT       : string ammo = 'MeleeFist_Heavy'
SCRIPT       : [AYSA] [AI WAR ZONES] -->  The Fight For Control - Airfield is not active due to zone capping
SCRIPT       : string ammo = 'FallDamageHealth'
SCRIPT       : string ammo = 'FallDamageShock'
SCRIPT       : string ammo = 'MeleeSharpLight_3'
SCRIPT       : [AYSA] [AI WAR ZONES] -->  The Fight For Control - Airfield is not active due to zone capping
SCRIPT       : string ammo = 'MeleeSharpLight_3'
SCRIPT       : string ammo = 'MeleeInfected'
SCRIPT       : string ammo = 'MeleeInfectedLong'
SCRIPT       : string ammo = 'MeleeSharpLight_3'
SCRIPT       : string ammo = 'MeleeSharpLight_3'
SCRIPT       : string ammo = 'MeleeSharpLight_3'
SCRIPT       : string ammo = 'FallDamageHealth'
SCRIPT       : string ammo = 'FallDamageShock'
SCRIPT       : string ammo = 'MeleeInfected'
SCRIPT       : string ammo = 'MeleeSharpLight_3'
SCRIPT       : [AYSA] [AI WAR ZONES] -->  The Fight For Control - Airfield is not active due to zone capping
SCRIPT       : string ammo = 'MeleeSharpLight_3'
SCRIPT       : string ammo = 'MeleeSharpLight_3'
SCRIPT       : [TERJE CORE](INFO): Profile 'R5KkZb3Ywicboa8ntCzbBJK6WLpakj_6yA-ghmDo4lw=' saved to database.
SCRIPT       : [AYSA] [AI WAR ZONES] -->  The Fight For Control - Airfield is not active due to zone capping
SCRIPT       : [AYSA] [AI WAR ZONES] -->  The Fight For Control - Airfield is not active due to zone capping
SCRIPT       : string ammo = 'MeleeSharpLight_3'
SCRIPT       : =============== WARNING ===============
SCRIPT       : [TerjeMedicine]: You are using the trial version of the 'Terje Medicine' mod.
SCRIPT       : [TerjeMedicine]: To remove this message and watermark - please buy license on terjehub.com
SCRIPT       : =======================================
SCRIPT       : [JunkYardDog] -- Adding Salvage Point to <Land_Wreck_sed01_aban2_wine<7a1c38e0>> at Pos <<1160.659668, 28.764391, 7001.061523>>
SCRIPT       : [JunkYardDog] -- Adding Fuel Point to <Land_Wreck_sed01_aban2_wine<7a1c38e0>> at Pos <<1160.659668, 28.764391, 7001.061523>>
SCRIPT       : [JunkYardDog] -- Adding Salvage Point to <Land_Wreck_sed02_aban2_grey<7a1cb7c0>> at Pos <<1169.455566, 28.641554, 6999.929688>>
SCRIPT       : [JunkYardDog] -- Adding Fuel Point to <Land_Wreck_sed02_aban2_grey<7a1cb7c0>> at Pos <<1169.455566, 28.641554, 6999.929688>>
SCRIPT       : [AYSA] [AI WAR ZONES] -->  The Fight For Control - Airfield is not active due to zone capping
SCRIPT       : =============== WARNING ===============
SCRIPT       : [TerjeSkills]: You are using the trial version of the 'Terje Skills' mod.
SCRIPT       : [TerjeSkills]: To remove this message and watermark - please buy license on terjehub.com
SCRIPT       : =======================================
SCRIPT       : string ammo = 'FallDamageShock'
SCRIPT       : [AYSA] [AI WAR ZONES] -->  The Fight For Control - Airfield is not active due to zone capping
SCRIPT       : [AYSA] [AI WAR ZONES] -->  The Fight For Control - Airfield is not active due to zone capping
SCRIPT       : string ammo = 'FallDamageShock'
SCRIPT       : string ammo = 'FallDamageShock'
SCRIPT       : [AYSA] [AI WAR ZONES] -->  The Fight For Control - Airfield is not active due to zone capping
SCRIPT       : string ammoType = 'Bullet_22'
SCRIPT       : string ammoType = 'Bullet_22'
SCRIPT       : string ammo = 'Bullet_22'
SCRIPT       : string ammo = 'Bullet_22'
SCRIPT       : string ammo = 'Bullet_22'
SCRIPT       : [JunkYardDog] -- Adding Salvage Point to <Land_wreck_truck01_aban1_green<6f67b250>> at Pos <<1686.831543, 30.821169, 4812.258789>>
SCRIPT       : [JunkYardDog] -- Adding Fuel Point to <Land_wreck_truck01_aban1_green<6f67b250>> at Pos <<1686.831543, 30.821169, 4812.258789>>
SCRIPT       : [AYSA] [AI WAR ZONES] -->  The Fight For Control - Airfield is not active due to zone capping
SCRIPT       : [JunkYardDog] -- Adding Salvage Point to <Land_wreck_truck01_aban1_green<8a264070>> at Pos <<1665.755493, 39.062275, 4618.176758>>
SCRIPT       : [JunkYardDog] -- Adding Fuel Point to <Land_wreck_truck01_aban1_green<8a264070>> at Pos <<1665.755493, 39.062275, 4618.176758>>
SCRIPT       : [AYSA] [AI WAR ZONES] -->  The Fight For Control - Airfield is not active due to zone capping
SCRIPT       : string ammo = 'Bullet_22'
SCRIPT       : [JunkYardDog] -- Adding Salvage Point to <Land_Wreck_hb01_aban2_green<8a265ba0>> at Pos <<1657.171265, 41.191055, 4100.654297>>
SCRIPT       : [JunkYardDog] -- Adding Fuel Point to <Land_Wreck_hb01_aban2_green<8a265ba0>> at Pos <<1657.171265, 41.191055, 4100.654297>>
SCRIPT       : [AYSA] [AI WAR ZONES] -->  The Fight For Control - Airfield is not active due to zone capping
SCRIPT       : string ammo = 'FallDamageShock'
SCRIPT       : [AYSA] [AI WAR ZONES] -->  The Fight For Control - Airfield is not active due to zone capping
SCRIPT       : [JunkYardDog] -- Adding Salvage Point to <Land_wreck_truck01_aban1_green<8a26a420>> at Pos <<4823.355957, 47.369293, 1582.841309>>
SCRIPT       : [JunkYardDog] -- Adding Fuel Point to <Land_wreck_truck01_aban1_green<8a26a420>> at Pos <<4823.355957, 47.369293, 1582.841309>>
SCRIPT       : [JunkYardDog] -- Adding Salvage Point to <Land_wreck_truck01_aban1_green<8a26fec0>> at Pos <<4828.676270, 47.839748, 1246.548218>>
SCRIPT       : [JunkYardDog] -- Adding Fuel Point to <Land_wreck_truck01_aban1_green<8a26fec0>> at Pos <<4828.676270, 47.839748, 1246.548218>>
SCRIPT       : [JunkYardDog] -- Adding Salvage Point to <Land_wreck_truck01_aban2_green<8a277da0>> at Pos <<5265.731934, 5.790695, 2022.568481>>
SCRIPT       : [JunkYardDog] -- Adding Fuel Point to <Land_wreck_truck01_aban2_green<8a277da0>> at Pos <<5265.731934, 5.790695, 2022.568481>>
SCRIPT       : [JunkYardDog] -- Adding Salvage Point to <Land_Wreck_sed01_aban2_wine<8a2719f0>> at Pos <<5230.852539, 8.636856, 2105.004395>>
SCRIPT       : [JunkYardDog] -- Adding Fuel Point to <Land_Wreck_sed01_aban2_wine<8a2719f0>> at Pos <<5230.852539, 8.636856, 2105.004395>>
SCRIPT       : [AYSA] [AI WAR ZONES] -->  The Fight For Control - Airfield is not active due to zone capping
SCRIPT       : string ammo = 'FallDamageShock'
SCRIPT       : [TERJE CORE](INFO): Profile 'R5KkZb3Ywicboa8ntCzbBJK6WLpakj_6yA-ghmDo4lw=' saved to database.
SCRIPT       : [JunkYardDog] -- Adding Salvage Point to <Land_Wreck_Uaz<8a27c620>> at Pos <<6919.360840, 15.229533, 6113.674316>>
SCRIPT       : [JunkYardDog] -- Adding Fuel Point to <Land_Wreck_Uaz<8a27c620>> at Pos <<6919.360840, 15.229533, 6113.674316>>
SCRIPT       : [AYSA] [AI WAR ZONES] -->  The Fight For Control - Airfield is not active due to zone capping
SCRIPT       : [AYSA] [AI WAR ZONES] -->  The Fight For Control - Airfield is not active due to zone capping
SCRIPT       : =============== WARNING ===============
SCRIPT       : [TerjeMedicine]: You are using the trial version of the 'Terje Medicine' mod.
SCRIPT       : [TerjeMedicine]: To remove this message and watermark - please buy license on terjehub.com
SCRIPT       : =======================================
SCRIPT       : [JunkYardDog] -- Adding Salvage Point to <Land_Wreck_S1023_Beige<8a285720>> at Pos <<4274.203613, 27.484409, 1849.145630>>
SCRIPT       : [JunkYardDog] -- Adding Fuel Point to <Land_Wreck_S1023_Beige<8a285720>> at Pos <<4274.203613, 27.484409, 1849.145630>>
SCRIPT       : [JunkYardDog] -- Adding Salvage Point to <Land_Wreck_S1023_Beige<8a27f370>> at Pos <<5395.962402, 9.756697, 1954.658081>>
SCRIPT       : [JunkYardDog] -- Adding Fuel Point to <Land_Wreck_S1023_Beige<8a27f370>> at Pos <<5395.962402, 9.756697, 1954.658081>>
SCRIPT       : [AYSA] [AI WAR ZONES] -->  The Fight For Control - Airfield is not active due to zone capping
SCRIPT       : =============== WARNING ===============
SCRIPT       : [TerjeSkills]: You are using the trial version of the 'Terje Skills' mod.
SCRIPT       : [TerjeSkills]: To remove this message and watermark - please buy license on terjehub.com
SCRIPT       : =======================================
SCRIPT       : [Logout]: New player R5KkZb3Ywicboa8ntCzbBJK6WLpakj_6yA-ghmDo4lw= with logout time 3
SCRIPT       : Player "Pengowski" (steamid=76561198413928129) initiated disconnect process...
SCRIPT       : Player "Pengowski" (steamid=76561198413928129) disconnected early from server (EXIT NOW).
SCRIPT       : [Logout]: Player R5KkZb3Ywicboa8ntCzbBJK6WLpakj_6yA-ghmDo4lw= finished
SCRIPT       : [TERJE CORE](INFO): Profile 'R5KkZb3Ywicboa8ntCzbBJK6WLpakj_6yA-ghmDo4lw=' saved to database.
SCRIPT       : Player "Pengowski" (steamid=76561198413928129) disconnected from server.
SCRIPT       : [PlayerListManager] SyncEntryToReceivers ► uid: R5KkZb3Ywicboa8ntCzbBJK6WLpakj_6yA-ghmDo4lw= isn't in the players list! sending a remove.
SCRIPT       : HandleOnPlayerDisconnected -> PlayerListManager.RemoveEntry ► R5KkZb3Ywicboa8ntCzbBJK6WLpakj_6yA-ghmDo4lw=
SCRIPT       : [AYSA] [AI WAR ZONES] -->  The Fight For Control - Airfield is not active due to zone capping
SCRIPT       : [JunkYardDog] -- Adding Salvage Point to <Static_Wreck_HMMWV<8902c680>> at Pos <<6827.380859, 15.333736, 7196.594238>>
SCRIPT       : [JunkYardDog] -- Adding Fuel Point to <Static_Wreck_HMMWV<8902c680>> at Pos <<6827.380859, 15.333736, 7196.594238>>
SCRIPT       : [JunkYardDog] -- Adding Salvage Point to <Static_Wreck_HMMWV<8902baf0>> at Pos <<6852.207031, 15.341726, 7175.447266>>
SCRIPT       : [JunkYardDog] -- Adding Fuel Point to <Static_Wreck_HMMWV<8902baf0>> at Pos <<6852.207031, 15.341726, 7175.447266>>
SCRIPT       : [JunkYardDog] -- Adding Salvage Point to <Static_Wreck_HMMWV<8902b8a0>> at Pos <<6886.468750, 15.342878, 7185.449219>>
SCRIPT       : [JunkYardDog] -- Adding Fuel Point to <Static_Wreck_HMMWV<8902b8a0>> at Pos <<6886.468750, 15.342878, 7185.449219>>
SCRIPT       : [JunkYardDog] -- Adding Salvage Point to <Static_Wreck_HMMWV<8902bd40>> at Pos <<6905.943848, 15.325775, 7188.232910>>
SCRIPT       : [JunkYardDog] -- Adding Fuel Point to <Static_Wreck_HMMWV<8902bd40>> at Pos <<6905.943848, 15.325775, 7188.232910>>
SCRIPT       : [JunkYardDog] -- Adding Salvage Point to <Static_Wreck_HMMWV<89033a20>> at Pos <<6892.719238, 15.342880, 7189.785156>>
SCRIPT       : [JunkYardDog] -- Adding Fuel Point to <Static_Wreck_HMMWV<89033a20>> at Pos <<6892.719238, 15.342880, 7189.785156>>
SCRIPT       : [JunkYardDog] -- Adding Salvage Point to <Static_Wreck_HMMWV<8902c430>> at Pos <<6911.055664, 15.317932, 7181.451172>>
SCRIPT       : [JunkYardDog] -- Adding Fuel Point to <Static_Wreck_HMMWV<8902c430>> at Pos <<6911.055664, 15.317932, 7181.451172>>
SCRIPT       : [JunkYardDog] -- Adding Salvage Point to <Static_Wreck_HMMWV<890312d0>> at Pos <<6922.803223, 15.308257, 7132.579590>>
SCRIPT       : [JunkYardDog] -- Adding Fuel Point to <Static_Wreck_HMMWV<890312d0>> at Pos <<6922.803223, 15.308257, 7132.579590>>
SCRIPT       : [JunkYardDog] -- Adding Salvage Point to <Static_Wreck_HMMWV<8902e490>> at Pos <<6914.969238, 15.308255, 7132.885742>>
SCRIPT       : [JunkYardDog] -- Adding Fuel Point to <Static_Wreck_HMMWV<8902e490>> at Pos <<6914.969238, 15.308255, 7132.885742>>
SCRIPT       : [JunkYardDog] -- Adding Salvage Point to <Static_Wreck_HMMWV<89044fa0>> at Pos <<6888.075684, 15.337683, 7159.935547>>
SCRIPT       : [JunkYardDog] -- Adding Fuel Point to <Static_Wreck_HMMWV<89044fa0>> at Pos <<6888.075684, 15.337683, 7159.935547>>
SCRIPT       : [JunkYardDog] -- Adding Salvage Point to <Static_Wreck_HMMWV<89042f40>> at Pos <<6922.517090, 15.335156, 7148.657227>>
SCRIPT       : [JunkYardDog] -- Adding Fuel Point to <Static_Wreck_HMMWV<89042f40>> at Pos <<6922.517090, 15.335156, 7148.657227>>
SCRIPT       : [JunkYardDog] -- Adding Salvage Point to <Static_Wreck_HMMWV<8903ec30>> at Pos <<6914.924805, 15.335157, 7150.621094>>
SCRIPT       : [JunkYardDog] -- Adding Fuel Point to <Static_Wreck_HMMWV<8903ec30>> at Pos <<6914.924805, 15.335157, 7150.621094>>
SCRIPT       : [AYSA] [AI WAR ZONES] -->  The Fight For Control - Airfield is not active due to zone capping
