---------------------------------------------
Log G:\SteamLibrary\steamapps\common\DayZServer\profiles\script_2025-09-03_09-06-23.log started at 03.09. 09:06:28

SCRIPT       : Registered 364 temporary action enum(s), UAN==364
SCRIPT    (W): @"CBD_LootRoomsSystem/Scripts/3_Game/settings\cbd_lootsystembox.c,69": FIX-ME: Unexpected statement 'ref'
SCRIPT    (W): @"harksbloodplague/VzLGwSjG/ XH0Ah28b/o6rSdzel/﻿﻿/lLzBNtPz/F9S6LDkF/xjV Bvsc.QIFTxCVY,4": FIX-ME: Expected ',' or '}', not a ';'
SCRIPT    (W): @"LIVEN/PvZmoD_Spawn_System/Scripts/3_Game/pvz_ss_3_game\pvz_panel\serverside\pvz_ss_xmlreader_panelserver_verification.c,96": FIX-ME: Unexpected statement 'ref'
SCRIPT    (W): @"LIVEN/PvZmoD_Spawn_System/Scripts/3_Game/pvz_ss_3_game\pvz_panel\serverside\pvz_ss_xmlreader_panelserver_verification.c,123": FIX-ME: Unexpected statement 'ref'
SCRIPT    (W): @"LIVEN/PvZmoD_Spawn_System/Scripts/3_Game/pvz_ss_3_game\pvz_panel\serverside\pvz_ss_xmlreader_panelserver_verification.c,147": FIX-ME: Unexpected statement 'ref'
SCRIPT    (W): @"LIVEN/PvZmoD_Spawn_System/Scripts/3_Game/pvz_ss_3_game\pvz_panel\clientside\pvz_ss_xmlreader_pvzpannel_verification.c,95": FIX-ME: Unexpected statement 'ref'
SCRIPT    (W): @"LIVEN/PvZmoD_Spawn_System/Scripts/3_Game/pvz_ss_3_game\pvz_panel\clientside\pvz_ss_xmlreader_pvzpannel_verification.c,122": FIX-ME: Unexpected statement 'ref'
SCRIPT    (W): @"LIVEN/PvZmoD_Spawn_System/Scripts/3_Game/pvz_ss_3_game\pvz_panel\clientside\pvz_ss_xmlreader_pvzpannel_verification.c,146": FIX-ME: Unexpected statement 'ref'
SCRIPT    (W): @"CodeLock/scripts/3_game/dayzgame.c,13": FIX-ME: Method argument can't be strong reference
SCRIPT    (W): @"GoreZ/3_game/effects\effectparticle\bulletimpactbase\hit_meatbones.c,74": FIX-ME: Overriding function 'BloodSplatGround' but not marked as 'override'
SCRIPT    (W): @"GoreZ/3_game/effects\effectparticle\bulletimpactbase\hit_meatbones.c,109": FIX-ME: Overriding function 'BloodSplatWall' but not marked as 'override'
SCRIPT    (W): @"utopia_airdrop_public_scripts/6 RXTtf0/ IXlSkBBq/4Q fkFB6/﻿/Uzte  eS/RYT4l21X/fThAIJFC.vqONsaTu,9": Possible variable name conflict 'name'
SCRIPT    (W): @"utopia_airdrop_public_scripts/6 RXTtf0/ IXlSkBBq/4Q fkFB6/﻿/Uzte  eS/RYT4l21X/fThAIJFC.vqONsaTu,9": Possible variable name conflict 'dropPosition'
SCRIPT    (W): @"utopia_airdrop_public_scripts/6 RXTtf0/ IXlSkBBq/4Q fkFB6/﻿/Uzte  eS/RYT4l21X/fThAIJFC.vqONsaTu,9": Possible variable name conflict 'radius'
SCRIPT    (W): @"CBD_LootRoomsSystem/Scripts/3_Game/settings\cbd_lootsystemitem.c,8": Possible variable name conflict 'chance'
SCRIPT    (W): @"CBD_LootRoomsSystem/Scripts/3_Game/settings\cbd_lootsystemitem.c,8": Possible variable name conflict 'className'
SCRIPT    (W): @"CBD_LootRoomsSystem/Scripts/3_Game/settings\cbd_lootsystemitem.c,8": Possible variable name conflict 'quantity'
SCRIPT    (W): @"CBD_LootRoomsSystem/Scripts/3_Game/settings\cbd_lootsystemitem.c,16": Possible variable name conflict 'quantity'
SCRIPT    (W): @"CBD_LootRoomsSystem/Scripts/3_Game/logging\cbd_loggingcfreg.c,159": Possible variable name conflict 'fileHandle'
SCRIPT       : Registering faction type eAIFactionShamans ID -1484989417
SCRIPT       : Registering faction type eAIFactionObservers ID -563736721
SCRIPT       : Registering faction type eAIFactionInvincibleObservers ID -1227299746
SCRIPT       : Registering faction type eAIFactionRaiders ID 1535276022
SCRIPT       : Registering faction type eAIFactionYeetBrigade ID 1408543989
SCRIPT       : Registering faction type eAIFactionWest ID 113880155
SCRIPT       : Registering faction type eAIFactionInvincibleYeetBrigade ID -1118767876
SCRIPT       : Registering faction type eAIFactionEast ID 90522109
SCRIPT       : Registering faction type eAIFactionGuards ID 963933710
SCRIPT       : Registering faction type eAIFactionMercenaries ID 1629891834
SCRIPT       : Registering faction type eAIFactionBrawlers ID 1955753718
SCRIPT       : Registering faction type eAIFactionCivilian ID 1096178351
SCRIPT       : Registering faction type eAIFactionPassive ID -1159399789
SCRIPT       : Registering faction type eAIFactionInvincibleGuards ID 782746017
SCRIPT       : ... Backlit Effects Enabled
SCRIPT       : VPPNotificationManager()
SCRIPT       : [VPPAT] Internal VPPNotifications module loaded!
SCRIPT       : [DayZ Game]:: DayZGame(): Initializing V++ Admin Tools.
SCRIPT       : 09:06:32.000 [EXPANSION LOG]: DayZGame<d94536a0> Start time (local time) 2025-09-03 09:05:47
SCRIPT       : 09:06:32.000 [EXPANSION LOG]: DayZGame<d94536a0> Start time (UTC) 2025-09-03 01:05:47
SCRIPT       : 09:06:32.000 [EXPANSION LOG]: DayZGame<d94536a0> Runtime since start (seconds) 45.545
SCRIPT    (W): @"DayZNoBuildZones/Scripts/4_World/nobuildzonessettings.c,34": FIX-ME: Unexpected statement 'ref'
SCRIPT    (W): @"DayZNoBuildZones/Scripts/4_World/nobuildzonessettings.c,35": FIX-ME: Unexpected statement 'ref'
SCRIPT    (W): @"DayZNoBuildZones/Scripts/4_World/nobuildzonessettings.c,69": Missing ';' at the end of line
SCRIPT    (W): @"DayZNoBuildZones/Scripts/4_World/nobuildzonessettings.c,114": FIX-ME: Unexpected statement 'ref'
SCRIPT    (W): @"JunkYardDogV4/scripts/4_World/actionfillatcar.c,125": FIX-ME: Unmatched brackets detected!
SCRIPT    (W): @"JunkYardDogV4/scripts/4_World/actionfillatcar.c,139": Missing ';' at the end of line
SCRIPT    (W): @"JunkYardDogV4/scripts/4_World/actionfillatcar.c,144": Missing ';' at the end of line
SCRIPT    (W): @"Weapons/Scripts/4_World/itembase\jmc_prototype_optic.c,3": Missing ';' at the end of line
SCRIPT    (W): @"ZenTerritories/scripts/4_World/territoryflag.c,4": FIX-ME: Unexpected statement 'ref'
SCRIPT    (W): @"bl_crafting_ex\scripts\4_World/classes\action\actionfillfueltincanlamp.c,71": condition with no body?
SCRIPT    (W): @"AIWarZones/scripts/4_World/smokeeffect.c,1": Forward declarations are deprecated!
SCRIPT    (W): @"ServerConfig_GS/scripts/4_World/actionbase.c,115": Possible variable name conflict 'z_CreateNewConfig_GS'
SCRIPT    (W): @"ServerConfig_GS/scripts/4_World/actionbase.c,115": Possible variable name conflict 'z_EnableDebugLogs_GS'
SCRIPT    (W): @"ServerConfig_GS/scripts/4_World/actionbase.c,115": Possible variable name conflict 'z_EnableDebugModsLogs_GS'
SCRIPT    (W): @"ServerConfig_JD/scripts/4_World/actionbase.c,132": Possible variable name conflict 'z_CreateNewConfig_JD'
SCRIPT    (W): @"ServerConfig_JD/scripts/4_World/actionbase.c,132": Possible variable name conflict 'z_EnableDebugLogs_JD'
SCRIPT    (W): @"ServerConfig_JD/scripts/4_World/actionbase.c,132": Possible variable name conflict 'z_EnableDebugModsLogs_JD'
SCRIPT    (W): @"ServerConfig_JD/scripts/4_World/actionbase.c,132": Possible variable name conflict 'z_EnableFuelPumps_JD'
SCRIPT    (W): @"ServerConfig_JD/scripts/4_World/actionbase.c,537": FIX-ME: Overriding function 'z_GetDate' but not marked as 'override'
SCRIPT    (W): @"ServerConfig_JD/scripts/4_World/actionbase.c,544": FIX-ME: Overriding function 'z_GetTime' but not marked as 'override'
SCRIPT    (W): @"GoreZ/4_world/entities\manbase\playerbase.c,11": FIX-ME: Overriding function 'CheckDeath' but not marked as 'override'
SCRIPT    (W): @"WindstrideClothing/scripts/4_World/playerbase.c,48": FIX-ME: Overriding function 'ChangeHoodCheck' but not marked as 'override'
SCRIPT    (W): @"GoreZ/4_world/classes\bleedingsources\bleedingsource.c,56": FIX-ME: Overriding function 'GetBit' but not marked as 'override'
SCRIPT    (W): @"GoreZ/4_world/classes\bleedingsources\bleedingsource.c,157": FIX-ME: Overriding function 'DrawDebugShape' but not marked as 'override'
SCRIPT    (W): @"CodeLock/scripts/4_world/entities\codelock.c,308": FIX-ME: Method argument can't be strong reference
SCRIPT    (W): @"GoreZ/4_world/entities\infected\zombiebase.c,27": FIX-ME: Overriding function 'IsAlive' but not marked as 'override'
SCRIPT    (W): @"JunkYardDogV4/scripts/4_World/junkyardscriptclass.c,744": FIX-ME: Overriding function 'IsHealthVisible' but not marked as 'override'
SCRIPT    (W): @"JunkYardDogV4/scripts/4_World/junkyardscriptclass.c,752": FIX-ME: Overriding function 'IsInventoryItem' but not marked as 'override'
SCRIPT    (W): @"JunkYardDogV4/scripts/4_World/junkyardscriptclass.c,762": FIX-ME: Overloaded method 'CanPutIntoHands', argument name 'player' differs from prototype 'parent'
SCRIPT    (W): @"kamaz_4310RUS\scripts\4_World/carscript_kamaz_4310rus_cabinmanipulte.c,8": FIX-ME: Overriding function 'IsCabinCanManipulate' but not marked as 'override'
SCRIPT    (W): @"kamaz_4310RUS\scripts\4_World/carscript_kamaz_4310rus_cabinmanipulte.c,13": FIX-ME: Overriding function 'GetCabinAnimationSource' but not marked as 'override'
SCRIPT    (W): @"kamaz_4310RUS\scripts\4_World/carscript_kamaz_4310rus_cabinmanipulte.c,18": FIX-ME: Overriding function 'IsCabinRised' but not marked as 'override'
SCRIPT    (W): @"kamaz_4310RUS\scripts\4_World/carscript_kamaz_4310rus_cabinmanipulte.c,23": FIX-ME: Overriding function 'IsPassengersInCabin' but not marked as 'override'
SCRIPT    (W): @"tractor_UMZ_RUS\scripts\4_World/carscript.c,4": FIX-ME: Overriding function 'HandleDoorsSound' but not marked as 'override'
SCRIPT    (W): @"JunkYardDogV4/scripts/4_World/junkyardscriptclass.c,231": FIX-ME: Overriding function 'IsItemBase' but not marked as 'override'
SCRIPT    (W): @"JunkYardDogV4/scripts/4_World/junkyardscriptclass.c,246": FIX-ME: Overriding function 'IsHologram' but not marked as 'override'
SCRIPT    (W): @"JunkYardDogV4/scripts/4_World/junkyardscriptclass.c,280": FIX-ME: Overriding function 'Get_StaticReturnItem' but not marked as 'override'
SCRIPT    (W): @"JunkYardDogV4/scripts/4_World/junkyardscriptclass.c,320": FIX-ME: Overriding function 'IsItemBase' but not marked as 'override'
SCRIPT    (W): @"JunkYardDogV4/scripts/4_World/junkyardscriptclass.c,335": FIX-ME: Overriding function 'IsHologram' but not marked as 'override'
SCRIPT    (W): @"JunkYardDogV4/scripts/4_World/junkyardscriptclass.c,368": FIX-ME: Overriding function 'Get_StaticReturnItem' but not marked as 'override'
SCRIPT    (W): @"JunkYardDogV4/scripts/4_World/junkyardscriptclass.c,528": FIX-ME: Overriding function 'Get_StaticReturnItem' but not marked as 'override'
SCRIPT    (W): @"utopia_airdrop_public_scripts/ OMjL0c / Vulq AJh/vWVsD  Q/﻿﻿﻿﻿/Ulf up0k/dNVYiBV8/oRiMxNgM.OT IFyXY,14": Possible variable name conflict 'airdropContainer'
SCRIPT    (W): @"utopia_airdrop_public_scripts/ OMjL0c / Vulq AJh/vWVsD  Q/﻿﻿﻿﻿/Ulf up0k/dNVYiBV8/oRiMxNgM.OT IFyXY,14": Possible variable name conflict 'markerId'
SCRIPT    (W): @"kamaz_4310RUS\scripts\4_World/static\miscgameplayfunctions.c,6": FIX-ME: Overriding function 'IsInsideCar' but not marked as 'override'
SCRIPT    (W): @"GarbageSearch/Scripts/4_World/garbagescriptclass.c,339": FIX-ME: Overriding function 'IsHealthVisible' but not marked as 'override'
SCRIPT    (W): @"GarbageSearch/Scripts/4_World/garbagescriptclass.c,347": FIX-ME: Overriding function 'IsInventoryItem' but not marked as 'override'
SCRIPT    (W): @"GarbageSearch/Scripts/4_World/garbagescriptclass.c,357": FIX-ME: Overloaded method 'CanPutIntoHands', argument name 'player' differs from prototype 'parent'
SCRIPT    (W): @"JunkYardDogV4/scripts/4_World/junkyardscriptclass.c,683": FIX-ME: Overriding function 'IsHealthVisible' but not marked as 'override'
SCRIPT    (W): @"JunkYardDogV4/scripts/4_World/junkyardscriptclass.c,691": FIX-ME: Overriding function 'IsInventoryItem' but not marked as 'override'
SCRIPT    (W): @"JunkYardDogV4/scripts/4_World/junkyardscriptclass.c,701": FIX-ME: Overloaded method 'CanPutIntoHands', argument name 'player' differs from prototype 'parent'
SCRIPT    (W): @"GarbageSearch/Scripts/4_World/garbagescriptclass.c,157": FIX-ME: Overriding function 'Get_StaticReturnItem' but not marked as 'override'
SCRIPT    (W): @"JunkYardDogV4/scripts/4_World/junkyardscriptclass.c,480": FIX-ME: Overriding function 'Get_StaticReturnItem' but not marked as 'override'
SCRIPT    (W): @"GarbageSearch/Scripts/4_World/garbagescriptclass.c,40": FIX-ME: Overriding function 'Get_StaticReturnItem' but not marked as 'override'
SCRIPT    (W): @"GarbageSearch/Scripts/4_World/garbagescriptclass.c,202": FIX-ME: Overriding function 'Get_StaticReturnItem' but not marked as 'override'
SCRIPT    (W): @"areaofdecay/dz_yanova_scripts/Scripts/4_World/fireplacebase\y_cookingpot.c,207": FIX-ME: Overloaded method 'CanRemoveFromHands', argument name 'player' differs from prototype 'parent'
SCRIPT    (W): @"areaofdecay/dz_yanova_scripts/Scripts/4_World/fireplacebase\y_cookingpot.c,257": FIX-ME: Overloaded method 'OnIgnitedTarget', argument name 'ignited_item' differs from prototype 'target_item'
SCRIPT    (W): @"JunkYardDogV4/scripts/4_World/junkyardscriptclass.c,508": FIX-ME: Overriding function 'Get_StaticReturnItem' but not marked as 'override'
SCRIPT    (W): @"CodeLock/scripts/4_world/pluginmanager\pluginbase\permissions\codelockpermissionmanager.c,46": FIX-ME: Method argument can't be strong reference
SCRIPT    (W): @"PVEZ/4_World/pvez_adminconsolegui.c,760": Possible variable name conflict 'selectedZone'
SCRIPT    (W): @"PVEZ/4_World/pvez_adminconsolegui.c,825": Possible variable name conflict 'selectedLawbreaker'
SCRIPT    (W): @"GarbageSearch/Scripts/4_World/garbagescriptclass.c,63": FIX-ME: Overriding function 'Get_StaticReturnItem' but not marked as 'override'
SCRIPT    (W): @"harksbloodplague/52dd pel/ 3gNP7Jlz/H5 ZtDem/﻿﻿﻿﻿/1ryCtG6A/e eAmJmt/X4cai9VJ.y iMKmui,60": FIX-ME: Overriding function 'OnInit' but not marked as 'override'
SCRIPT    (W): @"harksbloodplague/52dd pel/ 3gNP7Jlz/H5 ZtDem/﻿﻿﻿﻿/1ryCtG6A/e eAmJmt/X4cai9VJ.y iMKmui,339": FIX-ME: Overloaded method 'CanReleaseCargo', argument name 'attachment' differs from prototype 'cargo'
SCRIPT    (W): @"utopia_patrol_helicopter_scripts/L4SbwPx4/ SuWu1KU /dntQGuBG/﻿﻿/L2ekv8u6/zZczjFyV/em9tiEfZ.x zUJN  ,101": FIX-ME: Overloading event 'EOnInit' is not allowed
SCRIPT    (W): @"utopia_airdrop_public_scripts/I 3HiTlD/ MfbWK G / jpFyQ2O/﻿/9lZgbYgI/jMDouLM1/D6mjYABq.IN SOiX ,54": FIX-ME: Overloading event 'EOnInit' is not allowed
SCRIPT    (W): @"JunkYardDogV4/scripts/4_World/junkyardscriptclass.c,460": FIX-ME: Overriding function 'Get_StaticReturnItem' but not marked as 'override'
SCRIPT    (W): @"GarbageSearch/Scripts/4_World/garbagescriptclass.c,218": FIX-ME: Overriding function 'Get_StaticReturnItem' but not marked as 'override'
SCRIPT    (W): @"GarbageSearch/Scripts/4_World/garbagescriptclass.c,289": FIX-ME: Overriding function 'Get_StaticReturnItem' but not marked as 'override'
SCRIPT    (W): @"utopia_patrol_helicopter_scripts/L4SbwPx4/ SuWu1KU /dntQGuBG/﻿﻿/L2ekv8u6/zZczjFyV/em9tiEfZ.x zUJN  ,33": FIX-ME: Overloading event 'EOnInit' is not allowed
SCRIPT    (W): @"GarbageSearch/Scripts/4_World/garbagescriptclass.c,150": FIX-ME: Overriding function 'Get_StaticReturnItem' but not marked as 'override'
SCRIPT    (W): @"JunkYardDogV4/scripts/4_World/actionfillatwreck.c,57": FIX-ME: Overriding function 'GetText' but not marked as 'override'
SCRIPT    (W): @"GarbageSearch/Scripts/4_World/garbagescriptclass.c,232": FIX-ME: Overriding function 'Get_StaticReturnItem' but not marked as 'override'
SCRIPT    (W): @"GarbageSearch/Scripts/4_World/garbagescriptclass.c,239": FIX-ME: Overriding function 'Get_StaticReturnItem' but not marked as 'override'
SCRIPT    (W): @"CBD_LootRoomsSystem/Scripts/4_World/enities\cbd_lootcrates.c,199": FIX-ME: Overloaded method 'CanReleaseCargo', argument name 'attachment' differs from prototype 'cargo'
SCRIPT    (W): @"GarbageSearch/Scripts/4_World/garbagescriptclass.c,246": FIX-ME: Overriding function 'Get_StaticReturnItem' but not marked as 'override'
SCRIPT    (W): @"GarbageSearch/Scripts/4_World/garbagescriptclass.c,253": FIX-ME: Overriding function 'Get_StaticReturnItem' but not marked as 'override'
SCRIPT    (W): @"GarbageSearch/Scripts/4_World/garbagescriptclass.c,260": FIX-ME: Overriding function 'Get_StaticReturnItem' but not marked as 'override'
SCRIPT    (W): @"GarbageSearch/Scripts/4_World/garbagescriptclass.c,267": FIX-ME: Overriding function 'Get_StaticReturnItem' but not marked as 'override'
SCRIPT    (W): @"GarbageSearch/Scripts/4_World/garbagescriptclass.c,274": FIX-ME: Overriding function 'Get_StaticReturnItem' but not marked as 'override'
SCRIPT    (W): @"GarbageSearch/Scripts/4_World/garbagescriptclass.c,281": FIX-ME: Overriding function 'Get_StaticReturnItem' but not marked as 'override'
SCRIPT    (W): @"GarbageSearch/Scripts/4_World/garbagescriptclass.c,310": FIX-ME: Overriding function 'Get_StaticReturnItem' but not marked as 'override'
SCRIPT    (W): @"GarbageSearch/Scripts/4_World/garbagescriptclass.c,317": FIX-ME: Overriding function 'Get_StaticReturnItem' but not marked as 'override'
SCRIPT    (W): @"JunkYardDogV4/scripts/4_World/junkyardscriptclass.c,416": FIX-ME: Overriding function 'Get_StaticReturnItem' but not marked as 'override'
SCRIPT    (W): @"GarbageSearch/Scripts/4_World/garbagescriptclass.c,195": FIX-ME: Overriding function 'Get_StaticReturnItem' but not marked as 'override'
SCRIPT    (W): @"GarbageSearch/Scripts/4_World/garbagescriptclass.c,225": FIX-ME: Overriding function 'Get_StaticReturnItem' but not marked as 'override'
SCRIPT    (W): @"CodeLock/scripts/4_world/gui\setcodemenu.c,31": FIX-ME: Overriding function 'CheckState' but not marked as 'override'
SCRIPT    (W): @"GarbageSearch/Scripts/4_World/garbagescriptclass.c,56": FIX-ME: Overriding function 'Get_StaticReturnItem' but not marked as 'override'
SCRIPT    (W): @"GarbageSearch/Scripts/4_World/garbagescriptclass.c,86": FIX-ME: Overriding function 'Get_StaticReturnItem' but not marked as 'override'
SCRIPT    (W): @"JunkYardDogV4/scripts/4_World/junkyardscriptclass.c,494": FIX-ME: Overriding function 'Get_StaticReturnItem' but not marked as 'override'
SCRIPT    (W): @"JunkYardDogV4/scripts/4_World/junkyardscriptclass.c,501": FIX-ME: Overriding function 'Get_StaticReturnItem' but not marked as 'override'
SCRIPT    (W): @"JunkYardDogV4/scripts/4_World/junkyardscriptclass.c,487": FIX-ME: Overriding function 'Get_StaticReturnItem' but not marked as 'override'
SCRIPT    (W): @"JunkYardDogV4/scripts/4_World/actionsalvagewreck.c,32": FIX-ME: Overriding function 'GetText' but not marked as 'override'
SCRIPT    (W): @"GarbageSearch/Scripts/4_World/garbagescriptclass.c,188": FIX-ME: Overriding function 'Get_StaticReturnItem' but not marked as 'override'
SCRIPT    (W): @"utopia_airdrop_public_scripts/I 3HiTlD/ MfbWK G / jpFyQ2O/﻿/9lZgbYgI/jMDouLM1/D6mjYABq.IN SOiX ,199": FIX-ME: Overloaded method 'CanReleaseCargo', argument name 'attachment' differs from prototype 'cargo'
SCRIPT    (W): @"GarbageSearch/Scripts/4_World/garbagescriptclass.c,79": FIX-ME: Overriding function 'Get_StaticReturnItem' but not marked as 'override'
SCRIPT    (W): @"CBD_LootRoomsSystem/Scripts/4_World/enities\cbd_vehilceparts.c,6": FIX-ME: Method argument can't be strong reference
SCRIPT    (W): @"GarbageSearch/Scripts/4_World/garbagescriptclass.c,93": FIX-ME: Overriding function 'Get_StaticReturnItem' but not marked as 'override'
SCRIPT    (W): @"GarbageSearch/Scripts/4_World/garbagescriptclass.c,100": FIX-ME: Overriding function 'Get_StaticReturnItem' but not marked as 'override'
SCRIPT    (W): @"JunkYardDogV4/scripts/4_World/junkyardscriptclass.c,439": FIX-ME: Overriding function 'Get_StaticReturnItem' but not marked as 'override'
SCRIPT    (W): @"CodeLock/scripts/4_world/gui\guestcodemenu.c,29": FIX-ME: Overriding function 'SendRPC' but not marked as 'override'
SCRIPT    (W): @"GarbageSearch/Scripts/4_World/garbagescriptclass.c,107": FIX-ME: Overriding function 'Get_StaticReturnItem' but not marked as 'override'
SCRIPT    (W): @"GarbageSearch/Scripts/4_World/garbagescriptclass.c,114": FIX-ME: Overriding function 'Get_StaticReturnItem' but not marked as 'override'
SCRIPT    (W): @"GarbageSearch/Scripts/4_World/garbagescriptclass.c,121": FIX-ME: Overriding function 'Get_StaticReturnItem' but not marked as 'override'
SCRIPT    (W): @"GarbageSearch/Scripts/4_World/garbagescriptclass.c,128": FIX-ME: Overriding function 'Get_StaticReturnItem' but not marked as 'override'
SCRIPT    (W): @"GarbageSearch/Scripts/4_World/garbagescriptclass.c,135": FIX-ME: Overriding function 'Get_StaticReturnItem' but not marked as 'override'
SCRIPT    (W): @"GarbageSearch/Scripts/4_World/garbagescriptclass.c,142": FIX-ME: Overriding function 'Get_StaticReturnItem' but not marked as 'override'
SCRIPT    (W): @"GarbageSearch/Scripts/4_World/garbagescriptclass.c,171": FIX-ME: Overriding function 'Get_StaticReturnItem' but not marked as 'override'
SCRIPT    (W): @"GarbageSearch/Scripts/4_World/garbagescriptclass.c,178": FIX-ME: Overriding function 'Get_StaticReturnItem' but not marked as 'override'
SCRIPT    (W): @"GarbageSearch/Scripts/4_World/garbagescriptclass.c,296": FIX-ME: Overriding function 'Get_StaticReturnItem' but not marked as 'override'
SCRIPT    (W): @"utopia_airdrop_public_scripts/UgJtaEzu/ pFywvHnE/hNJFLJqF/﻿﻿﻿﻿/tru  jfB/UUjm1VTb/HJ wVsOi.KNgPaySC,42": FIX-ME: Overloaded method 'EOnSimulate', argument name 'owner' differs from prototype 'other'
SCRIPT    (W): @"utopia_patrol_helicopter_scripts/L4SbwPx4/ SuWu1KU /dntQGuBG/﻿﻿/L2ekv8u6/zZczjFyV/em9tiEfZ.x zUJN  ,166": FIX-ME: Overloading event 'EOnInit' is not allowed
SCRIPT    (W): @"HP_Crafter/scripts/4_World/entities\itembase\hp_crafter.c,15": FIX-ME: Overriding function 'SetActions' but not marked as 'override'
SCRIPT    (W): @"CodeLock/scripts/4_world/gui\claimcodemenu.c,27": FIX-ME: Overriding function 'SendRPC' but not marked as 'override'
SCRIPT    (W): @"CBD_LootRoomsSystem/Scripts/4_World/enities\cbd_missionlaptop.c,142": FIX-ME: Overloaded method 'CanReleaseCargo', argument name 'attachment' differs from prototype 'cargo'
SCRIPT    (W): @"CodeLock/scripts/4_world/gui\entercodemenu.c,37": FIX-ME: Overriding function 'SendRPC' but not marked as 'override'
SCRIPT    (W): @"GarbageSearch/Scripts/4_World/garbagescriptclass.c,49": FIX-ME: Overriding function 'Get_StaticReturnItem' but not marked as 'override'
SCRIPT    (W): @"GarbageSearch/Scripts/4_World/garbagescriptclass.c,210": FIX-ME: Overriding function 'Get_StaticReturnItem' but not marked as 'override'
SCRIPT    (W): @"GarbageSearch/Scripts/4_World/garbagescriptclass.c,303": FIX-ME: Overriding function 'Get_StaticReturnItem' but not marked as 'override'
SCRIPT    (W): @"HP_Crafter/scripts/4_World/craftmanager\hud\crafthud.c,312": FIX-ME: Overriding function 'OnMouseEnter' but not marked as 'override'
SCRIPT    (W): @"JunkYardDogV4/scripts/4_World/junkyardscriptclass.c,396": FIX-ME: Overriding function 'Get_StaticReturnItem' but not marked as 'override'
SCRIPT    (W): @"JunkYardDogV4/scripts/4_World/junkyardscriptclass.c,377": FIX-ME: Overriding function 'Get_StaticReturnItem' but not marked as 'override'
SCRIPT    (W): @"GarbageSearch/Scripts/4_World/garbagescriptclass.c,71": FIX-ME: Overriding function 'Get_StaticReturnItem' but not marked as 'override'
SCRIPT    (W): @"GarbageSearch/Scripts/4_World/garbagescriptclass.c,164": FIX-ME: Overriding function 'Get_StaticReturnItem' but not marked as 'override'
SCRIPT    (W): @"CBD_LootRoomsSystem/Scripts/4_World/modules\cbd_cfmodule.c,142": Possible variable name conflict 'settings'
SCRIPT    (W): @"CBD_LootRoomsSystem/Scripts/4_World/modules\cbd_cfmodule.c,397": Possible variable name conflict 'settings'
SCRIPT    (W): @"CBD_LootRoomsSystem/Scripts/4_World/modules\cbd_cfmodule.c,981": No need to use 'Cast' for up-casting
SCRIPT    (W): @"CodeLock/scripts/4_world/actions\continuous\actiondestroycodelockontent.c,73": Possible variable name conflict '_Health'
SCRIPT    (W): @"CodeLock/scripts/4_world/actions\continuous\actiondestroycodelockonfence.c,67": Possible variable name conflict '_Health'
SCRIPT    (W): @"GarbageSearch/Scripts/4_World/actionsearchgarbage.c,151": No need to use 'Cast' for up-casting
SCRIPT    (W): @"GarbageSearch/Scripts/4_World/actionsearchgarbage.c,157": No need to use 'Cast' for up-casting
SCRIPT    (W): @"GarbageSearch/Scripts/4_World/actionsearchgarbage.c,211": No need to use 'Cast' for up-casting
SCRIPT    (W): @"HelziMagazineLoading_SERVER/Scripts/4_World/classes\utils.c,103": FIX-ME: Unsafe down-casting, use 'Magazine.Cast' for safe down-casting
SCRIPT    (W): @"HelziMagazineLoading_SERVER/Scripts/4_World/classes\utils.c,162": FIX-ME: Unsafe down-casting, use 'Magazine.Cast' for safe down-casting
SCRIPT    (W): @"HelziMagazineLoading_SERVER/Scripts/4_World/classes\utils.c,221": FIX-ME: Unsafe down-casting, use 'Magazine.Cast' for safe down-casting
SCRIPT    (W): @"HelziMagazineLoading_SERVER/Scripts/4_World/classes\ammobox.c,286": FIX-ME: Unsafe down-casting, use 'Magazine.Cast' for safe down-casting
SCRIPT    (W): @"HelziMagazineLoading_SERVER/Scripts/4_World/classes\ammobox.c,317": FIX-ME: Unsafe down-casting, use 'Magazine.Cast' for safe down-casting
SCRIPT    (W): @"HelziMagazineLoading_SERVER/Scripts/4_World/classes\ammobox.c,348": FIX-ME: Unsafe down-casting, use 'Magazine.Cast' for safe down-casting
SCRIPT    (W): @"InediaInfectedAI/scripts/4_World/inediainfectedai\entities\creatures\infected\zombiebase.c,3251": Possible variable name conflict 'm_BloodParticle'
SCRIPT    (W): @"JunkYardDogV4/scripts/4_World/actionsalvagewreck.c,180": No need to use 'Cast' for up-casting
SCRIPT    (W): @"JunkYardDogV4/scripts/4_World/actionsalvagewreck.c,299": No need to use 'Cast' for up-casting
SCRIPT    (W): @"utopia_airdrop_public_scripts/mh8jqwQE/ txnttozb/8MLc 08D/﻿/4bShEm11/MCxoYfFh/ gX02g8o.mWgGs Bd,112": FIX-ME: Unsafe down-casting, use 'ItemBase.Cast' for safe down-casting
SCRIPT    (W): @"Weapons/Scripts/4_World/itembase\jmc_prototype_optic.c,76": FIX-ME: Unsafe down-casting, use 'PlayerBase.Cast' for safe down-casting
SCRIPT    (W): @"HP_Crafter/scripts/4_World/craftmanager\hud\oneitemforctaft.c,22": FIX-ME: Unsafe down-casting, use 'EntityAI.Cast' for safe down-casting
SCRIPT    (W): @"HP_Crafter/scripts/4_World/craftmanager\hud\crafthud.c,454": FIX-ME: Undefined function 'DayZGame.GetMousePos'
SCRIPT    (W): @"KnockKnockZombies/scripts/4_World/player.c,66": FIX-ME: Unsafe down-casting, use 'PlayerBase.Cast' for safe down-casting
SCRIPT    (W): @"KnockKnockZombies/scripts/4_World/player.c,70": FIX-ME: Unsafe down-casting, use 'PlayerBase.Cast' for safe down-casting
SCRIPT    (W): @"KnockKnockZombies/scripts/4_World/player.c,74": FIX-ME: Unsafe down-casting, use 'PlayerBase.Cast' for safe down-casting
SCRIPT       : [HeliCrashNewConfig] config found, loading...
SCRIPT       : Registering faction type eAIFactionLunatics ID 1167351711
SCRIPT       : Registering faction type eAIFactionInfected ID 1371958374
SCRIPT    (W): @"ZenUtilities/scripts/5_mission/missionserver.c,15": FIX-ME: Overriding function 'InvokeOnDisconnect' but not marked as 'override'
SCRIPT    (W): @"ammoPackingunpackingmod\Scripts\5_Mission/mg&msclass.c,51": FIX-ME: Method argument can't be strong reference
SCRIPT    (W): @"ammoPackingunpackingmod\Scripts\5_Mission/mg&msclass.c,51": FIX-ME: Method argument can't be strong reference
SCRIPT    (W): @"ammoPackingunpackingmod\Scripts\5_Mission/mg&msclass.c,51": FIX-ME: Method argument can't be strong reference
SCRIPT    (W): @"ammoPackingunpackingmod\Scripts\5_Mission/mg&msclass.c,59": FIX-ME: Method argument can't be strong reference
SCRIPT    (W): @"ammoPackingunpackingmod\Scripts\5_Mission/mg&msclass.c,59": FIX-ME: Method argument can't be strong reference
SCRIPT    (W): @"ammoPackingunpackingmod\Scripts\5_Mission/mg&msclass.c,59": FIX-ME: Method argument can't be strong reference
SCRIPT    (W): @"ammoPackingunpackingmod\Scripts\5_Mission/mg&msclass.c,67": FIX-ME: Method argument can't be strong reference
SCRIPT    (W): @"ammoPackingunpackingmod\Scripts\5_Mission/mg&msclass.c,67": FIX-ME: Method argument can't be strong reference
SCRIPT    (W): @"ammoPackingunpackingmod\Scripts\5_Mission/mg&msclass.c,67": FIX-ME: Method argument can't be strong reference
SCRIPT    (W): @"HP_Crafter/scripts/5_Mission/mission\missionserver.c,3": FIX-ME: Overriding function 'InvokeOnConnect' but not marked as 'override'
SCRIPT    (W): @"bl_crafting_ex\scripts\5_Mission/missionserver.c,14": FIX-ME: Method argument can't be strong reference
SCRIPT    (W): @"bl_crafting_ex\scripts\5_Mission/missionserver.c,14": FIX-ME: Method argument can't be strong reference
SCRIPT    (W): @"bl_crafting_ex\scripts\5_Mission/missionserver.c,14": FIX-ME: Method argument can't be strong reference
SCRIPT    (W): @"ammoPackingunpackingmod\Scripts\5_Mission/mg&msclass.c,16": FIX-ME: Method argument can't be strong reference
SCRIPT    (W): @"ammoPackingunpackingmod\Scripts\5_Mission/mg&msclass.c,16": FIX-ME: Method argument can't be strong reference
SCRIPT    (W): @"ammoPackingunpackingmod\Scripts\5_Mission/mg&msclass.c,16": FIX-ME: Method argument can't be strong reference
SCRIPT    (W): @"ammoPackingunpackingmod\Scripts\5_Mission/mg&msclass.c,22": FIX-ME: Method argument can't be strong reference
SCRIPT    (W): @"ammoPackingunpackingmod\Scripts\5_Mission/mg&msclass.c,22": FIX-ME: Method argument can't be strong reference
SCRIPT    (W): @"ammoPackingunpackingmod\Scripts\5_Mission/mg&msclass.c,22": FIX-ME: Method argument can't be strong reference
SCRIPT    (W): @"ammoPackingunpackingmod\Scripts\5_Mission/mg&msclass.c,28": FIX-ME: Method argument can't be strong reference
SCRIPT    (W): @"ammoPackingunpackingmod\Scripts\5_Mission/mg&msclass.c,28": FIX-ME: Method argument can't be strong reference
SCRIPT    (W): @"ammoPackingunpackingmod\Scripts\5_Mission/mg&msclass.c,28": FIX-ME: Method argument can't be strong reference
SCRIPT    (W): @"bl_crafting_ex\scripts\5_Mission/missiongameplay.c,15": FIX-ME: Method argument can't be strong reference
SCRIPT    (W): @"bl_crafting_ex\scripts\5_Mission/missiongameplay.c,15": FIX-ME: Method argument can't be strong reference
SCRIPT    (W): @"bl_crafting_ex\scripts\5_Mission/missiongameplay.c,15": FIX-ME: Method argument can't be strong reference
SCRIPT    (W): @"SearchInventory/Scripts/5_Mission/uihelper\ui\uisearchinventorywindow.c,338": FIX-ME: Undefined function 'DayZGame.GetMousePos'
SCRIPT       : 09:07:10.259 [EXPANSION DEBUG]: [ExpansionDebugSettings] Load existing setting file:$profile:ExpansionMod\Settings\DebugSettings.json
SCRIPT       : 09:07:10.260 [EXPANSION DEBUG]: [ExpansionLogSettings] Load existing setting file:$profile:ExpansionMod\Settings\LogsSettings.json
SCRIPT       : 09:07:10.439 [EXPANSION DEBUG]: [ExpansionNotificationSettings] Load existing setting file:$profile:ExpansionMod\Settings\NotificationSettings.json
SCRIPT       : 09:07:10.455 [EXPANSION DEBUG]: [ExpansionMonitoringSettings] Load existing setting file:$profile:ExpansionMod\Settings\MonitoringSettings.json
SCRIPT       : 09:07:10.456 [EXPANSION DEBUG]: [ExpansionDamageSystemSettings] Load existing setting file:$profile:ExpansionMod\Settings\DamageSystemSettings.json
SCRIPT       : 09:07:10.457 [EXPANSION DEBUG]: ExpansionAILocationSettings<76c388c0> Load existing setting file:$mission:expansion\settings\AILocationSettings.json
SCRIPT       : 09:07:10.476 [EXPANSION DEBUG]: [ExpansionAISettings] Load existing setting file:$profile:ExpansionMod\Settings\AISettings.json
SCRIPT       : 09:07:10.478 [EXPANSION DEBUG]: [ExpansionAIPatrolSettings] Load existing setting file:$mission:expansion\settings\AIPatrolSettings.json
SCRIPT       : [HelziMagazineLoading | CLIENT MOD] - Version client mod: 1.26 (Stable)...
SCRIPT       : [HelziMagazineLoading | CLIENT MOD] - The client started looking for the server part of the mod!
SCRIPT       : [HelziMagazineLoading | SERVER MOD] - Version server mod: 1.26 (Stable)...
SCRIPT       : [HelziMagazineLoading | SERVER MOD] - The client part has been found, the mod is in stable operation!
SCRIPT       : Vanilla++ AdminTools Plugins Registering..
SCRIPT       : [TERJE CORE](INFO): Loaded 12 settings from the Core.cfg
SCRIPT       : [TERJE CORE](INFO): Loaded 290 settings from the Medicine.cfg
SCRIPT       : [TERJE CORE](INFO): Loaded 185 settings from the Skills.cfg
SCRIPT       : [TERJE CORE](INFO): Loaded 53 settings from the StartScreen.cfg
SCRIPT       : [TERJE CORE](INFO): Registered 5 custom recipes.
SCRIPT       : [WebHooksManager] Loading Saved Webhooks configuration
SCRIPT       : Spawning Building [Land_Misc_FireBarrel_Yellow-540057617]
SCRIPT       : Expansion version: 1.9.38
SCRIPT       : [#CBD_LootSystem] Has Loaded successfully!
SCRIPT       : [DefineTest] EXPANSIONMODAI is defined
SCRIPT       : [DefineTest] EXPANSIONMODCORE is defined
SCRIPT       : [DefineTest] CfgMods:
SCRIPT       : defaultAction
SCRIPT       : DayZ
SCRIPT       : AM_Define
SCRIPT       : DZ_Expansion_AI_Preload
SCRIPT       : DZ_Expansion_Core_Preload
SCRIPT       : DZ_Expansion_ModStorage_Preload
SCRIPT       : AimSounds
SCRIPT       : ExtraFarmingItems
SCRIPT       : dry_gully_structures_fireplace
SCRIPT       : dz_yanova_scripts
SCRIPT       : SobrMods_Barrel_Fix
SCRIPT       : bl_crafting
SCRIPT       : CBD_LootRoomsSystem
SCRIPT       : CodeLock
SCRIPT       : DabsFramework
SCRIPT       : DZ_Expansion_DefineTest
SCRIPT       : NoBuildZones
SCRIPT       : sakhal
SCRIPT       : EarPlugs
SCRIPT       : FireplaceIndoor
SCRIPT       : Flag80MeterRadius
SCRIPT       : GarbageSearch
SCRIPT       : GoreZ
SCRIPT       : Gos_nomer_Rusforma
SCRIPT       : HarksBloodPlague
SCRIPT       : HelziMagazineLoading_CLIENT
SCRIPT       : HelziMagazineLoading_SERVER
SCRIPT       : InediaInfectedAI
SCRIPT       : InventoryInCar
SCRIPT       : DZ_InventoryMoveSounds
SCRIPT       : JM_CommunityFramework
SCRIPT       : JunkYardDogV4
SCRIPT       : PvZmoD_Spawn_System
SCRIPT       : LoftDmodGR_scripts
SCRIPT       : MountsAndSights
SCRIPT       : PVEZ
SCRIPT       : RaG_Immersive_Wells
SCRIPT       : RealisticDisplayQuantity
SCRIPT       : RiriteoPlants
SCRIPT       : SIN_SearchInventory
SCRIPT       : ServerConfig_GS
SCRIPT       : ServerConfig_JD
SCRIPT       : STAG_Industries
SCRIPT       : StaminaRevised
SCRIPT       : Z_CfgMods_SuppPlus_O
SCRIPT       : Survivalists_Weapons_JMC
SCRIPT       : TerjeCore
SCRIPT       : TerjeMedicine
SCRIPT       : TerjePartyMod
SCRIPT       : TerjeSkills
SCRIPT       : TerjeSleepingBag
SCRIPT       : TerjeStartScreen
SCRIPT       : TWOC_CombineItems
SCRIPT       : Utopia_Airdrop_Public
SCRIPT       : Utopia_Airdrop_Public_Scripts
SCRIPT       : Utopia_Patrol_Helicopter_Scripts
SCRIPT       : Z_CfgMods_VanillaDoubleMag_O
SCRIPT       : AVPPAdminTools
SCRIPT       : DeerIsle_Weapons
SCRIPT       : WindstrideClothing
SCRIPT       : ZenTerritories
SCRIPT       : ZenUtilities
SCRIPT       : AlteriaScripts
SCRIPT       : ND_ammoMaking
SCRIPT       : MC_SYSTEM
SCRIPT       : DZ_Expansion_ModStorage
SCRIPT       : FOG_MOD
SCRIPT       : InediaTerjeCompatibility
SCRIPT       : rag_immersive_vehicles
SCRIPT       : rag_baseitems
SCRIPT       : SimpleLootChests
SCRIPT       : STAG_Clothing_6sh118
SCRIPT       : STAG_Clothing_ArmyBack
SCRIPT       : TerjeCompatibilityVPP
SCRIPT       : Utopia_Patrol_Helicopter_Public
SCRIPT       : A3_UI_F
SCRIPT       : artillery_tractor
SCRIPT       : AZLK_2141RF
SCRIPT       : azlk_400
SCRIPT       : BRDM2_RF
SCRIPT       : BTR_80
SCRIPT       : DZ_Expansion_Core
SCRIPT       : DZ_Expansion_NotificationScheduler
SCRIPT       : DZ_Expansion_VanillaFixes
SCRIPT       : dodge_power_wagonrus
SCRIPT       : F1_Pickup
SCRIPT       : FC_Fish_Equip
SCRIPT       : GAZ21_Volga
SCRIPT       : GAZ_12
SCRIPT       : GAZ_13_Chaika
SCRIPT       : Gaz_233002_Tiger
SCRIPT       : GAZ_3110_volga
SCRIPT       : GAZ_33081
SCRIPT       : gaz_51
SCRIPT       : Gaz_53RF
SCRIPT       : GAZ_66
SCRIPT       : GAZ_69_rus
SCRIPT       : GAZ_M20
SCRIPT       : HP_Crafter
SCRIPT       : IJ_2125_Kombi
SCRIPT       : ij_2715_RF
SCRIPT       : kamaz_4310RUS
SCRIPT       : KAVZ685_RF
SCRIPT       : KnockKnockZombies
SCRIPT       : kraz_255B
SCRIPT       : KubanG1
SCRIPT       : Niva2329
SCRIPT       : LIAZ_677RF
SCRIPT       : LoftDmodGR_Core
SCRIPT       : LoftdmodGR_Gear
SCRIPT       : LoftDmodGR_Military
SCRIPT       : LoftdmodGR_weapons
SCRIPT       : LUAZ_969
SCRIPT       : moskvich_407
SCRIPT       : MTLB_RF
SCRIPT       : Nomadbackpack_v3
SCRIPT       : PAZ_672
SCRIPT       : terjearmorfog
SCRIPT       : RaG_BaseBuilding
SCRIPT       : tractor_UMZ_RUS
SCRIPT       : UAZ_27722_mchs
SCRIPT       : UAZ_31519_Police
SCRIPT       : UAZ_3163
SCRIPT       : UAZ_3172
SCRIPT       : UAZ_33094
SCRIPT       : UAZ_3962
SCRIPT       : UAZ_469_army
SCRIPT       : UAZ_469_Hunter
SCRIPT       : UAZ_469_milicia
SCRIPT       : UAZ_Patrot_Pikap
SCRIPT       : URAL_375_1964
SCRIPT       : VAZ_2104RF
SCRIPT       : VAZ_2105_RUS
SCRIPT       : vaz_2106_RF
SCRIPT       : VAZ_2107RF
SCRIPT       : VAZ_21099R
SCRIPT       : VAZ_2109_RF
SCRIPT       : VBL
SCRIPT       : Volkswagen_Golf_RUS
SCRIPT       : ZAZ_965
SCRIPT       : ZAZ_968
SCRIPT       : ZAZ_968M
SCRIPT       : zHorde
SCRIPT       : ZIL133_double
SCRIPT       : ZIL_130
SCRIPT       : ZIL_130_ac40
SCRIPT       : ZIL_131
SCRIPT       : ZIL_157_rus
SCRIPT       : IJ_2140_SL
SCRIPT       : bl_camp
SCRIPT       : CookZ
SCRIPT       : DZ_Expansion_AI
SCRIPT       : DayZ_Expansion_AI_Dynamic
SCRIPT       : LoftD_old_size
SCRIPT       : LoftDmodGR
SCRIPT       : LoftdmodGR_Bijouterie
SCRIPT       : LoftDmodGR_Civilian
SCRIPT       : AIWarZones
SCRIPT       : PVEZ :: Will use config files in profiles
SCRIPT       : [CookZ] Successfully loaded configuration.
SCRIPT       : [Server_Config_GarbageSearch]- 	Checking For Config Files
SCRIPT       : [Server_Config_GarbageSearch]- 	Found Config Files!
SCRIPT       : [Server_Config_JunkYardDog]- 	Checking For Config Files
SCRIPT       : [Server_Config_JunkYardDog]- 	Found Config Files!
SCRIPT       : [MissionServer] OnInit - Server
SCRIPT       : [AYSA] [KNOCK KNOCK ZOMBIES] 
SCRIPT       : [AYSA] ----- Loading cfg -----
SCRIPT       : [AYSA] --------------
SCRIPT       : [AYSA] [KNOCK KNOCK ZOMBIES] enabled
SCRIPT       : [AYSA] --------------
SCRIPT       : [INFO] Config loaded successfully.
SCRIPT       : [INFO] HordeManager initialized.
SCRIPT       : [BLCraftables] OnInit
SCRIPT       : [BLCraftables] --- Loading Config.
SCRIPT       : [AYSA] [AI WAR ZONES] 
SCRIPT       : [AYSA] ----- Loading cfg -----
SCRIPT       : [AYSA] [AI WAR ZONES] --> config loaded, zone count: 2
SCRIPT       : [AYSA] [AI WAR ZONES] --> Zone[0]: The Raid near Old Castle
SCRIPT       : [AYSA] [AI WAR ZONES] --> Zone[1]: The Fight For Control - Airfield
SCRIPT       : Harks Blood Plague Mod Loaded....
SCRIPT       : [MissionServer] OnMissionStart - Server
SCRIPT       : string dirtyName = '[AU]ProjectGenesis|Alteria|PVE|AI|Skills|HardcoreSurvival'
SCRIPT       : [TERJE CORE](INFO): TERJE_STORAGE_VERSION = 1
SCRIPT       : 09:09:16.350 [WARNING]	File "$mission:storage_380881/communityframework/modstorageplayers.bin" was not closed. Always shut down the server gracefully to prevent data loss.
SCRIPT       : used:true
SCRIPT       : [ZenTerritories] m_TerritoryOwner: R5KkZb3Ywicboa8ntCzbBJK6WLpakj_6yA-ghmDo4lw= Pos: <5233.220215, 1.711412, 2275.446045>
SCRIPT       : Found 0 zones!
SCRIPT       : [ZenTerritories] OnInit
SCRIPT       : [ZenTerritories] Loading Config
SCRIPT       : [JunkYardDog] -- Adding Salvage Point to <Land_Wreck_Uaz<13ab300>> at Pos <<1814.896729, 47.846394, 1855.345825>>
SCRIPT       : [JunkYardDog] -- Adding Fuel Point to <Land_Wreck_Uaz<13ab300>> at Pos <<1814.896729, 47.846394, 1855.345825>>
SCRIPT       : [JunkYardDog] -- Adding Salvage Point to <Static_Wreck_HMMWV<164be010>> at Pos <<1697.339966, 88.297104, 2611.963379>>
SCRIPT       : [JunkYardDog] -- Adding Fuel Point to <Static_Wreck_HMMWV<164be010>> at Pos <<1697.339966, 88.297104, 2611.963379>>
SCRIPT       : [JunkYardDog] -- Adding Salvage Point to <Land_Wreck_V3S<13abc10>> at Pos <<1760.091797, 15.003111, 5044.011230>>
SCRIPT       : [JunkYardDog] -- Adding Fuel Point to <Land_Wreck_V3S<13abc10>> at Pos <<1760.091797, 15.003111, 5044.011230>>
SCRIPT       : [JunkYardDog] -- Adding Salvage Point to <Land_Wreck_V3S<13b9590>> at Pos <<3160.910889, 7.198166, 4496.506348>>
SCRIPT       : [JunkYardDog] -- Adding Fuel Point to <Land_Wreck_V3S<13b9590>> at Pos <<3160.910889, 7.198166, 4496.506348>>
SCRIPT       : [JunkYardDog] -- Adding Salvage Point to <Land_Wreck_hb02_aban1_black<13b7a60>> at Pos <<6883.059570, 15.321736, 6087.863770>>
SCRIPT       : [JunkYardDog] -- Adding Fuel Point to <Land_Wreck_hb02_aban1_black<13b7a60>> at Pos <<6883.059570, 15.321736, 6087.863770>>
SCRIPT       : [JunkYardDog] -- Adding Salvage Point to <Land_Wreck_Uaz<13bb0c0>> at Pos <<6896.333496, 15.399146, 6088.336914>>
SCRIPT       : [JunkYardDog] -- Adding Fuel Point to <Land_Wreck_Uaz<13bb0c0>> at Pos <<6896.333496, 15.399146, 6088.336914>>
SCRIPT       : [JunkYardDog] -- Adding Salvage Point to <Land_Wreck_sed01_aban2_wine<13b9ea0>> at Pos <<7011.321777, 16.946186, 6075.348633>>
SCRIPT       : [JunkYardDog] -- Adding Fuel Point to <Land_Wreck_sed01_aban2_wine<13b9ea0>> at Pos <<7011.321777, 16.946186, 6075.348633>>
SCRIPT       : [JunkYardDog] -- Adding Salvage Point to <Static_Wreck_Ural<33ebc3a0>> at Pos <<7113.122070, 19.225021, 6048.750488>>
SCRIPT       : [JunkYardDog] -- Adding Fuel Point to <Static_Wreck_Ural<33ebc3a0>> at Pos <<7113.122070, 19.225021, 6048.750488>>
SCRIPT       : [JunkYardDog] -- Adding Salvage Point to <Land_Wreck_hb02_aban2_red<e2b9b640>> at Pos <<1976.034668, 6.554251, 7844.901855>>
SCRIPT       : [JunkYardDog] -- Adding Fuel Point to <Land_Wreck_hb02_aban2_red<e2b9b640>> at Pos <<1976.034668, 6.554251, 7844.901855>>
SCRIPT       : [JunkYardDog] -- Adding Salvage Point to <Land_Wreck_sed01_aban2_black<e2b94070>> at Pos <<1947.163818, 6.290183, 7808.579102>>
SCRIPT       : [JunkYardDog] -- Adding Fuel Point to <Land_Wreck_sed01_aban2_black<e2b94070>> at Pos <<1947.163818, 6.290183, 7808.579102>>
SCRIPT       : [JunkYardDog] -- Adding Salvage Point to <Land_Wreck_S1023_Beige<e2ba10e0>> at Pos <<2791.882324, 6.218272, 7433.123047>>
SCRIPT       : [JunkYardDog] -- Adding Fuel Point to <Land_Wreck_S1023_Beige<e2ba10e0>> at Pos <<2791.882324, 6.218272, 7433.123047>>
SCRIPT       : [JunkYardDog] -- Adding Salvage Point to <Land_Wreck_hb01_aban2_green<2d010070>> at Pos <<2896.056641, 7.388596, 6878.918945>>
SCRIPT       : [JunkYardDog] -- Adding Fuel Point to <Land_Wreck_hb01_aban2_green<2d010070>> at Pos <<2896.056641, 7.388596, 6878.918945>>
SCRIPT       : [JunkYardDog] -- Adding Salvage Point to <Land_Wreck_sed02_aban1_yellow<2d0368b0>> at Pos <<3670.598145, 5.501119, 5980.184570>>
SCRIPT       : [JunkYardDog] -- Adding Fuel Point to <Land_Wreck_sed02_aban1_yellow<2d0368b0>> at Pos <<3670.598145, 5.501119, 5980.184570>>
SCRIPT       : [JunkYardDog] -- Adding Salvage Point to <Land_Wreck_hb02_aban1_red<2d0371c0>> at Pos <<3710.982910, 5.399823, 5967.517090>>
SCRIPT       : [JunkYardDog] -- Adding Fuel Point to <Land_Wreck_hb02_aban1_red<2d0371c0>> at Pos <<3710.982910, 5.399823, 5967.517090>>
SCRIPT       : [JunkYardDog] -- Adding Salvage Point to <Land_Wreck_sed02_aban2_grey<2d032030>> at Pos <<3704.370850, 5.298825, 5967.125977>>
SCRIPT       : [JunkYardDog] -- Adding Fuel Point to <Land_Wreck_sed02_aban2_grey<2d032030>> at Pos <<3704.370850, 5.298825, 5967.125977>>
SCRIPT       : [JunkYardDog] -- Adding Salvage Point to <Land_Wreck_hb01_aban1_white<2d039f10>> at Pos <<3718.048340, 5.701993, 5982.363770>>
SCRIPT       : [JunkYardDog] -- Adding Fuel Point to <Land_Wreck_hb01_aban1_white<2d039f10>> at Pos <<3718.048340, 5.701993, 5982.363770>>
SCRIPT       : [JunkYardDog] -- Adding Salvage Point to <Land_Wreck_hb02_aban2_blue<2d03ba40>> at Pos <<3730.879639, 5.343723, 5957.966797>>
SCRIPT       : [JunkYardDog] -- Adding Fuel Point to <Land_Wreck_hb02_aban2_blue<2d03ba40>> at Pos <<3730.879639, 5.343723, 5957.966797>>
SCRIPT       : [JunkYardDog] -- Adding Salvage Point to <Land_Wreck_sed01_aban2_black<2d039600>> at Pos <<3726.789063, 5.393321, 5967.372559>>
SCRIPT       : [JunkYardDog] -- Adding Fuel Point to <Land_Wreck_sed01_aban2_black<2d039600>> at Pos <<3726.789063, 5.393321, 5967.372559>>
SCRIPT       : [JunkYardDog] -- Adding Salvage Point to <Land_Wreck_hb01_aban2_white<2d037ad0>> at Pos <<3717.579346, 5.570747, 5967.956055>>
SCRIPT       : [JunkYardDog] -- Adding Fuel Point to <Land_Wreck_hb01_aban2_white<2d037ad0>> at Pos <<3717.579346, 5.570747, 5967.956055>>
SCRIPT       : [JunkYardDog] -- Adding Salvage Point to <Land_Wreck_sed02_aban2_yellow<2d0402c0>> at Pos <<3746.791504, 5.305369, 5981.353516>>
SCRIPT       : [JunkYardDog] -- Adding Fuel Point to <Land_Wreck_sed02_aban2_yellow<2d0402c0>> at Pos <<3746.791504, 5.305369, 5981.353516>>
SCRIPT       : [JunkYardDog] -- Adding Salvage Point to <Land_Wreck_hb01_aban1_green<2d0414e0>> at Pos <<3764.350586, 5.721992, 5983.160156>>
SCRIPT       : [JunkYardDog] -- Adding Fuel Point to <Land_Wreck_hb01_aban1_green<2d0414e0>> at Pos <<3764.350586, 5.721992, 5983.160156>>
SCRIPT       : [JunkYardDog] -- Adding Salvage Point to <Land_Wreck_sed02_aban1_red<4e247460>> at Pos <<4153.905273, 18.748653, 7508.145020>>
SCRIPT       : [JunkYardDog] -- Adding Fuel Point to <Land_Wreck_sed02_aban1_red<4e247460>> at Pos <<4153.905273, 18.748653, 7508.145020>>
SCRIPT       : [JunkYardDog] -- Adding Salvage Point to <Land_wreck_truck01_aban1_green<84409d80>> at Pos <<1686.831543, 30.821169, 4812.258789>>
SCRIPT       : [JunkYardDog] -- Adding Fuel Point to <Land_wreck_truck01_aban1_green<84409d80>> at Pos <<1686.831543, 30.821169, 4812.258789>>
SCRIPT       : m_LoginTimeMs: 4200
SCRIPT       : [JunkYardDog] -- Adding Salvage Point to <Static_Wreck_Ural<88f07570>> at Pos <<1501.529541, 16.757549, 516.901611>>
SCRIPT       : [JunkYardDog] -- Adding Fuel Point to <Static_Wreck_Ural<88f07570>> at Pos <<1501.529541, 16.757549, 516.901611>>
SCRIPT       : [JunkYardDog] -- Adding Salvage Point to <Static_Wreck_Ural<8961ecf0>> at Pos <<1549.478271, 16.757874, 535.082153>>
SCRIPT       : [JunkYardDog] -- Adding Fuel Point to <Static_Wreck_Ural<8961ecf0>> at Pos <<1549.478271, 16.757874, 535.082153>>
SCRIPT       : [JunkYardDog] -- Adding Salvage Point to <Land_wreck_truck01_aban1_green<843e5980>> at Pos <<1665.755493, 39.062275, 4618.176758>>
SCRIPT       : [JunkYardDog] -- Adding Fuel Point to <Land_wreck_truck01_aban1_green<843e5980>> at Pos <<1665.755493, 39.062275, 4618.176758>>
SCRIPT       : [JunkYardDog] -- Adding Salvage Point to <Land_Wreck_hb01_aban2_green<843fa8d0>> at Pos <<3025.418213, 21.086571, 3921.352783>>
SCRIPT       : [JunkYardDog] -- Adding Fuel Point to <Land_Wreck_hb01_aban2_green<843fa8d0>> at Pos <<3025.418213, 21.086571, 3921.352783>>
SCRIPT       : [JunkYardDog] -- Adding Salvage Point to <Land_Wreck_sed02_aban1_yellow<84407030>> at Pos <<1989.433228, 16.431118, 596.317505>>
SCRIPT       : [JunkYardDog] -- Adding Fuel Point to <Land_Wreck_sed02_aban1_yellow<84407030>> at Pos <<1989.433228, 16.431118, 596.317505>>
SCRIPT       : [JunkYardDog] -- Adding Salvage Point to <Land_wreck_truck01_aban1_green<8b3ada40>> at Pos <<1951.740967, 15.570000, 541.459717>>
SCRIPT       : [JunkYardDog] -- Adding Fuel Point to <Land_wreck_truck01_aban1_green<8b3ada40>> at Pos <<1951.740967, 15.570000, 541.459717>>
SCRIPT       : [JunkYardDog] -- Adding Salvage Point to <Land_wreck_truck01_aban1_green<8b3ae350>> at Pos <<1949.478638, 15.570000, 534.974060>>
SCRIPT       : [JunkYardDog] -- Adding Fuel Point to <Land_wreck_truck01_aban1_green<8b3ae350>> at Pos <<1949.478638, 15.570000, 534.974060>>
SCRIPT       : [JunkYardDog] -- Adding Salvage Point to <Land_wreck_truck01_aban1_green<8b3ad130>> at Pos <<1950.984375, 15.570000, 565.505493>>
SCRIPT       : [JunkYardDog] -- Adding Fuel Point to <Land_wreck_truck01_aban1_green<8b3ad130>> at Pos <<1950.984375, 15.570000, 565.505493>>
SCRIPT       : [JunkYardDog] -- Adding Salvage Point to <Land_Wreck_hb02_aban1_blue<8b3d9410>> at Pos <<1688.455688, 16.329824, 480.802277>>
SCRIPT       : [JunkYardDog] -- Adding Fuel Point to <Land_Wreck_hb02_aban1_blue<8b3d9410>> at Pos <<1688.455688, 16.329824, 480.802277>>
SCRIPT       : [JunkYardDog] -- Adding Salvage Point to <Static_Wreck_Ural<7a37cf00>> at Pos <<1668.968018, 16.757513, 497.385315>>
SCRIPT       : [JunkYardDog] -- Adding Fuel Point to <Static_Wreck_Ural<7a37cf00>> at Pos <<1668.968018, 16.757513, 497.385315>>
SCRIPT       : [JunkYardDog] -- Adding Salvage Point to <Land_Wreck_Volha_Blue<8b3d54a0>> at Pos <<1671.799683, 16.306944, 480.475220>>
SCRIPT       : [JunkYardDog] -- Adding Fuel Point to <Land_Wreck_Volha_Blue<8b3d54a0>> at Pos <<1671.799683, 16.306944, 480.475220>>
SCRIPT       : [JunkYardDog] -- Adding Salvage Point to <Land_Wreck_hb02_aban1_blue<8a94c770>> at Pos <<1706.661011, 16.467388, 584.272339>>
SCRIPT       : [JunkYardDog] -- Adding Fuel Point to <Land_Wreck_hb02_aban1_blue<8a94c770>> at Pos <<1706.661011, 16.467388, 584.272339>>
SCRIPT       : [JunkYardDog] -- Adding Salvage Point to <Land_Wreck_sed02_aban2_grey<8a949110>> at Pos <<1732.411377, 16.228823, 480.561371>>
SCRIPT       : [JunkYardDog] -- Adding Fuel Point to <Land_Wreck_sed02_aban2_grey<8a949110>> at Pos <<1732.411377, 16.228823, 480.561371>>
SCRIPT       : [JunkYardDog] -- Adding Salvage Point to <Land_Wreck_Uaz<8a9451a0>> at Pos <<1741.055786, 16.413185, 480.586029>>
SCRIPT       : [JunkYardDog] -- Adding Fuel Point to <Land_Wreck_Uaz<8a9451a0>> at Pos <<1741.055786, 16.413185, 480.586029>>
SCRIPT       : [JunkYardDog] -- Adding Salvage Point to <Static_Wreck_Ural<7a3826e0>> at Pos <<1733.008667, 16.757515, 623.392273>>
SCRIPT       : [JunkYardDog] -- Adding Fuel Point to <Static_Wreck_Ural<7a3826e0>> at Pos <<1733.008667, 16.757515, 623.392273>>
SCRIPT       : [JunkYardDog] -- Adding Salvage Point to <Land_Wreck_S1023_Blue<8a920da0>> at Pos <<1848.766968, 16.569132, 560.243225>>
SCRIPT       : [JunkYardDog] -- Adding Fuel Point to <Land_Wreck_S1023_Blue<8a920da0>> at Pos <<1848.766968, 16.569132, 560.243225>>
SCRIPT       : [JunkYardDog] -- Adding Salvage Point to <Land_Wreck_Volha_Grey<8a91e050>> at Pos <<1848.792603, 16.306944, 568.316406>>
SCRIPT       : [JunkYardDog] -- Adding Fuel Point to <Land_Wreck_Volha_Grey<8a91e050>> at Pos <<1848.792603, 16.306944, 568.316406>>
SCRIPT       : [JunkYardDog] -- Adding Salvage Point to <Land_Wreck_sed02_aban2_red<8a9216b0>> at Pos <<1848.998047, 16.228825, 597.822449>>
SCRIPT       : [JunkYardDog] -- Adding Fuel Point to <Land_Wreck_sed02_aban2_red<8a9216b0>> at Pos <<1848.998047, 16.228825, 597.822449>>
SCRIPT       : [JunkYardDog] -- Adding Salvage Point to <Land_Wreck_sed01_aban1_wine<8a921fc0>> at Pos <<1848.904419, 16.321630, 585.401611>>
SCRIPT       : [JunkYardDog] -- Adding Fuel Point to <Land_Wreck_sed01_aban1_wine<8a921fc0>> at Pos <<1848.904419, 16.321630, 585.401611>>
SCRIPT       : [JunkYardDog] -- Adding Salvage Point to <Land_wreck_truck01_aban1_blue<8a924d10>> at Pos <<1879.825684, 15.570000, 562.539124>>
SCRIPT       : [JunkYardDog] -- Adding Fuel Point to <Land_wreck_truck01_aban1_blue<8a924d10>> at Pos <<1879.825684, 15.570000, 562.539124>>
SCRIPT       : [JunkYardDog] -- Adding Salvage Point to <Land_Wreck_sed01_aban1_wine<8a925620>> at Pos <<1880.404297, 16.321630, 570.355286>>
SCRIPT       : [JunkYardDog] -- Adding Fuel Point to <Land_Wreck_sed01_aban1_wine<8a925620>> at Pos <<1880.404297, 16.321630, 570.355286>>
SCRIPT       : [JunkYardDog] -- Adding Salvage Point to <Land_Wreck_S1023_Beige<8a925f30>> at Pos <<1859.809692, 16.569132, 568.488342>>
SCRIPT       : [JunkYardDog] -- Adding Fuel Point to <Land_Wreck_S1023_Beige<8a925f30>> at Pos <<1859.809692, 16.569132, 568.488342>>
SCRIPT       : [JunkYardDog] -- Adding Salvage Point to <Land_Wreck_hb02_aban2_red<8a91fb80>> at Pos <<1880.867188, 16.273724, 604.823730>>
SCRIPT       : [JunkYardDog] -- Adding Fuel Point to <Land_Wreck_hb02_aban2_red<8a91fb80>> at Pos <<1880.867188, 16.273724, 604.823730>>
SCRIPT       : [JunkYardDog] -- Adding Salvage Point to <Land_Wreck_S1023_Beige<8a927150>> at Pos <<1881.052734, 16.569134, 600.557434>>
SCRIPT       : [JunkYardDog] -- Adding Fuel Point to <Land_Wreck_S1023_Beige<8a927150>> at Pos <<1881.052734, 16.569134, 600.557434>>
SCRIPT       : [JunkYardDog] -- Adding Salvage Point to <Land_Wreck_sed01_aban1_white<8a920490>> at Pos <<1859.194214, 16.321630, 597.628418>>
SCRIPT       : [JunkYardDog] -- Adding Fuel Point to <Land_Wreck_sed01_aban1_white<8a920490>> at Pos <<1859.194214, 16.321630, 597.628418>>
SCRIPT       : [JunkYardDog] -- Adding Salvage Point to <Land_Wreck_hb02_aban1_blue<8a92f940>> at Pos <<1881.339844, 16.329824, 580.130371>>
SCRIPT       : [JunkYardDog] -- Adding Fuel Point to <Land_Wreck_hb02_aban1_blue<8a92f940>> at Pos <<1881.339844, 16.329824, 580.130371>>
SCRIPT       : [JunkYardDog] -- Adding Salvage Point to <Land_Wreck_sed02_aban1_yellow<8a928c80>> at Pos <<1880.414917, 16.431118, 587.603455>>
SCRIPT       : [JunkYardDog] -- Adding Fuel Point to <Land_Wreck_sed02_aban1_yellow<8a928c80>> at Pos <<1880.414917, 16.431118, 587.603455>>
SCRIPT       : [JunkYardDog] -- Adding Salvage Point to <Land_Wreck_hb01_aban1_green<8a929ea0>> at Pos <<1859.670532, 16.631992, 580.999573>>
SCRIPT       : [JunkYardDog] -- Adding Fuel Point to <Land_Wreck_hb01_aban1_green<8a929ea0>> at Pos <<1859.670532, 16.631992, 580.999573>>
SCRIPT       : [JunkYardDog] -- Adding Salvage Point to <Land_Wreck_Lada_Red<8a92c2e0>> at Pos <<6029.833984, 56.397305, 4705.758789>>
SCRIPT       : [JunkYardDog] -- Adding Fuel Point to <Land_Wreck_Lada_Red<8a92c2e0>> at Pos <<6029.833984, 56.397305, 4705.758789>>
SCRIPT       : [JunkYardDog] -- Adding Salvage Point to <Land_Wreck_S1023_Beige<8d7e55e0>> at Pos <<6901.242188, 63.029224, 770.589783>>
SCRIPT       : [JunkYardDog] -- Adding Fuel Point to <Land_Wreck_S1023_Beige<8d7e55e0>> at Pos <<6901.242188, 63.029224, 770.589783>>
SCRIPT       : [JunkYardDog] -- Adding Salvage Point to <Land_wreck_truck01_aban1_green<8d7e5ef0>> at Pos <<6938.732910, 62.848179, 826.030762>>
SCRIPT       : [JunkYardDog] -- Adding Fuel Point to <Land_wreck_truck01_aban1_green<8d7e5ef0>> at Pos <<6938.732910, 62.848179, 826.030762>>
SCRIPT       : [JunkYardDog] -- Adding Salvage Point to <Land_Wreck_S1023_Beige<8d7ecbb0>> at Pos <<2697.089355, 40.161888, 832.960876>>
SCRIPT       : [JunkYardDog] -- Adding Fuel Point to <Land_Wreck_S1023_Beige<8d7ecbb0>> at Pos <<2697.089355, 40.161888, 832.960876>>
SCRIPT       : [JunkYardDog] -- Adding Salvage Point to <Static_Wreck_Digger<8d7c4bd0>> at Pos <<2116.485352, 11.402336, 806.627319>>
SCRIPT       : [JunkYardDog] -- Adding Fuel Point to <Static_Wreck_Digger<8d7c4bd0>> at Pos <<2116.485352, 11.402336, 806.627319>>
SCRIPT       : [JunkYardDog] -- Adding Salvage Point to <Land_Wreck_sed02_aban2_yellow<8d7f9c20>> at Pos <<2202.013184, 16.228827, 790.075623>>
SCRIPT       : [JunkYardDog] -- Adding Fuel Point to <Land_Wreck_sed02_aban2_yellow<8d7f9c20>> at Pos <<2202.013184, 16.228827, 790.075623>>
SCRIPT       : [JunkYardDog] -- Adding Salvage Point to <Land_Wreck_hb01_aban1_blue<8d7fffd0>> at Pos <<2189.609131, 16.631990, 799.811646>>
SCRIPT       : [JunkYardDog] -- Adding Fuel Point to <Land_Wreck_hb01_aban1_blue<8d7fffd0>> at Pos <<2189.609131, 16.631990, 799.811646>>
SCRIPT       : [JunkYardDog] -- Adding Salvage Point to <Land_Wreck_sed01_aban2_wine<8d7fae40>> at Pos <<2189.873535, 16.323313, 771.200684>>
SCRIPT       : [JunkYardDog] -- Adding Fuel Point to <Land_Wreck_sed01_aban2_wine<8d7fae40>> at Pos <<2189.873535, 16.323313, 771.200684>>
SCRIPT       : [JunkYardDog] -- Adding Salvage Point to <Land_Wreck_Volha_Grey<8d7fb750>> at Pos <<2189.610596, 16.306944, 794.873230>>
SCRIPT       : [JunkYardDog] -- Adding Fuel Point to <Land_Wreck_Volha_Grey<8d7fb750>> at Pos <<2189.610596, 16.306944, 794.873230>>
SCRIPT       : [JunkYardDog] -- Adding Salvage Point to <Land_Wreck_Volha_Blue<8d7fe4a0>> at Pos <<2191.222412, 16.302639, 856.530334>>
SCRIPT       : [JunkYardDog] -- Adding Fuel Point to <Land_Wreck_Volha_Blue<8d7fe4a0>> at Pos <<2191.222412, 16.302639, 856.530334>>
SCRIPT       : [JunkYardDog] -- Adding Salvage Point to <Land_Wreck_hb01_aban1_white<8d807eb0>> at Pos <<2219.643555, 16.631990, 785.740112>>
SCRIPT       : [JunkYardDog] -- Adding Fuel Point to <Land_Wreck_hb01_aban1_white<8d807eb0>> at Pos <<2219.643555, 16.631990, 785.740112>>
SCRIPT       : [JunkYardDog] -- Adding Salvage Point to <Land_Wreck_hb01_aban2_green<8d803f40>> at Pos <<2219.795654, 16.499451, 780.987488>>
SCRIPT       : [JunkYardDog] -- Adding Fuel Point to <Land_Wreck_hb01_aban2_green<8d803f40>> at Pos <<2219.795654, 16.499451, 780.987488>>
SCRIPT       : [JunkYardDog] -- Adding Salvage Point to <Land_Wreck_sed01_aban1_white<8d802d20>> at Pos <<2219.925293, 16.321630, 805.025513>>
SCRIPT       : [JunkYardDog] -- Adding Fuel Point to <Land_Wreck_sed01_aban1_white<8d802d20>> at Pos <<2219.925293, 16.321630, 805.025513>>
SCRIPT       : [JunkYardDog] -- Adding Salvage Point to <Land_Wreck_Volha_Blue<8d8087c0>> at Pos <<2220.414551, 16.302641, 800.007141>>
SCRIPT       : [JunkYardDog] -- Adding Fuel Point to <Land_Wreck_Volha_Blue<8d8087c0>> at Pos <<2220.414551, 16.302641, 800.007141>>
SCRIPT       : [JunkYardDog] -- Adding Salvage Point to <Land_Wreck_Volha_Blue<8d806380>> at Pos <<2208.104736, 16.302639, 861.314880>>
SCRIPT       : [JunkYardDog] -- Adding Fuel Point to <Land_Wreck_Volha_Blue<8d806380>> at Pos <<2208.104736, 16.302639, 861.314880>>
SCRIPT       : [JunkYardDog] -- Adding Salvage Point to <Land_Wreck_Volha_Blue<8d8075a0>> at Pos <<2208.975342, 16.305099, 846.381653>>
SCRIPT       : [JunkYardDog] -- Adding Fuel Point to <Land_Wreck_Volha_Blue<8d8075a0>> at Pos <<2208.975342, 16.305099, 846.381653>>
SCRIPT       : [INFO] Spawning initial hordes...
SCRIPT       : [INFO] Horde spawned (34 zombies) at <3987.341553, 15.630000, 6657.830078>
SCRIPT       : [INFO] Horde spawned (21 zombies) at <1170.528320, 19.980818, 2943.752686>
SCRIPT       : [INFO] Horde spawned (49 zombies) at <7655.659668, 26.129999, 2393.031494>
SCRIPT       : [INFO] Horde spawned (23 zombies) at <6366.173340, 39.973034, 3805.869141>
SCRIPT       : [JunkYardDog] -- Adding Salvage Point to <Land_wreck_truck01_aban1_green<8d80eb70>> at Pos <<4906.489258, 47.592056, 1368.065063>>
SCRIPT       : [JunkYardDog] -- Adding Fuel Point to <Land_wreck_truck01_aban1_green<8d80eb70>> at Pos <<4906.489258, 47.592056, 1368.065063>>
SCRIPT       : [JunkYardDog] -- Adding Salvage Point to <Land_wreck_truck01_aban2_orange<8d8133f0>> at Pos <<3985.808105, 15.629977, 6678.436035>>
SCRIPT       : [JunkYardDog] -- Adding Fuel Point to <Land_wreck_truck01_aban2_orange<8d8133f0>> at Pos <<3985.808105, 15.629977, 6678.436035>>
SCRIPT       : [JunkYardDog] -- Adding Salvage Point to <Land_Wreck_hb02_aban1_black<8d80d040>> at Pos <<3951.938965, 16.389818, 6636.563965>>
SCRIPT       : [JunkYardDog] -- Adding Fuel Point to <Land_Wreck_hb02_aban1_black<8d80d040>> at Pos <<3951.938965, 16.389818, 6636.563965>>
SCRIPT       : [JunkYardDog] -- Adding Salvage Point to <Land_Wreck_S1023_Beige<915820f0>> at Pos <<3897.795654, 53.928947, 1289.667480>>
SCRIPT       : [JunkYardDog] -- Adding Fuel Point to <Land_Wreck_S1023_Beige<915820f0>> at Pos <<3897.795654, 53.928947, 1289.667480>>
SCRIPT       : [JunkYardDog] -- Adding Salvage Point to <Land_Wreck_S1023_Beige<91580ed0>> at Pos <<3887.904785, 52.599026, 1321.908325>>
SCRIPT       : [JunkYardDog] -- Adding Fuel Point to <Land_Wreck_S1023_Beige<91580ed0>> at Pos <<3887.904785, 52.599026, 1321.908325>>
SCRIPT       : [JunkYardDog] -- Adding Salvage Point to <Land_Wreck_sed01_aban2_wine<91584e40>> at Pos <<3919.296631, 51.748848, 1356.713501>>
SCRIPT       : [JunkYardDog] -- Adding Fuel Point to <Land_Wreck_sed01_aban2_wine<91584e40>> at Pos <<3919.296631, 51.748848, 1356.713501>>
SCRIPT       : [JunkYardDog] -- Adding Salvage Point to <Land_Wreck_sed02_aban2_yellow<91585750>> at Pos <<4014.172363, 16.288824, 6650.234863>>
SCRIPT       : [JunkYardDog] -- Adding Fuel Point to <Land_Wreck_sed02_aban2_yellow<91585750>> at Pos <<4014.172363, 16.288824, 6650.234863>>
SCRIPT       : [JunkYardDog] -- Adding Salvage Point to <Static_Wreck_HMMWV<915dd5d0>> at Pos <<4002.170898, 16.537102, 6625.695801>>
SCRIPT       : [JunkYardDog] -- Adding Fuel Point to <Static_Wreck_HMMWV<915dd5d0>> at Pos <<4002.170898, 16.537102, 6625.695801>>
SCRIPT       : [JunkYardDog] -- Adding Salvage Point to <Land_Wreck_sed01_aban2_white<91583c20>> at Pos <<3980.541260, 16.383289, 6653.333496>>
SCRIPT       : [JunkYardDog] -- Adding Fuel Point to <Land_Wreck_sed01_aban2_white<91583c20>> at Pos <<3980.541260, 16.383289, 6653.333496>>
SCRIPT       : [JunkYardDog] -- Adding Salvage Point to <Land_Wreck_sed02_aban1_yellow<915817e0>> at Pos <<3996.452148, 16.491119, 6631.567871>>
SCRIPT       : [JunkYardDog] -- Adding Fuel Point to <Land_Wreck_sed02_aban1_yellow<915817e0>> at Pos <<3996.452148, 16.491119, 6631.567871>>
SCRIPT       : [JunkYardDog] -- Adding Salvage Point to <Land_Wreck_S1023_Blue<9158b1f0>> at Pos <<4059.019043, 16.629129, 6676.099121>>
SCRIPT       : [JunkYardDog] -- Adding Fuel Point to <Land_Wreck_S1023_Blue<9158b1f0>> at Pos <<4059.019043, 16.629129, 6676.099121>>
SCRIPT       : [JunkYardDog] -- Adding Salvage Point to <Land_wreck_truck01_aban2_blue<915915a0>> at Pos <<1160.065674, 19.777578, 2958.288574>>
SCRIPT       : [JunkYardDog] -- Adding Fuel Point to <Land_wreck_truck01_aban2_blue<915915a0>> at Pos <<1160.065674, 19.777578, 2958.288574>>
SCRIPT       : [JunkYardDog] -- Adding Salvage Point to <Land_Wreck_S1023_Beige<915b2340>> at Pos <<5280.324219, 32.462055, 1537.559448>>
SCRIPT       : [JunkYardDog] -- Adding Fuel Point to <Land_Wreck_S1023_Beige<915b2340>> at Pos <<5280.324219, 32.462055, 1537.559448>>
SCRIPT       : [JunkYardDog] -- Adding Salvage Point to <Land_wreck_truck01_aban1_green<915aff00>> at Pos <<4823.355957, 47.369293, 1582.841309>>
SCRIPT       : [JunkYardDog] -- Adding Fuel Point to <Land_wreck_truck01_aban1_green<915aff00>> at Pos <<4823.355957, 47.369293, 1582.841309>>
SCRIPT       : [JunkYardDog] -- Adding Salvage Point to <Land_Wreck_S1023_Beige<915bbd50>> at Pos <<4274.011230, 28.779491, 1814.262207>>
SCRIPT       : [JunkYardDog] -- Adding Fuel Point to <Land_Wreck_S1023_Beige<915bbd50>> at Pos <<4274.011230, 28.779491, 1814.262207>>
SCRIPT       : [JunkYardDog] -- Adding Salvage Point to <Land_Wreck_S1023_Beige<915b9000>> at Pos <<4274.203613, 27.484409, 1849.145630>>
SCRIPT       : [JunkYardDog] -- Adding Fuel Point to <Land_Wreck_S1023_Beige<915b9000>> at Pos <<4274.203613, 27.484409, 1849.145630>>
SCRIPT       : [JunkYardDog] -- Adding Salvage Point to <Static_Wreck_Digger<9351e040>> at Pos <<7694.031250, 29.286938, 1846.319824>>
SCRIPT       : [JunkYardDog] -- Adding Fuel Point to <Static_Wreck_Digger<9351e040>> at Pos <<7694.031250, 29.286938, 1846.319824>>
SCRIPT       : [JunkYardDog] -- Adding Salvage Point to <Land_wreck_truck01_aban1_green<8a77ba80>> at Pos <<7748.199219, 26.130013, 1923.807251>>
SCRIPT       : [JunkYardDog] -- Adding Fuel Point to <Land_wreck_truck01_aban1_green<8a77ba80>> at Pos <<7748.199219, 26.130013, 1923.807251>>
SCRIPT       : [JunkYardDog] -- Adding Salvage Point to <Land_Wreck_S1023_Beige<8a77f9f0>> at Pos <<426.902954, 6.441785, 1870.071045>>
SCRIPT       : [JunkYardDog] -- Adding Fuel Point to <Land_Wreck_S1023_Beige<8a77f9f0>> at Pos <<426.902954, 6.441785, 1870.071045>>
SCRIPT       : [JunkYardDog] -- Adding Salvage Point to <Land_wreck_truck01_aban2_blue<8a781520>> at Pos <<7791.678711, 26.130449, 1949.849731>>
SCRIPT       : [JunkYardDog] -- Adding Fuel Point to <Land_wreck_truck01_aban2_blue<8a781520>> at Pos <<7791.678711, 26.130449, 1949.849731>>
SCRIPT       : [JunkYardDog] -- Adding Salvage Point to <Land_Wreck_S1023_Blue<94c8b0d0>> at Pos <<4808.064941, 7.218830, 2253.822998>>
SCRIPT       : [JunkYardDog] -- Adding Fuel Point to <Land_Wreck_S1023_Blue<94c8b0d0>> at Pos <<4808.064941, 7.218830, 2253.822998>>
SCRIPT       : [JunkYardDog] -- Adding Salvage Point to <Land_Wreck_S1023_Beige<94c84d20>> at Pos <<4818.394531, 7.304060, 2244.533203>>
SCRIPT       : [JunkYardDog] -- Adding Fuel Point to <Land_Wreck_S1023_Beige<94c84d20>> at Pos <<4818.394531, 7.304060, 2244.533203>>
SCRIPT       : [JunkYardDog] -- Adding Salvage Point to <Land_wreck_truck01_aban1_green<94c5ae80>> at Pos <<2716.936279, 109.670647, 2403.360107>>
SCRIPT       : [JunkYardDog] -- Adding Fuel Point to <Land_wreck_truck01_aban1_green<94c5ae80>> at Pos <<2716.936279, 109.670647, 2403.360107>>
SCRIPT       : [JunkYardDog] -- Adding Salvage Point to <Land_wreck_truck01_aban1_green<94c61230>> at Pos <<2340.308594, 107.870003, 2398.739990>>
SCRIPT       : [JunkYardDog] -- Adding Fuel Point to <Land_wreck_truck01_aban1_green<94c61230>> at Pos <<2340.308594, 107.870003, 2398.739990>>
SCRIPT       : [JunkYardDog] -- Adding Salvage Point to <Land_wreck_truck01_aban1_green<94c62d60>> at Pos <<2366.393799, 108.445244, 2505.129395>>
SCRIPT       : [JunkYardDog] -- Adding Fuel Point to <Land_wreck_truck01_aban1_green<94c62d60>> at Pos <<2366.393799, 108.445244, 2505.129395>>
SCRIPT       : [JunkYardDog] -- Adding Salvage Point to <Land_wreck_truck01_aban1_green<94c5b790>> at Pos <<2339.890381, 107.869995, 2533.148682>>
SCRIPT       : [JunkYardDog] -- Adding Fuel Point to <Land_wreck_truck01_aban1_green<94c5b790>> at Pos <<2339.890381, 107.869995, 2533.148682>>
SCRIPT       : [JunkYardDog] -- Adding Salvage Point to <Land_Wreck_V3S<9a9cb830>> at Pos <<1635.956421, 88.992935, 2613.975098>>
SCRIPT       : [JunkYardDog] -- Adding Fuel Point to <Land_Wreck_V3S<9a9cb830>> at Pos <<1635.956421, 88.992935, 2613.975098>>
SCRIPT       : [JunkYardDog] -- Adding Salvage Point to <Land_Wreck_S1023_Blue<9a9d4930>> at Pos <<4260.895020, 6.965225, 2608.278809>>
SCRIPT       : [JunkYardDog] -- Adding Fuel Point to <Land_Wreck_S1023_Blue<9a9d4930>> at Pos <<4260.895020, 6.965225, 2608.278809>>
SCRIPT       : [JunkYardDog] -- Adding Salvage Point to <Land_Wreck_S1023_Beige<9a9d6460>> at Pos <<4296.479492, 6.999133, 2565.476074>>
SCRIPT       : [JunkYardDog] -- Adding Fuel Point to <Land_Wreck_S1023_Beige<9a9d6460>> at Pos <<4296.479492, 6.999133, 2565.476074>>
SCRIPT       : [JunkYardDog] -- Adding Salvage Point to <Land_Wreck_sed01_aban1_wine<9a9d6d70>> at Pos <<4122.398438, 9.277096, 2768.378906>>
SCRIPT       : [JunkYardDog] -- Adding Fuel Point to <Land_Wreck_sed01_aban1_wine<9a9d6d70>> at Pos <<4122.398438, 9.277096, 2768.378906>>
SCRIPT       : [JunkYardDog] -- Adding Salvage Point to <Land_wreck_truck01_aban1_green<9a9aa180>> at Pos <<1934.232788, 54.828510, 2858.422119>>
SCRIPT       : [JunkYardDog] -- Adding Fuel Point to <Land_wreck_truck01_aban1_green<9a9aa180>> at Pos <<1934.232788, 54.828510, 2858.422119>>
SCRIPT       : [JunkYardDog] -- Adding Salvage Point to <Land_wreck_truck01_aban1_green<9a9ab3a0>> at Pos <<1920.850708, 54.800152, 2904.254150>>
SCRIPT       : [JunkYardDog] -- Adding Fuel Point to <Land_wreck_truck01_aban1_green<9a9ab3a0>> at Pos <<1920.850708, 54.800152, 2904.254150>>
SCRIPT       : [JunkYardDog] -- Adding Salvage Point to <Static_Wreck_S120_Red<99457400>> at Pos <<1939.939331, 55.382698, 2938.134766>>
SCRIPT       : [JunkYardDog] -- Adding Fuel Point to <Static_Wreck_S120_Red<99457400>> at Pos <<1939.939331, 55.382698, 2938.134766>>
SCRIPT       : [JunkYardDog] -- Adding Salvage Point to <Land_Wreck_S1023_Beige<9a9aea00>> at Pos <<1930.298584, 55.799137, 2934.709229>>
SCRIPT       : [JunkYardDog] -- Adding Fuel Point to <Land_Wreck_S1023_Beige<9a9aea00>> at Pos <<1930.298584, 55.799137, 2934.709229>>
SCRIPT       : [JunkYardDog] -- Adding Salvage Point to <Land_Wreck_Volha_Grey<9a9af310>> at Pos <<1930.070190, 55.536770, 2922.758789>>
SCRIPT       : [JunkYardDog] -- Adding Fuel Point to <Land_Wreck_Volha_Grey<9a9af310>> at Pos <<1930.070190, 55.536770, 2922.758789>>
SCRIPT       : [JunkYardDog] -- Adding Salvage Point to <Land_Wreck_sed02_aban1_red<9a9b2970>> at Pos <<1944.047974, 55.661205, 2940.372803>>
SCRIPT       : [JunkYardDog] -- Adding Fuel Point to <Land_Wreck_sed02_aban1_red<9a9b2970>> at Pos <<1944.047974, 55.661205, 2940.372803>>
SCRIPT       : [JunkYardDog] -- Adding Salvage Point to <Land_Wreck_Volha_Blue<9a9b3280>> at Pos <<1980.411499, 55.572750, 2853.582520>>
SCRIPT       : [JunkYardDog] -- Adding Fuel Point to <Land_Wreck_Volha_Blue<9a9b3280>> at Pos <<1980.411499, 55.572750, 2853.582520>>
SCRIPT       : [JunkYardDog] -- Adding Salvage Point to <Land_Wreck_S1023_Blue<9a9b56c0>> at Pos <<1953.849731, 55.799133, 2932.054688>>
SCRIPT       : [JunkYardDog] -- Adding Fuel Point to <Land_Wreck_S1023_Blue<9a9b56c0>> at Pos <<1953.849731, 55.799133, 2932.054688>>
SCRIPT       : [JunkYardDog] -- Adding Salvage Point to <Land_Wreck_sed01_aban1_black<9a9b8d20>> at Pos <<2035.736328, 55.551632, 2929.536377>>
SCRIPT       : [JunkYardDog] -- Adding Fuel Point to <Land_Wreck_sed01_aban1_black<9a9b8d20>> at Pos <<2035.736328, 55.551632, 2929.536377>>
SCRIPT       : [JunkYardDog] -- Adding Salvage Point to <Land_wreck_truck01_aban2_green<9a9bdeb0>> at Pos <<1990.463745, 54.799999, 2950.553223>>
SCRIPT       : [JunkYardDog] -- Adding Fuel Point to <Land_wreck_truck01_aban2_green<9a9bdeb0>> at Pos <<1990.463745, 54.799999, 2950.553223>>
SCRIPT       : [JunkYardDog] -- Adding Salvage Point to <Land_Wreck_hb01_aban1_blue<9a9c2730>> at Pos <<2043.501099, 55.861992, 3065.846924>>
SCRIPT       : [JunkYardDog] -- Adding Fuel Point to <Land_Wreck_hb01_aban1_blue<9a9c2730>> at Pos <<2043.501099, 55.861992, 3065.846924>>
SCRIPT       : [JunkYardDog] -- Adding Salvage Point to <Land_Wreck_sed01_aban2_wine<9b6cde40>> at Pos <<2450.893066, 55.553318, 3067.573486>>
SCRIPT       : [JunkYardDog] -- Adding Fuel Point to <Land_Wreck_sed01_aban2_wine<9b6cde40>> at Pos <<2450.893066, 55.553318, 3067.573486>>
SCRIPT       : [JunkYardDog] -- Adding Salvage Point to <Static_Wreck_S120_Red<9980b4d0>> at Pos <<2498.068848, 55.382694, 3054.574707>>
SCRIPT       : [JunkYardDog] -- Adding Fuel Point to <Static_Wreck_S120_Red<9980b4d0>> at Pos <<2498.068848, 55.382694, 3054.574707>>
SCRIPT       : [JunkYardDog] -- Adding Salvage Point to <Land_wreck_truck01_aban1_blue<9b6ddc00>> at Pos <<2613.369141, 54.805931, 3066.370605>>
SCRIPT       : [JunkYardDog] -- Adding Fuel Point to <Land_wreck_truck01_aban1_blue<9b6ddc00>> at Pos <<2613.369141, 54.805931, 3066.370605>>
SCRIPT       : [JunkYardDog] -- Adding Salvage Point to <Land_wreck_truck01_aban2_blue<9b6dd2f0>> at Pos <<1214.274780, 26.349161, 3033.826904>>
SCRIPT       : [JunkYardDog] -- Adding Fuel Point to <Land_wreck_truck01_aban2_blue<9b6dd2f0>> at Pos <<1214.274780, 26.349161, 3033.826904>>
SCRIPT       : [JunkYardDog] -- Adding Salvage Point to <Land_Wreck_hb01_aban2_green<9b6e2480>> at Pos <<1198.017334, 27.506042, 3042.165283>>
SCRIPT       : [JunkYardDog] -- Adding Fuel Point to <Land_Wreck_hb01_aban2_green<9b6e2480>> at Pos <<1198.017334, 27.506042, 3042.165283>>
SCRIPT       : [JunkYardDog] -- Adding Salvage Point to <Land_wreck_truck01_aban1_green<9b6de510>> at Pos <<1216.473511, 26.249359, 3042.851318>>
SCRIPT       : [JunkYardDog] -- Adding Fuel Point to <Land_wreck_truck01_aban1_green<9b6de510>> at Pos <<1216.473511, 26.249359, 3042.851318>>
SCRIPT       : [JunkYardDog] -- Adding Salvage Point to <Static_Wreck_Digger<9add9300>> at Pos <<1234.941895, 29.407801, 3115.296387>>
SCRIPT       : [JunkYardDog] -- Adding Fuel Point to <Static_Wreck_Digger<9add9300>> at Pos <<1234.941895, 29.407801, 3115.296387>>
SCRIPT       : [JunkYardDog] -- Adding Salvage Point to <Land_Wreck_Lada_Red<9b6b3d60>> at Pos <<2287.553955, 55.461494, 3071.835693>>
SCRIPT       : [JunkYardDog] -- Adding Fuel Point to <Land_Wreck_Lada_Red<9b6b3d60>> at Pos <<2287.553955, 55.461494, 3071.835693>>
SCRIPT       : [JunkYardDog] -- Adding Salvage Point to <Land_Wreck_hb01_aban1_white<9b6bc550>> at Pos <<2321.245850, 55.861988, 3077.503174>>
SCRIPT       : [JunkYardDog] -- Adding Fuel Point to <Land_Wreck_hb01_aban1_white<9b6bc550>> at Pos <<2321.245850, 55.861988, 3077.503174>>
SCRIPT       : [JunkYardDog] -- Adding Salvage Point to <Land_Wreck_hb02_aban1_red<9b6bce60>> at Pos <<2323.665283, 55.559822, 3095.309570>>
SCRIPT       : [JunkYardDog] -- Adding Fuel Point to <Land_Wreck_hb02_aban1_red<9b6bce60>> at Pos <<2323.665283, 55.559822, 3095.309570>>
SCRIPT       : [JunkYardDog] -- Adding Salvage Point to <Land_Wreck_S1023_Beige<9b6b9800>> at Pos <<2327.708740, 55.799133, 3096.558594>>
SCRIPT       : [JunkYardDog] -- Adding Fuel Point to <Land_Wreck_S1023_Beige<9b6b9800>> at Pos <<2327.708740, 55.799133, 3096.558594>>
SCRIPT       : [JunkYardDog] -- Adding Salvage Point to <Land_Wreck_Volha_Blue<9b6b7cd0>> at Pos <<2335.622314, 55.532642, 3080.989258>>
SCRIPT       : [JunkYardDog] -- Adding Fuel Point to <Land_Wreck_Volha_Blue<9b6b7cd0>> at Pos <<2335.622314, 55.532642, 3080.989258>>
SCRIPT       : [JunkYardDog] -- Adding Salvage Point to <Static_Wreck_S120_Red<9de7f290>> at Pos <<2338.598389, 55.382694, 3073.794678>>
SCRIPT       : [JunkYardDog] -- Adding Fuel Point to <Static_Wreck_S120_Red<9de7f290>> at Pos <<2338.598389, 55.382694, 3073.794678>>
SCRIPT       : [JunkYardDog] -- Adding Salvage Point to <Land_Wreck_Volha_Blue<9b6c16e0>> at Pos <<2409.993408, 55.532642, 3103.223389>>
SCRIPT       : [JunkYardDog] -- Adding Fuel Point to <Land_Wreck_Volha_Blue<9b6c16e0>> at Pos <<2409.993408, 55.532642, 3103.223389>>
SCRIPT       : [JunkYardDog] -- Adding Salvage Point to <Land_Wreck_S1023_Beige<9b6c83a0>> at Pos <<2414.080322, 55.799133, 3146.057617>>
SCRIPT       : [JunkYardDog] -- Adding Fuel Point to <Land_Wreck_S1023_Beige<9b6c83a0>> at Pos <<2414.080322, 55.799133, 3146.057617>>
SCRIPT       : [JunkYardDog] -- Adding Salvage Point to <Land_Wreck_S1023_Blue<9e437a80>> at Pos <<2247.904053, 55.799133, 3316.416992>>
SCRIPT       : [JunkYardDog] -- Adding Fuel Point to <Land_Wreck_S1023_Blue<9e437a80>> at Pos <<2247.904053, 55.799133, 3316.416992>>
SCRIPT       : [JunkYardDog] -- Adding Salvage Point to <Static_Wreck_Digger<9d9f8d90>> at Pos <<6431.323242, 14.329387, 3438.257080>>
SCRIPT       : [JunkYardDog] -- Adding Fuel Point to <Static_Wreck_Digger<9d9f8d90>> at Pos <<6431.323242, 14.329387, 3438.257080>>
SCRIPT       : [JunkYardDog] -- Adding Salvage Point to <Land_wreck_truck01_aban2_blue<9e449c80>> at Pos <<1696.540405, 42.930370, 3508.934570>>
SCRIPT       : [JunkYardDog] -- Adding Fuel Point to <Land_wreck_truck01_aban2_blue<9e449c80>> at Pos <<1696.540405, 42.930370, 3508.934570>>
SCRIPT       : [JunkYardDog] -- Adding Salvage Point to <Land_Wreck_hb01_aban1_blue<9e462230>> at Pos <<1343.029663, 87.739403, 3571.526367>>
SCRIPT       : [JunkYardDog] -- Adding Fuel Point to <Land_Wreck_hb01_aban1_blue<9e462230>> at Pos <<1343.029663, 87.739403, 3571.526367>>
SCRIPT       : [JunkYardDog] -- Adding Salvage Point to <Land_Wreck_S1023_Beige<9e462b40>> at Pos <<1329.356201, 87.726799, 3580.858887>>
SCRIPT       : [JunkYardDog] -- Adding Fuel Point to <Land_Wreck_S1023_Beige<9e462b40>> at Pos <<1329.356201, 87.726799, 3580.858887>>
SCRIPT       : [JunkYardDog] -- Adding Salvage Point to <Land_Wreck_sed01_aban2_white<9e463d60>> at Pos <<1343.403076, 87.473160, 3579.755859>>
SCRIPT       : [JunkYardDog] -- Adding Fuel Point to <Land_Wreck_sed01_aban2_white<9e463d60>> at Pos <<1343.403076, 87.473160, 3579.755859>>
SCRIPT       : [JunkYardDog] -- Adding Salvage Point to <Land_Wreck_V3S<9e461010>> at Pos <<6412.112793, 22.770052, 3568.562012>>
SCRIPT       : [JunkYardDog] -- Adding Fuel Point to <Land_Wreck_V3S<9e461010>> at Pos <<6412.112793, 22.770052, 3568.562012>>
SCRIPT       : [JunkYardDog] -- Adding Salvage Point to <Land_Wreck_Lada_Green<9e46fbb0>> at Pos <<6585.142090, 15.063731, 3507.385010>>
SCRIPT       : [JunkYardDog] -- Adding Fuel Point to <Land_Wreck_Lada_Green<9e46fbb0>> at Pos <<6585.142090, 15.063731, 3507.385010>>
SCRIPT       : [JunkYardDog] -- Adding Salvage Point to <Static_Wreck_HMMWV<9af323f0>> at Pos <<6495.533203, 23.534365, 3766.114502>>
SCRIPT       : [JunkYardDog] -- Adding Fuel Point to <Static_Wreck_HMMWV<9af323f0>> at Pos <<6495.533203, 23.534365, 3766.114502>>
SCRIPT       : [JunkYardDog] -- Adding Salvage Point to <Land_Wreck_sed01_aban2_black<a0cd3ba0>> at Pos <<6534.962402, 23.013319, 3719.502197>>
SCRIPT       : [JunkYardDog] -- Adding Fuel Point to <Land_Wreck_sed01_aban2_black<a0cd3ba0>> at Pos <<6534.962402, 23.013319, 3719.502197>>
SCRIPT       : [JunkYardDog] -- Adding Salvage Point to <Land_Wreck_hb02_aban2_black<a0cd4dc0>> at Pos <<6553.659668, 22.963728, 3725.037842>>
SCRIPT       : [JunkYardDog] -- Adding Fuel Point to <Land_Wreck_hb02_aban2_black<a0cd4dc0>> at Pos <<6553.659668, 22.963728, 3725.037842>>
SCRIPT       : [JunkYardDog] -- Adding Salvage Point to <Land_Wreck_Lada_Red<a0cd2070>> at Pos <<6584.922852, 22.921497, 3731.354248>>
SCRIPT       : [JunkYardDog] -- Adding Fuel Point to <Land_Wreck_Lada_Red<a0cd2070>> at Pos <<6584.922852, 22.921497, 3731.354248>>
SCRIPT       : [JunkYardDog] -- Adding Salvage Point to <Land_Wreck_hb02_aban2_blue<a0cd9640>> at Pos <<6562.586426, 22.963718, 3726.796387>>
SCRIPT       : [JunkYardDog] -- Adding Fuel Point to <Land_Wreck_hb02_aban2_blue<a0cd9640>> at Pos <<6562.586426, 22.963718, 3726.796387>>
SCRIPT       : [JunkYardDog] -- Adding Salvage Point to <Land_Wreck_sed02_aban2_grey<a0cf2e10>> at Pos <<4699.536621, 63.070290, 3860.949463>>
SCRIPT       : [JunkYardDog] -- Adding Fuel Point to <Land_Wreck_sed02_aban2_grey<a0cf2e10>> at Pos <<4699.536621, 63.070290, 3860.949463>>
SCRIPT       : [JunkYardDog] -- Adding Salvage Point to <Land_Wreck_sed02_aban2_grey<a0ced370>> at Pos <<4724.853027, 63.586708, 3853.726563>>
SCRIPT       : [JunkYardDog] -- Adding Fuel Point to <Land_Wreck_sed02_aban2_grey<a0ced370>> at Pos <<4724.853027, 63.586708, 3853.726563>>
SCRIPT       : [JunkYardDog] -- Adding Salvage Point to <Land_Wreck_S1023_Blue<a0cf7fa0>> at Pos <<4803.539551, 64.369133, 3728.862305>>
SCRIPT       : [JunkYardDog] -- Adding Fuel Point to <Land_Wreck_S1023_Blue<a0cf7fa0>> at Pos <<4803.539551, 64.369133, 3728.862305>>
SCRIPT       : [JunkYardDog] -- Adding Salvage Point to <Land_Wreck_hb01_aban2_green<a0cfacf0>> at Pos <<4824.525391, 64.387871, 3779.143555>>
SCRIPT       : [JunkYardDog] -- Adding Fuel Point to <Land_Wreck_hb01_aban2_green<a0cfacf0>> at Pos <<4824.525391, 64.387871, 3779.143555>>
SCRIPT       : [JunkYardDog] -- Adding Salvage Point to <Land_Wreck_S1023_Beige<a0cfbf10>> at Pos <<4840.718750, 64.368256, 3751.240479>>
SCRIPT       : [JunkYardDog] -- Adding Fuel Point to <Land_Wreck_S1023_Beige<a0cfbf10>> at Pos <<4840.718750, 64.368256, 3751.240479>>
SCRIPT       : [JunkYardDog] -- Adding Salvage Point to <Land_Wreck_hb01_aban2_green<a0cfc820>> at Pos <<4839.553223, 64.305542, 3765.230713>>
SCRIPT       : [JunkYardDog] -- Adding Fuel Point to <Land_Wreck_hb01_aban2_green<a0cfc820>> at Pos <<4839.553223, 64.305542, 3765.230713>>
SCRIPT       : [JunkYardDog] -- Adding Salvage Point to <Land_wreck_truck01_aban2_blue<a0d06b40>> at Pos <<2434.342529, 21.006132, 4156.385254>>
SCRIPT       : [JunkYardDog] -- Adding Fuel Point to <Land_wreck_truck01_aban2_blue<a0d06b40>> at Pos <<2434.342529, 21.006132, 4156.385254>>
SCRIPT       : [JunkYardDog] -- Adding Salvage Point to <Land_wreck_truck01_aban1_green<a0d07d60>> at Pos <<2459.361816, 21.701231, 4187.918457>>
SCRIPT       : [JunkYardDog] -- Adding Fuel Point to <Land_wreck_truck01_aban1_green<a0d07d60>> at Pos <<2459.361816, 21.701231, 4187.918457>>
SCRIPT       : [JunkYardDog] -- Adding Salvage Point to <Land_Wreck_hb02_aban2_blue<a1534d30>> at Pos <<2611.024414, 22.455366, 4323.901855>>
SCRIPT       : [JunkYardDog] -- Adding Fuel Point to <Land_Wreck_hb02_aban2_blue<a1534d30>> at Pos <<2611.024414, 22.455366, 4323.901855>>
SCRIPT       : [JunkYardDog] -- Adding Salvage Point to <Static_Wreck_Ural<9e4e5b30>> at Pos <<2640.219971, 22.937519, 4311.674805>>
SCRIPT       : [JunkYardDog] -- Adding Fuel Point to <Static_Wreck_Ural<9e4e5b30>> at Pos <<2640.219971, 22.937519, 4311.674805>>
SCRIPT       : [JunkYardDog] -- Adding Salvage Point to <Land_wreck_truck01_aban1_green<a152f290>> at Pos <<2655.608398, 21.749977, 4346.634277>>
SCRIPT       : [JunkYardDog] -- Adding Fuel Point to <Land_wreck_truck01_aban1_green<a152f290>> at Pos <<2655.608398, 21.749977, 4346.634277>>
SCRIPT       : [JunkYardDog] -- Adding Salvage Point to <Land_Wreck_hb02_aban1_blue<a1537a80>> at Pos <<2676.558350, 22.509787, 4258.541504>>
SCRIPT       : [JunkYardDog] -- Adding Fuel Point to <Land_Wreck_hb02_aban1_blue<a1537a80>> at Pos <<2676.558350, 22.509787, 4258.541504>>
SCRIPT       : [JunkYardDog] -- Adding Salvage Point to <Land_Wreck_hb01_aban2_green<a1539ec0>> at Pos <<2684.344971, 22.680710, 4261.977051>>
SCRIPT       : [JunkYardDog] -- Adding Fuel Point to <Land_Wreck_hb01_aban2_green<a1539ec0>> at Pos <<2684.344971, 22.680710, 4261.977051>>
SCRIPT       : [JunkYardDog] -- Adding Salvage Point to <Land_Wreck_sed01_aban2_black<a153de30>> at Pos <<2691.470703, 22.503296, 4264.389648>>
SCRIPT       : [JunkYardDog] -- Adding Fuel Point to <Land_Wreck_sed01_aban2_black<a153de30>> at Pos <<2691.470703, 22.503296, 4264.389648>>
SCRIPT       : [JunkYardDog] -- Adding Salvage Point to <Land_wreck_truck01_aban1_green<a15395b0>> at Pos <<2716.256348, 21.749977, 4308.479004>>
SCRIPT       : [JunkYardDog] -- Adding Fuel Point to <Land_wreck_truck01_aban1_green<a15395b0>> at Pos <<2716.256348, 21.749977, 4308.479004>>
SCRIPT       : [JunkYardDog] -- Adding Salvage Point to <Static_Wreck_Ural<a3ba3d40>> at Pos <<2742.193359, 22.937517, 4214.781738>>
SCRIPT       : [JunkYardDog] -- Adding Fuel Point to <Static_Wreck_Ural<a3ba3d40>> at Pos <<2742.193359, 22.937517, 4214.781738>>
SCRIPT       : [JunkYardDog] -- Adding Salvage Point to <Land_Wreck_sed01_aban2_white<a1540270>> at Pos <<2737.497559, 22.503317, 4281.575684>>
SCRIPT       : [JunkYardDog] -- Adding Fuel Point to <Land_Wreck_sed01_aban2_white<a1540270>> at Pos <<2737.497559, 22.503317, 4281.575684>>
SCRIPT       : [JunkYardDog] -- Adding Salvage Point to <Static_Wreck_Ural<a3b9f340>> at Pos <<2741.775635, 22.937517, 4281.863281>>
SCRIPT       : [JunkYardDog] -- Adding Fuel Point to <Static_Wreck_Ural<a3b9f340>> at Pos <<2741.775635, 22.937517, 4281.863281>>
SCRIPT       : [JunkYardDog] -- Adding Salvage Point to <Land_Wreck_sed02_aban2_red<a1540b80>> at Pos <<2738.569580, 22.408852, 4322.895020>>
SCRIPT       : [JunkYardDog] -- Adding Fuel Point to <Land_Wreck_sed02_aban2_red<a1540b80>> at Pos <<2738.569580, 22.408852, 4322.895020>>
SCRIPT       : [JunkYardDog] -- Adding Salvage Point to <Land_wreck_truck01_aban1_blue<a154d2e0>> at Pos <<2798.806152, 21.769676, 4212.787109>>
SCRIPT       : [JunkYardDog] -- Adding Fuel Point to <Land_wreck_truck01_aban1_blue<a154d2e0>> at Pos <<2798.806152, 21.769676, 4212.787109>>
SCRIPT       : [JunkYardDog] -- Adding Salvage Point to <Land_Wreck_V3S<a154f720>> at Pos <<2784.825928, 23.352980, 4211.248535>>
SCRIPT       : [JunkYardDog] -- Adding Fuel Point to <Land_Wreck_V3S<a154f720>> at Pos <<2784.825928, 23.352980, 4211.248535>>
SCRIPT       : [JunkYardDog] -- Adding Salvage Point to <Land_Wreck_hb01_aban2_green<a154dbf0>> at Pos <<2807.488037, 22.720764, 4245.785645>>
SCRIPT       : [JunkYardDog] -- Adding Fuel Point to <Land_Wreck_hb01_aban2_green<a154dbf0>> at Pos <<2807.488037, 22.720764, 4245.785645>>
SCRIPT       : [JunkYardDog] -- Adding Salvage Point to <Land_Wreck_S1023_Beige<a1558820>> at Pos <<2819.717773, 22.749136, 4178.873047>>
SCRIPT       : [JunkYardDog] -- Adding Fuel Point to <Land_Wreck_S1023_Beige<a1558820>> at Pos <<2819.717773, 22.749136, 4178.873047>>
SCRIPT       : [JunkYardDog] -- Adding Salvage Point to <Land_Wreck_sed02_aban1_yellow<a1552d80>> at Pos <<2818.235596, 22.611118, 4184.325684>>
SCRIPT       : [JunkYardDog] -- Adding Fuel Point to <Land_Wreck_sed02_aban1_yellow<a1552d80>> at Pos <<2818.235596, 22.611118, 4184.325684>>
SCRIPT       : [JunkYardDog] -- Adding Salvage Point to <Land_Wreck_hb02_aban2_blue<a1553fa0>> at Pos <<2816.620850, 22.453724, 4193.337402>>
SCRIPT       : [JunkYardDog] -- Adding Fuel Point to <Land_Wreck_hb02_aban2_blue<a1553fa0>> at Pos <<2816.620850, 22.453724, 4193.337402>>
SCRIPT       : [JunkYardDog] -- Adding Salvage Point to <Land_Wreck_hb01_aban2_green<a1556cf0>> at Pos <<2869.579834, 22.680765, 4246.282715>>
SCRIPT       : [JunkYardDog] -- Adding Fuel Point to <Land_Wreck_hb01_aban2_green<a1556cf0>> at Pos <<2869.579834, 22.680765, 4246.282715>>
SCRIPT       : [JunkYardDog] -- Adding Salvage Point to <Land_Wreck_S1023_Beige<a155e2c0>> at Pos <<4001.612305, 10.098495, 4167.442383>>
SCRIPT       : [JunkYardDog] -- Adding Fuel Point to <Land_Wreck_S1023_Beige<a155e2c0>> at Pos <<4001.612305, 10.098495, 4167.442383>>
SCRIPT       : [JunkYardDog] -- Adding Salvage Point to <Land_wreck_truck01_aban1_green<a1569800>> at Pos <<2667.069336, 21.749977, 4397.702148>>
SCRIPT       : [JunkYardDog] -- Adding Fuel Point to <Land_wreck_truck01_aban1_green<a1569800>> at Pos <<2667.069336, 21.749977, 4397.702148>>
SCRIPT       : [JunkYardDog] -- Adding Salvage Point to <Land_wreck_truck01_aban1_green<a1568ef0>> at Pos <<3034.269531, 14.499722, 4376.473145>>
SCRIPT       : [JunkYardDog] -- Adding Fuel Point to <Land_wreck_truck01_aban1_green<a1568ef0>> at Pos <<3034.269531, 14.499722, 4376.473145>>
SCRIPT       : [JunkYardDog] -- Adding Salvage Point to <Static_Wreck_S120_Red<a5b833a0>> at Pos <<3028.754395, 13.345691, 4427.288574>>
SCRIPT       : [JunkYardDog] -- Adding Fuel Point to <Static_Wreck_S120_Red<a5b833a0>> at Pos <<3028.754395, 13.345691, 4427.288574>>
SCRIPT       : [JunkYardDog] -- Adding Salvage Point to <Land_Wreck_S1023_Beige<a156aa20>> at Pos <<3037.876465, 13.316017, 4439.616699>>
SCRIPT       : [JunkYardDog] -- Adding Fuel Point to <Land_Wreck_S1023_Beige<a156aa20>> at Pos <<3037.876465, 13.316017, 4439.616699>>
SCRIPT       : [JunkYardDog] -- Adding Salvage Point to <Land_Wreck_Uaz<a1564f80>> at Pos <<3163.105225, 7.549609, 4476.195313>>
SCRIPT       : [JunkYardDog] -- Adding Fuel Point to <Land_Wreck_Uaz<a1564f80>> at Pos <<3163.105225, 7.549609, 4476.195313>>
SCRIPT       : [JunkYardDog] -- Adding Salvage Point to <Land_wreck_truck01_aban2_blue<a424e290>> at Pos <<4054.410400, 25.371117, 4482.943359>>
SCRIPT       : [JunkYardDog] -- Adding Fuel Point to <Land_wreck_truck01_aban2_blue<a424e290>> at Pos <<4054.410400, 25.371117, 4482.943359>>
SCRIPT       : [JunkYardDog] -- Adding Salvage Point to <Land_Wreck_sed02_aban2_red<a425b300>> at Pos <<3720.454102, 7.656665, 4651.894531>>
SCRIPT       : [JunkYardDog] -- Adding Fuel Point to <Land_Wreck_sed02_aban2_red<a425b300>> at Pos <<3720.454102, 7.656665, 4651.894531>>
SCRIPT       : [JunkYardDog] -- Adding Salvage Point to <Land_Wreck_sed01_aban1_wine<a42597d0>> at Pos <<3758.914551, 10.737926, 4563.136719>>
SCRIPT       : [JunkYardDog] -- Adding Fuel Point to <Land_Wreck_sed01_aban1_wine<a42597d0>> at Pos <<3758.914551, 10.737926, 4563.136719>>
SCRIPT       : [JunkYardDog] -- Adding Salvage Point to <Land_Wreck_sed02_aban1_yellow<a4257390>> at Pos <<3752.456299, 10.551923, 4569.893555>>
SCRIPT       : [JunkYardDog] -- Adding Fuel Point to <Land_Wreck_sed02_aban1_yellow<a4257390>> at Pos <<3752.456299, 10.551923, 4569.893555>>
SCRIPT       : [JunkYardDog] -- Adding Salvage Point to <Land_Wreck_sed02_aban2_red<a425a9f0>> at Pos <<3759.895508, 8.890735, 4681.981934>>
SCRIPT       : [JunkYardDog] -- Adding Fuel Point to <Land_Wreck_sed02_aban2_red<a425a9f0>> at Pos <<3759.895508, 8.890735, 4681.981934>>
SCRIPT       : [JunkYardDog] -- Adding Salvage Point to <Land_Wreck_hb01_aban1_green<a4254f50>> at Pos <<3787.610352, 12.150294, 4556.134277>>
SCRIPT       : [JunkYardDog] -- Adding Fuel Point to <Land_Wreck_hb01_aban1_green<a4254f50>> at Pos <<3787.610352, 12.150294, 4556.134277>>
SCRIPT       : [JunkYardDog] -- Adding Salvage Point to <Land_Wreck_sed02_aban1_red<a4261fc0>> at Pos <<3799.863770, 12.094937, 4557.030762>>
SCRIPT       : [JunkYardDog] -- Adding Fuel Point to <Land_Wreck_sed02_aban1_red<a4261fc0>> at Pos <<3799.863770, 12.094937, 4557.030762>>
SCRIPT       : [JunkYardDog] -- Adding Salvage Point to <Land_Wreck_sed01_aban2_wine<a425d740>> at Pos <<3794.759766, 10.982101, 4592.108887>>
SCRIPT       : [JunkYardDog] -- Adding Fuel Point to <Land_Wreck_sed01_aban2_wine<a425d740>> at Pos <<3794.759766, 10.982101, 4592.108887>>
SCRIPT       : [JunkYardDog] -- Adding Salvage Point to <Land_Wreck_S1023_Beige<a425f270>> at Pos <<3783.975830, 10.802316, 4651.212891>>
SCRIPT       : [JunkYardDog] -- Adding Fuel Point to <Land_Wreck_S1023_Beige<a425f270>> at Pos <<3783.975830, 10.802316, 4651.212891>>
SCRIPT       : [JunkYardDog] -- Adding Salvage Point to <Land_Wreck_S1023_Blue<a425e960>> at Pos <<3780.867676, 10.299513, 4680.508789>>
SCRIPT       : [JunkYardDog] -- Adding Fuel Point to <Land_Wreck_S1023_Blue<a425e960>> at Pos <<3780.867676, 10.299513, 4680.508789>>
SCRIPT       : [JunkYardDog] -- Adding Salvage Point to <Land_Wreck_hb02_aban1_black<a4265620>> at Pos <<3811.658203, 11.105092, 4603.321289>>
SCRIPT       : [JunkYardDog] -- Adding Fuel Point to <Land_Wreck_hb02_aban1_black<a4265620>> at Pos <<3811.658203, 11.105092, 4603.321289>>
SCRIPT       : [JunkYardDog] -- Adding Salvage Point to <Land_Wreck_S1023_Blue<a4265f30>> at Pos <<3816.421143, 11.599008, 4671.567383>>
SCRIPT       : [JunkYardDog] -- Adding Fuel Point to <Land_Wreck_S1023_Blue<a4265f30>> at Pos <<3816.421143, 11.599008, 4671.567383>>
SCRIPT       : [JunkYardDog] -- Adding Salvage Point to <Land_Wreck_hb01_aban2_green<a4268370>> at Pos <<3858.355957, 13.656607, 4667.207031>>
SCRIPT       : [JunkYardDog] -- Adding Fuel Point to <Land_Wreck_hb01_aban2_green<a4268370>> at Pos <<3858.355957, 13.656607, 4667.207031>>
SCRIPT       : [JunkYardDog] -- Adding Salvage Point to <Land_Wreck_sed02_aban1_grey<a426b0c0>> at Pos <<6078.857422, 56.621117, 4659.589844>>
SCRIPT       : [JunkYardDog] -- Adding Fuel Point to <Land_Wreck_sed02_aban1_grey<a426b0c0>> at Pos <<6078.857422, 56.621117, 4659.589844>>
SCRIPT       : [JunkYardDog] -- Adding Salvage Point to <Land_Wreck_V3S<a426a7b0>> at Pos <<6070.980957, 57.362949, 4666.796875>>
SCRIPT       : [JunkYardDog] -- Adding Fuel Point to <Land_Wreck_V3S<a426a7b0>> at Pos <<6070.980957, 57.362949, 4666.796875>>
SCRIPT       : [JunkYardDog] -- Adding Salvage Point to <Land_Wreck_hb02_aban1_red<a426f940>> at Pos <<6099.882324, 56.519821, 4632.969238>>
SCRIPT       : [JunkYardDog] -- Adding Fuel Point to <Land_Wreck_hb02_aban1_red<a426f940>> at Pos <<6099.882324, 56.519821, 4632.969238>>
SCRIPT       : [JunkYardDog] -- Adding Salvage Point to <Land_Wreck_hb02_aban2_blue<a4270250>> at Pos <<6109.472656, 56.697895, 4610.290527>>
SCRIPT       : [JunkYardDog] -- Adding Fuel Point to <Land_Wreck_hb02_aban2_blue<a4270250>> at Pos <<6109.472656, 56.697895, 4610.290527>>
SCRIPT       : [JunkYardDog] -- Adding Salvage Point to <Land_Wreck_hb02_aban2_black<a4274ad0>> at Pos <<6112.343262, 56.735878, 4614.326660>>
SCRIPT       : [JunkYardDog] -- Adding Fuel Point to <Land_Wreck_hb02_aban2_black<a4274ad0>> at Pos <<6112.343262, 56.735878, 4614.326660>>
SCRIPT       : [JunkYardDog] -- Adding Salvage Point to <Land_Wreck_sed02_aban1_yellow<a427c9b0>> at Pos <<4114.163574, 19.449715, 4717.878418>>
SCRIPT       : [JunkYardDog] -- Adding Fuel Point to <Land_Wreck_sed02_aban1_yellow<a427c9b0>> at Pos <<4114.163574, 19.449715, 4717.878418>>
SCRIPT       : [JunkYardDog] -- Adding Salvage Point to <Land_wreck_truck01_aban1_green<a427d2c0>> at Pos <<4122.627930, 18.290009, 4743.172852>>
SCRIPT       : [JunkYardDog] -- Adding Fuel Point to <Land_wreck_truck01_aban1_green<a427d2c0>> at Pos <<4122.627930, 18.290009, 4743.172852>>
SCRIPT       : [JunkYardDog] -- Adding Salvage Point to <Land_wreck_truck01_aban2_green<a4280010>> at Pos <<4108.664551, 18.289909, 4744.322754>>
SCRIPT       : [JunkYardDog] -- Adding Fuel Point to <Land_wreck_truck01_aban2_green<a4280010>> at Pos <<4108.664551, 18.289909, 4744.322754>>
SCRIPT       : [JunkYardDog] -- Adding Salvage Point to <Land_Wreck_Volha_Grey<a427dbd0>> at Pos <<4100.645020, 19.026533, 4759.570313>>
SCRIPT       : [JunkYardDog] -- Adding Fuel Point to <Land_Wreck_Volha_Grey<a427dbd0>> at Pos <<4100.645020, 19.026533, 4759.570313>>
SCRIPT       : [JunkYardDog] -- Adding Salvage Point to <Land_Wreck_sed02_aban1_red<a427edf0>> at Pos <<4107.166992, 19.151075, 4755.400879>>
SCRIPT       : [JunkYardDog] -- Adding Fuel Point to <Land_Wreck_sed02_aban1_red<a427edf0>> at Pos <<4107.166992, 19.151075, 4755.400879>>
SCRIPT       : [JunkYardDog] -- Adding Salvage Point to <Land_Wreck_S1023_Beige<a4280920>> at Pos <<4149.750000, 19.289003, 4715.800781>>
SCRIPT       : [JunkYardDog] -- Adding Fuel Point to <Land_Wreck_S1023_Beige<a4280920>> at Pos <<4149.750000, 19.289003, 4715.800781>>
SCRIPT       : [JunkYardDog] -- Adding Salvage Point to <Static_Wreck_S120_Red<a3764e20>> at Pos <<4136.913574, 18.872761, 4765.711914>>
SCRIPT       : [JunkYardDog] -- Adding Fuel Point to <Static_Wreck_S120_Red<a3764e20>> at Pos <<4136.913574, 18.872761, 4765.711914>>
SCRIPT       : [JunkYardDog] -- Adding Salvage Point to <Land_Wreck_S1023_Blue<a4285ab0>> at Pos <<4129.161133, 19.288994, 4773.328125>>
SCRIPT       : [JunkYardDog] -- Adding Fuel Point to <Land_Wreck_S1023_Blue<a4285ab0>> at Pos <<4129.161133, 19.288994, 4773.328125>>
SCRIPT       : [JunkYardDog] -- Adding Salvage Point to <Land_Wreck_S1023_Beige<a4286cd0>> at Pos <<4147.642090, 19.289003, 4799.933105>>
SCRIPT       : [JunkYardDog] -- Adding Fuel Point to <Land_Wreck_S1023_Beige<a4286cd0>> at Pos <<4147.642090, 19.289003, 4799.933105>>
SCRIPT       : [JunkYardDog] -- Adding Salvage Point to <Land_Wreck_hb01_aban2_green<a4284890>> at Pos <<4377.869629, 14.002483, 4845.975586>>
SCRIPT       : [JunkYardDog] -- Adding Fuel Point to <Land_Wreck_hb01_aban2_green<a4284890>> at Pos <<4377.869629, 14.002483, 4845.975586>>
SCRIPT       : [JunkYardDog] -- Adding Salvage Point to <Land_Wreck_S1023_Blue<a42851a0>> at Pos <<4388.474609, 13.999763, 4851.087891>>
SCRIPT       : [JunkYardDog] -- Adding Fuel Point to <Land_Wreck_S1023_Blue<a42851a0>> at Pos <<4388.474609, 13.999763, 4851.087891>>
SCRIPT       : [JunkYardDog] -- Adding Salvage Point to <Land_wreck_truck01_aban1_green<a3ac73e0>> at Pos <<4073.733398, 8.597504, 4902.517578>>
SCRIPT       : [JunkYardDog] -- Adding Fuel Point to <Land_wreck_truck01_aban1_green<a3ac73e0>> at Pos <<4073.733398, 8.597504, 4902.517578>>
SCRIPT       : [JunkYardDog] -- Adding Salvage Point to <Land_wreck_truck01_aban1_green<a3acb350>> at Pos <<4113.199707, 6.187442, 5032.830566>>
SCRIPT       : [JunkYardDog] -- Adding Fuel Point to <Land_wreck_truck01_aban1_green<a3acb350>> at Pos <<4113.199707, 6.187442, 5032.830566>>
SCRIPT       : [JunkYardDog] -- Adding Salvage Point to <Land_Wreck_hb01_aban2_white<a3acce80>> at Pos <<3909.615479, 7.918255, 4933.982422>>
SCRIPT       : [JunkYardDog] -- Adding Fuel Point to <Land_Wreck_hb01_aban2_white<a3acce80>> at Pos <<3909.615479, 7.918255, 4933.982422>>
SCRIPT       : [JunkYardDog] -- Adding Salvage Point to <Static_Wreck_S120_Red<a903b380>> at Pos <<7544.621094, 5.436483, 5380.042969>>
SCRIPT       : [JunkYardDog] -- Adding Fuel Point to <Static_Wreck_S120_Red<a903b380>> at Pos <<7544.621094, 5.436483, 5380.042969>>
SCRIPT       : [JunkYardDog] -- Adding Salvage Point to <Land_Wreck_S1023_Beige<a3aa0ba0>> at Pos <<7560.758789, 5.852903, 5373.926270>>
SCRIPT       : [JunkYardDog] -- Adding Fuel Point to <Land_Wreck_S1023_Beige<a3aa0ba0>> at Pos <<7560.758789, 5.852903, 5373.926270>>
SCRIPT       : =============== WARNING ===============
SCRIPT       : [TerjeMedicine]: You are using the trial version of the 'Terje Medicine' mod.
SCRIPT       : [TerjeMedicine]: To remove this message and watermark - please buy license on terjehub.com
SCRIPT       : =======================================
SCRIPT       : [JunkYardDog] -- Adding Salvage Point to <Land_wreck_truck01_aban1_green<a3ab51e0>> at Pos <<7564.761230, 4.620555, 5456.931152>>
SCRIPT       : [JunkYardDog] -- Adding Fuel Point to <Land_wreck_truck01_aban1_green<a3ab51e0>> at Pos <<7564.761230, 4.620555, 5456.931152>>
SCRIPT       : [JunkYardDog] -- Adding Salvage Point to <Land_Wreck_sed01_aban1_white<a3abb590>> at Pos <<7584.123535, 5.605834, 5391.034668>>
SCRIPT       : [JunkYardDog] -- Adding Fuel Point to <Land_Wreck_sed01_aban1_white<a3abb590>> at Pos <<7584.123535, 5.605834, 5391.034668>>
SCRIPT       : [JunkYardDog] -- Adding Salvage Point to <Land_Wreck_sed02_aban2_grey<a3abd0c0>> at Pos <<7591.117676, 5.512155, 5424.438965>>
SCRIPT       : [JunkYardDog] -- Adding Fuel Point to <Land_Wreck_sed02_aban2_grey<a3abd0c0>> at Pos <<7591.117676, 5.512155, 5424.438965>>
SCRIPT       : [JunkYardDog] -- Adding Salvage Point to <Land_wreck_truck01_aban1_green<a3abe2e0>> at Pos <<7576.934570, 4.695323, 5473.101563>>
SCRIPT       : [JunkYardDog] -- Adding Fuel Point to <Land_wreck_truck01_aban1_green<a3abe2e0>> at Pos <<7576.934570, 4.695323, 5473.101563>>
SCRIPT       : [JunkYardDog] -- Adding Salvage Point to <Land_wreck_truck01_aban1_green<a3abebf0>> at Pos <<7639.947754, 2.431362, 5380.312500>>
SCRIPT       : [JunkYardDog] -- Adding Fuel Point to <Land_wreck_truck01_aban1_green<a3abebf0>> at Pos <<7639.947754, 2.431362, 5380.312500>>
SCRIPT       : [JunkYardDog] -- Adding Salvage Point to <Static_Wreck_Digger<a9626fe0>> at Pos <<1941.428833, 29.596369, 5458.365723>>
SCRIPT       : [JunkYardDog] -- Adding Fuel Point to <Static_Wreck_Digger<a9626fe0>> at Pos <<1941.428833, 29.596369, 5458.365723>>
SCRIPT       : [JunkYardDog] -- Adding Salvage Point to <Land_wreck_truck01_aban2_green<a3aba370>> at Pos <<1983.561523, 26.352739, 5438.261719>>
SCRIPT       : [JunkYardDog] -- Adding Fuel Point to <Land_wreck_truck01_aban2_green<a3aba370>> at Pos <<1983.561523, 26.352739, 5438.261719>>
SCRIPT       : [JunkYardDog] -- Adding Salvage Point to <Land_wreck_truck01_aban1_green<a8b47b20>> at Pos <<2017.109741, 25.768450, 5453.788574>>
SCRIPT       : [JunkYardDog] -- Adding Fuel Point to <Land_wreck_truck01_aban1_green<a8b47b20>> at Pos <<2017.109741, 25.768450, 5453.788574>>
SCRIPT       : [JunkYardDog] -- Adding Salvage Point to <Land_Wreck_Uaz<a8b66d90>> at Pos <<2540.356689, 44.783184, 5800.512207>>
SCRIPT       : [JunkYardDog] -- Adding Fuel Point to <Land_Wreck_Uaz<a8b66d90>> at Pos <<2540.356689, 44.783184, 5800.512207>>
SCRIPT       : [JunkYardDog] -- Adding Salvage Point to <Land_Wreck_hb02_aban1_black<a8b6ec70>> at Pos <<2538.637939, 44.699844, 5876.207520>>
SCRIPT       : [JunkYardDog] -- Adding Fuel Point to <Land_Wreck_hb02_aban1_black<a8b6ec70>> at Pos <<2538.637939, 44.699844, 5876.207520>>
SCRIPT       : [JunkYardDog] -- Adding Salvage Point to <Land_Wreck_sed01_aban2_wine<a8b6f580>> at Pos <<2583.496338, 44.693317, 5808.991699>>
SCRIPT       : [JunkYardDog] -- Adding Fuel Point to <Land_Wreck_sed01_aban2_wine<a8b6f580>> at Pos <<2583.496338, 44.693317, 5808.991699>>
SCRIPT       : [JunkYardDog] -- Adding Salvage Point to <Land_Wreck_hb01_aban2_green<a8b72be0>> at Pos <<2576.008301, 44.870747, 5801.844727>>
SCRIPT       : [JunkYardDog] -- Adding Fuel Point to <Land_Wreck_hb01_aban2_green<a8b72be0>> at Pos <<2576.008301, 44.870747, 5801.844727>>
SCRIPT       : [JunkYardDog] -- Adding Salvage Point to <Static_Wreck_Ural<a8c632a0>> at Pos <<2572.344482, 45.127514, 5813.781738>>
SCRIPT       : [JunkYardDog] -- Adding Fuel Point to <Static_Wreck_Ural<a8c632a0>> at Pos <<2572.344482, 45.127514, 5813.781738>>
SCRIPT       : [JunkYardDog] -- Adding Salvage Point to <Land_Wreck_Volha_Blue<a8b73e00>> at Pos <<2591.008301, 44.676941, 5816.299316>>
SCRIPT       : [JunkYardDog] -- Adding Fuel Point to <Land_Wreck_Volha_Blue<a8b73e00>> at Pos <<2591.008301, 44.676941, 5816.299316>>
SCRIPT       : [JunkYardDog] -- Adding Salvage Point to <Land_Wreck_Uaz<a8b734f0>> at Pos <<2587.296143, 44.783184, 5813.109863>>
SCRIPT       : [JunkYardDog] -- Adding Fuel Point to <Land_Wreck_Uaz<a8b734f0>> at Pos <<2587.296143, 44.783184, 5813.109863>>
SCRIPT       : [JunkYardDog] -- Adding Salvage Point to <Static_Wreck_HMMWV<a8c62960>> at Pos <<2623.375732, 44.847099, 5848.700195>>
SCRIPT       : [JunkYardDog] -- Adding Fuel Point to <Static_Wreck_HMMWV<a8c62960>> at Pos <<2623.375732, 44.847099, 5848.700195>>
SCRIPT       : [JunkYardDog] -- Adding Salvage Point to <Land_wreck_truck01_aban2_blue<aca05060>> at Pos <<1678.354248, 73.879532, 6053.922852>>
SCRIPT       : [JunkYardDog] -- Adding Fuel Point to <Land_wreck_truck01_aban2_blue<aca05060>> at Pos <<1678.354248, 73.879532, 6053.922852>>
SCRIPT       : [JunkYardDog] -- Adding Salvage Point to <Land_Wreck_hb01_aban2_green<aca0d850>> at Pos <<1742.145996, 76.193954, 6034.713379>>
SCRIPT       : [JunkYardDog] -- Adding Fuel Point to <Land_Wreck_hb01_aban2_green<aca0d850>> at Pos <<1742.145996, 76.193954, 6034.713379>>
SCRIPT       : [JunkYardDog] -- Adding Salvage Point to <Land_Wreck_sed01_aban2_black<aca0c630>> at Pos <<1786.918091, 78.662621, 5980.913574>>
SCRIPT       : [JunkYardDog] -- Adding Fuel Point to <Land_Wreck_sed01_aban2_black<aca0c630>> at Pos <<1786.918091, 78.662621, 5980.913574>>
SCRIPT       : [JunkYardDog] -- Adding Salvage Point to <Land_Wreck_hb01_aban2_green<aca17260>> at Pos <<2609.157471, 45.210857, 5972.065918>>
SCRIPT       : [JunkYardDog] -- Adding Fuel Point to <Land_Wreck_hb01_aban2_green<aca17260>> at Pos <<2609.157471, 45.210857, 5972.065918>>
SCRIPT       : [JunkYardDog] -- Adding Salvage Point to <Land_Wreck_sed01_aban2_wine<aca18480>> at Pos <<2613.298340, 45.163254, 6050.470215>>
SCRIPT       : [JunkYardDog] -- Adding Fuel Point to <Land_Wreck_sed01_aban2_wine<aca18480>> at Pos <<2613.298340, 45.163254, 6050.470215>>
SCRIPT       : [JunkYardDog] -- Adding Salvage Point to <Land_Wreck_Volha_Grey<aca15730>> at Pos <<2633.820801, 44.808640, 5948.888672>>
SCRIPT       : [JunkYardDog] -- Adding Fuel Point to <Land_Wreck_Volha_Grey<aca15730>> at Pos <<2633.820801, 44.808640, 5948.888672>>
SCRIPT       : [JunkYardDog] -- Adding Salvage Point to <Land_Wreck_sed01_aban1_white<aca21580>> at Pos <<2665.644287, 44.691658, 5906.048828>>
SCRIPT       : [JunkYardDog] -- Adding Fuel Point to <Land_Wreck_sed01_aban1_white<aca21580>> at Pos <<2665.644287, 44.691658, 5906.048828>>
SCRIPT       : [JunkYardDog] -- Adding Salvage Point to <Land_Wreck_sed02_aban2_grey<aca1d610>> at Pos <<2718.922119, 44.598808, 5877.119629>>
SCRIPT       : [JunkYardDog] -- Adding Fuel Point to <Land_Wreck_sed02_aban2_grey<aca1d610>> at Pos <<2718.922119, 44.598808, 5877.119629>>
SCRIPT       : [JunkYardDog] -- Adding Salvage Point to <Land_Wreck_hb02_aban2_black<aca19fb0>> at Pos <<2688.072754, 44.669270, 5877.129395>>
SCRIPT       : [JunkYardDog] -- Adding Fuel Point to <Land_Wreck_hb02_aban2_black<aca19fb0>> at Pos <<2688.072754, 44.669270, 5877.129395>>
SCRIPT       : [JunkYardDog] -- Adding Salvage Point to <Land_Wreck_hb01_aban2_blue<aca1df20>> at Pos <<2688.465088, 44.920387, 5889.243164>>
SCRIPT       : [JunkYardDog] -- Adding Fuel Point to <Land_Wreck_hb01_aban2_blue<aca1df20>> at Pos <<2688.465088, 44.920387, 5889.243164>>
SCRIPT       : [JunkYardDog] -- Adding Salvage Point to <Land_Wreck_Volha_Grey<aca1b1d0>> at Pos <<2688.144287, 44.685669, 5951.580566>>
SCRIPT       : [JunkYardDog] -- Adding Fuel Point to <Land_Wreck_Volha_Grey<aca1b1d0>> at Pos <<2688.144287, 44.685669, 5951.580566>>
SCRIPT       : [JunkYardDog] -- Adding Salvage Point to <Land_Wreck_hb02_aban2_blue<aca239c0>> at Pos <<2690.704590, 44.669094, 5964.319336>>
SCRIPT       : [JunkYardDog] -- Adding Fuel Point to <Land_Wreck_hb02_aban2_blue<aca239c0>> at Pos <<2690.704590, 44.669094, 5964.319336>>
SCRIPT       : [JunkYardDog] -- Adding Salvage Point to <Land_Wreck_Lada_Red<aca242d0>> at Pos <<3711.493164, 5.321498, 6002.173828>>
SCRIPT       : [JunkYardDog] -- Adding Fuel Point to <Land_Wreck_Lada_Red<aca242d0>> at Pos <<3711.493164, 5.321498, 6002.173828>>
SCRIPT       : [JunkYardDog] -- Adding Salvage Point to <Land_Wreck_sed01_aban1_white<aca24be0>> at Pos <<3681.471924, 5.391631, 5994.391113>>
SCRIPT       : [JunkYardDog] -- Adding Fuel Point to <Land_Wreck_sed01_aban1_white<aca24be0>> at Pos <<3681.471924, 5.391631, 5994.391113>>
SCRIPT       : [JunkYardDog] -- Adding Salvage Point to <Land_Wreck_sed01_aban1_black<aca26710>> at Pos <<3705.390137, 5.403822, 6028.255859>>
SCRIPT       : [JunkYardDog] -- Adding Fuel Point to <Land_Wreck_sed01_aban1_black<aca26710>> at Pos <<3705.390137, 5.403822, 6028.255859>>
SCRIPT       : [JunkYardDog] -- Adding Salvage Point to <Land_Wreck_hb02_aban1_blue<aca28b50>> at Pos <<3694.920654, 5.419853, 6030.678223>>
SCRIPT       : [JunkYardDog] -- Adding Fuel Point to <Land_Wreck_hb02_aban1_blue<aca28b50>> at Pos <<3694.920654, 5.419853, 6030.678223>>
SCRIPT       : [JunkYardDog] -- Adding Salvage Point to <Land_Wreck_sed02_aban1_grey<aca2b8a0>> at Pos <<3686.823486, 5.501119, 6032.731934>>
SCRIPT       : [JunkYardDog] -- Adding Fuel Point to <Land_Wreck_sed02_aban1_grey<aca2b8a0>> at Pos <<3686.823486, 5.501119, 6032.731934>>
SCRIPT       : [JunkYardDog] -- Adding Salvage Point to <Land_Wreck_V3S<aca2d3d0>> at Pos <<3685.296875, 6.262951, 6020.584961>>
SCRIPT       : [JunkYardDog] -- Adding Fuel Point to <Land_Wreck_V3S<aca2d3d0>> at Pos <<3685.296875, 6.262951, 6020.584961>>
SCRIPT       : [JunkYardDog] -- Adding Salvage Point to <Land_Wreck_hb01_aban1_blue<aca28240>> at Pos <<3717.500244, 5.721993, 5997.200684>>
SCRIPT       : [JunkYardDog] -- Adding Fuel Point to <Land_Wreck_hb01_aban1_blue<aca28240>> at Pos <<3717.500244, 5.721993, 5997.200684>>
SCRIPT       : [JunkYardDog] -- Adding Salvage Point to <Land_Wreck_hb02_aban2_red<aca2c1b0>> at Pos <<3742.197754, 5.363723, 5986.801758>>
SCRIPT       : [JunkYardDog] -- Adding Fuel Point to <Land_Wreck_hb02_aban2_red<aca2c1b0>> at Pos <<3742.197754, 5.363723, 5986.801758>>
SCRIPT       : [JunkYardDog] -- Adding Salvage Point to <Land_Wreck_Lada_Green<aca2cac0>> at Pos <<3735.730469, 5.301497, 6021.749023>>
SCRIPT       : [JunkYardDog] -- Adding Fuel Point to <Land_Wreck_Lada_Green<aca2cac0>> at Pos <<3735.730469, 5.301497, 6021.749023>>
SCRIPT       : [JunkYardDog] -- Adding Salvage Point to <Land_Wreck_S1023_Blue<aca27930>> at Pos <<3740.524902, 5.650642, 6017.712402>>
SCRIPT       : [JunkYardDog] -- Adding Fuel Point to <Land_Wreck_S1023_Blue<aca27930>> at Pos <<3740.524902, 5.650642, 6017.712402>>
SCRIPT       : [JunkYardDog] -- Adding Salvage Point to <Static_Wreck_HMMWV<ac27c950>> at Pos <<3727.282715, 5.547103, 6030.192871>>
SCRIPT       : [JunkYardDog] -- Adding Fuel Point to <Static_Wreck_HMMWV<ac27c950>> at Pos <<3727.282715, 5.547103, 6030.192871>>
SCRIPT       : [JunkYardDog] -- Adding Salvage Point to <Land_Wreck_S1023_Beige<aca30120>> at Pos <<3755.152588, 5.639123, 6009.877441>>
SCRIPT       : [JunkYardDog] -- Adding Fuel Point to <Land_Wreck_S1023_Beige<aca30120>> at Pos <<3755.152588, 5.639123, 6009.877441>>
SCRIPT       : [JunkYardDog] -- Adding Salvage Point to <Land_Wreck_sed02_aban1_red<aca31c50>> at Pos <<3781.263428, 5.501119, 5977.697266>>
SCRIPT       : [JunkYardDog] -- Adding Fuel Point to <Land_Wreck_sed02_aban1_red<aca31c50>> at Pos <<3781.263428, 5.501119, 5977.697266>>
SCRIPT       : [JunkYardDog] -- Adding Salvage Point to <Land_Wreck_sed01_aban1_white<aca38910>> at Pos <<3809.993652, 5.391631, 5974.490234>>
SCRIPT       : [JunkYardDog] -- Adding Fuel Point to <Land_Wreck_sed01_aban1_white<aca38910>> at Pos <<3809.993652, 5.391631, 5974.490234>>
SCRIPT       : [JunkYardDog] -- Adding Salvage Point to <Static_Wreck_Digger<ae64f0b0>> at Pos <<3838.269287, 5.166407, 6021.101563>>
SCRIPT       : [JunkYardDog] -- Adding Fuel Point to <Static_Wreck_Digger<ae64f0b0>> at Pos <<3838.269287, 5.166407, 6021.101563>>
SCRIPT       : [JunkYardDog] -- Adding Salvage Point to <Land_Wreck_sed02_aban2_red<aca3c880>> at Pos <<3678.916260, 5.298860, 5990.742188>>
SCRIPT       : [JunkYardDog] -- Adding Fuel Point to <Land_Wreck_sed02_aban2_red<aca3c880>> at Pos <<3678.916260, 5.298860, 5990.742188>>
SCRIPT       : [JunkYardDog] -- Adding Salvage Point to <Land_Wreck_sed01_aban2_wine<aca3d190>> at Pos <<3652.485596, 5.393319, 5996.959473>>
SCRIPT       : [JunkYardDog] -- Adding Fuel Point to <Land_Wreck_sed01_aban2_wine<aca3d190>> at Pos <<3652.485596, 5.393319, 5996.959473>>
SCRIPT       : [JunkYardDog] -- Adding Salvage Point to <Land_Wreck_sed01_aban1_wine<aca36de0>> at Pos <<3664.743896, 5.391618, 5984.734863>>
SCRIPT       : [JunkYardDog] -- Adding Fuel Point to <Land_Wreck_sed01_aban1_wine<aca36de0>> at Pos <<3664.743896, 5.391618, 5984.734863>>
SCRIPT       : [JunkYardDog] -- Adding Salvage Point to <Land_Wreck_hb01_aban2_green<aca3ecc0>> at Pos <<3666.802979, 5.570716, 6005.057129>>
SCRIPT       : [JunkYardDog] -- Adding Fuel Point to <Land_Wreck_hb01_aban2_green<aca3ecc0>> at Pos <<3666.802979, 5.570716, 6005.057129>>
SCRIPT       : [JunkYardDog] -- Adding Salvage Point to <Land_Wreck_sed01_aban2_white<aca3f5d0>> at Pos <<3679.868164, 5.421731, 6004.083984>>
SCRIPT       : [JunkYardDog] -- Adding Fuel Point to <Land_Wreck_sed01_aban2_white<aca3f5d0>> at Pos <<3679.868164, 5.421731, 6004.083984>>
SCRIPT       : [JunkYardDog] -- Adding Salvage Point to <Static_Wreck_Ural<a91a75e0>> at Pos <<3657.457275, 5.827516, 6005.149414>>
SCRIPT       : [JunkYardDog] -- Adding Fuel Point to <Static_Wreck_Ural<a91a75e0>> at Pos <<3657.457275, 5.827516, 6005.149414>>
SCRIPT       : [JunkYardDog] -- Adding Salvage Point to <Land_Wreck_hb01_aban1_green<aca3fee0>> at Pos <<3668.733398, 5.701992, 5989.962891>>
SCRIPT       : [JunkYardDog] -- Adding Fuel Point to <Land_Wreck_hb01_aban1_green<aca3fee0>> at Pos <<3668.733398, 5.701992, 5989.962891>>
SCRIPT       : [JunkYardDog] -- Adding Salvage Point to <Land_Wreck_Uaz<aca407f0>> at Pos <<3664.198486, 5.483234, 6011.621094>>
SCRIPT       : [JunkYardDog] -- Adding Fuel Point to <Land_Wreck_Uaz<aca407f0>> at Pos <<3664.198486, 5.483234, 6011.621094>>
SCRIPT       : [JunkYardDog] -- Adding Salvage Point to <Land_Wreck_sed02_aban1_red<aca41a10>> at Pos <<3659.665771, 5.501120, 5995.684570>>
SCRIPT       : [JunkYardDog] -- Adding Fuel Point to <Land_Wreck_sed02_aban1_red<aca41a10>> at Pos <<3659.665771, 5.501120, 5995.684570>>
SCRIPT       : [JunkYardDog] -- Adding Salvage Point to <Land_Wreck_hb02_aban1_black<ac5d1de0>> at Pos <<3669.880859, 5.399824, 6018.919434>>
SCRIPT       : [JunkYardDog] -- Adding Fuel Point to <Land_Wreck_hb02_aban1_black<ac5d1de0>> at Pos <<3669.880859, 5.399824, 6018.919434>>
SCRIPT       : [JunkYardDog] -- Adding Salvage Point to <Land_Wreck_S1023_Beige<ac5d6f70>> at Pos <<554.518372, 14.637499, 6070.383789>>
SCRIPT       : [JunkYardDog] -- Adding Fuel Point to <Land_Wreck_S1023_Beige<ac5d6f70>> at Pos <<554.518372, 14.637499, 6070.383789>>
SCRIPT       : [JunkYardDog] -- Adding Salvage Point to <Land_Wreck_sed02_aban1_red<ac5cf9a0>> at Pos <<549.668579, 14.256610, 6066.836914>>
SCRIPT       : [JunkYardDog] -- Adding Fuel Point to <Land_Wreck_sed02_aban1_red<ac5cf9a0>> at Pos <<549.668579, 14.256610, 6066.836914>>
SCRIPT       : [JunkYardDog] -- Adding Salvage Point to <Land_wreck_truck01_aban1_green<ac5df760>> at Pos <<3241.891846, 16.469988, 6171.812988>>
SCRIPT       : [JunkYardDog] -- Adding Fuel Point to <Land_wreck_truck01_aban1_green<ac5df760>> at Pos <<3241.891846, 16.469988, 6171.812988>>
SCRIPT       : [JunkYardDog] -- Adding Salvage Point to <Land_Wreck_V3S<ac5e36d0>> at Pos <<3252.469971, 18.073143, 6180.689941>>
SCRIPT       : [JunkYardDog] -- Adding Fuel Point to <Land_Wreck_V3S<ac5e36d0>> at Pos <<3252.469971, 18.073143, 6180.689941>>
SCRIPT       : [JunkYardDog] -- Adding Salvage Point to <Land_Wreck_hb01_aban1_green<ac5ea390>> at Pos <<3417.456787, 18.378483, 6311.729492>>
SCRIPT       : [JunkYardDog] -- Adding Fuel Point to <Land_Wreck_hb01_aban1_green<ac5ea390>> at Pos <<3417.456787, 18.378483, 6311.729492>>
SCRIPT       : [JunkYardDog] -- Adding Salvage Point to <Land_Wreck_hb01_aban2_green<ac5ebec0>> at Pos <<6108.851074, 11.204752, 6328.273438>>
SCRIPT       : [JunkYardDog] -- Adding Fuel Point to <Land_Wreck_hb01_aban2_green<ac5ebec0>> at Pos <<6108.851074, 11.204752, 6328.273438>>
SCRIPT       : [JunkYardDog] -- Adding Salvage Point to <Land_wreck_truck01_aban2_orange<ac5f7400>> at Pos <<3432.243896, 16.661507, 6408.219238>>
SCRIPT       : [JunkYardDog] -- Adding Fuel Point to <Land_wreck_truck01_aban2_orange<ac5f7400>> at Pos <<3432.243896, 16.661507, 6408.219238>>
SCRIPT       : [JunkYardDog] -- Adding Salvage Point to <Land_wreck_truck01_aban2_orange<ac5f8f30>> at Pos <<3547.050537, 15.630000, 6401.000000>>
SCRIPT       : [JunkYardDog] -- Adding Fuel Point to <Land_wreck_truck01_aban2_orange<ac5f8f30>> at Pos <<3547.050537, 15.630000, 6401.000000>>
SCRIPT       : [JunkYardDog] -- Adding Salvage Point to <Land_Wreck_sed02_aban2_red<ac5f9840>> at Pos <<3575.307861, 16.288824, 6387.325195>>
SCRIPT       : [JunkYardDog] -- Adding Fuel Point to <Land_Wreck_sed02_aban2_red<ac5f9840>> at Pos <<3575.307861, 16.288824, 6387.325195>>
SCRIPT       : [JunkYardDog] -- Adding Salvage Point to <Land_Wreck_sed02_aban2_grey<ac5fcea0>> at Pos <<3562.515381, 16.288858, 6404.354980>>
SCRIPT       : [JunkYardDog] -- Adding Fuel Point to <Land_Wreck_sed02_aban2_grey<ac5fcea0>> at Pos <<3562.515381, 16.288858, 6404.354980>>
SCRIPT       : [JunkYardDog] -- Adding Salvage Point to <Land_Wreck_sed02_aban1_yellow<ac600500>> at Pos <<3589.456543, 16.491119, 6377.296387>>
SCRIPT       : [JunkYardDog] -- Adding Fuel Point to <Land_Wreck_sed02_aban1_yellow<ac600500>> at Pos <<3589.456543, 16.491119, 6377.296387>>
SCRIPT       : [JunkYardDog] -- Adding Salvage Point to <Land_Wreck_hb02_aban1_black<ac5ffbf0>> at Pos <<3615.948486, 16.389824, 6399.129883>>
SCRIPT       : [JunkYardDog] -- Adding Fuel Point to <Land_Wreck_hb02_aban1_black<ac5ffbf0>> at Pos <<3615.948486, 16.389824, 6399.129883>>
SCRIPT       : [JunkYardDog] -- Adding Salvage Point to <Land_Wreck_Uaz<ac604470>> at Pos <<3597.224609, 16.473221, 6381.398926>>
SCRIPT       : [JunkYardDog] -- Adding Fuel Point to <Land_Wreck_Uaz<ac604470>> at Pos <<3597.224609, 16.473221, 6381.398926>>
SCRIPT       : [JunkYardDog] -- Adding Salvage Point to <Land_Wreck_Volha_Grey<ac5ff2e0>> at Pos <<3586.525635, 16.366943, 6388.948242>>
SCRIPT       : [JunkYardDog] -- Adding Fuel Point to <Land_Wreck_Volha_Grey<ac5ff2e0>> at Pos <<3586.525635, 16.366943, 6388.948242>>
SCRIPT       : [JunkYardDog] -- Adding Salvage Point to <Land_Wreck_sed01_aban1_white<ac5fe9d0>> at Pos <<3611.181641, 16.381632, 6412.383301>>
SCRIPT       : [JunkYardDog] -- Adding Fuel Point to <Land_Wreck_sed01_aban1_white<ac5fe9d0>> at Pos <<3611.181641, 16.381632, 6412.383301>>
SCRIPT       : [JunkYardDog] -- Adding Salvage Point to <Land_Wreck_sed02_aban1_grey<ac5fd7b0>> at Pos <<3612.797852, 16.491119, 6423.975586>>
SCRIPT       : [JunkYardDog] -- Adding Fuel Point to <Land_Wreck_sed02_aban1_grey<ac5fd7b0>> at Pos <<3612.797852, 16.491119, 6423.975586>>
SCRIPT       : [JunkYardDog] -- Adding Salvage Point to <Land_Wreck_sed02_aban1_red<ac602030>> at Pos <<3593.943359, 16.491142, 6408.933594>>
SCRIPT       : [JunkYardDog] -- Adding Fuel Point to <Land_Wreck_sed02_aban1_red<ac602030>> at Pos <<3593.943359, 16.491142, 6408.933594>>
SCRIPT       : [JunkYardDog] -- Adding Salvage Point to <Land_Wreck_hb01_aban1_green<ac5fe0c0>> at Pos <<3590.000977, 16.692005, 6434.005371>>
SCRIPT       : [JunkYardDog] -- Adding Fuel Point to <Land_Wreck_hb01_aban1_green<ac5fe0c0>> at Pos <<3590.000977, 16.692005, 6434.005371>>
SCRIPT       : [JunkYardDog] -- Adding Salvage Point to <Land_Wreck_sed01_aban2_black<ac6068b0>> at Pos <<3612.369141, 14.101511, 6522.103516>>
SCRIPT       : [JunkYardDog] -- Adding Fuel Point to <Land_Wreck_sed01_aban2_black<ac6068b0>> at Pos <<3612.369141, 14.101511, 6522.103516>>
SCRIPT       : [JunkYardDog] -- Adding Salvage Point to <Land_Wreck_hb02_aban2_red<ac602940>> at Pos <<3628.952637, 16.333723, 6409.761230>>
SCRIPT       : [JunkYardDog] -- Adding Fuel Point to <Land_Wreck_hb02_aban2_red<ac602940>> at Pos <<3628.952637, 16.333723, 6409.761230>>
SCRIPT       : [JunkYardDog] -- Adding Salvage Point to <Land_Wreck_hb01_aban1_green<ac609600>> at Pos <<3629.966309, 16.691992, 6421.557129>>
SCRIPT       : [JunkYardDog] -- Adding Fuel Point to <Land_Wreck_hb01_aban1_green<ac609600>> at Pos <<3629.966309, 16.691992, 6421.557129>>
SCRIPT       : [JunkYardDog] -- Adding Salvage Point to <Land_Wreck_hb01_aban2_white<ac60a820>> at Pos <<3648.648193, 16.560963, 6455.085938>>
SCRIPT       : [JunkYardDog] -- Adding Fuel Point to <Land_Wreck_hb01_aban2_white<ac60a820>> at Pos <<3648.648193, 16.560963, 6455.085938>>
SCRIPT       : [JunkYardDog] -- Adding Salvage Point to <Land_Wreck_hb02_aban1_red<ac60c350>> at Pos <<3682.543945, 16.389523, 6487.016602>>
SCRIPT       : [JunkYardDog] -- Adding Fuel Point to <Land_Wreck_hb02_aban1_red<ac60c350>> at Pos <<3682.543945, 16.389523, 6487.016602>>
SCRIPT       : [JunkYardDog] -- Adding Salvage Point to <Static_Wreck_Ural<ac356ac0>> at Pos <<1848.397949, 100.660225, 6519.955078>>
SCRIPT       : [JunkYardDog] -- Adding Fuel Point to <Static_Wreck_Ural<ac356ac0>> at Pos <<1848.397949, 100.660225, 6519.955078>>
SCRIPT       : [JunkYardDog] -- Adding Salvage Point to <Land_Wreck_V3S<aec152a0>> at Pos <<1833.181641, 100.975677, 6551.259766>>
SCRIPT       : [JunkYardDog] -- Adding Fuel Point to <Land_Wreck_V3S<aec152a0>> at Pos <<1833.181641, 100.975677, 6551.259766>>
SCRIPT       : [JunkYardDog] -- Adding Salvage Point to <Land_Wreck_sed02_aban1_yellow<aec10110>> at Pos <<4478.452637, 64.306427, 6577.417480>>
SCRIPT       : [JunkYardDog] -- Adding Fuel Point to <Land_Wreck_sed02_aban1_yellow<aec10110>> at Pos <<4478.452637, 64.306427, 6577.417480>>
SCRIPT       : [JunkYardDog] -- Adding Salvage Point to <Land_Wreck_S1023_Beige<aec1da90>> at Pos <<4500.408691, 64.444466, 6591.686523>>
SCRIPT       : [JunkYardDog] -- Adding Fuel Point to <Land_Wreck_S1023_Beige<aec1da90>> at Pos <<4500.408691, 64.444466, 6591.686523>>
SCRIPT       : [JunkYardDog] -- Adding Salvage Point to <Land_wreck_truck01_aban2_green<aec26280>> at Pos <<2857.355225, 6.519426, 6763.296387>>
SCRIPT       : [JunkYardDog] -- Adding Fuel Point to <Land_wreck_truck01_aban2_green<aec26280>> at Pos <<2857.355225, 6.519426, 6763.296387>>
SCRIPT       : [JunkYardDog] -- Adding Salvage Point to <Land_wreck_truck01_aban2_orange<aec25060>> at Pos <<3812.601563, 15.630000, 6589.238281>>
SCRIPT       : [JunkYardDog] -- Adding Fuel Point to <Land_wreck_truck01_aban2_orange<aec25060>> at Pos <<3812.601563, 15.630000, 6589.238281>>
SCRIPT       : [JunkYardDog] -- Adding Salvage Point to <Land_Wreck_sed01_aban2_wine<aec2ab00>> at Pos <<3842.542236, 16.383278, 6583.610840>>
SCRIPT       : [JunkYardDog] -- Adding Fuel Point to <Land_Wreck_sed01_aban2_wine<aec2ab00>> at Pos <<3842.542236, 16.383278, 6583.610840>>
SCRIPT       : [JunkYardDog] -- Adding Salvage Point to <Land_Wreck_S1023_Beige<aec317c0>> at Pos <<4682.902832, 23.724558, 6626.055664>>
SCRIPT       : [JunkYardDog] -- Adding Fuel Point to <Land_Wreck_S1023_Beige<aec317c0>> at Pos <<4682.902832, 23.724558, 6626.055664>>
SCRIPT       : [JunkYardDog] -- Adding Salvage Point to <Land_Wreck_S1023_Beige<aec33c00>> at Pos <<4677.906250, 21.621500, 6680.515625>>
SCRIPT       : [JunkYardDog] -- Adding Fuel Point to <Land_Wreck_S1023_Beige<aec33c00>> at Pos <<4677.906250, 21.621500, 6680.515625>>
SCRIPT       : [JunkYardDog] -- Adding Salvage Point to <Static_Wreck_HMMWV<b7c57fa0>> at Pos <<6945.035156, 15.358287, 6668.349609>>
SCRIPT       : [JunkYardDog] -- Adding Fuel Point to <Static_Wreck_HMMWV<b7c57fa0>> at Pos <<6945.035156, 15.358287, 6668.349609>>
SCRIPT       : [JunkYardDog] -- Adding Salvage Point to <Land_Wreck_hb01_aban2_blue<b5fcc210>> at Pos <<6244.140137, 16.085325, 6744.160156>>
SCRIPT       : [JunkYardDog] -- Adding Fuel Point to <Land_Wreck_hb01_aban2_blue<b5fcc210>> at Pos <<6244.140137, 16.085325, 6744.160156>>
SCRIPT       : [JunkYardDog] -- Adding Salvage Point to <Land_Wreck_sed01_aban2_wine<b5fcb900>> at Pos <<6243.731934, 15.908405, 6753.085938>>
SCRIPT       : [JunkYardDog] -- Adding Fuel Point to <Land_Wreck_sed01_aban2_wine<b5fcb900>> at Pos <<6243.731934, 15.908405, 6753.085938>>
SCRIPT       : [JunkYardDog] -- Adding Salvage Point to <Land_Wreck_hb02_aban1_red<b5fc7080>> at Pos <<1254.634277, 38.509823, 6741.747070>>
SCRIPT       : [JunkYardDog] -- Adding Fuel Point to <Land_Wreck_hb02_aban1_red<b5fc7080>> at Pos <<1254.634277, 38.509823, 6741.747070>>
SCRIPT       : [JunkYardDog] -- Adding Salvage Point to <Land_Wreck_S1023_Blue<b5fc82a0>> at Pos <<1275.776489, 38.748940, 6784.554688>>
SCRIPT       : [JunkYardDog] -- Adding Fuel Point to <Land_Wreck_S1023_Blue<b5fc82a0>> at Pos <<1275.776489, 38.748940, 6784.554688>>
SCRIPT       : [JunkYardDog] -- Adding Salvage Point to <Static_Wreck_HMMWV<b5db3910>> at Pos <<6832.841309, 15.317952, 6725.459961>>
SCRIPT       : [JunkYardDog] -- Adding Fuel Point to <Static_Wreck_HMMWV<b5db3910>> at Pos <<6832.841309, 15.317952, 6725.459961>>
SCRIPT       : [JunkYardDog] -- Adding Salvage Point to <Static_Wreck_HMMWV<b5dae5d0>> at Pos <<6846.062500, 15.333985, 6814.475586>>
SCRIPT       : [JunkYardDog] -- Adding Fuel Point to <Static_Wreck_HMMWV<b5dae5d0>> at Pos <<6846.062500, 15.333985, 6814.475586>>
SCRIPT       : [JunkYardDog] -- Adding Salvage Point to <Static_Wreck_HMMWV<b5db3b60>> at Pos <<6844.328125, 14.999730, 6874.948730>>
SCRIPT       : [JunkYardDog] -- Adding Fuel Point to <Static_Wreck_HMMWV<b5db3b60>> at Pos <<6844.328125, 14.999730, 6874.948730>>
SCRIPT       : [JunkYardDog] -- Adding Salvage Point to <Static_Wreck_HMMWV<b5dc8610>> at Pos <<6848.456543, 15.333985, 6804.534668>>
SCRIPT       : [JunkYardDog] -- Adding Fuel Point to <Static_Wreck_HMMWV<b5dc8610>> at Pos <<6848.456543, 15.333985, 6804.534668>>
SCRIPT       : [JunkYardDog] -- Adding Salvage Point to <Static_Wreck_Digger<b64c7a30>> at Pos <<7010.558594, 26.736065, 6839.534668>>
SCRIPT       : [JunkYardDog] -- Adding Fuel Point to <Static_Wreck_Digger<b64c7a30>> at Pos <<7010.558594, 26.736065, 6839.534668>>
SCRIPT       : [JunkYardDog] -- Adding Salvage Point to <Land_wreck_truck01_aban2_blue<b5fdc8e0>> at Pos <<2833.292480, 6.499839, 6866.886230>>
SCRIPT       : [JunkYardDog] -- Adding Fuel Point to <Land_wreck_truck01_aban2_blue<b5fdc8e0>> at Pos <<2833.292480, 6.499839, 6866.886230>>
SCRIPT       : [JunkYardDog] -- Adding Salvage Point to <Static_Wreck_Ural<b64eff60>> at Pos <<2853.695068, 7.686787, 6829.259766>>
SCRIPT       : [JunkYardDog] -- Adding Fuel Point to <Static_Wreck_Ural<b64eff60>> at Pos <<2853.695068, 7.686787, 6829.259766>>
SCRIPT       : [JunkYardDog] -- Adding Salvage Point to <Land_Wreck_hb01_aban2_blue<b5feab70>> at Pos <<5788.410645, 16.854012, 6873.245117>>
SCRIPT       : [JunkYardDog] -- Adding Fuel Point to <Land_Wreck_hb01_aban2_blue<b5feab70>> at Pos <<5788.410645, 16.854012, 6873.245117>>
SCRIPT       : [JunkYardDog] -- Adding Salvage Point to <Land_Wreck_sed01_aban2_wine<b5ff1830>> at Pos <<5798.196777, 16.675161, 6855.659668>>
SCRIPT       : [JunkYardDog] -- Adding Fuel Point to <Land_Wreck_sed01_aban2_wine<b5ff1830>> at Pos <<5798.196777, 16.675161, 6855.659668>>
SCRIPT       : [JunkYardDog] -- Adding Salvage Point to <Static_Wreck_Digger<b746ef80>> at Pos <<6211.233887, 10.258520, 7068.666504>>
SCRIPT       : [JunkYardDog] -- Adding Fuel Point to <Static_Wreck_Digger<b746ef80>> at Pos <<6211.233887, 10.258520, 7068.666504>>
SCRIPT       : [JunkYardDog] -- Adding Salvage Point to <Land_Wreck_S1023_Blue<b5ffc460>> at Pos <<5287.536621, 6.403430, 7025.114746>>
SCRIPT       : [JunkYardDog] -- Adding Fuel Point to <Land_Wreck_S1023_Blue<b5ffc460>> at Pos <<5287.536621, 6.403430, 7025.114746>>
SCRIPT       : [JunkYardDog] -- Adding Salvage Point to <Land_Wreck_Tractor<b5ff60b0>> at Pos <<5308.165039, 8.324460, 7100.670898>>
SCRIPT       : [JunkYardDog] -- Adding Fuel Point to <Land_Wreck_Tractor<b5ff60b0>> at Pos <<5308.165039, 8.324460, 7100.670898>>
SCRIPT       : [JunkYardDog] -- Adding Salvage Point to <Land_Wreck_sed01_aban2_wine<b5fffac0>> at Pos <<5384.560547, 7.037479, 7005.273438>>
SCRIPT       : [JunkYardDog] -- Adding Fuel Point to <Land_Wreck_sed01_aban2_wine<b5fffac0>> at Pos <<5384.560547, 7.037479, 7005.273438>>
SCRIPT       : [JunkYardDog] -- Adding Salvage Point to <Static_Wreck_HMMWV<b79f9480>> at Pos <<6797.833984, 15.537987, 7069.395996>>
SCRIPT       : [JunkYardDog] -- Adding Fuel Point to <Static_Wreck_HMMWV<b79f9480>> at Pos <<6797.833984, 15.537987, 7069.395996>>
SCRIPT       : [JunkYardDog] -- Adding Salvage Point to <Static_Wreck_HMMWV<b7a04d80>> at Pos <<6795.629395, 15.411217, 7094.925781>>
SCRIPT       : [JunkYardDog] -- Adding Fuel Point to <Static_Wreck_HMMWV<b7a04d80>> at Pos <<6795.629395, 15.411217, 7094.925781>>
SCRIPT       : [JunkYardDog] -- Adding Salvage Point to <Static_Wreck_HMMWV<b7a05470>> at Pos <<6796.896484, 15.407945, 7081.371094>>
SCRIPT       : [JunkYardDog] -- Adding Fuel Point to <Static_Wreck_HMMWV<b7a05470>> at Pos <<6796.896484, 15.407945, 7081.371094>>
SCRIPT       : [JunkYardDog] -- Adding Salvage Point to <Static_Wreck_HMMWV<badfc6f0>> at Pos <<6827.380859, 15.333736, 7196.594238>>
SCRIPT       : [JunkYardDog] -- Adding Fuel Point to <Static_Wreck_HMMWV<badfc6f0>> at Pos <<6827.380859, 15.333736, 7196.594238>>
SCRIPT       : [JunkYardDog] -- Adding Salvage Point to <Static_Wreck_HMMWV<bae0c0b0>> at Pos <<6855.371582, 15.310043, 7057.766602>>
SCRIPT       : [JunkYardDog] -- Adding Fuel Point to <Static_Wreck_HMMWV<bae0c0b0>> at Pos <<6855.371582, 15.310043, 7057.766602>>
SCRIPT       : [JunkYardDog] -- Adding Salvage Point to <Static_Wreck_HMMWV<bae061e0>> at Pos <<6850.408691, 15.333817, 7043.559082>>
SCRIPT       : [JunkYardDog] -- Adding Fuel Point to <Static_Wreck_HMMWV<bae061e0>> at Pos <<6850.408691, 15.333817, 7043.559082>>
SCRIPT       : [JunkYardDog] -- Adding Salvage Point to <Static_Wreck_HMMWV<bae09e00>> at Pos <<6877.213379, 15.336511, 7088.256348>>
SCRIPT       : [JunkYardDog] -- Adding Fuel Point to <Static_Wreck_HMMWV<bae09e00>> at Pos <<6877.213379, 15.336511, 7088.256348>>
SCRIPT       : [JunkYardDog] -- Adding Salvage Point to <Static_Wreck_HMMWV<bae0cc40>> at Pos <<6877.502930, 15.336511, 7097.580566>>
SCRIPT       : [JunkYardDog] -- Adding Fuel Point to <Static_Wreck_HMMWV<bae0cc40>> at Pos <<6877.502930, 15.336511, 7097.580566>>
SCRIPT       : [JunkYardDog] -- Adding Salvage Point to <Static_Wreck_HMMWV<bae0bc10>> at Pos <<6861.933594, 15.340574, 7080.459473>>
SCRIPT       : [JunkYardDog] -- Adding Fuel Point to <Static_Wreck_HMMWV<bae0bc10>> at Pos <<6861.933594, 15.340574, 7080.459473>>
SCRIPT       : [JunkYardDog] -- Adding Salvage Point to <Static_Wreck_HMMWV<bae10860>> at Pos <<6852.207031, 15.341726, 7175.447266>>
SCRIPT       : [JunkYardDog] -- Adding Fuel Point to <Static_Wreck_HMMWV<bae10860>> at Pos <<6852.207031, 15.341726, 7175.447266>>
SCRIPT       : [JunkYardDog] -- Adding Salvage Point to <Static_Wreck_HMMWV<bae1ccf0>> at Pos <<6888.075684, 15.337683, 7159.935547>>
SCRIPT       : [JunkYardDog] -- Adding Fuel Point to <Static_Wreck_HMMWV<bae1ccf0>> at Pos <<6888.075684, 15.337683, 7159.935547>>
SCRIPT       : [JunkYardDog] -- Adding Salvage Point to <Static_Wreck_HMMWV<bae18c30>> at Pos <<6886.468750, 15.342878, 7185.449219>>
SCRIPT       : [JunkYardDog] -- Adding Fuel Point to <Static_Wreck_HMMWV<bae18c30>> at Pos <<6886.468750, 15.342878, 7185.449219>>
SCRIPT       : [JunkYardDog] -- Adding Salvage Point to <Static_Wreck_HMMWV<bae1b380>> at Pos <<6905.943848, 15.325775, 7188.232910>>
SCRIPT       : [JunkYardDog] -- Adding Fuel Point to <Static_Wreck_HMMWV<bae1b380>> at Pos <<6905.943848, 15.325775, 7188.232910>>
SCRIPT       : [JunkYardDog] -- Adding Salvage Point to <Static_Wreck_HMMWV<bae1ed50>> at Pos <<6892.719238, 15.342880, 7189.785156>>
SCRIPT       : [JunkYardDog] -- Adding Fuel Point to <Static_Wreck_HMMWV<bae1ed50>> at Pos <<6892.719238, 15.342880, 7189.785156>>
SCRIPT       : [JunkYardDog] -- Adding Salvage Point to <Static_Wreck_HMMWV<bae197c0>> at Pos <<6911.055664, 15.317932, 7181.451172>>
SCRIPT       : [JunkYardDog] -- Adding Fuel Point to <Static_Wreck_HMMWV<bae197c0>> at Pos <<6911.055664, 15.317932, 7181.451172>>
SCRIPT       : [JunkYardDog] -- Adding Salvage Point to <Static_Wreck_HMMWV<bae2f050>> at Pos <<6922.803223, 15.308257, 7132.579590>>
SCRIPT       : [JunkYardDog] -- Adding Fuel Point to <Static_Wreck_HMMWV<bae2f050>> at Pos <<6922.803223, 15.308257, 7132.579590>>
SCRIPT       : [JunkYardDog] -- Adding Salvage Point to <Static_Wreck_HMMWV<bae319f0>> at Pos <<6914.969238, 15.308255, 7132.885742>>
SCRIPT       : [JunkYardDog] -- Adding Fuel Point to <Static_Wreck_HMMWV<bae319f0>> at Pos <<6914.969238, 15.308255, 7132.885742>>
SCRIPT       : [JunkYardDog] -- Adding Salvage Point to <Static_Wreck_HMMWV<bae2b430>> at Pos <<6922.517090, 15.335156, 7148.657227>>
SCRIPT       : [JunkYardDog] -- Adding Fuel Point to <Static_Wreck_HMMWV<bae2b430>> at Pos <<6922.517090, 15.335156, 7148.657227>>
SCRIPT       : [JunkYardDog] -- Adding Salvage Point to <Static_Wreck_HMMWV<bae335b0>> at Pos <<6914.924805, 15.335157, 7150.621094>>
SCRIPT       : [JunkYardDog] -- Adding Fuel Point to <Static_Wreck_HMMWV<bae335b0>> at Pos <<6914.924805, 15.335157, 7150.621094>>
SCRIPT       : [JunkYardDog] -- Adding Salvage Point to <Land_Wreck_sed01_aban1_wine<baec9740>> at Pos <<4227.735840, 16.733238, 7291.679199>>
SCRIPT       : [JunkYardDog] -- Adding Fuel Point to <Land_Wreck_sed01_aban1_wine<baec9740>> at Pos <<4227.735840, 16.733238, 7291.679199>>
SCRIPT       : [JunkYardDog] -- Adding Salvage Point to <Land_Wreck_hb01_aban2_blue<baecd6b0>> at Pos <<5558.016113, 10.601180, 7089.315918>>
SCRIPT       : [JunkYardDog] -- Adding Fuel Point to <Land_Wreck_hb01_aban2_blue<baecd6b0>> at Pos <<5558.016113, 10.601180, 7089.315918>>
SCRIPT       : [JunkYardDog] -- Adding Salvage Point to <Land_wreck_truck01_aban1_green<baed3150>> at Pos <<5552.080078, 9.367132, 7076.017090>>
SCRIPT       : [JunkYardDog] -- Adding Fuel Point to <Land_wreck_truck01_aban1_green<baed3150>> at Pos <<5552.080078, 9.367132, 7076.017090>>
SCRIPT       : [JunkYardDog] -- Adding Salvage Point to <Static_Wreck_Digger<b6945b50>> at Pos <<5613.199219, 14.654358, 7185.343262>>
SCRIPT       : [JunkYardDog] -- Adding Fuel Point to <Static_Wreck_Digger<b6945b50>> at Pos <<5613.199219, 14.654358, 7185.343262>>
SCRIPT       : [JunkYardDog] -- Adding Salvage Point to <Land_Wreck_sed01_aban2_black<baeddd80>> at Pos <<4288.031250, 16.756701, 7327.050293>>
SCRIPT       : [JunkYardDog] -- Adding Fuel Point to <Land_Wreck_sed01_aban2_black<baeddd80>> at Pos <<4288.031250, 16.756701, 7327.050293>>
SCRIPT       : [JunkYardDog] -- Adding Salvage Point to <Land_Wreck_S1023_Beige<baee1cf0>> at Pos <<1676.822388, 23.084387, 7376.766113>>
SCRIPT       : [JunkYardDog] -- Adding Fuel Point to <Land_Wreck_S1023_Beige<baee1cf0>> at Pos <<1676.822388, 23.084387, 7376.766113>>
SCRIPT       : [JunkYardDog] -- Adding Salvage Point to <Land_wreck_truck01_aban2_green<baede690>> at Pos <<1665.172485, 22.076361, 7365.936523>>
SCRIPT       : [JunkYardDog] -- Adding Fuel Point to <Land_wreck_truck01_aban2_green<baede690>> at Pos <<1665.172485, 22.076361, 7365.936523>>
SCRIPT       : [JunkYardDog] -- Adding Salvage Point to <Land_Wreck_sed02_aban1_yellow<baeee450>> at Pos <<1976.793091, 36.981976, 7365.978516>>
SCRIPT       : [JunkYardDog] -- Adding Fuel Point to <Land_Wreck_sed02_aban1_yellow<baeee450>> at Pos <<1976.793091, 36.981976, 7365.978516>>
SCRIPT       : [JunkYardDog] -- Adding Salvage Point to <Land_Wreck_sed01_aban2_white<baeef670>> at Pos <<2007.806519, 35.086956, 7390.848145>>
SCRIPT       : [JunkYardDog] -- Adding Fuel Point to <Land_Wreck_sed01_aban2_white<baeef670>> at Pos <<2007.806519, 35.086956, 7390.848145>>
SCRIPT       : [JunkYardDog] -- Adding Salvage Point to <Static_Wreck_S120_Red<b36250d0>> at Pos <<4265.483887, 19.387880, 7486.074707>>
SCRIPT       : [JunkYardDog] -- Adding Fuel Point to <Static_Wreck_S120_Red<b36250d0>> at Pos <<4265.483887, 19.387880, 7486.074707>>
SCRIPT       : [JunkYardDog] -- Adding Salvage Point to <Land_Wreck_sed02_aban2_grey<baef6c40>> at Pos <<4261.118652, 19.474199, 7486.989746>>
SCRIPT       : [JunkYardDog] -- Adding Fuel Point to <Land_Wreck_sed02_aban2_grey<baef6c40>> at Pos <<4261.118652, 19.474199, 7486.989746>>
SCRIPT       : [JunkYardDog] -- Adding Salvage Point to <Land_Wreck_hb02_aban1_black<baef5110>> at Pos <<4281.951660, 19.722244, 7484.952637>>
SCRIPT       : [JunkYardDog] -- Adding Fuel Point to <Land_Wreck_hb02_aban1_black<baef5110>> at Pos <<4281.951660, 19.722244, 7484.952637>>
SCRIPT       : [JunkYardDog] -- Adding Salvage Point to <Land_Wreck_sed02_aban2_grey<baef23c0>> at Pos <<4279.214844, 19.587339, 7496.015625>>
SCRIPT       : [JunkYardDog] -- Adding Fuel Point to <Land_Wreck_sed02_aban2_grey<baef23c0>> at Pos <<4279.214844, 19.587339, 7496.015625>>
SCRIPT       : [JunkYardDog] -- Adding Salvage Point to <Land_Wreck_sed01_aban1_wine<baef11a0>> at Pos <<4261.516113, 19.556200, 7496.758301>>
SCRIPT       : [JunkYardDog] -- Adding Fuel Point to <Land_Wreck_sed01_aban1_wine<baef11a0>> at Pos <<4261.516113, 19.556200, 7496.758301>>
SCRIPT       : [JunkYardDog] -- Adding Salvage Point to <Static_Wreck_S120_Red<b84869a0>> at Pos <<4557.335449, 16.538828, 7381.394043>>
SCRIPT       : [JunkYardDog] -- Adding Fuel Point to <Static_Wreck_S120_Red<b84869a0>> at Pos <<4557.335449, 16.538828, 7381.394043>>
SCRIPT       : [JunkYardDog] -- Adding Salvage Point to <Land_Wreck_sed02_aban1_grey<b35d9430>> at Pos <<4576.221680, 16.900944, 7332.009277>>
SCRIPT       : [JunkYardDog] -- Adding Fuel Point to <Land_Wreck_sed02_aban1_grey<b35d9430>> at Pos <<4576.221680, 16.900944, 7332.009277>>
SCRIPT       : [JunkYardDog] -- Adding Salvage Point to <Static_Wreck_S120_Red<bfe7cfb0>> at Pos <<3979.441895, 19.399769, 7494.562500>>
SCRIPT       : [JunkYardDog] -- Adding Fuel Point to <Static_Wreck_S120_Red<bfe7cfb0>> at Pos <<3979.441895, 19.399769, 7494.562500>>
SCRIPT       : [JunkYardDog] -- Adding Salvage Point to <Land_Wreck_sed01_aban1_wine<bfe15e50>> at Pos <<4049.510986, 20.435225, 7460.453613>>
SCRIPT       : [JunkYardDog] -- Adding Fuel Point to <Land_Wreck_sed01_aban1_wine<bfe15e50>> at Pos <<4049.510986, 20.435225, 7460.453613>>
SCRIPT       : [JunkYardDog] -- Adding Salvage Point to <Land_Wreck_sed02_aban2_grey<bfe1e640>> at Pos <<4125.932617, 18.572529, 7473.500000>>
SCRIPT       : [JunkYardDog] -- Adding Fuel Point to <Land_Wreck_sed02_aban2_grey<bfe1e640>> at Pos <<4125.932617, 18.572529, 7473.500000>>
SCRIPT       : [JunkYardDog] -- Adding Salvage Point to <Land_Wreck_sed01_aban1_wine<bfe1a6d0>> at Pos <<4102.864258, 18.968386, 7466.723145>>
SCRIPT       : [JunkYardDog] -- Adding Fuel Point to <Land_Wreck_sed01_aban1_wine<bfe1a6d0>> at Pos <<4102.864258, 18.968386, 7466.723145>>
SCRIPT       : [JunkYardDog] -- Adding Salvage Point to <Static_Wreck_S120_Red<b6eba5a0>> at Pos <<4106.911621, 19.022961, 7493.916016>>
SCRIPT       : [JunkYardDog] -- Adding Fuel Point to <Static_Wreck_S120_Red<b6eba5a0>> at Pos <<4106.911621, 19.022961, 7493.916016>>
SCRIPT       : [JunkYardDog] -- Adding Salvage Point to <Land_Wreck_sed02_aban2_grey<bfe1b8f0>> at Pos <<4114.941895, 18.991508, 7496.361816>>
SCRIPT       : [JunkYardDog] -- Adding Fuel Point to <Land_Wreck_sed02_aban2_grey<bfe1b8f0>> at Pos <<4114.941895, 18.991508, 7496.361816>>
SCRIPT       : [JunkYardDog] -- Adding Salvage Point to <Static_Wreck_S120_Red<b6eb72c0>> at Pos <<4103.729492, 20.205074, 7544.099609>>
SCRIPT       : [JunkYardDog] -- Adding Fuel Point to <Static_Wreck_S120_Red<b6eb72c0>> at Pos <<4103.729492, 20.205074, 7544.099609>>
SCRIPT       : [JunkYardDog] -- Adding Salvage Point to <Land_Wreck_hb02_aban1_black<bfe1ef50>> at Pos <<4152.816406, 18.649822, 7481.583984>>
SCRIPT       : [JunkYardDog] -- Adding Fuel Point to <Land_Wreck_hb02_aban1_black<bfe1ef50>> at Pos <<4152.816406, 18.649822, 7481.583984>>
SCRIPT       : [JunkYardDog] -- Adding Salvage Point to <Land_Wreck_sed02_aban1_yellow<bfe225b0>> at Pos <<4160.610840, 18.751116, 7483.944824>>
SCRIPT       : [JunkYardDog] -- Adding Fuel Point to <Land_Wreck_sed02_aban1_yellow<bfe225b0>> at Pos <<4160.610840, 18.751116, 7483.944824>>
SCRIPT       : [JunkYardDog] -- Adding Salvage Point to <Land_Wreck_S1023_Blue<bfe2ada0>> at Pos <<4252.409180, 19.884237, 7496.853516>>
SCRIPT       : [JunkYardDog] -- Adding Fuel Point to <Land_Wreck_S1023_Blue<bfe2ada0>> at Pos <<4252.409180, 19.884237, 7496.853516>>
SCRIPT       : [JunkYardDog] -- Adding Salvage Point to <Land_Wreck_S1023_Blue<bfe2daf0>> at Pos <<4270.023438, 16.830133, 7565.314941>>
SCRIPT       : [JunkYardDog] -- Adding Fuel Point to <Land_Wreck_S1023_Blue<bfe2daf0>> at Pos <<4270.023438, 16.830133, 7565.314941>>
SCRIPT       : [JunkYardDog] -- Adding Salvage Point to <Static_Wreck_Ural<b5ed6dd0>> at Pos <<4647.874023, 16.816950, 7530.903809>>
SCRIPT       : [JunkYardDog] -- Adding Fuel Point to <Static_Wreck_Ural<b5ed6dd0>> at Pos <<4647.874023, 16.816950, 7530.903809>>
SCRIPT       : [JunkYardDog] -- Adding Salvage Point to <Land_wreck_truck01_aban2_green<bfe3ead0>> at Pos <<4702.073242, 15.797871, 7566.100586>>
SCRIPT       : [JunkYardDog] -- Adding Fuel Point to <Land_wreck_truck01_aban2_green<bfe3ead0>> at Pos <<4702.073242, 15.797871, 7566.100586>>
SCRIPT       : [JunkYardDog] -- Adding Salvage Point to <Land_Wreck_sed02_aban1_yellow<bb8e64d0>> at Pos <<4452.959961, 16.561337, 7615.726074>>
SCRIPT       : [JunkYardDog] -- Adding Fuel Point to <Land_Wreck_sed02_aban1_yellow<bb8e64d0>> at Pos <<4452.959961, 16.561337, 7615.726074>>
SCRIPT       : [JunkYardDog] -- Adding Salvage Point to <Land_Wreck_Lada_Green<bb8ebf70>> at Pos <<4550.620117, 16.493559, 7609.004883>>
SCRIPT       : [JunkYardDog] -- Adding Fuel Point to <Land_Wreck_Lada_Green<bb8ebf70>> at Pos <<4550.620117, 16.493559, 7609.004883>>
SCRIPT       : [JunkYardDog] -- Adding Salvage Point to <Static_Wreck_S120_Red<b5f05670>> at Pos <<4690.976074, 16.399143, 7613.687012>>
SCRIPT       : [JunkYardDog] -- Adding Fuel Point to <Static_Wreck_S120_Red<b5f05670>> at Pos <<4690.976074, 16.399143, 7613.687012>>
SCRIPT       : [JunkYardDog] -- Adding Salvage Point to <Land_Wreck_Volha_Blue<bb8e52b0>> at Pos <<4741.960938, 16.279078, 7598.715332>>
SCRIPT       : [JunkYardDog] -- Adding Fuel Point to <Land_Wreck_Volha_Blue<bb8e52b0>> at Pos <<4741.960938, 16.279078, 7598.715332>>
SCRIPT       : [JunkYardDog] -- Adding Salvage Point to <Land_Wreck_Volha_Blue<bb8e5bc0>> at Pos <<4779.777832, 16.288183, 7515.143555>>
SCRIPT       : [JunkYardDog] -- Adding Fuel Point to <Land_Wreck_Volha_Blue<bb8e5bc0>> at Pos <<4779.777832, 16.288183, 7515.143555>>
SCRIPT       : [JunkYardDog] -- Adding Salvage Point to <Land_Wreck_sed02_aban2_grey<bb8eecc0>> at Pos <<2559.955322, 6.488884, 7647.288574>>
SCRIPT       : [JunkYardDog] -- Adding Fuel Point to <Land_Wreck_sed02_aban2_grey<bb8eecc0>> at Pos <<2559.955322, 6.488884, 7647.288574>>
SCRIPT       : [JunkYardDog] -- Adding Salvage Point to <Land_wreck_truck01_aban1_green<bb8fea80>> at Pos <<2590.389893, 5.830000, 7581.336426>>
SCRIPT       : [JunkYardDog] -- Adding Fuel Point to <Land_wreck_truck01_aban1_green<bb8fea80>> at Pos <<2590.389893, 5.830000, 7581.336426>>
SCRIPT       : [JunkYardDog] -- Adding Salvage Point to <Land_Wreck_hb02_aban1_blue<bb9020e0>> at Pos <<2606.326904, 6.589831, 7577.729004>>
SCRIPT       : [JunkYardDog] -- Adding Fuel Point to <Land_Wreck_hb02_aban1_blue<bb9020e0>> at Pos <<2606.326904, 6.589831, 7577.729004>>
SCRIPT       : [JunkYardDog] -- Adding Salvage Point to <Land_wreck_truck01_aban1_green<bb9017d0>> at Pos <<2696.036133, 5.898561, 7460.806152>>
SCRIPT       : [JunkYardDog] -- Adding Fuel Point to <Land_wreck_truck01_aban1_green<bb9017d0>> at Pos <<2696.036133, 5.898561, 7460.806152>>
SCRIPT       : [JunkYardDog] -- Adding Salvage Point to <Land_Wreck_S1023_Beige<bb90b1e0>> at Pos <<4718.874512, 16.913778, 7626.056152>>
SCRIPT       : [JunkYardDog] -- Adding Fuel Point to <Land_Wreck_S1023_Beige<bb90b1e0>> at Pos <<4718.874512, 16.913778, 7626.056152>>
SCRIPT       : [JunkYardDog] -- Adding Salvage Point to <Land_Wreck_S1023_Beige<bb9127b0>> at Pos <<2683.746826, 44.939110, 5746.486328>>
SCRIPT       : [JunkYardDog] -- Adding Fuel Point to <Land_Wreck_S1023_Beige<bb9127b0>> at Pos <<2683.746826, 44.939110, 5746.486328>>
SCRIPT       : [JunkYardDog] -- Adding Salvage Point to <Land_Wreck_hb02_aban2_blue<bb915e10>> at Pos <<2254.115479, 55.503723, 3137.041992>>
SCRIPT       : [JunkYardDog] -- Adding Fuel Point to <Land_Wreck_hb02_aban2_blue<bb915e10>> at Pos <<2254.115479, 55.503723, 3137.041992>>
SCRIPT       : [JunkYardDog] -- Adding Salvage Point to <Land_Wreck_sed02_aban2_red<bb915500>> at Pos <<6759.062988, 19.778826, 3684.049805>>
SCRIPT       : [JunkYardDog] -- Adding Fuel Point to <Land_Wreck_sed02_aban2_red<bb915500>> at Pos <<6759.062988, 19.778826, 3684.049805>>
SCRIPT       : [JunkYardDog] -- Adding Salvage Point to <Land_Wreck_sed02_aban2_red<bb917030>> at Pos <<6709.186523, 19.778826, 3728.884033>>
SCRIPT       : [JunkYardDog] -- Adding Fuel Point to <Land_Wreck_sed02_aban2_red<bb917030>> at Pos <<6709.186523, 19.778826, 3728.884033>>
SCRIPT       : [JunkYardDog] -- Adding Salvage Point to <Land_Wreck_hb02_aban2_blue<bb90fa60>> at Pos <<6690.885254, 19.974657, 3721.251465>>
SCRIPT       : [JunkYardDog] -- Adding Fuel Point to <Land_Wreck_hb02_aban2_blue<bb90fa60>> at Pos <<6690.885254, 19.974657, 3721.251465>>
SCRIPT       : [JunkYardDog] -- Adding Salvage Point to <Land_Wreck_hb01_aban2_white<bb91afa0>> at Pos <<6724.634766, 20.050743, 3717.273682>>
SCRIPT       : [JunkYardDog] -- Adding Fuel Point to <Land_Wreck_hb01_aban2_white<bb91afa0>> at Pos <<6724.634766, 20.050743, 3717.273682>>
SCRIPT       : [JunkYardDog] -- Adding Salvage Point to <Land_Wreck_sed02_aban1_red<bb919d80>> at Pos <<2146.428711, 55.661118, 3001.906738>>
SCRIPT       : [JunkYardDog] -- Adding Fuel Point to <Land_Wreck_sed02_aban1_red<bb919d80>> at Pos <<2146.428711, 55.661118, 3001.906738>>
SCRIPT       : [JunkYardDog] -- Adding Salvage Point to <Land_wreck_truck01_aban1_green<b759d130>> at Pos <<2032.599487, 75.318779, 6990.077637>>
SCRIPT       : [JunkYardDog] -- Adding Fuel Point to <Land_wreck_truck01_aban1_green<b759d130>> at Pos <<2032.599487, 75.318779, 6990.077637>>
SCRIPT       : [JunkYardDog] -- Adding Salvage Point to <Land_Wreck_S1023_Blue<b759ec60>> at Pos <<2371.412842, 43.496582, 5728.241699>>
SCRIPT       : [JunkYardDog] -- Adding Fuel Point to <Land_Wreck_S1023_Blue<b759ec60>> at Pos <<2371.412842, 43.496582, 5728.241699>>
SCRIPT       : [JunkYardDog] -- Adding Salvage Point to <Land_Wreck_Uaz<b75a6b40>> at Pos <<1758.580078, 98.885674, 6546.113770>>
SCRIPT       : [JunkYardDog] -- Adding Fuel Point to <Land_Wreck_Uaz<b75a6b40>> at Pos <<1758.580078, 98.885674, 6546.113770>>
SCRIPT       : [JunkYardDog] -- Adding Salvage Point to <Static_Wreck_HMMWV<b83abbd0>> at Pos <<1786.229126, 99.513550, 6483.961426>>
SCRIPT       : [JunkYardDog] -- Adding Fuel Point to <Static_Wreck_HMMWV<b83abbd0>> at Pos <<1786.229126, 99.513550, 6483.961426>>
SCRIPT       : [JunkYardDog] -- Adding Salvage Point to <Land_Wreck_Volha_Blue<b75a5920>> at Pos <<1791.170776, 99.296005, 6478.506836>>
SCRIPT       : [JunkYardDog] -- Adding Fuel Point to <Land_Wreck_Volha_Blue<b75a5920>> at Pos <<1791.170776, 99.296005, 6478.506836>>
SCRIPT       : [JunkYardDog] -- Adding Salvage Point to <Static_Wreck_HMMWV<b787f100>> at Pos <<1601.119751, 96.917114, 2641.708008>>
SCRIPT       : [JunkYardDog] -- Adding Fuel Point to <Static_Wreck_HMMWV<b787f100>> at Pos <<1601.119751, 96.917114, 2641.708008>>
SCRIPT       : [JunkYardDog] -- Adding Salvage Point to <Land_Wreck_sed02_aban1_yellow<b75a8f80>> at Pos <<2639.423584, 44.801090, 5811.221191>>
SCRIPT       : [JunkYardDog] -- Adding Fuel Point to <Land_Wreck_sed02_aban1_yellow<b75a8f80>> at Pos <<2639.423584, 44.801090, 5811.221191>>
SCRIPT       : [JunkYardDog] -- Adding Salvage Point to <Land_Wreck_Uaz<b75a19b0>> at Pos <<2644.460693, 44.783184, 5822.029785>>
SCRIPT       : [JunkYardDog] -- Adding Fuel Point to <Land_Wreck_Uaz<b75a19b0>> at Pos <<2644.460693, 44.783184, 5822.029785>>
SCRIPT       : [JunkYardDog] -- Adding Salvage Point to <Land_Wreck_Uaz<b75a9890>> at Pos <<2643.558105, 44.783184, 5808.225586>>
SCRIPT       : [JunkYardDog] -- Adding Fuel Point to <Land_Wreck_Uaz<b75a9890>> at Pos <<2643.558105, 44.783184, 5808.225586>>
SCRIPT       : [JunkYardDog] -- Adding Salvage Point to <Land_Wreck_hb01_aban1_green<b75b1770>> at Pos <<2654.958008, 44.713528, 5724.151367>>
SCRIPT       : [JunkYardDog] -- Adding Fuel Point to <Land_Wreck_hb01_aban1_green<b75b1770>> at Pos <<2654.958008, 44.713528, 5724.151367>>
SCRIPT       : [JunkYardDog] -- Adding Salvage Point to <Land_wreck_truck01_aban1_green<b75b2080>> at Pos <<2170.769775, 54.800152, 2965.642578>>
SCRIPT       : [JunkYardDog] -- Adding Fuel Point to <Land_wreck_truck01_aban1_green<b75b2080>> at Pos <<2170.769775, 54.800152, 2965.642578>>
SCRIPT       : [JunkYardDog] -- Adding Salvage Point to <Land_Wreck_Uaz<b7573ba0>> at Pos <<3129.037842, 7.148973, 752.888428>>
SCRIPT       : [JunkYardDog] -- Adding Fuel Point to <Land_Wreck_Uaz<b7573ba0>> at Pos <<3129.037842, 7.148973, 752.888428>>
SCRIPT       : [JunkYardDog] -- Adding Salvage Point to <Land_Wreck_hb01_aban2_green<b75b0550>> at Pos <<3695.641846, 6.523770, 4694.294434>>
SCRIPT       : [JunkYardDog] -- Adding Fuel Point to <Land_Wreck_hb01_aban2_green<b75b0550>> at Pos <<3695.641846, 6.523770, 4694.294434>>
SCRIPT       : [JunkYardDog] -- Adding Salvage Point to <Land_Wreck_Uaz<b7572980>> at Pos <<1758.055176, 14.243091, 5036.176758>>
SCRIPT       : [JunkYardDog] -- Adding Fuel Point to <Land_Wreck_Uaz<b7572980>> at Pos <<1758.055176, 14.243091, 5036.176758>>
SCRIPT       : [JunkYardDog] -- Adding Salvage Point to <Land_Wreck_sed02_aban1_grey<b757d5b0>> at Pos <<6761.558594, 19.981163, 3731.192627>>
SCRIPT       : [JunkYardDog] -- Adding Fuel Point to <Land_Wreck_sed02_aban1_grey<b757d5b0>> at Pos <<6761.558594, 19.981163, 3731.192627>>
SCRIPT       : [JunkYardDog] -- Adding Salvage Point to <Land_Wreck_sed01_aban2_wine<b7585490>> at Pos <<6702.113281, 19.803265, 3643.737061>>
SCRIPT       : [JunkYardDog] -- Adding Fuel Point to <Land_Wreck_sed01_aban2_wine<b7585490>> at Pos <<6702.113281, 19.803265, 3643.737061>>
SCRIPT       : [JunkYardDog] -- Adding Salvage Point to <Land_Wreck_hb02_aban1_blue<b75866b0>> at Pos <<2661.987061, 44.699776, 5789.193848>>
SCRIPT       : [JunkYardDog] -- Adding Fuel Point to <Land_Wreck_hb02_aban1_blue<b75866b0>> at Pos <<2661.987061, 44.699776, 5789.193848>>
SCRIPT       : [JunkYardDog] -- Adding Salvage Point to <Land_Wreck_Volha_Grey<b758a620>> at Pos <<2212.918945, 55.536942, 3189.282471>>
SCRIPT       : [JunkYardDog] -- Adding Fuel Point to <Land_Wreck_Volha_Grey<b758a620>> at Pos <<2212.918945, 55.536942, 3189.282471>>
SCRIPT       : [JunkYardDog] -- Adding Salvage Point to <Land_Wreck_hb02_aban2_blue<b758af30>> at Pos <<6799.667480, 19.823679, 3640.918213>>
SCRIPT       : [JunkYardDog] -- Adding Fuel Point to <Land_Wreck_hb02_aban2_blue<b758af30>> at Pos <<6799.667480, 19.823679, 3640.918213>>
SCRIPT       : [JunkYardDog] -- Adding Salvage Point to <Land_Wreck_sed01_aban1_black<b758c150>> at Pos <<6831.467773, 19.871563, 3620.311768>>
SCRIPT       : [JunkYardDog] -- Adding Fuel Point to <Land_Wreck_sed01_aban1_black<b758c150>> at Pos <<6831.467773, 19.871563, 3620.311768>>
SCRIPT       : [JunkYardDog] -- Adding Salvage Point to <Land_Wreck_hb01_aban1_white<b75900c0>> at Pos <<6710.812012, 23.321987, 3784.421631>>
SCRIPT       : [JunkYardDog] -- Adding Fuel Point to <Land_Wreck_hb01_aban1_white<b75900c0>> at Pos <<6710.812012, 23.321987, 3784.421631>>
SCRIPT       : [JunkYardDog] -- Adding Salvage Point to <Land_Wreck_sed02_aban2_red<b7588af0>> at Pos <<6692.140137, 22.918825, 3782.487061>>
SCRIPT       : [JunkYardDog] -- Adding Fuel Point to <Land_Wreck_sed02_aban2_red<b7588af0>> at Pos <<6692.140137, 22.918825, 3782.487061>>
SCRIPT       : [JunkYardDog] -- Adding Salvage Point to <Land_Wreck_sed01_aban2_wine<b7594940>> at Pos <<6727.119629, 23.013319, 3792.527588>>
SCRIPT       : [JunkYardDog] -- Adding Fuel Point to <Land_Wreck_sed01_aban2_wine<b7594940>> at Pos <<6727.119629, 23.013319, 3792.527588>>
SCRIPT       : [JunkYardDog] -- Adding Salvage Point to <Land_Wreck_hb01_aban2_white<b7592e10>> at Pos <<6872.898438, 20.053711, 3821.324463>>
SCRIPT       : [JunkYardDog] -- Adding Fuel Point to <Land_Wreck_hb01_aban2_white<b7592e10>> at Pos <<6872.898438, 20.053711, 3821.324463>>
SCRIPT       : [JunkYardDog] -- Adding Salvage Point to <Land_Wreck_sed02_aban2_yellow<bffc54c0>> at Pos <<2814.938965, 45.068821, 5961.391602>>
SCRIPT       : [JunkYardDog] -- Adding Fuel Point to <Land_Wreck_sed02_aban2_yellow<bffc54c0>> at Pos <<2814.938965, 45.068821, 5961.391602>>
SCRIPT       : [JunkYardDog] -- Adding Salvage Point to <Land_Wreck_Uaz<bffca650>> at Pos <<2805.105469, 45.253162, 5965.519531>>
SCRIPT       : [JunkYardDog] -- Adding Fuel Point to <Land_Wreck_Uaz<bffca650>> at Pos <<2805.105469, 45.253162, 5965.519531>>
SCRIPT       : [JunkYardDog] -- Adding Salvage Point to <Static_Wreck_Ural<c009dc70>> at Pos <<2830.821777, 45.597622, 5981.551758>>
SCRIPT       : [JunkYardDog] -- Adding Fuel Point to <Static_Wreck_Ural<c009dc70>> at Pos <<2830.821777, 45.597622, 5981.551758>>
SCRIPT       : [JunkYardDog] -- Adding Salvage Point to <Land_Wreck_hb01_aban2_green<bffcca90>> at Pos <<2848.041748, 45.340523, 5974.695801>>
SCRIPT       : [JunkYardDog] -- Adding Fuel Point to <Land_Wreck_hb01_aban2_green<bffcca90>> at Pos <<2848.041748, 45.340523, 5974.695801>>
SCRIPT       : [JunkYardDog] -- Adding Salvage Point to <Land_Wreck_Volha_Blue<bffd4060>> at Pos <<2764.045166, 44.676945, 5878.128906>>
SCRIPT       : [JunkYardDog] -- Adding Fuel Point to <Land_Wreck_Volha_Blue<bffd4060>> at Pos <<2764.045166, 44.676945, 5878.128906>>
SCRIPT       : [JunkYardDog] -- Adding Salvage Point to <Land_wreck_truck01_aban1_green<bffd6db0>> at Pos <<2732.454102, 43.940052, 5905.162109>>
SCRIPT       : [JunkYardDog] -- Adding Fuel Point to <Land_wreck_truck01_aban1_green<bffd6db0>> at Pos <<2732.454102, 43.940052, 5905.162109>>
SCRIPT       : [JunkYardDog] -- Adding Salvage Point to <Static_Wreck_Ural<c00af1f0>> at Pos <<805.651306, 6.447515, 3343.085205>>
SCRIPT       : [JunkYardDog] -- Adding Fuel Point to <Static_Wreck_Ural<c00af1f0>> at Pos <<805.651306, 6.447515, 3343.085205>>
SCRIPT       : [JunkYardDog] -- Adding Salvage Point to <Static_Wreck_Ural<c00af8e0>> at Pos <<829.978516, 6.447515, 3342.314697>>
SCRIPT       : [JunkYardDog] -- Adding Fuel Point to <Static_Wreck_Ural<c00af8e0>> at Pos <<829.978516, 6.447515, 3342.314697>>
SCRIPT       : [JunkYardDog] -- Adding Salvage Point to <Land_Wreck_hb01_aban1_green<bffdda70>> at Pos <<836.449646, 6.321993, 3329.476807>>
SCRIPT       : [JunkYardDog] -- Adding Fuel Point to <Land_Wreck_hb01_aban1_green<bffdda70>> at Pos <<836.449646, 6.321993, 3329.476807>>
SCRIPT       : [JunkYardDog] -- Adding Salvage Point to <Land_Wreck_Uaz<bffde380>> at Pos <<836.511536, 6.103186, 3352.479492>>
SCRIPT       : [JunkYardDog] -- Adding Fuel Point to <Land_Wreck_Uaz<bffde380>> at Pos <<836.511536, 6.103186, 3352.479492>>
SCRIPT       : [JunkYardDog] -- Adding Salvage Point to <Land_Wreck_Volha_Blue<bffdf5a0>> at Pos <<834.689331, 5.992642, 3349.105225>>
SCRIPT       : [JunkYardDog] -- Adding Fuel Point to <Land_Wreck_Volha_Blue<bffdf5a0>> at Pos <<834.689331, 5.992642, 3349.105225>>
SCRIPT       : [JunkYardDog] -- Adding Salvage Point to <Land_Wreck_Lada_Green<bffdfeb0>> at Pos <<833.972351, 5.921496, 3363.273682>>
SCRIPT       : [JunkYardDog] -- Adding Fuel Point to <Land_Wreck_Lada_Green<bffdfeb0>> at Pos <<833.972351, 5.921496, 3363.273682>>
SCRIPT       : [JunkYardDog] -- Adding Salvage Point to <Land_Wreck_hb01_aban2_green<bffe7480>> at Pos <<2673.965576, 44.870831, 5793.650879>>
SCRIPT       : [JunkYardDog] -- Adding Fuel Point to <Land_Wreck_hb01_aban2_green<bffe7480>> at Pos <<2673.965576, 44.870831, 5793.650879>>
SCRIPT       : [JunkYardDog] -- Adding Salvage Point to <Static_Wreck_HMMWV<c01a6ab0>> at Pos <<2666.219971, 44.847099, 5800.727539>>
SCRIPT       : [JunkYardDog] -- Adding Fuel Point to <Static_Wreck_HMMWV<c01a6ab0>> at Pos <<2666.219971, 44.847099, 5800.727539>>
SCRIPT       : [JunkYardDog] -- Adding Salvage Point to <Land_Wreck_sed02_aban1_red<bffebd00>> at Pos <<2659.995361, 44.801193, 5807.961426>>
SCRIPT       : [JunkYardDog] -- Adding Fuel Point to <Land_Wreck_sed02_aban1_red<bffebd00>> at Pos <<2659.995361, 44.801193, 5807.961426>>
SCRIPT       : [JunkYardDog] -- Adding Salvage Point to <Land_Wreck_hb02_aban1_blue<bffee140>> at Pos <<2212.228760, 55.559822, 3009.583008>>
SCRIPT       : [JunkYardDog] -- Adding Fuel Point to <Land_Wreck_hb02_aban1_blue<bffee140>> at Pos <<2212.228760, 55.559822, 3009.583008>>
SCRIPT       : [JunkYardDog] -- Adding Salvage Point to <Land_Wreck_hb01_aban1_white<bffecf20>> at Pos <<2178.159668, 55.861992, 3045.965820>>
SCRIPT       : [JunkYardDog] -- Adding Fuel Point to <Land_Wreck_hb01_aban1_white<bffecf20>> at Pos <<2178.159668, 55.861992, 3045.965820>>
SCRIPT       : [JunkYardDog] -- Adding Salvage Point to <Land_Wreck_S1023_Blue<bffe98c0>> at Pos <<2186.576660, 55.799133, 3053.884277>>
SCRIPT       : [JunkYardDog] -- Adding Fuel Point to <Land_Wreck_S1023_Blue<bffe98c0>> at Pos <<2186.576660, 55.799133, 3053.884277>>
SCRIPT       : [JunkYardDog] -- Adding Salvage Point to <Land_Wreck_hb01_aban1_white<bffe8fb0>> at Pos <<2229.239990, 55.861992, 3060.232910>>
SCRIPT       : [JunkYardDog] -- Adding Fuel Point to <Land_Wreck_hb01_aban1_white<bffe8fb0>> at Pos <<2229.239990, 55.861992, 3060.232910>>
SCRIPT       : [JunkYardDog] -- Adding Salvage Point to <Land_Wreck_sed02_aban2_yellow<bfff20b0>> at Pos <<2202.450684, 55.458824, 3206.056396>>
SCRIPT       : [JunkYardDog] -- Adding Fuel Point to <Land_Wreck_sed02_aban2_yellow<bfff20b0>> at Pos <<2202.450684, 55.458824, 3206.056396>>
SCRIPT       : [JunkYardDog] -- Adding Salvage Point to <Land_Wreck_Lada_Green<bfff3be0>> at Pos <<2115.759766, 55.461494, 3096.063721>>
SCRIPT       : [JunkYardDog] -- Adding Fuel Point to <Land_Wreck_Lada_Green<bfff3be0>> at Pos <<2115.759766, 55.461494, 3096.063721>>
SCRIPT       : [JunkYardDog] -- Adding Salvage Point to <Land_Wreck_V3S<bfffcce0>> at Pos <<1492.977295, 59.573689, 5620.003906>>
SCRIPT       : [JunkYardDog] -- Adding Fuel Point to <Land_Wreck_V3S<bfffcce0>> at Pos <<1492.977295, 59.573689, 5620.003906>>
SCRIPT       : [JunkYardDog] -- Adding Salvage Point to <Land_Wreck_Uaz<b757e7d0>> at Pos <<1546.789063, 58.866505, 5599.178711>>
SCRIPT       : [JunkYardDog] -- Adding Fuel Point to <Land_Wreck_Uaz<b757e7d0>> at Pos <<1546.789063, 58.866505, 5599.178711>>
SCRIPT       : [JunkYardDog] -- Adding Salvage Point to <Land_Wreck_S1023_Blue<c05d81d0>> at Pos <<1545.703979, 59.405029, 5623.566895>>
SCRIPT       : [JunkYardDog] -- Adding Fuel Point to <Land_Wreck_S1023_Blue<c05d81d0>> at Pos <<1545.703979, 59.405029, 5623.566895>>
SCRIPT       : [JunkYardDog] -- Adding Salvage Point to <Land_Wreck_S1023_Beige<c05daf20>> at Pos <<1448.899780, 58.967144, 5597.666016>>
SCRIPT       : [JunkYardDog] -- Adding Fuel Point to <Land_Wreck_S1023_Beige<c05daf20>> at Pos <<1448.899780, 58.967144, 5597.666016>>
SCRIPT       : [JunkYardDog] -- Adding Salvage Point to <Land_Wreck_sed01_aban2_wine<c05d8ae0>> at Pos <<2244.318604, 95.263321, 6336.895996>>
SCRIPT       : [JunkYardDog] -- Adding Fuel Point to <Land_Wreck_sed01_aban2_wine<c05d8ae0>> at Pos <<2244.318604, 95.263321, 6336.895996>>
SCRIPT       : [JunkYardDog] -- Adding Salvage Point to <Land_Wreck_S1023_Beige<c05d5480>> at Pos <<2249.183105, 95.509117, 6339.464355>>
SCRIPT       : [JunkYardDog] -- Adding Fuel Point to <Land_Wreck_S1023_Beige<c05d5480>> at Pos <<2249.183105, 95.509117, 6339.464355>>
SCRIPT       : [JunkYardDog] -- Adding Salvage Point to <Land_wreck_truck01_aban2_blue<c05d78c0>> at Pos <<2814.918213, 44.410267, 5947.968750>>
SCRIPT       : [JunkYardDog] -- Adding Fuel Point to <Land_wreck_truck01_aban2_blue<c05d78c0>> at Pos <<2814.918213, 44.410267, 5947.968750>>
SCRIPT       : [JunkYardDog] -- Adding Salvage Point to <Land_Wreck_hb02_aban1_blue<c05ddc70>> at Pos <<823.701599, 6.019824, 3368.801758>>
SCRIPT       : [JunkYardDog] -- Adding Fuel Point to <Land_Wreck_hb02_aban1_blue<c05ddc70>> at Pos <<823.701599, 6.019824, 3368.801758>>
SCRIPT       : [JunkYardDog] -- Adding Salvage Point to <Land_Wreck_Volha_Blue<c05d66a0>> at Pos <<826.823242, 5.996944, 3366.731689>>
SCRIPT       : [JunkYardDog] -- Adding Fuel Point to <Land_Wreck_Volha_Blue<c05d66a0>> at Pos <<826.823242, 5.996944, 3366.731689>>
SCRIPT       : [JunkYardDog] -- Adding Salvage Point to <Static_Wreck_HMMWV<c0649de0>> at Pos <<819.898193, 6.167102, 3371.114990>>
SCRIPT       : [JunkYardDog] -- Adding Fuel Point to <Static_Wreck_HMMWV<c0649de0>> at Pos <<819.898193, 6.167102, 3371.114990>>
SCRIPT       : [JunkYardDog] -- Adding Salvage Point to <Land_Wreck_Uaz<c05e2e00>> at Pos <<6926.835449, 15.217816, 6103.554688>>
SCRIPT       : [JunkYardDog] -- Adding Fuel Point to <Land_Wreck_Uaz<c05e2e00>> at Pos <<6926.835449, 15.217816, 6103.554688>>
SCRIPT       : [JunkYardDog] -- Adding Salvage Point to <Land_Wreck_V3S<c05e4020>> at Pos <<6925.099121, 15.979323, 6088.505371>>
SCRIPT       : [JunkYardDog] -- Adding Fuel Point to <Land_Wreck_V3S<c05e4020>> at Pos <<6925.099121, 15.979323, 6088.505371>>
SCRIPT       : [JunkYardDog] -- Adding Salvage Point to <Land_Wreck_Uaz<c05e00b0>> at Pos <<6919.360840, 15.229533, 6113.674316>>
SCRIPT       : [JunkYardDog] -- Adding Fuel Point to <Land_Wreck_Uaz<c05e00b0>> at Pos <<6919.360840, 15.229533, 6113.674316>>
SCRIPT       : [JunkYardDog] -- Adding Salvage Point to <Static_Wreck_HMMWV<c066cd80>> at Pos <<6792.903320, 15.341508, 6778.647949>>
SCRIPT       : [JunkYardDog] -- Adding Fuel Point to <Static_Wreck_HMMWV<c066cd80>> at Pos <<6792.903320, 15.341508, 6778.647949>>
SCRIPT       : [JunkYardDog] -- Adding Salvage Point to <Static_Wreck_HMMWV<c06693b0>> at Pos <<6807.795410, 15.314057, 6772.062988>>
SCRIPT       : [JunkYardDog] -- Adding Fuel Point to <Static_Wreck_HMMWV<c06693b0>> at Pos <<6807.795410, 15.314057, 6772.062988>>
SCRIPT       : [JunkYardDog] -- Adding Salvage Point to <Static_Wreck_HMMWV<c0671090>> at Pos <<6813.540527, 15.327584, 6807.437012>>
SCRIPT       : [JunkYardDog] -- Adding Fuel Point to <Static_Wreck_HMMWV<c0671090>> at Pos <<6813.540527, 15.327584, 6807.437012>>
SCRIPT       : [JunkYardDog] -- Adding Salvage Point to <Land_Wreck_S1023_Beige<c05e5b50>> at Pos <<2048.291504, 74.831108, 6960.855957>>
SCRIPT       : [JunkYardDog] -- Adding Fuel Point to <Land_Wreck_S1023_Beige<c05e5b50>> at Pos <<2048.291504, 74.831108, 6960.855957>>
SCRIPT       : [JunkYardDog] -- Adding Salvage Point to <Static_Wreck_Ural<c7d1d740>> at Pos <<1946.873901, 73.363014, 7106.938965>>
SCRIPT       : [JunkYardDog] -- Adding Fuel Point to <Static_Wreck_Ural<c7d1d740>> at Pos <<1946.873901, 73.363014, 7106.938965>>
SCRIPT       : [JunkYardDog] -- Adding Salvage Point to <Land_Wreck_Volha_Blue<c05df7a0>> at Pos <<1943.095581, 69.773003, 7133.575684>>
SCRIPT       : [JunkYardDog] -- Adding Fuel Point to <Land_Wreck_Volha_Blue<c05df7a0>> at Pos <<1943.095581, 69.773003, 7133.575684>>
SCRIPT       : [JunkYardDog] -- Adding Salvage Point to <Land_wreck_truck01_aban1_blue<c05eec50>> at Pos <<1473.469727, 57.105736, 6814.421387>>
SCRIPT       : [JunkYardDog] -- Adding Fuel Point to <Land_wreck_truck01_aban1_blue<c05eec50>> at Pos <<1473.469727, 57.105736, 6814.421387>>
SCRIPT       : [JunkYardDog] -- Adding Salvage Point to <Land_Wreck_sed01_aban1_white<c05baa90>> at Pos <<2513.864258, 6.581579, 7620.981934>>
SCRIPT       : [JunkYardDog] -- Adding Fuel Point to <Land_Wreck_sed01_aban1_white<c05baa90>> at Pos <<2513.864258, 6.581579, 7620.981934>>
SCRIPT       : [JunkYardDog] -- Adding Salvage Point to <Land_Wreck_hb01_aban2_green<c05bced0>> at Pos <<1756.138794, 22.669958, 7421.093750>>
SCRIPT       : [JunkYardDog] -- Adding Fuel Point to <Land_Wreck_hb01_aban2_green<c05bced0>> at Pos <<1756.138794, 22.669958, 7421.093750>>
SCRIPT       : [JunkYardDog] -- Adding Salvage Point to <Land_Wreck_hb02_aban2_black<c05c2060>> at Pos <<1745.804932, 6.923633, 7615.487793>>
SCRIPT       : [JunkYardDog] -- Adding Fuel Point to <Land_Wreck_hb02_aban2_black<c05c2060>> at Pos <<1745.804932, 6.923633, 7615.487793>>
SCRIPT       : [JunkYardDog] -- Adding Salvage Point to <Land_Wreck_sed02_aban1_grey<c05c9630>> at Pos <<1760.719727, 22.384274, 7427.036133>>
SCRIPT       : [JunkYardDog] -- Adding Fuel Point to <Land_Wreck_sed02_aban1_grey<c05c9630>> at Pos <<1760.719727, 22.384274, 7427.036133>>
SCRIPT       : [JunkYardDog] -- Adding Salvage Point to <Land_wreck_truck01_aban1_green<c05d1510>> at Pos <<1697.824951, 18.172224, 7472.395996>>
SCRIPT       : [JunkYardDog] -- Adding Fuel Point to <Land_wreck_truck01_aban1_green<c05d1510>> at Pos <<1697.824951, 18.172224, 7472.395996>>
SCRIPT       : [JunkYardDog] -- Adding Salvage Point to <Land_Wreck_Volha_Grey<c05d4b70>> at Pos <<2421.758545, 43.742401, 5807.520996>>
SCRIPT       : [JunkYardDog] -- Adding Fuel Point to <Land_Wreck_Volha_Grey<c05d4b70>> at Pos <<2421.758545, 43.742401, 5807.520996>>
SCRIPT       : [JunkYardDog] -- Adding Salvage Point to <Land_Wreck_sed01_aban1_wine<c8405ad0>> at Pos <<1747.576782, 6.971670, 7626.167480>>
SCRIPT       : [JunkYardDog] -- Adding Fuel Point to <Land_Wreck_sed01_aban1_wine<c8405ad0>> at Pos <<1747.576782, 6.971670, 7626.167480>>
SCRIPT       : [JunkYardDog] -- Adding Salvage Point to <Land_wreck_truck01_aban2_blue<c8409130>> at Pos <<1470.136475, 57.963291, 5621.325684>>
SCRIPT       : [JunkYardDog] -- Adding Fuel Point to <Land_wreck_truck01_aban2_blue<c8409130>> at Pos <<1470.136475, 57.963291, 5621.325684>>
SCRIPT       : [JunkYardDog] -- Adding Salvage Point to <Land_wreck_truck01_aban1_green<c8407f10>> at Pos <<1442.592896, 57.980042, 5628.496582>>
SCRIPT       : [JunkYardDog] -- Adding Fuel Point to <Land_wreck_truck01_aban1_green<c8407f10>> at Pos <<1442.592896, 57.980042, 5628.496582>>
SCRIPT       : [JunkYardDog] -- Adding Salvage Point to <Land_Wreck_sed01_aban2_wine<c840e2c0>> at Pos <<3180.095459, 16.053360, 881.825867>>
SCRIPT       : [JunkYardDog] -- Adding Fuel Point to <Land_Wreck_sed01_aban2_wine<c840e2c0>> at Pos <<3180.095459, 16.053360, 881.825867>>
SCRIPT       : [JunkYardDog] -- Adding Salvage Point to <Land_Wreck_sed01_aban2_black<c8417cd0>> at Pos <<3696.105225, 6.707343, 4752.612793>>
SCRIPT       : [JunkYardDog] -- Adding Fuel Point to <Land_Wreck_sed01_aban2_black<c8417cd0>> at Pos <<3696.105225, 6.707343, 4752.612793>>
SCRIPT       : [JunkYardDog] -- Adding Salvage Point to <Land_Wreck_S1023_Blue<c8427180>> at Pos <<3719.145508, 7.122676, 4764.018066>>
SCRIPT       : [JunkYardDog] -- Adding Fuel Point to <Land_Wreck_S1023_Blue<c8427180>> at Pos <<3719.145508, 7.122676, 4764.018066>>
SCRIPT       : [JunkYardDog] -- Adding Salvage Point to <Land_Wreck_sed02_aban2_red<c84216e0>> at Pos <<4047.049072, 14.208237, 6760.623047>>
SCRIPT       : [JunkYardDog] -- Adding Fuel Point to <Land_Wreck_sed02_aban2_red<c84216e0>> at Pos <<4047.049072, 14.208237, 6760.623047>>
SCRIPT       : [JunkYardDog] -- Adding Salvage Point to <Land_Wreck_sed01_aban2_white<c8426870>> at Pos <<4126.379395, 15.640750, 6737.361328>>
SCRIPT       : [JunkYardDog] -- Adding Fuel Point to <Land_Wreck_sed01_aban2_white<c8426870>> at Pos <<4126.379395, 15.640750, 6737.361328>>
SCRIPT       : [JunkYardDog] -- Adding Salvage Point to <Land_Wreck_S1023_Beige<c842e750>> at Pos <<2064.394775, 8.680546, 7629.056641>>
SCRIPT       : [JunkYardDog] -- Adding Fuel Point to <Land_Wreck_S1023_Beige<c842e750>> at Pos <<2064.394775, 8.680546, 7629.056641>>
SCRIPT       : [JunkYardDog] -- Adding Salvage Point to <Land_Wreck_S1023_Blue<c842f970>> at Pos <<2074.694092, 6.002433, 7648.229492>>
SCRIPT       : [JunkYardDog] -- Adding Fuel Point to <Land_Wreck_S1023_Blue<c842f970>> at Pos <<2074.694092, 6.002433, 7648.229492>>
SCRIPT       : [JunkYardDog] -- Adding Salvage Point to <Land_Wreck_sed01_aban1_white<c842f060>> at Pos <<2088.673096, 8.849838, 7596.889648>>
SCRIPT       : [JunkYardDog] -- Adding Fuel Point to <Land_Wreck_sed01_aban1_white<c842f060>> at Pos <<2088.673096, 8.849838, 7596.889648>>
SCRIPT       : [JunkYardDog] -- Adding Salvage Point to <Land_Wreck_hb01_aban2_blue<c842cc20>> at Pos <<2111.516602, 6.235377, 7655.572266>>
SCRIPT       : [JunkYardDog] -- Adding Fuel Point to <Land_Wreck_hb01_aban2_blue<c842cc20>> at Pos <<2111.516602, 6.235377, 7655.572266>>
SCRIPT       : [JunkYardDog] -- Adding Salvage Point to <Land_wreck_truck01_aban1_blue<c84295c0>> at Pos <<2137.247559, 5.739831, 7613.777832>>
SCRIPT       : [JunkYardDog] -- Adding Fuel Point to <Land_wreck_truck01_aban1_blue<c84295c0>> at Pos <<2137.247559, 5.739831, 7613.777832>>
SCRIPT       : [JunkYardDog] -- Adding Salvage Point to <Static_Wreck_S120_Red<bb51c070>> at Pos <<4244.800781, 16.282671, 7656.051758>>
SCRIPT       : [JunkYardDog] -- Adding Fuel Point to <Static_Wreck_S120_Red<bb51c070>> at Pos <<4244.800781, 16.282671, 7656.051758>>
SCRIPT       : [JunkYardDog] -- Adding Salvage Point to <Land_Wreck_Tractor<c84326c0>> at Pos <<4225.777832, 5.837431, 7788.625488>>
SCRIPT       : [JunkYardDog] -- Adding Fuel Point to <Land_Wreck_Tractor<c84326c0>> at Pos <<4225.777832, 5.837431, 7788.625488>>
SCRIPT       : [JunkYardDog] -- Adding Salvage Point to <Land_Wreck_V3S<c8439380>> at Pos <<4266.461426, 17.303036, 7641.594238>>
SCRIPT       : [JunkYardDog] -- Adding Fuel Point to <Land_Wreck_V3S<c8439380>> at Pos <<4266.461426, 17.303036, 7641.594238>>
SCRIPT       : [JunkYardDog] -- Adding Salvage Point to <Land_Wreck_S1023_Beige<c8438160>> at Pos <<4281.707520, 16.910204, 7658.565430>>
SCRIPT       : [JunkYardDog] -- Adding Fuel Point to <Land_Wreck_S1023_Beige<c8438160>> at Pos <<4281.707520, 16.910204, 7658.565430>>
SCRIPT       : [JunkYardDog] -- Adding Salvage Point to <Static_Wreck_S120_Red<bb531da0>> at Pos <<4296.734375, 16.590328, 7661.869629>>
SCRIPT       : [JunkYardDog] -- Adding Fuel Point to <Static_Wreck_S120_Red<bb531da0>> at Pos <<4296.734375, 16.590328, 7661.869629>>
SCRIPT       : [JunkYardDog] -- Adding Salvage Point to <Land_Wreck_sed01_aban1_white<c843ee20>> at Pos <<4328.734863, 16.658754, 7655.370605>>
SCRIPT       : [JunkYardDog] -- Adding Fuel Point to <Land_Wreck_sed01_aban1_white<c843ee20>> at Pos <<4328.734863, 16.658754, 7655.370605>>
SCRIPT       : [JunkYardDog] -- Adding Salvage Point to <Land_Wreck_sed02_aban1_red<c8442d90>> at Pos <<4340.870117, 16.698275, 7664.308105>>
SCRIPT       : [JunkYardDog] -- Adding Fuel Point to <Land_Wreck_sed02_aban1_red<c8442d90>> at Pos <<4340.870117, 16.698275, 7664.308105>>
SCRIPT       : [JunkYardDog] -- Adding Salvage Point to <Land_Wreck_S1023_Beige<c8440040>> at Pos <<4342.959473, 16.699135, 7686.888184>>
SCRIPT       : [JunkYardDog] -- Adding Fuel Point to <Land_Wreck_S1023_Beige<c8440040>> at Pos <<4342.959473, 16.699135, 7686.888184>>
SCRIPT       : [JunkYardDog] -- Adding Salvage Point to <Land_Wreck_S1023_Beige<bf654980>> at Pos <<4083.731934, 6.320822, 7799.924316>>
SCRIPT       : [JunkYardDog] -- Adding Fuel Point to <Land_Wreck_S1023_Beige<bf654980>> at Pos <<4083.731934, 6.320822, 7799.924316>>
SCRIPT       : [JunkYardDog] -- Adding Salvage Point to <Static_Wreck_Ural<bf6a5fb0>> at Pos <<4075.178223, 6.413279, 7835.257813>>
SCRIPT       : [JunkYardDog] -- Adding Fuel Point to <Static_Wreck_Ural<bf6a5fb0>> at Pos <<4075.178223, 6.413279, 7835.257813>>
SCRIPT       : [JunkYardDog] -- Adding Salvage Point to <Land_Wreck_sed01_aban2_wine<bf65a420>> at Pos <<4105.606934, 5.813293, 7823.814453>>
SCRIPT       : [JunkYardDog] -- Adding Fuel Point to <Land_Wreck_sed01_aban2_wine<bf65a420>> at Pos <<4105.606934, 5.813293, 7823.814453>>
SCRIPT       : [JunkYardDog] -- Adding Salvage Point to <Land_Wreck_sed02_aban1_red<bf65fec0>> at Pos <<4122.947754, 5.571251, 7825.764160>>
SCRIPT       : [JunkYardDog] -- Adding Fuel Point to <Land_Wreck_sed02_aban1_red<bf65fec0>> at Pos <<4122.947754, 5.571251, 7825.764160>>
SCRIPT       : [JunkYardDog] -- Adding Salvage Point to <Land_Wreck_sed02_aban1_red<bf6686b0>> at Pos <<4137.145508, 5.555468, 7826.740723>>
SCRIPT       : [JunkYardDog] -- Adding Fuel Point to <Land_Wreck_sed02_aban1_red<bf6686b0>> at Pos <<4137.145508, 5.555468, 7826.740723>>
SCRIPT       : [JunkYardDog] -- Adding Salvage Point to <Static_Wreck_Ural<bf6a4f80>> at Pos <<4168.310547, 5.917594, 7830.168945>>
SCRIPT       : [JunkYardDog] -- Adding Fuel Point to <Static_Wreck_Ural<bf6a4f80>> at Pos <<4168.310547, 5.917594, 7830.168945>>
SCRIPT       : [JunkYardDog] -- Adding Salvage Point to <Land_wreck_truck01_aban1_green<bf66aaf0>> at Pos <<4181.087891, 4.862995, 7875.597168>>
SCRIPT       : [JunkYardDog] -- Adding Fuel Point to <Land_wreck_truck01_aban1_green<bf66aaf0>> at Pos <<4181.087891, 4.862995, 7875.597168>>
SCRIPT       : [JunkYardDog] -- Adding Salvage Point to <Land_Wreck_hb02_aban1_black<bf66cf30>> at Pos <<4197.631348, 5.540404, 7792.269531>>
SCRIPT       : [JunkYardDog] -- Adding Fuel Point to <Land_Wreck_hb02_aban1_black<bf66cf30>> at Pos <<4197.631348, 5.540404, 7792.269531>>
SCRIPT       : [JunkYardDog] -- Adding Salvage Point to <Land_wreck_truck01_aban1_green<bf665960>> at Pos <<4214.380859, 4.810999, 7831.188477>>
SCRIPT       : [JunkYardDog] -- Adding Fuel Point to <Land_wreck_truck01_aban1_green<bf665960>> at Pos <<4214.380859, 4.810999, 7831.188477>>
SCRIPT       : [JunkYardDog] -- Adding Salvage Point to <Land_wreck_truck01_aban1_green<bf66f370>> at Pos <<4245.431641, 4.730000, 7863.156250>>
SCRIPT       : [JunkYardDog] -- Adding Fuel Point to <Land_wreck_truck01_aban1_green<bf66f370>> at Pos <<4245.431641, 4.730000, 7863.156250>>
SCRIPT       : [JunkYardDog] -- Adding Salvage Point to <Land_Wreck_hb01_aban2_green<bf679fa0>> at Pos <<4428.006348, 5.911204, 7974.292480>>
SCRIPT       : [JunkYardDog] -- Adding Fuel Point to <Land_Wreck_hb01_aban2_green<bf679fa0>> at Pos <<4428.006348, 5.911204, 7974.292480>>
SCRIPT       : [JunkYardDog] -- Adding Salvage Point to <Static_Wreck_Ural<bf6b1fa0>> at Pos <<4428.777832, 6.038190, 8015.644043>>
SCRIPT       : [JunkYardDog] -- Adding Fuel Point to <Static_Wreck_Ural<bf6b1fa0>> at Pos <<4428.777832, 6.038190, 8015.644043>>
SCRIPT       : [JunkYardDog] -- Adding Salvage Point to <Static_Wreck_Ural<bf6b62b0>> at Pos <<4448.712402, 7.521656, 7862.390625>>
SCRIPT       : [JunkYardDog] -- Adding Fuel Point to <Static_Wreck_Ural<bf6b62b0>> at Pos <<4448.712402, 7.521656, 7862.390625>>
SCRIPT       : [JunkYardDog] -- Adding Salvage Point to <Land_Wreck_Volha_Blue<bf689d60>> at Pos <<4495.360840, 6.375356, 7874.011719>>
SCRIPT       : [JunkYardDog] -- Adding Fuel Point to <Land_Wreck_Volha_Blue<bf689d60>> at Pos <<4495.360840, 6.375356, 7874.011719>>
SCRIPT       : [JunkYardDog] -- Adding Salvage Point to <Land_Wreck_Volha_Grey<bf68b890>> at Pos <<4532.113281, 5.781962, 7885.653320>>
SCRIPT       : [JunkYardDog] -- Adding Fuel Point to <Land_Wreck_Volha_Grey<bf68b890>> at Pos <<4532.113281, 5.781962, 7885.653320>>
SCRIPT       : [JunkYardDog] -- Adding Salvage Point to <Static_Wreck_Ural<be9ebdd0>> at Pos <<4626.589355, 6.523552, 7889.500000>>
SCRIPT       : [JunkYardDog] -- Adding Fuel Point to <Static_Wreck_Ural<be9ebdd0>> at Pos <<4626.589355, 6.523552, 7889.500000>>
SCRIPT       : =============== WARNING ===============
SCRIPT       : [TerjeSkills]: You are using the trial version of the 'Terje Skills' mod.
SCRIPT       : [TerjeSkills]: To remove this message and watermark - please buy license on terjehub.com
SCRIPT       : =======================================
SCRIPT       : [JunkYardDog] -- Adding Salvage Point to <Land_wreck_truck01_aban1_blue<bea371b0>> at Pos <<1368.941650, 34.515663, 2712.272217>>
SCRIPT       : [JunkYardDog] -- Adding Fuel Point to <Land_wreck_truck01_aban1_blue<bea371b0>> at Pos <<1368.941650, 34.515663, 2712.272217>>
SCRIPT       : [JunkYardDog] -- Adding Salvage Point to <Land_Wreck_hb01_aban1_white<bea3a810>> at Pos <<6792.937500, 27.191984, 2287.680664>>
SCRIPT       : [JunkYardDog] -- Adding Fuel Point to <Land_Wreck_hb01_aban1_white<bea3a810>> at Pos <<6792.937500, 27.191984, 2287.680664>>
SCRIPT       : [JunkYardDog] -- Adding Salvage Point to <Land_Wreck_Lada_Red<bea3b120>> at Pos <<6815.134766, 26.791504, 2287.721436>>
SCRIPT       : [JunkYardDog] -- Adding Fuel Point to <Land_Wreck_Lada_Red<bea3b120>> at Pos <<6815.134766, 26.791504, 2287.721436>>
SCRIPT       : [JunkYardDog] -- Adding Salvage Point to <Land_Wreck_S1023_Blue<bea3c340>> at Pos <<6799.867676, 27.129133, 2306.441406>>
SCRIPT       : [JunkYardDog] -- Adding Fuel Point to <Land_Wreck_S1023_Blue<bea3c340>> at Pos <<6799.867676, 27.129133, 2306.441406>>
SCRIPT       : [JunkYardDog] -- Adding Salvage Point to <Land_Wreck_sed01_aban2_white<bea3f090>> at Pos <<6791.729492, 26.883314, 2315.782227>>
SCRIPT       : [JunkYardDog] -- Adding Fuel Point to <Land_Wreck_sed01_aban2_white<bea3f090>> at Pos <<6791.729492, 26.883314, 2315.782227>>
SCRIPT       : [JunkYardDog] -- Adding Salvage Point to <Land_Wreck_Volha_Blue<bea026e0>> at Pos <<6813.965820, 26.862637, 2316.006592>>
SCRIPT       : [JunkYardDog] -- Adding Fuel Point to <Land_Wreck_Volha_Blue<bea026e0>> at Pos <<6813.965820, 26.862637, 2316.006592>>
SCRIPT       : [JunkYardDog] -- Adding Salvage Point to <Land_Wreck_Volha_Grey<bea04b20>> at Pos <<6813.994141, 26.866932, 2334.999512>>
SCRIPT       : [JunkYardDog] -- Adding Fuel Point to <Land_Wreck_Volha_Grey<bea04b20>> at Pos <<6813.994141, 26.866932, 2334.999512>>
SCRIPT       : [JunkYardDog] -- Adding Salvage Point to <Land_wreck_truck01_aban2_orange<be9ff080>> at Pos <<3509.109131, 15.649977, 6293.025391>>
SCRIPT       : [JunkYardDog] -- Adding Fuel Point to <Land_wreck_truck01_aban2_orange<be9ff080>> at Pos <<3509.109131, 15.649977, 6293.025391>>
SCRIPT       : [JunkYardDog] -- Adding Salvage Point to <Land_Wreck_hb02_aban2_black<bea04210>> at Pos <<3430.834961, 18.335773, 6322.268555>>
SCRIPT       : [JunkYardDog] -- Adding Fuel Point to <Land_Wreck_hb02_aban2_black<bea04210>> at Pos <<3430.834961, 18.335773, 6322.268555>>
SCRIPT       : [JunkYardDog] -- Adding Salvage Point to <Land_Wreck_sed01_aban1_white<bea03900>> at Pos <<3488.157227, 17.307892, 6334.670898>>
SCRIPT       : [JunkYardDog] -- Adding Fuel Point to <Land_Wreck_sed01_aban1_white<bea03900>> at Pos <<3488.157227, 17.307892, 6334.670898>>
SCRIPT       : [JunkYardDog] -- Adding Salvage Point to <Static_Wreck_S120_Red<d0dabfd0>> at Pos <<4465.411133, 16.330950, 7760.582520>>
SCRIPT       : [JunkYardDog] -- Adding Fuel Point to <Static_Wreck_S120_Red<d0dabfd0>> at Pos <<4465.411133, 16.330950, 7760.582520>>
SCRIPT       : [JunkYardDog] -- Adding Salvage Point to <Land_Wreck_S1023_Blue<bea0c0f0>> at Pos <<4462.250488, 16.698263, 7625.384277>>
SCRIPT       : [JunkYardDog] -- Adding Fuel Point to <Land_Wreck_S1023_Blue<bea0c0f0>> at Pos <<4462.250488, 16.698263, 7625.384277>>
SCRIPT       : [JunkYardDog] -- Adding Salvage Point to <Land_Wreck_S1023_Beige<bea10970>> at Pos <<4194.942383, 16.742039, 7675.369629>>
SCRIPT       : [JunkYardDog] -- Adding Fuel Point to <Land_Wreck_S1023_Beige<bea10970>> at Pos <<4194.942383, 16.742039, 7675.369629>>
SCRIPT       : [JunkYardDog] -- Adding Salvage Point to <Land_Wreck_V3S<bea151f0>> at Pos <<4423.986328, 17.302931, 7758.807129>>
SCRIPT       : [JunkYardDog] -- Adding Fuel Point to <Land_Wreck_V3S<bea151f0>> at Pos <<4423.986328, 17.302931, 7758.807129>>
SCRIPT       : [JunkYardDog] -- Adding Salvage Point to <Land_Wreck_hb01_aban1_blue<bea1beb0>> at Pos <<2848.527100, 54.472118, 3172.972656>>
SCRIPT       : [JunkYardDog] -- Adding Fuel Point to <Land_Wreck_hb01_aban1_blue<bea1beb0>> at Pos <<2848.527100, 54.472118, 3172.972656>>
SCRIPT       : [JunkYardDog] -- Adding Salvage Point to <Land_wreck_truck01_aban2_blue<bea148e0>> at Pos <<2871.169922, 53.409870, 3195.783203>>
SCRIPT       : [JunkYardDog] -- Adding Fuel Point to <Land_wreck_truck01_aban2_blue<bea148e0>> at Pos <<2871.169922, 53.409870, 3195.783203>>
SCRIPT       : [JunkYardDog] -- Adding Salvage Point to <Land_Wreck_hb02_aban2_red<bea1c7c0>> at Pos <<2876.854736, 54.113640, 3198.492432>>
SCRIPT       : [JunkYardDog] -- Adding Fuel Point to <Land_Wreck_hb02_aban2_red<bea1c7c0>> at Pos <<2876.854736, 54.113640, 3198.492432>>
SCRIPT       : [JunkYardDog] -- Adding Salvage Point to <Static_Wreck_Ural<c02b1490>> at Pos <<2854.586914, 54.597744, 3181.083252>>
SCRIPT       : [JunkYardDog] -- Adding Fuel Point to <Static_Wreck_Ural<c02b1490>> at Pos <<2854.586914, 54.597744, 3181.083252>>
SCRIPT       : [JunkYardDog] -- Adding Salvage Point to <Land_Wreck_V3S<bea1d9e0>> at Pos <<2861.681885, 55.012928, 3185.466064>>
SCRIPT       : [JunkYardDog] -- Adding Fuel Point to <Land_Wreck_V3S<bea1d9e0>> at Pos <<2861.681885, 55.012928, 3185.466064>>
SCRIPT       : [JunkYardDog] -- Adding Salvage Point to <Land_Wreck_sed02_aban1_grey<bea1e2f0>> at Pos <<6760.093750, 26.991104, 2287.590088>>
SCRIPT       : [JunkYardDog] -- Adding Fuel Point to <Land_Wreck_sed02_aban1_grey<bea1e2f0>> at Pos <<6760.093750, 26.991104, 2287.590088>>
SCRIPT       : [JunkYardDog] -- Adding Salvage Point to <Land_Wreck_hb01_aban1_blue<bea1ec00>> at Pos <<6767.819824, 27.191996, 2306.217773>>
SCRIPT       : [JunkYardDog] -- Adding Fuel Point to <Land_Wreck_hb01_aban1_blue<bea1ec00>> at Pos <<6767.819824, 27.191996, 2306.217773>>
SCRIPT       : [JunkYardDog] -- Adding Salvage Point to <Land_Wreck_V3S<bea1fe20>> at Pos <<6780.577637, 27.732960, 2333.538330>>
SCRIPT       : [JunkYardDog] -- Adding Fuel Point to <Land_Wreck_V3S<bea1fe20>> at Pos <<6780.577637, 27.732960, 2333.538330>>
SCRIPT       : [JunkYardDog] -- Adding Salvage Point to <Land_Wreck_sed02_aban1_red<bea18850>> at Pos <<6771.830566, 26.991144, 2306.357910>>
SCRIPT       : [JunkYardDog] -- Adding Fuel Point to <Land_Wreck_sed02_aban1_red<bea18850>> at Pos <<6771.830566, 26.991144, 2306.357910>>
SCRIPT       : [JunkYardDog] -- Adding Salvage Point to <Land_Wreck_sed02_aban2_red<bea20730>> at Pos <<6781.917969, 26.788824, 2344.037598>>
SCRIPT       : [JunkYardDog] -- Adding Fuel Point to <Land_Wreck_sed02_aban2_red<bea20730>> at Pos <<6781.917969, 26.788824, 2344.037598>>
SCRIPT       : [JunkYardDog] -- Adding Salvage Point to <Land_Wreck_hb02_aban1_blue<bea21040>> at Pos <<6768.120605, 26.889807, 2343.284180>>
SCRIPT       : [JunkYardDog] -- Adding Fuel Point to <Land_Wreck_hb02_aban1_blue<bea21040>> at Pos <<6768.120605, 26.889807, 2343.284180>>
SCRIPT       : [JunkYardDog] -- Adding Salvage Point to <Land_wreck_truck01_aban2_green<bea22260>> at Pos <<4481.223145, 15.762251, 7755.002441>>
SCRIPT       : [JunkYardDog] -- Adding Fuel Point to <Land_wreck_truck01_aban2_green<bea22260>> at Pos <<4481.223145, 15.762251, 7755.002441>>
SCRIPT       : [JunkYardDog] -- Adding Salvage Point to <Land_Wreck_sed02_aban2_grey<d129fa50>> at Pos <<4562.819824, 16.042282, 7738.955566>>
SCRIPT       : [JunkYardDog] -- Adding Fuel Point to <Land_Wreck_sed02_aban2_grey<d129fa50>> at Pos <<4562.819824, 16.042282, 7738.955566>>
SCRIPT       : [JunkYardDog] -- Adding Salvage Point to <Static_Wreck_Ural<d0abf8e0>> at Pos <<4544.437500, 16.887514, 7736.627930>>
SCRIPT       : [JunkYardDog] -- Adding Fuel Point to <Static_Wreck_Ural<d0abf8e0>> at Pos <<4544.437500, 16.887514, 7736.627930>>
SCRIPT       : [JunkYardDog] -- Adding Salvage Point to <Land_wreck_truck01_aban1_green<d12a1580>> at Pos <<2836.274658, 53.409863, 3192.698975>>
SCRIPT       : [JunkYardDog] -- Adding Fuel Point to <Land_wreck_truck01_aban1_green<d12a1580>> at Pos <<2836.274658, 53.409863, 3192.698975>>
SCRIPT       : [JunkYardDog] -- Adding Salvage Point to <Static_Wreck_Ural<d0ad0080>> at Pos <<2828.564941, 54.597740, 3187.944336>>
SCRIPT       : [JunkYardDog] -- Adding Fuel Point to <Static_Wreck_Ural<d0ad0080>> at Pos <<2828.564941, 54.597740, 3187.944336>>
SCRIPT       : [JunkYardDog] -- Adding Salvage Point to <Land_Wreck_sed01_aban2_black<d12a4be0>> at Pos <<6717.325195, 26.883318, 2304.556396>>
SCRIPT       : [JunkYardDog] -- Adding Fuel Point to <Land_Wreck_sed01_aban2_black<d12a4be0>> at Pos <<6717.325195, 26.883318, 2304.556396>>
SCRIPT       : [JunkYardDog] -- Adding Salvage Point to <Land_Wreck_hb01_aban2_white<d12a54f0>> at Pos <<6813.212402, 27.060757, 2344.288330>>
SCRIPT       : [JunkYardDog] -- Adding Fuel Point to <Land_Wreck_hb01_aban2_white<d12a54f0>> at Pos <<6813.212402, 27.060757, 2344.288330>>
SCRIPT       : [JunkYardDog] -- Adding Salvage Point to <Land_Wreck_hb01_aban1_green<d12a39c0>> at Pos <<3772.901123, 16.691992, 6509.551270>>
SCRIPT       : [JunkYardDog] -- Adding Fuel Point to <Land_Wreck_hb01_aban1_green<d12a39c0>> at Pos <<3772.901123, 16.691992, 6509.551270>>
SCRIPT       : [JunkYardDog] -- Adding Salvage Point to <Land_Wreck_sed01_aban1_wine<d12b1340>> at Pos <<3797.281738, 16.381618, 6527.635742>>
SCRIPT       : [JunkYardDog] -- Adding Fuel Point to <Land_Wreck_sed01_aban1_wine<d12b1340>> at Pos <<3797.281738, 16.381618, 6527.635742>>
SCRIPT       : [JunkYardDog] -- Adding Salvage Point to <Land_Wreck_S1023_Beige<d12b0a30>> at Pos <<3786.328369, 16.629131, 6511.097656>>
SCRIPT       : [JunkYardDog] -- Adding Fuel Point to <Land_Wreck_S1023_Beige<d12b0a30>> at Pos <<3786.328369, 16.629131, 6511.097656>>
SCRIPT       : [JunkYardDog] -- Adding Salvage Point to <Static_Wreck_Ural<d2421900>> at Pos <<4490.464355, 16.544737, 7790.481934>>
SCRIPT       : [JunkYardDog] -- Adding Fuel Point to <Static_Wreck_Ural<d2421900>> at Pos <<4490.464355, 16.544737, 7790.481934>>
SCRIPT       : [JunkYardDog] -- Adding Salvage Point to <Land_wreck_truck01_aban2_green<d12b3780>> at Pos <<4515.155762, 15.412223, 7769.619629>>
SCRIPT       : [JunkYardDog] -- Adding Fuel Point to <Land_wreck_truck01_aban2_green<d12b3780>> at Pos <<4515.155762, 15.412223, 7769.619629>>
SCRIPT       : [JunkYardDog] -- Adding Salvage Point to <Land_Wreck_Lada_Green<d12aef00>> at Pos <<966.022827, 6.089734, 3125.572998>>
SCRIPT       : [JunkYardDog] -- Adding Fuel Point to <Land_Wreck_Lada_Green<d12aef00>> at Pos <<966.022827, 6.089734, 3125.572998>>
SCRIPT       : [JunkYardDog] -- Adding Salvage Point to <Land_Wreck_hb02_aban1_blue<d12ae5f0>> at Pos <<973.256897, 6.358056, 3121.756104>>
SCRIPT       : [JunkYardDog] -- Adding Fuel Point to <Land_Wreck_hb02_aban1_blue<d12ae5f0>> at Pos <<973.256897, 6.358056, 3121.756104>>
SCRIPT       : [JunkYardDog] -- Adding Salvage Point to <Static_Wreck_S120_Red<d2439fd0>> at Pos <<2864.635742, 53.992603, 3209.586914>>
SCRIPT       : [JunkYardDog] -- Adding Fuel Point to <Static_Wreck_S120_Red<d2439fd0>> at Pos <<2864.635742, 53.992603, 3209.586914>>
SCRIPT       : [JunkYardDog] -- Adding Salvage Point to <Land_Wreck_hb01_aban2_green<d1278900>> at Pos <<2873.314209, 54.340794, 3205.555908>>
SCRIPT       : [JunkYardDog] -- Adding Fuel Point to <Land_Wreck_hb01_aban2_green<d1278900>> at Pos <<2873.314209, 54.340794, 3205.555908>>
SCRIPT       : [JunkYardDog] -- Adding Salvage Point to <Land_Wreck_Volha_Blue<d1276dd0>> at Pos <<2878.251465, 54.146778, 3220.056885>>
SCRIPT       : [JunkYardDog] -- Adding Fuel Point to <Land_Wreck_Volha_Blue<d1276dd0>> at Pos <<2878.251465, 54.146778, 3220.056885>>
SCRIPT       : [JunkYardDog] -- Adding Salvage Point to <Land_Wreck_Volha_Blue<d1277ff0>> at Pos <<2869.360107, 54.142620, 3213.584717>>
SCRIPT       : [JunkYardDog] -- Adding Fuel Point to <Land_Wreck_Volha_Blue<d1277ff0>> at Pos <<2869.360107, 54.142620, 3213.584717>>
SCRIPT       : [JunkYardDog] -- Adding Salvage Point to <Land_wreck_truck01_aban1_green<d1274080>> at Pos <<2191.900146, 54.800152, 2906.577148>>
SCRIPT       : [JunkYardDog] -- Adding Fuel Point to <Land_wreck_truck01_aban1_green<d1274080>> at Pos <<2191.900146, 54.800152, 2906.577148>>
SCRIPT       : [JunkYardDog] -- Adding Salvage Point to <Land_Wreck_Lada_Green<d12752a0>> at Pos <<2888.144531, 54.088688, 3231.076172>>
SCRIPT       : [JunkYardDog] -- Adding Fuel Point to <Land_Wreck_Lada_Green<d12752a0>> at Pos <<2888.144531, 54.088688, 3231.076172>>
SCRIPT       : [JunkYardDog] -- Adding Salvage Point to <Land_Wreck_sed01_aban2_wine<d127b650>> at Pos <<2886.245850, 54.163330, 3204.535889>>
SCRIPT       : [JunkYardDog] -- Adding Fuel Point to <Land_Wreck_sed01_aban2_wine<d127b650>> at Pos <<2886.245850, 54.163330, 3204.535889>>
SCRIPT       : [JunkYardDog] -- Adding Salvage Point to <Land_Wreck_sed02_aban2_grey<d127bf60>> at Pos <<2901.254883, 54.068657, 3220.383789>>
SCRIPT       : [JunkYardDog] -- Adding Fuel Point to <Land_Wreck_sed02_aban2_grey<d127bf60>> at Pos <<2901.254883, 54.068657, 3220.383789>>
SCRIPT       : [JunkYardDog] -- Adding Salvage Point to <Land_Wreck_S1023_Beige<d1275bb0>> at Pos <<2881.772217, 54.409058, 3200.723877>>
SCRIPT       : [JunkYardDog] -- Adding Fuel Point to <Land_Wreck_S1023_Beige<d1275bb0>> at Pos <<2881.772217, 54.409058, 3200.723877>>
SCRIPT       : [JunkYardDog] -- Adding Salvage Point to <Land_Wreck_hb02_aban1_blue<d127c870>> at Pos <<2890.837158, 54.169880, 3218.380615>>
SCRIPT       : [JunkYardDog] -- Adding Fuel Point to <Land_Wreck_hb02_aban1_blue<d127c870>> at Pos <<2890.837158, 54.169880, 3218.380615>>
SCRIPT       : [JunkYardDog] -- Adding Salvage Point to <Land_wreck_truck01_aban1_green<d1284750>> at Pos <<2158.755859, 54.800152, 2941.861084>>
SCRIPT       : [JunkYardDog] -- Adding Fuel Point to <Land_wreck_truck01_aban1_green<d1284750>> at Pos <<2158.755859, 54.800152, 2941.861084>>
SCRIPT       : [JunkYardDog] -- Adding Salvage Point to <Land_wreck_truck01_aban1_green<d1282c20>> at Pos <<2166.471191, 54.800152, 2915.362793>>
SCRIPT       : [JunkYardDog] -- Adding Fuel Point to <Land_wreck_truck01_aban1_green<d1282c20>> at Pos <<2166.471191, 54.800152, 2915.362793>>
SCRIPT    (E): NULL pointer to instance. Variable '(null)' during call 'array<Man>.Count'
Class:      'UtopiaAirdropModule'
Function: 'AirdropEventHandler'
Stack trace:
utopia_airdrop_public_scripts/zxE9wEIe/ SdgpBibw/OZs 5yxq/﻿﻿﻿﻿/SHTS1KtR/naLgkkHj/FgPCh7d7.SMzhWPjq:45 Function AirdropEventHandler
utopia_airdrop_public_scripts/zxE9wEIe/ SdgpBibw/OZs 5yxq/﻿﻿﻿﻿/SHTS1KtR/naLgkkHj/FgPCh7d7.SMzhWPjq:39 Function StartEventScheduler
scripts/3_Game/dayzgame.c:2919 Function OnUpdate
JM/CF/Scripts/3_Game/communityframework\game\dayzgame.c:46 Function OnUpdate
VPPAdminTools/3_Game/vppadmintools\vanillaplusplus.c:213 Function OnUpdate
DayZExpansion/Core/Scripts/3_Game/dayzexpansion_core\dayzgame.c:268 Function OnUpdate
SCRIPT       : =============== WARNING ===============
SCRIPT       : [TerjeMedicine]: You are using the trial version of the 'Terje Medicine' mod.
SCRIPT       : [TerjeMedicine]: To remove this message and watermark - please buy license on terjehub.com
SCRIPT       : =======================================
SCRIPT       : =============== WARNING ===============
SCRIPT       : [TerjeSkills]: You are using the trial version of the 'Terje Skills' mod.
SCRIPT       : [TerjeSkills]: To remove this message and watermark - please buy license on terjehub.com
SCRIPT       : =======================================
SCRIPT       : [TERJE CORE](INFO): Profile 'R5KkZb3Ywicboa8ntCzbBJK6WLpakj_6yA-ghmDo4lw=' loaded from database.
SCRIPT       : [AYSA] [KNOCK KNOCK ZOMBIES] 
SCRIPT       : [AYSA] ----- Sending cfg -----
SCRIPT       : [AYSA] ----- LEE -----
SCRIPT       : [AYSA] [AI WAR ZONES] 
SCRIPT       : [AYSA] ----- Sending cfg -----
SCRIPT       : [AYSA] ----- LEE -----
SCRIPT       : 09:17:41.871 [WARNING]	76561198413928129 tried sending Dumpgrah_AMS::<RPCAmmoMakingSettings> which does not seem to exist!
SCRIPT       : 09:17:41.871 [WARNING]	76561198413928129 tried sending Dumpgrah_ABS::<RPCAmmoBuildingSettings> which does not seem to exist!
SCRIPT       : 09:17:41.871 [WARNING]	76561198413928129 tried sending Dumpgrah_AS::<RPCAmmoSmelting> which does not seem to exist!
SCRIPT       : ---- PlayerBase OnStoreLoad SUCCESS ----
SCRIPT       : used:false
SCRIPT       : used:false
SCRIPT       : used:false
SCRIPT       : [VPPAT] Player "LEE" (steamId=76561198413928129) connected to server!
SCRIPT       : [PlayerListManager] AddReceiver ► added: PlayerIdentity<62dd0fd0>
SCRIPT       : [JunkYardDog] -- Adding Salvage Point to <Land_Wreck_V3S<696a89e0>> at Pos <<3957.861084, 30.366205, 1668.957520>>
SCRIPT       : [JunkYardDog] -- Adding Fuel Point to <Land_Wreck_V3S<696a89e0>> at Pos <<3957.861084, 30.366205, 1668.957520>>
SCRIPT       : [Permissions Manager] Admin (LEE) (76561198413928129) Successfully Logged in!
SCRIPT    (E): NULL pointer to instance
Class:      'Utopia_HeliCrashWreckBase'
Entity id:0

Function: 'EOnInit#1452516'
Stack trace:
utopia_patrol_helicopter_scripts/L4SbwPx4/ SuWu1KU /dntQGuBG/﻿﻿/L2ekv8u6/zZczjFyV/em9tiEfZ.x zUJN  :170 Function EOnInit#1452516
utopia_patrol_helicopter_scripts/L4SbwPx4/ SuWu1KU /dntQGuBG/﻿﻿/L2ekv8u6/zZczjFyV/em9tiEfZ.x zUJN  :152 Function Utopia_HeliCrashWreckBase@2904#315
utopia_patrol_helicopter_scripts/Cl Gtygh/ w0G dXkw/Y6Zo5Cqo/﻿/UwhiaPTs/L GbjNgl/xEVpKHFd.dcFNX  r:296 Function HeliExpl
utopia_patrol_helicopter_scripts/Cl Gtygh/ w0G dXkw/Y6Zo5Cqo/﻿/UwhiaPTs/L GbjNgl/xEVpKHFd.dcFNX  r:281 Function StartFall
scripts/3_Game/dayzgame.c:2919 Function OnUpdate
JM/CF/Scripts/3_Game/communityframework\game\dayzgame.c:46 Function OnUpdate
VPPAdminTools/3_Game/vppadmintools\vanillaplusplus.c:213 Function OnUpdate
DayZExpansion/Core/Scripts/3_Game/dayzexpansion_core\dayzgame.c:268 Function OnUpdate
SCRIPT       : =============== WARNING ===============
SCRIPT       : [TerjeMedicine]: You are using the trial version of the 'Terje Medicine' mod.
SCRIPT       : [TerjeMedicine]: To remove this message and watermark - please buy license on terjehub.com
SCRIPT       : =======================================
SCRIPT       : =============== WARNING ===============
SCRIPT       : [TerjeSkills]: You are using the trial version of the 'Terje Skills' mod.
SCRIPT       : [TerjeSkills]: To remove this message and watermark - please buy license on terjehub.com
SCRIPT       : =======================================
SCRIPT       : [JunkYardDog] -- Adding Salvage Point to <Static_Wreck_Ural<77b557e0>> at Pos <<1411.834351, 59.156448, 5651.799805>>
SCRIPT       : [JunkYardDog] -- Adding Fuel Point to <Static_Wreck_Ural<77b557e0>> at Pos <<1411.834351, 59.156448, 5651.799805>>
SCRIPT       : [JunkYardDog] -- Adding Salvage Point to <Land_Wreck_hb01_aban2_green<696c4f00>> at Pos <<1546.801270, 78.621666, 6057.657227>>
SCRIPT       : [JunkYardDog] -- Adding Fuel Point to <Land_Wreck_hb01_aban2_green<696c4f00>> at Pos <<1546.801270, 78.621666, 6057.657227>>
SCRIPT       : [JunkYardDog] -- Adding Salvage Point to <Static_Wreck_HMMWV<74c68830>> at Pos <<2646.334229, 44.847099, 5851.226563>>
SCRIPT       : [JunkYardDog] -- Adding Fuel Point to <Static_Wreck_HMMWV<74c68830>> at Pos <<2646.334229, 44.847099, 5851.226563>>
SCRIPT       : [JunkYardDog] -- Adding Salvage Point to <Land_Wreck_hb02_aban2_blue<77674fd0>> at Pos <<2443.193359, 17.885796, 5423.500977>>
SCRIPT       : [JunkYardDog] -- Adding Fuel Point to <Land_Wreck_hb02_aban2_blue<77674fd0>> at Pos <<2443.193359, 17.885796, 5423.500977>>
SCRIPT       : [JunkYardDog] -- Adding Salvage Point to <Land_wreck_truck01_aban1_green<7767d7c0>> at Pos <<2450.226807, 40.559982, 5649.437500>>
SCRIPT       : [JunkYardDog] -- Adding Fuel Point to <Land_wreck_truck01_aban1_green<7767d7c0>> at Pos <<2450.226807, 40.559982, 5649.437500>>
SCRIPT       : [JunkYardDog] -- Adding Salvage Point to <Land_Wreck_sed01_aban1_white<776761f0>> at Pos <<2437.632080, 41.311764, 5660.528320>>
SCRIPT       : [JunkYardDog] -- Adding Fuel Point to <Land_Wreck_sed01_aban1_white<776761f0>> at Pos <<2437.632080, 41.311764, 5660.528320>>
SCRIPT       : [JunkYardDog] -- Adding Salvage Point to <Land_Wreck_sed02_aban1_yellow<7767e0d0>> at Pos <<2458.110107, 41.420834, 5639.807617>>
SCRIPT       : [JunkYardDog] -- Adding Fuel Point to <Land_Wreck_sed02_aban1_yellow<7767e0d0>> at Pos <<2458.110107, 41.420834, 5639.807617>>
SCRIPT       : [JunkYardDog] -- Adding Salvage Point to <Land_Wreck_hb01_aban2_white<77676b00>> at Pos <<2439.950195, 41.490433, 5657.282227>>
SCRIPT       : [JunkYardDog] -- Adding Fuel Point to <Land_Wreck_hb01_aban2_white<77676b00>> at Pos <<2439.950195, 41.490433, 5657.282227>>
SCRIPT       : string ammo = 'Bullet_22'
SCRIPT       : [JunkYardDog] -- Adding Salvage Point to <Land_Wreck_S1023_Blue<77683b70>> at Pos <<2727.486084, 44.938980, 5785.161621>>
SCRIPT       : [JunkYardDog] -- Adding Fuel Point to <Land_Wreck_S1023_Blue<77683b70>> at Pos <<2727.486084, 44.938980, 5785.161621>>
SCRIPT       : [JunkYardDog] -- Adding Salvage Point to <Land_Wreck_hb02_aban2_black<77680510>> at Pos <<2723.134277, 44.643723, 5779.775879>>
SCRIPT       : [JunkYardDog] -- Adding Fuel Point to <Land_Wreck_hb02_aban2_black<77680510>> at Pos <<2723.134277, 44.643723, 5779.775879>>
SCRIPT       : [JunkYardDog] -- Adding Salvage Point to <Land_wreck_truck01_aban1_green<77688d00>> at Pos <<2746.802002, 44.283222, 6014.562500>>
SCRIPT       : [JunkYardDog] -- Adding Fuel Point to <Land_wreck_truck01_aban1_green<77688d00>> at Pos <<2746.802002, 44.283222, 6014.562500>>
SCRIPT       : [JunkYardDog] -- Adding Salvage Point to <Static_Wreck_HMMWV<770e50a0>> at Pos <<6307.930664, 52.759319, 3977.478027>>
SCRIPT       : [JunkYardDog] -- Adding Fuel Point to <Static_Wreck_HMMWV<770e50a0>> at Pos <<6307.930664, 52.759319, 3977.478027>>
SCRIPT       : [JunkYardDog] -- Adding Salvage Point to <Land_Wreck_sed02_aban2_grey<7765e550>> at Pos <<4130.497559, 17.102644, 7343.074219>>
SCRIPT       : [JunkYardDog] -- Adding Fuel Point to <Land_Wreck_sed02_aban2_grey<7765e550>> at Pos <<4130.497559, 17.102644, 7343.074219>>
SCRIPT       : [JunkYardDog] -- Adding Salvage Point to <Land_wreck_truck01_aban1_orange<776612a0>> at Pos <<5919.111328, 55.759144, 4812.186035>>
SCRIPT       : [JunkYardDog] -- Adding Fuel Point to <Land_wreck_truck01_aban1_orange<776612a0>> at Pos <<5919.111328, 55.759144, 4812.186035>>
SCRIPT       : [JunkYardDog] -- Adding Salvage Point to <Static_Wreck_HMMWV<78d22200>> at Pos <<6141.581055, 9.056951, 2713.898438>>
SCRIPT       : [JunkYardDog] -- Adding Fuel Point to <Static_Wreck_HMMWV<78d22200>> at Pos <<6141.581055, 9.056951, 2713.898438>>
SCRIPT       : [JunkYardDog] -- Adding Salvage Point to <Land_Wreck_hb01_aban1_white<77671970>> at Pos <<5528.839844, 210.951981, 4119.037109>>
SCRIPT       : [JunkYardDog] -- Adding Fuel Point to <Land_Wreck_hb01_aban1_white<77671970>> at Pos <<5528.839844, 210.951981, 4119.037109>>
SCRIPT       : [JunkYardDog] -- Adding Salvage Point to <Static_Wreck_HMMWV<791f1af0>> at Pos <<6781.927734, 15.311429, 6809.236816>>
SCRIPT       : [JunkYardDog] -- Adding Fuel Point to <Static_Wreck_HMMWV<791f1af0>> at Pos <<6781.927734, 15.311429, 6809.236816>>
SCRIPT       : [JunkYardDog] -- Adding Salvage Point to <Static_Wreck_HMMWV<79320590>> at Pos <<6711.772949, 15.329409, 6829.133789>>
SCRIPT       : [JunkYardDog] -- Adding Fuel Point to <Static_Wreck_HMMWV<79320590>> at Pos <<6711.772949, 15.329409, 6829.133789>>
SCRIPT       : [JunkYardDog] -- Adding Salvage Point to <Static_Wreck_HMMWV<7931cbc0>> at Pos <<6711.986328, 15.290487, 6821.492188>>
SCRIPT       : [JunkYardDog] -- Adding Fuel Point to <Static_Wreck_HMMWV<7931cbc0>> at Pos <<6711.986328, 15.290487, 6821.492188>>
SCRIPT       : [JunkYardDog] -- Adding Salvage Point to <Static_Wreck_HMMWV<7931dbf0>> at Pos <<6789.530762, 15.305239, 6876.283203>>
SCRIPT       : [JunkYardDog] -- Adding Fuel Point to <Static_Wreck_HMMWV<7931dbf0>> at Pos <<6789.530762, 15.305239, 6876.283203>>
SCRIPT       : [JunkYardDog] -- Adding Salvage Point to <Static_Wreck_HMMWV<792ed0a0>> at Pos <<6793.648438, 15.340654, 6884.704590>>
SCRIPT       : [JunkYardDog] -- Adding Fuel Point to <Static_Wreck_HMMWV<792ed0a0>> at Pos <<6793.648438, 15.340654, 6884.704590>>
SCRIPT       : [JunkYardDog] -- Adding Salvage Point to <Static_Wreck_HMMWV<792f1aa0>> at Pos <<6799.466797, 15.340654, 6895.937012>>
SCRIPT       : [JunkYardDog] -- Adding Fuel Point to <Static_Wreck_HMMWV<792f1aa0>> at Pos <<6799.466797, 15.340654, 6895.937012>>
SCRIPT       : [JunkYardDog] -- Adding Salvage Point to <Static_Wreck_HMMWV<792f0a70>> at Pos <<6807.358398, 15.303699, 6907.329590>>
SCRIPT       : [JunkYardDog] -- Adding Fuel Point to <Static_Wreck_HMMWV<792f0a70>> at Pos <<6807.358398, 15.303699, 6907.329590>>
SCRIPT       : string ammo = 'FallDamageShock'
SCRIPT       : string ammoType = 'Bullet_22'
SCRIPT       : string ammo = 'Bullet_9x19'
SCRIPT       : string ammo = 'Bullet_22'
SCRIPT       : string ammoType = 'Bullet_22'
SCRIPT       : string ammo = 'Bullet_9x19'
SCRIPT       : [JunkYardDog] -- Adding Salvage Point to <Land_wreck_truck01_aban2_orange<790b4350>> at Pos <<2770.533936, 44.259644, 5972.666504>>
SCRIPT       : [JunkYardDog] -- Adding Fuel Point to <Land_wreck_truck01_aban2_orange<790b4350>> at Pos <<2770.533936, 44.259644, 5972.666504>>
SCRIPT       : [JunkYardDog] -- Adding Salvage Point to <Land_wreck_truck01_aban1_green<790b6790>> at Pos <<1907.210693, 25.730639, 5353.970703>>
SCRIPT       : [JunkYardDog] -- Adding Fuel Point to <Land_wreck_truck01_aban1_green<790b6790>> at Pos <<1907.210693, 25.730639, 5353.970703>>
SCRIPT       : [JunkYardDog] -- Adding Salvage Point to <Land_Wreck_S1023_Beige<790b70a0>> at Pos <<1913.711914, 26.701876, 5354.919922>>
SCRIPT       : [JunkYardDog] -- Adding Fuel Point to <Land_Wreck_S1023_Beige<790b70a0>> at Pos <<1913.711914, 26.701876, 5354.919922>>
SCRIPT       : [JunkYardDog] -- Adding Salvage Point to <Static_Wreck_Ural<793a8400>> at Pos <<1901.421265, 26.906981, 5350.300293>>
SCRIPT       : [JunkYardDog] -- Adding Fuel Point to <Static_Wreck_Ural<793a8400>> at Pos <<1901.421265, 26.906981, 5350.300293>>
SCRIPT       : string ammoType = 'Bullet_9x19'
SCRIPT       : string ammo = 'Bullet_9x19'
SCRIPT       : string ammo = 'Bullet_9x19'
SCRIPT       : string ammo = 'Bullet_9x19'
SCRIPT       : [JunkYardDog] -- Adding Salvage Point to <Land_Wreck_Harverster<790b9df0>> at Pos <<5326.183105, 10.838890, 7179.055176>>
SCRIPT       : [JunkYardDog] -- Adding Fuel Point to <Land_Wreck_Harverster<790b9df0>> at Pos <<5326.183105, 10.838890, 7179.055176>>
SCRIPT       : string ammo = 'Bullet_22'
SCRIPT       : string ammoType = 'Bullet_9x19'
SCRIPT       : string ammo = 'Bullet_9x19'
SCRIPT       : string ammoType = 'Bullet_9x19'
SCRIPT       : string ammo = 'Bullet_9x19'
SCRIPT       : string ammo = 'Bullet_9x19'
SCRIPT       : string ammo = 'Bullet_9x19'
SCRIPT       : string ammo = 'Bullet_9x19'
SCRIPT       : string ammo = 'Bullet_9x19'
SCRIPT       : string ammo = 'Bullet_9x19'
SCRIPT       : string ammo = 'Bullet_9x19'
SCRIPT       : string ammo = 'Bullet_9x19'
SCRIPT       : string ammoType = 'Bullet_22'
SCRIPT       : string ammo = 'Bullet_22'
SCRIPT       : string ammo = 'Bullet_22'
SCRIPT       : string ammo = 'MeleeInfected'
SCRIPT       : string ammo = 'Bullet_9x19'
SCRIPT       : =============== WARNING ===============
SCRIPT       : [TerjeMedicine]: You are using the trial version of the 'Terje Medicine' mod.
SCRIPT       : [TerjeMedicine]: To remove this message and watermark - please buy license on terjehub.com
SCRIPT       : =======================================
SCRIPT       : string ammo = 'Bullet_9x19'
SCRIPT       : string ammoType = 'Bullet_9x19'
SCRIPT       : string ammo = 'Bullet_9x19'
SCRIPT       : string ammo = 'Bullet_9x19'
SCRIPT       : string ammo = 'Bullet_9x19'
SCRIPT       : string ammoType = 'Bullet_9x19'
SCRIPT       : string ammo = 'Bullet_9x19'
SCRIPT       : string ammoType = 'Bullet_9x19'
SCRIPT       : string ammo = 'Bullet_9x19'
SCRIPT       : string ammo = 'Bullet_9x19'
SCRIPT       : string ammoType = 'Bullet_9x19'
SCRIPT       : string ammo = 'Bullet_9x19'
SCRIPT       : string ammo = 'Bullet_9x19'
SCRIPT       : string ammo = 'Bullet_9x19'
SCRIPT       : string ammoType = 'Bullet_9x19'
SCRIPT       : string ammo = 'Bullet_9x19'
SCRIPT       : 09:25:28.788 [EXPANSION DEBUG]: eAI_SurvivorF_Baty<74d02020> Weapon_Reloading - Reloading - failed (1)
SCRIPT       : 09:25:29.089 [EXPANSION DEBUG]: eAI_SurvivorF_Baty<74d02020> Weapon_Reloading - Reloading - failed (2)
SCRIPT       : string ammo = 'MeleeInfected'
SCRIPT       : string ammo = 'MeleeInfected'
SCRIPT       : string ammo = 'MeleeInfected'
SCRIPT       : =============== WARNING ===============
SCRIPT       : [TerjeSkills]: You are using the trial version of the 'Terje Skills' mod.
SCRIPT       : [TerjeSkills]: To remove this message and watermark - please buy license on terjehub.com
SCRIPT       : =======================================
SCRIPT       : string ammoType = 'Bullet_22'
SCRIPT       : string ammo = 'Bullet_22'
SCRIPT       : string ammo = 'Bullet_9x19'
SCRIPT       : string ammo = 'Bullet_9x19'
SCRIPT       : string ammo = 'Bullet_9x19'
SCRIPT       : string ammoType = 'Bullet_9x19'
SCRIPT       : string ammo = 'Bullet_9x19'
SCRIPT       : string ammo = 'Bullet_9x19'
SCRIPT       : string ammo = 'Bullet_9x19'
SCRIPT       : string ammoType = 'Bullet_9x19'
SCRIPT       : string ammo = 'Bullet_9x19'
SCRIPT       : string ammoType = 'Bullet_9x19'
SCRIPT       : string ammo = 'Bullet_9x19'
SCRIPT       : string ammoType = 'Bullet_9x19'
SCRIPT       : string ammo = 'Bullet_9x19'
SCRIPT       : string ammo = 'Bullet_9x19'
SCRIPT       : string ammoType = 'Bullet_9x19'
SCRIPT       : string ammo = 'Bullet_9x19'
SCRIPT       : string ammo = 'Bullet_9x19'
SCRIPT       : 09:26:37.354 [EXPANSION DEBUG]: eAI_SurvivorF_Baty<74d02020> Weapon_Reloading - Reloading - failed (1)
SCRIPT       : string ammo = 'MeleePoliceInfected'
SCRIPT       : 09:26:37.789 [EXPANSION DEBUG]: eAI_SurvivorF_Baty<74d02020> Weapon_Reloading - Reloading - failed (2)
SCRIPT       : string ammo = 'MeleePoliceInfected'
SCRIPT       : 09:26:38.988 [EXPANSION DEBUG]: eAI_SurvivorF_Baty<74d02020> Weapon_Reloading - Reloading - failed (3)
SCRIPT       : 09:26:40.388 [EXPANSION DEBUG]: eAI_SurvivorF_Baty<74d02020> Weapon_Reloading - Reloading - failed (1)
SCRIPT       : 09:26:41.189 [EXPANSION DEBUG]: eAI_SurvivorF_Baty<74d02020> Weapon_Reloading - Reloading - failed (2)
SCRIPT       : string ammo = 'Bullet_9x19'
SCRIPT       : string ammo = 'Bullet_9x19'
SCRIPT       : string ammo = 'Bullet_9x19'
SCRIPT       : string ammo = 'Bullet_9x19'
SCRIPT       : string ammoType = 'Bullet_9x19'
SCRIPT       : string ammo = 'Bullet_9x19'
SCRIPT       : string ammoType = 'Bullet_9x19'
SCRIPT       : string ammo = 'Bullet_9x19'
SCRIPT       : string ammoType = 'Bullet_9x19'
SCRIPT       : string ammo = 'Bullet_9x19'
SCRIPT       : string ammoType = 'Bullet_9x19'
SCRIPT       : string ammo = 'Bullet_9x19'
SCRIPT       : string ammoType = 'Bullet_9x19'
SCRIPT       : string ammoType = 'Bullet_9x19'
SCRIPT       : string ammo = 'Bullet_9x19'
SCRIPT       : string ammoType = 'Bullet_9x19'
SCRIPT       : string ammo = 'Bullet_9x19'
SCRIPT       : string ammoType = 'Bullet_9x19'
SCRIPT       : string ammo = 'Bullet_9x19'
SCRIPT       : string ammoType = 'Bullet_9x19'
SCRIPT       : string ammo = 'Bullet_9x19'
SCRIPT       : string ammo = 'Bullet_9x19'
SCRIPT       : string ammo = 'FallDamageShock'
SCRIPT       : [Logout]: New player R5KkZb3Ywicboa8ntCzbBJK6WLpakj_6yA-ghmDo4lw= with logout time 3
SCRIPT       : Player "LEE" (steamid=76561198413928129) initiated disconnect process...
SCRIPT       : Clear up static fireplaces: 0
SCRIPT       : [MissionServer] OnMissionFinish - Server
SCRIPT       : [INFO] Clearing all hordes.
SCRIPT       : -- PvZ Spawn System Numb Of Zeds Spawned : 29
SCRIPT       : -- PvZ Spawn System Numb Of Zeds Killed  : 25
SCRIPT       : -- PvZ Kill / Spawn Ratio   : 0.86
SCRIPT       : [DayZ Expansion] ~DayZGame
SCRIPT       : ~DayZGame()
