---------------------------------------------
Log G:\SteamLibrary\steamapps\common\DayZServer\profiles\script_2025-08-30_03-02-23.log started at 30.08. 03:02:28

SCRIPT       : Registered 362 temporary action enum(s), UAN==362
SCRIPT    (W): @"CBD_LootRoomsSystem/Scripts/3_Game/settings\cbd_lootsystembox.c,69": FIX-ME: Unexpected statement 'ref'
SCRIPT    (W): @"harksbloodplague/VzLGwSjG/ XH0Ah28b/o6rSdzel/﻿﻿/lLzBNtPz/F9S6LDkF/xjV Bvsc.QIFTxCVY,4": FIX-ME: Expected ',' or '}', not a ';'
SCRIPT    (W): @"CodeLock/scripts/3_game/dayzgame.c,13": FIX-ME: Method argument can't be strong reference
SCRIPT    (W): @"GoreZ/3_game/effects\effectparticle\bulletimpactbase\hit_meatbones.c,74": FIX-ME: Overriding function 'BloodSplatGround' but not marked as 'override'
SCRIPT    (W): @"GoreZ/3_game/effects\effectparticle\bulletimpactbase\hit_meatbones.c,109": FIX-ME: Overriding function 'BloodSplatWall' but not marked as 'override'
SCRIPT    (W): @"utopia_airdrop_public_scripts/6 RXTtf0/ IXlSkBBq/4Q fkFB6/﻿/Uzte  eS/RYT4l21X/fThAIJFC.vqONsaTu,9": Possible variable name conflict 'name'
SCRIPT    (W): @"utopia_airdrop_public_scripts/6 RXTtf0/ IXlSkBBq/4Q fkFB6/﻿/Uzte  eS/RYT4l21X/fThAIJFC.vqONsaTu,9": Possible variable name conflict 'dropPosition'
SCRIPT    (W): @"utopia_airdrop_public_scripts/6 RXTtf0/ IXlSkBBq/4Q fkFB6/﻿/Uzte  eS/RYT4l21X/fThAIJFC.vqONsaTu,9": Possible variable name conflict 'radius'
SCRIPT    (W): @"CBD_LootRoomsSystem/Scripts/3_Game/settings\cbd_lootsystemitem.c,8": Possible variable name conflict 'chance'
SCRIPT    (W): @"CBD_LootRoomsSystem/Scripts/3_Game/settings\cbd_lootsystemitem.c,8": Possible variable name conflict 'className'
SCRIPT    (W): @"CBD_LootRoomsSystem/Scripts/3_Game/settings\cbd_lootsystemitem.c,8": Possible variable name conflict 'quantity'
SCRIPT    (W): @"CBD_LootRoomsSystem/Scripts/3_Game/settings\cbd_lootsystemitem.c,16": Possible variable name conflict 'quantity'
SCRIPT    (W): @"CBD_LootRoomsSystem/Scripts/3_Game/logging\cbd_loggingcfreg.c,159": Possible variable name conflict 'fileHandle'
SCRIPT       : Registering faction type eAIFactionShamans ID -1484989417
SCRIPT       : Registering faction type eAIFactionObservers ID -563736721
SCRIPT       : Registering faction type eAIFactionInvincibleObservers ID -1227299746
SCRIPT       : Registering faction type eAIFactionRaiders ID 1535276022
SCRIPT       : Registering faction type eAIFactionYeetBrigade ID 1408543989
SCRIPT       : Registering faction type eAIFactionWest ID 113880155
SCRIPT       : Registering faction type eAIFactionInvincibleYeetBrigade ID -1118767876
SCRIPT       : Registering faction type eAIFactionEast ID 90522109
SCRIPT       : Registering faction type eAIFactionGuards ID 963933710
SCRIPT       : Registering faction type eAIFactionMercenaries ID 1629891834
SCRIPT       : Registering faction type eAIFactionBrawlers ID 1955753718
SCRIPT       : Registering faction type eAIFactionCivilian ID 1096178351
SCRIPT       : Registering faction type eAIFactionPassive ID -1159399789
SCRIPT       : Registering faction type eAIFactionInvincibleGuards ID 782746017
SCRIPT       : ... Backlit Effects Enabled
SCRIPT       : VPPNotificationManager()
SCRIPT       : [VPPAT] Internal VPPNotifications module loaded!
SCRIPT       : [DayZ Game]:: DayZGame(): Initializing V++ Admin Tools.
SCRIPT       : 03:02:32.000 [EXPANSION LOG]: DayZGame<3c454010> Start time (local time) 2025-08-30 03:01:38
SCRIPT       : 03:02:32.000 [EXPANSION LOG]: DayZGame<3c454010> Start time (UTC) 2025-08-29 19:01:38
SCRIPT       : 03:02:32.000 [EXPANSION LOG]: DayZGame<3c454010> Runtime since start (seconds) 54.576
SCRIPT    (W): @"DayZNoBuildZones/Scripts/4_World/nobuildzonessettings.c,34": FIX-ME: Unexpected statement 'ref'
SCRIPT    (W): @"DayZNoBuildZones/Scripts/4_World/nobuildzonessettings.c,35": FIX-ME: Unexpected statement 'ref'
SCRIPT    (W): @"DayZNoBuildZones/Scripts/4_World/nobuildzonessettings.c,69": Missing ';' at the end of line
SCRIPT    (W): @"DayZNoBuildZones/Scripts/4_World/nobuildzonessettings.c,114": FIX-ME: Unexpected statement 'ref'
SCRIPT    (W): @"JunkYardDogV4/scripts/4_World/actionfillatcar.c,125": FIX-ME: Unmatched brackets detected!
SCRIPT    (W): @"JunkYardDogV4/scripts/4_World/actionfillatcar.c,139": Missing ';' at the end of line
SCRIPT    (W): @"JunkYardDogV4/scripts/4_World/actionfillatcar.c,144": Missing ';' at the end of line
SCRIPT    (W): @"Weapons/Scripts/4_World/itembase\jmc_prototype_optic.c,3": Missing ';' at the end of line
SCRIPT    (W): @"ZenTerritories/scripts/4_World/territoryflag.c,4": FIX-ME: Unexpected statement 'ref'
SCRIPT    (W): @"bl_crafting_ex\scripts\4_World/classes\action\actionfillfueltincanlamp.c,71": condition with no body?
SCRIPT    (W): @"AIWarZones/scripts/4_World/smokeeffect.c,1": Forward declarations are deprecated!
SCRIPT    (W): @"ServerConfig_GS/scripts/4_World/actionbase.c,115": Possible variable name conflict 'z_CreateNewConfig_GS'
SCRIPT    (W): @"ServerConfig_GS/scripts/4_World/actionbase.c,115": Possible variable name conflict 'z_EnableDebugLogs_GS'
SCRIPT    (W): @"ServerConfig_GS/scripts/4_World/actionbase.c,115": Possible variable name conflict 'z_EnableDebugModsLogs_GS'
SCRIPT    (W): @"ServerConfig_JD/scripts/4_World/actionbase.c,132": Possible variable name conflict 'z_CreateNewConfig_JD'
SCRIPT    (W): @"ServerConfig_JD/scripts/4_World/actionbase.c,132": Possible variable name conflict 'z_EnableDebugLogs_JD'
SCRIPT    (W): @"ServerConfig_JD/scripts/4_World/actionbase.c,132": Possible variable name conflict 'z_EnableDebugModsLogs_JD'
SCRIPT    (W): @"ServerConfig_JD/scripts/4_World/actionbase.c,132": Possible variable name conflict 'z_EnableFuelPumps_JD'
SCRIPT    (W): @"ServerConfig_JD/scripts/4_World/actionbase.c,537": FIX-ME: Overriding function 'z_GetDate' but not marked as 'override'
SCRIPT    (W): @"ServerConfig_JD/scripts/4_World/actionbase.c,544": FIX-ME: Overriding function 'z_GetTime' but not marked as 'override'
SCRIPT    (W): @"GoreZ/4_world/entities\manbase\playerbase.c,11": FIX-ME: Overriding function 'CheckDeath' but not marked as 'override'
SCRIPT    (W): @"WindstrideClothing/scripts/4_World/playerbase.c,48": FIX-ME: Overriding function 'ChangeHoodCheck' but not marked as 'override'
SCRIPT    (W): @"GoreZ/4_world/classes\bleedingsources\bleedingsource.c,56": FIX-ME: Overriding function 'GetBit' but not marked as 'override'
SCRIPT    (W): @"GoreZ/4_world/classes\bleedingsources\bleedingsource.c,157": FIX-ME: Overriding function 'DrawDebugShape' but not marked as 'override'
SCRIPT    (W): @"CodeLock/scripts/4_world/entities\codelock.c,308": FIX-ME: Method argument can't be strong reference
SCRIPT    (W): @"GoreZ/4_world/entities\infected\zombiebase.c,27": FIX-ME: Overriding function 'IsAlive' but not marked as 'override'
SCRIPT    (W): @"JunkYardDogV4/scripts/4_World/junkyardscriptclass.c,744": FIX-ME: Overriding function 'IsHealthVisible' but not marked as 'override'
SCRIPT    (W): @"JunkYardDogV4/scripts/4_World/junkyardscriptclass.c,752": FIX-ME: Overriding function 'IsInventoryItem' but not marked as 'override'
SCRIPT    (W): @"JunkYardDogV4/scripts/4_World/junkyardscriptclass.c,762": FIX-ME: Overloaded method 'CanPutIntoHands', argument name 'player' differs from prototype 'parent'
SCRIPT    (W): @"kamaz_4310RUS\scripts\4_World/carscript_kamaz_4310rus_cabinmanipulte.c,8": FIX-ME: Overriding function 'IsCabinCanManipulate' but not marked as 'override'
SCRIPT    (W): @"kamaz_4310RUS\scripts\4_World/carscript_kamaz_4310rus_cabinmanipulte.c,13": FIX-ME: Overriding function 'GetCabinAnimationSource' but not marked as 'override'
SCRIPT    (W): @"kamaz_4310RUS\scripts\4_World/carscript_kamaz_4310rus_cabinmanipulte.c,18": FIX-ME: Overriding function 'IsCabinRised' but not marked as 'override'
SCRIPT    (W): @"kamaz_4310RUS\scripts\4_World/carscript_kamaz_4310rus_cabinmanipulte.c,23": FIX-ME: Overriding function 'IsPassengersInCabin' but not marked as 'override'
SCRIPT    (W): @"tractor_UMZ_RUS\scripts\4_World/carscript.c,4": FIX-ME: Overriding function 'HandleDoorsSound' but not marked as 'override'
SCRIPT    (W): @"JunkYardDogV4/scripts/4_World/junkyardscriptclass.c,231": FIX-ME: Overriding function 'IsItemBase' but not marked as 'override'
SCRIPT    (W): @"JunkYardDogV4/scripts/4_World/junkyardscriptclass.c,246": FIX-ME: Overriding function 'IsHologram' but not marked as 'override'
SCRIPT    (W): @"JunkYardDogV4/scripts/4_World/junkyardscriptclass.c,280": FIX-ME: Overriding function 'Get_StaticReturnItem' but not marked as 'override'
SCRIPT    (W): @"JunkYardDogV4/scripts/4_World/junkyardscriptclass.c,320": FIX-ME: Overriding function 'IsItemBase' but not marked as 'override'
SCRIPT    (W): @"JunkYardDogV4/scripts/4_World/junkyardscriptclass.c,335": FIX-ME: Overriding function 'IsHologram' but not marked as 'override'
SCRIPT    (W): @"JunkYardDogV4/scripts/4_World/junkyardscriptclass.c,368": FIX-ME: Overriding function 'Get_StaticReturnItem' but not marked as 'override'
SCRIPT    (W): @"JunkYardDogV4/scripts/4_World/junkyardscriptclass.c,528": FIX-ME: Overriding function 'Get_StaticReturnItem' but not marked as 'override'
SCRIPT    (W): @"utopia_airdrop_public_scripts/ OMjL0c / Vulq AJh/vWVsD  Q/﻿﻿﻿﻿/Ulf up0k/dNVYiBV8/oRiMxNgM.OT IFyXY,14": Possible variable name conflict 'airdropContainer'
SCRIPT    (W): @"utopia_airdrop_public_scripts/ OMjL0c / Vulq AJh/vWVsD  Q/﻿﻿﻿﻿/Ulf up0k/dNVYiBV8/oRiMxNgM.OT IFyXY,14": Possible variable name conflict 'markerId'
SCRIPT    (W): @"kamaz_4310RUS\scripts\4_World/static\miscgameplayfunctions.c,6": FIX-ME: Overriding function 'IsInsideCar' but not marked as 'override'
SCRIPT    (W): @"GarbageSearch/Scripts/4_World/garbagescriptclass.c,339": FIX-ME: Overriding function 'IsHealthVisible' but not marked as 'override'
SCRIPT    (W): @"GarbageSearch/Scripts/4_World/garbagescriptclass.c,347": FIX-ME: Overriding function 'IsInventoryItem' but not marked as 'override'
SCRIPT    (W): @"GarbageSearch/Scripts/4_World/garbagescriptclass.c,357": FIX-ME: Overloaded method 'CanPutIntoHands', argument name 'player' differs from prototype 'parent'
SCRIPT    (W): @"JunkYardDogV4/scripts/4_World/junkyardscriptclass.c,683": FIX-ME: Overriding function 'IsHealthVisible' but not marked as 'override'
SCRIPT    (W): @"JunkYardDogV4/scripts/4_World/junkyardscriptclass.c,691": FIX-ME: Overriding function 'IsInventoryItem' but not marked as 'override'
SCRIPT    (W): @"JunkYardDogV4/scripts/4_World/junkyardscriptclass.c,701": FIX-ME: Overloaded method 'CanPutIntoHands', argument name 'player' differs from prototype 'parent'
SCRIPT    (W): @"GarbageSearch/Scripts/4_World/garbagescriptclass.c,157": FIX-ME: Overriding function 'Get_StaticReturnItem' but not marked as 'override'
SCRIPT    (W): @"JunkYardDogV4/scripts/4_World/junkyardscriptclass.c,480": FIX-ME: Overriding function 'Get_StaticReturnItem' but not marked as 'override'
SCRIPT    (W): @"GarbageSearch/Scripts/4_World/garbagescriptclass.c,40": FIX-ME: Overriding function 'Get_StaticReturnItem' but not marked as 'override'
SCRIPT    (W): @"GarbageSearch/Scripts/4_World/garbagescriptclass.c,202": FIX-ME: Overriding function 'Get_StaticReturnItem' but not marked as 'override'
SCRIPT    (W): @"areaofdecay/dz_yanova_scripts/Scripts/4_World/fireplacebase\y_cookingpot.c,207": FIX-ME: Overloaded method 'CanRemoveFromHands', argument name 'player' differs from prototype 'parent'
SCRIPT    (W): @"areaofdecay/dz_yanova_scripts/Scripts/4_World/fireplacebase\y_cookingpot.c,257": FIX-ME: Overloaded method 'OnIgnitedTarget', argument name 'ignited_item' differs from prototype 'target_item'
SCRIPT    (W): @"JunkYardDogV4/scripts/4_World/junkyardscriptclass.c,508": FIX-ME: Overriding function 'Get_StaticReturnItem' but not marked as 'override'
SCRIPT    (W): @"CodeLock/scripts/4_world/pluginmanager\pluginbase\permissions\codelockpermissionmanager.c,46": FIX-ME: Method argument can't be strong reference
SCRIPT    (W): @"PVEZ/4_World/pvez_adminconsolegui.c,760": Possible variable name conflict 'selectedZone'
SCRIPT    (W): @"PVEZ/4_World/pvez_adminconsolegui.c,825": Possible variable name conflict 'selectedLawbreaker'
SCRIPT    (W): @"GarbageSearch/Scripts/4_World/garbagescriptclass.c,63": FIX-ME: Overriding function 'Get_StaticReturnItem' but not marked as 'override'
SCRIPT    (W): @"harksbloodplague/52dd pel/ 3gNP7Jlz/H5 ZtDem/﻿﻿﻿﻿/1ryCtG6A/e eAmJmt/X4cai9VJ.y iMKmui,60": FIX-ME: Overriding function 'OnInit' but not marked as 'override'
SCRIPT    (W): @"harksbloodplague/52dd pel/ 3gNP7Jlz/H5 ZtDem/﻿﻿﻿﻿/1ryCtG6A/e eAmJmt/X4cai9VJ.y iMKmui,339": FIX-ME: Overloaded method 'CanReleaseCargo', argument name 'attachment' differs from prototype 'cargo'
SCRIPT    (W): @"utopia_patrol_helicopter_scripts/L4SbwPx4/ SuWu1KU /dntQGuBG/﻿﻿/L2ekv8u6/zZczjFyV/em9tiEfZ.x zUJN  ,101": FIX-ME: Overloading event 'EOnInit' is not allowed
SCRIPT    (W): @"utopia_airdrop_public_scripts/I 3HiTlD/ MfbWK G / jpFyQ2O/﻿/9lZgbYgI/jMDouLM1/D6mjYABq.IN SOiX ,54": FIX-ME: Overloading event 'EOnInit' is not allowed
SCRIPT    (W): @"JunkYardDogV4/scripts/4_World/junkyardscriptclass.c,460": FIX-ME: Overriding function 'Get_StaticReturnItem' but not marked as 'override'
SCRIPT    (W): @"GarbageSearch/Scripts/4_World/garbagescriptclass.c,218": FIX-ME: Overriding function 'Get_StaticReturnItem' but not marked as 'override'
SCRIPT    (W): @"GarbageSearch/Scripts/4_World/garbagescriptclass.c,289": FIX-ME: Overriding function 'Get_StaticReturnItem' but not marked as 'override'
SCRIPT    (W): @"utopia_patrol_helicopter_scripts/L4SbwPx4/ SuWu1KU /dntQGuBG/﻿﻿/L2ekv8u6/zZczjFyV/em9tiEfZ.x zUJN  ,33": FIX-ME: Overloading event 'EOnInit' is not allowed
SCRIPT    (W): @"GarbageSearch/Scripts/4_World/garbagescriptclass.c,150": FIX-ME: Overriding function 'Get_StaticReturnItem' but not marked as 'override'
SCRIPT    (W): @"JunkYardDogV4/scripts/4_World/actionfillatwreck.c,57": FIX-ME: Overriding function 'GetText' but not marked as 'override'
SCRIPT    (W): @"GarbageSearch/Scripts/4_World/garbagescriptclass.c,232": FIX-ME: Overriding function 'Get_StaticReturnItem' but not marked as 'override'
SCRIPT    (W): @"GarbageSearch/Scripts/4_World/garbagescriptclass.c,239": FIX-ME: Overriding function 'Get_StaticReturnItem' but not marked as 'override'
SCRIPT    (W): @"CBD_LootRoomsSystem/Scripts/4_World/enities\cbd_lootcrates.c,199": FIX-ME: Overloaded method 'CanReleaseCargo', argument name 'attachment' differs from prototype 'cargo'
SCRIPT    (W): @"GarbageSearch/Scripts/4_World/garbagescriptclass.c,246": FIX-ME: Overriding function 'Get_StaticReturnItem' but not marked as 'override'
SCRIPT    (W): @"GarbageSearch/Scripts/4_World/garbagescriptclass.c,253": FIX-ME: Overriding function 'Get_StaticReturnItem' but not marked as 'override'
SCRIPT    (W): @"GarbageSearch/Scripts/4_World/garbagescriptclass.c,260": FIX-ME: Overriding function 'Get_StaticReturnItem' but not marked as 'override'
SCRIPT    (W): @"GarbageSearch/Scripts/4_World/garbagescriptclass.c,267": FIX-ME: Overriding function 'Get_StaticReturnItem' but not marked as 'override'
SCRIPT    (W): @"GarbageSearch/Scripts/4_World/garbagescriptclass.c,274": FIX-ME: Overriding function 'Get_StaticReturnItem' but not marked as 'override'
SCRIPT    (W): @"GarbageSearch/Scripts/4_World/garbagescriptclass.c,281": FIX-ME: Overriding function 'Get_StaticReturnItem' but not marked as 'override'
SCRIPT    (W): @"GarbageSearch/Scripts/4_World/garbagescriptclass.c,310": FIX-ME: Overriding function 'Get_StaticReturnItem' but not marked as 'override'
SCRIPT    (W): @"GarbageSearch/Scripts/4_World/garbagescriptclass.c,317": FIX-ME: Overriding function 'Get_StaticReturnItem' but not marked as 'override'
SCRIPT    (W): @"JunkYardDogV4/scripts/4_World/junkyardscriptclass.c,416": FIX-ME: Overriding function 'Get_StaticReturnItem' but not marked as 'override'
SCRIPT    (W): @"GarbageSearch/Scripts/4_World/garbagescriptclass.c,195": FIX-ME: Overriding function 'Get_StaticReturnItem' but not marked as 'override'
SCRIPT    (W): @"GarbageSearch/Scripts/4_World/garbagescriptclass.c,225": FIX-ME: Overriding function 'Get_StaticReturnItem' but not marked as 'override'
SCRIPT    (W): @"utopia_patrol_helicopter_scripts/L4SbwPx4/ SuWu1KU /dntQGuBG/﻿﻿/L2ekv8u6/zZczjFyV/em9tiEfZ.x zUJN  ,166": FIX-ME: Overloading event 'EOnInit' is not allowed
SCRIPT    (W): @"CodeLock/scripts/4_world/gui\setcodemenu.c,31": FIX-ME: Overriding function 'CheckState' but not marked as 'override'
SCRIPT    (W): @"GarbageSearch/Scripts/4_World/garbagescriptclass.c,56": FIX-ME: Overriding function 'Get_StaticReturnItem' but not marked as 'override'
SCRIPT    (W): @"GarbageSearch/Scripts/4_World/garbagescriptclass.c,86": FIX-ME: Overriding function 'Get_StaticReturnItem' but not marked as 'override'
SCRIPT    (W): @"JunkYardDogV4/scripts/4_World/junkyardscriptclass.c,494": FIX-ME: Overriding function 'Get_StaticReturnItem' but not marked as 'override'
SCRIPT    (W): @"JunkYardDogV4/scripts/4_World/junkyardscriptclass.c,501": FIX-ME: Overriding function 'Get_StaticReturnItem' but not marked as 'override'
SCRIPT    (W): @"JunkYardDogV4/scripts/4_World/junkyardscriptclass.c,487": FIX-ME: Overriding function 'Get_StaticReturnItem' but not marked as 'override'
SCRIPT    (W): @"JunkYardDogV4/scripts/4_World/actionsalvagewreck.c,32": FIX-ME: Overriding function 'GetText' but not marked as 'override'
SCRIPT    (W): @"GarbageSearch/Scripts/4_World/garbagescriptclass.c,188": FIX-ME: Overriding function 'Get_StaticReturnItem' but not marked as 'override'
SCRIPT    (W): @"utopia_airdrop_public_scripts/I 3HiTlD/ MfbWK G / jpFyQ2O/﻿/9lZgbYgI/jMDouLM1/D6mjYABq.IN SOiX ,199": FIX-ME: Overloaded method 'CanReleaseCargo', argument name 'attachment' differs from prototype 'cargo'
SCRIPT    (W): @"GarbageSearch/Scripts/4_World/garbagescriptclass.c,79": FIX-ME: Overriding function 'Get_StaticReturnItem' but not marked as 'override'
SCRIPT    (W): @"CBD_LootRoomsSystem/Scripts/4_World/enities\cbd_vehilceparts.c,6": FIX-ME: Method argument can't be strong reference
SCRIPT    (W): @"GarbageSearch/Scripts/4_World/garbagescriptclass.c,93": FIX-ME: Overriding function 'Get_StaticReturnItem' but not marked as 'override'
SCRIPT    (W): @"GarbageSearch/Scripts/4_World/garbagescriptclass.c,100": FIX-ME: Overriding function 'Get_StaticReturnItem' but not marked as 'override'
SCRIPT    (W): @"JunkYardDogV4/scripts/4_World/junkyardscriptclass.c,439": FIX-ME: Overriding function 'Get_StaticReturnItem' but not marked as 'override'
SCRIPT    (W): @"CodeLock/scripts/4_world/gui\guestcodemenu.c,29": FIX-ME: Overriding function 'SendRPC' but not marked as 'override'
SCRIPT    (W): @"GarbageSearch/Scripts/4_World/garbagescriptclass.c,107": FIX-ME: Overriding function 'Get_StaticReturnItem' but not marked as 'override'
SCRIPT    (W): @"GarbageSearch/Scripts/4_World/garbagescriptclass.c,114": FIX-ME: Overriding function 'Get_StaticReturnItem' but not marked as 'override'
SCRIPT    (W): @"GarbageSearch/Scripts/4_World/garbagescriptclass.c,121": FIX-ME: Overriding function 'Get_StaticReturnItem' but not marked as 'override'
SCRIPT    (W): @"GarbageSearch/Scripts/4_World/garbagescriptclass.c,128": FIX-ME: Overriding function 'Get_StaticReturnItem' but not marked as 'override'
SCRIPT    (W): @"GarbageSearch/Scripts/4_World/garbagescriptclass.c,135": FIX-ME: Overriding function 'Get_StaticReturnItem' but not marked as 'override'
SCRIPT    (W): @"GarbageSearch/Scripts/4_World/garbagescriptclass.c,142": FIX-ME: Overriding function 'Get_StaticReturnItem' but not marked as 'override'
SCRIPT    (W): @"GarbageSearch/Scripts/4_World/garbagescriptclass.c,171": FIX-ME: Overriding function 'Get_StaticReturnItem' but not marked as 'override'
SCRIPT    (W): @"GarbageSearch/Scripts/4_World/garbagescriptclass.c,178": FIX-ME: Overriding function 'Get_StaticReturnItem' but not marked as 'override'
SCRIPT    (W): @"GarbageSearch/Scripts/4_World/garbagescriptclass.c,296": FIX-ME: Overriding function 'Get_StaticReturnItem' but not marked as 'override'
SCRIPT    (W): @"utopia_airdrop_public_scripts/UgJtaEzu/ pFywvHnE/hNJFLJqF/﻿﻿﻿﻿/tru  jfB/UUjm1VTb/HJ wVsOi.KNgPaySC,42": FIX-ME: Overloaded method 'EOnSimulate', argument name 'owner' differs from prototype 'other'
SCRIPT    (W): @"HP_Crafter/scripts/4_World/entities\itembase\hp_crafter.c,15": FIX-ME: Overriding function 'SetActions' but not marked as 'override'
SCRIPT    (W): @"CodeLock/scripts/4_world/gui\claimcodemenu.c,27": FIX-ME: Overriding function 'SendRPC' but not marked as 'override'
SCRIPT    (W): @"CBD_LootRoomsSystem/Scripts/4_World/enities\cbd_missionlaptop.c,142": FIX-ME: Overloaded method 'CanReleaseCargo', argument name 'attachment' differs from prototype 'cargo'
SCRIPT    (W): @"CodeLock/scripts/4_world/gui\entercodemenu.c,37": FIX-ME: Overriding function 'SendRPC' but not marked as 'override'
SCRIPT    (W): @"GarbageSearch/Scripts/4_World/garbagescriptclass.c,49": FIX-ME: Overriding function 'Get_StaticReturnItem' but not marked as 'override'
SCRIPT    (W): @"GarbageSearch/Scripts/4_World/garbagescriptclass.c,210": FIX-ME: Overriding function 'Get_StaticReturnItem' but not marked as 'override'
SCRIPT    (W): @"GarbageSearch/Scripts/4_World/garbagescriptclass.c,303": FIX-ME: Overriding function 'Get_StaticReturnItem' but not marked as 'override'
SCRIPT    (W): @"HP_Crafter/scripts/4_World/craftmanager\hud\crafthud.c,312": FIX-ME: Overriding function 'OnMouseEnter' but not marked as 'override'
SCRIPT    (W): @"JunkYardDogV4/scripts/4_World/junkyardscriptclass.c,396": FIX-ME: Overriding function 'Get_StaticReturnItem' but not marked as 'override'
SCRIPT    (W): @"JunkYardDogV4/scripts/4_World/junkyardscriptclass.c,377": FIX-ME: Overriding function 'Get_StaticReturnItem' but not marked as 'override'
SCRIPT    (W): @"GarbageSearch/Scripts/4_World/garbagescriptclass.c,71": FIX-ME: Overriding function 'Get_StaticReturnItem' but not marked as 'override'
SCRIPT    (W): @"GarbageSearch/Scripts/4_World/garbagescriptclass.c,164": FIX-ME: Overriding function 'Get_StaticReturnItem' but not marked as 'override'
SCRIPT    (W): @"CBD_LootRoomsSystem/Scripts/4_World/modules\cbd_cfmodule.c,142": Possible variable name conflict 'settings'
SCRIPT    (W): @"CBD_LootRoomsSystem/Scripts/4_World/modules\cbd_cfmodule.c,397": Possible variable name conflict 'settings'
SCRIPT    (W): @"CBD_LootRoomsSystem/Scripts/4_World/modules\cbd_cfmodule.c,981": No need to use 'Cast' for up-casting
SCRIPT    (W): @"CodeLock/scripts/4_world/actions\continuous\actiondestroycodelockontent.c,73": Possible variable name conflict '_Health'
SCRIPT    (W): @"CodeLock/scripts/4_world/actions\continuous\actiondestroycodelockonfence.c,67": Possible variable name conflict '_Health'
SCRIPT    (W): @"GarbageSearch/Scripts/4_World/actionsearchgarbage.c,151": No need to use 'Cast' for up-casting
SCRIPT    (W): @"GarbageSearch/Scripts/4_World/actionsearchgarbage.c,157": No need to use 'Cast' for up-casting
SCRIPT    (W): @"GarbageSearch/Scripts/4_World/actionsearchgarbage.c,211": No need to use 'Cast' for up-casting
SCRIPT    (W): @"HelziMagazineLoading_SERVER/Scripts/4_World/classes\utils.c,103": FIX-ME: Unsafe down-casting, use 'Magazine.Cast' for safe down-casting
SCRIPT    (W): @"HelziMagazineLoading_SERVER/Scripts/4_World/classes\utils.c,162": FIX-ME: Unsafe down-casting, use 'Magazine.Cast' for safe down-casting
SCRIPT    (W): @"HelziMagazineLoading_SERVER/Scripts/4_World/classes\utils.c,221": FIX-ME: Unsafe down-casting, use 'Magazine.Cast' for safe down-casting
SCRIPT    (W): @"HelziMagazineLoading_SERVER/Scripts/4_World/classes\ammobox.c,286": FIX-ME: Unsafe down-casting, use 'Magazine.Cast' for safe down-casting
SCRIPT    (W): @"HelziMagazineLoading_SERVER/Scripts/4_World/classes\ammobox.c,317": FIX-ME: Unsafe down-casting, use 'Magazine.Cast' for safe down-casting
SCRIPT    (W): @"HelziMagazineLoading_SERVER/Scripts/4_World/classes\ammobox.c,348": FIX-ME: Unsafe down-casting, use 'Magazine.Cast' for safe down-casting
SCRIPT    (W): @"InediaInfectedAI/scripts/4_World/inediainfectedai\entities\creatures\infected\zombiebase.c,3251": Possible variable name conflict 'm_BloodParticle'
SCRIPT    (W): @"JunkYardDogV4/scripts/4_World/actionsalvagewreck.c,180": No need to use 'Cast' for up-casting
SCRIPT    (W): @"JunkYardDogV4/scripts/4_World/actionsalvagewreck.c,299": No need to use 'Cast' for up-casting
SCRIPT    (W): @"utopia_airdrop_public_scripts/mh8jqwQE/ txnttozb/8MLc 08D/﻿/4bShEm11/MCxoYfFh/ gX02g8o.mWgGs Bd,112": FIX-ME: Unsafe down-casting, use 'ItemBase.Cast' for safe down-casting
SCRIPT    (W): @"Weapons/Scripts/4_World/itembase\jmc_prototype_optic.c,76": FIX-ME: Unsafe down-casting, use 'PlayerBase.Cast' for safe down-casting
SCRIPT    (W): @"HP_Crafter/scripts/4_World/craftmanager\hud\oneitemforctaft.c,22": FIX-ME: Unsafe down-casting, use 'EntityAI.Cast' for safe down-casting
SCRIPT    (W): @"HP_Crafter/scripts/4_World/craftmanager\hud\crafthud.c,454": FIX-ME: Undefined function 'DayZGame.GetMousePos'
SCRIPT    (W): @"KnockKnockZombies/scripts/4_World/player.c,66": FIX-ME: Unsafe down-casting, use 'PlayerBase.Cast' for safe down-casting
SCRIPT    (W): @"KnockKnockZombies/scripts/4_World/player.c,70": FIX-ME: Unsafe down-casting, use 'PlayerBase.Cast' for safe down-casting
SCRIPT    (W): @"KnockKnockZombies/scripts/4_World/player.c,74": FIX-ME: Unsafe down-casting, use 'PlayerBase.Cast' for safe down-casting
SCRIPT       : [HeliCrashNewConfig] config found, loading...
SCRIPT       : Registering faction type eAIFactionLunatics ID 1167351711
SCRIPT       : Registering faction type eAIFactionInfected ID 1371958374
SCRIPT    (W): @"ammoPackingunpackingmod\Scripts\5_Mission/mg&msclass.c,16": FIX-ME: Method argument can't be strong reference
SCRIPT    (W): @"ammoPackingunpackingmod\Scripts\5_Mission/mg&msclass.c,16": FIX-ME: Method argument can't be strong reference
SCRIPT    (W): @"ammoPackingunpackingmod\Scripts\5_Mission/mg&msclass.c,16": FIX-ME: Method argument can't be strong reference
SCRIPT    (W): @"ammoPackingunpackingmod\Scripts\5_Mission/mg&msclass.c,22": FIX-ME: Method argument can't be strong reference
SCRIPT    (W): @"ammoPackingunpackingmod\Scripts\5_Mission/mg&msclass.c,22": FIX-ME: Method argument can't be strong reference
SCRIPT    (W): @"ammoPackingunpackingmod\Scripts\5_Mission/mg&msclass.c,22": FIX-ME: Method argument can't be strong reference
SCRIPT    (W): @"ammoPackingunpackingmod\Scripts\5_Mission/mg&msclass.c,28": FIX-ME: Method argument can't be strong reference
SCRIPT    (W): @"ammoPackingunpackingmod\Scripts\5_Mission/mg&msclass.c,28": FIX-ME: Method argument can't be strong reference
SCRIPT    (W): @"ammoPackingunpackingmod\Scripts\5_Mission/mg&msclass.c,28": FIX-ME: Method argument can't be strong reference
SCRIPT    (W): @"ZenUtilities/scripts/5_mission/missionserver.c,15": FIX-ME: Overriding function 'InvokeOnDisconnect' but not marked as 'override'
SCRIPT    (W): @"ammoPackingunpackingmod\Scripts\5_Mission/mg&msclass.c,51": FIX-ME: Method argument can't be strong reference
SCRIPT    (W): @"ammoPackingunpackingmod\Scripts\5_Mission/mg&msclass.c,51": FIX-ME: Method argument can't be strong reference
SCRIPT    (W): @"ammoPackingunpackingmod\Scripts\5_Mission/mg&msclass.c,51": FIX-ME: Method argument can't be strong reference
SCRIPT    (W): @"ammoPackingunpackingmod\Scripts\5_Mission/mg&msclass.c,59": FIX-ME: Method argument can't be strong reference
SCRIPT    (W): @"ammoPackingunpackingmod\Scripts\5_Mission/mg&msclass.c,59": FIX-ME: Method argument can't be strong reference
SCRIPT    (W): @"ammoPackingunpackingmod\Scripts\5_Mission/mg&msclass.c,59": FIX-ME: Method argument can't be strong reference
SCRIPT    (W): @"ammoPackingunpackingmod\Scripts\5_Mission/mg&msclass.c,67": FIX-ME: Method argument can't be strong reference
SCRIPT    (W): @"ammoPackingunpackingmod\Scripts\5_Mission/mg&msclass.c,67": FIX-ME: Method argument can't be strong reference
SCRIPT    (W): @"ammoPackingunpackingmod\Scripts\5_Mission/mg&msclass.c,67": FIX-ME: Method argument can't be strong reference
SCRIPT    (W): @"HP_Crafter/scripts/5_Mission/mission\missionserver.c,3": FIX-ME: Overriding function 'InvokeOnConnect' but not marked as 'override'
SCRIPT    (W): @"bl_crafting_ex\scripts\5_Mission/missionserver.c,14": FIX-ME: Method argument can't be strong reference
SCRIPT    (W): @"bl_crafting_ex\scripts\5_Mission/missionserver.c,14": FIX-ME: Method argument can't be strong reference
SCRIPT    (W): @"bl_crafting_ex\scripts\5_Mission/missionserver.c,14": FIX-ME: Method argument can't be strong reference
SCRIPT    (W): @"bl_crafting_ex\scripts\5_Mission/missiongameplay.c,15": FIX-ME: Method argument can't be strong reference
SCRIPT    (W): @"bl_crafting_ex\scripts\5_Mission/missiongameplay.c,15": FIX-ME: Method argument can't be strong reference
SCRIPT    (W): @"bl_crafting_ex\scripts\5_Mission/missiongameplay.c,15": FIX-ME: Method argument can't be strong reference
SCRIPT    (W): @"TerjeCompatibilityVPP/Scripts/5_Mission/47285a5febf0466fa5cc99fd0eb44b06.c,105": FIX-ME: Method argument can't be strong reference
SCRIPT    (W): @"SearchInventory/Scripts/5_Mission/uihelper\ui\uisearchinventorywindow.c,338": FIX-ME: Undefined function 'DayZGame.GetMousePos'
SCRIPT       : 03:03:12.896 [EXPANSION DEBUG]: [ExpansionDebugSettings] Load existing setting file:$profile:ExpansionMod\Settings\DebugSettings.json
SCRIPT       : 03:03:12.901 [EXPANSION DEBUG]: [ExpansionLogSettings] Load existing setting file:$profile:ExpansionMod\Settings\LogsSettings.json
SCRIPT       : 03:03:12.931 [EXPANSION DEBUG]: [ExpansionNotificationSettings] Load existing setting file:$profile:ExpansionMod\Settings\NotificationSettings.json
SCRIPT       : 03:03:12.945 [EXPANSION DEBUG]: [ExpansionMonitoringSettings] Load existing setting file:$profile:ExpansionMod\Settings\MonitoringSettings.json
SCRIPT       : 03:03:12.949 [EXPANSION DEBUG]: [ExpansionDamageSystemSettings] Load existing setting file:$profile:ExpansionMod\Settings\DamageSystemSettings.json
SCRIPT       : 03:03:12.957 [EXPANSION DEBUG]: ExpansionAILocationSettings<79040410> Load existing setting file:$mission:expansion\settings\AILocationSettings.json
SCRIPT       : 03:03:12.977 [EXPANSION DEBUG]: [ExpansionAISettings] Load existing setting file:$profile:ExpansionMod\Settings\AISettings.json
SCRIPT       : 03:03:13.000 [EXPANSION DEBUG]: [ExpansionAIPatrolSettings] Load existing setting file:$mission:expansion\settings\AIPatrolSettings.json
SCRIPT       : [HelziMagazineLoading | CLIENT MOD] - Version client mod: 1.26 (Stable)...
SCRIPT       : [HelziMagazineLoading | CLIENT MOD] - The client started looking for the server part of the mod!
SCRIPT       : [HelziMagazineLoading | SERVER MOD] - Version server mod: 1.26 (Stable)...
SCRIPT       : [HelziMagazineLoading | SERVER MOD] - The client part has been found, the mod is in stable operation!
SCRIPT       : Vanilla++ AdminTools Plugins Registering..
SCRIPT       : [TERJE CORE](INFO): Loaded 12 settings from the Core.cfg
SCRIPT       : [TERJE CORE](INFO): Loaded 290 settings from the Medicine.cfg
SCRIPT       : [TERJE CORE](INFO): Loaded 185 settings from the Skills.cfg
SCRIPT       : [TERJE CORE](INFO): Loaded 53 settings from the StartScreen.cfg
SCRIPT       : [TERJE CORE](INFO): Registered 5 custom recipes.
SCRIPT       : [WebHooksManager] Loading Saved Webhooks configuration
SCRIPT       : Spawning Building [Land_Misc_FireBarrel_Yellow-540057617]
SCRIPT       : Expansion version: 1.9.34
SCRIPT       : [#CBD_LootSystem] Has Loaded successfully!
SCRIPT       : [DefineTest] EXPANSIONMODAI is defined
SCRIPT       : [DefineTest] EXPANSIONMODCORE is defined
SCRIPT       : [DefineTest] CfgMods:
SCRIPT       : defaultAction
SCRIPT       : DayZ
SCRIPT       : AM_Define
SCRIPT       : DZ_Expansion_AI_Preload
SCRIPT       : DZ_Expansion_Core_Preload
SCRIPT       : DZ_Expansion_ModStorage_Preload
SCRIPT       : AimSounds
SCRIPT       : ExtraFarmingItems
SCRIPT       : dry_gully_structures_fireplace
SCRIPT       : dz_yanova_scripts
SCRIPT       : SobrMods_Barrel_Fix
SCRIPT       : bl_crafting
SCRIPT       : CBD_LootRoomsSystem
SCRIPT       : CodeLock
SCRIPT       : DabsFramework
SCRIPT       : DZ_Expansion_DefineTest
SCRIPT       : NoBuildZones
SCRIPT       : sakhal
SCRIPT       : EarPlugs
SCRIPT       : FireplaceIndoor
SCRIPT       : Flag80MeterRadius
SCRIPT       : GarbageSearch
SCRIPT       : GoreZ
SCRIPT       : Gos_nomer_Rusforma
SCRIPT       : HarksBloodPlague
SCRIPT       : HelziMagazineLoading_CLIENT
SCRIPT       : HelziMagazineLoading_SERVER
SCRIPT       : InediaInfectedAI
SCRIPT       : InventoryInCar
SCRIPT       : DZ_InventoryMoveSounds
SCRIPT       : JM_CommunityFramework
SCRIPT       : JunkYardDogV4
SCRIPT       : LoftDmodGR_scripts
SCRIPT       : MountsAndSights
SCRIPT       : PVEZ
SCRIPT       : RaG_Immersive_Wells
SCRIPT       : RealisticDisplayQuantity
SCRIPT       : RiriteoPlants
SCRIPT       : SIN_SearchInventory
SCRIPT       : ServerConfig_GS
SCRIPT       : ServerConfig_JD
SCRIPT       : STAG_Industries
SCRIPT       : StaminaRevised
SCRIPT       : Z_CfgMods_SuppPlus_O
SCRIPT       : Survivalists_Weapons_JMC
SCRIPT       : TerjeCore
SCRIPT       : TerjeMedicine
SCRIPT       : TerjePartyMod
SCRIPT       : TerjeSkills
SCRIPT       : TerjeSleepingBag
SCRIPT       : TerjeStartScreen
SCRIPT       : TWOC_CombineItems
SCRIPT       : Utopia_Airdrop_Public
SCRIPT       : Utopia_Airdrop_Public_Scripts
SCRIPT       : Utopia_Patrol_Helicopter_Scripts
SCRIPT       : Z_CfgMods_VanillaDoubleMag_O
SCRIPT       : AVPPAdminTools
SCRIPT       : DeerIsle_Weapons
SCRIPT       : WindstrideClothing
SCRIPT       : ZenTerritories
SCRIPT       : ZenUtilities
SCRIPT       : AlteriaScripts
SCRIPT       : ND_ammoMaking
SCRIPT       : MC_SYSTEM
SCRIPT       : DZ_Expansion_ModStorage
SCRIPT       : FOG_MOD
SCRIPT       : InediaTerjeCompatibility
SCRIPT       : rag_immersive_vehicles
SCRIPT       : rag_baseitems
SCRIPT       : SimpleLootChests
SCRIPT       : STAG_Clothing_6sh118
SCRIPT       : STAG_Clothing_ArmyBack
SCRIPT       : TerjeCompatibilityVPP
SCRIPT       : Utopia_Patrol_Helicopter_Public
SCRIPT       : A3_UI_F
SCRIPT       : artillery_tractor
SCRIPT       : AZLK_2141RF
SCRIPT       : azlk_400
SCRIPT       : BRDM2_RF
SCRIPT       : BTR_80
SCRIPT       : DZ_Expansion_Core
SCRIPT       : DZ_Expansion_NotificationScheduler
SCRIPT       : DZ_Expansion_VanillaFixes
SCRIPT       : dodge_power_wagonrus
SCRIPT       : F1_Pickup
SCRIPT       : FC_Fish_Equip
SCRIPT       : GAZ21_Volga
SCRIPT       : GAZ_12
SCRIPT       : GAZ_13_Chaika
SCRIPT       : Gaz_233002_Tiger
SCRIPT       : GAZ_3110_volga
SCRIPT       : GAZ_33081
SCRIPT       : gaz_51
SCRIPT       : Gaz_53RF
SCRIPT       : GAZ_66
SCRIPT       : GAZ_69_rus
SCRIPT       : GAZ_M20
SCRIPT       : HP_Crafter
SCRIPT       : IJ_2125_Kombi
SCRIPT       : ij_2715_RF
SCRIPT       : kamaz_4310RUS
SCRIPT       : KAVZ685_RF
SCRIPT       : KnockKnockZombies
SCRIPT       : kraz_255B
SCRIPT       : KubanG1
SCRIPT       : Niva2329
SCRIPT       : LIAZ_677RF
SCRIPT       : LoftDmodGR_Core
SCRIPT       : LoftdmodGR_Gear
SCRIPT       : LoftDmodGR_Military
SCRIPT       : LoftdmodGR_weapons
SCRIPT       : LUAZ_969
SCRIPT       : moskvich_407
SCRIPT       : MTLB_RF
SCRIPT       : Nomadbackpack_v3
SCRIPT       : PAZ_672
SCRIPT       : terjearmorfog
SCRIPT       : RaG_BaseBuilding
SCRIPT       : tractor_UMZ_RUS
SCRIPT       : UAZ_27722_mchs
SCRIPT       : UAZ_31519_Police
SCRIPT       : UAZ_3163
SCRIPT       : UAZ_3172
SCRIPT       : UAZ_33094
SCRIPT       : UAZ_3962
SCRIPT       : UAZ_469_army
SCRIPT       : UAZ_469_Hunter
SCRIPT       : UAZ_469_milicia
SCRIPT       : UAZ_Patrot_Pikap
SCRIPT       : URAL_375_1964
SCRIPT       : VAZ_2104RF
SCRIPT       : VAZ_2105_RUS
SCRIPT       : vaz_2106_RF
SCRIPT       : VAZ_2107RF
SCRIPT       : VAZ_21099R
SCRIPT       : VAZ_2109_RF
SCRIPT       : VBL
SCRIPT       : Volkswagen_Golf_RUS
SCRIPT       : ZAZ_965
SCRIPT       : ZAZ_968
SCRIPT       : ZAZ_968M
SCRIPT       : ZIL133_double
SCRIPT       : ZIL_130
SCRIPT       : ZIL_130_ac40
SCRIPT       : ZIL_131
SCRIPT       : ZIL_157_rus
SCRIPT       : IJ_2140_SL
SCRIPT       : bl_camp
SCRIPT       : CookZ
SCRIPT       : DZ_Expansion_AI
SCRIPT       : DayZ_Expansion_AI_Dynamic
SCRIPT       : LoftD_old_size
SCRIPT       : LoftDmodGR
SCRIPT       : LoftdmodGR_Bijouterie
SCRIPT       : LoftDmodGR_Civilian
SCRIPT       : AIWarZones
SCRIPT       : PVEZ :: Will use config files in profiles
SCRIPT       : [CookZ] Successfully loaded configuration.
SCRIPT       : [Server_Config_GarbageSearch]- 	Checking For Config Files
SCRIPT       : [Server_Config_GarbageSearch]- 	Found Config Files!
SCRIPT       : [Server_Config_JunkYardDog]- 	Checking For Config Files
SCRIPT       : [Server_Config_JunkYardDog]- 	Found Config Files!
SCRIPT       : [MissionServer] OnInit - Server
SCRIPT       : [AYSA] [KNOCK KNOCK ZOMBIES] 
SCRIPT       : [AYSA] ----- Loading cfg -----
SCRIPT       : [AYSA] --------------
SCRIPT       : [AYSA] [KNOCK KNOCK ZOMBIES] enabled
SCRIPT       : [AYSA] --------------
SCRIPT       : [BLCraftables] OnInit
SCRIPT       : [BLCraftables] --- Loading Config.
SCRIPT       : [AYSA] [AI WAR ZONES] 
SCRIPT       : [AYSA] ----- Loading cfg -----
SCRIPT       : [AYSA] [AI WAR ZONES] --> config loaded, zone count: 5
SCRIPT       : [AYSA] [AI WAR ZONES] --> Zone[0]: The Raid near Old Castle
SCRIPT       : [AYSA] [AI WAR ZONES] --> Zone[1]: The Fight For Control - Airfield
SCRIPT       : [AYSA] [AI WAR ZONES] --> Zone[2]: The Fight For Control - Airfield
SCRIPT       : [AYSA] [AI WAR ZONES] --> Zone[3]: The Fight For Control - South Port
SCRIPT       : [AYSA] [AI WAR ZONES] --> Zone[4]: The Fight For Control - South Port
SCRIPT       : Harks Blood Plague Mod Loaded....
SCRIPT       : [MissionServer] OnMissionStart - Server
SCRIPT       : string dirtyName = '[AU]ProjectGenesis|Alteria|PVE|AI|Skills|HardcoreSurvival'
SCRIPT       : [TERJE CORE](INFO): TERJE_STORAGE_VERSION = 1
SCRIPT       : [ZenTerritories] m_TerritoryOwner: R5KkZb3Ywicboa8ntCzbBJK6WLpakj_6yA-ghmDo4lw= Pos: <5233.220215, 1.711412, 2275.446045>
SCRIPT       : Found 0 zones!
SCRIPT       : [ZenTerritories] OnInit
SCRIPT       : [ZenTerritories] Loading Config
SCRIPT       : [JunkYardDog] -- Adding Salvage Point to <Land_Wreck_Uaz<2efc3950>> at Pos <<1814.896729, 47.846394, 1855.345825>>
SCRIPT       : [JunkYardDog] -- Adding Fuel Point to <Land_Wreck_Uaz<2efc3950>> at Pos <<1814.896729, 47.846394, 1855.345825>>
SCRIPT       : [JunkYardDog] -- Adding Salvage Point to <Static_Wreck_HMMWV<12e85b00>> at Pos <<1697.339966, 88.297104, 2611.963379>>
SCRIPT       : [JunkYardDog] -- Adding Fuel Point to <Static_Wreck_HMMWV<12e85b00>> at Pos <<1697.339966, 88.297104, 2611.963379>>
SCRIPT       : [JunkYardDog] -- Adding Salvage Point to <Land_Wreck_V3S<2f691dc0>> at Pos <<1760.091797, 15.003111, 5044.011230>>
SCRIPT       : [JunkYardDog] -- Adding Fuel Point to <Land_Wreck_V3S<2f691dc0>> at Pos <<1760.091797, 15.003111, 5044.011230>>
SCRIPT       : [JunkYardDog] -- Adding Salvage Point to <Land_Wreck_V3S<2f694200>> at Pos <<3160.910889, 7.198166, 4496.506348>>
SCRIPT       : [JunkYardDog] -- Adding Fuel Point to <Land_Wreck_V3S<2f694200>> at Pos <<3160.910889, 7.198166, 4496.506348>>
SCRIPT       : [JunkYardDog] -- Adding Salvage Point to <Land_Wreck_hb02_aban1_black<2f68f980>> at Pos <<6883.059570, 15.321736, 6087.863770>>
SCRIPT       : [JunkYardDog] -- Adding Fuel Point to <Land_Wreck_hb02_aban1_black<2f68f980>> at Pos <<6883.059570, 15.321736, 6087.863770>>
SCRIPT       : [JunkYardDog] -- Adding Salvage Point to <Land_Wreck_Uaz<2f695420>> at Pos <<6896.333496, 15.399146, 6088.336914>>
SCRIPT       : [JunkYardDog] -- Adding Fuel Point to <Land_Wreck_Uaz<2f695420>> at Pos <<6896.333496, 15.399146, 6088.336914>>
SCRIPT       : [JunkYardDog] -- Adding Salvage Point to <Land_Wreck_sed01_aban2_wine<2f698170>> at Pos <<7011.321777, 16.946186, 6075.348633>>
SCRIPT       : [JunkYardDog] -- Adding Fuel Point to <Land_Wreck_sed01_aban2_wine<2f698170>> at Pos <<7011.321777, 16.946186, 6075.348633>>
SCRIPT       : [JunkYardDog] -- Adding Salvage Point to <Static_Wreck_Ural<4e0f5140>> at Pos <<7113.122070, 19.225021, 6048.750488>>
SCRIPT       : [JunkYardDog] -- Adding Fuel Point to <Static_Wreck_Ural<4e0f5140>> at Pos <<7113.122070, 19.225021, 6048.750488>>
SCRIPT       : [JunkYardDog] -- Adding Salvage Point to <Land_Wreck_hb02_aban2_red<6c12760>> at Pos <<1976.034668, 6.554251, 7844.901855>>
SCRIPT       : [JunkYardDog] -- Adding Fuel Point to <Land_Wreck_hb02_aban2_red<6c12760>> at Pos <<1976.034668, 6.554251, 7844.901855>>
SCRIPT       : [JunkYardDog] -- Adding Salvage Point to <Land_Wreck_sed01_aban2_black<6c154b0>> at Pos <<1947.163818, 6.290183, 7808.579102>>
SCRIPT       : [JunkYardDog] -- Adding Fuel Point to <Land_Wreck_sed01_aban2_black<6c154b0>> at Pos <<1947.163818, 6.290183, 7808.579102>>
SCRIPT       : [JunkYardDog] -- Adding Salvage Point to <Land_Wreck_S1023_Beige<6c0fa10>> at Pos <<2791.882324, 6.218272, 7433.123047>>
SCRIPT       : [JunkYardDog] -- Adding Fuel Point to <Land_Wreck_S1023_Beige<6c0fa10>> at Pos <<2791.882324, 6.218272, 7433.123047>>
SCRIPT       : [JunkYardDog] -- Adding Salvage Point to <Land_Wreck_hb01_aban2_green<2cfddbd0>> at Pos <<2896.056641, 7.388596, 6878.918945>>
SCRIPT       : [JunkYardDog] -- Adding Fuel Point to <Land_Wreck_hb01_aban2_green<2cfddbd0>> at Pos <<2896.056641, 7.388596, 6878.918945>>
SCRIPT       : [JunkYardDog] -- Adding Salvage Point to <Land_Wreck_sed02_aban1_yellow<34cc1740>> at Pos <<3670.598145, 5.501119, 5980.184570>>
SCRIPT       : [JunkYardDog] -- Adding Fuel Point to <Land_Wreck_sed02_aban1_yellow<34cc1740>> at Pos <<3670.598145, 5.501119, 5980.184570>>
SCRIPT       : [JunkYardDog] -- Adding Salvage Point to <Land_Wreck_hb02_aban1_red<34cc56b0>> at Pos <<3710.982910, 5.399823, 5967.517090>>
SCRIPT       : [JunkYardDog] -- Adding Fuel Point to <Land_Wreck_hb02_aban1_red<34cc56b0>> at Pos <<3710.982910, 5.399823, 5967.517090>>
SCRIPT       : [JunkYardDog] -- Adding Salvage Point to <Land_Wreck_sed02_aban2_grey<34cbe0e0>> at Pos <<3704.370850, 5.298825, 5967.125977>>
SCRIPT       : [JunkYardDog] -- Adding Fuel Point to <Land_Wreck_sed02_aban2_grey<34cbe0e0>> at Pos <<3704.370850, 5.298825, 5967.125977>>
SCRIPT       : [JunkYardDog] -- Adding Salvage Point to <Land_Wreck_hb01_aban1_white<34cc71e0>> at Pos <<3718.048340, 5.701993, 5982.363770>>
SCRIPT       : [JunkYardDog] -- Adding Fuel Point to <Land_Wreck_hb01_aban1_white<34cc71e0>> at Pos <<3718.048340, 5.701993, 5982.363770>>
SCRIPT       : [JunkYardDog] -- Adding Salvage Point to <Land_Wreck_hb02_aban2_blue<34cc3270>> at Pos <<3730.879639, 5.343723, 5957.966797>>
SCRIPT       : [JunkYardDog] -- Adding Fuel Point to <Land_Wreck_hb02_aban2_blue<34cc3270>> at Pos <<3730.879639, 5.343723, 5957.966797>>
SCRIPT       : [JunkYardDog] -- Adding Salvage Point to <Land_Wreck_sed01_aban2_black<34cc8400>> at Pos <<3726.789063, 5.393321, 5967.372559>>
SCRIPT       : [JunkYardDog] -- Adding Fuel Point to <Land_Wreck_sed01_aban2_black<34cc8400>> at Pos <<3726.789063, 5.393321, 5967.372559>>
SCRIPT       : [JunkYardDog] -- Adding Salvage Point to <Land_Wreck_hb01_aban2_white<34cce7b0>> at Pos <<3717.579346, 5.570747, 5967.956055>>
SCRIPT       : [JunkYardDog] -- Adding Fuel Point to <Land_Wreck_hb01_aban2_white<34cce7b0>> at Pos <<3717.579346, 5.570747, 5967.956055>>
SCRIPT       : [JunkYardDog] -- Adding Salvage Point to <Land_Wreck_sed02_aban2_yellow<34ccba60>> at Pos <<3746.791504, 5.305369, 5981.353516>>
SCRIPT       : [JunkYardDog] -- Adding Fuel Point to <Land_Wreck_sed02_aban2_yellow<34ccba60>> at Pos <<3746.791504, 5.305369, 5981.353516>>
SCRIPT       : [JunkYardDog] -- Adding Salvage Point to <Land_Wreck_hb01_aban1_green<34cccc80>> at Pos <<3764.350586, 5.721992, 5983.160156>>
SCRIPT       : [JunkYardDog] -- Adding Fuel Point to <Land_Wreck_hb01_aban1_green<34cccc80>> at Pos <<3764.350586, 5.721992, 5983.160156>>
SCRIPT       : m_LoginTimeMs: 4200
SCRIPT       : [JunkYardDog] -- Adding Salvage Point to <Land_wreck_truck01_aban1_green<571beea0>> at Pos <<1686.831543, 30.821169, 4812.258789>>
SCRIPT       : [JunkYardDog] -- Adding Fuel Point to <Land_wreck_truck01_aban1_green<571beea0>> at Pos <<1686.831543, 30.821169, 4812.258789>>
SCRIPT       : [JunkYardDog] -- Adding Salvage Point to <Static_Wreck_Ural<85b62ea0>> at Pos <<1501.529541, 16.757549, 516.901611>>
SCRIPT       : [JunkYardDog] -- Adding Fuel Point to <Static_Wreck_Ural<85b62ea0>> at Pos <<1501.529541, 16.757549, 516.901611>>
SCRIPT       : [JunkYardDog] -- Adding Salvage Point to <Static_Wreck_Ural<85b8d8d0>> at Pos <<1549.478271, 16.757874, 535.082153>>
SCRIPT       : [JunkYardDog] -- Adding Fuel Point to <Static_Wreck_Ural<85b8d8d0>> at Pos <<1549.478271, 16.757874, 535.082153>>
SCRIPT       : [JunkYardDog] -- Adding Salvage Point to <Land_Wreck_sed02_aban1_yellow<866755b0>> at Pos <<1989.433228, 16.431118, 596.317505>>
SCRIPT       : [JunkYardDog] -- Adding Fuel Point to <Land_Wreck_sed02_aban1_yellow<866755b0>> at Pos <<1989.433228, 16.431118, 596.317505>>
SCRIPT       : [JunkYardDog] -- Adding Salvage Point to <Land_wreck_truck01_aban1_green<86681d10>> at Pos <<1951.740967, 15.570000, 541.459717>>
SCRIPT       : [JunkYardDog] -- Adding Fuel Point to <Land_wreck_truck01_aban1_green<86681d10>> at Pos <<1951.740967, 15.570000, 541.459717>>
SCRIPT       : [JunkYardDog] -- Adding Salvage Point to <Land_wreck_truck01_aban1_green<86682f30>> at Pos <<1949.478638, 15.570000, 534.974060>>
SCRIPT       : [JunkYardDog] -- Adding Fuel Point to <Land_wreck_truck01_aban1_green<86682f30>> at Pos <<1949.478638, 15.570000, 534.974060>>
SCRIPT       : [JunkYardDog] -- Adding Salvage Point to <Land_wreck_truck01_aban1_green<86686ea0>> at Pos <<1950.984375, 15.570000, 565.505493>>
SCRIPT       : [JunkYardDog] -- Adding Fuel Point to <Land_wreck_truck01_aban1_green<86686ea0>> at Pos <<1950.984375, 15.570000, 565.505493>>
SCRIPT       : [JunkYardDog] -- Adding Salvage Point to <Land_wreck_truck01_aban1_green<866a3cd0>> at Pos <<1665.755493, 39.062275, 4618.176758>>
SCRIPT       : [JunkYardDog] -- Adding Fuel Point to <Land_wreck_truck01_aban1_green<866a3cd0>> at Pos <<1665.755493, 39.062275, 4618.176758>>
SCRIPT       : [JunkYardDog] -- Adding Salvage Point to <Land_Wreck_hb01_aban2_green<88172e30>> at Pos <<3025.418213, 21.086571, 3921.352783>>
SCRIPT       : [JunkYardDog] -- Adding Fuel Point to <Land_Wreck_hb01_aban2_green<88172e30>> at Pos <<3025.418213, 21.086571, 3921.352783>>
SCRIPT       : [JunkYardDog] -- Adding Salvage Point to <Land_Wreck_hb02_aban1_blue<88174960>> at Pos <<1688.455688, 16.329824, 480.802277>>
SCRIPT       : [JunkYardDog] -- Adding Fuel Point to <Land_Wreck_hb02_aban1_blue<88174960>> at Pos <<1688.455688, 16.329824, 480.802277>>
SCRIPT       : [JunkYardDog] -- Adding Salvage Point to <Static_Wreck_Ural<86b12080>> at Pos <<1668.968018, 16.757513, 497.385315>>
SCRIPT       : [JunkYardDog] -- Adding Fuel Point to <Static_Wreck_Ural<86b12080>> at Pos <<1668.968018, 16.757513, 497.385315>>
SCRIPT       : [JunkYardDog] -- Adding Salvage Point to <Land_Wreck_Volha_Blue<881791e0>> at Pos <<1671.799683, 16.306944, 480.475220>>
SCRIPT       : [JunkYardDog] -- Adding Fuel Point to <Land_Wreck_Volha_Blue<881791e0>> at Pos <<1671.799683, 16.306944, 480.475220>>
SCRIPT       : [JunkYardDog] -- Adding Salvage Point to <Land_Wreck_hb02_aban1_blue<8819a890>> at Pos <<1706.661011, 16.467388, 584.272339>>
SCRIPT       : [JunkYardDog] -- Adding Fuel Point to <Land_Wreck_hb02_aban1_blue<8819a890>> at Pos <<1706.661011, 16.467388, 584.272339>>
SCRIPT       : [JunkYardDog] -- Adding Salvage Point to <Land_Wreck_sed02_aban2_grey<881a3080>> at Pos <<1732.411377, 16.228823, 480.561371>>
SCRIPT       : [JunkYardDog] -- Adding Fuel Point to <Land_Wreck_sed02_aban2_grey<881a3080>> at Pos <<1732.411377, 16.228823, 480.561371>>
SCRIPT       : [JunkYardDog] -- Adding Salvage Point to <Land_Wreck_Uaz<881a3990>> at Pos <<1741.055786, 16.413185, 480.586029>>
SCRIPT       : [JunkYardDog] -- Adding Fuel Point to <Land_Wreck_Uaz<881a3990>> at Pos <<1741.055786, 16.413185, 480.586029>>
SCRIPT       : [JunkYardDog] -- Adding Salvage Point to <Static_Wreck_Ural<86b0d430>> at Pos <<1733.008667, 16.757515, 623.392273>>
SCRIPT       : [JunkYardDog] -- Adding Fuel Point to <Static_Wreck_Ural<86b0d430>> at Pos <<1733.008667, 16.757515, 623.392273>>
SCRIPT       : [JunkYardDog] -- Adding Salvage Point to <Land_Wreck_S1023_Blue<8cdcb170>> at Pos <<1848.766968, 16.569132, 560.243225>>
SCRIPT       : [JunkYardDog] -- Adding Fuel Point to <Land_Wreck_S1023_Blue<8cdcb170>> at Pos <<1848.766968, 16.569132, 560.243225>>
SCRIPT       : [JunkYardDog] -- Adding Salvage Point to <Land_Wreck_Volha_Grey<8cdc7b10>> at Pos <<1848.792603, 16.306944, 568.316406>>
SCRIPT       : [JunkYardDog] -- Adding Fuel Point to <Land_Wreck_Volha_Grey<8cdc7b10>> at Pos <<1848.792603, 16.306944, 568.316406>>
SCRIPT       : [JunkYardDog] -- Adding Salvage Point to <Land_Wreck_sed02_aban2_red<8cdc44b0>> at Pos <<1848.998047, 16.228825, 597.822449>>
SCRIPT       : [JunkYardDog] -- Adding Fuel Point to <Land_Wreck_sed02_aban2_red<8cdc44b0>> at Pos <<1848.998047, 16.228825, 597.822449>>
SCRIPT       : [JunkYardDog] -- Adding Salvage Point to <Land_Wreck_sed01_aban1_wine<8cdcba80>> at Pos <<1848.904419, 16.321630, 585.401611>>
SCRIPT       : [JunkYardDog] -- Adding Fuel Point to <Land_Wreck_sed01_aban1_wine<8cdcba80>> at Pos <<1848.904419, 16.321630, 585.401611>>
SCRIPT       : [JunkYardDog] -- Adding Salvage Point to <Land_wreck_truck01_aban1_blue<8cdd1e30>> at Pos <<1879.825684, 15.570000, 562.539124>>
SCRIPT       : [JunkYardDog] -- Adding Fuel Point to <Land_wreck_truck01_aban1_blue<8cdd1e30>> at Pos <<1879.825684, 15.570000, 562.539124>>
SCRIPT       : [JunkYardDog] -- Adding Salvage Point to <Land_Wreck_sed01_aban1_wine<8cdce7d0>> at Pos <<1880.404297, 16.321630, 570.355286>>
SCRIPT       : [JunkYardDog] -- Adding Fuel Point to <Land_Wreck_sed01_aban1_wine<8cdce7d0>> at Pos <<1880.404297, 16.321630, 570.355286>>
SCRIPT       : [JunkYardDog] -- Adding Salvage Point to <Land_Wreck_S1023_Beige<8cdd1520>> at Pos <<1859.809692, 16.569132, 568.488342>>
SCRIPT       : [JunkYardDog] -- Adding Fuel Point to <Land_Wreck_S1023_Beige<8cdd1520>> at Pos <<1859.809692, 16.569132, 568.488342>>
SCRIPT       : [JunkYardDog] -- Adding Salvage Point to <Land_Wreck_hb02_aban2_red<8cdcf0e0>> at Pos <<1880.867188, 16.273724, 604.823730>>
SCRIPT       : [JunkYardDog] -- Adding Fuel Point to <Land_Wreck_hb02_aban2_red<8cdcf0e0>> at Pos <<1880.867188, 16.273724, 604.823730>>
SCRIPT       : [JunkYardDog] -- Adding Salvage Point to <Land_Wreck_S1023_Beige<8cdccca0>> at Pos <<1881.052734, 16.569134, 600.557434>>
SCRIPT       : [JunkYardDog] -- Adding Fuel Point to <Land_Wreck_S1023_Beige<8cdccca0>> at Pos <<1881.052734, 16.569134, 600.557434>>
SCRIPT       : [JunkYardDog] -- Adding Salvage Point to <Land_Wreck_sed01_aban1_white<8cdcf9f0>> at Pos <<1859.194214, 16.321630, 597.628418>>
SCRIPT       : [JunkYardDog] -- Adding Fuel Point to <Land_Wreck_sed01_aban1_white<8cdcf9f0>> at Pos <<1859.194214, 16.321630, 597.628418>>
SCRIPT       : [JunkYardDog] -- Adding Salvage Point to <Land_Wreck_hb02_aban1_blue<8cdd4b80>> at Pos <<1881.339844, 16.329824, 580.130371>>
SCRIPT       : [JunkYardDog] -- Adding Fuel Point to <Land_Wreck_hb02_aban1_blue<8cdd4b80>> at Pos <<1881.339844, 16.329824, 580.130371>>
SCRIPT       : [JunkYardDog] -- Adding Salvage Point to <Land_Wreck_sed02_aban1_yellow<8cdd0300>> at Pos <<1880.414917, 16.431118, 587.603455>>
SCRIPT       : [JunkYardDog] -- Adding Fuel Point to <Land_Wreck_sed02_aban1_yellow<8cdd0300>> at Pos <<1880.414917, 16.431118, 587.603455>>
SCRIPT       : [JunkYardDog] -- Adding Salvage Point to <Land_Wreck_hb01_aban1_green<8cdd0c10>> at Pos <<1859.670532, 16.631992, 580.999573>>
SCRIPT       : [JunkYardDog] -- Adding Fuel Point to <Land_Wreck_hb01_aban1_green<8cdd0c10>> at Pos <<1859.670532, 16.631992, 580.999573>>
SCRIPT       : [JunkYardDog] -- Adding Salvage Point to <Land_Wreck_S1023_Beige<8cdd8af0>> at Pos <<4342.959473, 16.699135, 7686.888184>>
SCRIPT       : [JunkYardDog] -- Adding Fuel Point to <Land_Wreck_S1023_Beige<8cdd8af0>> at Pos <<4342.959473, 16.699135, 7686.888184>>
SCRIPT       : [JunkYardDog] -- Adding Salvage Point to <Land_Wreck_S1023_Blue<8cde7690>> at Pos <<1670.615234, 41.600445, 4123.250000>>
SCRIPT       : [JunkYardDog] -- Adding Fuel Point to <Land_Wreck_S1023_Blue<8cde7690>> at Pos <<1670.615234, 41.600445, 4123.250000>>
SCRIPT       : [JunkYardDog] -- Adding Salvage Point to <Land_Wreck_Volha_Blue<8cdea3e0>> at Pos <<1666.640259, 41.282852, 4115.409668>>
SCRIPT       : [JunkYardDog] -- Adding Fuel Point to <Land_Wreck_Volha_Blue<8cdea3e0>> at Pos <<1666.640259, 41.282852, 4115.409668>>
SCRIPT       : [JunkYardDog] -- Adding Salvage Point to <Land_Wreck_sed01_aban1_white<8cde91c0>> at Pos <<6012.516602, 24.455217, 5470.475586>>
SCRIPT       : [JunkYardDog] -- Adding Fuel Point to <Land_Wreck_sed01_aban1_white<8cde91c0>> at Pos <<6012.516602, 24.455217, 5470.475586>>
SCRIPT       : [JunkYardDog] -- Adding Salvage Point to <Land_Wreck_sed02_aban1_yellow<8cdf3df0>> at Pos <<6008.644531, 24.550007, 5463.108398>>
SCRIPT       : [JunkYardDog] -- Adding Fuel Point to <Land_Wreck_sed02_aban1_yellow<8cdf3df0>> at Pos <<6008.644531, 24.550007, 5463.108398>>
SCRIPT       : [JunkYardDog] -- Adding Salvage Point to <Static_Wreck_Ural<8ef78c90>> at Pos <<6004.302246, 24.841185, 5455.141602>>
SCRIPT       : [JunkYardDog] -- Adding Fuel Point to <Static_Wreck_Ural<8ef78c90>> at Pos <<6004.302246, 24.841185, 5455.141602>>
SCRIPT       : [JunkYardDog] -- Adding Salvage Point to <Land_Wreck_hb02_aban1_black<8cdf5920>> at Pos <<6000.286621, 24.440308, 5447.590820>>
SCRIPT       : [JunkYardDog] -- Adding Fuel Point to <Land_Wreck_hb02_aban1_black<8cdf5920>> at Pos <<6000.286621, 24.440308, 5447.590820>>
SCRIPT       : [JunkYardDog] -- Adding Salvage Point to <Land_Wreck_sed01_aban2_wine<8cdf6b40>> at Pos <<6024.617676, 24.452433, 5494.664551>>
SCRIPT       : [JunkYardDog] -- Adding Fuel Point to <Land_Wreck_sed01_aban2_wine<8cdf6b40>> at Pos <<6024.617676, 24.452433, 5494.664551>>
SCRIPT       : [JunkYardDog] -- Adding Salvage Point to <Land_Wreck_V3S<8cdf22c0>> at Pos <<6020.064941, 25.304041, 5485.865723>>
SCRIPT       : [JunkYardDog] -- Adding Fuel Point to <Land_Wreck_V3S<8cdf22c0>> at Pos <<6020.064941, 25.304041, 5485.865723>>
SCRIPT       : [JunkYardDog] -- Adding Salvage Point to <Land_Wreck_S1023_Beige<8cdf5010>> at Pos <<6901.242188, 63.029224, 770.589783>>
SCRIPT       : [JunkYardDog] -- Adding Fuel Point to <Land_Wreck_S1023_Beige<8cdf5010>> at Pos <<6901.242188, 63.029224, 770.589783>>
SCRIPT       : [JunkYardDog] -- Adding Salvage Point to <Land_wreck_truck01_aban1_green<8cdfaab0>> at Pos <<6938.732910, 62.848179, 826.030762>>
SCRIPT       : [JunkYardDog] -- Adding Fuel Point to <Land_wreck_truck01_aban1_green<8cdfaab0>> at Pos <<6938.732910, 62.848179, 826.030762>>
SCRIPT       : [JunkYardDog] -- Adding Salvage Point to <Land_Wreck_S1023_Beige<8ce02080>> at Pos <<2697.089355, 40.161888, 832.960876>>
SCRIPT       : [JunkYardDog] -- Adding Fuel Point to <Land_Wreck_S1023_Beige<8ce02080>> at Pos <<2697.089355, 40.161888, 832.960876>>
SCRIPT       : [JunkYardDog] -- Adding Salvage Point to <Land_wreck_truck01_aban1_green<8e6d9640>> at Pos <<4906.489258, 47.592056, 1368.065063>>
SCRIPT       : [JunkYardDog] -- Adding Fuel Point to <Land_wreck_truck01_aban1_green<8e6d9640>> at Pos <<4906.489258, 47.592056, 1368.065063>>
SCRIPT       : [AYSA] [AI WAR ZONES] ---> Found some leftovers, cleaning up
SCRIPT       : [AYSA] [AI WAR ZONES] ---> Found some leftovers, cleaning up
SCRIPT       : [JunkYardDog] -- Adding Salvage Point to <Land_Wreck_S1023_Beige<8e6ec150>> at Pos <<5280.324219, 32.462055, 1537.559448>>
SCRIPT       : [JunkYardDog] -- Adding Fuel Point to <Land_Wreck_S1023_Beige<8e6ec150>> at Pos <<5280.324219, 32.462055, 1537.559448>>
SCRIPT       : [JunkYardDog] -- Adding Salvage Point to <Land_wreck_truck01_aban1_green<8e6fbf10>> at Pos <<4823.355957, 47.369293, 1582.841309>>
SCRIPT       : [JunkYardDog] -- Adding Fuel Point to <Land_wreck_truck01_aban1_green<8e6fbf10>> at Pos <<4823.355957, 47.369293, 1582.841309>>
SCRIPT       : [JunkYardDog] -- Adding Salvage Point to <Static_Wreck_Digger<91d10600>> at Pos <<7694.031250, 29.286938, 1846.319824>>
SCRIPT       : [JunkYardDog] -- Adding Fuel Point to <Static_Wreck_Digger<91d10600>> at Pos <<7694.031250, 29.286938, 1846.319824>>
SCRIPT       : [JunkYardDog] -- Adding Salvage Point to <Land_wreck_truck01_aban1_green<8e707d60>> at Pos <<7748.199219, 26.130013, 1923.807251>>
SCRIPT       : [JunkYardDog] -- Adding Fuel Point to <Land_wreck_truck01_aban1_green<8e707d60>> at Pos <<7748.199219, 26.130013, 1923.807251>>
SCRIPT       : [JunkYardDog] -- Adding Salvage Point to <Land_Wreck_S1023_Beige<8e710550>> at Pos <<426.902954, 6.441785, 1870.071045>>
SCRIPT       : [JunkYardDog] -- Adding Fuel Point to <Land_Wreck_S1023_Beige<8e710550>> at Pos <<426.902954, 6.441785, 1870.071045>>
SCRIPT       : [JunkYardDog] -- Adding Salvage Point to <Land_wreck_truck01_aban2_blue<8e70ea20>> at Pos <<7791.678711, 26.130449, 1949.849731>>
SCRIPT       : [JunkYardDog] -- Adding Fuel Point to <Land_wreck_truck01_aban2_blue<8e70ea20>> at Pos <<7791.678711, 26.130449, 1949.849731>>
SCRIPT       : [JunkYardDog] -- Adding Salvage Point to <Land_Wreck_S1023_Blue<91cb8d30>> at Pos <<4808.064941, 7.218830, 2253.822998>>
SCRIPT       : [JunkYardDog] -- Adding Fuel Point to <Land_Wreck_S1023_Blue<91cb8d30>> at Pos <<4808.064941, 7.218830, 2253.822998>>
SCRIPT       : [JunkYardDog] -- Adding Salvage Point to <Land_Wreck_S1023_Beige<91cbd5b0>> at Pos <<4818.394531, 7.304060, 2244.533203>>
SCRIPT       : [JunkYardDog] -- Adding Fuel Point to <Land_Wreck_S1023_Beige<91cbd5b0>> at Pos <<4818.394531, 7.304060, 2244.533203>>
SCRIPT       : [JunkYardDog] -- Adding Salvage Point to <Land_wreck_truck01_aban1_green<92e51960>> at Pos <<2716.936279, 109.670647, 2403.360107>>
SCRIPT       : [JunkYardDog] -- Adding Fuel Point to <Land_wreck_truck01_aban1_green<92e51960>> at Pos <<2716.936279, 109.670647, 2403.360107>>
SCRIPT       : [JunkYardDog] -- Adding Salvage Point to <Land_Wreck_V3S<92e558d0>> at Pos <<1635.956421, 88.992935, 2613.975098>>
SCRIPT       : [JunkYardDog] -- Adding Fuel Point to <Land_Wreck_V3S<92e558d0>> at Pos <<1635.956421, 88.992935, 2613.975098>>
SCRIPT       : [JunkYardDog] -- Adding Salvage Point to <Land_Wreck_S1023_Blue<92e5f2e0>> at Pos <<4260.895020, 6.965225, 2608.278809>>
SCRIPT       : [JunkYardDog] -- Adding Fuel Point to <Land_Wreck_S1023_Blue<92e5f2e0>> at Pos <<4260.895020, 6.965225, 2608.278809>>
SCRIPT       : [JunkYardDog] -- Adding Salvage Point to <Land_Wreck_S1023_Beige<92e668b0>> at Pos <<4296.479492, 6.999133, 2565.476074>>
SCRIPT       : [JunkYardDog] -- Adding Fuel Point to <Land_Wreck_S1023_Beige<92e668b0>> at Pos <<4296.479492, 6.999133, 2565.476074>>
SCRIPT       : [JunkYardDog] -- Adding Salvage Point to <Land_Wreck_sed01_aban1_wine<92e69600>> at Pos <<4122.398438, 9.277096, 2768.378906>>
SCRIPT       : [JunkYardDog] -- Adding Fuel Point to <Land_Wreck_sed01_aban1_wine<92e69600>> at Pos <<4122.398438, 9.277096, 2768.378906>>
SCRIPT       : [JunkYardDog] -- Adding Salvage Point to <Land_wreck_truck01_aban1_green<92e75450>> at Pos <<1934.232788, 54.828510, 2858.422119>>
SCRIPT       : [JunkYardDog] -- Adding Fuel Point to <Land_wreck_truck01_aban1_green<92e75450>> at Pos <<1934.232788, 54.828510, 2858.422119>>
SCRIPT       : [JunkYardDog] -- Adding Salvage Point to <Land_wreck_truck01_aban1_green<92e7dc40>> at Pos <<1920.850708, 54.800152, 2904.254150>>
SCRIPT       : [JunkYardDog] -- Adding Fuel Point to <Land_wreck_truck01_aban1_green<92e7dc40>> at Pos <<1920.850708, 54.800152, 2904.254150>>
SCRIPT       : [JunkYardDog] -- Adding Salvage Point to <Static_Wreck_S120_Red<9547a6a0>> at Pos <<1939.939331, 55.382698, 2938.134766>>
SCRIPT       : [JunkYardDog] -- Adding Fuel Point to <Static_Wreck_S120_Red<9547a6a0>> at Pos <<1939.939331, 55.382698, 2938.134766>>
SCRIPT       : [JunkYardDog] -- Adding Salvage Point to <Land_Wreck_S1023_Beige<92e7e550>> at Pos <<1930.298584, 55.799137, 2934.709229>>
SCRIPT       : [JunkYardDog] -- Adding Fuel Point to <Land_Wreck_S1023_Beige<92e7e550>> at Pos <<1930.298584, 55.799137, 2934.709229>>
SCRIPT       : [JunkYardDog] -- Adding Salvage Point to <Land_Wreck_Volha_Grey<92e7f770>> at Pos <<1930.070190, 55.536770, 2922.758789>>
SCRIPT       : [JunkYardDog] -- Adding Fuel Point to <Land_Wreck_Volha_Grey<92e7f770>> at Pos <<1930.070190, 55.536770, 2922.758789>>
SCRIPT       : [JunkYardDog] -- Adding Salvage Point to <Land_Wreck_sed02_aban1_red<92e78ab0>> at Pos <<1944.047974, 55.661205, 2940.372803>>
SCRIPT       : [JunkYardDog] -- Adding Fuel Point to <Land_Wreck_sed02_aban1_red<92e78ab0>> at Pos <<1944.047974, 55.661205, 2940.372803>>
SCRIPT       : [JunkYardDog] -- Adding Salvage Point to <Land_Wreck_Volha_Blue<97a686d0>> at Pos <<1980.411499, 55.572750, 2853.582520>>
SCRIPT       : [JunkYardDog] -- Adding Fuel Point to <Land_Wreck_Volha_Blue<97a686d0>> at Pos <<1980.411499, 55.572750, 2853.582520>>
SCRIPT       : [JunkYardDog] -- Adding Salvage Point to <Land_Wreck_S1023_Blue<97a65980>> at Pos <<1953.849731, 55.799133, 2932.054688>>
SCRIPT       : [JunkYardDog] -- Adding Fuel Point to <Land_Wreck_S1023_Blue<97a65980>> at Pos <<1953.849731, 55.799133, 2932.054688>>
SCRIPT       : [JunkYardDog] -- Adding Salvage Point to <Land_Wreck_sed01_aban1_black<97a6d860>> at Pos <<2035.736328, 55.551632, 2929.536377>>
SCRIPT       : [JunkYardDog] -- Adding Fuel Point to <Land_Wreck_sed01_aban1_black<97a6d860>> at Pos <<2035.736328, 55.551632, 2929.536377>>
SCRIPT       : [JunkYardDog] -- Adding Salvage Point to <Land_Wreck_Lada_Green<97a70ec0>> at Pos <<991.004639, 21.115660, 2841.323975>>
SCRIPT       : [JunkYardDog] -- Adding Fuel Point to <Land_Wreck_Lada_Green<97a70ec0>> at Pos <<991.004639, 21.115660, 2841.323975>>
SCRIPT       : [JunkYardDog] -- Adding Salvage Point to <Land_wreck_truck01_aban2_green<97a78490>> at Pos <<1990.463745, 54.799999, 2950.553223>>
SCRIPT       : [JunkYardDog] -- Adding Fuel Point to <Land_wreck_truck01_aban2_green<97a78490>> at Pos <<1990.463745, 54.799999, 2950.553223>>
SCRIPT       : [JunkYardDog] -- Adding Salvage Point to <Land_Wreck_hb01_aban1_blue<97a7fa60>> at Pos <<2043.501099, 55.861992, 3065.846924>>
SCRIPT       : [JunkYardDog] -- Adding Fuel Point to <Land_Wreck_hb01_aban1_blue<97a7fa60>> at Pos <<2043.501099, 55.861992, 3065.846924>>
SCRIPT       : [JunkYardDog] -- Adding Salvage Point to <Land_Wreck_sed01_aban2_wine<97a7baf0>> at Pos <<2450.893066, 55.553318, 3067.573486>>
SCRIPT       : [JunkYardDog] -- Adding Fuel Point to <Land_Wreck_sed01_aban2_wine<97a7baf0>> at Pos <<2450.893066, 55.553318, 3067.573486>>
SCRIPT       : [JunkYardDog] -- Adding Salvage Point to <Static_Wreck_S120_Red<977d3f00>> at Pos <<2498.068848, 55.382694, 3054.574707>>
SCRIPT       : [JunkYardDog] -- Adding Fuel Point to <Static_Wreck_S120_Red<977d3f00>> at Pos <<2498.068848, 55.382694, 3054.574707>>
SCRIPT       : [JunkYardDog] -- Adding Salvage Point to <Land_wreck_truck01_aban1_blue<97a91c60>> at Pos <<2613.369141, 54.805931, 3066.370605>>
SCRIPT       : [JunkYardDog] -- Adding Fuel Point to <Land_wreck_truck01_aban1_blue<97a91c60>> at Pos <<2613.369141, 54.805931, 3066.370605>>
SCRIPT       : [JunkYardDog] -- Adding Salvage Point to <Land_Wreck_Lada_Red<97a96df0>> at Pos <<2287.553955, 55.461494, 3071.835693>>
SCRIPT       : [JunkYardDog] -- Adding Fuel Point to <Land_Wreck_Lada_Red<97a96df0>> at Pos <<2287.553955, 55.461494, 3071.835693>>
SCRIPT       : [JunkYardDog] -- Adding Salvage Point to <Land_Wreck_hb01_aban1_white<97aa1110>> at Pos <<2321.245850, 55.861988, 3077.503174>>
SCRIPT       : [JunkYardDog] -- Adding Fuel Point to <Land_Wreck_hb01_aban1_white<97aa1110>> at Pos <<2321.245850, 55.861988, 3077.503174>>
SCRIPT       : [JunkYardDog] -- Adding Salvage Point to <Land_Wreck_hb02_aban1_red<97aa5080>> at Pos <<2323.665283, 55.559822, 3095.309570>>
SCRIPT       : [JunkYardDog] -- Adding Fuel Point to <Land_Wreck_hb02_aban1_red<97aa5080>> at Pos <<2323.665283, 55.559822, 3095.309570>>
SCRIPT       : [JunkYardDog] -- Adding Salvage Point to <Land_Wreck_S1023_Beige<97aa2c40>> at Pos <<2327.708740, 55.799133, 3096.558594>>
SCRIPT       : [JunkYardDog] -- Adding Fuel Point to <Land_Wreck_S1023_Beige<97aa2c40>> at Pos <<2327.708740, 55.799133, 3096.558594>>
SCRIPT       : [JunkYardDog] -- Adding Salvage Point to <Land_Wreck_Volha_Blue<97aa1a20>> at Pos <<2335.622314, 55.532642, 3080.989258>>
SCRIPT       : [JunkYardDog] -- Adding Fuel Point to <Land_Wreck_Volha_Blue<97aa1a20>> at Pos <<2335.622314, 55.532642, 3080.989258>>
SCRIPT       : [JunkYardDog] -- Adding Salvage Point to <Static_Wreck_S120_Red<9989bf30>> at Pos <<2338.598389, 55.382694, 3073.794678>>
SCRIPT       : [JunkYardDog] -- Adding Fuel Point to <Static_Wreck_S120_Red<9989bf30>> at Pos <<2338.598389, 55.382694, 3073.794678>>
SCRIPT       : [JunkYardDog] -- Adding Salvage Point to <Land_Wreck_Volha_Blue<991e4f50>> at Pos <<2409.993408, 55.532642, 3103.223389>>
SCRIPT       : [JunkYardDog] -- Adding Fuel Point to <Land_Wreck_Volha_Blue<991e4f50>> at Pos <<2409.993408, 55.532642, 3103.223389>>
SCRIPT       : [JunkYardDog] -- Adding Salvage Point to <Land_Wreck_S1023_Beige<991de290>> at Pos <<2414.080322, 55.799133, 3146.057617>>
SCRIPT       : [JunkYardDog] -- Adding Fuel Point to <Land_Wreck_S1023_Beige<991de290>> at Pos <<2414.080322, 55.799133, 3146.057617>>
SCRIPT       : [JunkYardDog] -- Adding Salvage Point to <Land_Wreck_S1023_Blue<991f5f30>> at Pos <<2247.904053, 55.799133, 3316.416992>>
SCRIPT       : [JunkYardDog] -- Adding Fuel Point to <Land_Wreck_S1023_Blue<991f5f30>> at Pos <<2247.904053, 55.799133, 3316.416992>>
SCRIPT       : [JunkYardDog] -- Adding Salvage Point to <Land_Wreck_S1023_Beige<991fa7b0>> at Pos <<820.416321, 6.259233, 3272.710449>>
SCRIPT       : [JunkYardDog] -- Adding Fuel Point to <Land_Wreck_S1023_Beige<991fa7b0>> at Pos <<820.416321, 6.259233, 3272.710449>>
SCRIPT       : [JunkYardDog] -- Adding Salvage Point to <Land_Wreck_sed01_aban2_white<991f31e0>> at Pos <<826.044373, 6.013318, 3273.825928>>
SCRIPT       : [JunkYardDog] -- Adding Fuel Point to <Land_Wreck_sed01_aban2_white<991f31e0>> at Pos <<826.044373, 6.013318, 3273.825928>>
SCRIPT       : [JunkYardDog] -- Adding Salvage Point to <Land_Wreck_Uaz<991fb9d0>> at Pos <<811.632507, 6.103186, 3288.829590>>
SCRIPT       : [JunkYardDog] -- Adding Fuel Point to <Land_Wreck_Uaz<991fb9d0>> at Pos <<811.632507, 6.103186, 3288.829590>>
SCRIPT       : [JunkYardDog] -- Adding Salvage Point to <Land_Wreck_Volha_Grey<991f7a60>> at Pos <<808.854492, 5.996944, 3275.396973>>
SCRIPT       : [JunkYardDog] -- Adding Fuel Point to <Land_Wreck_Volha_Grey<991f7a60>> at Pos <<808.854492, 5.996944, 3275.396973>>
SCRIPT       : [JunkYardDog] -- Adding Salvage Point to <Static_Wreck_Ural<99d4ba60>> at Pos <<805.651306, 6.447515, 3343.085205>>
SCRIPT       : [JunkYardDog] -- Adding Fuel Point to <Static_Wreck_Ural<99d4ba60>> at Pos <<805.651306, 6.447515, 3343.085205>>
SCRIPT       : [JunkYardDog] -- Adding Salvage Point to <Static_Wreck_Ural<99d44220>> at Pos <<829.978516, 6.447515, 3342.314697>>
SCRIPT       : [JunkYardDog] -- Adding Fuel Point to <Static_Wreck_Ural<99d44220>> at Pos <<829.978516, 6.447515, 3342.314697>>
SCRIPT       : [JunkYardDog] -- Adding Salvage Point to <Land_Wreck_hb02_aban1_blue<991fc2e0>> at Pos <<823.701599, 6.019824, 3368.801758>>
SCRIPT       : [JunkYardDog] -- Adding Fuel Point to <Land_Wreck_hb02_aban1_blue<991fc2e0>> at Pos <<823.701599, 6.019824, 3368.801758>>
SCRIPT       : [JunkYardDog] -- Adding Salvage Point to <Land_Wreck_Volha_Blue<991fcbf0>> at Pos <<826.823242, 5.996944, 3366.731689>>
SCRIPT       : [JunkYardDog] -- Adding Fuel Point to <Land_Wreck_Volha_Blue<991fcbf0>> at Pos <<826.823242, 5.996944, 3366.731689>>
SCRIPT       : [JunkYardDog] -- Adding Salvage Point to <Static_Wreck_HMMWV<99d44470>> at Pos <<819.898193, 6.167102, 3371.114990>>
SCRIPT       : [JunkYardDog] -- Adding Fuel Point to <Static_Wreck_HMMWV<99d44470>> at Pos <<819.898193, 6.167102, 3371.114990>>
SCRIPT       : [JunkYardDog] -- Adding Salvage Point to <Land_wreck_truck01_aban1_blue<991fb0c0>> at Pos <<833.652527, 5.260837, 3283.308838>>
SCRIPT       : [JunkYardDog] -- Adding Fuel Point to <Land_wreck_truck01_aban1_blue<991fb0c0>> at Pos <<833.652527, 5.260837, 3283.308838>>
SCRIPT       : [JunkYardDog] -- Adding Salvage Point to <Static_Wreck_Ural<99d4fd70>> at Pos <<854.962769, 6.447515, 3307.716064>>
SCRIPT       : [JunkYardDog] -- Adding Fuel Point to <Static_Wreck_Ural<99d4fd70>> at Pos <<854.962769, 6.447515, 3307.716064>>
SCRIPT       : [JunkYardDog] -- Adding Salvage Point to <Land_Wreck_hb01_aban1_green<991ff940>> at Pos <<836.449646, 6.321993, 3329.476807>>
SCRIPT       : [JunkYardDog] -- Adding Fuel Point to <Land_Wreck_hb01_aban1_green<991ff940>> at Pos <<836.449646, 6.321993, 3329.476807>>
SCRIPT       : [JunkYardDog] -- Adding Salvage Point to <Land_Wreck_Uaz<99200b60>> at Pos <<836.511536, 6.103186, 3352.479492>>
SCRIPT       : [JunkYardDog] -- Adding Fuel Point to <Land_Wreck_Uaz<99200b60>> at Pos <<836.511536, 6.103186, 3352.479492>>
SCRIPT       : [JunkYardDog] -- Adding Salvage Point to <Land_Wreck_Volha_Blue<992053e0>> at Pos <<834.689331, 5.992642, 3349.105225>>
SCRIPT       : [JunkYardDog] -- Adding Fuel Point to <Land_Wreck_Volha_Blue<992053e0>> at Pos <<834.689331, 5.992642, 3349.105225>>
SCRIPT       : [JunkYardDog] -- Adding Salvage Point to <Land_Wreck_Lada_Green<99208a40>> at Pos <<833.972351, 5.921496, 3363.273682>>
SCRIPT       : [JunkYardDog] -- Adding Fuel Point to <Land_Wreck_Lada_Green<99208a40>> at Pos <<833.972351, 5.921496, 3363.273682>>
SCRIPT       : [JunkYardDog] -- Adding Salvage Point to <Static_Wreck_Digger<9bf36960>> at Pos <<6431.323242, 14.329387, 3438.257080>>
SCRIPT       : [JunkYardDog] -- Adding Fuel Point to <Static_Wreck_Digger<9bf36960>> at Pos <<6431.323242, 14.329387, 3438.257080>>
SCRIPT       : [JunkYardDog] -- Adding Salvage Point to <Land_wreck_truck01_aban2_blue<99216cd0>> at Pos <<6445.510254, 8.859630, 3418.687500>>
SCRIPT       : [JunkYardDog] -- Adding Fuel Point to <Land_wreck_truck01_aban2_blue<99216cd0>> at Pos <<6445.510254, 8.859630, 3418.687500>>
SCRIPT       : [JunkYardDog] -- Adding Salvage Point to <Land_Wreck_V3S<9731a0f0>> at Pos <<6412.112793, 22.770052, 3568.562012>>
SCRIPT       : [JunkYardDog] -- Adding Fuel Point to <Land_Wreck_V3S<9731a0f0>> at Pos <<6412.112793, 22.770052, 3568.562012>>
SCRIPT       : [JunkYardDog] -- Adding Salvage Point to <Land_Wreck_Lada_Green<973228e0>> at Pos <<6585.142090, 15.063731, 3507.385010>>
SCRIPT       : [JunkYardDog] -- Adding Fuel Point to <Land_Wreck_Lada_Green<973228e0>> at Pos <<6585.142090, 15.063731, 3507.385010>>
SCRIPT       : [JunkYardDog] -- Adding Salvage Point to <Static_Wreck_HMMWV<9c4f2b80>> at Pos <<6495.533203, 23.534365, 3766.114502>>
SCRIPT       : [JunkYardDog] -- Adding Fuel Point to <Static_Wreck_HMMWV<9c4f2b80>> at Pos <<6495.533203, 23.534365, 3766.114502>>
SCRIPT       : [JunkYardDog] -- Adding Salvage Point to <Land_Wreck_sed01_aban2_black<97326850>> at Pos <<6534.962402, 23.013319, 3719.502197>>
SCRIPT       : [JunkYardDog] -- Adding Fuel Point to <Land_Wreck_sed01_aban2_black<97326850>> at Pos <<6534.962402, 23.013319, 3719.502197>>
SCRIPT       : [JunkYardDog] -- Adding Salvage Point to <Land_Wreck_hb02_aban2_black<97327160>> at Pos <<6553.659668, 22.963728, 3725.037842>>
SCRIPT       : [JunkYardDog] -- Adding Fuel Point to <Land_Wreck_hb02_aban2_black<97327160>> at Pos <<6553.659668, 22.963728, 3725.037842>>
SCRIPT       : [JunkYardDog] -- Adding Salvage Point to <Land_Wreck_Lada_Red<9732b0d0>> at Pos <<6584.922852, 22.921497, 3731.354248>>
SCRIPT       : [JunkYardDog] -- Adding Fuel Point to <Land_Wreck_Lada_Red<9732b0d0>> at Pos <<6584.922852, 22.921497, 3731.354248>>
SCRIPT       : [JunkYardDog] -- Adding Salvage Point to <Land_Wreck_hb02_aban2_blue<97327a70>> at Pos <<6562.586426, 22.963718, 3726.796387>>
SCRIPT       : [JunkYardDog] -- Adding Fuel Point to <Land_Wreck_hb02_aban2_blue<97327a70>> at Pos <<6562.586426, 22.963718, 3726.796387>>
SCRIPT       : [JunkYardDog] -- Adding Salvage Point to <Land_Wreck_sed02_aban2_grey<973451b0>> at Pos <<4699.536621, 63.070290, 3860.949463>>
SCRIPT       : [JunkYardDog] -- Adding Fuel Point to <Land_Wreck_sed02_aban2_grey<973451b0>> at Pos <<4699.536621, 63.070290, 3860.949463>>
SCRIPT       : [JunkYardDog] -- Adding Salvage Point to <Land_Wreck_sed02_aban2_grey<9734ac50>> at Pos <<4724.853027, 63.586708, 3853.726563>>
SCRIPT       : [JunkYardDog] -- Adding Fuel Point to <Land_Wreck_sed02_aban2_grey<9734ac50>> at Pos <<4724.853027, 63.586708, 3853.726563>>
SCRIPT       : [JunkYardDog] -- Adding Salvage Point to <Land_Wreck_S1023_Blue<97345ac0>> at Pos <<4803.539551, 64.369133, 3728.862305>>
SCRIPT       : [JunkYardDog] -- Adding Fuel Point to <Land_Wreck_S1023_Blue<97345ac0>> at Pos <<4803.539551, 64.369133, 3728.862305>>
SCRIPT       : [JunkYardDog] -- Adding Salvage Point to <Land_Wreck_hb01_aban2_green<9734b560>> at Pos <<4824.525391, 64.387871, 3779.143555>>
SCRIPT       : [JunkYardDog] -- Adding Fuel Point to <Land_Wreck_hb01_aban2_green<9734b560>> at Pos <<4824.525391, 64.387871, 3779.143555>>
SCRIPT       : [JunkYardDog] -- Adding Salvage Point to <Land_Wreck_S1023_Beige<973475f0>> at Pos <<4840.718750, 64.368256, 3751.240479>>
SCRIPT       : [JunkYardDog] -- Adding Fuel Point to <Land_Wreck_S1023_Beige<973475f0>> at Pos <<4840.718750, 64.368256, 3751.240479>>
SCRIPT       : [JunkYardDog] -- Adding Salvage Point to <Land_Wreck_hb01_aban2_green<9734f4d0>> at Pos <<4839.553223, 64.305542, 3765.230713>>
SCRIPT       : [JunkYardDog] -- Adding Fuel Point to <Land_Wreck_hb01_aban2_green<9734f4d0>> at Pos <<4839.553223, 64.305542, 3765.230713>>
SCRIPT       : [JunkYardDog] -- Adding Salvage Point to <Static_Wreck_HMMWV<9eba0150>> at Pos <<1601.119751, 96.917114, 2641.708008>>
SCRIPT       : [JunkYardDog] -- Adding Fuel Point to <Static_Wreck_HMMWV<9eba0150>> at Pos <<1601.119751, 96.917114, 2641.708008>>
SCRIPT       : [JunkYardDog] -- Adding Salvage Point to <Land_Wreck_Uaz<9bc430a0>> at Pos <<2540.356689, 44.783184, 5800.512207>>
SCRIPT       : [JunkYardDog] -- Adding Fuel Point to <Land_Wreck_Uaz<9bc430a0>> at Pos <<2540.356689, 44.783184, 5800.512207>>
SCRIPT       : [JunkYardDog] -- Adding Salvage Point to <Land_Wreck_sed01_aban2_wine<9bc41570>> at Pos <<2583.496338, 44.693317, 5808.991699>>
SCRIPT       : [JunkYardDog] -- Adding Fuel Point to <Land_Wreck_sed01_aban2_wine<9bc41570>> at Pos <<2583.496338, 44.693317, 5808.991699>>
SCRIPT       : [JunkYardDog] -- Adding Salvage Point to <Land_Wreck_hb01_aban2_green<9bc47010>> at Pos <<2576.008301, 44.870747, 5801.844727>>
SCRIPT       : [JunkYardDog] -- Adding Fuel Point to <Land_Wreck_hb01_aban2_green<9bc47010>> at Pos <<2576.008301, 44.870747, 5801.844727>>
SCRIPT       : [JunkYardDog] -- Adding Salvage Point to <Static_Wreck_Ural<9ef74340>> at Pos <<2572.344482, 45.127514, 5813.781738>>
SCRIPT       : [JunkYardDog] -- Adding Fuel Point to <Static_Wreck_Ural<9ef74340>> at Pos <<2572.344482, 45.127514, 5813.781738>>
SCRIPT       : [JunkYardDog] -- Adding Salvage Point to <Land_Wreck_Volha_Blue<9bc46700>> at Pos <<2591.008301, 44.676941, 5816.299316>>
SCRIPT       : [JunkYardDog] -- Adding Fuel Point to <Land_Wreck_Volha_Blue<9bc46700>> at Pos <<2591.008301, 44.676941, 5816.299316>>
SCRIPT       : [JunkYardDog] -- Adding Salvage Point to <Land_Wreck_Uaz<9bc40350>> at Pos <<2587.296143, 44.783184, 5813.109863>>
SCRIPT       : [JunkYardDog] -- Adding Fuel Point to <Land_Wreck_Uaz<9bc40350>> at Pos <<2587.296143, 44.783184, 5813.109863>>
SCRIPT       : [JunkYardDog] -- Adding Salvage Point to <Land_Wreck_hb02_aban1_black<9bc50110>> at Pos <<2538.637939, 44.699844, 5876.207520>>
SCRIPT       : [JunkYardDog] -- Adding Fuel Point to <Land_Wreck_hb02_aban1_black<9bc50110>> at Pos <<2538.637939, 44.699844, 5876.207520>>
SCRIPT       : [JunkYardDog] -- Adding Salvage Point to <Static_Wreck_HMMWV<9f462750>> at Pos <<1786.229126, 99.513550, 6483.961426>>
SCRIPT       : [JunkYardDog] -- Adding Fuel Point to <Static_Wreck_HMMWV<9f462750>> at Pos <<1786.229126, 99.513550, 6483.961426>>
SCRIPT       : [JunkYardDog] -- Adding Salvage Point to <Land_Wreck_Volha_Blue<9bc4d3c0>> at Pos <<1791.170776, 99.296005, 6478.506836>>
SCRIPT       : [JunkYardDog] -- Adding Fuel Point to <Land_Wreck_Volha_Blue<9bc4d3c0>> at Pos <<1791.170776, 99.296005, 6478.506836>>
SCRIPT       : [JunkYardDog] -- Adding Salvage Point to <Static_Wreck_HMMWV<9f466a60>> at Pos <<2623.375732, 44.847099, 5848.700195>>
SCRIPT       : [JunkYardDog] -- Adding Fuel Point to <Static_Wreck_HMMWV<9f466a60>> at Pos <<2623.375732, 44.847099, 5848.700195>>
SCRIPT       : [JunkYardDog] -- Adding Salvage Point to <Static_Wreck_Ural<9f463090>> at Pos <<1848.397949, 100.660225, 6519.955078>>
SCRIPT       : [JunkYardDog] -- Adding Fuel Point to <Static_Wreck_Ural<9f463090>> at Pos <<1848.397949, 100.660225, 6519.955078>>
SCRIPT       : [JunkYardDog] -- Adding Salvage Point to <Land_Wreck_Uaz<9bc15ba0>> at Pos <<1758.580078, 98.885674, 6546.113770>>
SCRIPT       : [JunkYardDog] -- Adding Fuel Point to <Land_Wreck_Uaz<9bc15ba0>> at Pos <<1758.580078, 98.885674, 6546.113770>>
SCRIPT       : [JunkYardDog] -- Adding Salvage Point to <Land_Wreck_V3S<9bc1f5b0>> at Pos <<1833.181641, 100.975677, 6551.259766>>
SCRIPT       : [JunkYardDog] -- Adding Fuel Point to <Land_Wreck_V3S<9bc1f5b0>> at Pos <<1833.181641, 100.975677, 6551.259766>>
SCRIPT       : [JunkYardDog] -- Adding Salvage Point to <Land_wreck_truck01_aban2_blue<9bc19200>> at Pos <<2434.342529, 21.006132, 4156.385254>>
SCRIPT       : [JunkYardDog] -- Adding Fuel Point to <Land_wreck_truck01_aban2_blue<9bc19200>> at Pos <<2434.342529, 21.006132, 4156.385254>>
SCRIPT       : [JunkYardDog] -- Adding Salvage Point to <Land_wreck_truck01_aban1_green<9bc28fc0>> at Pos <<2459.361816, 21.701231, 4187.918457>>
SCRIPT       : [JunkYardDog] -- Adding Fuel Point to <Land_wreck_truck01_aban1_green<9bc28fc0>> at Pos <<2459.361816, 21.701231, 4187.918457>>
SCRIPT       : [JunkYardDog] -- Adding Salvage Point to <Land_Wreck_hb02_aban1_blue<9bc2f370>> at Pos <<2676.558350, 22.509787, 4258.541504>>
SCRIPT       : [JunkYardDog] -- Adding Fuel Point to <Land_Wreck_hb02_aban1_blue<9bc2f370>> at Pos <<2676.558350, 22.509787, 4258.541504>>
SCRIPT       : [JunkYardDog] -- Adding Salvage Point to <Land_Wreck_hb01_aban2_green<9bc329d0>> at Pos <<2684.344971, 22.680710, 4261.977051>>
SCRIPT       : [JunkYardDog] -- Adding Fuel Point to <Land_Wreck_hb01_aban2_green<9bc329d0>> at Pos <<2684.344971, 22.680710, 4261.977051>>
SCRIPT       : [JunkYardDog] -- Adding Salvage Point to <Land_Wreck_sed01_aban2_black<9bc35720>> at Pos <<2691.470703, 22.503296, 4264.389648>>
SCRIPT       : [JunkYardDog] -- Adding Fuel Point to <Land_Wreck_sed01_aban2_black<9bc35720>> at Pos <<2691.470703, 22.503296, 4264.389648>>
SCRIPT       : [JunkYardDog] -- Adding Salvage Point to <Land_wreck_truck01_aban1_green<9bc37250>> at Pos <<2716.256348, 21.749977, 4308.479004>>
SCRIPT       : [JunkYardDog] -- Adding Fuel Point to <Land_wreck_truck01_aban1_green<9bc37250>> at Pos <<2716.256348, 21.749977, 4308.479004>>
SCRIPT       : [JunkYardDog] -- Adding Salvage Point to <Static_Wreck_Ural<a1bc2990>> at Pos <<2742.193359, 22.937517, 4214.781738>>
SCRIPT       : [JunkYardDog] -- Adding Fuel Point to <Static_Wreck_Ural<a1bc2990>> at Pos <<2742.193359, 22.937517, 4214.781738>>
SCRIPT       : [JunkYardDog] -- Adding Salvage Point to <Land_Wreck_sed01_aban2_white<a1d528c0>> at Pos <<2737.497559, 22.503317, 4281.575684>>
SCRIPT       : [JunkYardDog] -- Adding Fuel Point to <Land_Wreck_sed01_aban2_white<a1d528c0>> at Pos <<2737.497559, 22.503317, 4281.575684>>
SCRIPT       : [JunkYardDog] -- Adding Salvage Point to <Static_Wreck_Ural<a1bc1710>> at Pos <<2741.775635, 22.937517, 4281.863281>>
SCRIPT       : [JunkYardDog] -- Adding Fuel Point to <Static_Wreck_Ural<a1bc1710>> at Pos <<2741.775635, 22.937517, 4281.863281>>
SCRIPT       : [JunkYardDog] -- Adding Salvage Point to <Land_wreck_truck01_aban1_blue<a1d54d00>> at Pos <<2798.806152, 21.769676, 4212.787109>>
SCRIPT       : [JunkYardDog] -- Adding Fuel Point to <Land_wreck_truck01_aban1_blue<a1d54d00>> at Pos <<2798.806152, 21.769676, 4212.787109>>
SCRIPT       : [JunkYardDog] -- Adding Salvage Point to <Land_Wreck_V3S<a1d5cbe0>> at Pos <<2784.825928, 23.352980, 4211.248535>>
SCRIPT       : [JunkYardDog] -- Adding Fuel Point to <Land_Wreck_V3S<a1d5cbe0>> at Pos <<2784.825928, 23.352980, 4211.248535>>
SCRIPT       : [JunkYardDog] -- Adding Salvage Point to <Land_Wreck_hb01_aban2_green<a1d60b50>> at Pos <<2807.488037, 22.720764, 4245.785645>>
SCRIPT       : [JunkYardDog] -- Adding Fuel Point to <Land_Wreck_hb01_aban2_green<a1d60b50>> at Pos <<2807.488037, 22.720764, 4245.785645>>
SCRIPT       : [JunkYardDog] -- Adding Salvage Point to <Land_Wreck_S1023_Beige<a1d653d0>> at Pos <<2819.717773, 22.749136, 4178.873047>>
SCRIPT       : [JunkYardDog] -- Adding Fuel Point to <Land_Wreck_S1023_Beige<a1d653d0>> at Pos <<2819.717773, 22.749136, 4178.873047>>
SCRIPT       : [JunkYardDog] -- Adding Salvage Point to <Land_Wreck_sed02_aban1_yellow<a1d61460>> at Pos <<2818.235596, 22.611118, 4184.325684>>
SCRIPT       : [JunkYardDog] -- Adding Fuel Point to <Land_Wreck_sed02_aban1_yellow<a1d61460>> at Pos <<2818.235596, 22.611118, 4184.325684>>
SCRIPT       : [JunkYardDog] -- Adding Salvage Point to <Land_Wreck_hb02_aban2_blue<a1d5f020>> at Pos <<2816.620850, 22.453724, 4193.337402>>
SCRIPT       : [JunkYardDog] -- Adding Fuel Point to <Land_Wreck_hb02_aban2_blue<a1d5f020>> at Pos <<2816.620850, 22.453724, 4193.337402>>
SCRIPT       : [JunkYardDog] -- Adding Salvage Point to <Land_Wreck_hb01_aban2_green<a1d61d70>> at Pos <<2869.579834, 22.680765, 4246.282715>>
SCRIPT       : [JunkYardDog] -- Adding Fuel Point to <Land_Wreck_hb01_aban2_green<a1d61d70>> at Pos <<2869.579834, 22.680765, 4246.282715>>
SCRIPT       : [JunkYardDog] -- Adding Salvage Point to <Land_Wreck_hb02_aban2_blue<a1d5e710>> at Pos <<2611.024414, 22.455366, 4323.901855>>
SCRIPT       : [JunkYardDog] -- Adding Fuel Point to <Land_Wreck_hb02_aban2_blue<a1d5e710>> at Pos <<2611.024414, 22.455366, 4323.901855>>
SCRIPT       : [JunkYardDog] -- Adding Salvage Point to <Static_Wreck_Ural<a1447150>> at Pos <<2640.219971, 22.937519, 4311.674805>>
SCRIPT       : [JunkYardDog] -- Adding Fuel Point to <Static_Wreck_Ural<a1447150>> at Pos <<2640.219971, 22.937519, 4311.674805>>
SCRIPT       : [JunkYardDog] -- Adding Salvage Point to <Land_wreck_truck01_aban1_green<a1d6b780>> at Pos <<2655.608398, 21.749977, 4346.634277>>
SCRIPT       : [JunkYardDog] -- Adding Fuel Point to <Land_wreck_truck01_aban1_green<a1d6b780>> at Pos <<2655.608398, 21.749977, 4346.634277>>
SCRIPT       : [JunkYardDog] -- Adding Salvage Point to <Land_Wreck_sed02_aban2_red<a1d2e4c0>> at Pos <<2738.569580, 22.408852, 4322.895020>>
SCRIPT       : [JunkYardDog] -- Adding Fuel Point to <Land_Wreck_sed02_aban2_red<a1d2e4c0>> at Pos <<2738.569580, 22.408852, 4322.895020>>
SCRIPT       : [JunkYardDog] -- Adding Salvage Point to <Land_Wreck_S1023_Beige<a1d35180>> at Pos <<4001.612305, 10.098495, 4167.442383>>
SCRIPT       : [JunkYardDog] -- Adding Fuel Point to <Land_Wreck_S1023_Beige<a1d35180>> at Pos <<4001.612305, 10.098495, 4167.442383>>
SCRIPT       : [JunkYardDog] -- Adding Salvage Point to <Land_wreck_truck01_aban1_green<a1d363a0>> at Pos <<2667.069336, 21.749977, 4397.702148>>
SCRIPT       : [JunkYardDog] -- Adding Fuel Point to <Land_wreck_truck01_aban1_green<a1d363a0>> at Pos <<2667.069336, 21.749977, 4397.702148>>
SCRIPT       : [JunkYardDog] -- Adding Salvage Point to <Land_wreck_truck01_aban1_green<a1d3eb90>> at Pos <<3034.269531, 14.499722, 4376.473145>>
SCRIPT       : [JunkYardDog] -- Adding Fuel Point to <Land_wreck_truck01_aban1_green<a1d3eb90>> at Pos <<3034.269531, 14.499722, 4376.473145>>
SCRIPT       : [JunkYardDog] -- Adding Salvage Point to <Static_Wreck_S120_Red<a1c53a10>> at Pos <<3028.754395, 13.345691, 4427.288574>>
SCRIPT       : [JunkYardDog] -- Adding Fuel Point to <Static_Wreck_S120_Red<a1c53a10>> at Pos <<3028.754395, 13.345691, 4427.288574>>
SCRIPT       : [JunkYardDog] -- Adding Salvage Point to <Land_Wreck_S1023_Beige<a1d46a70>> at Pos <<3037.876465, 13.316017, 4439.616699>>
SCRIPT       : [JunkYardDog] -- Adding Fuel Point to <Land_Wreck_S1023_Beige<a1d46a70>> at Pos <<3037.876465, 13.316017, 4439.616699>>
SCRIPT       : [JunkYardDog] -- Adding Salvage Point to <Land_Wreck_Uaz<a1d3fdb0>> at Pos <<3163.105225, 7.549609, 4476.195313>>
SCRIPT       : [JunkYardDog] -- Adding Fuel Point to <Land_Wreck_Uaz<a1d3fdb0>> at Pos <<3163.105225, 7.549609, 4476.195313>>
SCRIPT       : [JunkYardDog] -- Adding Salvage Point to <Land_wreck_truck01_aban2_blue<a1d421f0>> at Pos <<4054.410400, 25.371117, 4482.943359>>
SCRIPT       : [JunkYardDog] -- Adding Fuel Point to <Land_wreck_truck01_aban2_blue<a1d421f0>> at Pos <<4054.410400, 25.371117, 4482.943359>>
SCRIPT       : =============== WARNING ===============
SCRIPT       : [TerjeMedicine]: You are using the trial version of the 'Terje Medicine' mod.
SCRIPT       : [TerjeMedicine]: To remove this message and watermark - please buy license on terjehub.com
SCRIPT       : =======================================
SCRIPT       : [JunkYardDog] -- Adding Salvage Point to <Land_Wreck_sed02_aban2_red<a1d4b2f0>> at Pos <<3720.454102, 7.656665, 4651.894531>>
SCRIPT       : [JunkYardDog] -- Adding Fuel Point to <Land_Wreck_sed02_aban2_red<a1d4b2f0>> at Pos <<3720.454102, 7.656665, 4651.894531>>
SCRIPT       : [JunkYardDog] -- Adding Salvage Point to <Land_Wreck_sed01_aban1_wine<a5afb1a0>> at Pos <<3758.914551, 10.737926, 4563.136719>>
SCRIPT       : [JunkYardDog] -- Adding Fuel Point to <Land_Wreck_sed01_aban1_wine<a5afb1a0>> at Pos <<3758.914551, 10.737926, 4563.136719>>
SCRIPT       : [JunkYardDog] -- Adding Salvage Point to <Land_Wreck_sed02_aban1_yellow<a5af5700>> at Pos <<3752.456299, 10.551923, 4569.893555>>
SCRIPT       : [JunkYardDog] -- Adding Fuel Point to <Land_Wreck_sed02_aban1_yellow<a5af5700>> at Pos <<3752.456299, 10.551923, 4569.893555>>
SCRIPT       : [JunkYardDog] -- Adding Salvage Point to <Land_Wreck_sed02_aban2_red<a5af7230>> at Pos <<3759.895508, 8.890735, 4681.981934>>
SCRIPT       : [JunkYardDog] -- Adding Fuel Point to <Land_Wreck_sed02_aban2_red<a5af7230>> at Pos <<3759.895508, 8.890735, 4681.981934>>
SCRIPT       : [JunkYardDog] -- Adding Salvage Point to <Land_Wreck_hb01_aban1_green<a5af9670>> at Pos <<3787.610352, 12.150294, 4556.134277>>
SCRIPT       : [JunkYardDog] -- Adding Fuel Point to <Land_Wreck_hb01_aban1_green<a5af9670>> at Pos <<3787.610352, 12.150294, 4556.134277>>
SCRIPT       : [JunkYardDog] -- Adding Salvage Point to <Land_Wreck_sed02_aban1_red<a5afbab0>> at Pos <<3799.863770, 12.094937, 4557.030762>>
SCRIPT       : [JunkYardDog] -- Adding Fuel Point to <Land_Wreck_sed02_aban1_red<a5afbab0>> at Pos <<3799.863770, 12.094937, 4557.030762>>
SCRIPT       : [JunkYardDog] -- Adding Salvage Point to <Land_Wreck_sed01_aban2_wine<a5afc3c0>> at Pos <<3794.759766, 10.982101, 4592.108887>>
SCRIPT       : [JunkYardDog] -- Adding Fuel Point to <Land_Wreck_sed01_aban2_wine<a5afc3c0>> at Pos <<3794.759766, 10.982101, 4592.108887>>
SCRIPT       : [JunkYardDog] -- Adding Salvage Point to <Land_Wreck_S1023_Beige<a5b03990>> at Pos <<3783.975830, 10.802316, 4651.212891>>
SCRIPT       : [JunkYardDog] -- Adding Fuel Point to <Land_Wreck_S1023_Beige<a5b03990>> at Pos <<3783.975830, 10.802316, 4651.212891>>
SCRIPT       : [JunkYardDog] -- Adding Salvage Point to <Land_Wreck_S1023_Blue<a5b03080>> at Pos <<3780.867676, 10.299513, 4680.508789>>
SCRIPT       : [JunkYardDog] -- Adding Fuel Point to <Land_Wreck_S1023_Blue<a5b03080>> at Pos <<3780.867676, 10.299513, 4680.508789>>
SCRIPT       : [JunkYardDog] -- Adding Salvage Point to <Land_Wreck_hb02_aban1_black<a5aff110>> at Pos <<3811.658203, 11.105092, 4603.321289>>
SCRIPT       : [JunkYardDog] -- Adding Fuel Point to <Land_Wreck_hb02_aban1_black<a5aff110>> at Pos <<3811.658203, 11.105092, 4603.321289>>
SCRIPT       : [JunkYardDog] -- Adding Salvage Point to <Land_Wreck_S1023_Blue<a5b00c40>> at Pos <<3816.421143, 11.599008, 4671.567383>>
SCRIPT       : [JunkYardDog] -- Adding Fuel Point to <Land_Wreck_S1023_Blue<a5b00c40>> at Pos <<3816.421143, 11.599008, 4671.567383>>
SCRIPT       : [JunkYardDog] -- Adding Salvage Point to <Land_Wreck_hb01_aban2_green<a5b0b870>> at Pos <<3858.355957, 13.656607, 4667.207031>>
SCRIPT       : [JunkYardDog] -- Adding Fuel Point to <Land_Wreck_hb01_aban2_green<a5b0b870>> at Pos <<3858.355957, 13.656607, 4667.207031>>
SCRIPT       : [JunkYardDog] -- Adding Salvage Point to <Land_wreck_truck01_aban1_green<a5b07900>> at Pos <<4849.136719, 39.442596, 4729.242188>>
SCRIPT       : [JunkYardDog] -- Adding Fuel Point to <Land_wreck_truck01_aban1_green<a5b07900>> at Pos <<4849.136719, 39.442596, 4729.242188>>
SCRIPT       : [JunkYardDog] -- Adding Salvage Point to <Land_Wreck_hb01_aban2_green<a5b0eed0>> at Pos <<4377.869629, 14.002483, 4845.975586>>
SCRIPT       : [JunkYardDog] -- Adding Fuel Point to <Land_Wreck_hb01_aban2_green<a5b0eed0>> at Pos <<4377.869629, 14.002483, 4845.975586>>
SCRIPT       : [JunkYardDog] -- Adding Salvage Point to <Land_Wreck_S1023_Blue<a5b0a650>> at Pos <<4388.474609, 13.999763, 4851.087891>>
SCRIPT       : [JunkYardDog] -- Adding Fuel Point to <Land_Wreck_S1023_Blue<a5b0a650>> at Pos <<4388.474609, 13.999763, 4851.087891>>
SCRIPT       : [JunkYardDog] -- Adding Salvage Point to <Land_wreck_truck01_aban1_green<a5ad2520>> at Pos <<4073.733398, 8.597504, 4902.517578>>
SCRIPT       : [JunkYardDog] -- Adding Fuel Point to <Land_wreck_truck01_aban1_green<a5ad2520>> at Pos <<4073.733398, 8.597504, 4902.517578>>
SCRIPT       : [JunkYardDog] -- Adding Salvage Point to <Land_wreck_truck01_aban1_green<a5ad6490>> at Pos <<4113.199707, 6.187442, 5032.830566>>
SCRIPT       : [JunkYardDog] -- Adding Fuel Point to <Land_wreck_truck01_aban1_green<a5ad6490>> at Pos <<4113.199707, 6.187442, 5032.830566>>
SCRIPT       : [JunkYardDog] -- Adding Salvage Point to <Land_Wreck_hb01_aban2_white<a5adbf30>> at Pos <<3909.615479, 7.918255, 4933.982422>>
SCRIPT       : [JunkYardDog] -- Adding Fuel Point to <Land_Wreck_hb01_aban2_white<a5adbf30>> at Pos <<3909.615479, 7.918255, 4933.982422>>
SCRIPT       : [JunkYardDog] -- Adding Salvage Point to <Static_Wreck_S120_Red<a6440250>> at Pos <<7544.621094, 5.436483, 5380.042969>>
SCRIPT       : [JunkYardDog] -- Adding Fuel Point to <Static_Wreck_S120_Red<a6440250>> at Pos <<7544.621094, 5.436483, 5380.042969>>
SCRIPT       : [JunkYardDog] -- Adding Salvage Point to <Land_Wreck_S1023_Beige<a5af29b0>> at Pos <<7560.758789, 5.852903, 5373.926270>>
SCRIPT       : [JunkYardDog] -- Adding Fuel Point to <Land_Wreck_S1023_Beige<a5af29b0>> at Pos <<7560.758789, 5.852903, 5373.926270>>
SCRIPT       : [JunkYardDog] -- Adding Salvage Point to <Land_wreck_truck01_aban1_green<a35e1cb0>> at Pos <<7564.761230, 4.620555, 5456.931152>>
SCRIPT       : [JunkYardDog] -- Adding Fuel Point to <Land_wreck_truck01_aban1_green<a35e1cb0>> at Pos <<7564.761230, 4.620555, 5456.931152>>
SCRIPT       : [JunkYardDog] -- Adding Salvage Point to <Land_Wreck_sed01_aban1_white<a35e7750>> at Pos <<7584.123535, 5.605834, 5391.034668>>
SCRIPT       : [JunkYardDog] -- Adding Fuel Point to <Land_Wreck_sed01_aban1_white<a35e7750>> at Pos <<7584.123535, 5.605834, 5391.034668>>
SCRIPT       : [JunkYardDog] -- Adding Salvage Point to <Land_Wreck_sed02_aban2_grey<a35eadb0>> at Pos <<7591.117676, 5.512155, 5424.438965>>
SCRIPT       : [JunkYardDog] -- Adding Fuel Point to <Land_Wreck_sed02_aban2_grey<a35eadb0>> at Pos <<7591.117676, 5.512155, 5424.438965>>
SCRIPT       : [JunkYardDog] -- Adding Salvage Point to <Land_wreck_truck01_aban1_green<a35e4a00>> at Pos <<7576.934570, 4.695323, 5473.101563>>
SCRIPT       : [JunkYardDog] -- Adding Fuel Point to <Land_wreck_truck01_aban1_green<a35e4a00>> at Pos <<7576.934570, 4.695323, 5473.101563>>
SCRIPT       : [JunkYardDog] -- Adding Salvage Point to <Land_wreck_truck01_aban1_green<a35ee410>> at Pos <<7639.947754, 2.431362, 5380.312500>>
SCRIPT       : [JunkYardDog] -- Adding Fuel Point to <Land_wreck_truck01_aban1_green<a35ee410>> at Pos <<7639.947754, 2.431362, 5380.312500>>
SCRIPT       : [JunkYardDog] -- Adding Salvage Point to <Static_Wreck_Digger<a61155a0>> at Pos <<1941.428833, 29.596369, 5458.365723>>
SCRIPT       : [JunkYardDog] -- Adding Fuel Point to <Static_Wreck_Digger<a61155a0>> at Pos <<1941.428833, 29.596369, 5458.365723>>
SCRIPT       : [JunkYardDog] -- Adding Salvage Point to <Land_wreck_truck01_aban2_green<a35f2380>> at Pos <<1983.561523, 26.352739, 5438.261719>>
SCRIPT       : [JunkYardDog] -- Adding Fuel Point to <Land_wreck_truck01_aban2_green<a35f2380>> at Pos <<1983.561523, 26.352739, 5438.261719>>
SCRIPT       : [JunkYardDog] -- Adding Salvage Point to <Land_wreck_truck01_aban1_green<a35f8730>> at Pos <<2017.109741, 25.768450, 5453.788574>>
SCRIPT       : [JunkYardDog] -- Adding Fuel Point to <Land_wreck_truck01_aban1_green<a35f8730>> at Pos <<2017.109741, 25.768450, 5453.788574>>
SCRIPT       : [JunkYardDog] -- Adding Salvage Point to <Land_Wreck_sed02_aban2_red<a8a7d620>> at Pos <<3678.916260, 5.298860, 5990.742188>>
SCRIPT       : [JunkYardDog] -- Adding Fuel Point to <Land_Wreck_sed02_aban2_red<a8a7d620>> at Pos <<3678.916260, 5.298860, 5990.742188>>
SCRIPT       : [JunkYardDog] -- Adding Salvage Point to <Land_Wreck_sed01_aban2_wine<a8a7fa60>> at Pos <<3652.485596, 5.393319, 5996.959473>>
SCRIPT       : [JunkYardDog] -- Adding Fuel Point to <Land_Wreck_sed01_aban2_wine<a8a7fa60>> at Pos <<3652.485596, 5.393319, 5996.959473>>
SCRIPT       : [JunkYardDog] -- Adding Salvage Point to <Land_Wreck_sed01_aban1_wine<a8a78490>> at Pos <<3664.743896, 5.391618, 5984.734863>>
SCRIPT       : [JunkYardDog] -- Adding Fuel Point to <Land_Wreck_sed01_aban1_wine<a8a78490>> at Pos <<3664.743896, 5.391618, 5984.734863>>
SCRIPT       : [JunkYardDog] -- Adding Salvage Point to <Land_Wreck_hb01_aban2_green<a8a86720>> at Pos <<3666.802979, 5.570716, 6005.057129>>
SCRIPT       : [JunkYardDog] -- Adding Fuel Point to <Land_Wreck_hb01_aban2_green<a8a86720>> at Pos <<3666.802979, 5.570716, 6005.057129>>
SCRIPT       : [JunkYardDog] -- Adding Salvage Point to <Land_Wreck_sed01_aban2_white<a8a830c0>> at Pos <<3679.868164, 5.421731, 6004.083984>>
SCRIPT       : [JunkYardDog] -- Adding Fuel Point to <Land_Wreck_sed01_aban2_white<a8a830c0>> at Pos <<3679.868164, 5.421731, 6004.083984>>
SCRIPT       : [JunkYardDog] -- Adding Salvage Point to <Static_Wreck_Ural<a8a2b9d0>> at Pos <<3657.457275, 5.827516, 6005.149414>>
SCRIPT       : [JunkYardDog] -- Adding Fuel Point to <Static_Wreck_Ural<a8a2b9d0>> at Pos <<3657.457275, 5.827516, 6005.149414>>
SCRIPT       : [JunkYardDog] -- Adding Salvage Point to <Land_Wreck_hb01_aban1_green<a8a827b0>> at Pos <<3668.733398, 5.701992, 5989.962891>>
SCRIPT       : [JunkYardDog] -- Adding Fuel Point to <Land_Wreck_hb01_aban1_green<a8a827b0>> at Pos <<3668.733398, 5.701992, 5989.962891>>
SCRIPT       : [JunkYardDog] -- Adding Salvage Point to <Land_Wreck_Uaz<a8a839d0>> at Pos <<3664.198486, 5.483234, 6011.621094>>
SCRIPT       : [JunkYardDog] -- Adding Fuel Point to <Land_Wreck_Uaz<a8a839d0>> at Pos <<3664.198486, 5.483234, 6011.621094>>
SCRIPT       : [JunkYardDog] -- Adding Salvage Point to <Land_Wreck_sed02_aban1_red<a8a81590>> at Pos <<3659.665771, 5.501120, 5995.684570>>
SCRIPT       : [JunkYardDog] -- Adding Fuel Point to <Land_Wreck_sed02_aban1_red<a8a81590>> at Pos <<3659.665771, 5.501120, 5995.684570>>
SCRIPT       : [JunkYardDog] -- Adding Salvage Point to <Land_Wreck_Lada_Red<a8a87030>> at Pos <<3711.493164, 5.321498, 6002.173828>>
SCRIPT       : [JunkYardDog] -- Adding Fuel Point to <Land_Wreck_Lada_Red<a8a87030>> at Pos <<3711.493164, 5.321498, 6002.173828>>
SCRIPT       : [JunkYardDog] -- Adding Salvage Point to <Land_Wreck_sed01_aban1_white<a8a87940>> at Pos <<3681.471924, 5.391631, 5994.391113>>
SCRIPT       : [JunkYardDog] -- Adding Fuel Point to <Land_Wreck_sed01_aban1_white<a8a87940>> at Pos <<3681.471924, 5.391631, 5994.391113>>
SCRIPT       : [JunkYardDog] -- Adding Salvage Point to <Land_Wreck_hb01_aban1_blue<a8a80370>> at Pos <<3717.500244, 5.721993, 5997.200684>>
SCRIPT       : [JunkYardDog] -- Adding Fuel Point to <Land_Wreck_hb01_aban1_blue<a8a80370>> at Pos <<3717.500244, 5.721993, 5997.200684>>
SCRIPT       : [JunkYardDog] -- Adding Salvage Point to <Land_Wreck_hb02_aban2_red<a8a84bf0>> at Pos <<3742.197754, 5.363723, 5986.801758>>
SCRIPT       : [JunkYardDog] -- Adding Fuel Point to <Land_Wreck_hb02_aban2_red<a8a84bf0>> at Pos <<3742.197754, 5.363723, 5986.801758>>
SCRIPT       : [JunkYardDog] -- Adding Salvage Point to <Land_Wreck_S1023_Beige<a8a88250>> at Pos <<3755.152588, 5.639123, 6009.877441>>
SCRIPT       : [JunkYardDog] -- Adding Fuel Point to <Land_Wreck_S1023_Beige<a8a88250>> at Pos <<3755.152588, 5.639123, 6009.877441>>
SCRIPT       : [JunkYardDog] -- Adding Salvage Point to <Land_Wreck_sed02_aban1_red<a8a8f820>> at Pos <<3781.263428, 5.501119, 5977.697266>>
SCRIPT       : [JunkYardDog] -- Adding Fuel Point to <Land_Wreck_sed02_aban1_red<a8a8f820>> at Pos <<3781.263428, 5.501119, 5977.697266>>
SCRIPT       : [JunkYardDog] -- Adding Salvage Point to <Land_Wreck_sed01_aban1_white<a8a8cad0>> at Pos <<3809.993652, 5.391631, 5974.490234>>
SCRIPT       : [JunkYardDog] -- Adding Fuel Point to <Land_Wreck_sed01_aban1_white<a8a8cad0>> at Pos <<3809.993652, 5.391631, 5974.490234>>
SCRIPT       : [JunkYardDog] -- Adding Salvage Point to <Land_wreck_truck01_aban2_blue<a8a8e600>> at Pos <<1678.354248, 73.879532, 6053.922852>>
SCRIPT       : [JunkYardDog] -- Adding Fuel Point to <Land_wreck_truck01_aban2_blue<a8a8e600>> at Pos <<1678.354248, 73.879532, 6053.922852>>
SCRIPT       : [JunkYardDog] -- Adding Salvage Point to <Land_Wreck_hb01_aban2_green<a8a97700>> at Pos <<1742.145996, 76.193954, 6034.713379>>
SCRIPT       : [JunkYardDog] -- Adding Fuel Point to <Land_Wreck_hb01_aban2_green<a8a97700>> at Pos <<1742.145996, 76.193954, 6034.713379>>
SCRIPT       : [JunkYardDog] -- Adding Salvage Point to <Land_Wreck_sed01_aban2_black<a8a99230>> at Pos <<1786.918091, 78.662621, 5980.913574>>
SCRIPT       : [JunkYardDog] -- Adding Fuel Point to <Land_Wreck_sed01_aban2_black<a8a99230>> at Pos <<1786.918091, 78.662621, 5980.913574>>
SCRIPT       : [JunkYardDog] -- Adding Salvage Point to <Land_Wreck_sed01_aban1_black<a8a9ad60>> at Pos <<3705.390137, 5.403822, 6028.255859>>
SCRIPT       : [JunkYardDog] -- Adding Fuel Point to <Land_Wreck_sed01_aban1_black<a8a9ad60>> at Pos <<3705.390137, 5.403822, 6028.255859>>
SCRIPT       : [JunkYardDog] -- Adding Salvage Point to <Land_Wreck_hb02_aban1_blue<a8a93790>> at Pos <<3694.920654, 5.419853, 6030.678223>>
SCRIPT       : [JunkYardDog] -- Adding Fuel Point to <Land_Wreck_hb02_aban1_blue<a8a93790>> at Pos <<3694.920654, 5.419853, 6030.678223>>
SCRIPT       : [JunkYardDog] -- Adding Salvage Point to <Land_Wreck_sed02_aban1_grey<a8a9b670>> at Pos <<3686.823486, 5.501119, 6032.731934>>
SCRIPT       : [JunkYardDog] -- Adding Fuel Point to <Land_Wreck_sed02_aban1_grey<a8a9b670>> at Pos <<3686.823486, 5.501119, 6032.731934>>
SCRIPT       : [JunkYardDog] -- Adding Salvage Point to <Land_Wreck_V3S<a8a940a0>> at Pos <<3685.296875, 6.262951, 6020.584961>>
SCRIPT       : [JunkYardDog] -- Adding Fuel Point to <Land_Wreck_V3S<a8a940a0>> at Pos <<3685.296875, 6.262951, 6020.584961>>
SCRIPT       : [JunkYardDog] -- Adding Salvage Point to <Land_Wreck_Lada_Green<a8aa3550>> at Pos <<3735.730469, 5.301497, 6021.749023>>
SCRIPT       : [JunkYardDog] -- Adding Fuel Point to <Land_Wreck_Lada_Green<a8aa3550>> at Pos <<3735.730469, 5.301497, 6021.749023>>
SCRIPT       : [JunkYardDog] -- Adding Salvage Point to <Land_Wreck_S1023_Blue<a8a9ecd0>> at Pos <<3740.524902, 5.650642, 6017.712402>>
SCRIPT       : [JunkYardDog] -- Adding Fuel Point to <Land_Wreck_S1023_Blue<a8a9ecd0>> at Pos <<3740.524902, 5.650642, 6017.712402>>
SCRIPT       : [JunkYardDog] -- Adding Salvage Point to <Static_Wreck_HMMWV<a92e1d70>> at Pos <<3727.282715, 5.547103, 6030.192871>>
SCRIPT       : [JunkYardDog] -- Adding Fuel Point to <Static_Wreck_HMMWV<a92e1d70>> at Pos <<3727.282715, 5.547103, 6030.192871>>
SCRIPT       : [JunkYardDog] -- Adding Salvage Point to <Static_Wreck_Digger<a5f00f20>> at Pos <<3838.269287, 5.166407, 6021.101563>>
SCRIPT       : [JunkYardDog] -- Adding Fuel Point to <Static_Wreck_Digger<a5f00f20>> at Pos <<3838.269287, 5.166407, 6021.101563>>
SCRIPT       : [JunkYardDog] -- Adding Salvage Point to <Land_Wreck_hb02_aban1_black<a8aa8ff0>> at Pos <<3669.880859, 5.399824, 6018.919434>>
SCRIPT       : [JunkYardDog] -- Adding Fuel Point to <Land_Wreck_hb02_aban1_black<a8aa8ff0>> at Pos <<3669.880859, 5.399824, 6018.919434>>
SCRIPT       : [JunkYardDog] -- Adding Salvage Point to <Land_Wreck_S1023_Beige<a8aa9900>> at Pos <<554.518372, 14.637499, 6070.383789>>
SCRIPT       : [JunkYardDog] -- Adding Fuel Point to <Land_Wreck_S1023_Beige<a8aa9900>> at Pos <<554.518372, 14.637499, 6070.383789>>
SCRIPT       : [JunkYardDog] -- Adding Salvage Point to <Land_Wreck_sed02_aban1_red<a8ab2a00>> at Pos <<549.668579, 14.256610, 6066.836914>>
SCRIPT       : [JunkYardDog] -- Adding Fuel Point to <Land_Wreck_sed02_aban1_red<a8ab2a00>> at Pos <<549.668579, 14.256610, 6066.836914>>
SCRIPT       : [JunkYardDog] -- Adding Salvage Point to <Land_wreck_truck01_aban1_green<a8ab84a0>> at Pos <<3241.891846, 16.469988, 6171.812988>>
SCRIPT       : [JunkYardDog] -- Adding Fuel Point to <Land_wreck_truck01_aban1_green<a8ab84a0>> at Pos <<3241.891846, 16.469988, 6171.812988>>
SCRIPT       : [JunkYardDog] -- Adding Salvage Point to <Land_Wreck_V3S<a8d68730>> at Pos <<3252.469971, 18.073143, 6180.689941>>
SCRIPT       : [JunkYardDog] -- Adding Fuel Point to <Land_Wreck_V3S<a8d68730>> at Pos <<3252.469971, 18.073143, 6180.689941>>
SCRIPT       : [JunkYardDog] -- Adding Salvage Point to <Land_Wreck_hb01_aban1_green<a8d662f0>> at Pos <<3417.456787, 18.378483, 6311.729492>>
SCRIPT       : [JunkYardDog] -- Adding Fuel Point to <Land_Wreck_hb01_aban1_green<a8d662f0>> at Pos <<3417.456787, 18.378483, 6311.729492>>
SCRIPT       : [JunkYardDog] -- Adding Salvage Point to <Land_Wreck_hb01_aban2_green<a8d73c70>> at Pos <<6108.851074, 11.204752, 6328.273438>>
SCRIPT       : [JunkYardDog] -- Adding Fuel Point to <Land_Wreck_hb01_aban2_green<a8d73c70>> at Pos <<6108.851074, 11.204752, 6328.273438>>
SCRIPT       : [JunkYardDog] -- Adding Salvage Point to <Land_wreck_truck01_aban2_orange<a8d47990>> at Pos <<3432.243896, 16.661507, 6408.219238>>
SCRIPT       : [JunkYardDog] -- Adding Fuel Point to <Land_wreck_truck01_aban2_orange<a8d47990>> at Pos <<3432.243896, 16.661507, 6408.219238>>
SCRIPT       : [JunkYardDog] -- Adding Salvage Point to <Land_wreck_truck01_aban2_orange<a8d48bb0>> at Pos <<3547.050537, 15.630000, 6401.000000>>
SCRIPT       : [JunkYardDog] -- Adding Fuel Point to <Land_wreck_truck01_aban2_orange<a8d48bb0>> at Pos <<3547.050537, 15.630000, 6401.000000>>
SCRIPT       : [JunkYardDog] -- Adding Salvage Point to <Land_Wreck_sed02_aban2_red<a8d45e60>> at Pos <<3575.307861, 16.288824, 6387.325195>>
SCRIPT       : [JunkYardDog] -- Adding Fuel Point to <Land_Wreck_sed02_aban2_red<a8d45e60>> at Pos <<3575.307861, 16.288824, 6387.325195>>
SCRIPT       : [JunkYardDog] -- Adding Salvage Point to <Land_Wreck_sed02_aban2_grey<a8d494c0>> at Pos <<3562.515381, 16.288858, 6404.354980>>
SCRIPT       : [JunkYardDog] -- Adding Fuel Point to <Land_Wreck_sed02_aban2_grey<a8d494c0>> at Pos <<3562.515381, 16.288858, 6404.354980>>
SCRIPT       : [JunkYardDog] -- Adding Salvage Point to <Land_Wreck_sed02_aban1_yellow<a8d42800>> at Pos <<3589.456543, 16.491119, 6377.296387>>
SCRIPT       : [JunkYardDog] -- Adding Fuel Point to <Land_Wreck_sed02_aban1_yellow<a8d42800>> at Pos <<3589.456543, 16.491119, 6377.296387>>
SCRIPT       : [JunkYardDog] -- Adding Salvage Point to <Land_Wreck_hb02_aban1_black<a8d4d430>> at Pos <<3615.948486, 16.389824, 6399.129883>>
SCRIPT       : [JunkYardDog] -- Adding Fuel Point to <Land_Wreck_hb02_aban1_black<a8d4d430>> at Pos <<3615.948486, 16.389824, 6399.129883>>
SCRIPT       : [JunkYardDog] -- Adding Salvage Point to <Land_Wreck_Uaz<a8d4dd40>> at Pos <<3597.224609, 16.473221, 6381.398926>>
SCRIPT       : [JunkYardDog] -- Adding Fuel Point to <Land_Wreck_Uaz<a8d4dd40>> at Pos <<3597.224609, 16.473221, 6381.398926>>
SCRIPT       : [JunkYardDog] -- Adding Salvage Point to <Land_Wreck_Volha_Grey<a8d4e650>> at Pos <<3586.525635, 16.366943, 6388.948242>>
SCRIPT       : [JunkYardDog] -- Adding Fuel Point to <Land_Wreck_Volha_Grey<a8d4e650>> at Pos <<3586.525635, 16.366943, 6388.948242>>
SCRIPT       : [JunkYardDog] -- Adding Salvage Point to <Land_Wreck_sed01_aban1_white<a8d4aff0>> at Pos <<3611.181641, 16.381632, 6412.383301>>
SCRIPT       : [JunkYardDog] -- Adding Fuel Point to <Land_Wreck_sed01_aban1_white<a8d4aff0>> at Pos <<3611.181641, 16.381632, 6412.383301>>
SCRIPT       : [JunkYardDog] -- Adding Salvage Point to <Land_Wreck_sed02_aban1_grey<a8d51cb0>> at Pos <<3612.797852, 16.491119, 6423.975586>>
SCRIPT       : [JunkYardDog] -- Adding Fuel Point to <Land_Wreck_sed02_aban1_grey<a8d51cb0>> at Pos <<3612.797852, 16.491119, 6423.975586>>
SCRIPT       : [JunkYardDog] -- Adding Salvage Point to <Land_Wreck_sed02_aban1_red<a8d4c210>> at Pos <<3593.943359, 16.491142, 6408.933594>>
SCRIPT       : [JunkYardDog] -- Adding Fuel Point to <Land_Wreck_sed02_aban1_red<a8d4c210>> at Pos <<3593.943359, 16.491142, 6408.933594>>
SCRIPT       : [JunkYardDog] -- Adding Salvage Point to <Land_Wreck_hb01_aban1_green<a8d4f870>> at Pos <<3590.000977, 16.692005, 6434.005371>>
SCRIPT       : [JunkYardDog] -- Adding Fuel Point to <Land_Wreck_hb01_aban1_green<a8d4f870>> at Pos <<3590.000977, 16.692005, 6434.005371>>
SCRIPT       : [JunkYardDog] -- Adding Salvage Point to <Land_Wreck_sed01_aban2_black<a8d4a6e0>> at Pos <<3612.369141, 14.101511, 6522.103516>>
SCRIPT       : [JunkYardDog] -- Adding Fuel Point to <Land_Wreck_sed01_aban2_black<a8d4a6e0>> at Pos <<3612.369141, 14.101511, 6522.103516>>
SCRIPT       : [JunkYardDog] -- Adding Salvage Point to <Land_Wreck_hb02_aban2_red<a8d537e0>> at Pos <<3628.952637, 16.333723, 6409.761230>>
SCRIPT       : [JunkYardDog] -- Adding Fuel Point to <Land_Wreck_hb02_aban2_red<a8d537e0>> at Pos <<3628.952637, 16.333723, 6409.761230>>
SCRIPT       : [JunkYardDog] -- Adding Salvage Point to <Land_Wreck_hb01_aban1_green<a8d4ef60>> at Pos <<3629.966309, 16.691992, 6421.557129>>
SCRIPT       : [JunkYardDog] -- Adding Fuel Point to <Land_Wreck_hb01_aban1_green<a8d4ef60>> at Pos <<3629.966309, 16.691992, 6421.557129>>
SCRIPT       : [JunkYardDog] -- Adding Salvage Point to <Land_Wreck_hb01_aban2_white<a8d55c20>> at Pos <<3648.648193, 16.560963, 6455.085938>>
SCRIPT       : [JunkYardDog] -- Adding Fuel Point to <Land_Wreck_hb01_aban2_white<a8d55c20>> at Pos <<3648.648193, 16.560963, 6455.085938>>
SCRIPT       : [JunkYardDog] -- Adding Salvage Point to <Land_Wreck_hb02_aban1_red<a8d513a0>> at Pos <<3682.543945, 16.389523, 6487.016602>>
SCRIPT       : [JunkYardDog] -- Adding Fuel Point to <Land_Wreck_hb02_aban1_red<a8d513a0>> at Pos <<3682.543945, 16.389523, 6487.016602>>
SCRIPT       : [JunkYardDog] -- Adding Salvage Point to <Land_Wreck_sed02_aban1_yellow<a8d60850>> at Pos <<4478.452637, 64.306427, 6577.417480>>
SCRIPT       : [JunkYardDog] -- Adding Fuel Point to <Land_Wreck_sed02_aban1_yellow<a8d60850>> at Pos <<4478.452637, 64.306427, 6577.417480>>
SCRIPT       : [JunkYardDog] -- Adding Salvage Point to <Land_Wreck_S1023_Beige<a8d61a70>> at Pos <<4500.408691, 64.444466, 6591.686523>>
SCRIPT       : [JunkYardDog] -- Adding Fuel Point to <Land_Wreck_S1023_Beige<a8d61a70>> at Pos <<4500.408691, 64.444466, 6591.686523>>
SCRIPT       : [JunkYardDog] -- Adding Salvage Point to <Land_wreck_truck01_aban2_green<a3f02420>> at Pos <<2857.355225, 6.519426, 6763.296387>>
SCRIPT       : [JunkYardDog] -- Adding Fuel Point to <Land_wreck_truck01_aban2_green<a3f02420>> at Pos <<2857.355225, 6.519426, 6763.296387>>
SCRIPT       : [JunkYardDog] -- Adding Salvage Point to <Static_Wreck_HMMWV<b34d29f0>> at Pos <<6945.035156, 15.358287, 6668.349609>>
SCRIPT       : [JunkYardDog] -- Adding Fuel Point to <Static_Wreck_HMMWV<b34d29f0>> at Pos <<6945.035156, 15.358287, 6668.349609>>
SCRIPT       : [JunkYardDog] -- Adding Salvage Point to <Land_Wreck_hb01_aban2_blue<a3f1d720>> at Pos <<6244.140137, 16.085325, 6744.160156>>
SCRIPT       : [JunkYardDog] -- Adding Fuel Point to <Land_Wreck_hb01_aban2_blue<a3f1d720>> at Pos <<6244.140137, 16.085325, 6744.160156>>
SCRIPT       : [JunkYardDog] -- Adding Salvage Point to <Land_Wreck_sed01_aban2_wine<a3f25600>> at Pos <<6243.731934, 15.908405, 6753.085938>>
SCRIPT       : [JunkYardDog] -- Adding Fuel Point to <Land_Wreck_sed01_aban2_wine<a3f25600>> at Pos <<6243.731934, 15.908405, 6753.085938>>
SCRIPT       : [JunkYardDog] -- Adding Salvage Point to <Land_Wreck_hb02_aban1_red<a3f21fa0>> at Pos <<1254.634277, 38.509823, 6741.747070>>
SCRIPT       : [JunkYardDog] -- Adding Fuel Point to <Land_Wreck_hb02_aban1_red<a3f21fa0>> at Pos <<1254.634277, 38.509823, 6741.747070>>
SCRIPT       : [JunkYardDog] -- Adding Salvage Point to <Land_Wreck_S1023_Blue<a3f25f10>> at Pos <<1275.776489, 38.748940, 6784.554688>>
SCRIPT       : [JunkYardDog] -- Adding Fuel Point to <Land_Wreck_S1023_Blue<a3f25f10>> at Pos <<1275.776489, 38.748940, 6784.554688>>
SCRIPT       : [JunkYardDog] -- Adding Salvage Point to <Static_Wreck_HMMWV<b177cf60>> at Pos <<6832.841309, 15.317952, 6725.459961>>
SCRIPT       : [JunkYardDog] -- Adding Fuel Point to <Static_Wreck_HMMWV<b177cf60>> at Pos <<6832.841309, 15.317952, 6725.459961>>
SCRIPT       : [JunkYardDog] -- Adding Salvage Point to <Static_Wreck_HMMWV<b1778a00>> at Pos <<6846.062500, 15.333985, 6814.475586>>
SCRIPT       : [JunkYardDog] -- Adding Fuel Point to <Static_Wreck_HMMWV<b1778a00>> at Pos <<6846.062500, 15.333985, 6814.475586>>
SCRIPT       : [JunkYardDog] -- Adding Salvage Point to <Static_Wreck_HMMWV<b1785580>> at Pos <<6844.328125, 14.999730, 6874.948730>>
SCRIPT       : [JunkYardDog] -- Adding Fuel Point to <Static_Wreck_HMMWV<b1785580>> at Pos <<6844.328125, 14.999730, 6874.948730>>
SCRIPT       : [JunkYardDog] -- Adding Salvage Point to <Static_Wreck_HMMWV<ab8ed7d0>> at Pos <<6848.456543, 15.333985, 6804.534668>>
SCRIPT       : [JunkYardDog] -- Adding Fuel Point to <Static_Wreck_HMMWV<ab8ed7d0>> at Pos <<6848.456543, 15.333985, 6804.534668>>
SCRIPT       : [JunkYardDog] -- Adding Salvage Point to <Static_Wreck_Digger<ab90e270>> at Pos <<7010.558594, 26.736065, 6839.534668>>
SCRIPT       : [JunkYardDog] -- Adding Fuel Point to <Static_Wreck_Digger<ab90e270>> at Pos <<7010.558594, 26.736065, 6839.534668>>
SCRIPT       : [JunkYardDog] -- Adding Salvage Point to <Land_wreck_truck01_aban2_blue<a3f3a550>> at Pos <<2833.292480, 6.499839, 6866.886230>>
SCRIPT       : [JunkYardDog] -- Adding Fuel Point to <Land_wreck_truck01_aban2_blue<a3f3a550>> at Pos <<2833.292480, 6.499839, 6866.886230>>
SCRIPT       : [JunkYardDog] -- Adding Salvage Point to <Static_Wreck_Ural<b16b7290>> at Pos <<2853.695068, 7.686787, 6829.259766>>
SCRIPT       : [JunkYardDog] -- Adding Fuel Point to <Static_Wreck_Ural<b16b7290>> at Pos <<2853.695068, 7.686787, 6829.259766>>
SCRIPT       : [JunkYardDog] -- Adding Salvage Point to <Land_Wreck_Harverster<b17f75c0>> at Pos <<5081.006836, 15.440615, 6927.810059>>
SCRIPT       : [JunkYardDog] -- Adding Fuel Point to <Land_Wreck_Harverster<b17f75c0>> at Pos <<5081.006836, 15.440615, 6927.810059>>
SCRIPT       : [JunkYardDog] -- Adding Salvage Point to <Land_wreck_truck01_aban1_blue<b17fa310>> at Pos <<5268.538086, 5.059521, 6998.530762>>
SCRIPT       : [JunkYardDog] -- Adding Fuel Point to <Land_wreck_truck01_aban1_blue<b17fa310>> at Pos <<5268.538086, 5.059521, 6998.530762>>
SCRIPT       : [JunkYardDog] -- Adding Salvage Point to <Land_Wreck_hb01_aban2_blue<b17f9a00>> at Pos <<5788.410645, 16.854012, 6873.245117>>
SCRIPT       : [JunkYardDog] -- Adding Fuel Point to <Land_Wreck_hb01_aban2_blue<b17f9a00>> at Pos <<5788.410645, 16.854012, 6873.245117>>
SCRIPT       : [JunkYardDog] -- Adding Salvage Point to <Land_Wreck_sed01_aban2_wine<b17fc750>> at Pos <<5798.196777, 16.675161, 6855.659668>>
SCRIPT       : [JunkYardDog] -- Adding Fuel Point to <Land_Wreck_sed01_aban2_wine<b17fc750>> at Pos <<5798.196777, 16.675161, 6855.659668>>
SCRIPT       : [JunkYardDog] -- Adding Salvage Point to <Static_Wreck_Digger<b29704e0>> at Pos <<6211.233887, 10.258520, 7068.666504>>
SCRIPT       : [JunkYardDog] -- Adding Fuel Point to <Static_Wreck_Digger<b29704e0>> at Pos <<6211.233887, 10.258520, 7068.666504>>
SCRIPT       : [JunkYardDog] -- Adding Salvage Point to <Land_Wreck_S1023_Blue<b1804630>> at Pos <<5287.536621, 6.403430, 7025.114746>>
SCRIPT       : [JunkYardDog] -- Adding Fuel Point to <Land_Wreck_S1023_Blue<b1804630>> at Pos <<5287.536621, 6.403430, 7025.114746>>
SCRIPT       : [JunkYardDog] -- Adding Salvage Point to <Land_Wreck_Tractor<b180a0d0>> at Pos <<5308.165039, 8.324460, 7100.670898>>
SCRIPT       : [JunkYardDog] -- Adding Fuel Point to <Land_Wreck_Tractor<b180a0d0>> at Pos <<5308.165039, 8.324460, 7100.670898>>
SCRIPT       : [JunkYardDog] -- Adding Salvage Point to <Land_Wreck_sed01_aban2_wine<b1804f40>> at Pos <<5384.560547, 7.037479, 7005.273438>>
SCRIPT       : [JunkYardDog] -- Adding Fuel Point to <Land_Wreck_sed01_aban2_wine<b1804f40>> at Pos <<5384.560547, 7.037479, 7005.273438>>
SCRIPT       : [JunkYardDog] -- Adding Salvage Point to <Static_Wreck_HMMWV<b2e87a70>> at Pos <<6797.833984, 15.537987, 7069.395996>>
SCRIPT       : [JunkYardDog] -- Adding Fuel Point to <Static_Wreck_HMMWV<b2e87a70>> at Pos <<6797.833984, 15.537987, 7069.395996>>
SCRIPT       : [JunkYardDog] -- Adding Salvage Point to <Static_Wreck_HMMWV<b2e88aa0>> at Pos <<6795.629395, 15.411217, 7094.925781>>
SCRIPT       : [JunkYardDog] -- Adding Fuel Point to <Static_Wreck_HMMWV<b2e88aa0>> at Pos <<6795.629395, 15.411217, 7094.925781>>
SCRIPT       : [JunkYardDog] -- Adding Salvage Point to <Static_Wreck_HMMWV<b2e8c220>> at Pos <<6796.896484, 15.407945, 7081.371094>>
SCRIPT       : [JunkYardDog] -- Adding Fuel Point to <Static_Wreck_HMMWV<b2e8c220>> at Pos <<6796.896484, 15.407945, 7081.371094>>
SCRIPT       : [JunkYardDog] -- Adding Salvage Point to <Static_Wreck_HMMWV<b2e6cea0>> at Pos <<6827.380859, 15.333736, 7196.594238>>
SCRIPT       : [JunkYardDog] -- Adding Fuel Point to <Static_Wreck_HMMWV<b2e6cea0>> at Pos <<6827.380859, 15.333736, 7196.594238>>
SCRIPT       : [JunkYardDog] -- Adding Salvage Point to <Static_Wreck_HMMWV<b3d85cb0>> at Pos <<6855.371582, 15.310043, 7057.766602>>
SCRIPT       : [JunkYardDog] -- Adding Fuel Point to <Static_Wreck_HMMWV<b3d85cb0>> at Pos <<6855.371582, 15.310043, 7057.766602>>
SCRIPT       : [JunkYardDog] -- Adding Salvage Point to <Static_Wreck_HMMWV<b3d81bf0>> at Pos <<6850.408691, 15.333817, 7043.559082>>
SCRIPT       : [JunkYardDog] -- Adding Fuel Point to <Static_Wreck_HMMWV<b3d81bf0>> at Pos <<6850.408691, 15.333817, 7043.559082>>
SCRIPT       : [JunkYardDog] -- Adding Salvage Point to <Static_Wreck_HMMWV<b3d87d10>> at Pos <<6877.213379, 15.336511, 7088.256348>>
SCRIPT       : [JunkYardDog] -- Adding Fuel Point to <Static_Wreck_HMMWV<b3d87d10>> at Pos <<6877.213379, 15.336511, 7088.256348>>
SCRIPT       : [JunkYardDog] -- Adding Salvage Point to <Static_Wreck_HMMWV<b3d87f60>> at Pos <<6877.502930, 15.336511, 7097.580566>>
SCRIPT       : [JunkYardDog] -- Adding Fuel Point to <Static_Wreck_HMMWV<b3d87f60>> at Pos <<6877.502930, 15.336511, 7097.580566>>
SCRIPT       : [JunkYardDog] -- Adding Salvage Point to <Static_Wreck_HMMWV<b3d881b0>> at Pos <<6861.933594, 15.340574, 7080.459473>>
SCRIPT       : [JunkYardDog] -- Adding Fuel Point to <Static_Wreck_HMMWV<b3d881b0>> at Pos <<6861.933594, 15.340574, 7080.459473>>
SCRIPT       : [JunkYardDog] -- Adding Salvage Point to <Static_Wreck_HMMWV<b3d8a900>> at Pos <<6852.207031, 15.341726, 7175.447266>>
SCRIPT       : [JunkYardDog] -- Adding Fuel Point to <Static_Wreck_HMMWV<b3d8a900>> at Pos <<6852.207031, 15.341726, 7175.447266>>
SCRIPT       : [JunkYardDog] -- Adding Salvage Point to <Static_Wreck_HMMWV<b3d99bd0>> at Pos <<6888.075684, 15.337683, 7159.935547>>
SCRIPT       : [JunkYardDog] -- Adding Fuel Point to <Static_Wreck_HMMWV<b3d99bd0>> at Pos <<6888.075684, 15.337683, 7159.935547>>
SCRIPT       : [JunkYardDog] -- Adding Salvage Point to <Static_Wreck_HMMWV<b3d99730>> at Pos <<6886.468750, 15.342878, 7185.449219>>
SCRIPT       : [JunkYardDog] -- Adding Fuel Point to <Static_Wreck_HMMWV<b3d99730>> at Pos <<6886.468750, 15.342878, 7185.449219>>
SCRIPT       : [JunkYardDog] -- Adding Salvage Point to <Static_Wreck_HMMWV<b3d91ca0>> at Pos <<6905.943848, 15.325775, 7188.232910>>
SCRIPT       : [JunkYardDog] -- Adding Fuel Point to <Static_Wreck_HMMWV<b3d91ca0>> at Pos <<6905.943848, 15.325775, 7188.232910>>
SCRIPT       : [JunkYardDog] -- Adding Salvage Point to <Static_Wreck_HMMWV<b3d99e20>> at Pos <<6892.719238, 15.342880, 7189.785156>>
SCRIPT       : [JunkYardDog] -- Adding Fuel Point to <Static_Wreck_HMMWV<b3d99e20>> at Pos <<6892.719238, 15.342880, 7189.785156>>
SCRIPT       : [JunkYardDog] -- Adding Salvage Point to <Static_Wreck_HMMWV<b3d91ef0>> at Pos <<6911.055664, 15.317932, 7181.451172>>
SCRIPT       : [JunkYardDog] -- Adding Fuel Point to <Static_Wreck_HMMWV<b3d91ef0>> at Pos <<6911.055664, 15.317932, 7181.451172>>
SCRIPT       : [JunkYardDog] -- Adding Salvage Point to <Static_Wreck_HMMWV<b3da9a30>> at Pos <<6922.803223, 15.308257, 7132.579590>>
SCRIPT       : [JunkYardDog] -- Adding Fuel Point to <Static_Wreck_HMMWV<b3da9a30>> at Pos <<6922.803223, 15.308257, 7132.579590>>
SCRIPT       : [JunkYardDog] -- Adding Salvage Point to <Static_Wreck_HMMWV<b3da5030>> at Pos <<6914.969238, 15.308255, 7132.885742>>
SCRIPT       : [JunkYardDog] -- Adding Fuel Point to <Static_Wreck_HMMWV<b3da5030>> at Pos <<6914.969238, 15.308255, 7132.885742>>
SCRIPT       : [JunkYardDog] -- Adding Salvage Point to <Static_Wreck_HMMWV<b3dadd40>> at Pos <<6922.517090, 15.335156, 7148.657227>>
SCRIPT       : [JunkYardDog] -- Adding Fuel Point to <Static_Wreck_HMMWV<b3dadd40>> at Pos <<6922.517090, 15.335156, 7148.657227>>
SCRIPT       : [JunkYardDog] -- Adding Salvage Point to <Static_Wreck_HMMWV<b3daed70>> at Pos <<6914.924805, 15.335157, 7150.621094>>
SCRIPT       : [JunkYardDog] -- Adding Fuel Point to <Static_Wreck_HMMWV<b3daed70>> at Pos <<6914.924805, 15.335157, 7150.621094>>
SCRIPT       : [JunkYardDog] -- Adding Salvage Point to <Land_Wreck_sed01_aban1_wine<b1825ce0>> at Pos <<4227.735840, 16.733238, 7291.679199>>
SCRIPT       : [JunkYardDog] -- Adding Fuel Point to <Land_Wreck_sed01_aban1_wine<b1825ce0>> at Pos <<4227.735840, 16.733238, 7291.679199>>
SCRIPT       : [JunkYardDog] -- Adding Salvage Point to <Land_Wreck_hb01_aban1_blue<b1832440>> at Pos <<1343.029663, 87.739403, 3571.526367>>
SCRIPT       : [JunkYardDog] -- Adding Fuel Point to <Land_Wreck_hb01_aban1_blue<b1832440>> at Pos <<1343.029663, 87.739403, 3571.526367>>
SCRIPT       : [JunkYardDog] -- Adding Salvage Point to <Land_Wreck_S1023_Beige<b1815610>> at Pos <<1329.356201, 87.726799, 3580.858887>>
SCRIPT       : [JunkYardDog] -- Adding Fuel Point to <Land_Wreck_S1023_Beige<b1815610>> at Pos <<1329.356201, 87.726799, 3580.858887>>
SCRIPT       : [JunkYardDog] -- Adding Salvage Point to <Land_Wreck_sed01_aban2_white<b18131d0>> at Pos <<1343.403076, 87.473160, 3579.755859>>
SCRIPT       : [JunkYardDog] -- Adding Fuel Point to <Land_Wreck_sed01_aban2_white<b18131d0>> at Pos <<1343.403076, 87.473160, 3579.755859>>
SCRIPT       : [JunkYardDog] -- Adding Salvage Point to <Land_Wreck_hb01_aban2_blue<afd7f980>> at Pos <<5558.016113, 10.601180, 7089.315918>>
SCRIPT       : [JunkYardDog] -- Adding Fuel Point to <Land_Wreck_hb01_aban2_blue<afd7f980>> at Pos <<5558.016113, 10.601180, 7089.315918>>
SCRIPT       : [JunkYardDog] -- Adding Salvage Point to <Land_wreck_truck01_aban1_green<afd86f50>> at Pos <<5552.080078, 9.367132, 7076.017090>>
SCRIPT       : [JunkYardDog] -- Adding Fuel Point to <Land_wreck_truck01_aban1_green<afd86f50>> at Pos <<5552.080078, 9.367132, 7076.017090>>
SCRIPT       : [JunkYardDog] -- Adding Salvage Point to <Static_Wreck_Digger<b25c4fc0>> at Pos <<5613.199219, 14.654358, 7185.343262>>
SCRIPT       : [JunkYardDog] -- Adding Fuel Point to <Static_Wreck_Digger<b25c4fc0>> at Pos <<5613.199219, 14.654358, 7185.343262>>
SCRIPT    (E): NULL pointer to instance
Class:      'PlagueHeart'
Entity id:1262219

Function: 'EEHealthLevelChanged'
Stack trace:
harksbloodplague/52dd pel/ 3gNP7Jlz/H5 ZtDem/﻿﻿﻿﻿/1ryCtG6A/e eAmJmt/X4cai9VJ.y iMKmui:159 Function EEHealthLevelChanged
SCRIPT       : [JunkYardDog] -- Adding Salvage Point to <Land_Wreck_S1023_Beige<afd89390>> at Pos <<1676.822388, 23.084387, 7376.766113>>
SCRIPT       : [JunkYardDog] -- Adding Fuel Point to <Land_Wreck_S1023_Beige<afd89390>> at Pos <<1676.822388, 23.084387, 7376.766113>>
SCRIPT       : [JunkYardDog] -- Adding Salvage Point to <Land_wreck_truck01_aban2_green<afd838f0>> at Pos <<1665.172485, 22.076361, 7365.936523>>
SCRIPT       : [JunkYardDog] -- Adding Fuel Point to <Land_wreck_truck01_aban2_green<afd838f0>> at Pos <<1665.172485, 22.076361, 7365.936523>>
SCRIPT       : [JunkYardDog] -- Adding Salvage Point to <Land_Wreck_Volha_Grey<afd96d10>> at Pos <<2688.144287, 44.685669, 5951.580566>>
SCRIPT       : [JunkYardDog] -- Adding Fuel Point to <Land_Wreck_Volha_Grey<afd96d10>> at Pos <<2688.144287, 44.685669, 5951.580566>>
SCRIPT       : [JunkYardDog] -- Adding Salvage Point to <Land_Wreck_hb02_aban2_blue<afd98840>> at Pos <<2690.704590, 44.669094, 5964.319336>>
SCRIPT       : [JunkYardDog] -- Adding Fuel Point to <Land_Wreck_hb02_aban2_blue<afd98840>> at Pos <<2690.704590, 44.669094, 5964.319336>>
SCRIPT       : [JunkYardDog] -- Adding Salvage Point to <Land_wreck_truck01_aban1_green<afd8e520>> at Pos <<2746.802002, 44.283222, 6014.562500>>
SCRIPT       : [JunkYardDog] -- Adding Fuel Point to <Land_wreck_truck01_aban1_green<afd8e520>> at Pos <<2746.802002, 44.283222, 6014.562500>>
SCRIPT       : [JunkYardDog] -- Adding Salvage Point to <Land_wreck_truck01_aban2_orange<afd9bea0>> at Pos <<2770.533936, 44.259644, 5972.666504>>
SCRIPT       : [JunkYardDog] -- Adding Fuel Point to <Land_wreck_truck01_aban2_orange<afd9bea0>> at Pos <<2770.533936, 44.259644, 5972.666504>>
SCRIPT       : [JunkYardDog] -- Adding Salvage Point to <Land_Wreck_Volha_Grey<afdb2920>> at Pos <<2633.820801, 44.808640, 5948.888672>>
SCRIPT       : [JunkYardDog] -- Adding Fuel Point to <Land_Wreck_Volha_Grey<afdb2920>> at Pos <<2633.820801, 44.808640, 5948.888672>>
SCRIPT       : [JunkYardDog] -- Adding Salvage Point to <Land_Wreck_sed01_aban1_white<afdae0a0>> at Pos <<2665.644287, 44.691658, 5906.048828>>
SCRIPT       : [JunkYardDog] -- Adding Fuel Point to <Land_Wreck_sed01_aban1_white<afdae0a0>> at Pos <<2665.644287, 44.691658, 5906.048828>>
SCRIPT       : [JunkYardDog] -- Adding Salvage Point to <Land_Wreck_sed02_aban2_grey<afdb3b40>> at Pos <<2718.922119, 44.598808, 5877.119629>>
SCRIPT       : [JunkYardDog] -- Adding Fuel Point to <Land_Wreck_sed02_aban2_grey<afdb3b40>> at Pos <<2718.922119, 44.598808, 5877.119629>>
SCRIPT       : [JunkYardDog] -- Adding Salvage Point to <Land_Wreck_hb02_aban2_black<afdae9b0>> at Pos <<2688.072754, 44.669270, 5877.129395>>
SCRIPT       : [JunkYardDog] -- Adding Fuel Point to <Land_Wreck_hb02_aban2_black<afdae9b0>> at Pos <<2688.072754, 44.669270, 5877.129395>>
SCRIPT       : [JunkYardDog] -- Adding Salvage Point to <Land_Wreck_hb01_aban2_blue<afdb04e0>> at Pos <<2688.465088, 44.920387, 5889.243164>>
SCRIPT       : [JunkYardDog] -- Adding Fuel Point to <Land_Wreck_hb01_aban2_blue<afdb04e0>> at Pos <<2688.465088, 44.920387, 5889.243164>>
SCRIPT       : [JunkYardDog] -- Adding Salvage Point to <Land_wreck_truck01_aban1_green<afdb4450>> at Pos <<2732.454102, 43.940052, 5905.162109>>
SCRIPT       : [JunkYardDog] -- Adding Fuel Point to <Land_wreck_truck01_aban1_green<afdb4450>> at Pos <<2732.454102, 43.940052, 5905.162109>>
SCRIPT       : [JunkYardDog] -- Adding Salvage Point to <Land_Wreck_sed01_aban1_white<afdb4d60>> at Pos <<2734.985352, 45.115471, 6027.040527>>
SCRIPT       : [JunkYardDog] -- Adding Fuel Point to <Land_Wreck_sed01_aban1_white<afdb4d60>> at Pos <<2734.985352, 45.115471, 6027.040527>>
SCRIPT       : [JunkYardDog] -- Adding Salvage Point to <Land_wreck_truck01_aban2_orange<afdb5670>> at Pos <<2721.763672, 44.409977, 6055.256836>>
SCRIPT       : [JunkYardDog] -- Adding Fuel Point to <Land_wreck_truck01_aban2_orange<afdb5670>> at Pos <<2721.763672, 44.409977, 6055.256836>>
SCRIPT       : [JunkYardDog] -- Adding Salvage Point to <Land_Wreck_Volha_Blue<afdb7ab0>> at Pos <<2764.045166, 44.676945, 5878.128906>>
SCRIPT       : [JunkYardDog] -- Adding Fuel Point to <Land_Wreck_Volha_Blue<afdb7ab0>> at Pos <<2764.045166, 44.676945, 5878.128906>>
SCRIPT       : [JunkYardDog] -- Adding Salvage Point to <Land_wreck_truck01_aban2_blue<afdb9ef0>> at Pos <<2814.918213, 44.410267, 5947.968750>>
SCRIPT       : [JunkYardDog] -- Adding Fuel Point to <Land_wreck_truck01_aban2_blue<afdb9ef0>> at Pos <<2814.918213, 44.410267, 5947.968750>>
SCRIPT       : [JunkYardDog] -- Adding Salvage Point to <Land_Wreck_sed02_aban2_yellow<afdbcc40>> at Pos <<2814.938965, 45.068821, 5961.391602>>
SCRIPT       : [JunkYardDog] -- Adding Fuel Point to <Land_Wreck_sed02_aban2_yellow<afdbcc40>> at Pos <<2814.938965, 45.068821, 5961.391602>>
SCRIPT       : [JunkYardDog] -- Adding Salvage Point to <Land_Wreck_Uaz<b1b0ea40>> at Pos <<2805.105469, 45.253162, 5965.519531>>
SCRIPT       : [JunkYardDog] -- Adding Fuel Point to <Land_Wreck_Uaz<b1b0ea40>> at Pos <<2805.105469, 45.253162, 5965.519531>>
SCRIPT       : [JunkYardDog] -- Adding Salvage Point to <Land_Wreck_sed02_aban1_yellow<b1b120a0>> at Pos <<1976.793091, 36.981976, 7365.978516>>
SCRIPT       : [JunkYardDog] -- Adding Fuel Point to <Land_Wreck_sed02_aban1_yellow<b1b120a0>> at Pos <<1976.793091, 36.981976, 7365.978516>>
SCRIPT       : [JunkYardDog] -- Adding Salvage Point to <Land_Wreck_sed01_aban2_white<b1b17b40>> at Pos <<2007.806519, 35.086956, 7390.848145>>
SCRIPT       : [JunkYardDog] -- Adding Fuel Point to <Land_Wreck_sed01_aban2_white<b1b17b40>> at Pos <<2007.806519, 35.086956, 7390.848145>>
SCRIPT       : [JunkYardDog] -- Adding Salvage Point to <Static_Wreck_S120_Red<b3f51420>> at Pos <<4557.335449, 16.538828, 7381.394043>>
SCRIPT       : [JunkYardDog] -- Adding Fuel Point to <Static_Wreck_S120_Red<b3f51420>> at Pos <<4557.335449, 16.538828, 7381.394043>>
SCRIPT       : [JunkYardDog] -- Adding Salvage Point to <Land_Wreck_sed02_aban1_grey<b1b28210>> at Pos <<4576.221680, 16.900944, 7332.009277>>
SCRIPT       : [JunkYardDog] -- Adding Fuel Point to <Land_Wreck_sed02_aban1_grey<b1b28210>> at Pos <<4576.221680, 16.900944, 7332.009277>>
SCRIPT       : [JunkYardDog] -- Adding Salvage Point to <Static_Wreck_Ural<b9ee68a0>> at Pos <<4647.874023, 16.816950, 7530.903809>>
SCRIPT       : [JunkYardDog] -- Adding Fuel Point to <Static_Wreck_Ural<b9ee68a0>> at Pos <<4647.874023, 16.816950, 7530.903809>>
SCRIPT       : [JunkYardDog] -- Adding Salvage Point to <Land_wreck_truck01_aban2_green<b1b498c0>> at Pos <<4702.073242, 15.797871, 7566.100586>>
SCRIPT       : [JunkYardDog] -- Adding Fuel Point to <Land_wreck_truck01_aban2_green<b1b498c0>> at Pos <<4702.073242, 15.797871, 7566.100586>>
SCRIPT       : [JunkYardDog] -- Adding Salvage Point to <Land_Wreck_sed02_aban1_yellow<b32c2ce0>> at Pos <<4452.959961, 16.561337, 7615.726074>>
SCRIPT       : [JunkYardDog] -- Adding Fuel Point to <Land_Wreck_sed02_aban1_yellow<b32c2ce0>> at Pos <<4452.959961, 16.561337, 7615.726074>>
SCRIPT       : [JunkYardDog] -- Adding Salvage Point to <Land_Wreck_Lada_Green<b32c3f00>> at Pos <<4550.620117, 16.493559, 7609.004883>>
SCRIPT       : [JunkYardDog] -- Adding Fuel Point to <Land_Wreck_Lada_Green<b32c3f00>> at Pos <<4550.620117, 16.493559, 7609.004883>>
SCRIPT       : [JunkYardDog] -- Adding Salvage Point to <Static_Wreck_S120_Red<b33068c0>> at Pos <<4690.976074, 16.399143, 7613.687012>>
SCRIPT       : [JunkYardDog] -- Adding Fuel Point to <Static_Wreck_S120_Red<b33068c0>> at Pos <<4690.976074, 16.399143, 7613.687012>>
SCRIPT       : [JunkYardDog] -- Adding Salvage Point to <Land_Wreck_Volha_Blue<b32c8780>> at Pos <<4741.960938, 16.279078, 7598.715332>>
SCRIPT       : [JunkYardDog] -- Adding Fuel Point to <Land_Wreck_Volha_Blue<b32c8780>> at Pos <<4741.960938, 16.279078, 7598.715332>>
SCRIPT       : [JunkYardDog] -- Adding Salvage Point to <Land_Wreck_Volha_Blue<b32ca2b0>> at Pos <<4779.777832, 16.288183, 7515.143555>>
SCRIPT       : [JunkYardDog] -- Adding Fuel Point to <Land_Wreck_Volha_Blue<b32ca2b0>> at Pos <<4779.777832, 16.288183, 7515.143555>>
SCRIPT       : [JunkYardDog] -- Adding Salvage Point to <Land_Wreck_sed02_aban2_grey<b32d3cc0>> at Pos <<2559.955322, 6.488884, 7647.288574>>
SCRIPT       : [JunkYardDog] -- Adding Fuel Point to <Land_Wreck_sed02_aban2_grey<b32d3cc0>> at Pos <<2559.955322, 6.488884, 7647.288574>>
SCRIPT       : [JunkYardDog] -- Adding Salvage Point to <Land_wreck_truck01_aban1_green<b32d45d0>> at Pos <<2590.389893, 5.830000, 7581.336426>>
SCRIPT       : [JunkYardDog] -- Adding Fuel Point to <Land_wreck_truck01_aban1_green<b32d45d0>> at Pos <<2590.389893, 5.830000, 7581.336426>>
SCRIPT       : [JunkYardDog] -- Adding Salvage Point to <Land_Wreck_hb02_aban1_blue<b32d6100>> at Pos <<2606.326904, 6.589831, 7577.729004>>
SCRIPT       : [JunkYardDog] -- Adding Fuel Point to <Land_Wreck_hb02_aban1_blue<b32d6100>> at Pos <<2606.326904, 6.589831, 7577.729004>>
SCRIPT       : [JunkYardDog] -- Adding Salvage Point to <Land_wreck_truck01_aban1_green<b32df200>> at Pos <<2696.036133, 5.898561, 7460.806152>>
SCRIPT       : [JunkYardDog] -- Adding Fuel Point to <Land_wreck_truck01_aban1_green<b32df200>> at Pos <<2696.036133, 5.898561, 7460.806152>>
SCRIPT       : [JunkYardDog] -- Adding Salvage Point to <Land_Wreck_S1023_Beige<b32e0d30>> at Pos <<4718.874512, 16.913778, 7626.056152>>
SCRIPT       : [JunkYardDog] -- Adding Fuel Point to <Land_Wreck_S1023_Beige<b32e0d30>> at Pos <<4718.874512, 16.913778, 7626.056152>>
SCRIPT       : [JunkYardDog] -- Adding Salvage Point to <Land_Wreck_S1023_Beige<b32e8300>> at Pos <<2064.394775, 8.680546, 7629.056641>>
SCRIPT       : [JunkYardDog] -- Adding Fuel Point to <Land_Wreck_S1023_Beige<b32e8300>> at Pos <<2064.394775, 8.680546, 7629.056641>>
SCRIPT       : [JunkYardDog] -- Adding Salvage Point to <Land_Wreck_S1023_Blue<b32eb050>> at Pos <<2074.694092, 6.002433, 7648.229492>>
SCRIPT       : [JunkYardDog] -- Adding Fuel Point to <Land_Wreck_S1023_Blue<b32eb050>> at Pos <<2074.694092, 6.002433, 7648.229492>>
SCRIPT       : [JunkYardDog] -- Adding Salvage Point to <Land_Wreck_sed01_aban1_white<b32e9520>> at Pos <<2088.673096, 8.849838, 7596.889648>>
SCRIPT       : [JunkYardDog] -- Adding Fuel Point to <Land_Wreck_sed01_aban1_white<b32e9520>> at Pos <<2088.673096, 8.849838, 7596.889648>>
SCRIPT       : [JunkYardDog] -- Adding Salvage Point to <Land_Wreck_hb01_aban2_blue<b32e8c10>> at Pos <<2111.516602, 6.235377, 7655.572266>>
SCRIPT       : [JunkYardDog] -- Adding Fuel Point to <Land_Wreck_hb01_aban2_blue<b32e8c10>> at Pos <<2111.516602, 6.235377, 7655.572266>>
SCRIPT       : [JunkYardDog] -- Adding Salvage Point to <Land_wreck_truck01_aban1_blue<b32e55b0>> at Pos <<2137.247559, 5.739831, 7613.777832>>
SCRIPT       : [JunkYardDog] -- Adding Fuel Point to <Land_wreck_truck01_aban1_blue<b32e55b0>> at Pos <<2137.247559, 5.739831, 7613.777832>>
SCRIPT       : =============== WARNING ===============
SCRIPT       : [TerjeSkills]: You are using the trial version of the 'Terje Skills' mod.
SCRIPT       : [TerjeSkills]: To remove this message and watermark - please buy license on terjehub.com
SCRIPT       : =======================================
SCRIPT       : [JunkYardDog] -- Adding Salvage Point to <Land_Wreck_sed01_aban2_white<b9d2ab90>> at Pos <<4331.554688, 16.930853, 7537.391602>>
SCRIPT       : [JunkYardDog] -- Adding Fuel Point to <Land_Wreck_sed01_aban2_white<b9d2ab90>> at Pos <<4331.554688, 16.930853, 7537.391602>>
SCRIPT       : [JunkYardDog] -- Adding Salvage Point to <Land_Wreck_Lada_Green<b9d2d8e0>> at Pos <<4329.158203, 17.062387, 7589.322754>>
SCRIPT       : [JunkYardDog] -- Adding Fuel Point to <Land_Wreck_Lada_Green<b9d2d8e0>> at Pos <<4329.158203, 17.062387, 7589.322754>>
SCRIPT       : [JunkYardDog] -- Adding Salvage Point to <Land_Wreck_sed02_aban1_red<b9d2b4a0>> at Pos <<4330.479980, 17.007681, 7612.112793>>
SCRIPT       : [JunkYardDog] -- Adding Fuel Point to <Land_Wreck_sed02_aban1_red<b9d2b4a0>> at Pos <<4330.479980, 17.007681, 7612.112793>>
SCRIPT       : [JunkYardDog] -- Adding Salvage Point to <Land_Wreck_sed01_aban1_white<b9d2fd20>> at Pos <<4328.734863, 16.658754, 7655.370605>>
SCRIPT       : [JunkYardDog] -- Adding Fuel Point to <Land_Wreck_sed01_aban1_white<b9d2fd20>> at Pos <<4328.734863, 16.658754, 7655.370605>>
SCRIPT       : [JunkYardDog] -- Adding Salvage Point to <Land_Wreck_sed02_aban1_red<b9d28750>> at Pos <<4340.870117, 16.698275, 7664.308105>>
SCRIPT       : [JunkYardDog] -- Adding Fuel Point to <Land_Wreck_sed02_aban1_red<b9d28750>> at Pos <<4340.870117, 16.698275, 7664.308105>>
SCRIPT       : [JunkYardDog] -- Adding Salvage Point to <Land_Wreck_Volha_Blue<b9d30f40>> at Pos <<4369.341309, 16.775286, 7573.703613>>
SCRIPT       : [JunkYardDog] -- Adding Fuel Point to <Land_Wreck_Volha_Blue<b9d30f40>> at Pos <<4369.341309, 16.775286, 7573.703613>>
SCRIPT       : [JunkYardDog] -- Adding Salvage Point to <Land_Wreck_hb02_aban1_blue<b9d29970>> at Pos <<4357.938965, 16.869822, 7610.941406>>
SCRIPT       : [JunkYardDog] -- Adding Fuel Point to <Land_Wreck_hb02_aban1_blue<b9d29970>> at Pos <<4357.938965, 16.869822, 7610.941406>>
SCRIPT       : [JunkYardDog] -- Adding Salvage Point to <Static_Wreck_S120_Red<b1344370>> at Pos <<4405.870605, 16.282368, 7605.106445>>
SCRIPT       : [JunkYardDog] -- Adding Fuel Point to <Static_Wreck_S120_Red<b1344370>> at Pos <<4405.870605, 16.282368, 7605.106445>>
SCRIPT       : [JunkYardDog] -- Adding Salvage Point to <Land_Wreck_Uaz<b9d34eb0>> at Pos <<4444.038574, 16.710466, 7654.342285>>
SCRIPT       : [JunkYardDog] -- Adding Fuel Point to <Land_Wreck_Uaz<b9d34eb0>> at Pos <<4444.038574, 16.710466, 7654.342285>>
SCRIPT       : [JunkYardDog] -- Adding Salvage Point to <Land_Wreck_S1023_Blue<b9d403f0>> at Pos <<4462.250488, 16.698263, 7625.384277>>
SCRIPT       : [JunkYardDog] -- Adding Fuel Point to <Land_Wreck_S1023_Blue<b9d403f0>> at Pos <<4462.250488, 16.698263, 7625.384277>>
SCRIPT       : [JunkYardDog] -- Adding Salvage Point to <Land_Wreck_hb01_aban2_green<b9d11cd0>> at Pos <<4149.727539, 16.452835, 7648.530762>>
SCRIPT       : [JunkYardDog] -- Adding Fuel Point to <Land_Wreck_hb01_aban2_green<b9d11cd0>> at Pos <<4149.727539, 16.452835, 7648.530762>>
SCRIPT       : [JunkYardDog] -- Adding Salvage Point to <Static_Wreck_HMMWV<ba496f60>> at Pos <<4167.168457, 17.568390, 7584.996582>>
SCRIPT       : [JunkYardDog] -- Adding Fuel Point to <Static_Wreck_HMMWV<ba496f60>> at Pos <<4167.168457, 17.568390, 7584.996582>>
SCRIPT       : [JunkYardDog] -- Adding Salvage Point to <Land_Wreck_Lada_Green<b9d13800>> at Pos <<4188.168457, 17.092762, 7616.029297>>
SCRIPT       : [JunkYardDog] -- Adding Fuel Point to <Land_Wreck_Lada_Green<b9d13800>> at Pos <<4188.168457, 17.092762, 7616.029297>>
SCRIPT       : [JunkYardDog] -- Adding Salvage Point to <Land_wreck_truck01_aban1_orange<b9d10ab0>> at Pos <<4188.354980, 15.747185, 7659.596680>>
SCRIPT       : [JunkYardDog] -- Adding Fuel Point to <Land_wreck_truck01_aban1_orange<b9d10ab0>> at Pos <<4188.354980, 15.747185, 7659.596680>>
SCRIPT       : [JunkYardDog] -- Adding Salvage Point to <Land_Wreck_sed01_aban2_white<b9d14110>> at Pos <<4172.202148, 16.513315, 7667.091797>>
SCRIPT       : [JunkYardDog] -- Adding Fuel Point to <Land_Wreck_sed01_aban2_white<b9d14110>> at Pos <<4172.202148, 16.513315, 7667.091797>>
SCRIPT       : [JunkYardDog] -- Adding Salvage Point to <Land_Wreck_S1023_Beige<b9d0d450>> at Pos <<4194.942383, 16.742039, 7675.369629>>
SCRIPT       : [JunkYardDog] -- Adding Fuel Point to <Land_Wreck_S1023_Beige<b9d0d450>> at Pos <<4194.942383, 16.742039, 7675.369629>>
SCRIPT       : [JunkYardDog] -- Adding Salvage Point to <Land_Wreck_S1023_Beige<b9d16e60>> at Pos <<4249.185547, 16.698997, 7597.793945>>
SCRIPT       : [JunkYardDog] -- Adding Fuel Point to <Land_Wreck_S1023_Beige<b9d16e60>> at Pos <<4249.185547, 16.698997, 7597.793945>>
SCRIPT       : [JunkYardDog] -- Adding Salvage Point to <Static_Wreck_S120_Red<ba4a7ba0>> at Pos <<4244.800781, 16.282671, 7656.051758>>
SCRIPT       : [JunkYardDog] -- Adding Fuel Point to <Static_Wreck_S120_Red<ba4a7ba0>> at Pos <<4244.800781, 16.282671, 7656.051758>>
SCRIPT       : [JunkYardDog] -- Adding Salvage Point to <Land_Wreck_V3S<b9d1b6e0>> at Pos <<4266.461426, 17.303036, 7641.594238>>
SCRIPT       : [JunkYardDog] -- Adding Fuel Point to <Land_Wreck_V3S<b9d1b6e0>> at Pos <<4266.461426, 17.303036, 7641.594238>>
SCRIPT       : [JunkYardDog] -- Adding Salvage Point to <Land_Wreck_S1023_Beige<b9d19bb0>> at Pos <<4281.707520, 16.910204, 7658.565430>>
SCRIPT       : [JunkYardDog] -- Adding Fuel Point to <Land_Wreck_S1023_Beige<b9d19bb0>> at Pos <<4281.707520, 16.910204, 7658.565430>>
SCRIPT       : [JunkYardDog] -- Adding Salvage Point to <Land_Wreck_Tractor<b9d15330>> at Pos <<4225.777832, 5.837431, 7788.625488>>
SCRIPT       : [JunkYardDog] -- Adding Fuel Point to <Land_Wreck_Tractor<b9d15330>> at Pos <<4225.777832, 5.837431, 7788.625488>>
SCRIPT       : [JunkYardDog] -- Adding Salvage Point to <Static_Wreck_S120_Red<f54fd5c0>> at Pos <<4296.734375, 16.590328, 7661.869629>>
SCRIPT       : [JunkYardDog] -- Adding Fuel Point to <Static_Wreck_S120_Red<f54fd5c0>> at Pos <<4296.734375, 16.590328, 7661.869629>>
SCRIPT       : [JunkYardDog] -- Adding Salvage Point to <Land_Wreck_S1023_Beige<b9d1e430>> at Pos <<4083.731934, 6.320822, 7799.924316>>
SCRIPT       : [JunkYardDog] -- Adding Fuel Point to <Land_Wreck_S1023_Beige<b9d1e430>> at Pos <<4083.731934, 6.320822, 7799.924316>>
SCRIPT       : [JunkYardDog] -- Adding Salvage Point to <Static_Wreck_Ural<b3eb4c60>> at Pos <<4075.178223, 6.413279, 7835.257813>>
SCRIPT       : [JunkYardDog] -- Adding Fuel Point to <Static_Wreck_Ural<b3eb4c60>> at Pos <<4075.178223, 6.413279, 7835.257813>>
SCRIPT       : [JunkYardDog] -- Adding Salvage Point to <Land_Wreck_sed01_aban2_wine<ba79eeb0>> at Pos <<4105.606934, 5.813293, 7823.814453>>
SCRIPT       : [JunkYardDog] -- Adding Fuel Point to <Land_Wreck_sed01_aban2_wine<ba79eeb0>> at Pos <<4105.606934, 5.813293, 7823.814453>>
SCRIPT       : [JunkYardDog] -- Adding Salvage Point to <Land_Wreck_sed02_aban1_red<ba79f7c0>> at Pos <<4122.947754, 5.571251, 7825.764160>>
SCRIPT       : [JunkYardDog] -- Adding Fuel Point to <Land_Wreck_sed02_aban1_red<ba79f7c0>> at Pos <<4122.947754, 5.571251, 7825.764160>>
SCRIPT       : [JunkYardDog] -- Adding Salvage Point to <Land_Wreck_sed02_aban1_red<ba7a2e20>> at Pos <<4137.145508, 5.555468, 7826.740723>>
SCRIPT       : [JunkYardDog] -- Adding Fuel Point to <Land_Wreck_sed02_aban1_red<ba7a2e20>> at Pos <<4137.145508, 5.555468, 7826.740723>>
SCRIPT       : [JunkYardDog] -- Adding Salvage Point to <Static_Wreck_Ural<b3e17070>> at Pos <<4168.310547, 5.917594, 7830.168945>>
SCRIPT       : [JunkYardDog] -- Adding Fuel Point to <Static_Wreck_Ural<b3e17070>> at Pos <<4168.310547, 5.917594, 7830.168945>>
SCRIPT       : [JunkYardDog] -- Adding Salvage Point to <Land_wreck_truck01_aban1_green<ba7ad140>> at Pos <<4181.087891, 4.862995, 7875.597168>>
SCRIPT       : [JunkYardDog] -- Adding Fuel Point to <Land_wreck_truck01_aban1_green<ba7ad140>> at Pos <<4181.087891, 4.862995, 7875.597168>>
SCRIPT       : [JunkYardDog] -- Adding Salvage Point to <Land_Wreck_hb02_aban1_black<ba7a6480>> at Pos <<4197.631348, 5.540404, 7792.269531>>
SCRIPT       : [JunkYardDog] -- Adding Fuel Point to <Land_Wreck_hb02_aban1_black<ba7a6480>> at Pos <<4197.631348, 5.540404, 7792.269531>>
SCRIPT       : [JunkYardDog] -- Adding Salvage Point to <Land_wreck_truck01_aban1_green<ba7a6d90>> at Pos <<4214.380859, 4.810999, 7831.188477>>
SCRIPT       : [JunkYardDog] -- Adding Fuel Point to <Land_wreck_truck01_aban1_green<ba7a6d90>> at Pos <<4214.380859, 4.810999, 7831.188477>>
SCRIPT       : [JunkYardDog] -- Adding Salvage Point to <Land_Wreck_hb01_aban2_green<ba7b4710>> at Pos <<4428.006348, 5.911204, 7974.292480>>
SCRIPT       : [JunkYardDog] -- Adding Fuel Point to <Land_Wreck_hb01_aban2_green<ba7b4710>> at Pos <<4428.006348, 5.911204, 7974.292480>>
SCRIPT       : [JunkYardDog] -- Adding Salvage Point to <Static_Wreck_Ural<bccaa170>> at Pos <<4428.777832, 6.038190, 8015.644043>>
SCRIPT       : [JunkYardDog] -- Adding Fuel Point to <Static_Wreck_Ural<bccaa170>> at Pos <<4428.777832, 6.038190, 8015.644043>>
SCRIPT       : [JunkYardDog] -- Adding Salvage Point to <Static_Wreck_Ural<bcca8ca0>> at Pos <<4448.712402, 7.521656, 7862.390625>>
SCRIPT       : [JunkYardDog] -- Adding Fuel Point to <Static_Wreck_Ural<bcca8ca0>> at Pos <<4448.712402, 7.521656, 7862.390625>>
SCRIPT       : [JunkYardDog] -- Adding Salvage Point to <Land_Wreck_Volha_Blue<ba7bf340>> at Pos <<4495.360840, 6.375356, 7874.011719>>
SCRIPT       : [JunkYardDog] -- Adding Fuel Point to <Land_Wreck_Volha_Blue<ba7bf340>> at Pos <<4495.360840, 6.375356, 7874.011719>>
SCRIPT       : [JunkYardDog] -- Adding Salvage Point to <Land_Wreck_Volha_Grey<ba7cd5d0>> at Pos <<4532.113281, 5.781962, 7885.653320>>
SCRIPT       : [JunkYardDog] -- Adding Fuel Point to <Land_Wreck_Volha_Grey<ba7cd5d0>> at Pos <<4532.113281, 5.781962, 7885.653320>>
SCRIPT       : Clear up static fireplaces: 0
SCRIPT       : [MissionServer] OnMissionFinish - Server
SCRIPT       : [DayZ Expansion] ~DayZGame
SCRIPT       : ~DayZGame()
