---------------------------------------------
Log G:\SteamLibrary\steamapps\common\DayZServer\profiles\script_2025-10-21_07-38-14.log started at 21.10. 07:38:20

SCRIPT       : Registered 365 temporary action enum(s), UAN==365
SCRIPT    (W): @"CBD_LootRoomsSystem/Scripts/3_Game/settings\cbd_lootsystembox.c,69": FIX-ME: Unexpected statement 'ref'
SCRIPT    (W): @"harksbloodplague/VzLGwSjG/ XH0Ah28b/o6rSdzel/﻿﻿/lLzBNtPz/F9S6LDkF/xjV Bvsc.QIFTxCVY,4": FIX-ME: Expected ',' or '}', not a ';'
SCRIPT    (W): @"LIVEN/PvZmoD_Spawn_System/Scripts/3_Game/pvz_ss_3_game\pvz_panel\serverside\pvz_ss_xmlreader_panelserver_verification.c,96": FIX-ME: Unexpected statement 'ref'
SCRIPT    (W): @"LIVEN/PvZmoD_Spawn_System/Scripts/3_Game/pvz_ss_3_game\pvz_panel\serverside\pvz_ss_xmlreader_panelserver_verification.c,123": FIX-ME: Unexpected statement 'ref'
SCRIPT    (W): @"LIVEN/PvZmoD_Spawn_System/Scripts/3_Game/pvz_ss_3_game\pvz_panel\serverside\pvz_ss_xmlreader_panelserver_verification.c,147": FIX-ME: Unexpected statement 'ref'
SCRIPT    (W): @"LIVEN/PvZmoD_Spawn_System/Scripts/3_Game/pvz_ss_3_game\pvz_panel\clientside\pvz_ss_xmlreader_pvzpannel_verification.c,95": FIX-ME: Unexpected statement 'ref'
SCRIPT    (W): @"LIVEN/PvZmoD_Spawn_System/Scripts/3_Game/pvz_ss_3_game\pvz_panel\clientside\pvz_ss_xmlreader_pvzpannel_verification.c,122": FIX-ME: Unexpected statement 'ref'
SCRIPT    (W): @"LIVEN/PvZmoD_Spawn_System/Scripts/3_Game/pvz_ss_3_game\pvz_panel\clientside\pvz_ss_xmlreader_pvzpannel_verification.c,146": FIX-ME: Unexpected statement 'ref'
SCRIPT    (W): @"CodeLock/scripts/3_game/dayzgame.c,13": FIX-ME: Method argument can't be strong reference
SCRIPT    (W): @"GoreZ/3_game/effects\effectparticle\bulletimpactbase\hit_meatbones.c,74": FIX-ME: Overriding function 'BloodSplatGround' but not marked as 'override'
SCRIPT    (W): @"GoreZ/3_game/effects\effectparticle\bulletimpactbase\hit_meatbones.c,109": FIX-ME: Overriding function 'BloodSplatWall' but not marked as 'override'
SCRIPT    (W): @"CBD_LootRoomsSystem/Scripts/3_Game/settings\cbd_lootsystemitem.c,8": Possible variable name conflict 'chance'
SCRIPT    (W): @"CBD_LootRoomsSystem/Scripts/3_Game/settings\cbd_lootsystemitem.c,8": Possible variable name conflict 'className'
SCRIPT    (W): @"CBD_LootRoomsSystem/Scripts/3_Game/settings\cbd_lootsystemitem.c,8": Possible variable name conflict 'quantity'
SCRIPT    (W): @"CBD_LootRoomsSystem/Scripts/3_Game/settings\cbd_lootsystemitem.c,16": Possible variable name conflict 'quantity'
SCRIPT    (W): @"CBD_LootRoomsSystem/Scripts/3_Game/logging\cbd_loggingcfreg.c,159": Possible variable name conflict 'fileHandle'
SCRIPT       : Registering faction type eAIFactionShamans ID -1484989417
SCRIPT       : Registering faction type eAIFactionObservers ID -563736721
SCRIPT       : Registering faction type eAIFactionInvincibleObservers ID -1227299746
SCRIPT       : Registering faction type eAIFactionRaiders ID 1535276022
SCRIPT       : Registering faction type eAIFactionYeetBrigade ID 1408543989
SCRIPT       : Registering faction type eAIFactionWest ID 113880155
SCRIPT       : Registering faction type eAIFactionInvincibleYeetBrigade ID -1118767876
SCRIPT       : Registering faction type eAIFactionEast ID 90522109
SCRIPT       : Registering faction type eAIFactionGuards ID 963933710
SCRIPT       : Registering faction type eAIFactionMercenaries ID 1629891834
SCRIPT       : Registering faction type eAIFactionBrawlers ID 1955753718
SCRIPT       : Registering faction type eAIFactionCivilian ID 1096178351
SCRIPT       : Registering faction type eAIFactionPassive ID -1159399789
SCRIPT       : Registering faction type eAIFactionInvincibleGuards ID 782746017
SCRIPT       : ... Backlit Effects Enabled
SCRIPT       : VPPNotificationManager()
SCRIPT       : [VPPAT] Internal VPPNotifications module loaded!
SCRIPT       : [DayZ Game]:: DayZGame(): Initializing V++ Admin Tools.
SCRIPT       : 07:38:25.001 [EXPANSION LOG]: DayZGame<72f190> Start time (local time) 2025-10-21 07:37:38
SCRIPT       : 07:38:25.001 [EXPANSION LOG]: DayZGame<72f190> Start time (UTC) 2025-10-20 23:37:38
SCRIPT       : 07:38:25.001 [EXPANSION LOG]: DayZGame<72f190> Runtime since start (seconds) 47.978
SCRIPT    (W): @"BPGuns\scripts\4_world/entities\firearms\rifles\benelli.c,225": FIX-ME: Syntax error
SCRIPT    (W): @"DayZNoBuildZones/Scripts/4_World/nobuildzonessettings.c,34": FIX-ME: Unexpected statement 'ref'
SCRIPT    (W): @"DayZNoBuildZones/Scripts/4_World/nobuildzonessettings.c,35": FIX-ME: Unexpected statement 'ref'
SCRIPT    (W): @"DayZNoBuildZones/Scripts/4_World/nobuildzonessettings.c,69": Missing ';' at the end of line
SCRIPT    (W): @"DayZNoBuildZones/Scripts/4_World/nobuildzonessettings.c,114": FIX-ME: Unexpected statement 'ref'
SCRIPT    (W): @"JunkYardDogV4/scripts/4_World/actionfillatcar.c,125": FIX-ME: Unmatched brackets detected!
SCRIPT    (W): @"JunkYardDogV4/scripts/4_World/actionfillatcar.c,139": Missing ';' at the end of line
SCRIPT    (W): @"JunkYardDogV4/scripts/4_World/actionfillatcar.c,144": Missing ';' at the end of line
SCRIPT    (W): @"Weapons/Scripts/4_World/itembase\jmc_prototype_optic.c,3": Missing ';' at the end of line
SCRIPT    (W): @"ZenTerritories/scripts/4_World/territoryflag.c,4": FIX-ME: Unexpected statement 'ref'
SCRIPT    (W): @"MuchCarKey/Scripts/4_World/muchcarkey\actions\actioncraftduplicatekey.c,60": Missing ';' at the end of line
SCRIPT    (W): @"uaz_scripts/scripts/љкмчіъ*ѕц.rtm,204": Missing ';' at the end of line
SCRIPT    (W): @"uaz_scripts/scripts/љкмчіъ*ѕц.rtm,204": FIX-ME: Syntax error
SCRIPT    (W): @"uaz_scripts/scripts/љкмчіъ*ѕц.rtm,207": Missing ';' at the end of line
SCRIPT    (W): @"uaz_scripts/scripts/љкмчіъ*ѕц.rtm,207": FIX-ME: Syntax error
SCRIPT    (W): @"uaz_scripts/scripts/љкмчіъ*ѕц.rtm,210": Missing ';' at the end of line
SCRIPT    (W): @"uaz_scripts/scripts/љкмчіъ*ѕц.rtm,210": FIX-ME: Syntax error
SCRIPT    (W): @"uaz_scripts/scripts/љкмчіъ*ѕц.rtm,213": Missing ';' at the end of line
SCRIPT    (W): @"uaz_scripts/scripts/љкмчіъ*ѕц.rtm,213": FIX-ME: Syntax error
SCRIPT    (W): @"uaz_scripts/scripts/љкмчіъ*ѕц.rtm,216": Missing ';' at the end of line
SCRIPT    (W): @"uaz_scripts/scripts/љкмчіъ*ѕц.rtm,216": FIX-ME: Syntax error
SCRIPT    (W): @"uaz_scripts/scripts/љкмчіъ*ѕц.rtm,579": Missing ';' at the end of line
SCRIPT    (W): @"uaz_scripts/scripts/љкмчіъ*ѕц.rtm,579": FIX-ME: Syntax error
SCRIPT    (W): @"uaz_scripts/scripts/љкмчіъ*ѕц.rtm,582": Missing ';' at the end of line
SCRIPT    (W): @"uaz_scripts/scripts/љкмчіъ*ѕц.rtm,582": FIX-ME: Syntax error
SCRIPT    (W): @"uaz_scripts/scripts/љкмчіъ*ѕц.rtm,585": Missing ';' at the end of line
SCRIPT    (W): @"uaz_scripts/scripts/љкмчіъ*ѕц.rtm,585": FIX-ME: Syntax error
SCRIPT    (W): @"uaz_scripts/scripts/љкмчіъ*ѕц.rtm,588": Missing ';' at the end of line
SCRIPT    (W): @"uaz_scripts/scripts/љкмчіъ*ѕц.rtm,588": FIX-ME: Syntax error
SCRIPT    (W): @"uaz_scripts/scripts/љкмчіъ*ѕц.rtm,591": Missing ';' at the end of line
SCRIPT    (W): @"uaz_scripts/scripts/љкмчіъ*ѕц.rtm,591": FIX-ME: Syntax error
SCRIPT    (W): @"BP_F100/scripts/?оФФѕпЫзТ.p3d,209": Missing ';' at the end of line
SCRIPT    (W): @"BP_F100/scripts/?оФФѕпЫзТ.p3d,209": FIX-ME: Syntax error
SCRIPT    (W): @"BP_F100/scripts/?оФФѕпЫзТ.p3d,212": Missing ';' at the end of line
SCRIPT    (W): @"BP_F100/scripts/?оФФѕпЫзТ.p3d,212": FIX-ME: Syntax error
SCRIPT    (W): @"BP_Uaz452/scripts/ќ*кї.ogg,218": Missing ';' at the end of line
SCRIPT    (W): @"BP_Uaz452/scripts/ќ*кї.ogg,218": FIX-ME: Syntax error
SCRIPT    (W): @"BP_Uaz452/scripts/ќ*кї.ogg,221": Missing ';' at the end of line
SCRIPT    (W): @"BP_Uaz452/scripts/ќ*кї.ogg,221": FIX-ME: Syntax error
SCRIPT    (W): @"BP_Uaz452/scripts/ќ*кї.ogg,224": Missing ';' at the end of line
SCRIPT    (W): @"BP_Uaz452/scripts/ќ*кї.ogg,224": FIX-ME: Syntax error
SCRIPT    (W): @"BP_Uaz452/scripts/ќ*кї.ogg,227": Missing ';' at the end of line
SCRIPT    (W): @"BP_Uaz452/scripts/ќ*кї.ogg,227": FIX-ME: Syntax error
SCRIPT    (W): @"BP_Uaz452/scripts/ќ*кї.ogg,230": Missing ';' at the end of line
SCRIPT    (W): @"BP_Uaz452/scripts/ќ*кї.ogg,230": FIX-ME: Syntax error
SCRIPT    (W): @"bl_crafting_ex\scripts\4_World/classes\action\actionfillfueltincanlamp.c,71": condition with no body?
SCRIPT    (W): @"BP1\scripts\4_world/static_lamp\dzrp_chemlight.c,22": Missing ';' at the end of line
SCRIPT    (W): @"BP1\scripts\4_world/static_lamp\bp_luxuri_light_ststic.c,18": Missing ';' at the end of line
SCRIPT    (W): @"BP1\scripts\4_world/static_lamp\dzrp_bunkerlamp.c,17": Missing ';' at the end of line
SCRIPT    (W): @"BP1\scripts\4_world/static_lamp\dzrp_bunkerlamp.c,46": Missing ';' at the end of line
SCRIPT    (W): @"BP1\scripts\4_world/static_lamp\dzrp_bunkerlamp.c,136": Missing ';' at the end of line
SCRIPT    (W): @"BP1\scripts\4_world/static_lamp\dzrp_chemlight_yellow.c,22": Missing ';' at the end of line
SCRIPT    (W): @"BP1\scripts\4_world/static_lamp\dzrp_oldlamp.c,17": Missing ';' at the end of line
SCRIPT    (W): @"BP1\scripts\4_world/static_lamp\dzrp_oldlamp.c,47": Missing ';' at the end of line
SCRIPT    (W): @"BP1\scripts\4_world/static_lamp\dzrp_chemlight_red.c,22": Missing ';' at the end of line
SCRIPT    (W): @"BP1\scripts\4_world/static_lamp\dzrp_chemlight_blue.c,22": Missing ';' at the end of line
SCRIPT    (W): @"BP1\scripts\4_world/static_lamp\dzrp_chemlight2.c,22": Missing ';' at the end of line
SCRIPT    (W): @"BP1\scripts\4_world/static_lamp\dzrp_bunkerlampgreen.c,17": Missing ';' at the end of line
SCRIPT    (W): @"AIWarZones/scripts/4_World/smokeeffect.c,1": Forward declarations are deprecated!
SCRIPT    (W): @"ServerConfig_GS/scripts/4_World/actionbase.c,115": Possible variable name conflict 'z_CreateNewConfig_GS'
SCRIPT    (W): @"ServerConfig_GS/scripts/4_World/actionbase.c,115": Possible variable name conflict 'z_EnableDebugLogs_GS'
SCRIPT    (W): @"ServerConfig_GS/scripts/4_World/actionbase.c,115": Possible variable name conflict 'z_EnableDebugModsLogs_GS'
SCRIPT    (W): @"ServerConfig_JD/scripts/4_World/actionbase.c,132": Possible variable name conflict 'z_CreateNewConfig_JD'
SCRIPT    (W): @"ServerConfig_JD/scripts/4_World/actionbase.c,132": Possible variable name conflict 'z_EnableDebugLogs_JD'
SCRIPT    (W): @"ServerConfig_JD/scripts/4_World/actionbase.c,132": Possible variable name conflict 'z_EnableDebugModsLogs_JD'
SCRIPT    (W): @"ServerConfig_JD/scripts/4_World/actionbase.c,132": Possible variable name conflict 'z_EnableFuelPumps_JD'
SCRIPT    (W): @"ServerConfig_JD/scripts/4_World/actionbase.c,537": FIX-ME: Overriding function 'z_GetDate' but not marked as 'override'
SCRIPT    (W): @"ServerConfig_JD/scripts/4_World/actionbase.c,544": FIX-ME: Overriding function 'z_GetTime' but not marked as 'override'
SCRIPT    (W): @"GoreZ/4_world/entities\manbase\playerbase.c,11": FIX-ME: Overriding function 'CheckDeath' but not marked as 'override'
SCRIPT    (W): @"WindstrideClothing/scripts/4_World/playerbase.c,48": FIX-ME: Overriding function 'ChangeHoodCheck' but not marked as 'override'
SCRIPT    (W): @"BP_F100/scripts/ўѐх?ш.fxy,18": FIX-ME: Overriding function 'Init' but not marked as 'override'
SCRIPT    (W): @"GoreZ/4_world/entities\infected\zombiebase.c,27": FIX-ME: Overriding function 'IsAlive' but not marked as 'override'
SCRIPT    (W): @"CodeLock/scripts/4_world/entities\codelock.c,308": FIX-ME: Method argument can't be strong reference
SCRIPT    (W): @"kamaz_4310RUS\scripts\4_World/carscript_kamaz_4310rus_cabinmanipulte.c,8": FIX-ME: Overriding function 'IsCabinCanManipulate' but not marked as 'override'
SCRIPT    (W): @"kamaz_4310RUS\scripts\4_World/carscript_kamaz_4310rus_cabinmanipulte.c,13": FIX-ME: Overriding function 'GetCabinAnimationSource' but not marked as 'override'
SCRIPT    (W): @"kamaz_4310RUS\scripts\4_World/carscript_kamaz_4310rus_cabinmanipulte.c,18": FIX-ME: Overriding function 'IsCabinRised' but not marked as 'override'
SCRIPT    (W): @"kamaz_4310RUS\scripts\4_World/carscript_kamaz_4310rus_cabinmanipulte.c,23": FIX-ME: Overriding function 'IsPassengersInCabin' but not marked as 'override'
SCRIPT    (W): @"tractor_UMZ_RUS\scripts\4_World/carscript.c,4": FIX-ME: Overriding function 'HandleDoorsSound' but not marked as 'override'
SCRIPT    (W): @"kamaz_4310RUS\scripts\4_World/static\miscgameplayfunctions.c,6": FIX-ME: Overriding function 'IsInsideCar' but not marked as 'override'
SCRIPT    (W): @"GarbageSearch/Scripts/4_World/garbagescriptclass.c,339": FIX-ME: Overriding function 'IsHealthVisible' but not marked as 'override'
SCRIPT    (W): @"GarbageSearch/Scripts/4_World/garbagescriptclass.c,347": FIX-ME: Overriding function 'IsInventoryItem' but not marked as 'override'
SCRIPT    (W): @"GarbageSearch/Scripts/4_World/garbagescriptclass.c,357": FIX-ME: Overloaded method 'CanPutIntoHands', argument name 'player' differs from prototype 'parent'
SCRIPT    (W): @"JunkYardDogV4/scripts/4_World/junkyardscriptclass.c,231": FIX-ME: Overriding function 'IsItemBase' but not marked as 'override'
SCRIPT    (W): @"JunkYardDogV4/scripts/4_World/junkyardscriptclass.c,246": FIX-ME: Overriding function 'IsHologram' but not marked as 'override'
SCRIPT    (W): @"JunkYardDogV4/scripts/4_World/junkyardscriptclass.c,280": FIX-ME: Overriding function 'Get_StaticReturnItem' but not marked as 'override'
SCRIPT    (W): @"GarbageSearch/Scripts/4_World/garbagescriptclass.c,157": FIX-ME: Overriding function 'Get_StaticReturnItem' but not marked as 'override'
SCRIPT    (W): @"KTWorkbenchClient/scripts/4_World/entities\itembase\workbench\workbenchobjectbase.c,223": FIX-ME: Overloaded method 'CanPutIntoHands', argument name 'player' differs from prototype 'parent'
SCRIPT    (W): @"BP_Workbench/scripts/4_World/classes\actions\actiondeconstructwb.c,103": FIX-ME: Overriding function 'SetupAnimation' but not marked as 'override'
SCRIPT    (W): @"BP_Shelf_O\scripts\4_world/entities\garden\bp_gardenbox.c,62": FIX-ME: Overriding function 'RefreshSlots' but not marked as 'override'
SCRIPT    (W): @"JunkYardDogV4/scripts/4_World/junkyardscriptclass.c,320": FIX-ME: Overriding function 'IsItemBase' but not marked as 'override'
SCRIPT    (W): @"JunkYardDogV4/scripts/4_World/junkyardscriptclass.c,335": FIX-ME: Overriding function 'IsHologram' but not marked as 'override'
SCRIPT    (W): @"JunkYardDogV4/scripts/4_World/junkyardscriptclass.c,368": FIX-ME: Overriding function 'Get_StaticReturnItem' but not marked as 'override'
SCRIPT    (W): @"JunkYardDogV4/scripts/4_World/junkyardscriptclass.c,480": FIX-ME: Overriding function 'Get_StaticReturnItem' but not marked as 'override'
SCRIPT    (W): @"BP1\scripts\4_world/camping\bp_dayinglight.c,49": FIX-ME: Overriding function 'UpdateAllSelections' but not marked as 'override'
SCRIPT    (W): @"CodeLock/scripts/4_world/pluginmanager\pluginbase\permissions\codelockpermissionmanager.c,46": FIX-ME: Method argument can't be strong reference
SCRIPT    (W): @"GoreZ/4_world/classes\bleedingsources\bleedingsource.c,56": FIX-ME: Overriding function 'GetBit' but not marked as 'override'
SCRIPT    (W): @"GoreZ/4_world/classes\bleedingsources\bleedingsource.c,157": FIX-ME: Overriding function 'DrawDebugShape' but not marked as 'override'
SCRIPT    (W): @"GarbageSearch/Scripts/4_World/garbagescriptclass.c,63": FIX-ME: Overriding function 'Get_StaticReturnItem' but not marked as 'override'
SCRIPT    (W): @"utopia_patrol_helicopter_scripts/L4SbwPx4/ SuWu1KU /dntQGuBG/﻿﻿/L2ekv8u6/zZczjFyV/em9tiEfZ.x zUJN  ,101": FIX-ME: Overloading event 'EOnInit' is not allowed
SCRIPT    (W): @"BP_F100/scripts/?бЫыяќрѐЬќ.jpg,138": FIX-ME: Overriding function 'FillCommandUIDPerCrewIdx' but not marked as 'override'
SCRIPT    (W): @"utopia_patrol_helicopter_scripts/L4SbwPx4/ SuWu1KU /dntQGuBG/﻿﻿/L2ekv8u6/zZczjFyV/em9tiEfZ.x zUJN  ,33": FIX-ME: Overloading event 'EOnInit' is not allowed
SCRIPT    (W): @"BP_Smot_O/scripts/4_world/entities\candle.c,29": FIX-ME: Overriding function 'OnSwitchOn' but not marked as 'override'
SCRIPT    (W): @"BP_Smot_O/scripts/4_world/entities\candle.c,36": FIX-ME: Overriding function 'OnSwitchOff' but not marked as 'override'
SCRIPT    (W): @"BP_Smot_O/scripts/4_world/entities\candle.c,91": FIX-ME: Overriding function 'OnWork' but not marked as 'override'
SCRIPT    (W): @"BP_Smot_O/scripts/4_world/entities\candle.c,233": FIX-ME: Overloaded method 'OnIgnitedTarget', argument name 'ignited_item' differs from prototype 'target_item'
SCRIPT    (W): @"JunkYardDogV4/scripts/4_World/actionfillatwreck.c,57": FIX-ME: Overriding function 'GetText' but not marked as 'override'
SCRIPT    (W): @"GarbageSearch/Scripts/4_World/garbagescriptclass.c,40": FIX-ME: Overriding function 'Get_StaticReturnItem' but not marked as 'override'
SCRIPT    (W): @"GarbageSearch/Scripts/4_World/garbagescriptclass.c,232": FIX-ME: Overriding function 'Get_StaticReturnItem' but not marked as 'override'
SCRIPT    (W): @"GarbageSearch/Scripts/4_World/garbagescriptclass.c,239": FIX-ME: Overriding function 'Get_StaticReturnItem' but not marked as 'override'
SCRIPT    (W): @"utopia_patrol_helicopter_scripts/L4SbwPx4/ SuWu1KU /dntQGuBG/﻿﻿/L2ekv8u6/zZczjFyV/em9tiEfZ.x zUJN  ,166": FIX-ME: Overloading event 'EOnInit' is not allowed
SCRIPT    (W): @"BP_Shelf_O\scripts\4_world/entities\lock\lockedbox_base.c,166": FIX-ME: Overriding function 'UpdateVisualState' but not marked as 'override'
SCRIPT    (W): @"BP_Shelf_O\scripts\4_world/entities\furniture\bp_tresh_bac_static.c,13": FIX-ME: Overriding function 'UpdateVisualState' but not marked as 'override'
SCRIPT    (W): @"CBD_LootRoomsSystem/Scripts/4_World/enities\cbd_lootcrates.c,199": FIX-ME: Overloaded method 'CanReleaseCargo', argument name 'attachment' differs from prototype 'cargo'
SCRIPT    (W): @"GarbageSearch/Scripts/4_World/garbagescriptclass.c,246": FIX-ME: Overriding function 'Get_StaticReturnItem' but not marked as 'override'
SCRIPT    (W): @"GarbageSearch/Scripts/4_World/garbagescriptclass.c,253": FIX-ME: Overriding function 'Get_StaticReturnItem' but not marked as 'override'
SCRIPT    (W): @"GarbageSearch/Scripts/4_World/garbagescriptclass.c,260": FIX-ME: Overriding function 'Get_StaticReturnItem' but not marked as 'override'
SCRIPT    (W): @"GarbageSearch/Scripts/4_World/garbagescriptclass.c,267": FIX-ME: Overriding function 'Get_StaticReturnItem' but not marked as 'override'
SCRIPT    (W): @"GarbageSearch/Scripts/4_World/garbagescriptclass.c,274": FIX-ME: Overriding function 'Get_StaticReturnItem' but not marked as 'override'
SCRIPT    (W): @"GarbageSearch/Scripts/4_World/garbagescriptclass.c,281": FIX-ME: Overriding function 'Get_StaticReturnItem' but not marked as 'override'
SCRIPT    (W): @"GarbageSearch/Scripts/4_World/garbagescriptclass.c,310": FIX-ME: Overriding function 'Get_StaticReturnItem' but not marked as 'override'
SCRIPT    (W): @"GarbageSearch/Scripts/4_World/garbagescriptclass.c,317": FIX-ME: Overriding function 'Get_StaticReturnItem' but not marked as 'override'
SCRIPT    (W): @"JunkYardDogV4/scripts/4_World/junkyardscriptclass.c,416": FIX-ME: Overriding function 'Get_StaticReturnItem' but not marked as 'override'
SCRIPT    (W): @"GarbageSearch/Scripts/4_World/garbagescriptclass.c,195": FIX-ME: Overriding function 'Get_StaticReturnItem' but not marked as 'override'
SCRIPT    (W): @"GarbageSearch/Scripts/4_World/garbagescriptclass.c,225": FIX-ME: Overriding function 'Get_StaticReturnItem' but not marked as 'override'
SCRIPT    (W): @"BP_Smot_O/scripts/4_world/entities\zippo.c,53": FIX-ME: Overriding function 'OnSwitchOn' but not marked as 'override'
SCRIPT    (W): @"BP_Smot_O/scripts/4_world/entities\zippo.c,62": FIX-ME: Overriding function 'OnSwitchOff' but not marked as 'override'
SCRIPT    (W): @"BP_Smot_O/scripts/4_world/entities\zippo.c,119": FIX-ME: Overriding function 'OnWork' but not marked as 'override'
SCRIPT    (W): @"BP_Smot_O/scripts/4_world/entities\zippo.c,261": FIX-ME: Overloaded method 'OnIgnitedTarget', argument name 'ignited_item' differs from prototype 'target_item'
SCRIPT    (W): @"BP_Smot_O/scripts/4_world/entities\pojar.c,4": FIX-ME: Overriding function 'OnWork' but not marked as 'override'
SCRIPT    (W): @"BP_Smot_O/scripts/4_world/entities\pojar.c,34": FIX-ME: Overriding function 'UpdateLight' but not marked as 'override'
SCRIPT    (W): @"BP2/scripts/4_world/entities/itembase/вЩЯ?ФесШЪ.wss,37": FIX-ME: Overriding function 'SetIntensity' but not marked as 'override'
SCRIPT    (W): @"GarbageSearch/Scripts/4_World/garbagescriptclass.c,56": FIX-ME: Overriding function 'Get_StaticReturnItem' but not marked as 'override'
SCRIPT    (W): @"BP_Shelf_O\scripts\4_world/entities\garden\bp_greenhouse.c,109": FIX-ME: Overriding function 'UpdateVisualState' but not marked as 'override'
SCRIPT    (W): @"GarbageSearch/Scripts/4_World/garbagescriptclass.c,86": FIX-ME: Overriding function 'Get_StaticReturnItem' but not marked as 'override'
SCRIPT    (W): @"JunkYardDogV4/scripts/4_World/junkyardscriptclass.c,494": FIX-ME: Overriding function 'Get_StaticReturnItem' but not marked as 'override'
SCRIPT    (W): @"JunkYardDogV4/scripts/4_World/junkyardscriptclass.c,501": FIX-ME: Overriding function 'Get_StaticReturnItem' but not marked as 'override'
SCRIPT    (W): @"JunkYardDogV4/scripts/4_World/junkyardscriptclass.c,487": FIX-ME: Overriding function 'Get_StaticReturnItem' but not marked as 'override'
SCRIPT    (W): @"BPGuns\scripts\4_world/entities\firearms\revolver\sw340.c,113": FIX-ME: Overriding function 'AssembleGun' but not marked as 'override'
SCRIPT    (W): @"JunkYardDogV4/scripts/4_World/actionsalvagewreck.c,32": FIX-ME: Overriding function 'GetText' but not marked as 'override'
SCRIPT    (W): @"BPGuns\scripts\4_world/entities\firearms\revolver\sw340.c,9": FIX-ME: Overriding function 'AssembleGun' but not marked as 'override'
SCRIPT    (W): @"GarbageSearch/Scripts/4_World/garbagescriptclass.c,188": FIX-ME: Overriding function 'Get_StaticReturnItem' but not marked as 'override'
SCRIPT    (W): @"BP_Shelf_O\scripts\4_world/entities\furniture\bp_sofa_gun_rack.c,68": FIX-ME: Overriding function 'UpdateVisualState' but not marked as 'override'
SCRIPT    (W): @"BP_Shelf_O\scripts\4_world/entities\lock\lockedbox_base.c,291": FIX-ME: Overriding function 'UpdateVisualState' but not marked as 'override'
SCRIPT    (W): @"CodeLock/scripts/4_world/gui\guestcodemenu.c,29": FIX-ME: Overriding function 'SendRPC' but not marked as 'override'
SCRIPT    (W): @"BP_Workbench/scripts/4_World/entities\itembase\bp_workbench.c,3": FIX-ME: Overriding function 'SetActions' but not marked as 'override'
SCRIPT    (W): @"BP_Workbench/scripts/4_World/entities\itembase\bp_workbench.c,56": FIX-ME: Overriding function 'SetActions' but not marked as 'override'
SCRIPT    (W): @"GarbageSearch/Scripts/4_World/garbagescriptclass.c,107": FIX-ME: Overriding function 'Get_StaticReturnItem' but not marked as 'override'
SCRIPT    (W): @"GarbageSearch/Scripts/4_World/garbagescriptclass.c,114": FIX-ME: Overriding function 'Get_StaticReturnItem' but not marked as 'override'
SCRIPT    (W): @"GarbageSearch/Scripts/4_World/garbagescriptclass.c,121": FIX-ME: Overriding function 'Get_StaticReturnItem' but not marked as 'override'
SCRIPT    (W): @"GarbageSearch/Scripts/4_World/garbagescriptclass.c,128": FIX-ME: Overriding function 'Get_StaticReturnItem' but not marked as 'override'
SCRIPT    (W): @"GarbageSearch/Scripts/4_World/garbagescriptclass.c,135": FIX-ME: Overriding function 'Get_StaticReturnItem' but not marked as 'override'
SCRIPT    (W): @"GarbageSearch/Scripts/4_World/garbagescriptclass.c,142": FIX-ME: Overriding function 'Get_StaticReturnItem' but not marked as 'override'
SCRIPT    (W): @"GarbageSearch/Scripts/4_World/garbagescriptclass.c,171": FIX-ME: Overriding function 'Get_StaticReturnItem' but not marked as 'override'
SCRIPT    (W): @"GarbageSearch/Scripts/4_World/garbagescriptclass.c,178": FIX-ME: Overriding function 'Get_StaticReturnItem' but not marked as 'override'
SCRIPT    (W): @"BP2/scripts/4_world/longbox/д?ѝѐ.p3d,3": FIX-ME: Overriding function 'UpdateVisualState' but not marked as 'override'
SCRIPT    (W): @"RandomItemsPack/Scripts/4_World/entities\flint.c,10": FIX-ME: Overloaded method 'OnIgnitedTarget', argument name 'ignited_item' differs from prototype 'target_item'
SCRIPT    (W): @"BP_Workbench/scripts/4_World/entities\itembase\bp_workbench_static.c,3": FIX-ME: Overriding function 'SetActions' but not marked as 'override'
SCRIPT    (W): @"CodeLock/scripts/4_world/gui\claimcodemenu.c,27": FIX-ME: Overriding function 'SendRPC' but not marked as 'override'
SCRIPT    (W): @"CBD_LootRoomsSystem/Scripts/4_World/enities\cbd_missionlaptop.c,142": FIX-ME: Overloaded method 'CanReleaseCargo', argument name 'attachment' differs from prototype 'cargo'
SCRIPT    (W): @"CodeLock/scripts/4_world/gui\entercodemenu.c,37": FIX-ME: Overriding function 'SendRPC' but not marked as 'override'
SCRIPT    (W): @"GarbageSearch/Scripts/4_World/garbagescriptclass.c,49": FIX-ME: Overriding function 'Get_StaticReturnItem' but not marked as 'override'
SCRIPT    (W): @"BP_F100/scripts/ѝтщєкЭшц*т.p3d,144": FIX-ME: Overriding function 'FillCommandUIDPerCrewIdx' but not marked as 'override'
SCRIPT    (W): @"GarbageSearch/Scripts/4_World/garbagescriptclass.c,210": FIX-ME: Overriding function 'Get_StaticReturnItem' but not marked as 'override'
SCRIPT    (W): @"BPcamping_O\scripts\4_world/big_door\bp_big_door.c,190": FIX-ME: Overriding function 'CheckFenceClosed' but not marked as 'override'
SCRIPT    (W): @"BPcamping_O\scripts\4_world/big_door\bp_big_door.c,206": FIX-ME: Overriding function 'GateAttachmentsSanityCheck' but not marked as 'override'
SCRIPT    (W): @"BP_Workbench/scripts/4_World/craftmanager\hud\crafthud.c,312": FIX-ME: Overriding function 'OnMouseEnter' but not marked as 'override'
SCRIPT    (W): @"JunkYardDogV4/scripts/4_World/junkyardscriptclass.c,396": FIX-ME: Overriding function 'Get_StaticReturnItem' but not marked as 'override'
SCRIPT    (W): @"JunkYardDogV4/scripts/4_World/junkyardscriptclass.c,377": FIX-ME: Overriding function 'Get_StaticReturnItem' but not marked as 'override'
SCRIPT    (W): @"BP_Shelf_O\scripts\4_world/entities\furniture\bp_tresh_bac_kit.c,68": FIX-ME: Overriding function 'UpdateVisualState' but not marked as 'override'
SCRIPT    (W): @"GarbageSearch/Scripts/4_World/garbagescriptclass.c,164": FIX-ME: Overriding function 'Get_StaticReturnItem' but not marked as 'override'
SCRIPT    (W): @"JunkYardDogV4/scripts/4_World/junkyardscriptclass.c,744": FIX-ME: Overriding function 'IsHealthVisible' but not marked as 'override'
SCRIPT    (W): @"JunkYardDogV4/scripts/4_World/junkyardscriptclass.c,752": FIX-ME: Overriding function 'IsInventoryItem' but not marked as 'override'
SCRIPT    (W): @"JunkYardDogV4/scripts/4_World/junkyardscriptclass.c,762": FIX-ME: Overloaded method 'CanPutIntoHands', argument name 'player' differs from prototype 'parent'
SCRIPT    (W): @"BP_Shelf_O\scripts\4_world/entities\lock\lockedbox_base.c,194": FIX-ME: Overriding function 'UpdateVisualState' but not marked as 'override'
SCRIPT    (W): @"BP_Shelf_O\scripts\4_world/entities\lock\lockedbox_base.c,235": FIX-ME: Overriding function 'UpdateVisualState' but not marked as 'override'
SCRIPT    (W): @"JunkYardDogV4/scripts/4_World/junkyardscriptclass.c,528": FIX-ME: Overriding function 'Get_StaticReturnItem' but not marked as 'override'
SCRIPT    (W): @"JunkYardDogV4/scripts/4_World/junkyardscriptclass.c,683": FIX-ME: Overriding function 'IsHealthVisible' but not marked as 'override'
SCRIPT    (W): @"JunkYardDogV4/scripts/4_World/junkyardscriptclass.c,691": FIX-ME: Overriding function 'IsInventoryItem' but not marked as 'override'
SCRIPT    (W): @"JunkYardDogV4/scripts/4_World/junkyardscriptclass.c,701": FIX-ME: Overloaded method 'CanPutIntoHands', argument name 'player' differs from prototype 'parent'
SCRIPT    (W): @"GarbageSearch/Scripts/4_World/garbagescriptclass.c,202": FIX-ME: Overriding function 'Get_StaticReturnItem' but not marked as 'override'
SCRIPT    (W): @"BPGuns\scripts\4_world/entities\firearms\revolver\sw340.c,204": FIX-ME: Overriding function 'AssembleGun' but not marked as 'override'
SCRIPT    (W): @"areaofdecay/dz_yanova_scripts/Scripts/4_World/fireplacebase\y_cookingpot.c,207": FIX-ME: Overloaded method 'CanRemoveFromHands', argument name 'player' differs from prototype 'parent'
SCRIPT    (W): @"areaofdecay/dz_yanova_scripts/Scripts/4_World/fireplacebase\y_cookingpot.c,257": FIX-ME: Overloaded method 'OnIgnitedTarget', argument name 'ignited_item' differs from prototype 'target_item'
SCRIPT    (W): @"JunkYardDogV4/scripts/4_World/junkyardscriptclass.c,508": FIX-ME: Overriding function 'Get_StaticReturnItem' but not marked as 'override'
SCRIPT    (W): @"PVEZ/4_World/pvez_adminconsolegui.c,760": Possible variable name conflict 'selectedZone'
SCRIPT    (W): @"PVEZ/4_World/pvez_adminconsolegui.c,825": Possible variable name conflict 'selectedLawbreaker'
SCRIPT    (W): @"harksbloodplague/52dd pel/ 3gNP7Jlz/H5 ZtDem/﻿﻿﻿﻿/1ryCtG6A/e eAmJmt/X4cai9VJ.y iMKmui,60": FIX-ME: Overriding function 'OnInit' but not marked as 'override'
SCRIPT    (W): @"harksbloodplague/52dd pel/ 3gNP7Jlz/H5 ZtDem/﻿﻿﻿﻿/1ryCtG6A/e eAmJmt/X4cai9VJ.y iMKmui,339": FIX-ME: Overloaded method 'CanReleaseCargo', argument name 'attachment' differs from prototype 'cargo'
SCRIPT    (W): @"JunkYardDogV4/scripts/4_World/junkyardscriptclass.c,460": FIX-ME: Overriding function 'Get_StaticReturnItem' but not marked as 'override'
SCRIPT    (W): @"GarbageSearch/Scripts/4_World/garbagescriptclass.c,218": FIX-ME: Overriding function 'Get_StaticReturnItem' but not marked as 'override'
SCRIPT    (W): @"BPcamping_O\scripts\4_world/door\bp_doors.c,158": FIX-ME: Overriding function 'CheckFenceClosed' but not marked as 'override'
SCRIPT    (W): @"BPcamping_O\scripts\4_world/door\bp_doors.c,185": FIX-ME: Overriding function 'GateAttachmentsSanityCheck' but not marked as 'override'
SCRIPT    (W): @"BPcamping_O\scripts\4_world/door\bp_doors.c,197": FIX-ME: Overriding function 'GateAttachmentConditions' but not marked as 'override'
SCRIPT    (W): @"BP_Shelf_O\scripts\4_world/entities\windgenerator.c,27": FIX-ME: Overloaded method 'CanPutIntoHands', argument name 'player' differs from prototype 'parent'
SCRIPT    (W): @"GarbageSearch/Scripts/4_World/garbagescriptclass.c,289": FIX-ME: Overriding function 'Get_StaticReturnItem' but not marked as 'override'
SCRIPT    (W): @"GarbageSearch/Scripts/4_World/garbagescriptclass.c,150": FIX-ME: Overriding function 'Get_StaticReturnItem' but not marked as 'override'
SCRIPT    (W): @"BP_Shelf_O\scripts\4_world/entities\garden\bp_gardenbox_steel.c,62": FIX-ME: Overriding function 'RefreshSlots' but not marked as 'override'
SCRIPT    (W): @"BP_Shelf_O\scripts\4_world/entities\furniture\bp_water_collector.c,13": FIX-ME: Overriding function 'UpdateVisualState' but not marked as 'override'
SCRIPT    (W): @"BP_Shelf_O\scripts\4_world/entities\furniture\bp_sm_locker_kit.c,68": FIX-ME: Overriding function 'UpdateVisualState' but not marked as 'override'
SCRIPT    (W): @"CodeLock/scripts/4_world/gui\setcodemenu.c,31": FIX-ME: Overriding function 'CheckState' but not marked as 'override'
SCRIPT    (W): @"BP_Grenade_launchers_O/scripts/4_World/ь*њюЭ.rvmat,39": FIX-ME: Overriding function 'Delete' but not marked as 'override'
SCRIPT    (W): @"GarbageSearch/Scripts/4_World/garbagescriptclass.c,79": FIX-ME: Overriding function 'Get_StaticReturnItem' but not marked as 'override'
SCRIPT    (W): @"CBD_LootRoomsSystem/Scripts/4_World/enities\cbd_vehilceparts.c,6": FIX-ME: Method argument can't be strong reference
SCRIPT    (W): @"GarbageSearch/Scripts/4_World/garbagescriptclass.c,93": FIX-ME: Overriding function 'Get_StaticReturnItem' but not marked as 'override'
SCRIPT    (W): @"GarbageSearch/Scripts/4_World/garbagescriptclass.c,100": FIX-ME: Overriding function 'Get_StaticReturnItem' but not marked as 'override'
SCRIPT    (W): @"JunkYardDogV4/scripts/4_World/junkyardscriptclass.c,439": FIX-ME: Overriding function 'Get_StaticReturnItem' but not marked as 'override'
SCRIPT    (W): @"BP_Workbench/scripts/4_World/entities\itembase\bp_workbench_static.c,34": FIX-ME: Overriding function 'SetActions' but not marked as 'override'
SCRIPT    (W): @"GarbageSearch/Scripts/4_World/garbagescriptclass.c,296": FIX-ME: Overriding function 'Get_StaticReturnItem' but not marked as 'override'
SCRIPT    (W): @"BP_Shelf_O\scripts\4_world/entities\garden\garden.c,62": FIX-ME: Overriding function 'RefreshSlots' but not marked as 'override'
SCRIPT    (W): @"BP_Shelf_O\scripts\4_world/entities\woodstorage.c,15": FIX-ME: Overriding function 'SetPartsAfterStoreLoad' but not marked as 'override'
SCRIPT    (W): @"GarbageSearch/Scripts/4_World/garbagescriptclass.c,303": FIX-ME: Overriding function 'Get_StaticReturnItem' but not marked as 'override'
SCRIPT    (W): @"GarbageSearch/Scripts/4_World/garbagescriptclass.c,71": FIX-ME: Overriding function 'Get_StaticReturnItem' but not marked as 'override'
SCRIPT    (W): @"BP_Workbench/scripts/4_World/craftmanager\hud\oneitemforctaft.c,22": FIX-ME: Unsafe down-casting, use 'EntityAI.Cast' for safe down-casting
SCRIPT    (W): @"BP_Workbench/scripts/4_World/craftmanager\hud\crafthud.c,454": FIX-ME: Undefined function 'DayZGame.GetMousePos'
SCRIPT    (W): @"CBD_LootRoomsSystem/Scripts/4_World/modules\cbd_cfmodule.c,142": Possible variable name conflict 'settings'
SCRIPT    (W): @"CBD_LootRoomsSystem/Scripts/4_World/modules\cbd_cfmodule.c,397": Possible variable name conflict 'settings'
SCRIPT    (W): @"CBD_LootRoomsSystem/Scripts/4_World/modules\cbd_cfmodule.c,981": No need to use 'Cast' for up-casting
SCRIPT    (W): @"CodeLock/scripts/4_world/actions\continuous\actiondestroycodelockontent.c,73": Possible variable name conflict '_Health'
SCRIPT    (W): @"CodeLock/scripts/4_world/actions\continuous\actiondestroycodelockonfence.c,67": Possible variable name conflict '_Health'
SCRIPT    (W): @"GarbageSearch/Scripts/4_World/actionsearchgarbage.c,151": No need to use 'Cast' for up-casting
SCRIPT    (W): @"GarbageSearch/Scripts/4_World/actionsearchgarbage.c,157": No need to use 'Cast' for up-casting
SCRIPT    (W): @"GarbageSearch/Scripts/4_World/actionsearchgarbage.c,211": No need to use 'Cast' for up-casting
SCRIPT    (W): @"HelziMagazineLoading_SERVER/Scripts/4_World/classes\utils.c,103": FIX-ME: Unsafe down-casting, use 'Magazine.Cast' for safe down-casting
SCRIPT    (W): @"HelziMagazineLoading_SERVER/Scripts/4_World/classes\utils.c,162": FIX-ME: Unsafe down-casting, use 'Magazine.Cast' for safe down-casting
SCRIPT    (W): @"HelziMagazineLoading_SERVER/Scripts/4_World/classes\utils.c,221": FIX-ME: Unsafe down-casting, use 'Magazine.Cast' for safe down-casting
SCRIPT    (W): @"HelziMagazineLoading_SERVER/Scripts/4_World/classes\ammobox.c,286": FIX-ME: Unsafe down-casting, use 'Magazine.Cast' for safe down-casting
SCRIPT    (W): @"HelziMagazineLoading_SERVER/Scripts/4_World/classes\ammobox.c,317": FIX-ME: Unsafe down-casting, use 'Magazine.Cast' for safe down-casting
SCRIPT    (W): @"HelziMagazineLoading_SERVER/Scripts/4_World/classes\ammobox.c,348": FIX-ME: Unsafe down-casting, use 'Magazine.Cast' for safe down-casting
SCRIPT    (W): @"InediaInfectedAI/scripts/4_World/inediainfectedai\entities\creatures\infected\zombiebase.c,3647": Possible variable name conflict 'm_BloodParticle'
SCRIPT    (W): @"JunkYardDogV4/scripts/4_World/actionsalvagewreck.c,180": No need to use 'Cast' for up-casting
SCRIPT    (W): @"JunkYardDogV4/scripts/4_World/actionsalvagewreck.c,299": No need to use 'Cast' for up-casting
SCRIPT    (W): @"KTWorkbenchClient/scripts/4_World/pluginmanager\crafthandlerclient\craft\craftmethod.c,747": FIX-ME: Unsafe down-casting, use 'ItemBase.Cast' for safe down-casting
SCRIPT    (W): @"Weapons/Scripts/4_World/itembase\jmc_prototype_optic.c,76": FIX-ME: Unsafe down-casting, use 'PlayerBase.Cast' for safe down-casting
SCRIPT       : [HeliCrashNewConfig] config found, loading...
SCRIPT       : Registering faction type eAIFactionLunatics ID 1167351711
SCRIPT       : Registering faction type eAIFactionInfected ID 1371958374
SCRIPT    (W): @"KTWorkbenchClient/scripts/5_Mission/dayzone\gui\craft\resulttagshandler\resulttagshandler.c,24": Missing ';' at the end of line
SCRIPT    (W): @"KTWorkbenchClient/scripts/5_Mission/dayzone\gui\craft\queuepanel\queueitem.c,125": Missing ';' at the end of line
SCRIPT    (W): @"BP_Workbench/scripts/5_Mission/mission\missionserver.c,10": FIX-ME: Overriding function 'InvokeOnConnect' but not marked as 'override'
SCRIPT    (W): @"ZenUtilities/scripts/5_mission/missionserver.c,15": FIX-ME: Overriding function 'InvokeOnDisconnect' but not marked as 'override'
SCRIPT    (W): @"ammoPackingunpackingmod\Scripts\5_Mission/mg&msclass.c,51": FIX-ME: Method argument can't be strong reference
SCRIPT    (W): @"ammoPackingunpackingmod\Scripts\5_Mission/mg&msclass.c,51": FIX-ME: Method argument can't be strong reference
SCRIPT    (W): @"ammoPackingunpackingmod\Scripts\5_Mission/mg&msclass.c,51": FIX-ME: Method argument can't be strong reference
SCRIPT    (W): @"ammoPackingunpackingmod\Scripts\5_Mission/mg&msclass.c,59": FIX-ME: Method argument can't be strong reference
SCRIPT    (W): @"ammoPackingunpackingmod\Scripts\5_Mission/mg&msclass.c,59": FIX-ME: Method argument can't be strong reference
SCRIPT    (W): @"ammoPackingunpackingmod\Scripts\5_Mission/mg&msclass.c,59": FIX-ME: Method argument can't be strong reference
SCRIPT    (W): @"ammoPackingunpackingmod\Scripts\5_Mission/mg&msclass.c,67": FIX-ME: Method argument can't be strong reference
SCRIPT    (W): @"ammoPackingunpackingmod\Scripts\5_Mission/mg&msclass.c,67": FIX-ME: Method argument can't be strong reference
SCRIPT    (W): @"ammoPackingunpackingmod\Scripts\5_Mission/mg&msclass.c,67": FIX-ME: Method argument can't be strong reference
SCRIPT    (W): @"bl_crafting_ex\scripts\5_Mission/missionserver.c,14": FIX-ME: Method argument can't be strong reference
SCRIPT    (W): @"bl_crafting_ex\scripts\5_Mission/missionserver.c,14": FIX-ME: Method argument can't be strong reference
SCRIPT    (W): @"bl_crafting_ex\scripts\5_Mission/missionserver.c,14": FIX-ME: Method argument can't be strong reference
SCRIPT    (W): @"ammoPackingunpackingmod\Scripts\5_Mission/mg&msclass.c,16": FIX-ME: Method argument can't be strong reference
SCRIPT    (W): @"ammoPackingunpackingmod\Scripts\5_Mission/mg&msclass.c,16": FIX-ME: Method argument can't be strong reference
SCRIPT    (W): @"ammoPackingunpackingmod\Scripts\5_Mission/mg&msclass.c,16": FIX-ME: Method argument can't be strong reference
SCRIPT    (W): @"ammoPackingunpackingmod\Scripts\5_Mission/mg&msclass.c,22": FIX-ME: Method argument can't be strong reference
SCRIPT    (W): @"ammoPackingunpackingmod\Scripts\5_Mission/mg&msclass.c,22": FIX-ME: Method argument can't be strong reference
SCRIPT    (W): @"ammoPackingunpackingmod\Scripts\5_Mission/mg&msclass.c,22": FIX-ME: Method argument can't be strong reference
SCRIPT    (W): @"ammoPackingunpackingmod\Scripts\5_Mission/mg&msclass.c,28": FIX-ME: Method argument can't be strong reference
SCRIPT    (W): @"ammoPackingunpackingmod\Scripts\5_Mission/mg&msclass.c,28": FIX-ME: Method argument can't be strong reference
SCRIPT    (W): @"ammoPackingunpackingmod\Scripts\5_Mission/mg&msclass.c,28": FIX-ME: Method argument can't be strong reference
SCRIPT    (W): @"bl_crafting_ex\scripts\5_Mission/missiongameplay.c,15": FIX-ME: Method argument can't be strong reference
SCRIPT    (W): @"bl_crafting_ex\scripts\5_Mission/missiongameplay.c,15": FIX-ME: Method argument can't be strong reference
SCRIPT    (W): @"bl_crafting_ex\scripts\5_Mission/missiongameplay.c,15": FIX-ME: Method argument can't be strong reference
SCRIPT    (W): @"BP_Shelf_O/scripts/5_Mission/attachments.c,3": FIX-ME: Overriding function 'VerifyIconImageString' but not marked as 'override'
SCRIPT    (W): @"KTWorkbenchClient/scripts/5_Mission/dayzone\gui\components\layoutwrapper.c,101": FIX-ME: Unsafe down-casting, use 'Managed.Cast' for safe down-casting
SCRIPT    (W): @"KTWorkbenchClient/scripts/5_Mission/dayzone\gui\components\layoutwrapper.c,109": FIX-ME: Unsafe down-casting, use 'Managed.Cast' for safe down-casting
SCRIPT    (W): @"KTWorkbenchClient/scripts/5_Mission/dayzone\gui\components\layoutwrapper.c,117": FIX-ME: Unsafe down-casting, use 'Managed.Cast' for safe down-casting
SCRIPT    (W): @"KTWorkbenchClient/scripts/5_Mission/dayzone\gui\components\layoutwrapper.c,125": FIX-ME: Unsafe down-casting, use 'Managed.Cast' for safe down-casting
SCRIPT    (W): @"KTWorkbenchClient/scripts/5_Mission/dayzone\gui\components\layoutwrapper.c,133": FIX-ME: Unsafe down-casting, use 'Managed.Cast' for safe down-casting
SCRIPT    (W): @"KTWorkbenchClient/scripts/5_Mission/dayzone\gui\components\layoutwrapper.c,141": FIX-ME: Unsafe down-casting, use 'Managed.Cast' for safe down-casting
SCRIPT    (W): @"KTWorkbenchClient/scripts/5_Mission/dayzone\gui\components\layoutwrapper.c,149": FIX-ME: Unsafe down-casting, use 'Managed.Cast' for safe down-casting
SCRIPT    (W): @"KTWorkbenchClient/scripts/5_Mission/dayzone\gui\components\layoutwrapper.c,157": FIX-ME: Unsafe down-casting, use 'Managed.Cast' for safe down-casting
SCRIPT    (W): @"KTWorkbenchClient/scripts/5_Mission/dayzone\gui\components\layoutwrapper.c,165": FIX-ME: Unsafe down-casting, use 'Managed.Cast' for safe down-casting
SCRIPT    (W): @"KTWorkbenchClient/scripts/5_Mission/dayzone\gui\components\layoutwrapper.c,173": FIX-ME: Unsafe down-casting, use 'Managed.Cast' for safe down-casting
SCRIPT    (W): @"KTWorkbenchClient/scripts/5_Mission/dayzone\gui\components\layoutwrapper.c,181": FIX-ME: Unsafe down-casting, use 'Managed.Cast' for safe down-casting
SCRIPT    (W): @"KTWorkbenchClient/scripts/5_Mission/dayzone\gui\components\layoutwrapper.c,189": FIX-ME: Unsafe down-casting, use 'Managed.Cast' for safe down-casting
SCRIPT    (W): @"KTWorkbenchClient/scripts/5_Mission/dayzone\gui\components\layoutwrapper.c,197": FIX-ME: Unsafe down-casting, use 'Managed.Cast' for safe down-casting
SCRIPT    (W): @"KTWorkbenchClient/scripts/5_Mission/dayzone\gui\components\layoutwrapper.c,205": FIX-ME: Unsafe down-casting, use 'Managed.Cast' for safe down-casting
SCRIPT    (W): @"KTWorkbenchClient/scripts/5_Mission/dayzone\gui\components\layoutwrapper.c,213": FIX-ME: Unsafe down-casting, use 'Managed.Cast' for safe down-casting
SCRIPT    (W): @"KTWorkbenchClient/scripts/5_Mission/dayzone\gui\craft\resultscarousel\resultscarouselitem.c,50": FIX-ME: Unsafe down-casting, use 'ItemBase.Cast' for safe down-casting
SCRIPT    (W): @"KTWorkbenchClient/scripts/5_Mission/dayzone\gui\craft\recipecontentpanel\ingredientspanel\ingredientitem.c,192": Possible variable name conflict 'pseudoClass'
SCRIPT    (W): @"KTWorkbenchClient/scripts/5_Mission/dayzone\gui\craft\recipecontentpanel\recipecontentpanel.c,109": FIX-ME: Unsafe down-casting, use 'ItemBase.Cast' for safe down-casting
SCRIPT    (W): @"KTWorkbenchClient/scripts/5_Mission/dayzone\gui\craft\recipecontentpanel\recipecontentpanel.c,185": FIX-ME: Unsafe down-casting, use 'EntityAI.Cast' for safe down-casting
SCRIPT    (W): @"KTWorkbenchClient/scripts/5_Mission/dayzone\gui\craft\recipecontentpanel\recipecontentpanel.c,299": FIX-ME: Unsafe down-casting, use 'ItemBase.Cast' for safe down-casting
SCRIPT    (W): @"KTWorkbenchClient/scripts/5_Mission/dayzone\gui\craft\tooltip\ingredientpreview.c,103": FIX-ME: Unsafe down-casting, use 'ItemBase.Cast' for safe down-casting
SCRIPT    (W): @"KTWorkbenchClient/scripts/5_Mission/dayzone\gui\craft\tooltip\ingredientpseudoitempreview.c,42": FIX-ME: Unsafe down-casting, use 'ItemBase.Cast' for safe down-casting
SCRIPT    (W): @"SearchInventory/Scripts/5_Mission/uihelper\ui\uisearchinventorywindow.c,338": FIX-ME: Undefined function 'DayZGame.GetMousePos'
SCRIPT       : [HelziMagazineLoading | CLIENT MOD] - Version client mod: 1.26 (Stable)...
SCRIPT       : [HelziMagazineLoading | CLIENT MOD] - The client started looking for the server part of the mod!
SCRIPT       : [HelziMagazineLoading | SERVER MOD] - Version server mod: 1.26 (Stable)...
SCRIPT       : [HelziMagazineLoading | SERVER MOD] - The client part has been found, the mod is in stable operation!
SCRIPT       : Vanilla++ AdminTools Plugins Registering..
SCRIPT       : [Randomitems] Register recipes
SCRIPT       : [TERJE CORE](INFO): Loaded 12 settings from the Core.cfg
SCRIPT       : [TERJE CORE](INFO): Loaded 290 settings from the Medicine.cfg
SCRIPT       : [TERJE CORE](INFO): Loaded 188 settings from the Skills.cfg
SCRIPT       : [TERJE CORE](INFO): Loaded 53 settings from the StartScreen.cfg
SCRIPT       : [TERJE CORE](INFO): Registered 37 custom recipes.
SCRIPT       : [WebHooksManager] Loading Saved Webhooks configuration
SCRIPT       : Spawning Building [Land_Misc_FireBarrel_Yellow-540057617]
SCRIPT       : Init: PluginMCKLogs
SCRIPT       : [MCK_Config] '$profile:MuchCarKey/MCK_Config.json' found, loading existing config!
SCRIPT       : 07:39:14.301 [EXPANSION DEBUG]: [ExpansionCoreSettings] Load existing setting file:$profile:ExpansionMod\Settings\CoreSettings.json
SCRIPT       : 07:39:14.301 [EXPANSION DEBUG]: [ExpansionLogSettings] Load existing setting file:$profile:ExpansionMod\Settings\LogsSettings.json
SCRIPT       : 07:39:14.318 [EXPANSION DEBUG]: [ExpansionNotificationSettings] Load existing setting file:$profile:ExpansionMod\Settings\NotificationSettings.json
SCRIPT       : 07:39:14.330 [EXPANSION DEBUG]: [ExpansionMonitoringSettings] Load existing setting file:$profile:ExpansionMod\Settings\MonitoringSettings.json
SCRIPT       : 07:39:14.330 [EXPANSION DEBUG]: [ExpansionDamageSystemSettings] Load existing setting file:$profile:ExpansionMod\Settings\DamageSystemSettings.json
SCRIPT       : 07:39:14.330 [EXPANSION DEBUG]: [ExpansionMarketSettings] Load existing setting file:$mission:expansion\settings\MarketSettings.json
SCRIPT       : ExpansionMarketSettings::LoadCategories - Adding category ID 1 (Ammo)
SCRIPT       : ExpansionMarketSettings::LoadCategories - Adding category ID 2 (Ammo_Boxes)
SCRIPT       : ExpansionMarketSettings::LoadCategories - Adding category ID 3 (Armbands)
SCRIPT       : ExpansionMarketSettings::LoadCategories - Adding category ID 4 (Assault_Rifles)
SCRIPT       : ExpansionMarketSettings::LoadCategories - Adding category ID 5 (Backpacks)
SCRIPT       : ExpansionMarketSettings::LoadCategories - Adding category ID 6 (Bandanas)
SCRIPT       : ExpansionMarketSettings::LoadCategories - Adding category ID 7 (Batteries)
SCRIPT       : ExpansionMarketSettings::LoadCategories - Adding category ID 8 (Bayonets)
SCRIPT       : ExpansionMarketSettings::LoadCategories - Adding category ID 9 (Belts)
SCRIPT       : ExpansionMarketSettings::LoadCategories - Adding category ID 10 (Blouses_And_Suits)
SCRIPT       : ExpansionMarketSettings::LoadCategories - Adding category ID 11 (Boots_And_Shoes)
SCRIPT       : ExpansionMarketSettings::LoadCategories - Adding category ID 12 (Buttstocks)
SCRIPT       : ExpansionMarketSettings::LoadCategories - Adding category ID 13 (Caps)
SCRIPT       : ExpansionMarketSettings::LoadCategories - Adding category ID 14 (CarKeys)
SCRIPT       : ExpansionMarketSettings::LoadCategories - Adding category ID 15 (Cars)
SCRIPT       : ExpansionMarketSettings::LoadCategories - Adding category ID 16 (Coats_And_Jackets)
SCRIPT       : ExpansionMarketSettings::LoadCategories - Adding category ID 17 (Containers)
SCRIPT       : ExpansionMarketSettings::LoadCategories - Adding category ID 18 (Crossbows)
SCRIPT       : ExpansionMarketSettings::LoadCategories - Adding category ID 19 (Drinks)
SCRIPT       : ExpansionMarketSettings::LoadCategories - Adding category ID 20 (Electronics)
SCRIPT       : ExpansionMarketSettings::LoadCategories - Adding category ID 21 (Event)
SCRIPT       : ExpansionMarketSettings::LoadCategories - Adding category ID 22 (Exchange)
SCRIPT       : ExpansionMarketSettings::LoadCategories - Adding category ID 23 (Explosives_And_Grenades)
SCRIPT       : ExpansionMarketSettings::LoadCategories - Adding category ID 24 (Eyewear)
SCRIPT       : ExpansionMarketSettings::LoadCategories - Adding category ID 25 (Fish)
SCRIPT       : ExpansionMarketSettings::LoadCategories - Adding category ID 26 (Fishing)
SCRIPT       : ExpansionMarketSettings::LoadCategories - Adding category ID 27 (Flags)
SCRIPT       : ExpansionMarketSettings::LoadCategories - Adding category ID 28 (Food)
SCRIPT       : ExpansionMarketSettings::LoadCategories - Adding category ID 29 (Fruit_And_Vegetables)
SCRIPT       : ExpansionMarketSettings::LoadCategories - Adding category ID 30 (Furnishings)
SCRIPT       : ExpansionMarketSettings::LoadCategories - Adding category ID 31 (Gardening)
SCRIPT       : ExpansionMarketSettings::LoadCategories - Adding category ID 32 (Ghillies)
SCRIPT       : ExpansionMarketSettings::LoadCategories - Adding category ID 33 (Gloves)
SCRIPT       : ExpansionMarketSettings::LoadCategories - Adding category ID 34 (Handguards)
SCRIPT       : ExpansionMarketSettings::LoadCategories - Adding category ID 35 (Hats_And_Hoods)
SCRIPT       : ExpansionMarketSettings::LoadCategories - Adding category ID 36 (Helmets)
SCRIPT       : ExpansionMarketSettings::LoadCategories - Adding category ID 37 (Holsters_And_Pouches)
SCRIPT       : ExpansionMarketSettings::LoadCategories - Adding category ID 38 (Hunting)
SCRIPT       : ExpansionMarketSettings::LoadCategories - Adding category ID 39 (Kits)
SCRIPT       : ExpansionMarketSettings::LoadCategories - Adding category ID 40 (Knifes)
SCRIPT       : ExpansionMarketSettings::LoadCategories - Adding category ID 41 (Lights)
SCRIPT       : ExpansionMarketSettings::LoadCategories - Adding category ID 42 (Liquids)
SCRIPT       : ExpansionMarketSettings::LoadCategories - Adding category ID 43 (Locks)
SCRIPT       : ExpansionMarketSettings::LoadCategories - Adding category ID 44 (Magazines)
SCRIPT       : ExpansionMarketSettings::LoadCategories - Adding category ID 45 (Masks)
SCRIPT       : ExpansionMarketSettings::LoadCategories - Adding category ID 46 (Meat)
SCRIPT       : ExpansionMarketSettings::LoadCategories - Adding category ID 47 (Medical)
SCRIPT       : MARKET CONFIGURATION ERROR: Item bp_smg_repearkit (ID 1257) in category Melee_Weapons (ID 48) was already added in category Knifes (ID 40) as bp_smg_repearkit (ID 1137)
Use https://github.com/lava76/check_expansion_market_variants/releases to fix
SCRIPT       : MARKET CONFIGURATION ERROR: Item bp_pistol_repearkit (ID 1258) in category Melee_Weapons (ID 48) was already added in category Knifes (ID 40) as bp_pistol_repearkit (ID 1138)
Use https://github.com/lava76/check_expansion_market_variants/releases to fix
SCRIPT       : MARKET CONFIGURATION ERROR: Item bp_shotgun_repearkit (ID 1259) in category Melee_Weapons (ID 48) was already added in category Knifes (ID 40) as bp_shotgun_repearkit (ID 1139)
Use https://github.com/lava76/check_expansion_market_variants/releases to fix
SCRIPT       : MARKET CONFIGURATION ERROR: Item bp_rifles_repearkit (ID 1260) in category Melee_Weapons (ID 48) was already added in category Knifes (ID 40) as bp_rifles_repearkit (ID 1140)
Use https://github.com/lava76/check_expansion_market_variants/releases to fix
SCRIPT       : ExpansionMarketSettings::LoadCategories - Adding category ID 48 (Melee_Weapons)
SCRIPT       : ExpansionMarketSettings::LoadCategories - Adding category ID 49 (Muzzles)
SCRIPT       : ExpansionMarketSettings::LoadCategories - Adding category ID 50 (Navigation)
SCRIPT       : ExpansionMarketSettings::LoadCategories - Adding category ID 51 (Optics)
SCRIPT       : ExpansionMarketSettings::LoadCategories - Adding category ID 52 (Pants_And_Shorts)
SCRIPT       : ExpansionMarketSettings::LoadCategories - Adding category ID 53 (Pistols)
SCRIPT       : ExpansionMarketSettings::LoadCategories - Adding category ID 54 (Rifles)
SCRIPT       : ExpansionMarketSettings::LoadCategories - Adding category ID 55 (Shirts_And_TShirts)
SCRIPT       : ExpansionMarketSettings::LoadCategories - Adding category ID 56 (Shotguns)
SCRIPT       : ExpansionMarketSettings::LoadCategories - Adding category ID 57 (Skirts_And_Dresses)
SCRIPT       : ExpansionMarketSettings::LoadCategories - Adding category ID 58 (Sniper_Rifles)
SCRIPT       : ExpansionMarketSettings::LoadCategories - Adding category ID 59 (Submachine_Guns)
SCRIPT       : ExpansionMarketSettings::LoadCategories - Adding category ID 60 (Supplies)
SCRIPT       : ExpansionMarketSettings::LoadCategories - Adding category ID 61 (Sweaters_And_Hoodies)
SCRIPT       : ExpansionMarketSettings::LoadCategories - Adding category ID 62 (Tents)
SCRIPT       : ExpansionMarketSettings::LoadCategories - Adding category ID 63 (Tools)
SCRIPT       : ExpansionMarketSettings::LoadCategories - Adding category ID 64 (Vehicle_Parts)
SCRIPT       : ExpansionMarketSettings::LoadCategories - Adding category ID 65 (Vests)
SCRIPT       : ExpansionMarketItem::WriteTo - WARNING: Attachment 'mag_p1_8rnd' does not exist!
SCRIPT       : ExpansionMarketItem::WriteTo - WARNING: Attachment 'mag_deagle_9rnd' does not exist!
SCRIPT       : ExpansionMarketItem::WriteTo - WARNING: Attachment 'mag_deagle_9rnd' does not exist!
SCRIPT       : ExpansionMarketItem::WriteTo - WARNING: Attachment 'mag_ij70_8rnd' does not exist!
SCRIPT       : ExpansionMarketItem::WriteTo - WARNING: Attachment 'mag_ump_25rnd' does not exist!
SCRIPT       : ExpansionMarketItem::WriteTo - WARNING: Attachment 'mag_fnx45_15rnd' does not exist!
SCRIPT       : ExpansionMarketItem::WriteTo - WARNING: Attachment 'mag_1911_7rnd' does not exist!
SCRIPT       : ExpansionMarketItem::WriteTo - WARNING: Attachment 'mag_1911_7rnd' does not exist!
SCRIPT       : ExpansionMarketItem::WriteTo - WARNING: Attachment 'mag_mkii_10rnd' does not exist!
SCRIPT       : ExpansionMarketItem::WriteTo - WARNING: Attachment 'mag_glock_15rnd' does not exist!
SCRIPT       : ExpansionMarketItem::WriteTo - WARNING: Attachment 'mag_cz61_20rnd' does not exist!
SCRIPT       : ExpansionMarketItem::WriteTo - WARNING: Attachment 'mag_mp5_30rnd' does not exist!
SCRIPT       : ExpansionMarketItem::WriteTo - WARNING: Attachment 'mag_pp19_64rnd' does not exist!
SCRIPT       : ExpansionMarketItem::WriteTo - WARNING: Attachment 'mag_cz75_15rnd' does not exist!
SCRIPT       : MARKET CONFIGURATION ERROR: Can't add nvgoggles to trader Components - item does not exist in market
Use https://github.com/lava76/check_expansion_market_variants/releases to fix
SCRIPT       : TRADER CONFIGURATION ERROR: Category Launchers in Weapons does not exist!
SCRIPT       : 07:39:14.999 [EXPANSION DEBUG]: ExpansionAILocationSettings<f51da0a0> Load existing setting file:$mission:expansion\settings\AILocationSettings.json
SCRIPT       : 07:39:15.009 [EXPANSION DEBUG]: [ExpansionAISettings] Load existing setting file:$profile:ExpansionMod\Settings\AISettings.json
SCRIPT       : 07:39:15.025 [EXPANSION DEBUG]: [ExpansionAIPatrolSettings] Load existing setting file:$mission:expansion\settings\AIPatrolSettings.json
SCRIPT       : Expansion version: 1.9.43
SCRIPT       : [#CBD_LootSystem] Has Loaded successfully!
SCRIPT       : [DefineTest] EXPANSIONMODAI is defined
SCRIPT       : [DefineTest] EXPANSIONMODCORE is defined
SCRIPT       : [DefineTest] EXPANSIONMODMARKET is defined
SCRIPT       : [DefineTest] EXPANSIONMODP2PMARKET is defined
SCRIPT       : [DefineTest] CfgMods:
SCRIPT       : defaultAction
SCRIPT       : DayZ
SCRIPT       : AM_Define
SCRIPT       : DZ_Expansion_AI_Preload
SCRIPT       : DZ_Expansion_Core_Preload
SCRIPT       : DZ_Expansion_Market_Preload
SCRIPT       : DZ_Expansion_ModStorage_Preload
SCRIPT       : DZ_Expansion_P2PMarket_Preload
SCRIPT       : AimSounds
SCRIPT       : ExtraFarmingItems
SCRIPT       : dry_gully_structures_fireplace
SCRIPT       : dz_yanova_scripts
SCRIPT       : SobrMods_Barrel_Fix
SCRIPT       : bl_crafting
SCRIPT       : BP_Smot_O
SCRIPT       : BP_Workbench
SCRIPT       : BPcamping_O
SCRIPT       : BPGuns
SCRIPT       : CBD_LootRoomsSystem
SCRIPT       : CodeLock
SCRIPT       : DabsFramework
SCRIPT       : DZ_Expansion_DefineTest
SCRIPT       : NoBuildZones
SCRIPT       : sakhal
SCRIPT       : EarPlugs
SCRIPT       : FireplaceIndoor
SCRIPT       : Flag80MeterRadius
SCRIPT       : GarbageSearch
SCRIPT       : GoreZ
SCRIPT       : Gos_nomer_Rusforma
SCRIPT       : HarksBloodPlague
SCRIPT       : HelziMagazineLoading_CLIENT
SCRIPT       : HelziMagazineLoading_SERVER
SCRIPT       : InediaInfectedAI
SCRIPT       : InventoryInCar
SCRIPT       : DZ_InventoryMoveSounds
SCRIPT       : JM_CommunityFramework
SCRIPT       : JunkYardDogV4
SCRIPT       : KTWorkbenchClient
SCRIPT       : PvZmoD_Spawn_System
SCRIPT       : LoftDmodGR_scripts
SCRIPT       : MountsAndSights
SCRIPT       : MuchCarKeyDefines
SCRIPT       : PVEZ
SCRIPT       : RaG_Immersive_Wells
SCRIPT       : RealisticDisplayQuantity
SCRIPT       : RiriteoPlants
SCRIPT       : SIN_SearchInventory
SCRIPT       : ServerConfig_GS
SCRIPT       : ServerConfig_JD
SCRIPT       : STAG_Industries
SCRIPT       : StaminaRevised
SCRIPT       : Survivalists_Weapons_JMC
SCRIPT       : TerjeCore
SCRIPT       : TerjeMedicine
SCRIPT       : TerjePartyMod
SCRIPT       : TerjeSkills
SCRIPT       : TerjeSleepingBag
SCRIPT       : TerjeStartScreen
SCRIPT       : TWOC_CombineItems
SCRIPT       : Utopia_Patrol_Helicopter_Scripts
SCRIPT       : Z_CfgMods_VanillaDoubleMag_O
SCRIPT       : AVPPAdminTools
SCRIPT       : DeerIsle_Weapons
SCRIPT       : WindstrideClothing
SCRIPT       : ZenTerritories
SCRIPT       : ZenUtilities
SCRIPT       : AlteriaScripts
SCRIPT       : ND_ammoMaking
SCRIPT       : BP2_Mods
SCRIPT       : BP_Mine_Land
SCRIPT       : BPChees
SCRIPT       : BPprops
SCRIPT       : DZ_Expansion_ModStorage
SCRIPT       : FOG_MOD
SCRIPT       : InediaTerjeCompatibility
SCRIPT       : MuchCarKey
SCRIPT       : rag_immersive_vehicles
SCRIPT       : rag_baseitems
SCRIPT       : RandomItemsPack
SCRIPT       : SimpleLootChests
SCRIPT       : STAG_Clothing_6sh118
SCRIPT       : STAG_Clothing_ArmyBack
SCRIPT       : TerjeCompatibilityVPP
SCRIPT       : BP_Uaz
SCRIPT       : Uaz_soba
SCRIPT       : Utopia_Patrol_Helicopter_Public
SCRIPT       : A3_UI_F
SCRIPT       : artillery_tractor
SCRIPT       : AZLK_2141RF
SCRIPT       : azlk_400
SCRIPT       : BP_F100
SCRIPT       : BP_Uaz452
SCRIPT       : BPMelee
SCRIPT       : BRDM2_RF
SCRIPT       : BTR_80
SCRIPT       : DZ_Expansion_Core
SCRIPT       : DZ_Expansion_Market
SCRIPT       : DZ_Expansion_NotificationScheduler
SCRIPT       : DZ_Expansion_P2PMarket
SCRIPT       : DZ_Expansion_VanillaFixes
SCRIPT       : dodge_power_wagonrus
SCRIPT       : F1_Pickup
SCRIPT       : FC_Fish_Equip
SCRIPT       : GAZ21_Volga
SCRIPT       : GAZ_12
SCRIPT       : GAZ_13_Chaika
SCRIPT       : Gaz_233002_Tiger
SCRIPT       : GAZ_3110_volga
SCRIPT       : GAZ_33081
SCRIPT       : gaz_51
SCRIPT       : Gaz_53RF
SCRIPT       : GAZ_66
SCRIPT       : GAZ_69_rus
SCRIPT       : GAZ_M20
SCRIPT       : IJ_2125_Kombi
SCRIPT       : ij_2715_RF
SCRIPT       : kamaz_4310RUS
SCRIPT       : KAVZ685_RF
SCRIPT       : kraz_255B
SCRIPT       : KubanG1
SCRIPT       : Niva2329
SCRIPT       : LIAZ_677RF
SCRIPT       : LoftDmodGR_Core
SCRIPT       : LoftdmodGR_Gear
SCRIPT       : LoftDmodGR_Military
SCRIPT       : LoftdmodGR_weapons
SCRIPT       : LUAZ_969
SCRIPT       : moskvich_407
SCRIPT       : MTLB_RF
SCRIPT       : Nomadbackpack_v3
SCRIPT       : PAZ_672
SCRIPT       : terjearmorfog
SCRIPT       : RaG_BaseBuilding
SCRIPT       : tractor_UMZ_RUS
SCRIPT       : UAZ_27722_mchs
SCRIPT       : UAZ_31519_Police
SCRIPT       : UAZ_3163
SCRIPT       : UAZ_3172
SCRIPT       : UAZ_33094
SCRIPT       : UAZ_3962
SCRIPT       : UAZ_469_army
SCRIPT       : UAZ_469_Hunter
SCRIPT       : UAZ_469_milicia
SCRIPT       : UAZ_Patrot_Pikap
SCRIPT       : URAL_375_1964
SCRIPT       : VAZ_2104RF
SCRIPT       : VAZ_2105_RUS
SCRIPT       : vaz_2106_RF
SCRIPT       : VAZ_2107RF
SCRIPT       : VAZ_21099R
SCRIPT       : VAZ_2109_RF
SCRIPT       : VBL
SCRIPT       : Volkswagen_Golf_RUS
SCRIPT       : ZAZ_965
SCRIPT       : ZAZ_968
SCRIPT       : ZAZ_968M
SCRIPT       : ZIL133_double
SCRIPT       : ZIL_130
SCRIPT       : ZIL_130_ac40
SCRIPT       : ZIL_131
SCRIPT       : ZIL_157_rus
SCRIPT       : IJ_2140_SL
SCRIPT       : bl_camp
SCRIPT       : BP_Grenade_launchers
SCRIPT       : BP_Grenade_launchers_O
SCRIPT       : BP_Shelf_Mods
SCRIPT       : BP_Shelf_O
SCRIPT       : BP_Smot
SCRIPT       : BPcamping
SCRIPT       : BP_Food_Mods
SCRIPT       : BPZombie_Mods
SCRIPT       : CookZ
SCRIPT       : DZ_Expansion_AI
SCRIPT       : KB_Workbench
SCRIPT       : LoftD_old_size
SCRIPT       : LoftDmodGR
SCRIPT       : LoftdmodGR_Bijouterie
SCRIPT       : LoftDmodGR_Civilian
SCRIPT       : AIWarZones
SCRIPT       : BP1_Mods
SCRIPT       : BP3
SCRIPT       : PVEZ :: Will use config files in profiles
SCRIPT       : [CookZ] Successfully loaded configuration.
SCRIPT       : [Server_Config_GarbageSearch]- 	Checking For Config Files
SCRIPT       : [Server_Config_GarbageSearch]- 	Found Config Files!
SCRIPT       : [Server_Config_JunkYardDog]- 	Checking For Config Files
SCRIPT       : [Server_Config_JunkYardDog]- 	Found Config Files!
SCRIPT       : [MissionServer] OnInit - Server
SCRIPT       : [MCK_Config] '$profile:MuchCarKey/MCK_Config.json' found, loading existing config!
SCRIPT       : [BLCraftables] OnInit
SCRIPT       : [BLCraftables] --- Loading Config.
SCRIPT       : [AYSA] [AI WAR ZONES] 
SCRIPT       : [AYSA] ----- Loading cfg -----
SCRIPT       : [AYSA] [AI WAR ZONES] --> config loaded, zone count: 8
SCRIPT       : [AYSA] [AI WAR ZONES] --> Zone[0]: The Raid near Old Castle
SCRIPT       : [AYSA] [AI WAR ZONES] --> Zone[1]: Quarry Conundrum
SCRIPT       : [AYSA] [AI WAR ZONES] --> Zone[2]: Cassandra City Hall
SCRIPT       : [AYSA] [AI WAR ZONES] --> Zone[3]: Raid on Old Castle
SCRIPT       : [AYSA] [AI WAR ZONES] --> Zone[4]: South Harbour - Milvan Mayhem
SCRIPT       : [AYSA] [AI WAR ZONES] --> Zone[5]: Ruin-Town Rumble
SCRIPT       : [AYSA] [AI WAR ZONES] --> Zone[6]: Kefka Kalamity
SCRIPT       : [AYSA] [AI WAR ZONES] --> Zone[7]: The Fight For Control - Airfield
SCRIPT       : Harks Blood Plague Mod Loaded....
SCRIPT       : 07:41:04.562 [EXPANSION DEBUG]: LoadMissionTradersFile trader ExpansionTraderGuo<e895d010> fileName Consumables
SCRIPT       : 07:41:04.562 [EXPANSION DEBUG]: ExpansionTraderGuo<e895d010>::SetTraderObject ExpansionTraderObjectBase<f6bc4950> <2266.186768, 94.534958, 6326.870117>
SCRIPT       : 07:41:04.679 [EXPANSION DEBUG]: LoadMissionTradersFile trader ExpansionTraderFrancis<f67fc040> fileName Fishing
SCRIPT       : 07:41:04.679 [EXPANSION DEBUG]: ExpansionTraderFrancis<f67fc040>::SetTraderObject ExpansionTraderObjectBase<f6f67f60> <2274.841064, 94.534966, 6325.490234>
SCRIPT       : 07:41:04.767 [EXPANSION DEBUG]: LoadMissionTradersFile trader ExpansionTraderIndar<f71eb040> fileName Components
SCRIPT       : 07:41:04.767 [EXPANSION DEBUG]: ExpansionTraderIndar<f71eb040>::SetTraderObject ExpansionTraderObjectBase<f71413d0> <2276.158447, 94.535011, 6327.597168>
SCRIPT       : 07:41:05.396 [EXPANSION DEBUG]: LoadMissionTradersFile trader ExpansionTraderOliver<f2fe7020> fileName Weapons
SCRIPT       : 07:41:05.396 [EXPANSION DEBUG]: ExpansionTraderOliver<f2fe7020>::SetTraderObject ExpansionTraderObjectBase<f7142b10> <6948.391602, 63.131378, 822.539734>
SCRIPT       : 07:41:05.484 [EXPANSION DEBUG]: LoadMissionTradersFile trader ExpansionTraderManua<f7acf020> fileName Vehicles
SCRIPT       : 07:41:05.485 [EXPANSION DEBUG]: ExpansionTraderManua<f7acf020>::SetTraderObject ExpansionTraderObjectBase<f6f6c6a0> <6948.254395, 63.142570, 825.808777>
SCRIPT       : [MissionServer] OnMissionStart - Server
SCRIPT       : string dirtyName = '[AU]HardcoreHorizons|Alteria|PVE|AI|Terje|Inedia|HardcoreSurvival'
SCRIPT       : [TERJE CORE](INFO): TERJE_STORAGE_VERSION = 1
SCRIPT       : 07:42:05.579 [EXPANSION DEBUG]: ExpansionP2PTraderAIIrena<65c02100>::SetP2PTraderID - ID: 1
SCRIPT       : Found 0 zones!
SCRIPT       : ExpansionMarketItem marketItem = ExpansionMarketItem<437f6e80>
SCRIPT       : int worth =   1
SCRIPT       : [ZenTerritories] OnInit
SCRIPT       : [ZenTerritories] Loading Config
SCRIPT       : [JunkYardDog] -- Adding Salvage Point to <Land_Wreck_Uaz<d90570f0>> at Pos <<1814.896729, 47.846394, 1855.345825>>
SCRIPT       : [JunkYardDog] -- Adding Fuel Point to <Land_Wreck_Uaz<d90570f0>> at Pos <<1814.896729, 47.846394, 1855.345825>>
SCRIPT       : [JunkYardDog] -- Adding Salvage Point to <Static_Wreck_HMMWV<2501560>> at Pos <<1697.339966, 88.297104, 2611.963379>>
SCRIPT       : [JunkYardDog] -- Adding Fuel Point to <Static_Wreck_HMMWV<2501560>> at Pos <<1697.339966, 88.297104, 2611.963379>>
SCRIPT       : [JunkYardDog] -- Adding Salvage Point to <Land_Wreck_V3S<19cbeb80>> at Pos <<1760.091797, 15.003111, 5044.011230>>
SCRIPT       : [JunkYardDog] -- Adding Fuel Point to <Land_Wreck_V3S<19cbeb80>> at Pos <<1760.091797, 15.003111, 5044.011230>>
SCRIPT       : [JunkYardDog] -- Adding Salvage Point to <Land_Wreck_V3S<19cb99f0>> at Pos <<3160.910889, 7.198166, 4496.506348>>
SCRIPT       : [JunkYardDog] -- Adding Fuel Point to <Land_Wreck_V3S<19cb99f0>> at Pos <<3160.910889, 7.198166, 4496.506348>>
SCRIPT       : [JunkYardDog] -- Adding Salvage Point to <Land_Wreck_hb02_aban1_black<19cc0fc0>> at Pos <<6883.059570, 15.321736, 6087.863770>>
SCRIPT       : [JunkYardDog] -- Adding Fuel Point to <Land_Wreck_hb02_aban1_black<19cc0fc0>> at Pos <<6883.059570, 15.321736, 6087.863770>>
SCRIPT       : [JunkYardDog] -- Adding Salvage Point to <Land_Wreck_Uaz<19cc18d0>> at Pos <<6896.333496, 15.399146, 6088.336914>>
SCRIPT       : [JunkYardDog] -- Adding Fuel Point to <Land_Wreck_Uaz<19cc18d0>> at Pos <<6896.333496, 15.399146, 6088.336914>>
SCRIPT       : [JunkYardDog] -- Adding Salvage Point to <Land_Wreck_sed01_aban2_wine<19cc2af0>> at Pos <<7011.321777, 16.946186, 6075.348633>>
SCRIPT       : [JunkYardDog] -- Adding Fuel Point to <Land_Wreck_sed01_aban2_wine<19cc2af0>> at Pos <<7011.321777, 16.946186, 6075.348633>>
SCRIPT       : [JunkYardDog] -- Adding Salvage Point to <Static_Wreck_Ural<2517290>> at Pos <<7113.122070, 19.225021, 6048.750488>>
SCRIPT       : [JunkYardDog] -- Adding Fuel Point to <Static_Wreck_Ural<2517290>> at Pos <<7113.122070, 19.225021, 6048.750488>>
SCRIPT       : [JunkYardDog] -- Adding Salvage Point to <Land_Wreck_hb02_aban2_red<431a1c90>> at Pos <<1976.034668, 6.554251, 7844.901855>>
SCRIPT       : [JunkYardDog] -- Adding Fuel Point to <Land_Wreck_hb02_aban2_red<431a1c90>> at Pos <<1976.034668, 6.554251, 7844.901855>>
SCRIPT       : [JunkYardDog] -- Adding Salvage Point to <Land_Wreck_sed01_aban2_black<431a8040>> at Pos <<1947.163818, 6.290183, 7808.579102>>
SCRIPT       : [JunkYardDog] -- Adding Fuel Point to <Land_Wreck_sed01_aban2_black<431a8040>> at Pos <<1947.163818, 6.290183, 7808.579102>>
SCRIPT       : [JunkYardDog] -- Adding Salvage Point to <Land_Wreck_S1023_Beige<431a6510>> at Pos <<2791.882324, 6.218272, 7433.123047>>
SCRIPT       : [JunkYardDog] -- Adding Fuel Point to <Land_Wreck_S1023_Beige<431a6510>> at Pos <<2791.882324, 6.218272, 7433.123047>>
SCRIPT       : [JunkYardDog] -- Adding Salvage Point to <Land_Wreck_hb01_aban2_green<431b50b0>> at Pos <<2896.056641, 7.388596, 6878.918945>>
SCRIPT       : [JunkYardDog] -- Adding Fuel Point to <Land_Wreck_hb01_aban2_green<431b50b0>> at Pos <<2896.056641, 7.388596, 6878.918945>>
SCRIPT       : [JunkYardDog] -- Adding Salvage Point to <Land_Wreck_sed02_aban1_yellow<1976b800>> at Pos <<3670.598145, 5.501119, 5980.184570>>
SCRIPT       : [JunkYardDog] -- Adding Fuel Point to <Land_Wreck_sed02_aban1_yellow<1976b800>> at Pos <<3670.598145, 5.501119, 5980.184570>>
SCRIPT       : [JunkYardDog] -- Adding Salvage Point to <Land_Wreck_hb02_aban1_red<1976f770>> at Pos <<3710.982910, 5.399823, 5967.517090>>
SCRIPT       : [JunkYardDog] -- Adding Fuel Point to <Land_Wreck_hb02_aban1_red<1976f770>> at Pos <<3710.982910, 5.399823, 5967.517090>>
SCRIPT       : [JunkYardDog] -- Adding Salvage Point to <Land_Wreck_sed02_aban2_grey<19770080>> at Pos <<3704.370850, 5.298825, 5967.125977>>
SCRIPT       : [JunkYardDog] -- Adding Fuel Point to <Land_Wreck_sed02_aban2_grey<19770080>> at Pos <<3704.370850, 5.298825, 5967.125977>>
SCRIPT       : [JunkYardDog] -- Adding Salvage Point to <Land_Wreck_hb01_aban1_white<197336d0>> at Pos <<3718.048340, 5.701993, 5982.363770>>
SCRIPT       : [JunkYardDog] -- Adding Fuel Point to <Land_Wreck_hb01_aban1_white<197336d0>> at Pos <<3718.048340, 5.701993, 5982.363770>>
SCRIPT       : [JunkYardDog] -- Adding Salvage Point to <Land_Wreck_hb02_aban2_blue<19730980>> at Pos <<3730.879639, 5.343723, 5957.966797>>
SCRIPT       : [JunkYardDog] -- Adding Fuel Point to <Land_Wreck_hb02_aban2_blue<19730980>> at Pos <<3730.879639, 5.343723, 5957.966797>>
SCRIPT       : [JunkYardDog] -- Adding Salvage Point to <Land_Wreck_sed01_aban2_black<19737640>> at Pos <<3726.789063, 5.393321, 5967.372559>>
SCRIPT       : [JunkYardDog] -- Adding Fuel Point to <Land_Wreck_sed01_aban2_black<19737640>> at Pos <<3726.789063, 5.393321, 5967.372559>>
SCRIPT       : [JunkYardDog] -- Adding Salvage Point to <Land_Wreck_hb01_aban2_white<197348f0>> at Pos <<3717.579346, 5.570747, 5967.956055>>
SCRIPT       : [JunkYardDog] -- Adding Fuel Point to <Land_Wreck_hb01_aban2_white<197348f0>> at Pos <<3717.579346, 5.570747, 5967.956055>>
SCRIPT       : [JunkYardDog] -- Adding Salvage Point to <Land_Wreck_sed02_aban2_yellow<19730070>> at Pos <<3746.791504, 5.305369, 5981.353516>>
SCRIPT       : [JunkYardDog] -- Adding Fuel Point to <Land_Wreck_sed02_aban2_yellow<19730070>> at Pos <<3746.791504, 5.305369, 5981.353516>>
SCRIPT       : [JunkYardDog] -- Adding Salvage Point to <Land_Wreck_hb01_aban1_green<19731290>> at Pos <<3764.350586, 5.721992, 5983.160156>>
SCRIPT       : [JunkYardDog] -- Adding Fuel Point to <Land_Wreck_hb01_aban1_green<19731290>> at Pos <<3764.350586, 5.721992, 5983.160156>>
SCRIPT       : [JunkYardDog] -- Adding Salvage Point to <Land_Wreck_sed01_aban2_wine<c1f16730>> at Pos <<3180.095459, 16.053360, 881.825867>>
SCRIPT       : [JunkYardDog] -- Adding Fuel Point to <Land_Wreck_sed01_aban2_wine<c1f16730>> at Pos <<3180.095459, 16.053360, 881.825867>>
SCRIPT       : m_LoginTimeMs: 4200
SCRIPT       : [JunkYardDog] -- Adding Salvage Point to <Land_Wreck_S1023_Beige<c1f18b70>> at Pos <<426.902954, 6.441785, 1870.071045>>
SCRIPT       : [JunkYardDog] -- Adding Fuel Point to <Land_Wreck_S1023_Beige<c1f18b70>> at Pos <<426.902954, 6.441785, 1870.071045>>
SCRIPT       : [JunkYardDog] -- Adding Salvage Point to <Static_Wreck_Ural<688cede0>> at Pos <<1501.529541, 16.757549, 516.901611>>
SCRIPT       : [JunkYardDog] -- Adding Fuel Point to <Static_Wreck_Ural<688cede0>> at Pos <<1501.529541, 16.757549, 516.901611>>
SCRIPT       : [JunkYardDog] -- Adding Salvage Point to <Land_Wreck_sed02_aban1_yellow<6b23e270>> at Pos <<1989.433228, 16.431118, 596.317505>>
SCRIPT       : [JunkYardDog] -- Adding Fuel Point to <Land_Wreck_sed02_aban1_yellow<6b23e270>> at Pos <<1989.433228, 16.431118, 596.317505>>
SCRIPT       : [JunkYardDog] -- Adding Salvage Point to <Land_wreck_truck01_aban1_green<6b240fc0>> at Pos <<1951.740967, 15.570000, 541.459717>>
SCRIPT       : [JunkYardDog] -- Adding Fuel Point to <Land_wreck_truck01_aban1_green<6b240fc0>> at Pos <<1951.740967, 15.570000, 541.459717>>
SCRIPT       : [JunkYardDog] -- Adding Salvage Point to <Land_wreck_truck01_aban1_green<6b245840>> at Pos <<1949.478638, 15.570000, 534.974060>>
SCRIPT       : [JunkYardDog] -- Adding Fuel Point to <Land_wreck_truck01_aban1_green<6b245840>> at Pos <<1949.478638, 15.570000, 534.974060>>
SCRIPT       : [JunkYardDog] -- Adding Salvage Point to <Land_wreck_truck01_aban1_green<6b23eb80>> at Pos <<1950.984375, 15.570000, 565.505493>>
SCRIPT       : [JunkYardDog] -- Adding Fuel Point to <Land_wreck_truck01_aban1_green<6b23eb80>> at Pos <<1950.984375, 15.570000, 565.505493>>
SCRIPT       : [JunkYardDog] -- Adding Salvage Point to <Static_Wreck_Ural<72bc4ad0>> at Pos <<1549.478271, 16.757874, 535.082153>>
SCRIPT       : [JunkYardDog] -- Adding Fuel Point to <Static_Wreck_Ural<72bc4ad0>> at Pos <<1549.478271, 16.757874, 535.082153>>
SCRIPT       : [JunkYardDog] -- Adding Salvage Point to <Land_Wreck_hb01_aban2_blue<6e9ac300>> at Pos <<3201.337891, 16.250183, 898.493591>>
SCRIPT       : [JunkYardDog] -- Adding Fuel Point to <Land_Wreck_hb01_aban2_blue<6e9ac300>> at Pos <<3201.337891, 16.250183, 898.493591>>
SCRIPT       : [JunkYardDog] -- Adding Salvage Point to <Static_Wreck_S120_Red<72bc8940>> at Pos <<3979.441895, 19.399769, 7494.562500>>
SCRIPT       : [JunkYardDog] -- Adding Fuel Point to <Static_Wreck_S120_Red<72bc8940>> at Pos <<3979.441895, 19.399769, 7494.562500>>
SCRIPT       : [JunkYardDog] -- Adding Salvage Point to <Land_Wreck_S1023_Beige<6e9c2470>> at Pos <<6901.242188, 63.029224, 770.589783>>
SCRIPT       : [JunkYardDog] -- Adding Fuel Point to <Land_Wreck_S1023_Beige<6e9c2470>> at Pos <<6901.242188, 63.029224, 770.589783>>
SCRIPT       : [JunkYardDog] -- Adding Salvage Point to <Land_wreck_truck01_aban1_green<6e9c7600>> at Pos <<6938.732910, 62.848179, 826.030762>>
SCRIPT       : [JunkYardDog] -- Adding Fuel Point to <Land_wreck_truck01_aban1_green<6e9c7600>> at Pos <<6938.732910, 62.848179, 826.030762>>
SCRIPT       : [JunkYardDog] -- Adding Salvage Point to <Land_Wreck_sed01_aban2_wine<6e9cfdf0>> at Pos <<2244.318604, 95.263321, 6336.895996>>
SCRIPT       : [JunkYardDog] -- Adding Fuel Point to <Land_Wreck_sed01_aban2_wine<6e9cfdf0>> at Pos <<2244.318604, 95.263321, 6336.895996>>
SCRIPT       : [JunkYardDog] -- Adding Salvage Point to <Land_Wreck_S1023_Beige<6e9d2230>> at Pos <<2249.183105, 95.509117, 6339.464355>>
SCRIPT       : [JunkYardDog] -- Adding Fuel Point to <Land_Wreck_S1023_Beige<6e9d2230>> at Pos <<2249.183105, 95.509117, 6339.464355>>
SCRIPT       : [JunkYardDog] -- Adding Salvage Point to <Land_Wreck_hb02_aban2_black<669f23e0>> at Pos <<1651.966553, 16.273724, 479.873322>>
SCRIPT       : [JunkYardDog] -- Adding Fuel Point to <Land_Wreck_hb02_aban2_black<669f23e0>> at Pos <<1651.966553, 16.273724, 479.873322>>
SCRIPT       : [JunkYardDog] -- Adding Salvage Point to <Static_Wreck_Ural<6e23a1a0>> at Pos <<1663.983154, 16.757513, 480.054138>>
SCRIPT       : [JunkYardDog] -- Adding Fuel Point to <Static_Wreck_Ural<6e23a1a0>> at Pos <<1663.983154, 16.757513, 480.054138>>
SCRIPT       : [JunkYardDog] -- Adding Salvage Point to <Land_Wreck_Volha_Grey<669f3600>> at Pos <<1643.880981, 16.306944, 480.305145>>
SCRIPT       : [JunkYardDog] -- Adding Fuel Point to <Land_Wreck_Volha_Grey<669f3600>> at Pos <<1643.880981, 16.306944, 480.305145>>
SCRIPT       : [JunkYardDog] -- Adding Salvage Point to <Land_Wreck_hb02_aban1_blue<6ce6b4f0>> at Pos <<1688.455688, 16.329824, 480.802277>>
SCRIPT       : [JunkYardDog] -- Adding Fuel Point to <Land_Wreck_hb02_aban1_blue<6ce6b4f0>> at Pos <<1688.455688, 16.329824, 480.802277>>
SCRIPT       : [JunkYardDog] -- Adding Salvage Point to <Static_Wreck_Ural<6e246190>> at Pos <<1668.968018, 16.757513, 497.385315>>
SCRIPT       : [JunkYardDog] -- Adding Fuel Point to <Static_Wreck_Ural<6e246190>> at Pos <<1668.968018, 16.757513, 497.385315>>
SCRIPT       : [JunkYardDog] -- Adding Salvage Point to <Land_Wreck_Volha_Blue<6ce6eb50>> at Pos <<1671.799683, 16.306944, 480.475220>>
SCRIPT       : [JunkYardDog] -- Adding Fuel Point to <Land_Wreck_Volha_Blue<6ce6eb50>> at Pos <<1671.799683, 16.306944, 480.475220>>
SCRIPT       : [JunkYardDog] -- Adding Salvage Point to <Land_wreck_truck01_aban1_blue<6ce7e910>> at Pos <<1879.825684, 15.570000, 562.539124>>
SCRIPT       : [JunkYardDog] -- Adding Fuel Point to <Land_wreck_truck01_aban1_blue<6ce7e910>> at Pos <<1879.825684, 15.570000, 562.539124>>
SCRIPT       : [JunkYardDog] -- Adding Salvage Point to <Land_Wreck_sed01_aban1_wine<6ce49e40>> at Pos <<1880.404297, 16.321630, 570.355286>>
SCRIPT       : [JunkYardDog] -- Adding Fuel Point to <Land_Wreck_sed01_aban1_wine<6ce49e40>> at Pos <<1880.404297, 16.321630, 570.355286>>
SCRIPT       : [JunkYardDog] -- Adding Salvage Point to <Land_Wreck_S1023_Beige<6ce455c0>> at Pos <<1859.809692, 16.569132, 568.488342>>
SCRIPT       : [JunkYardDog] -- Adding Fuel Point to <Land_Wreck_S1023_Beige<6ce455c0>> at Pos <<1859.809692, 16.569132, 568.488342>>
SCRIPT       : [JunkYardDog] -- Adding Salvage Point to <Land_Wreck_hb02_aban2_red<6ce48310>> at Pos <<1880.867188, 16.273724, 604.823730>>
SCRIPT       : [JunkYardDog] -- Adding Fuel Point to <Land_Wreck_hb02_aban2_red<6ce48310>> at Pos <<1880.867188, 16.273724, 604.823730>>
SCRIPT       : [JunkYardDog] -- Adding Salvage Point to <Land_Wreck_S1023_Beige<6ce48c20>> at Pos <<1881.052734, 16.569134, 600.557434>>
SCRIPT       : [JunkYardDog] -- Adding Fuel Point to <Land_Wreck_S1023_Beige<6ce48c20>> at Pos <<1881.052734, 16.569134, 600.557434>>
SCRIPT       : [JunkYardDog] -- Adding Salvage Point to <Land_Wreck_sed01_aban1_white<6ce470f0>> at Pos <<1859.194214, 16.321630, 597.628418>>
SCRIPT       : [JunkYardDog] -- Adding Fuel Point to <Land_Wreck_sed01_aban1_white<6ce470f0>> at Pos <<1859.194214, 16.321630, 597.628418>>
SCRIPT       : [JunkYardDog] -- Adding Salvage Point to <Land_Wreck_hb02_aban1_blue<6ce44cb0>> at Pos <<1881.339844, 16.329824, 580.130371>>
SCRIPT       : [JunkYardDog] -- Adding Fuel Point to <Land_Wreck_hb02_aban1_blue<6ce44cb0>> at Pos <<1881.339844, 16.329824, 580.130371>>
SCRIPT       : [JunkYardDog] -- Adding Salvage Point to <Land_Wreck_sed02_aban1_yellow<6ce47a00>> at Pos <<1880.414917, 16.431118, 587.603455>>
SCRIPT       : [JunkYardDog] -- Adding Fuel Point to <Land_Wreck_sed02_aban1_yellow<6ce47a00>> at Pos <<1880.414917, 16.431118, 587.603455>>
SCRIPT       : [JunkYardDog] -- Adding Salvage Point to <Land_Wreck_hb01_aban1_green<6ce4a750>> at Pos <<1859.670532, 16.631992, 580.999573>>
SCRIPT       : [JunkYardDog] -- Adding Fuel Point to <Land_Wreck_hb01_aban1_green<6ce4a750>> at Pos <<1859.670532, 16.631992, 580.999573>>
SCRIPT       : [JunkYardDog] -- Adding Salvage Point to <Land_Wreck_S1023_Beige<6ce4ddb0>> at Pos <<4966.758301, 6.734208, 610.713623>>
SCRIPT       : [JunkYardDog] -- Adding Fuel Point to <Land_Wreck_S1023_Beige<6ce4ddb0>> at Pos <<4966.758301, 6.734208, 610.713623>>
SCRIPT       : [JunkYardDog] -- Adding Salvage Point to <Land_wreck_truck01_aban1_green<6ce4e6c0>> at Pos <<4982.132813, 5.617619, 645.403870>>
SCRIPT       : [JunkYardDog] -- Adding Fuel Point to <Land_wreck_truck01_aban1_green<6ce4e6c0>> at Pos <<4982.132813, 5.617619, 645.403870>>
SCRIPT       : [JunkYardDog] -- Adding Salvage Point to <Land_Wreck_S1023_Beige<6ce5b730>> at Pos <<2697.089355, 40.161888, 832.960876>>
SCRIPT       : [JunkYardDog] -- Adding Fuel Point to <Land_Wreck_S1023_Beige<6ce5b730>> at Pos <<2697.089355, 40.161888, 832.960876>>
SCRIPT       : [TERJE CORE](INFO): Profile 'R5KkZb3Ywicboa8ntCzbBJK6WLpakj_6yA-ghmDo4lw=' loaded from database.
SCRIPT       : [JunkYardDog] -- Adding Salvage Point to <Land_Wreck_S1023_Beige<6ce5ed90>> at Pos <<1244.424072, 66.759415, 1156.200317>>
SCRIPT       : [JunkYardDog] -- Adding Fuel Point to <Land_Wreck_S1023_Beige<6ce5ed90>> at Pos <<1244.424072, 66.759415, 1156.200317>>
SCRIPT       : [JunkYardDog] -- Adding Salvage Point to <Land_Wreck_S1023_Beige<6ce61ae0>> at Pos <<3897.795654, 53.928947, 1289.667480>>
SCRIPT       : [JunkYardDog] -- Adding Fuel Point to <Land_Wreck_S1023_Beige<6ce61ae0>> at Pos <<3897.795654, 53.928947, 1289.667480>>
SCRIPT       : [JunkYardDog] -- Adding Salvage Point to <Land_Wreck_S1023_Beige<6ce65140>> at Pos <<3887.904785, 52.599026, 1321.908325>>
SCRIPT       : [JunkYardDog] -- Adding Fuel Point to <Land_Wreck_S1023_Beige<6ce65140>> at Pos <<3887.904785, 52.599026, 1321.908325>>
SCRIPT       : [JunkYardDog] -- Adding Salvage Point to <Land_Wreck_sed01_aban2_wine<6ce66360>> at Pos <<3919.296631, 51.748848, 1356.713501>>
SCRIPT       : [JunkYardDog] -- Adding Fuel Point to <Land_Wreck_sed01_aban2_wine<6ce66360>> at Pos <<3919.296631, 51.748848, 1356.713501>>
SCRIPT       : [JunkYardDog] -- Adding Salvage Point to <Land_Wreck_Uaz<739f7b20>> at Pos <<4033.473389, 29.543093, 1626.107544>>
SCRIPT       : [JunkYardDog] -- Adding Fuel Point to <Land_Wreck_Uaz<739f7b20>> at Pos <<4033.473389, 29.543093, 1626.107544>>
SCRIPT       : [JunkYardDog] -- Adding Salvage Point to <Land_Wreck_S1023_Beige<739e34e0>> at Pos <<5395.962402, 9.756697, 1954.658081>>
SCRIPT       : [JunkYardDog] -- Adding Fuel Point to <Land_Wreck_S1023_Beige<739e34e0>> at Pos <<5395.962402, 9.756697, 1954.658081>>
SCRIPT       : [JunkYardDog] -- Adding Salvage Point to <Static_Wreck_HMMWV<6cda0c10>> at Pos <<6481.323242, 27.037102, 2196.517822>>
SCRIPT       : [JunkYardDog] -- Adding Fuel Point to <Static_Wreck_HMMWV<6cda0c10>> at Pos <<6481.323242, 27.037102, 2196.517822>>
SCRIPT       : [AYSA] [AI WAR ZONES] 
SCRIPT       : [AYSA] ----- Sending cfg -----
SCRIPT       : [AYSA] ----- The Professor -----
SCRIPT       : 07:42:18.258 [WARNING]	76561198413928129 tried sending Dumpgrah_AMS::<RPCAmmoMakingSettings> which does not seem to exist!
SCRIPT       : 07:42:18.258 [WARNING]	76561198413928129 tried sending Dumpgrah_ABS::<RPCAmmoBuildingSettings> which does not seem to exist!
SCRIPT       : 07:42:18.258 [WARNING]	76561198413928129 tried sending Dumpgrah_AS::<RPCAmmoSmelting> which does not seem to exist!
SCRIPT       : [JunkYardDog] -- Adding Salvage Point to <Land_wreck_truck01_aban2_blue<7927c770>> at Pos <<678.058350, 64.236237, 2329.055664>>
SCRIPT       : [JunkYardDog] -- Adding Fuel Point to <Land_wreck_truck01_aban2_blue<7927c770>> at Pos <<678.058350, 64.236237, 2329.055664>>
SCRIPT       : [JunkYardDog] -- Adding Salvage Point to <Land_wreck_truck01_aban2_blue<79275ab0>> at Pos <<715.291504, 63.917076, 2332.757568>>
SCRIPT       : [JunkYardDog] -- Adding Fuel Point to <Land_wreck_truck01_aban2_blue<79275ab0>> at Pos <<715.291504, 63.917076, 2332.757568>>
SCRIPT       : [JunkYardDog] -- Adding Salvage Point to <Land_wreck_truck01_aban2_blue<7927fdd0>> at Pos <<757.013794, 63.713165, 2308.070557>>
SCRIPT       : [JunkYardDog] -- Adding Fuel Point to <Land_wreck_truck01_aban2_blue<7927fdd0>> at Pos <<757.013794, 63.713165, 2308.070557>>
SCRIPT       : [JunkYardDog] -- Adding Salvage Point to <Land_Wreck_sed02_aban1_grey<79282210>> at Pos <<1396.138306, 35.637531, 2546.402832>>
SCRIPT       : [JunkYardDog] -- Adding Fuel Point to <Land_Wreck_sed02_aban1_grey<79282210>> at Pos <<1396.138306, 35.637531, 2546.402832>>
SCRIPT       : [JunkYardDog] -- Adding Salvage Point to <Land_Wreck_hb02_aban1_black<79284f60>> at Pos <<1394.962158, 35.359966, 2553.267578>>
SCRIPT       : [JunkYardDog] -- Adding Fuel Point to <Land_Wreck_hb02_aban1_black<79284f60>> at Pos <<1394.962158, 35.359966, 2553.267578>>
SCRIPT       : [JunkYardDog] -- Adding Salvage Point to <Land_wreck_truck01_aban1_blue<7975f830>> at Pos <<1368.941650, 34.515663, 2712.272217>>
SCRIPT       : [JunkYardDog] -- Adding Fuel Point to <Land_wreck_truck01_aban1_blue<7975f830>> at Pos <<1368.941650, 34.515663, 2712.272217>>
SCRIPT       : [JunkYardDog] -- Adding Salvage Point to <Land_Wreck_S1023_Beige<79760140>> at Pos <<1366.528076, 35.816158, 2724.660645>>
SCRIPT       : [JunkYardDog] -- Adding Fuel Point to <Land_Wreck_S1023_Beige<79760140>> at Pos <<1366.528076, 35.816158, 2724.660645>>
SCRIPT       : [JunkYardDog] -- Adding Salvage Point to <Land_Wreck_sed02_aban1_grey<79759480>> at Pos <<1347.249756, 34.580372, 2729.101563>>
SCRIPT       : [JunkYardDog] -- Adding Fuel Point to <Land_Wreck_sed02_aban1_grey<79759480>> at Pos <<1347.249756, 34.580372, 2729.101563>>
SCRIPT       : [JunkYardDog] -- Adding Salvage Point to <Land_Wreck_S1023_Beige<79768930>> at Pos <<4149.750000, 19.289003, 4715.800781>>
SCRIPT       : [JunkYardDog] -- Adding Fuel Point to <Land_Wreck_S1023_Beige<79768930>> at Pos <<4149.750000, 19.289003, 4715.800781>>
SCRIPT       : [JunkYardDog] -- Adding Salvage Point to <Land_Wreck_sed01_aban1_wine<797640b0>> at Pos <<4122.398438, 9.277096, 2768.378906>>
SCRIPT       : [JunkYardDog] -- Adding Fuel Point to <Land_Wreck_sed01_aban1_wine<797640b0>> at Pos <<4122.398438, 9.277096, 2768.378906>>
SCRIPT       : [JunkYardDog] -- Adding Salvage Point to <Land_Wreck_S1023_Beige<7976ad70>> at Pos <<4140.333984, 9.529581, 2787.322266>>
SCRIPT       : [JunkYardDog] -- Adding Fuel Point to <Land_Wreck_S1023_Beige<7976ad70>> at Pos <<4140.333984, 9.529581, 2787.322266>>
SCRIPT       : [JunkYardDog] -- Adding Salvage Point to <Land_Wreck_hb01_aban1_green<7976ece0>> at Pos <<4212.879395, 9.402323, 2870.532715>>
SCRIPT       : [JunkYardDog] -- Adding Fuel Point to <Land_Wreck_hb01_aban1_green<7976ece0>> at Pos <<4212.879395, 9.402323, 2870.532715>>
SCRIPT       : [JunkYardDog] -- Adding Salvage Point to <Land_Wreck_hb02_aban1_black<7976a460>> at Pos <<4209.152832, 9.069923, 2868.872314>>
SCRIPT       : [JunkYardDog] -- Adding Fuel Point to <Land_Wreck_hb02_aban1_black<7976a460>> at Pos <<4209.152832, 9.069923, 2868.872314>>
SCRIPT       : [JunkYardDog] -- Adding Salvage Point to <Land_Wreck_sed01_aban2_black<7976bf90>> at Pos <<1116.657715, 24.620441, 2728.777588>>
SCRIPT       : [JunkYardDog] -- Adding Fuel Point to <Land_Wreck_sed01_aban2_black<7976bf90>> at Pos <<1116.657715, 24.620441, 2728.777588>>
SCRIPT       : [JunkYardDog] -- Adding Salvage Point to <Land_Wreck_S1023_Beige<797762b0>> at Pos <<1150.586426, 23.865276, 2763.146240>>
SCRIPT       : [JunkYardDog] -- Adding Fuel Point to <Land_Wreck_S1023_Beige<797762b0>> at Pos <<1150.586426, 23.865276, 2763.146240>>
SCRIPT       : [JunkYardDog] -- Adding Salvage Point to <Land_wreck_truck01_aban1_green<797817f0>> at Pos <<1934.232788, 54.828510, 2858.422119>>
SCRIPT       : [JunkYardDog] -- Adding Fuel Point to <Land_wreck_truck01_aban1_green<797817f0>> at Pos <<1934.232788, 54.828510, 2858.422119>>
SCRIPT       : [JunkYardDog] -- Adding Salvage Point to <Land_wreck_truck01_aban1_green<79782a10>> at Pos <<1920.850708, 54.800152, 2904.254150>>
SCRIPT       : [JunkYardDog] -- Adding Fuel Point to <Land_wreck_truck01_aban1_green<79782a10>> at Pos <<1920.850708, 54.800152, 2904.254150>>
SCRIPT       : [JunkYardDog] -- Adding Salvage Point to <Static_Wreck_S120_Red<7d461080>> at Pos <<1939.939331, 55.382698, 2938.134766>>
SCRIPT       : [JunkYardDog] -- Adding Fuel Point to <Static_Wreck_S120_Red<7d461080>> at Pos <<1939.939331, 55.382698, 2938.134766>>
SCRIPT       : [JunkYardDog] -- Adding Salvage Point to <Land_Wreck_S1023_Beige<79782100>> at Pos <<1930.298584, 55.799137, 2934.709229>>
SCRIPT       : [JunkYardDog] -- Adding Fuel Point to <Land_Wreck_S1023_Beige<79782100>> at Pos <<1930.298584, 55.799137, 2934.709229>>
SCRIPT       : [JunkYardDog] -- Adding Salvage Point to <Land_Wreck_Volha_Grey<79783320>> at Pos <<1930.070190, 55.536770, 2922.758789>>
SCRIPT       : [JunkYardDog] -- Adding Fuel Point to <Land_Wreck_Volha_Grey<79783320>> at Pos <<1930.070190, 55.536770, 2922.758789>>
SCRIPT       : [JunkYardDog] -- Adding Salvage Point to <Land_Wreck_sed02_aban1_red<7977e190>> at Pos <<1944.047974, 55.661205, 2940.372803>>
SCRIPT       : [JunkYardDog] -- Adding Fuel Point to <Land_Wreck_sed02_aban1_red<7977e190>> at Pos <<1944.047974, 55.661205, 2940.372803>>
SCRIPT       : [JunkYardDog] -- Adding Salvage Point to <Land_Wreck_Volha_Blue<79784e50>> at Pos <<1980.411499, 55.572750, 2853.582520>>
SCRIPT       : [JunkYardDog] -- Adding Fuel Point to <Land_Wreck_Volha_Blue<79784e50>> at Pos <<1980.411499, 55.572750, 2853.582520>>
SCRIPT       : [JunkYardDog] -- Adding Salvage Point to <Land_Wreck_S1023_Blue<797884b0>> at Pos <<1953.849731, 55.799133, 2932.054688>>
SCRIPT       : [JunkYardDog] -- Adding Fuel Point to <Land_Wreck_S1023_Blue<797884b0>> at Pos <<1953.849731, 55.799133, 2932.054688>>
SCRIPT       : [JunkYardDog] -- Adding Salvage Point to <Land_wreck_truck01_aban2_blue<7978a8f0>> at Pos <<1160.065674, 19.777578, 2958.288574>>
SCRIPT       : [JunkYardDog] -- Adding Fuel Point to <Land_wreck_truck01_aban2_blue<7978a8f0>> at Pos <<1160.065674, 19.777578, 2958.288574>>
SCRIPT       : [JunkYardDog] -- Adding Salvage Point to <Land_wreck_truck01_aban2_blue<79786980>> at Pos <<1214.274780, 26.349161, 3033.826904>>
SCRIPT       : [JunkYardDog] -- Adding Fuel Point to <Land_wreck_truck01_aban2_blue<79786980>> at Pos <<1214.274780, 26.349161, 3033.826904>>
SCRIPT       : [JunkYardDog] -- Adding Salvage Point to <Land_Wreck_hb01_aban2_green<79791ec0>> at Pos <<1198.017334, 27.506042, 3042.165283>>
SCRIPT       : [JunkYardDog] -- Adding Fuel Point to <Land_Wreck_hb01_aban2_green<79791ec0>> at Pos <<1198.017334, 27.506042, 3042.165283>>
SCRIPT       : [JunkYardDog] -- Adding Salvage Point to <Land_Wreck_sed01_aban2_black<7978fa80>> at Pos <<5038.738281, 18.158369, 2921.698730>>
SCRIPT       : [JunkYardDog] -- Adding Fuel Point to <Land_Wreck_sed01_aban2_black<7978fa80>> at Pos <<5038.738281, 18.158369, 2921.698730>>
SCRIPT       : [JunkYardDog] -- Adding Salvage Point to <Land_Wreck_Lada_Green<7d93c3f0>> at Pos <<966.022827, 6.089734, 3125.572998>>
SCRIPT       : [JunkYardDog] -- Adding Fuel Point to <Land_Wreck_Lada_Green<7d93c3f0>> at Pos <<966.022827, 6.089734, 3125.572998>>
SCRIPT       : [JunkYardDog] -- Adding Salvage Point to <Land_Wreck_hb02_aban1_blue<7d93df20>> at Pos <<973.256897, 6.358056, 3121.756104>>
SCRIPT       : [JunkYardDog] -- Adding Fuel Point to <Land_Wreck_hb02_aban1_blue<7d93df20>> at Pos <<973.256897, 6.358056, 3121.756104>>
SCRIPT       : [JunkYardDog] -- Adding Salvage Point to <Land_Wreck_Lada_Green<7d951c50>> at Pos <<2115.759766, 55.461494, 3096.063721>>
SCRIPT       : [JunkYardDog] -- Adding Fuel Point to <Land_Wreck_Lada_Green<7d951c50>> at Pos <<2115.759766, 55.461494, 3096.063721>>
SCRIPT       : [JunkYardDog] -- Adding Salvage Point to <Land_wreck_truck01_aban1_green<7d952560>> at Pos <<2158.755859, 54.800152, 2941.861084>>
SCRIPT       : [JunkYardDog] -- Adding Fuel Point to <Land_wreck_truck01_aban1_green<7d952560>> at Pos <<2158.755859, 54.800152, 2941.861084>>
SCRIPT       : [JunkYardDog] -- Adding Salvage Point to <Land_wreck_truck01_aban1_green<7d94f810>> at Pos <<2166.471191, 54.800152, 2915.362793>>
SCRIPT       : [JunkYardDog] -- Adding Fuel Point to <Land_wreck_truck01_aban1_green<7d94f810>> at Pos <<2166.471191, 54.800152, 2915.362793>>
SCRIPT       : [JunkYardDog] -- Adding Salvage Point to <Land_wreck_truck01_aban1_green<7d952e70>> at Pos <<2170.769775, 54.800152, 2965.642578>>
SCRIPT       : [JunkYardDog] -- Adding Fuel Point to <Land_wreck_truck01_aban1_green<7d952e70>> at Pos <<2170.769775, 54.800152, 2965.642578>>
SCRIPT       : [JunkYardDog] -- Adding Salvage Point to <Land_Wreck_sed02_aban1_red<7d954090>> at Pos <<2146.428711, 55.661118, 3001.906738>>
SCRIPT       : [JunkYardDog] -- Adding Fuel Point to <Land_Wreck_sed02_aban1_red<7d954090>> at Pos <<2146.428711, 55.661118, 3001.906738>>
SCRIPT       : [JunkYardDog] -- Adding Salvage Point to <Land_Wreck_hb01_aban1_white<7d95c880>> at Pos <<2178.159668, 55.861992, 3045.965820>>
SCRIPT       : [JunkYardDog] -- Adding Fuel Point to <Land_Wreck_hb01_aban1_white<7d95c880>> at Pos <<2178.159668, 55.861992, 3045.965820>>
SCRIPT       : [JunkYardDog] -- Adding Salvage Point to <Land_Wreck_S1023_Blue<7d95daa0>> at Pos <<2186.576660, 55.799133, 3053.884277>>
SCRIPT       : [JunkYardDog] -- Adding Fuel Point to <Land_Wreck_S1023_Blue<7d95daa0>> at Pos <<2186.576660, 55.799133, 3053.884277>>
SCRIPT       : [JunkYardDog] -- Adding Salvage Point to <Land_Wreck_hb02_aban1_blue<7d95f5d0>> at Pos <<2212.228760, 55.559822, 3009.583008>>
SCRIPT       : [JunkYardDog] -- Adding Fuel Point to <Land_Wreck_hb02_aban1_blue<7d95f5d0>> at Pos <<2212.228760, 55.559822, 3009.583008>>
SCRIPT       : [JunkYardDog] -- Adding Salvage Point to <Land_Wreck_hb01_aban1_white<7d964760>> at Pos <<2229.239990, 55.861992, 3060.232910>>
SCRIPT       : [JunkYardDog] -- Adding Fuel Point to <Land_Wreck_hb01_aban1_white<7d964760>> at Pos <<2229.239990, 55.861992, 3060.232910>>
SCRIPT       : [JunkYardDog] -- Adding Salvage Point to <Land_Wreck_Lada_Red<7d96fca0>> at Pos <<2287.553955, 55.461494, 3071.835693>>
SCRIPT       : [JunkYardDog] -- Adding Fuel Point to <Land_Wreck_Lada_Red<7d96fca0>> at Pos <<2287.553955, 55.461494, 3071.835693>>
SCRIPT       : [JunkYardDog] -- Adding Salvage Point to <Land_Wreck_hb01_aban1_white<7d96d860>> at Pos <<2321.245850, 55.861988, 3077.503174>>
SCRIPT       : [JunkYardDog] -- Adding Fuel Point to <Land_Wreck_hb01_aban1_white<7d96d860>> at Pos <<2321.245850, 55.861988, 3077.503174>>
SCRIPT       : [JunkYardDog] -- Adding Salvage Point to <Land_Wreck_hb02_aban1_red<7d973c10>> at Pos <<2323.665283, 55.559822, 3095.309570>>
SCRIPT       : [JunkYardDog] -- Adding Fuel Point to <Land_Wreck_hb02_aban1_red<7d973c10>> at Pos <<2323.665283, 55.559822, 3095.309570>>
SCRIPT       : [JunkYardDog] -- Adding Salvage Point to <Land_Wreck_S1023_Beige<7d974520>> at Pos <<2327.708740, 55.799133, 3096.558594>>
SCRIPT       : [JunkYardDog] -- Adding Fuel Point to <Land_Wreck_S1023_Beige<7d974520>> at Pos <<2327.708740, 55.799133, 3096.558594>>
SCRIPT       : [JunkYardDog] -- Adding Salvage Point to <Land_Wreck_Volha_Blue<7d977b80>> at Pos <<2335.622314, 55.532642, 3080.989258>>
SCRIPT       : [JunkYardDog] -- Adding Fuel Point to <Land_Wreck_Volha_Blue<7d977b80>> at Pos <<2335.622314, 55.532642, 3080.989258>>
SCRIPT       : [JunkYardDog] -- Adding Salvage Point to <Land_Wreck_hb02_aban2_blue<7d977270>> at Pos <<2254.115479, 55.503723, 3137.041992>>
SCRIPT       : [JunkYardDog] -- Adding Fuel Point to <Land_Wreck_hb02_aban2_blue<7d977270>> at Pos <<2254.115479, 55.503723, 3137.041992>>
SCRIPT       : [JunkYardDog] -- Adding Salvage Point to <Land_Wreck_Volha_Grey<80c6efe0>> at Pos <<2212.918945, 55.536942, 3189.282471>>
SCRIPT       : [JunkYardDog] -- Adding Fuel Point to <Land_Wreck_Volha_Grey<80c6efe0>> at Pos <<2212.918945, 55.536942, 3189.282471>>
SCRIPT       : [JunkYardDog] -- Adding Salvage Point to <Static_Wreck_S120_Red<80720040>> at Pos <<2338.598389, 55.382694, 3073.794678>>
SCRIPT       : [JunkYardDog] -- Adding Fuel Point to <Static_Wreck_S120_Red<80720040>> at Pos <<2338.598389, 55.382694, 3073.794678>>
SCRIPT       : [JunkYardDog] -- Adding Salvage Point to <Land_Wreck_Volha_Blue<80c79c10>> at Pos <<2409.993408, 55.532642, 3103.223389>>
SCRIPT       : [JunkYardDog] -- Adding Fuel Point to <Land_Wreck_Volha_Blue<80c79c10>> at Pos <<2409.993408, 55.532642, 3103.223389>>
SCRIPT       : [JunkYardDog] -- Adding Salvage Point to <Land_Wreck_S1023_Beige<80c7c960>> at Pos <<2414.080322, 55.799133, 3146.057617>>
SCRIPT       : [JunkYardDog] -- Adding Fuel Point to <Land_Wreck_S1023_Beige<80c7c960>> at Pos <<2414.080322, 55.799133, 3146.057617>>
SCRIPT       : [JunkYardDog] -- Adding Salvage Point to <Land_Wreck_sed01_aban2_wine<80c7f6b0>> at Pos <<2450.893066, 55.553318, 3067.573486>>
SCRIPT       : [JunkYardDog] -- Adding Fuel Point to <Land_Wreck_sed01_aban2_wine<80c7f6b0>> at Pos <<2450.893066, 55.553318, 3067.573486>>
SCRIPT       : [JunkYardDog] -- Adding Salvage Point to <Static_Wreck_S120_Red<81037400>> at Pos <<2498.068848, 55.382694, 3054.574707>>
SCRIPT       : [JunkYardDog] -- Adding Fuel Point to <Static_Wreck_S120_Red<81037400>> at Pos <<2498.068848, 55.382694, 3054.574707>>
SCRIPT       : [JunkYardDog] -- Adding Salvage Point to <Land_Wreck_sed01_aban1_wine<80ca1f80>> at Pos <<2129.894043, 55.551632, 3209.930664>>
SCRIPT       : [JunkYardDog] -- Adding Fuel Point to <Land_Wreck_sed01_aban1_wine<80ca1f80>> at Pos <<2129.894043, 55.551632, 3209.930664>>
SCRIPT       : [JunkYardDog] -- Adding Salvage Point to <Land_Wreck_sed02_aban2_yellow<80ca3ab0>> at Pos <<2202.450684, 55.458824, 3206.056396>>
SCRIPT       : [JunkYardDog] -- Adding Fuel Point to <Land_Wreck_sed02_aban2_yellow<80ca3ab0>> at Pos <<2202.450684, 55.458824, 3206.056396>>
SCRIPT       : [JunkYardDog] -- Adding Salvage Point to <Land_wreck_truck01_aban2_blue<82675760>> at Pos <<6445.510254, 8.859630, 3418.687500>>
SCRIPT       : [JunkYardDog] -- Adding Fuel Point to <Land_wreck_truck01_aban2_blue<82675760>> at Pos <<6445.510254, 8.859630, 3418.687500>>
SCRIPT       : [JunkYardDog] -- Adding Salvage Point to <Static_Wreck_Ural<82242c20>> at Pos <<1617.256104, 43.198124, 3390.516357>>
SCRIPT       : [JunkYardDog] -- Adding Fuel Point to <Static_Wreck_Ural<82242c20>> at Pos <<1617.256104, 43.198124, 3390.516357>>
SCRIPT       : [JunkYardDog] -- Adding Salvage Point to <Land_Wreck_S1023_Blue<82677290>> at Pos <<1631.635498, 41.915794, 3493.593506>>
SCRIPT       : [JunkYardDog] -- Adding Fuel Point to <Land_Wreck_S1023_Blue<82677290>> at Pos <<1631.635498, 41.915794, 3493.593506>>
SCRIPT       : [JunkYardDog] -- Adding Salvage Point to <Land_Wreck_hb01_aban1_blue<82684300>> at Pos <<6738.348633, 11.049884, 3438.619141>>
SCRIPT       : [JunkYardDog] -- Adding Fuel Point to <Land_Wreck_hb01_aban1_blue<82684300>> at Pos <<6738.348633, 11.049884, 3438.619141>>
SCRIPT       : [JunkYardDog] -- Adding Salvage Point to <Land_Wreck_Lada_Green<8268c1e0>> at Pos <<833.972351, 5.921496, 3363.273682>>
SCRIPT       : [JunkYardDog] -- Adding Fuel Point to <Land_Wreck_Lada_Green<8268c1e0>> at Pos <<833.972351, 5.921496, 3363.273682>>
SCRIPT       : [JunkYardDog] -- Adding Salvage Point to <Land_Wreck_hb02_aban2_black<826a9920>> at Pos <<2153.921875, 62.578087, 3496.641602>>
SCRIPT       : [JunkYardDog] -- Adding Fuel Point to <Land_Wreck_hb02_aban2_black<826a9920>> at Pos <<2153.921875, 62.578087, 3496.641602>>
SCRIPT       : [JunkYardDog] -- Adding Salvage Point to <Land_Wreck_S1023_Blue<826a62c0>> at Pos <<2177.973389, 62.869354, 3496.670654>>
SCRIPT       : [JunkYardDog] -- Adding Fuel Point to <Land_Wreck_S1023_Blue<826a62c0>> at Pos <<2177.973389, 62.869354, 3496.670654>>
SCRIPT       : [JunkYardDog] -- Adding Salvage Point to <Land_wreck_truck01_aban2_blue<826abd60>> at Pos <<1696.540405, 42.930370, 3508.934570>>
SCRIPT       : [JunkYardDog] -- Adding Fuel Point to <Land_wreck_truck01_aban2_blue<826abd60>> at Pos <<1696.540405, 42.930370, 3508.934570>>
SCRIPT       : ---- PlayerBase OnStoreLoad SUCCESS ----
SCRIPT       : [VPPAT] Player "The Professor" (steamId=76561198413928129) connected to server!
SCRIPT       : [PlayerListManager] AddReceiver ► added: PlayerIdentity<678ce1b0>
SCRIPT       : [JunkYardDog] -- Adding Salvage Point to <Land_Wreck_sed02_aban1_yellow<868a5770>> at Pos <<2978.661133, 30.907661, 3707.795898>>
SCRIPT       : [JunkYardDog] -- Adding Fuel Point to <Land_Wreck_sed02_aban1_yellow<868a5770>> at Pos <<2978.661133, 30.907661, 3707.795898>>
SCRIPT       : [JunkYardDog] -- Adding Salvage Point to <Static_Wreck_HMMWV<735aff80>> at Pos <<6495.533203, 23.534365, 3766.114502>>
SCRIPT       : [JunkYardDog] -- Adding Fuel Point to <Static_Wreck_HMMWV<735aff80>> at Pos <<6495.533203, 23.534365, 3766.114502>>
SCRIPT       : [JunkYardDog] -- Adding Salvage Point to <Land_Wreck_sed01_aban2_black<8686c420>> at Pos <<6534.962402, 23.013319, 3719.502197>>
SCRIPT       : [JunkYardDog] -- Adding Fuel Point to <Land_Wreck_sed01_aban2_black<8686c420>> at Pos <<6534.962402, 23.013319, 3719.502197>>
SCRIPT       : [JunkYardDog] -- Adding Salvage Point to <Land_Wreck_hb02_aban2_black<8686d640>> at Pos <<6553.659668, 22.963728, 3725.037842>>
SCRIPT       : [JunkYardDog] -- Adding Fuel Point to <Land_Wreck_hb02_aban2_black<8686d640>> at Pos <<6553.659668, 22.963728, 3725.037842>>
SCRIPT       : [JunkYardDog] -- Adding Salvage Point to <Land_Wreck_Lada_Red<8686fa80>> at Pos <<6584.922852, 22.921497, 3731.354248>>
SCRIPT       : [JunkYardDog] -- Adding Fuel Point to <Land_Wreck_Lada_Red<8686fa80>> at Pos <<6584.922852, 22.921497, 3731.354248>>
SCRIPT       : [JunkYardDog] -- Adding Salvage Point to <Land_Wreck_hb02_aban2_blue<86869fe0>> at Pos <<6562.586426, 22.963718, 3726.796387>>
SCRIPT       : [JunkYardDog] -- Adding Fuel Point to <Land_Wreck_hb02_aban2_blue<86869fe0>> at Pos <<6562.586426, 22.963718, 3726.796387>>
SCRIPT       : [JunkYardDog] -- Adding Salvage Point to <Land_Wreck_sed02_aban2_red<8687caf0>> at Pos <<6709.186523, 19.778826, 3728.884033>>
SCRIPT       : [JunkYardDog] -- Adding Fuel Point to <Land_Wreck_sed02_aban2_red<8687caf0>> at Pos <<6709.186523, 19.778826, 3728.884033>>
SCRIPT       : [JunkYardDog] -- Adding Salvage Point to <Land_Wreck_hb02_aban2_blue<8687ef30>> at Pos <<6690.885254, 19.974657, 3721.251465>>
SCRIPT       : [JunkYardDog] -- Adding Fuel Point to <Land_Wreck_hb02_aban2_blue<8687ef30>> at Pos <<6690.885254, 19.974657, 3721.251465>>
SCRIPT       : [JunkYardDog] -- Adding Salvage Point to <Land_Wreck_hb01_aban1_white<86881c80>> at Pos <<6710.812012, 23.321987, 3784.421631>>
SCRIPT       : [JunkYardDog] -- Adding Fuel Point to <Land_Wreck_hb01_aban1_white<86881c80>> at Pos <<6710.812012, 23.321987, 3784.421631>>
SCRIPT       : [JunkYardDog] -- Adding Salvage Point to <Land_Wreck_sed02_aban2_red<8687a6b0>> at Pos <<6692.140137, 22.918825, 3782.487061>>
SCRIPT       : [JunkYardDog] -- Adding Fuel Point to <Land_Wreck_sed02_aban2_red<8687a6b0>> at Pos <<6692.140137, 22.918825, 3782.487061>>
SCRIPT       : [JunkYardDog] -- Adding Salvage Point to <Land_Wreck_sed02_aban1_yellow<86886e10>> at Pos <<4478.452637, 64.306427, 6577.417480>>
SCRIPT       : [JunkYardDog] -- Adding Fuel Point to <Land_Wreck_sed02_aban1_yellow<86886e10>> at Pos <<4478.452637, 64.306427, 6577.417480>>
SCRIPT       : [JunkYardDog] -- Adding Salvage Point to <Land_wreck_truck01_aban1_green<848c7af0>> at Pos <<2655.704590, 44.440037, 6132.649414>>
SCRIPT       : [JunkYardDog] -- Adding Fuel Point to <Land_wreck_truck01_aban1_green<848c7af0>> at Pos <<2655.704590, 44.440037, 6132.649414>>
SCRIPT       : [JunkYardDog] -- Adding Salvage Point to <Land_Wreck_sed01_aban2_wine<848c9f30>> at Pos <<6727.119629, 23.013319, 3792.527588>>
SCRIPT       : [JunkYardDog] -- Adding Fuel Point to <Land_Wreck_sed01_aban2_wine<848c9f30>> at Pos <<6727.119629, 23.013319, 3792.527588>>
SCRIPT       : [JunkYardDog] -- Adding Salvage Point to <Land_Wreck_hb01_aban1_white<848c2960>> at Pos <<6730.743652, 23.321777, 3837.897217>>
SCRIPT       : [JunkYardDog] -- Adding Fuel Point to <Land_Wreck_hb01_aban1_white<848c2960>> at Pos <<6730.743652, 23.321777, 3837.897217>>
SCRIPT       : [JunkYardDog] -- Adding Salvage Point to <Static_Wreck_Ural<84ddeb80>> at Pos <<2742.193359, 22.937517, 4214.781738>>
SCRIPT       : [JunkYardDog] -- Adding Fuel Point to <Static_Wreck_Ural<84ddeb80>> at Pos <<2742.193359, 22.937517, 4214.781738>>
SCRIPT       : [JunkYardDog] -- Adding Salvage Point to <Land_wreck_truck01_aban1_blue<848d78b0>> at Pos <<2810.660889, 20.087723, 4116.440918>>
SCRIPT       : [JunkYardDog] -- Adding Fuel Point to <Land_wreck_truck01_aban1_blue<848d78b0>> at Pos <<2810.660889, 20.087723, 4116.440918>>
SCRIPT       : [JunkYardDog] -- Adding Salvage Point to <Land_wreck_truck01_aban1_blue<848d5470>> at Pos <<2798.806152, 21.769676, 4212.787109>>
SCRIPT       : [JunkYardDog] -- Adding Fuel Point to <Land_wreck_truck01_aban1_blue<848d5470>> at Pos <<2798.806152, 21.769676, 4212.787109>>
SCRIPT       : [JunkYardDog] -- Adding Salvage Point to <Land_Wreck_V3S<848d1e10>> at Pos <<2784.825928, 23.352980, 4211.248535>>
SCRIPT       : [JunkYardDog] -- Adding Fuel Point to <Land_Wreck_V3S<848d1e10>> at Pos <<2784.825928, 23.352980, 4211.248535>>
SCRIPT       : [JunkYardDog] -- Adding Salvage Point to <Land_Wreck_S1023_Beige<848d8ad0>> at Pos <<2819.717773, 22.749136, 4178.873047>>
SCRIPT       : [JunkYardDog] -- Adding Fuel Point to <Land_Wreck_S1023_Beige<848d8ad0>> at Pos <<2819.717773, 22.749136, 4178.873047>>
SCRIPT       : [JunkYardDog] -- Adding Salvage Point to <Land_Wreck_sed02_aban1_yellow<848daf10>> at Pos <<2818.235596, 22.611118, 4184.325684>>
SCRIPT       : [JunkYardDog] -- Adding Fuel Point to <Land_Wreck_sed02_aban1_yellow<848daf10>> at Pos <<2818.235596, 22.611118, 4184.325684>>
SCRIPT       : [JunkYardDog] -- Adding Salvage Point to <Land_Wreck_hb02_aban2_blue<848d6690>> at Pos <<2816.620850, 22.453724, 4193.337402>>
SCRIPT       : [JunkYardDog] -- Adding Fuel Point to <Land_Wreck_hb02_aban2_blue<848d6690>> at Pos <<2816.620850, 22.453724, 4193.337402>>
SCRIPT       : [JunkYardDog] -- Adding Salvage Point to <Land_Wreck_hb01_aban1_white<848a4910>> at Pos <<5528.839844, 210.951981, 4119.037109>>
SCRIPT       : [JunkYardDog] -- Adding Fuel Point to <Land_Wreck_hb01_aban1_white<848a4910>> at Pos <<5528.839844, 210.951981, 4119.037109>>
SCRIPT       : [JunkYardDog] -- Adding Salvage Point to <Land_wreck_truck01_aban2_blue<8489ee70>> at Pos <<5558.903320, 209.889999, 4065.094482>>
SCRIPT       : [JunkYardDog] -- Adding Fuel Point to <Land_wreck_truck01_aban2_blue<8489ee70>> at Pos <<5558.903320, 209.889999, 4065.094482>>
SCRIPT       : [JunkYardDog] -- Adding Salvage Point to <Land_Wreck_sed01_aban2_wine<848a6d50>> at Pos <<5551.652344, 210.643326, 4127.177246>>
SCRIPT       : [JunkYardDog] -- Adding Fuel Point to <Land_Wreck_sed01_aban2_wine<848a6d50>> at Pos <<5551.652344, 210.643326, 4127.177246>>
SCRIPT       : [JunkYardDog] -- Adding Salvage Point to <Land_Wreck_hb01_aban2_green<848a9190>> at Pos <<2807.488037, 22.720764, 4245.785645>>
SCRIPT       : [JunkYardDog] -- Adding Fuel Point to <Land_Wreck_hb01_aban2_green<848a9190>> at Pos <<2807.488037, 22.720764, 4245.785645>>
SCRIPT       : [JunkYardDog] -- Adding Salvage Point to <Land_Wreck_hb01_aban2_green<848a9aa0>> at Pos <<2869.579834, 22.680765, 4246.282715>>
SCRIPT       : [JunkYardDog] -- Adding Fuel Point to <Land_Wreck_hb01_aban2_green<848a9aa0>> at Pos <<2869.579834, 22.680765, 4246.282715>>
SCRIPT       : [JunkYardDog] -- Adding Salvage Point to <Land_wreck_truck01_aban1_green<848ab5d0>> at Pos <<2459.361816, 21.701231, 4187.918457>>
SCRIPT       : [JunkYardDog] -- Adding Fuel Point to <Land_wreck_truck01_aban1_green<848ab5d0>> at Pos <<2459.361816, 21.701231, 4187.918457>>
SCRIPT       : [JunkYardDog] -- Adding Salvage Point to <Land_Wreck_hb02_aban2_blue<848b4fe0>> at Pos <<2611.024414, 22.455366, 4323.901855>>
SCRIPT       : [JunkYardDog] -- Adding Fuel Point to <Land_Wreck_hb02_aban2_blue<848b4fe0>> at Pos <<2611.024414, 22.455366, 4323.901855>>
SCRIPT       : [JunkYardDog] -- Adding Salvage Point to <Static_Wreck_Ural<841efa30>> at Pos <<2640.219971, 22.937519, 4311.674805>>
SCRIPT       : [JunkYardDog] -- Adding Fuel Point to <Static_Wreck_Ural<841efa30>> at Pos <<2640.219971, 22.937519, 4311.674805>>
SCRIPT       : [JunkYardDog] -- Adding Salvage Point to <Land_wreck_truck01_aban1_green<848bd7d0>> at Pos <<2655.608398, 21.749977, 4346.634277>>
SCRIPT       : [JunkYardDog] -- Adding Fuel Point to <Land_wreck_truck01_aban1_green<848bd7d0>> at Pos <<2655.608398, 21.749977, 4346.634277>>
SCRIPT       : [JunkYardDog] -- Adding Salvage Point to <Land_Wreck_hb02_aban1_blue<848bf300>> at Pos <<2676.558350, 22.509787, 4258.541504>>
SCRIPT       : [JunkYardDog] -- Adding Fuel Point to <Land_Wreck_hb02_aban1_blue<848bf300>> at Pos <<2676.558350, 22.509787, 4258.541504>>
SCRIPT       : [JunkYardDog] -- Adding Salvage Point to <Land_Wreck_hb01_aban2_green<848c0520>> at Pos <<2684.344971, 22.680710, 4261.977051>>
SCRIPT       : [JunkYardDog] -- Adding Fuel Point to <Land_Wreck_hb01_aban2_green<848c0520>> at Pos <<2684.344971, 22.680710, 4261.977051>>
SCRIPT       : [JunkYardDog] -- Adding Salvage Point to <Land_Wreck_sed01_aban2_black<848c0e30>> at Pos <<2691.470703, 22.503296, 4264.389648>>
SCRIPT       : [JunkYardDog] -- Adding Fuel Point to <Land_Wreck_sed01_aban2_black<848c0e30>> at Pos <<2691.470703, 22.503296, 4264.389648>>
SCRIPT       : [JunkYardDog] -- Adding Salvage Point to <Land_wreck_truck01_aban1_green<84d2cc20>> at Pos <<2716.256348, 21.749977, 4308.479004>>
SCRIPT       : [JunkYardDog] -- Adding Fuel Point to <Land_wreck_truck01_aban1_green<84d2cc20>> at Pos <<2716.256348, 21.749977, 4308.479004>>
SCRIPT       : [JunkYardDog] -- Adding Salvage Point to <Land_Wreck_sed01_aban2_white<84d2c310>> at Pos <<2737.497559, 22.503317, 4281.575684>>
SCRIPT       : [JunkYardDog] -- Adding Fuel Point to <Land_Wreck_sed01_aban2_white<84d2c310>> at Pos <<2737.497559, 22.503317, 4281.575684>>
SCRIPT       : [JunkYardDog] -- Adding Salvage Point to <Static_Wreck_Ural<8420acf0>> at Pos <<2741.775635, 22.937517, 4281.863281>>
SCRIPT       : [JunkYardDog] -- Adding Fuel Point to <Static_Wreck_Ural<8420acf0>> at Pos <<2741.775635, 22.937517, 4281.863281>>
SCRIPT       : [JunkYardDog] -- Adding Salvage Point to <Land_Wreck_sed02_aban2_red<84d2f060>> at Pos <<2738.569580, 22.408852, 4322.895020>>
SCRIPT       : [JunkYardDog] -- Adding Fuel Point to <Land_Wreck_sed02_aban2_red<84d2f060>> at Pos <<2738.569580, 22.408852, 4322.895020>>
SCRIPT       : [JunkYardDog] -- Adding Salvage Point to <Land_wreck_truck01_aban1_green<84d341f0>> at Pos <<2667.069336, 21.749977, 4397.702148>>
SCRIPT       : [JunkYardDog] -- Adding Fuel Point to <Land_wreck_truck01_aban1_green<84d341f0>> at Pos <<2667.069336, 21.749977, 4397.702148>>
SCRIPT       : [JunkYardDog] -- Adding Salvage Point to <Static_Wreck_Ural<864e6330>> at Pos <<2747.855957, 22.937517, 4394.245605>>
SCRIPT       : [JunkYardDog] -- Adding Fuel Point to <Static_Wreck_Ural<864e6330>> at Pos <<2747.855957, 22.937517, 4394.245605>>
SCRIPT       : [JunkYardDog] -- Adding Salvage Point to <Land_Wreck_sed01_aban2_black<84d448c0>> at Pos <<4182.714844, 33.263317, 4476.816406>>
SCRIPT       : [JunkYardDog] -- Adding Fuel Point to <Land_Wreck_sed01_aban2_black<84d448c0>> at Pos <<4182.714844, 33.263317, 4476.816406>>
SCRIPT       : [JunkYardDog] -- Adding Salvage Point to <Land_wreck_truck01_aban2_blue<84d3ee20>> at Pos <<4289.790527, 32.660187, 4477.695313>>
SCRIPT       : [JunkYardDog] -- Adding Fuel Point to <Land_wreck_truck01_aban2_blue<84d3ee20>> at Pos <<4289.790527, 32.660187, 4477.695313>>
SCRIPT       : [JunkYardDog] -- Adding Salvage Point to <Land_wreck_truck01_aban1_green<84d51930>> at Pos <<3034.269531, 14.499722, 4376.473145>>
SCRIPT       : [JunkYardDog] -- Adding Fuel Point to <Land_wreck_truck01_aban1_green<84d51930>> at Pos <<3034.269531, 14.499722, 4376.473145>>
SCRIPT       : [JunkYardDog] -- Adding Salvage Point to <Static_Wreck_S120_Red<8aec93d0>> at Pos <<3028.754395, 13.345691, 4427.288574>>
SCRIPT       : [JunkYardDog] -- Adding Fuel Point to <Static_Wreck_S120_Red<8aec93d0>> at Pos <<3028.754395, 13.345691, 4427.288574>>
SCRIPT       : [JunkYardDog] -- Adding Salvage Point to <Land_Wreck_S1023_Beige<84d53460>> at Pos <<3037.876465, 13.316017, 4439.616699>>
SCRIPT       : [JunkYardDog] -- Adding Fuel Point to <Land_Wreck_S1023_Beige<84d53460>> at Pos <<3037.876465, 13.316017, 4439.616699>>
SCRIPT       : [JunkYardDog] -- Adding Salvage Point to <Land_Wreck_sed01_aban1_wine<84d4ebe0>> at Pos <<3758.914551, 10.737926, 4563.136719>>
SCRIPT       : [JunkYardDog] -- Adding Fuel Point to <Land_Wreck_sed01_aban1_wine<84d4ebe0>> at Pos <<3758.914551, 10.737926, 4563.136719>>
SCRIPT       : [JunkYardDog] -- Adding Salvage Point to <Land_Wreck_sed02_aban1_yellow<84d52b50>> at Pos <<3752.456299, 10.551923, 4569.893555>>
SCRIPT       : [JunkYardDog] -- Adding Fuel Point to <Land_Wreck_sed02_aban1_yellow<84d52b50>> at Pos <<3752.456299, 10.551923, 4569.893555>>
SCRIPT       : [JunkYardDog] -- Adding Salvage Point to <Land_Wreck_hb01_aban1_green<84d53d70>> at Pos <<3787.610352, 12.150294, 4556.134277>>
SCRIPT       : [JunkYardDog] -- Adding Fuel Point to <Land_Wreck_hb01_aban1_green<84d53d70>> at Pos <<3787.610352, 12.150294, 4556.134277>>
SCRIPT       : [JunkYardDog] -- Adding Salvage Point to <Land_Wreck_sed02_aban1_red<84d558a0>> at Pos <<3799.863770, 12.094937, 4557.030762>>
SCRIPT       : [JunkYardDog] -- Adding Fuel Point to <Land_Wreck_sed02_aban1_red<84d558a0>> at Pos <<3799.863770, 12.094937, 4557.030762>>
SCRIPT       : [JunkYardDog] -- Adding Salvage Point to <Land_Wreck_sed01_aban2_wine<84d573d0>> at Pos <<3794.759766, 10.982101, 4592.108887>>
SCRIPT       : [JunkYardDog] -- Adding Fuel Point to <Land_Wreck_sed01_aban2_wine<84d573d0>> at Pos <<3794.759766, 10.982101, 4592.108887>>
SCRIPT       : [JunkYardDog] -- Adding Salvage Point to <Land_Wreck_hb02_aban1_black<84d561b0>> at Pos <<3811.658203, 11.105092, 4603.321289>>
SCRIPT       : [JunkYardDog] -- Adding Fuel Point to <Land_Wreck_hb02_aban1_black<84d561b0>> at Pos <<3811.658203, 11.105092, 4603.321289>>
SCRIPT       : [JunkYardDog] -- Adding Salvage Point to <Land_wreck_truck01_aban1_green<84d5e9a0>> at Pos <<1665.755493, 39.062275, 4618.176758>>
SCRIPT       : [JunkYardDog] -- Adding Fuel Point to <Land_wreck_truck01_aban1_green<84d5e9a0>> at Pos <<1665.755493, 39.062275, 4618.176758>>
SCRIPT       : [JunkYardDog] -- Adding Salvage Point to <Land_Wreck_sed02_aban2_red<84d5fbc0>> at Pos <<3720.454102, 7.656665, 4651.894531>>
SCRIPT       : [JunkYardDog] -- Adding Fuel Point to <Land_Wreck_sed02_aban2_red<84d5fbc0>> at Pos <<3720.454102, 7.656665, 4651.894531>>
SCRIPT       : [JunkYardDog] -- Adding Salvage Point to <Land_Wreck_S1023_Blue<84d604d0>> at Pos <<3719.145508, 7.122676, 4764.018066>>
SCRIPT       : [JunkYardDog] -- Adding Fuel Point to <Land_Wreck_S1023_Blue<84d604d0>> at Pos <<3719.145508, 7.122676, 4764.018066>>
SCRIPT       : [JunkYardDog] -- Adding Salvage Point to <Land_Wreck_sed02_aban2_red<84d64440>> at Pos <<3759.895508, 8.890735, 4681.981934>>
SCRIPT       : [JunkYardDog] -- Adding Fuel Point to <Land_Wreck_sed02_aban2_red<84d64440>> at Pos <<3759.895508, 8.890735, 4681.981934>>
SCRIPT       : [JunkYardDog] -- Adding Salvage Point to <Land_Wreck_S1023_Beige<84d66880>> at Pos <<3783.975830, 10.802316, 4651.212891>>
SCRIPT       : [JunkYardDog] -- Adding Fuel Point to <Land_Wreck_S1023_Beige<84d66880>> at Pos <<3783.975830, 10.802316, 4651.212891>>
SCRIPT       : [JunkYardDog] -- Adding Salvage Point to <Land_Wreck_S1023_Blue<84d616f0>> at Pos <<3780.867676, 10.299513, 4680.508789>>
SCRIPT       : [JunkYardDog] -- Adding Fuel Point to <Land_Wreck_S1023_Blue<84d616f0>> at Pos <<3780.867676, 10.299513, 4680.508789>>
SCRIPT       : [JunkYardDog] -- Adding Salvage Point to <Land_Wreck_S1023_Blue<8c9af640>> at Pos <<3816.421143, 11.599008, 4671.567383>>
SCRIPT       : [JunkYardDog] -- Adding Fuel Point to <Land_Wreck_S1023_Blue<8c9af640>> at Pos <<3816.421143, 11.599008, 4671.567383>>
SCRIPT       : [JunkYardDog] -- Adding Salvage Point to <Land_Wreck_S1023_Beige<8c9adb10>> at Pos <<3817.401855, 10.223800, 4742.045410>>
SCRIPT       : [JunkYardDog] -- Adding Fuel Point to <Land_Wreck_S1023_Beige<8c9adb10>> at Pos <<3817.401855, 10.223800, 4742.045410>>
SCRIPT       : [JunkYardDog] -- Adding Salvage Point to <Land_Wreck_hb01_aban2_green<8c9ae420>> at Pos <<3858.355957, 13.656607, 4667.207031>>
SCRIPT       : [JunkYardDog] -- Adding Fuel Point to <Land_Wreck_hb01_aban2_green<8c9ae420>> at Pos <<3858.355957, 13.656607, 4667.207031>>
SCRIPT       : [JunkYardDog] -- Adding Salvage Point to <Land_Wreck_sed02_aban2_grey<8c9a8980>> at Pos <<3885.344238, 13.572120, 4754.736328>>
SCRIPT       : [JunkYardDog] -- Adding Fuel Point to <Land_Wreck_sed02_aban2_grey<8c9a8980>> at Pos <<3885.344238, 13.572120, 4754.736328>>
SCRIPT       : =============== WARNING ===============
SCRIPT       : [TerjeMedicine]: You are using the trial version of the 'Terje Medicine' mod.
SCRIPT       : [TerjeMedicine]: To remove this message and watermark - please buy license on terjehub.com
SCRIPT       : =======================================
SCRIPT       : [JunkYardDog] -- Adding Salvage Point to <Land_Wreck_sed02_aban1_yellow<8c9b9050>> at Pos <<4114.163574, 19.449715, 4717.878418>>
SCRIPT       : [JunkYardDog] -- Adding Fuel Point to <Land_Wreck_sed02_aban1_yellow<8c9b9050>> at Pos <<4114.163574, 19.449715, 4717.878418>>
SCRIPT       : [JunkYardDog] -- Adding Salvage Point to <Land_wreck_truck01_aban1_green<8c9bab80>> at Pos <<4122.627930, 18.290009, 4743.172852>>
SCRIPT       : [JunkYardDog] -- Adding Fuel Point to <Land_wreck_truck01_aban1_green<8c9bab80>> at Pos <<4122.627930, 18.290009, 4743.172852>>
SCRIPT       : [JunkYardDog] -- Adding Salvage Point to <Land_wreck_truck01_aban2_green<8c9bbda0>> at Pos <<4108.664551, 18.289909, 4744.322754>>
SCRIPT       : [JunkYardDog] -- Adding Fuel Point to <Land_wreck_truck01_aban2_green<8c9bbda0>> at Pos <<4108.664551, 18.289909, 4744.322754>>
SCRIPT       : [JunkYardDog] -- Adding Salvage Point to <Land_Wreck_Volha_Grey<8c9bc6b0>> at Pos <<4100.645020, 19.026533, 4759.570313>>
SCRIPT       : [JunkYardDog] -- Adding Fuel Point to <Land_Wreck_Volha_Grey<8c9bc6b0>> at Pos <<4100.645020, 19.026533, 4759.570313>>
SCRIPT       : [JunkYardDog] -- Adding Salvage Point to <Land_Wreck_sed02_aban1_red<8c9bb490>> at Pos <<4107.166992, 19.151075, 4755.400879>>
SCRIPT       : [JunkYardDog] -- Adding Fuel Point to <Land_Wreck_sed02_aban1_red<8c9bb490>> at Pos <<4107.166992, 19.151075, 4755.400879>>
SCRIPT       : [JunkYardDog] -- Adding Salvage Point to <Static_Wreck_S120_Red<8ca92e50>> at Pos <<4136.913574, 18.872761, 4765.711914>>
SCRIPT       : [JunkYardDog] -- Adding Fuel Point to <Static_Wreck_S120_Red<8ca92e50>> at Pos <<4136.913574, 18.872761, 4765.711914>>
SCRIPT       : [JunkYardDog] -- Adding Salvage Point to <Land_Wreck_S1023_Blue<8c9c0f30>> at Pos <<4129.161133, 19.288994, 4773.328125>>
SCRIPT       : [JunkYardDog] -- Adding Fuel Point to <Land_Wreck_S1023_Blue<8c9c0f30>> at Pos <<4129.161133, 19.288994, 4773.328125>>
SCRIPT       : [JunkYardDog] -- Adding Salvage Point to <Land_Wreck_S1023_Beige<8c9c3c80>> at Pos <<4147.642090, 19.289003, 4799.933105>>
SCRIPT       : [JunkYardDog] -- Adding Fuel Point to <Land_Wreck_S1023_Beige<8c9c3c80>> at Pos <<4147.642090, 19.289003, 4799.933105>>
SCRIPT       : [JunkYardDog] -- Adding Salvage Point to <Land_Wreck_hb01_aban2_green<8c9c7bf0>> at Pos <<3695.641846, 6.523770, 4694.294434>>
SCRIPT       : [JunkYardDog] -- Adding Fuel Point to <Land_Wreck_hb01_aban2_green<8c9c7bf0>> at Pos <<3695.641846, 6.523770, 4694.294434>>
SCRIPT       : [JunkYardDog] -- Adding Salvage Point to <Land_Wreck_sed01_aban2_black<8c9c9720>> at Pos <<3696.105225, 6.707343, 4752.612793>>
SCRIPT       : [JunkYardDog] -- Adding Fuel Point to <Land_Wreck_sed01_aban2_black<8c9c9720>> at Pos <<3696.105225, 6.707343, 4752.612793>>
SCRIPT       : [JunkYardDog] -- Adding Salvage Point to <Land_Wreck_S1023_Beige<8c9cb250>> at Pos <<3709.510986, 6.979939, 4775.351563>>
SCRIPT       : [JunkYardDog] -- Adding Fuel Point to <Land_Wreck_S1023_Beige<8c9cb250>> at Pos <<3709.510986, 6.979939, 4775.351563>>
SCRIPT       : [JunkYardDog] -- Adding Salvage Point to <Land_Wreck_sed02_aban1_yellow<8c9cc470>> at Pos <<3735.343750, 6.071608, 4808.163574>>
SCRIPT       : [JunkYardDog] -- Adding Fuel Point to <Land_Wreck_sed02_aban1_yellow<8c9cc470>> at Pos <<3735.343750, 6.071608, 4808.163574>>
SCRIPT       : [JunkYardDog] -- Adding Salvage Point to <Land_Wreck_sed01_aban2_wine<8c9d1f10>> at Pos <<3766.216064, 6.406448, 4791.819336>>
SCRIPT       : [JunkYardDog] -- Adding Fuel Point to <Land_Wreck_sed01_aban2_wine<8c9d1f10>> at Pos <<3766.216064, 6.406448, 4791.819336>>
SCRIPT       : [JunkYardDog] -- Adding Salvage Point to <Land_Wreck_hb02_aban1_red<8c9d5570>> at Pos <<3801.428467, 6.901230, 4842.263184>>
SCRIPT       : [JunkYardDog] -- Adding Fuel Point to <Land_Wreck_hb02_aban1_red<8c9d5570>> at Pos <<3801.428467, 6.901230, 4842.263184>>
SCRIPT       : [JunkYardDog] -- Adding Salvage Point to <Land_Wreck_sed01_aban2_black<8c9d5e80>> at Pos <<3828.599854, 8.050538, 4823.319824>>
SCRIPT       : [JunkYardDog] -- Adding Fuel Point to <Land_Wreck_sed01_aban2_black<8c9d5e80>> at Pos <<3828.599854, 8.050538, 4823.319824>>
SCRIPT       : [JunkYardDog] -- Adding Salvage Point to <Land_Wreck_hb02_aban2_blue<8c9dcb40>> at Pos <<3856.171631, 10.045047, 4794.500977>>
SCRIPT       : [JunkYardDog] -- Adding Fuel Point to <Land_Wreck_hb02_aban2_blue<8c9dcb40>> at Pos <<3856.171631, 10.045047, 4794.500977>>
SCRIPT       : [JunkYardDog] -- Adding Salvage Point to <Land_Wreck_S1023_Blue<8c9d9df0>> at Pos <<3848.808350, 6.191637, 4926.727051>>
SCRIPT       : [JunkYardDog] -- Adding Fuel Point to <Land_Wreck_S1023_Blue<8c9d9df0>> at Pos <<3848.808350, 6.191637, 4926.727051>>
SCRIPT       : [JunkYardDog] -- Adding Salvage Point to <Land_Wreck_hb01_aban2_green<8c42ad10>> at Pos <<2513.889893, 5.702952, 5176.137695>>
SCRIPT       : [JunkYardDog] -- Adding Fuel Point to <Land_Wreck_hb01_aban2_green<8c42ad10>> at Pos <<2513.889893, 5.702952, 5176.137695>>
SCRIPT       : [JunkYardDog] -- Adding Salvage Point to <Land_wreck_truck01_aban1_green<8c42a400>> at Pos <<2580.978760, 4.445450, 5181.732910>>
SCRIPT       : [JunkYardDog] -- Adding Fuel Point to <Land_wreck_truck01_aban1_green<8c42a400>> at Pos <<2580.978760, 4.445450, 5181.732910>>
SCRIPT       : [JunkYardDog] -- Adding Salvage Point to <Land_Wreck_hb02_aban1_blue<8c4310c0>> at Pos <<2246.857666, 7.235281, 5269.160156>>
SCRIPT       : [JunkYardDog] -- Adding Fuel Point to <Land_Wreck_hb02_aban1_blue<8c4310c0>> at Pos <<2246.857666, 7.235281, 5269.160156>>
SCRIPT       : [Permissions Manager] Admin (The Professor) (76561198413928129) Successfully Logged in!
SCRIPT       : [JunkYardDog] -- Adding Salvage Point to <Static_Wreck_Ural<8d2d6360>> at Pos <<1840.609253, 26.583616, 5357.407715>>
SCRIPT       : [JunkYardDog] -- Adding Fuel Point to <Static_Wreck_Ural<8d2d6360>> at Pos <<1840.609253, 26.583616, 5357.407715>>
SCRIPT       : [JunkYardDog] -- Adding Salvage Point to <Land_wreck_truck01_aban1_green<8c43e130>> at Pos <<1907.210693, 25.730639, 5353.970703>>
SCRIPT       : [JunkYardDog] -- Adding Fuel Point to <Land_wreck_truck01_aban1_green<8c43e130>> at Pos <<1907.210693, 25.730639, 5353.970703>>
SCRIPT       : [JunkYardDog] -- Adding Salvage Point to <Land_Wreck_S1023_Beige<8c43c600>> at Pos <<1913.711914, 26.701876, 5354.919922>>
SCRIPT       : [JunkYardDog] -- Adding Fuel Point to <Land_Wreck_S1023_Beige<8c43c600>> at Pos <<1913.711914, 26.701876, 5354.919922>>
SCRIPT       : [JunkYardDog] -- Adding Salvage Point to <Static_Wreck_Ural<8d2eec80>> at Pos <<1901.421265, 26.906981, 5350.300293>>
SCRIPT       : [JunkYardDog] -- Adding Fuel Point to <Static_Wreck_Ural<8d2eec80>> at Pos <<1901.421265, 26.906981, 5350.300293>>
SCRIPT       : [JunkYardDog] -- Adding Salvage Point to <Static_Wreck_S120_Red<8ff87eb0>> at Pos <<7544.621094, 5.436483, 5380.042969>>
SCRIPT       : [JunkYardDog] -- Adding Fuel Point to <Static_Wreck_S120_Red<8ff87eb0>> at Pos <<7544.621094, 5.436483, 5380.042969>>
SCRIPT       : [JunkYardDog] -- Adding Salvage Point to <Land_Wreck_S1023_Beige<90052c90>> at Pos <<7560.758789, 5.852903, 5373.926270>>
SCRIPT       : [JunkYardDog] -- Adding Fuel Point to <Land_Wreck_S1023_Beige<90052c90>> at Pos <<7560.758789, 5.852903, 5373.926270>>
SCRIPT       : [JunkYardDog] -- Adding Salvage Point to <Land_Wreck_sed01_aban1_white<900547c0>> at Pos <<7584.123535, 5.605834, 5391.034668>>
SCRIPT       : [JunkYardDog] -- Adding Fuel Point to <Land_Wreck_sed01_aban1_white<900547c0>> at Pos <<7584.123535, 5.605834, 5391.034668>>
SCRIPT       : [JunkYardDog] -- Adding Salvage Point to <Land_Wreck_sed02_aban2_grey<9004db00>> at Pos <<7591.117676, 5.512155, 5424.438965>>
SCRIPT       : [JunkYardDog] -- Adding Fuel Point to <Land_Wreck_sed02_aban2_grey<9004db00>> at Pos <<7591.117676, 5.512155, 5424.438965>>
SCRIPT       : [JunkYardDog] -- Adding Salvage Point to <Land_wreck_truck01_aban1_green<93fb3930>> at Pos <<7564.761230, 4.620555, 5456.931152>>
SCRIPT       : [JunkYardDog] -- Adding Fuel Point to <Land_wreck_truck01_aban1_green<93fb3930>> at Pos <<7564.761230, 4.620555, 5456.931152>>
SCRIPT       : [JunkYardDog] -- Adding Salvage Point to <Land_wreck_truck01_aban1_green<93fb4240>> at Pos <<7576.934570, 4.695323, 5473.101563>>
SCRIPT       : [JunkYardDog] -- Adding Fuel Point to <Land_wreck_truck01_aban1_green<93fb4240>> at Pos <<7576.934570, 4.695323, 5473.101563>>
SCRIPT       : [JunkYardDog] -- Adding Salvage Point to <Land_wreck_truck01_aban1_green<93fb78a0>> at Pos <<7639.947754, 2.431362, 5380.312500>>
SCRIPT       : [JunkYardDog] -- Adding Fuel Point to <Land_wreck_truck01_aban1_green<93fb78a0>> at Pos <<7639.947754, 2.431362, 5380.312500>>
SCRIPT       : [JunkYardDog] -- Adding Salvage Point to <Static_Wreck_Ural<9292e0a0>> at Pos <<1411.834351, 59.156448, 5651.799805>>
SCRIPT       : [JunkYardDog] -- Adding Fuel Point to <Static_Wreck_Ural<9292e0a0>> at Pos <<1411.834351, 59.156448, 5651.799805>>
SCRIPT       : [JunkYardDog] -- Adding Salvage Point to <Land_Wreck_S1023_Blue<93f94fd0>> at Pos <<2371.412842, 43.496582, 5728.241699>>
SCRIPT       : [JunkYardDog] -- Adding Fuel Point to <Land_Wreck_S1023_Blue<93f94fd0>> at Pos <<2371.412842, 43.496582, 5728.241699>>
SCRIPT       : [JunkYardDog] -- Adding Salvage Point to <Land_Wreck_Volha_Grey<93f9e0d0>> at Pos <<2421.758545, 43.742401, 5807.520996>>
SCRIPT       : [JunkYardDog] -- Adding Fuel Point to <Land_Wreck_Volha_Grey<93f9e0d0>> at Pos <<2421.758545, 43.742401, 5807.520996>>
SCRIPT       : [JunkYardDog] -- Adding Salvage Point to <Land_wreck_truck01_aban1_green<93f96b00>> at Pos <<2450.226807, 40.559982, 5649.437500>>
SCRIPT       : [JunkYardDog] -- Adding Fuel Point to <Land_wreck_truck01_aban1_green<93f96b00>> at Pos <<2450.226807, 40.559982, 5649.437500>>
SCRIPT       : [JunkYardDog] -- Adding Salvage Point to <Land_Wreck_sed01_aban1_white<93f9fc00>> at Pos <<2437.632080, 41.311764, 5660.528320>>
SCRIPT       : [JunkYardDog] -- Adding Fuel Point to <Land_Wreck_sed01_aban1_white<93f9fc00>> at Pos <<2437.632080, 41.311764, 5660.528320>>
SCRIPT       : [JunkYardDog] -- Adding Salvage Point to <Land_Wreck_sed02_aban1_yellow<93f9e9e0>> at Pos <<2458.110107, 41.420834, 5639.807617>>
SCRIPT       : [JunkYardDog] -- Adding Fuel Point to <Land_Wreck_sed02_aban1_yellow<93f9e9e0>> at Pos <<2458.110107, 41.420834, 5639.807617>>
SCRIPT       : [JunkYardDog] -- Adding Salvage Point to <Land_Wreck_hb01_aban2_white<93f9f2f0>> at Pos <<2439.950195, 41.490433, 5657.282227>>
SCRIPT       : [JunkYardDog] -- Adding Fuel Point to <Land_Wreck_hb01_aban2_white<93f9f2f0>> at Pos <<2439.950195, 41.490433, 5657.282227>>
SCRIPT       : [JunkYardDog] -- Adding Salvage Point to <Land_Wreck_Uaz<926b9150>> at Pos <<2540.356689, 44.783184, 5800.512207>>
SCRIPT       : [JunkYardDog] -- Adding Fuel Point to <Land_Wreck_Uaz<926b9150>> at Pos <<2540.356689, 44.783184, 5800.512207>>
SCRIPT       : [JunkYardDog] -- Adding Salvage Point to <Land_Wreck_hb02_aban1_black<926ba370>> at Pos <<2538.637939, 44.699844, 5876.207520>>
SCRIPT       : [JunkYardDog] -- Adding Fuel Point to <Land_Wreck_hb02_aban1_black<926ba370>> at Pos <<2538.637939, 44.699844, 5876.207520>>
SCRIPT       : [JunkYardDog] -- Adding Salvage Point to <Land_Wreck_sed01_aban2_wine<926bd9d0>> at Pos <<2583.496338, 44.693317, 5808.991699>>
SCRIPT       : [JunkYardDog] -- Adding Fuel Point to <Land_Wreck_sed01_aban2_wine<926bd9d0>> at Pos <<2583.496338, 44.693317, 5808.991699>>
SCRIPT       : [JunkYardDog] -- Adding Salvage Point to <Land_Wreck_hb01_aban2_green<926b8840>> at Pos <<2576.008301, 44.870747, 5801.844727>>
SCRIPT       : [JunkYardDog] -- Adding Fuel Point to <Land_Wreck_hb01_aban2_green<926b8840>> at Pos <<2576.008301, 44.870747, 5801.844727>>
SCRIPT       : [JunkYardDog] -- Adding Salvage Point to <Static_Wreck_Ural<92bd21b0>> at Pos <<2572.344482, 45.127514, 5813.781738>>
SCRIPT       : [JunkYardDog] -- Adding Fuel Point to <Static_Wreck_Ural<92bd21b0>> at Pos <<2572.344482, 45.127514, 5813.781738>>
SCRIPT       : [JunkYardDog] -- Adding Salvage Point to <Land_Wreck_Volha_Blue<926b6400>> at Pos <<2591.008301, 44.676941, 5816.299316>>
SCRIPT       : [JunkYardDog] -- Adding Fuel Point to <Land_Wreck_Volha_Blue<926b6400>> at Pos <<2591.008301, 44.676941, 5816.299316>>
SCRIPT       : [JunkYardDog] -- Adding Salvage Point to <Land_Wreck_Uaz<926be2e0>> at Pos <<2587.296143, 44.783184, 5813.109863>>
SCRIPT       : [JunkYardDog] -- Adding Fuel Point to <Land_Wreck_Uaz<926be2e0>> at Pos <<2587.296143, 44.783184, 5813.109863>>
SCRIPT       : [JunkYardDog] -- Adding Salvage Point to <Land_wreck_truck01_aban1_green<926c61c0>> at Pos <<2732.454102, 43.940052, 5905.162109>>
SCRIPT       : [JunkYardDog] -- Adding Fuel Point to <Land_wreck_truck01_aban1_green<926c61c0>> at Pos <<2732.454102, 43.940052, 5905.162109>>
SCRIPT       : [JunkYardDog] -- Adding Salvage Point to <Land_wreck_truck01_aban1_green<926c73e0>> at Pos <<2746.802002, 44.283222, 6014.562500>>
SCRIPT       : [JunkYardDog] -- Adding Fuel Point to <Land_wreck_truck01_aban1_green<926c73e0>> at Pos <<2746.802002, 44.283222, 6014.562500>>
SCRIPT       : [JunkYardDog] -- Adding Salvage Point to <Land_Wreck_Volha_Blue<926c1940>> at Pos <<2764.045166, 44.676945, 5878.128906>>
SCRIPT       : [JunkYardDog] -- Adding Fuel Point to <Land_Wreck_Volha_Blue<926c1940>> at Pos <<2764.045166, 44.676945, 5878.128906>>
SCRIPT       : [JunkYardDog] -- Adding Salvage Point to <Land_wreck_truck01_aban2_orange<926cfbd0>> at Pos <<2770.533936, 44.259644, 5972.666504>>
SCRIPT       : [JunkYardDog] -- Adding Fuel Point to <Land_wreck_truck01_aban2_orange<926cfbd0>> at Pos <<2770.533936, 44.259644, 5972.666504>>
SCRIPT       : [JunkYardDog] -- Adding Salvage Point to <Land_wreck_truck01_aban2_blue<926d5f80>> at Pos <<2814.918213, 44.410267, 5947.968750>>
SCRIPT       : [JunkYardDog] -- Adding Fuel Point to <Land_wreck_truck01_aban2_blue<926d5f80>> at Pos <<2814.918213, 44.410267, 5947.968750>>
SCRIPT       : [JunkYardDog] -- Adding Salvage Point to <Land_Wreck_sed02_aban2_yellow<926d3230>> at Pos <<2814.938965, 45.068821, 5961.391602>>
SCRIPT       : [JunkYardDog] -- Adding Fuel Point to <Land_Wreck_sed02_aban2_yellow<926d3230>> at Pos <<2814.938965, 45.068821, 5961.391602>>
SCRIPT       : [JunkYardDog] -- Adding Salvage Point to <Land_Wreck_Uaz<926d1700>> at Pos <<2805.105469, 45.253162, 5965.519531>>
SCRIPT       : [JunkYardDog] -- Adding Fuel Point to <Land_Wreck_Uaz<926d1700>> at Pos <<2805.105469, 45.253162, 5965.519531>>
SCRIPT       : [JunkYardDog] -- Adding Salvage Point to <Static_Wreck_Ural<90145570>> at Pos <<2830.821777, 45.597622, 5981.551758>>
SCRIPT       : [JunkYardDog] -- Adding Fuel Point to <Static_Wreck_Ural<90145570>> at Pos <<2830.821777, 45.597622, 5981.551758>>
SCRIPT       : [JunkYardDog] -- Adding Salvage Point to <Land_Wreck_hb01_aban2_green<926d9ef0>> at Pos <<2848.041748, 45.340523, 5974.695801>>
SCRIPT       : [JunkYardDog] -- Adding Fuel Point to <Land_Wreck_hb01_aban2_green<926d9ef0>> at Pos <<2848.041748, 45.340523, 5974.695801>>
SCRIPT       : [JunkYardDog] -- Adding Salvage Point to <Land_Wreck_sed02_aban2_red<926e3900>> at Pos <<3678.916260, 5.298860, 5990.742188>>
SCRIPT       : [JunkYardDog] -- Adding Fuel Point to <Land_Wreck_sed02_aban2_red<926e3900>> at Pos <<3678.916260, 5.298860, 5990.742188>>
SCRIPT       : [JunkYardDog] -- Adding Salvage Point to <Land_Wreck_sed01_aban2_wine<926eb7e0>> at Pos <<3652.485596, 5.393319, 5996.959473>>
SCRIPT       : [JunkYardDog] -- Adding Fuel Point to <Land_Wreck_sed01_aban2_wine<926eb7e0>> at Pos <<3652.485596, 5.393319, 5996.959473>>
SCRIPT       : [JunkYardDog] -- Adding Salvage Point to <Land_Wreck_sed01_aban1_wine<926ec0f0>> at Pos <<3664.743896, 5.391618, 5984.734863>>
SCRIPT       : [JunkYardDog] -- Adding Fuel Point to <Land_Wreck_sed01_aban1_wine<926ec0f0>> at Pos <<3664.743896, 5.391618, 5984.734863>>
SCRIPT       : [JunkYardDog] -- Adding Salvage Point to <Land_Wreck_hb01_aban2_green<926e4b20>> at Pos <<3666.802979, 5.570716, 6005.057129>>
SCRIPT       : [JunkYardDog] -- Adding Fuel Point to <Land_Wreck_hb01_aban2_green<926e4b20>> at Pos <<3666.802979, 5.570716, 6005.057129>>
SCRIPT       : [JunkYardDog] -- Adding Salvage Point to <Land_Wreck_sed01_aban2_white<9350dba0>> at Pos <<3679.868164, 5.421731, 6004.083984>>
SCRIPT       : [JunkYardDog] -- Adding Fuel Point to <Land_Wreck_sed01_aban2_white<9350dba0>> at Pos <<3679.868164, 5.421731, 6004.083984>>
SCRIPT       : [JunkYardDog] -- Adding Salvage Point to <Static_Wreck_Ural<937e4760>> at Pos <<3657.457275, 5.827516, 6005.149414>>
SCRIPT       : [JunkYardDog] -- Adding Fuel Point to <Static_Wreck_Ural<937e4760>> at Pos <<3657.457275, 5.827516, 6005.149414>>
SCRIPT       : [JunkYardDog] -- Adding Salvage Point to <Land_Wreck_hb01_aban1_green<9350edc0>> at Pos <<3668.733398, 5.701992, 5989.962891>>
SCRIPT       : [JunkYardDog] -- Adding Fuel Point to <Land_Wreck_hb01_aban1_green<9350edc0>> at Pos <<3668.733398, 5.701992, 5989.962891>>
SCRIPT       : [JunkYardDog] -- Adding Salvage Point to <Land_Wreck_Uaz<935108f0>> at Pos <<3664.198486, 5.483234, 6011.621094>>
SCRIPT       : [JunkYardDog] -- Adding Fuel Point to <Land_Wreck_Uaz<935108f0>> at Pos <<3664.198486, 5.483234, 6011.621094>>
SCRIPT       : [JunkYardDog] -- Adding Salvage Point to <Land_Wreck_sed02_aban1_red<9350c980>> at Pos <<3659.665771, 5.501120, 5995.684570>>
SCRIPT       : [JunkYardDog] -- Adding Fuel Point to <Land_Wreck_sed02_aban1_red<9350c980>> at Pos <<3659.665771, 5.501120, 5995.684570>>
SCRIPT       : [JunkYardDog] -- Adding Salvage Point to <Land_Wreck_hb02_aban1_black<93512d30>> at Pos <<3669.880859, 5.399824, 6018.919434>>
SCRIPT       : [JunkYardDog] -- Adding Fuel Point to <Land_Wreck_hb02_aban1_black<93512d30>> at Pos <<3669.880859, 5.399824, 6018.919434>>
SCRIPT       : [JunkYardDog] -- Adding Salvage Point to <Land_Wreck_Lada_Red<93511200>> at Pos <<3711.493164, 5.321498, 6002.173828>>
SCRIPT       : [JunkYardDog] -- Adding Fuel Point to <Land_Wreck_Lada_Red<93511200>> at Pos <<3711.493164, 5.321498, 6002.173828>>
SCRIPT       : [JunkYardDog] -- Adding Salvage Point to <Land_Wreck_sed01_aban1_white<9350c070>> at Pos <<3681.471924, 5.391631, 5994.391113>>
SCRIPT       : [JunkYardDog] -- Adding Fuel Point to <Land_Wreck_sed01_aban1_white<9350c070>> at Pos <<3681.471924, 5.391631, 5994.391113>>
SCRIPT       : [JunkYardDog] -- Adding Salvage Point to <Land_Wreck_sed01_aban1_black<9350e4b0>> at Pos <<3705.390137, 5.403822, 6028.255859>>
SCRIPT       : [JunkYardDog] -- Adding Fuel Point to <Land_Wreck_sed01_aban1_black<9350e4b0>> at Pos <<3705.390137, 5.403822, 6028.255859>>
SCRIPT       : [JunkYardDog] -- Adding Salvage Point to <Land_Wreck_hb02_aban1_blue<93512420>> at Pos <<3694.920654, 5.419853, 6030.678223>>
SCRIPT       : [JunkYardDog] -- Adding Fuel Point to <Land_Wreck_hb02_aban1_blue<93512420>> at Pos <<3694.920654, 5.419853, 6030.678223>>
SCRIPT       : [JunkYardDog] -- Adding Salvage Point to <Land_Wreck_sed02_aban1_grey<93513640>> at Pos <<3686.823486, 5.501119, 6032.731934>>
SCRIPT       : [JunkYardDog] -- Adding Fuel Point to <Land_Wreck_sed02_aban1_grey<93513640>> at Pos <<3686.823486, 5.501119, 6032.731934>>
SCRIPT       : [JunkYardDog] -- Adding Salvage Point to <Land_Wreck_V3S<93513f50>> at Pos <<3685.296875, 6.262951, 6020.584961>>
SCRIPT       : [JunkYardDog] -- Adding Fuel Point to <Land_Wreck_V3S<93513f50>> at Pos <<3685.296875, 6.262951, 6020.584961>>
SCRIPT       : [JunkYardDog] -- Adding Salvage Point to <Land_Wreck_hb01_aban1_blue<93515a80>> at Pos <<3717.500244, 5.721993, 5997.200684>>
SCRIPT       : [JunkYardDog] -- Adding Fuel Point to <Land_Wreck_hb01_aban1_blue<93515a80>> at Pos <<3717.500244, 5.721993, 5997.200684>>
SCRIPT       : [JunkYardDog] -- Adding Salvage Point to <Land_Wreck_hb02_aban2_red<9350f6d0>> at Pos <<3742.197754, 5.363723, 5986.801758>>
SCRIPT       : [JunkYardDog] -- Adding Fuel Point to <Land_Wreck_hb02_aban2_red<9350f6d0>> at Pos <<3742.197754, 5.363723, 5986.801758>>
SCRIPT       : [JunkYardDog] -- Adding Salvage Point to <Land_Wreck_Lada_Green<9351c740>> at Pos <<3735.730469, 5.301497, 6021.749023>>
SCRIPT       : [JunkYardDog] -- Adding Fuel Point to <Land_Wreck_Lada_Green<9351c740>> at Pos <<3735.730469, 5.301497, 6021.749023>>
SCRIPT       : [JunkYardDog] -- Adding Salvage Point to <Land_Wreck_S1023_Blue<9351a300>> at Pos <<3740.524902, 5.650642, 6017.712402>>
SCRIPT       : [JunkYardDog] -- Adding Fuel Point to <Land_Wreck_S1023_Blue<9351a300>> at Pos <<3740.524902, 5.650642, 6017.712402>>
SCRIPT       : [JunkYardDog] -- Adding Salvage Point to <Static_Wreck_HMMWV<933d1be0>> at Pos <<3727.282715, 5.547103, 6030.192871>>
SCRIPT       : [JunkYardDog] -- Adding Fuel Point to <Static_Wreck_HMMWV<933d1be0>> at Pos <<3727.282715, 5.547103, 6030.192871>>
SCRIPT       : [JunkYardDog] -- Adding Salvage Point to <Land_Wreck_S1023_Beige<9351ac10>> at Pos <<3755.152588, 5.639123, 6009.877441>>
SCRIPT       : [JunkYardDog] -- Adding Fuel Point to <Land_Wreck_S1023_Beige<9351ac10>> at Pos <<3755.152588, 5.639123, 6009.877441>>
SCRIPT       : [JunkYardDog] -- Adding Salvage Point to <Land_Wreck_S1023_Beige<9351fda0>> at Pos <<554.518372, 14.637499, 6070.383789>>
SCRIPT       : [JunkYardDog] -- Adding Fuel Point to <Land_Wreck_S1023_Beige<9351fda0>> at Pos <<554.518372, 14.637499, 6070.383789>>
SCRIPT       : [JunkYardDog] -- Adding Salvage Point to <Land_Wreck_sed02_aban1_red<93526150>> at Pos <<549.668579, 14.256610, 6066.836914>>
SCRIPT       : [JunkYardDog] -- Adding Fuel Point to <Land_Wreck_sed02_aban1_red<93526150>> at Pos <<549.668579, 14.256610, 6066.836914>>
SCRIPT       : [JunkYardDog] -- Adding Salvage Point to <Land_wreck_truck01_aban1_green<935343e0>> at Pos <<3241.891846, 16.469988, 6171.812988>>
SCRIPT       : [JunkYardDog] -- Adding Fuel Point to <Land_wreck_truck01_aban1_green<935343e0>> at Pos <<3241.891846, 16.469988, 6171.812988>>
SCRIPT       : [JunkYardDog] -- Adding Salvage Point to <Land_Wreck_hb01_aban1_green<9353b0a0>> at Pos <<3417.456787, 18.378483, 6311.729492>>
SCRIPT       : [JunkYardDog] -- Adding Fuel Point to <Land_Wreck_hb01_aban1_green<9353b0a0>> at Pos <<3417.456787, 18.378483, 6311.729492>>
SCRIPT       : [JunkYardDog] -- Adding Salvage Point to <Land_Wreck_hb02_aban2_black<9353c2c0>> at Pos <<3430.834961, 18.335773, 6322.268555>>
SCRIPT       : [JunkYardDog] -- Adding Fuel Point to <Land_Wreck_hb02_aban2_black<9353c2c0>> at Pos <<3430.834961, 18.335773, 6322.268555>>
SCRIPT       : [JunkYardDog] -- Adding Salvage Point to <Land_wreck_truck01_aban2_orange<9353f010>> at Pos <<3432.243896, 16.661507, 6408.219238>>
SCRIPT       : [JunkYardDog] -- Adding Fuel Point to <Land_wreck_truck01_aban2_orange<9353f010>> at Pos <<3432.243896, 16.661507, 6408.219238>>
SCRIPT       : [JunkYardDog] -- Adding Salvage Point to <Land_wreck_truck01_aban2_orange<93543890>> at Pos <<3509.109131, 15.649977, 6293.025391>>
SCRIPT       : [JunkYardDog] -- Adding Fuel Point to <Land_wreck_truck01_aban2_orange<93543890>> at Pos <<3509.109131, 15.649977, 6293.025391>>
SCRIPT       : [JunkYardDog] -- Adding Salvage Point to <Land_Wreck_sed01_aban1_white<935441a0>> at Pos <<3488.157227, 17.307892, 6334.670898>>
SCRIPT       : [JunkYardDog] -- Adding Fuel Point to <Land_Wreck_sed01_aban1_white<935441a0>> at Pos <<3488.157227, 17.307892, 6334.670898>>
SCRIPT       : [JunkYardDog] -- Adding Salvage Point to <Land_Wreck_hb01_aban2_green<92641830>> at Pos <<6108.851074, 11.204752, 6328.273438>>
SCRIPT       : [JunkYardDog] -- Adding Fuel Point to <Land_Wreck_hb01_aban2_green<92641830>> at Pos <<6108.851074, 11.204752, 6328.273438>>
SCRIPT       : [JunkYardDog] -- Adding Salvage Point to <Land_Wreck_hb02_aban1_red<9264c460>> at Pos <<1254.634277, 38.509823, 6741.747070>>
SCRIPT       : [JunkYardDog] -- Adding Fuel Point to <Land_Wreck_hb02_aban1_red<9264c460>> at Pos <<1254.634277, 38.509823, 6741.747070>>
SCRIPT       : [JunkYardDog] -- Adding Salvage Point to <Land_Wreck_S1023_Beige<926515f0>> at Pos <<4200.811035, 31.537390, 6587.881836>>
SCRIPT       : [JunkYardDog] -- Adding Fuel Point to <Land_Wreck_S1023_Beige<926515f0>> at Pos <<4200.811035, 31.537390, 6587.881836>>
SCRIPT       : [JunkYardDog] -- Adding Salvage Point to <Land_Wreck_hb02_aban2_blue<92654340>> at Pos <<627.911621, 15.193721, 6647.906738>>
SCRIPT       : [JunkYardDog] -- Adding Fuel Point to <Land_Wreck_hb02_aban2_blue<92654340>> at Pos <<627.911621, 15.193721, 6647.906738>>
SCRIPT       : [JunkYardDog] -- Adding Salvage Point to <Land_Wreck_S1023_Blue<92654c50>> at Pos <<640.106201, 15.498935, 6635.570313>>
SCRIPT       : [JunkYardDog] -- Adding Fuel Point to <Land_Wreck_S1023_Blue<92654c50>> at Pos <<640.106201, 15.498935, 6635.570313>>
SCRIPT       : [JunkYardDog] -- Adding Salvage Point to <Land_wreck_truck01_aban1_blue<9261a6e0>> at Pos <<763.083923, 19.346462, 6754.653809>>
SCRIPT       : [JunkYardDog] -- Adding Fuel Point to <Land_wreck_truck01_aban1_blue<9261a6e0>> at Pos <<763.083923, 19.346462, 6754.653809>>
SCRIPT       : [JunkYardDog] -- Adding Salvage Point to <Land_Wreck_hb01_aban2_green<926182a0>> at Pos <<1824.505493, 99.620750, 6822.403809>>
SCRIPT       : [JunkYardDog] -- Adding Fuel Point to <Land_Wreck_hb01_aban2_green<926182a0>> at Pos <<1824.505493, 99.620750, 6822.403809>>
SCRIPT       : [JunkYardDog] -- Adding Salvage Point to <Land_wreck_truck01_aban2_blue<9261e650>> at Pos <<1825.721802, 98.690002, 6859.872559>>
SCRIPT       : [JunkYardDog] -- Adding Fuel Point to <Land_wreck_truck01_aban2_blue<9261e650>> at Pos <<1825.721802, 98.690002, 6859.872559>>
SCRIPT       : [JunkYardDog] -- Adding Salvage Point to <Land_wreck_truck01_aban2_blue<9261ef60>> at Pos <<2833.292480, 6.499839, 6866.886230>>
SCRIPT       : [JunkYardDog] -- Adding Fuel Point to <Land_wreck_truck01_aban2_blue<9261ef60>> at Pos <<2833.292480, 6.499839, 6866.886230>>
SCRIPT       : [JunkYardDog] -- Adding Salvage Point to <Land_wreck_truck01_aban2_green<92620180>> at Pos <<2857.355225, 6.519426, 6763.296387>>
SCRIPT       : [JunkYardDog] -- Adding Fuel Point to <Land_wreck_truck01_aban2_green<92620180>> at Pos <<2857.355225, 6.519426, 6763.296387>>
SCRIPT       : [JunkYardDog] -- Adding Salvage Point to <Static_Wreck_Ural<982a9030>> at Pos <<2853.695068, 7.686787, 6829.259766>>
SCRIPT       : [JunkYardDog] -- Adding Fuel Point to <Static_Wreck_Ural<982a9030>> at Pos <<2853.695068, 7.686787, 6829.259766>>
SCRIPT       : [JunkYardDog] -- Adding Salvage Point to <Land_Wreck_sed02_aban2_red<926237e0>> at Pos <<4047.049072, 14.208237, 6760.623047>>
SCRIPT       : [JunkYardDog] -- Adding Fuel Point to <Land_Wreck_sed02_aban2_red<926237e0>> at Pos <<4047.049072, 14.208237, 6760.623047>>
SCRIPT       : [JunkYardDog] -- Adding Salvage Point to <Land_Wreck_S1023_Beige<92621cb0>> at Pos <<4094.728027, 16.631874, 6828.267090>>
SCRIPT       : [JunkYardDog] -- Adding Fuel Point to <Land_Wreck_S1023_Beige<92621cb0>> at Pos <<4094.728027, 16.631874, 6828.267090>>
SCRIPT       : [JunkYardDog] -- Adding Salvage Point to <Land_Wreck_Volha_Grey<926225c0>> at Pos <<4079.636719, 16.377960, 6900.633301>>
SCRIPT       : [JunkYardDog] -- Adding Fuel Point to <Land_Wreck_Volha_Grey<926225c0>> at Pos <<4079.636719, 16.377960, 6900.633301>>
SCRIPT       : [JunkYardDog] -- Adding Salvage Point to <Land_Wreck_sed01_aban2_white<9262a4a0>> at Pos <<4126.379395, 15.640750, 6737.361328>>
SCRIPT       : [JunkYardDog] -- Adding Fuel Point to <Land_Wreck_sed01_aban2_white<9262a4a0>> at Pos <<4126.379395, 15.640750, 6737.361328>>
SCRIPT       : [JunkYardDog] -- Adding Salvage Point to <Land_Wreck_sed01_aban2_wine<92632380>> at Pos <<5384.560547, 7.037479, 7005.273438>>
SCRIPT       : [JunkYardDog] -- Adding Fuel Point to <Land_Wreck_sed01_aban2_wine<92632380>> at Pos <<5384.560547, 7.037479, 7005.273438>>
SCRIPT       : [JunkYardDog] -- Adding Salvage Point to <Land_wreck_truck01_aban1_green<991ddc30>> at Pos <<2032.599487, 75.318779, 6990.077637>>
SCRIPT       : [JunkYardDog] -- Adding Fuel Point to <Land_wreck_truck01_aban1_green<991ddc30>> at Pos <<2032.599487, 75.318779, 6990.077637>>
SCRIPT       : [JunkYardDog] -- Adding Salvage Point to <Land_Wreck_S1023_Beige<991dee50>> at Pos <<2048.291504, 74.831108, 6960.855957>>
SCRIPT       : [JunkYardDog] -- Adding Fuel Point to <Land_Wreck_S1023_Beige<991dee50>> at Pos <<2048.291504, 74.831108, 6960.855957>>
SCRIPT       : [JunkYardDog] -- Adding Salvage Point to <Land_wreck_truck01_aban1_orange<991df760>> at Pos <<2262.239014, 64.973114, 6992.373535>>
SCRIPT       : [JunkYardDog] -- Adding Fuel Point to <Land_wreck_truck01_aban1_orange<991df760>> at Pos <<2262.239014, 64.973114, 6992.373535>>
SCRIPT       : [JunkYardDog] -- Adding Salvage Point to <Land_Wreck_S1023_Beige<991e2dc0>> at Pos <<2290.854980, 64.957306, 6975.106445>>
SCRIPT       : [JunkYardDog] -- Adding Fuel Point to <Land_Wreck_S1023_Beige<991e2dc0>> at Pos <<2290.854980, 64.957306, 6975.106445>>
SCRIPT       : [JunkYardDog] -- Adding Salvage Point to <Land_Wreck_S1023_Blue<991e7640>> at Pos <<5287.536621, 6.403430, 7025.114746>>
SCRIPT       : [JunkYardDog] -- Adding Fuel Point to <Land_Wreck_S1023_Blue<991e7640>> at Pos <<5287.536621, 6.403430, 7025.114746>>
SCRIPT       : [JunkYardDog] -- Adding Salvage Point to <Land_Wreck_Tractor<991f1050>> at Pos <<5308.165039, 8.324460, 7100.670898>>
SCRIPT       : [JunkYardDog] -- Adding Fuel Point to <Land_Wreck_Tractor<991f1050>> at Pos <<5308.165039, 8.324460, 7100.670898>>
SCRIPT       : [JunkYardDog] -- Adding Salvage Point to <Land_Wreck_hb01_aban2_blue<991f2270>> at Pos <<5558.016113, 10.601180, 7089.315918>>
SCRIPT       : [JunkYardDog] -- Adding Fuel Point to <Land_Wreck_hb01_aban2_blue<991f2270>> at Pos <<5558.016113, 10.601180, 7089.315918>>
SCRIPT       : [JunkYardDog] -- Adding Salvage Point to <Land_wreck_truck01_aban1_green<991f1960>> at Pos <<5552.080078, 9.367132, 7076.017090>>
SCRIPT       : [JunkYardDog] -- Adding Fuel Point to <Land_wreck_truck01_aban1_green<991f1960>> at Pos <<5552.080078, 9.367132, 7076.017090>>
SCRIPT       : [JunkYardDog] -- Adding Salvage Point to <Static_Wreck_Digger<90aebda0>> at Pos <<6211.233887, 10.258520, 7068.666504>>
SCRIPT       : [JunkYardDog] -- Adding Fuel Point to <Static_Wreck_Digger<90aebda0>> at Pos <<6211.233887, 10.258520, 7068.666504>>
SCRIPT       : [JunkYardDog] -- Adding Salvage Point to <Land_Wreck_S1023_Blue<991b3d90>> at Pos <<3487.291992, 11.142941, 7080.530762>>
SCRIPT       : [JunkYardDog] -- Adding Fuel Point to <Land_Wreck_S1023_Blue<991b3d90>> at Pos <<3487.291992, 11.142941, 7080.530762>>
SCRIPT       : [JunkYardDog] -- Adding Salvage Point to <Land_wreck_truck01_aban2_blue<991c5680>> at Pos <<3609.489014, 8.314137, 7136.954590>>
SCRIPT       : [JunkYardDog] -- Adding Fuel Point to <Land_wreck_truck01_aban2_blue<991c5680>> at Pos <<3609.489014, 8.314137, 7136.954590>>
SCRIPT       : [JunkYardDog] -- Adding Salvage Point to <Land_Wreck_sed02_aban2_grey<991c7ac0>> at Pos <<4035.924561, 16.906675, 7179.097168>>
SCRIPT       : [JunkYardDog] -- Adding Fuel Point to <Land_Wreck_sed02_aban2_grey<991c7ac0>> at Pos <<4035.924561, 16.906675, 7179.097168>>
SCRIPT       : [JunkYardDog] -- Adding Salvage Point to <Land_Wreck_Uaz<991d02b0>> at Pos <<4051.496582, 16.663244, 7199.511719>>
SCRIPT       : [JunkYardDog] -- Adding Fuel Point to <Land_Wreck_Uaz<991d02b0>> at Pos <<4051.496582, 16.663244, 7199.511719>>
SCRIPT       : [JunkYardDog] -- Adding Salvage Point to <Land_Wreck_V3S<991d14d0>> at Pos <<4041.554688, 17.727108, 7220.769043>>
SCRIPT       : [JunkYardDog] -- Adding Fuel Point to <Land_Wreck_V3S<991d14d0>> at Pos <<4041.554688, 17.727108, 7220.769043>>
SCRIPT       : [JunkYardDog] -- Adding Salvage Point to <Static_Wreck_Ural<99abe2f0>> at Pos <<4066.028076, 16.991402, 7213.542969>>
SCRIPT       : [JunkYardDog] -- Adding Fuel Point to <Static_Wreck_Ural<99abe2f0>> at Pos <<4066.028076, 16.991402, 7213.542969>>
SCRIPT       : [JunkYardDog] -- Adding Salvage Point to <Land_Wreck_Harverster<98374d00>> at Pos <<5326.183105, 10.838890, 7179.055176>>
SCRIPT       : [JunkYardDog] -- Adding Fuel Point to <Land_Wreck_Harverster<98374d00>> at Pos <<5326.183105, 10.838890, 7179.055176>>
SCRIPT       : [JunkYardDog] -- Adding Salvage Point to <Static_Wreck_Ural<99ae3e80>> at Pos <<5348.527344, 9.838663, 7189.184082>>
SCRIPT       : [JunkYardDog] -- Adding Fuel Point to <Static_Wreck_Ural<99ae3e80>> at Pos <<5348.527344, 9.838663, 7189.184082>>
SCRIPT       : [JunkYardDog] -- Adding Salvage Point to <Land_Wreck_S1023_Beige<9837f020>> at Pos <<1676.822388, 23.084387, 7376.766113>>
SCRIPT       : [JunkYardDog] -- Adding Fuel Point to <Land_Wreck_S1023_Beige<9837f020>> at Pos <<1676.822388, 23.084387, 7376.766113>>
SCRIPT       : [JunkYardDog] -- Adding Salvage Point to <Land_wreck_truck01_aban2_green<98381460>> at Pos <<1665.172485, 22.076361, 7365.936523>>
SCRIPT       : [JunkYardDog] -- Adding Fuel Point to <Land_wreck_truck01_aban2_green<98381460>> at Pos <<1665.172485, 22.076361, 7365.936523>>
SCRIPT       : [JunkYardDog] -- Adding Salvage Point to <Land_Wreck_sed01_aban1_wine<9834c990>> at Pos <<4227.735840, 16.733238, 7291.679199>>
SCRIPT       : [JunkYardDog] -- Adding Fuel Point to <Land_Wreck_sed01_aban1_wine<9834c990>> at Pos <<4227.735840, 16.733238, 7291.679199>>
SCRIPT       : [JunkYardDog] -- Adding Salvage Point to <Land_Wreck_sed01_aban2_black<98357ed0>> at Pos <<4288.031250, 16.756701, 7327.050293>>
SCRIPT       : [JunkYardDog] -- Adding Fuel Point to <Land_Wreck_sed01_aban2_black<98357ed0>> at Pos <<4288.031250, 16.756701, 7327.050293>>
SCRIPT       : [JunkYardDog] -- Adding Salvage Point to <Static_Wreck_Ural<999dcab0>> at Pos <<4343.574219, 17.730766, 7321.444824>>
SCRIPT       : [JunkYardDog] -- Adding Fuel Point to <Static_Wreck_Ural<999dcab0>> at Pos <<4343.574219, 17.730766, 7321.444824>>
SCRIPT       : [JunkYardDog] -- Adding Salvage Point to <Static_Wreck_HMMWV<99951cf0>> at Pos <<2623.375732, 44.847099, 5848.700195>>
SCRIPT       : [JunkYardDog] -- Adding Fuel Point to <Static_Wreck_HMMWV<99951cf0>> at Pos <<2623.375732, 44.847099, 5848.700195>>
SCRIPT       : [JunkYardDog] -- Adding Salvage Point to <Land_Wreck_sed02_aban1_yellow<9ea1c5b0>> at Pos <<2639.423584, 44.801090, 5811.221191>>
SCRIPT       : [JunkYardDog] -- Adding Fuel Point to <Land_Wreck_sed02_aban1_yellow<9ea1c5b0>> at Pos <<2639.423584, 44.801090, 5811.221191>>
SCRIPT       : [JunkYardDog] -- Adding Salvage Point to <Land_Wreck_Uaz<9ea22960>> at Pos <<2644.460693, 44.783184, 5822.029785>>
SCRIPT       : [JunkYardDog] -- Adding Fuel Point to <Land_Wreck_Uaz<9ea22960>> at Pos <<2644.460693, 44.783184, 5822.029785>>
SCRIPT       : [JunkYardDog] -- Adding Salvage Point to <Land_Wreck_Uaz<9ea20e30>> at Pos <<2643.558105, 44.783184, 5808.225586>>
SCRIPT       : [JunkYardDog] -- Adding Fuel Point to <Land_Wreck_Uaz<9ea20e30>> at Pos <<2643.558105, 44.783184, 5808.225586>>
SCRIPT       : [JunkYardDog] -- Adding Salvage Point to <Land_Wreck_sed02_aban2_red<9ea21740>> at Pos <<6759.062988, 19.778826, 3684.049805>>
SCRIPT       : [JunkYardDog] -- Adding Fuel Point to <Land_Wreck_sed02_aban2_red<9ea21740>> at Pos <<6759.062988, 19.778826, 3684.049805>>
SCRIPT       : [JunkYardDog] -- Adding Salvage Point to <Land_Wreck_hb01_aban2_white<9ea23b80>> at Pos <<6724.634766, 20.050743, 3717.273682>>
SCRIPT       : [JunkYardDog] -- Adding Fuel Point to <Land_Wreck_hb01_aban2_white<9ea23b80>> at Pos <<6724.634766, 20.050743, 3717.273682>>
SCRIPT       : [JunkYardDog] -- Adding Salvage Point to <Land_Wreck_sed01_aban2_wine<9ea2ba60>> at Pos <<6702.113281, 19.803265, 3643.737061>>
SCRIPT       : [JunkYardDog] -- Adding Fuel Point to <Land_Wreck_sed01_aban2_wine<9ea2ba60>> at Pos <<6702.113281, 19.803265, 3643.737061>>
SCRIPT       : [JunkYardDog] -- Adding Salvage Point to <Land_Wreck_sed02_aban1_grey<9ea2d590>> at Pos <<6761.558594, 19.981163, 3731.192627>>
SCRIPT       : [JunkYardDog] -- Adding Fuel Point to <Land_Wreck_sed02_aban1_grey<9ea2d590>> at Pos <<6761.558594, 19.981163, 3731.192627>>
SCRIPT       : [JunkYardDog] -- Adding Salvage Point to <Land_Wreck_sed01_aban1_black<9ea2c370>> at Pos <<2035.736328, 55.551632, 2929.536377>>
SCRIPT       : [JunkYardDog] -- Adding Fuel Point to <Land_Wreck_sed01_aban1_black<9ea2c370>> at Pos <<2035.736328, 55.551632, 2929.536377>>
SCRIPT       : [JunkYardDog] -- Adding Salvage Point to <Land_Wreck_hb01_aban2_white<9ea27af0>> at Pos <<6872.898438, 20.053711, 3821.324463>>
SCRIPT       : [JunkYardDog] -- Adding Fuel Point to <Land_Wreck_hb01_aban2_white<9ea27af0>> at Pos <<6872.898438, 20.053711, 3821.324463>>
SCRIPT       : [JunkYardDog] -- Adding Salvage Point to <Land_Wreck_sed02_aban2_grey<9ea30bf0>> at Pos <<2718.922119, 44.598808, 5877.119629>>
SCRIPT       : [JunkYardDog] -- Adding Fuel Point to <Land_Wreck_sed02_aban2_grey<9ea30bf0>> at Pos <<2718.922119, 44.598808, 5877.119629>>
SCRIPT       : [JunkYardDog] -- Adding Salvage Point to <Land_Wreck_hb02_aban2_black<9ea31500>> at Pos <<2688.072754, 44.669270, 5877.129395>>
SCRIPT       : [JunkYardDog] -- Adding Fuel Point to <Land_Wreck_hb02_aban2_black<9ea31500>> at Pos <<2688.072754, 44.669270, 5877.129395>>
SCRIPT       : [JunkYardDog] -- Adding Salvage Point to <Land_Wreck_hb01_aban1_green<9ea33030>> at Pos <<3772.901123, 16.691992, 6509.551270>>
SCRIPT       : [JunkYardDog] -- Adding Fuel Point to <Land_Wreck_hb01_aban1_green<9ea33030>> at Pos <<3772.901123, 16.691992, 6509.551270>>
SCRIPT       : [JunkYardDog] -- Adding Salvage Point to <Land_Wreck_sed01_aban1_wine<9ea35470>> at Pos <<3797.281738, 16.381618, 6527.635742>>
SCRIPT       : [JunkYardDog] -- Adding Fuel Point to <Land_Wreck_sed01_aban1_wine<9ea35470>> at Pos <<3797.281738, 16.381618, 6527.635742>>
SCRIPT       : [JunkYardDog] -- Adding Salvage Point to <Land_Wreck_S1023_Beige<9ea3c130>> at Pos <<3786.328369, 16.629131, 6511.097656>>
SCRIPT       : [JunkYardDog] -- Adding Fuel Point to <Land_Wreck_S1023_Beige<9ea3c130>> at Pos <<3786.328369, 16.629131, 6511.097656>>
SCRIPT       : [JunkYardDog] -- Adding Salvage Point to <Land_Wreck_sed02_aban2_red<9ea39cf0>> at Pos <<3782.521240, 16.288837, 6541.523926>>
SCRIPT       : [JunkYardDog] -- Adding Fuel Point to <Land_Wreck_sed02_aban2_red<9ea39cf0>> at Pos <<3782.521240, 16.288837, 6541.523926>>
SCRIPT       : [JunkYardDog] -- Adding Salvage Point to <Land_Wreck_Uaz<9ea409b0>> at Pos <<1758.580078, 98.885674, 6546.113770>>
SCRIPT       : [JunkYardDog] -- Adding Fuel Point to <Land_Wreck_Uaz<9ea409b0>> at Pos <<1758.580078, 98.885674, 6546.113770>>
SCRIPT       : [JunkYardDog] -- Adding Salvage Point to <Land_Wreck_V3S<9ea43700>> at Pos <<1833.181641, 100.975677, 6551.259766>>
SCRIPT       : [JunkYardDog] -- Adding Fuel Point to <Land_Wreck_V3S<9ea43700>> at Pos <<1833.181641, 100.975677, 6551.259766>>
SCRIPT       : [JunkYardDog] -- Adding Salvage Point to <Land_Wreck_Uaz<a105d4e0>> at Pos <<1758.055176, 14.243091, 5036.176758>>
SCRIPT       : [JunkYardDog] -- Adding Fuel Point to <Land_Wreck_Uaz<a105d4e0>> at Pos <<1758.055176, 14.243091, 5036.176758>>
SCRIPT       : [JunkYardDog] -- Adding Salvage Point to <Static_Wreck_Ural<a117c0a0>> at Pos <<1848.397949, 100.660225, 6519.955078>>
SCRIPT       : [JunkYardDog] -- Adding Fuel Point to <Static_Wreck_Ural<a117c0a0>> at Pos <<1848.397949, 100.660225, 6519.955078>>
SCRIPT       : [JunkYardDog] -- Adding Salvage Point to <Static_Wreck_HMMWV<a1175f80>> at Pos <<1786.229126, 99.513550, 6483.961426>>
SCRIPT       : [JunkYardDog] -- Adding Fuel Point to <Static_Wreck_HMMWV<a1175f80>> at Pos <<1786.229126, 99.513550, 6483.961426>>
SCRIPT       : [JunkYardDog] -- Adding Salvage Point to <Land_Wreck_Volha_Blue<a105f010>> at Pos <<1791.170776, 99.296005, 6478.506836>>
SCRIPT       : [JunkYardDog] -- Adding Fuel Point to <Land_Wreck_Volha_Blue<a105f010>> at Pos <<1791.170776, 99.296005, 6478.506836>>
SCRIPT       : [JunkYardDog] -- Adding Salvage Point to <Static_Wreck_HMMWV<a117f130>> at Pos <<2646.334229, 44.847099, 5851.226563>>
SCRIPT       : [JunkYardDog] -- Adding Fuel Point to <Static_Wreck_HMMWV<a117f130>> at Pos <<2646.334229, 44.847099, 5851.226563>>
SCRIPT       : [JunkYardDog] -- Adding Salvage Point to <Land_Wreck_V3S<a10653c0>> at Pos <<1635.956421, 88.992935, 2613.975098>>
SCRIPT       : [JunkYardDog] -- Adding Fuel Point to <Land_Wreck_V3S<a10653c0>> at Pos <<1635.956421, 88.992935, 2613.975098>>
SCRIPT       : [JunkYardDog] -- Adding Salvage Point to <Static_Wreck_HMMWV<a1185000>> at Pos <<1601.119751, 96.917114, 2641.708008>>
SCRIPT       : [JunkYardDog] -- Adding Fuel Point to <Static_Wreck_HMMWV<a1185000>> at Pos <<1601.119751, 96.917114, 2641.708008>>
SCRIPT       : [JunkYardDog] -- Adding Salvage Point to <Land_Wreck_hb01_aban1_green<a1067800>> at Pos <<2654.958008, 44.713528, 5724.151367>>
SCRIPT       : [JunkYardDog] -- Adding Fuel Point to <Land_Wreck_hb01_aban1_green<a1067800>> at Pos <<2654.958008, 44.713528, 5724.151367>>
SCRIPT       : [JunkYardDog] -- Adding Salvage Point to <Land_wreck_truck01_aban2_green<a1069c40>> at Pos <<1990.463745, 54.799999, 2950.553223>>
SCRIPT       : [JunkYardDog] -- Adding Fuel Point to <Land_wreck_truck01_aban2_green<a1069c40>> at Pos <<1990.463745, 54.799999, 2950.553223>>
SCRIPT       : [JunkYardDog] -- Adding Salvage Point to <Land_Wreck_sed02_aban2_yellow<a106c080>> at Pos <<4014.172363, 16.288824, 6650.234863>>
SCRIPT       : [JunkYardDog] -- Adding Fuel Point to <Land_Wreck_sed02_aban2_yellow<a106c080>> at Pos <<4014.172363, 16.288824, 6650.234863>>
SCRIPT       : [JunkYardDog] -- Adding Salvage Point to <Static_Wreck_HMMWV<a127a6a0>> at Pos <<4002.170898, 16.537102, 6625.695801>>
SCRIPT       : [JunkYardDog] -- Adding Fuel Point to <Static_Wreck_HMMWV<a127a6a0>> at Pos <<4002.170898, 16.537102, 6625.695801>>
SCRIPT       : [JunkYardDog] -- Adding Salvage Point to <Land_Wreck_S1023_Blue<a106e4c0>> at Pos <<4059.019043, 16.629129, 6676.099121>>
SCRIPT       : [JunkYardDog] -- Adding Fuel Point to <Land_Wreck_S1023_Blue<a106e4c0>> at Pos <<4059.019043, 16.629129, 6676.099121>>
SCRIPT       : [JunkYardDog] -- Adding Salvage Point to <Land_Wreck_sed01_aban2_white<a1059e80>> at Pos <<3980.541260, 16.383289, 6653.333496>>
SCRIPT       : [JunkYardDog] -- Adding Fuel Point to <Land_Wreck_sed01_aban2_white<a1059e80>> at Pos <<3980.541260, 16.383289, 6653.333496>>
SCRIPT       : [JunkYardDog] -- Adding Salvage Point to <Land_Wreck_sed02_aban1_yellow<a1054cf0>> at Pos <<3996.452148, 16.491119, 6631.567871>>
SCRIPT       : [JunkYardDog] -- Adding Fuel Point to <Land_Wreck_sed02_aban1_yellow<a1054cf0>> at Pos <<3996.452148, 16.491119, 6631.567871>>
SCRIPT       : [JunkYardDog] -- Adding Salvage Point to <Land_wreck_truck01_aban2_green<a10308f0>> at Pos <<1983.561523, 26.352739, 5438.261719>>
SCRIPT       : [JunkYardDog] -- Adding Fuel Point to <Land_wreck_truck01_aban2_green<a10308f0>> at Pos <<1983.561523, 26.352739, 5438.261719>>
SCRIPT       : [JunkYardDog] -- Adding Salvage Point to <Land_Wreck_S1023_Beige<a1035170>> at Pos <<1448.899780, 58.967144, 5597.666016>>
SCRIPT       : [JunkYardDog] -- Adding Fuel Point to <Land_Wreck_S1023_Beige<a1035170>> at Pos <<1448.899780, 58.967144, 5597.666016>>
SCRIPT       : [JunkYardDog] -- Adding Salvage Point to <Land_wreck_truck01_aban2_blue<a10375b0>> at Pos <<1470.136475, 57.963291, 5621.325684>>
SCRIPT       : [JunkYardDog] -- Adding Fuel Point to <Land_wreck_truck01_aban2_blue<a10375b0>> at Pos <<1470.136475, 57.963291, 5621.325684>>
SCRIPT       : [JunkYardDog] -- Adding Salvage Point to <Land_wreck_truck01_aban1_green<a1033640>> at Pos <<1442.592896, 57.980042, 5628.496582>>
SCRIPT       : [JunkYardDog] -- Adding Fuel Point to <Land_wreck_truck01_aban1_green<a1033640>> at Pos <<1442.592896, 57.980042, 5628.496582>>
SCRIPT       : [JunkYardDog] -- Adding Salvage Point to <Land_Wreck_sed01_aban1_white<a1035a80>> at Pos <<2734.985352, 45.115471, 6027.040527>>
SCRIPT       : [JunkYardDog] -- Adding Fuel Point to <Land_Wreck_sed01_aban1_white<a1035a80>> at Pos <<2734.985352, 45.115471, 6027.040527>>
SCRIPT       : [JunkYardDog] -- Adding Salvage Point to <Land_Wreck_hb01_aban2_blue<a1032d30>> at Pos <<2688.465088, 44.920387, 5889.243164>>
SCRIPT       : [JunkYardDog] -- Adding Fuel Point to <Land_Wreck_hb01_aban2_blue<a1032d30>> at Pos <<2688.465088, 44.920387, 5889.243164>>
SCRIPT       : [JunkYardDog] -- Adding Salvage Point to <Land_Wreck_Volha_Grey<a103be30>> at Pos <<2688.144287, 44.685669, 5951.580566>>
SCRIPT       : [JunkYardDog] -- Adding Fuel Point to <Land_Wreck_Volha_Grey<a103be30>> at Pos <<2688.144287, 44.685669, 5951.580566>>
SCRIPT       : [JunkYardDog] -- Adding Salvage Point to <Land_Wreck_hb02_aban2_blue<a1043d10>> at Pos <<6799.667480, 19.823679, 3640.918213>>
SCRIPT       : [JunkYardDog] -- Adding Fuel Point to <Land_Wreck_hb02_aban2_blue<a1043d10>> at Pos <<6799.667480, 19.823679, 3640.918213>>
SCRIPT       : [JunkYardDog] -- Adding Salvage Point to <Land_Wreck_sed01_aban1_black<a1047370>> at Pos <<6831.467773, 19.871563, 3620.311768>>
SCRIPT       : [JunkYardDog] -- Adding Fuel Point to <Land_Wreck_sed01_aban1_black<a1047370>> at Pos <<6831.467773, 19.871563, 3620.311768>>
SCRIPT       : [JunkYardDog] -- Adding Salvage Point to <Static_Wreck_Ural<9cb372c0>> at Pos <<4448.712402, 7.521656, 7862.390625>>
SCRIPT       : [JunkYardDog] -- Adding Fuel Point to <Static_Wreck_Ural<9cb372c0>> at Pos <<4448.712402, 7.521656, 7862.390625>>
SCRIPT       : [JunkYardDog] -- Adding Salvage Point to <Land_wreck_truck01_aban2_orange<a104e030>> at Pos <<3985.808105, 15.629977, 6678.436035>>
SCRIPT       : [JunkYardDog] -- Adding Fuel Point to <Land_wreck_truck01_aban2_orange<a104e030>> at Pos <<3985.808105, 15.629977, 6678.436035>>
SCRIPT       : [JunkYardDog] -- Adding Salvage Point to <Land_Wreck_V3S<a104f250>> at Pos <<1492.977295, 59.573689, 5620.003906>>
SCRIPT       : [JunkYardDog] -- Adding Fuel Point to <Land_Wreck_V3S<a104f250>> at Pos <<1492.977295, 59.573689, 5620.003906>>
SCRIPT       : [JunkYardDog] -- Adding Salvage Point to <Land_Wreck_sed01_aban1_white<a104a9d0>> at Pos <<2665.644287, 44.691658, 5906.048828>>
SCRIPT       : [JunkYardDog] -- Adding Fuel Point to <Land_Wreck_sed01_aban1_white<a104a9d0>> at Pos <<2665.644287, 44.691658, 5906.048828>>
SCRIPT       : [JunkYardDog] -- Adding Salvage Point to <Land_Wreck_hb02_aban2_blue<a104bbf0>> at Pos <<2690.704590, 44.669094, 5964.319336>>
SCRIPT       : [JunkYardDog] -- Adding Fuel Point to <Land_Wreck_hb02_aban2_blue<a104bbf0>> at Pos <<2690.704590, 44.669094, 5964.319336>>
SCRIPT       : [JunkYardDog] -- Adding Salvage Point to <Land_Wreck_S1023_Blue<9986e720>> at Pos <<4252.409180, 19.884237, 7496.853516>>
SCRIPT       : [JunkYardDog] -- Adding Fuel Point to <Land_Wreck_S1023_Blue<9986e720>> at Pos <<4252.409180, 19.884237, 7496.853516>>
SCRIPT       : [JunkYardDog] -- Adding Salvage Point to <Land_Wreck_hb01_aban2_green<9987e4e0>> at Pos <<1756.138794, 22.669958, 7421.093750>>
SCRIPT       : [JunkYardDog] -- Adding Fuel Point to <Land_Wreck_hb01_aban2_green<9987e4e0>> at Pos <<1756.138794, 22.669958, 7421.093750>>
SCRIPT       : [JunkYardDog] -- Adding Salvage Point to <Land_Wreck_V3S<99885ab0>> at Pos <<1821.706421, 47.743942, 1805.569214>>
SCRIPT       : [JunkYardDog] -- Adding Fuel Point to <Land_Wreck_V3S<99885ab0>> at Pos <<1821.706421, 47.743942, 1805.569214>>
SCRIPT       : [JunkYardDog] -- Adding Salvage Point to <Static_Wreck_Digger<9ce7cab0>> at Pos <<1941.428833, 29.596369, 5458.365723>>
SCRIPT       : [JunkYardDog] -- Adding Fuel Point to <Static_Wreck_Digger<9ce7cab0>> at Pos <<1941.428833, 29.596369, 5458.365723>>
SCRIPT       : [JunkYardDog] -- Adding Salvage Point to <Land_wreck_truck01_aban1_green<9988ebb0>> at Pos <<2590.389893, 5.830000, 7581.336426>>
SCRIPT       : [JunkYardDog] -- Adding Fuel Point to <Land_wreck_truck01_aban1_green<9988ebb0>> at Pos <<2590.389893, 5.830000, 7581.336426>>
SCRIPT       : [JunkYardDog] -- Adding Salvage Point to <Land_Wreck_sed01_aban1_wine<99896a90>> at Pos <<4049.510986, 20.435225, 7460.453613>>
SCRIPT       : [JunkYardDog] -- Adding Fuel Point to <Land_Wreck_sed01_aban1_wine<99896a90>> at Pos <<4049.510986, 20.435225, 7460.453613>>
SCRIPT       : [JunkYardDog] -- Adding Salvage Point to <Land_Wreck_sed02_aban2_grey<99892210>> at Pos <<4279.214844, 19.587339, 7496.015625>>
SCRIPT       : [JunkYardDog] -- Adding Fuel Point to <Land_Wreck_sed02_aban2_grey<99892210>> at Pos <<4279.214844, 19.587339, 7496.015625>>
SCRIPT       : [JunkYardDog] -- Adding Salvage Point to <Land_Wreck_sed01_aban1_wine<99896180>> at Pos <<4261.516113, 19.556200, 7496.758301>>
SCRIPT       : [JunkYardDog] -- Adding Fuel Point to <Land_Wreck_sed01_aban1_wine<99896180>> at Pos <<4261.516113, 19.556200, 7496.758301>>
SCRIPT       : [JunkYardDog] -- Adding Salvage Point to <Land_Wreck_S1023_Blue<9988f4c0>> at Pos <<4270.023438, 16.830133, 7565.314941>>
SCRIPT       : [JunkYardDog] -- Adding Fuel Point to <Land_Wreck_S1023_Blue<9988f4c0>> at Pos <<4270.023438, 16.830133, 7565.314941>>
SCRIPT       : [JunkYardDog] -- Adding Salvage Point to <Land_Wreck_hb02_aban2_black<9989ce40>> at Pos <<1745.804932, 6.923633, 7615.487793>>
SCRIPT       : [JunkYardDog] -- Adding Fuel Point to <Land_Wreck_hb02_aban2_black<9989ce40>> at Pos <<1745.804932, 6.923633, 7615.487793>>
SCRIPT       : [JunkYardDog] -- Adding Salvage Point to <Static_Wreck_Ural<9f066fd0>> at Pos <<4647.874023, 16.816950, 7530.903809>>
SCRIPT       : [JunkYardDog] -- Adding Fuel Point to <Static_Wreck_Ural<9f066fd0>> at Pos <<4647.874023, 16.816950, 7530.903809>>
SCRIPT       : [JunkYardDog] -- Adding Salvage Point to <Land_Wreck_hb01_aban1_green<998a95a0>> at Pos <<836.449646, 6.321993, 3329.476807>>
SCRIPT       : [JunkYardDog] -- Adding Fuel Point to <Land_Wreck_hb01_aban1_green<998a95a0>> at Pos <<836.449646, 6.321993, 3329.476807>>
SCRIPT       : [JunkYardDog] -- Adding Salvage Point to <Land_Wreck_Uaz<998aa7c0>> at Pos <<836.511536, 6.103186, 3352.479492>>
SCRIPT       : [JunkYardDog] -- Adding Fuel Point to <Land_Wreck_Uaz<998aa7c0>> at Pos <<836.511536, 6.103186, 3352.479492>>
SCRIPT       : [JunkYardDog] -- Adding Salvage Point to <Land_Wreck_Volha_Blue<998a31f0>> at Pos <<834.689331, 5.992642, 3349.105225>>
SCRIPT       : [JunkYardDog] -- Adding Fuel Point to <Land_Wreck_Volha_Blue<998a31f0>> at Pos <<834.689331, 5.992642, 3349.105225>>
SCRIPT       : [JunkYardDog] -- Adding Salvage Point to <Land_wreck_truck01_aban1_green<998a7a70>> at Pos <<1697.824951, 18.172224, 7472.395996>>
SCRIPT       : [JunkYardDog] -- Adding Fuel Point to <Land_wreck_truck01_aban1_green<998a7a70>> at Pos <<1697.824951, 18.172224, 7472.395996>>
SCRIPT       : [JunkYardDog] -- Adding Salvage Point to <Land_Wreck_sed01_aban1_wine<998a4d20>> at Pos <<1747.576782, 6.971670, 7626.167480>>
SCRIPT       : [JunkYardDog] -- Adding Fuel Point to <Land_Wreck_sed01_aban1_wine<998a4d20>> at Pos <<1747.576782, 6.971670, 7626.167480>>
SCRIPT       : [JunkYardDog] -- Adding Salvage Point to <Land_Wreck_sed01_aban1_white<a58ff5a0>> at Pos <<2513.864258, 6.581579, 7620.981934>>
SCRIPT       : [JunkYardDog] -- Adding Fuel Point to <Land_Wreck_sed01_aban1_white<a58ff5a0>> at Pos <<2513.864258, 6.581579, 7620.981934>>
SCRIPT       : [JunkYardDog] -- Adding Salvage Point to <Land_Wreck_sed02_aban2_grey<a5906260>> at Pos <<2559.955322, 6.488884, 7647.288574>>
SCRIPT       : [JunkYardDog] -- Adding Fuel Point to <Land_Wreck_sed02_aban2_grey<a5906260>> at Pos <<2559.955322, 6.488884, 7647.288574>>
SCRIPT       : [JunkYardDog] -- Adding Salvage Point to <Land_Wreck_sed01_aban1_white<a59132d0>> at Pos <<4312.214844, 16.733042, 7548.858398>>
SCRIPT       : [JunkYardDog] -- Adding Fuel Point to <Land_Wreck_sed01_aban1_white<a59132d0>> at Pos <<4312.214844, 16.733042, 7548.858398>>
SCRIPT       : [JunkYardDog] -- Adding Salvage Point to <Land_Wreck_S1023_Beige<a59117a0>> at Pos <<4249.185547, 16.698997, 7597.793945>>
SCRIPT       : [JunkYardDog] -- Adding Fuel Point to <Land_Wreck_S1023_Beige<a59117a0>> at Pos <<4249.185547, 16.698997, 7597.793945>>
SCRIPT       : [JunkYardDog] -- Adding Salvage Point to <Land_Wreck_sed02_aban1_yellow<a5913be0>> at Pos <<4311.563965, 16.818115, 7595.442383>>
SCRIPT       : [JunkYardDog] -- Adding Fuel Point to <Land_Wreck_sed02_aban1_yellow<a5913be0>> at Pos <<4311.563965, 16.818115, 7595.442383>>
SCRIPT       : [JunkYardDog] -- Adding Salvage Point to <Land_Wreck_hb02_aban1_black<a590fc70>> at Pos <<4316.734375, 16.834013, 7602.237793>>
SCRIPT       : [JunkYardDog] -- Adding Fuel Point to <Land_Wreck_hb02_aban1_black<a590fc70>> at Pos <<4316.734375, 16.834013, 7602.237793>>
SCRIPT       : [JunkYardDog] -- Adding Salvage Point to <Land_Wreck_V3S<a5916930>> at Pos <<4266.461426, 17.303036, 7641.594238>>
SCRIPT       : [JunkYardDog] -- Adding Fuel Point to <Land_Wreck_V3S<a5916930>> at Pos <<4266.461426, 17.303036, 7641.594238>>
SCRIPT       : [JunkYardDog] -- Adding Salvage Point to <Land_Wreck_Volha_Blue<a59129c0>> at Pos <<4369.341309, 16.775286, 7573.703613>>
SCRIPT       : [JunkYardDog] -- Adding Fuel Point to <Land_Wreck_Volha_Blue<a59129c0>> at Pos <<4369.341309, 16.775286, 7573.703613>>
SCRIPT       : [JunkYardDog] -- Adding Salvage Point to <Land_Wreck_Lada_Green<a590f360>> at Pos <<4329.158203, 17.062387, 7589.322754>>
SCRIPT       : [JunkYardDog] -- Adding Fuel Point to <Land_Wreck_Lada_Green<a590f360>> at Pos <<4329.158203, 17.062387, 7589.322754>>
SCRIPT       : [JunkYardDog] -- Adding Salvage Point to <Land_Wreck_sed02_aban1_red<a5917240>> at Pos <<4330.479980, 17.007681, 7612.112793>>
SCRIPT       : [JunkYardDog] -- Adding Fuel Point to <Land_Wreck_sed02_aban1_red<a5917240>> at Pos <<4330.479980, 17.007681, 7612.112793>>
SCRIPT       : [JunkYardDog] -- Adding Salvage Point to <Land_Wreck_hb02_aban1_blue<a5917b50>> at Pos <<4357.938965, 16.869822, 7610.941406>>
SCRIPT       : [JunkYardDog] -- Adding Fuel Point to <Land_Wreck_hb02_aban1_blue<a5917b50>> at Pos <<4357.938965, 16.869822, 7610.941406>>
SCRIPT       : [JunkYardDog] -- Adding Salvage Point to <Static_Wreck_S120_Red<a5b99320>> at Pos <<4405.870605, 16.282368, 7605.106445>>
SCRIPT       : [JunkYardDog] -- Adding Fuel Point to <Static_Wreck_S120_Red<a5b99320>> at Pos <<4405.870605, 16.282368, 7605.106445>>
SCRIPT       : [JunkYardDog] -- Adding Salvage Point to <Static_Wreck_HMMWV<a5b95260>> at Pos <<6813.540527, 15.327584, 6807.437012>>
SCRIPT       : [JunkYardDog] -- Adding Fuel Point to <Static_Wreck_HMMWV<a5b95260>> at Pos <<6813.540527, 15.327584, 6807.437012>>
SCRIPT       : [JunkYardDog] -- Adding Salvage Point to <Static_Wreck_HMMWV<a5ba2280>> at Pos <<6781.927734, 15.311429, 6809.236816>>
SCRIPT       : [JunkYardDog] -- Adding Fuel Point to <Static_Wreck_HMMWV<a5ba2280>> at Pos <<6781.927734, 15.311429, 6809.236816>>
SCRIPT       : [JunkYardDog] -- Adding Salvage Point to <Land_wreck_truck01_aban2_green<a58d9670>> at Pos <<4702.073242, 15.797871, 7566.100586>>
SCRIPT       : [JunkYardDog] -- Adding Fuel Point to <Land_wreck_truck01_aban2_green<a58d9670>> at Pos <<4702.073242, 15.797871, 7566.100586>>
SCRIPT       : [JunkYardDog] -- Adding Salvage Point to <Land_Wreck_S1023_Beige<a58d9f80>> at Pos <<4194.942383, 16.742039, 7675.369629>>
SCRIPT       : [JunkYardDog] -- Adding Fuel Point to <Land_Wreck_S1023_Beige<a58d9f80>> at Pos <<4194.942383, 16.742039, 7675.369629>>
SCRIPT       : [JunkYardDog] -- Adding Salvage Point to <Static_Wreck_S120_Red<a5b32d90>> at Pos <<4244.800781, 16.282671, 7656.051758>>
SCRIPT       : [JunkYardDog] -- Adding Fuel Point to <Static_Wreck_S120_Red<a5b32d90>> at Pos <<4244.800781, 16.282671, 7656.051758>>
SCRIPT       : [JunkYardDog] -- Adding Salvage Point to <Land_Wreck_S1023_Beige<a58e7900>> at Pos <<4281.707520, 16.910204, 7658.565430>>
SCRIPT       : [JunkYardDog] -- Adding Fuel Point to <Land_Wreck_S1023_Beige<a58e7900>> at Pos <<4281.707520, 16.910204, 7658.565430>>
SCRIPT       : [JunkYardDog] -- Adding Salvage Point to <Static_Wreck_S120_Red<a5b33dc0>> at Pos <<4296.734375, 16.590328, 7661.869629>>
SCRIPT       : [JunkYardDog] -- Adding Fuel Point to <Static_Wreck_S120_Red<a5b33dc0>> at Pos <<4296.734375, 16.590328, 7661.869629>>
SCRIPT       : [JunkYardDog] -- Adding Salvage Point to <Land_Wreck_sed01_aban1_white<a58e9430>> at Pos <<4328.734863, 16.658754, 7655.370605>>
SCRIPT       : [JunkYardDog] -- Adding Fuel Point to <Land_Wreck_sed01_aban1_white<a58e9430>> at Pos <<4328.734863, 16.658754, 7655.370605>>
SCRIPT       : [JunkYardDog] -- Adding Salvage Point to <Land_Wreck_sed02_aban1_red<a58e42a0>> at Pos <<4340.870117, 16.698275, 7664.308105>>
SCRIPT       : [JunkYardDog] -- Adding Fuel Point to <Land_Wreck_sed02_aban1_red<a58e42a0>> at Pos <<4340.870117, 16.698275, 7664.308105>>
SCRIPT       : [JunkYardDog] -- Adding Salvage Point to <Land_Wreck_sed01_aban2_white<a58f0a00>> at Pos <<4331.554688, 16.930853, 7537.391602>>
SCRIPT       : [JunkYardDog] -- Adding Fuel Point to <Land_Wreck_sed01_aban2_white<a58f0a00>> at Pos <<4331.554688, 16.930853, 7537.391602>>
SCRIPT       : [JunkYardDog] -- Adding Salvage Point to <Land_Wreck_Uaz<a58f88e0>> at Pos <<6926.835449, 15.217816, 6103.554688>>
SCRIPT       : [JunkYardDog] -- Adding Fuel Point to <Land_Wreck_Uaz<a58f88e0>> at Pos <<6926.835449, 15.217816, 6103.554688>>
SCRIPT       : [JunkYardDog] -- Adding Salvage Point to <Land_Wreck_V3S<a58f1310>> at Pos <<6925.099121, 15.979323, 6088.505371>>
SCRIPT       : [JunkYardDog] -- Adding Fuel Point to <Land_Wreck_V3S<a58f1310>> at Pos <<6925.099121, 15.979323, 6088.505371>>
SCRIPT       : [JunkYardDog] -- Adding Salvage Point to <Static_Wreck_HMMWV<a5fbbb50>> at Pos <<6945.035156, 15.358287, 6668.349609>>
SCRIPT       : [JunkYardDog] -- Adding Fuel Point to <Static_Wreck_HMMWV<a5fbbb50>> at Pos <<6945.035156, 15.358287, 6668.349609>>
SCRIPT       : [JunkYardDog] -- Adding Salvage Point to <Static_Wreck_HMMWV<a5fc9ba0>> at Pos <<6832.841309, 15.317952, 6725.459961>>
SCRIPT       : [JunkYardDog] -- Adding Fuel Point to <Static_Wreck_HMMWV<a5fc9ba0>> at Pos <<6832.841309, 15.317952, 6725.459961>>
SCRIPT       : [JunkYardDog] -- Adding Salvage Point to <Static_Wreck_HMMWV<a5fc7b40>> at Pos <<6789.530762, 15.305239, 6876.283203>>
SCRIPT       : [JunkYardDog] -- Adding Fuel Point to <Static_Wreck_HMMWV<a5fc7b40>> at Pos <<6789.530762, 15.305239, 6876.283203>>
SCRIPT       : [JunkYardDog] -- Adding Salvage Point to <Static_Wreck_HMMWV<a5cb9c60>> at Pos <<6844.328125, 14.999730, 6874.948730>>
SCRIPT       : [JunkYardDog] -- Adding Fuel Point to <Static_Wreck_HMMWV<a5cb9c60>> at Pos <<6844.328125, 14.999730, 6874.948730>>
SCRIPT       : [JunkYardDog] -- Adding Salvage Point to <Static_Wreck_HMMWV<a5cbefa0>> at Pos <<6793.648438, 15.340654, 6884.704590>>
SCRIPT       : [JunkYardDog] -- Adding Fuel Point to <Static_Wreck_HMMWV<a5cbefa0>> at Pos <<6793.648438, 15.340654, 6884.704590>>
SCRIPT       : [JunkYardDog] -- Adding Salvage Point to <Static_Wreck_HMMWV<a5cc57b0>> at Pos <<6799.466797, 15.340654, 6895.937012>>
SCRIPT       : [JunkYardDog] -- Adding Fuel Point to <Static_Wreck_HMMWV<a5cc57b0>> at Pos <<6799.466797, 15.340654, 6895.937012>>
SCRIPT       : [JunkYardDog] -- Adding Salvage Point to <Static_Wreck_HMMWV<a5cc6ed0>> at Pos <<6807.358398, 15.303699, 6907.329590>>
SCRIPT       : [JunkYardDog] -- Adding Fuel Point to <Static_Wreck_HMMWV<a5cc6ed0>> at Pos <<6807.358398, 15.303699, 6907.329590>>
SCRIPT       : [JunkYardDog] -- Adding Salvage Point to <Static_Wreck_HMMWV<a5cd19f0>> at Pos <<6846.062500, 15.333985, 6814.475586>>
SCRIPT       : [JunkYardDog] -- Adding Fuel Point to <Static_Wreck_HMMWV<a5cd19f0>> at Pos <<6846.062500, 15.333985, 6814.475586>>
SCRIPT       : [JunkYardDog] -- Adding Salvage Point to <Static_Wreck_HMMWV<a5cdfc90>> at Pos <<6792.903320, 15.341508, 6778.647949>>
SCRIPT       : [JunkYardDog] -- Adding Fuel Point to <Static_Wreck_HMMWV<a5cdfc90>> at Pos <<6792.903320, 15.341508, 6778.647949>>
SCRIPT       : [JunkYardDog] -- Adding Salvage Point to <Static_Wreck_HMMWV<a5cdcc00>> at Pos <<6807.795410, 15.314057, 6772.062988>>
SCRIPT       : [JunkYardDog] -- Adding Fuel Point to <Static_Wreck_HMMWV<a5cdcc00>> at Pos <<6807.795410, 15.314057, 6772.062988>>
SCRIPT       : [JunkYardDog] -- Adding Salvage Point to <Static_Wreck_HMMWV<a5ce4d80>> at Pos <<6848.456543, 15.333985, 6804.534668>>
SCRIPT       : [JunkYardDog] -- Adding Fuel Point to <Static_Wreck_HMMWV<a5ce4d80>> at Pos <<6848.456543, 15.333985, 6804.534668>>
SCRIPT       : [JunkYardDog] -- Adding Salvage Point to <Land_Wreck_hb02_aban2_blue<a6082ca0>> at Pos <<1699.067871, 53.676994, 2941.936523>>
SCRIPT       : [JunkYardDog] -- Adding Fuel Point to <Land_Wreck_hb02_aban2_blue<a6082ca0>> at Pos <<1699.067871, 53.676994, 2941.936523>>
SCRIPT       : [JunkYardDog] -- Adding Salvage Point to <Land_Wreck_sed02_aban1_grey<a6097bf0>> at Pos <<1696.435181, 53.802372, 2945.981689>>
SCRIPT       : [JunkYardDog] -- Adding Fuel Point to <Land_Wreck_sed02_aban1_grey<a6097bf0>> at Pos <<1696.435181, 53.802372, 2945.981689>>
SCRIPT       : [JunkYardDog] -- Adding Salvage Point to <Static_Wreck_Ural<a583c020>> at Pos <<6103.947754, 9.337444, 2702.750000>>
SCRIPT       : [JunkYardDog] -- Adding Fuel Point to <Static_Wreck_Ural<a583c020>> at Pos <<6103.947754, 9.337444, 2702.750000>>
SCRIPT       : [JunkYardDog] -- Adding Salvage Point to <Land_Wreck_Uaz<a6099720>> at Pos <<6100.897461, 8.993074, 2709.615234>>
SCRIPT       : [JunkYardDog] -- Adding Fuel Point to <Land_Wreck_Uaz<a6099720>> at Pos <<6100.897461, 8.993074, 2709.615234>>
SCRIPT       : [JunkYardDog] -- Adding Salvage Point to <Land_Wreck_V3S<a6094ea0>> at Pos <<6087.577148, 9.719950, 2692.389893>>
SCRIPT       : [JunkYardDog] -- Adding Fuel Point to <Land_Wreck_V3S<a6094ea0>> at Pos <<6087.577148, 9.719950, 2692.389893>>
SCRIPT       : [JunkYardDog] -- Adding Salvage Point to <Static_Wreck_HMMWV<a5842140>> at Pos <<6141.581055, 9.056951, 2713.898438>>
SCRIPT       : [JunkYardDog] -- Adding Fuel Point to <Static_Wreck_HMMWV<a5842140>> at Pos <<6141.581055, 9.056951, 2713.898438>>
SCRIPT       : [JunkYardDog] -- Adding Salvage Point to <Land_Wreck_S1023_Blue<a609dfa0>> at Pos <<1694.870361, 53.879314, 2993.271240>>
SCRIPT       : [JunkYardDog] -- Adding Fuel Point to <Land_Wreck_S1023_Blue<a609dfa0>> at Pos <<1694.870361, 53.879314, 2993.271240>>
SCRIPT       : [JunkYardDog] -- Adding Salvage Point to <Land_Wreck_hb02_aban2_black<a60a3130>> at Pos <<1700.660400, 53.583584, 2999.756104>>
SCRIPT       : [JunkYardDog] -- Adding Fuel Point to <Land_Wreck_hb02_aban2_black<a60a3130>> at Pos <<1700.660400, 53.583584, 2999.756104>>
SCRIPT       : [JunkYardDog] -- Adding Salvage Point to <Land_wreck_truck01_aban2_orange<a60a5570>> at Pos <<3547.050537, 15.630000, 6401.000000>>
SCRIPT       : [JunkYardDog] -- Adding Fuel Point to <Land_wreck_truck01_aban2_orange<a60a5570>> at Pos <<3547.050537, 15.630000, 6401.000000>>
SCRIPT       : [JunkYardDog] -- Adding Salvage Point to <Land_Wreck_sed02_aban2_red<a60a82c0>> at Pos <<3575.307861, 16.288824, 6387.325195>>
SCRIPT       : [JunkYardDog] -- Adding Fuel Point to <Land_Wreck_sed02_aban2_red<a60a82c0>> at Pos <<3575.307861, 16.288824, 6387.325195>>
SCRIPT       : [JunkYardDog] -- Adding Salvage Point to <Land_Wreck_sed02_aban2_grey<a60ab920>> at Pos <<3562.515381, 16.288858, 6404.354980>>
SCRIPT       : [JunkYardDog] -- Adding Fuel Point to <Land_Wreck_sed02_aban2_grey<a60ab920>> at Pos <<3562.515381, 16.288858, 6404.354980>>
SCRIPT       : [JunkYardDog] -- Adding Salvage Point to <Land_Wreck_sed02_aban1_yellow<a60aa700>> at Pos <<3589.456543, 16.491119, 6377.296387>>
SCRIPT       : [JunkYardDog] -- Adding Fuel Point to <Land_Wreck_sed02_aban1_yellow<a60aa700>> at Pos <<3589.456543, 16.491119, 6377.296387>>
SCRIPT       : [JunkYardDog] -- Adding Salvage Point to <Land_Wreck_hb02_aban1_black<a60a4c60>> at Pos <<3615.948486, 16.389824, 6399.129883>>
SCRIPT       : [JunkYardDog] -- Adding Fuel Point to <Land_Wreck_hb02_aban1_black<a60a4c60>> at Pos <<3615.948486, 16.389824, 6399.129883>>
SCRIPT       : [JunkYardDog] -- Adding Salvage Point to <Land_Wreck_Uaz<a60a4350>> at Pos <<3597.224609, 16.473221, 6381.398926>>
SCRIPT       : [JunkYardDog] -- Adding Fuel Point to <Land_Wreck_Uaz<a60a4350>> at Pos <<3597.224609, 16.473221, 6381.398926>>
SCRIPT       : [JunkYardDog] -- Adding Salvage Point to <Land_Wreck_Volha_Grey<a60ac230>> at Pos <<3586.525635, 16.366943, 6388.948242>>
SCRIPT       : [JunkYardDog] -- Adding Fuel Point to <Land_Wreck_Volha_Grey<a60ac230>> at Pos <<3586.525635, 16.366943, 6388.948242>>
SCRIPT       : [JunkYardDog] -- Adding Salvage Point to <Land_Wreck_sed01_aban1_white<a60acb40>> at Pos <<3611.181641, 16.381632, 6412.383301>>
SCRIPT       : [JunkYardDog] -- Adding Fuel Point to <Land_Wreck_sed01_aban1_white<a60acb40>> at Pos <<3611.181641, 16.381632, 6412.383301>>
SCRIPT       : [JunkYardDog] -- Adding Salvage Point to <Land_Wreck_sed02_aban1_grey<a60ad450>> at Pos <<3612.797852, 16.491119, 6423.975586>>
SCRIPT       : [JunkYardDog] -- Adding Fuel Point to <Land_Wreck_sed02_aban1_grey<a60ad450>> at Pos <<3612.797852, 16.491119, 6423.975586>>
SCRIPT       : [JunkYardDog] -- Adding Salvage Point to <Land_Wreck_sed02_aban1_red<a60add60>> at Pos <<3593.943359, 16.491142, 6408.933594>>
SCRIPT       : [JunkYardDog] -- Adding Fuel Point to <Land_Wreck_sed02_aban1_red<a60add60>> at Pos <<3593.943359, 16.491142, 6408.933594>>
SCRIPT       : [JunkYardDog] -- Adding Salvage Point to <Land_Wreck_hb02_aban1_red<a60ae670>> at Pos <<3682.543945, 16.389523, 6487.016602>>
SCRIPT       : [JunkYardDog] -- Adding Fuel Point to <Land_Wreck_hb02_aban1_red<a60ae670>> at Pos <<3682.543945, 16.389523, 6487.016602>>
SCRIPT       : [JunkYardDog] -- Adding Salvage Point to <Land_Wreck_sed01_aban1_wine<a8208150>> at Pos <<3794.278320, 16.381613, 6560.918457>>
SCRIPT       : [JunkYardDog] -- Adding Fuel Point to <Land_Wreck_sed01_aban1_wine<a8208150>> at Pos <<3794.278320, 16.381613, 6560.918457>>
SCRIPT       : [JunkYardDog] -- Adding Salvage Point to <Land_wreck_truck01_aban2_orange<a8208a60>> at Pos <<3800.851074, 15.629977, 6585.667969>>
SCRIPT       : [JunkYardDog] -- Adding Fuel Point to <Land_wreck_truck01_aban2_orange<a8208a60>> at Pos <<3800.851074, 15.629977, 6585.667969>>
SCRIPT       : [JunkYardDog] -- Adding Salvage Point to <Land_wreck_truck01_aban2_orange<a820c0c0>> at Pos <<3812.601563, 15.630000, 6589.238281>>
SCRIPT       : [JunkYardDog] -- Adding Fuel Point to <Land_wreck_truck01_aban2_orange<a820c0c0>> at Pos <<3812.601563, 15.630000, 6589.238281>>
SCRIPT       : [JunkYardDog] -- Adding Salvage Point to <Land_Wreck_sed01_aban2_wine<a820ee10>> at Pos <<3842.542236, 16.383278, 6583.610840>>
SCRIPT       : [JunkYardDog] -- Adding Fuel Point to <Land_Wreck_sed01_aban2_wine<a820ee10>> at Pos <<3842.542236, 16.383278, 6583.610840>>
SCRIPT       : [JunkYardDog] -- Adding Salvage Point to <Land_Wreck_Uaz<a820f720>> at Pos <<4429.794922, 17.783285, 7258.393066>>
SCRIPT       : [JunkYardDog] -- Adding Fuel Point to <Land_Wreck_Uaz<a820f720>> at Pos <<4429.794922, 17.783285, 7258.393066>>
SCRIPT       : [JunkYardDog] -- Adding Salvage Point to <Static_Wreck_S120_Red<a63a2da0>> at Pos <<4557.335449, 16.538828, 7381.394043>>
SCRIPT       : [JunkYardDog] -- Adding Fuel Point to <Static_Wreck_S120_Red<a63a2da0>> at Pos <<4557.335449, 16.538828, 7381.394043>>
SCRIPT       : [JunkYardDog] -- Adding Salvage Point to <Land_Wreck_sed02_aban1_grey<a81e8ee0>> at Pos <<4576.221680, 16.900944, 7332.009277>>
SCRIPT       : [JunkYardDog] -- Adding Fuel Point to <Land_Wreck_sed02_aban1_grey<a81e8ee0>> at Pos <<4576.221680, 16.900944, 7332.009277>>
SCRIPT       : [JunkYardDog] -- Adding Salvage Point to <Land_wreck_truck01_aban1_green<a81f0dc0>> at Pos <<2696.036133, 5.898561, 7460.806152>>
SCRIPT       : [JunkYardDog] -- Adding Fuel Point to <Land_wreck_truck01_aban1_green<a81f0dc0>> at Pos <<2696.036133, 5.898561, 7460.806152>>
SCRIPT       : [JunkYardDog] -- Adding Salvage Point to <Static_Wreck_S120_Red<aa047d90>> at Pos <<4265.483887, 19.387880, 7486.074707>>
SCRIPT       : [JunkYardDog] -- Adding Fuel Point to <Static_Wreck_S120_Red<aa047d90>> at Pos <<4265.483887, 19.387880, 7486.074707>>
SCRIPT       : [JunkYardDog] -- Adding Salvage Point to <Land_Wreck_sed02_aban2_grey<a81f7170>> at Pos <<4261.118652, 19.474199, 7486.989746>>
SCRIPT       : [JunkYardDog] -- Adding Fuel Point to <Land_Wreck_sed02_aban2_grey<a81f7170>> at Pos <<4261.118652, 19.474199, 7486.989746>>
SCRIPT       : [JunkYardDog] -- Adding Salvage Point to <Land_Wreck_hb02_aban1_black<a81f8390>> at Pos <<4281.951660, 19.722244, 7484.952637>>
SCRIPT       : [JunkYardDog] -- Adding Fuel Point to <Land_Wreck_hb02_aban1_black<a81f8390>> at Pos <<4281.951660, 19.722244, 7484.952637>>
SCRIPT       : =============== WARNING ===============
SCRIPT       : [TerjeSkills]: You are using the trial version of the 'Terje Skills' mod.
SCRIPT       : [TerjeSkills]: To remove this message and watermark - please buy license on terjehub.com
SCRIPT       : =======================================
SCRIPT       : [JunkYardDog] -- Adding Salvage Point to <Land_Wreck_Volha_Blue<ab660f60>> at Pos <<4779.777832, 16.288183, 7515.143555>>
SCRIPT       : [JunkYardDog] -- Adding Fuel Point to <Land_Wreck_Volha_Blue<ab660f60>> at Pos <<4779.777832, 16.288183, 7515.143555>>
SCRIPT       : [JunkYardDog] -- Adding Salvage Point to <Land_Wreck_sed02_aban1_grey<ab662a90>> at Pos <<1760.719727, 22.384274, 7427.036133>>
SCRIPT       : [JunkYardDog] -- Adding Fuel Point to <Land_Wreck_sed02_aban1_grey<ab662a90>> at Pos <<1760.719727, 22.384274, 7427.036133>>
SCRIPT       : [JunkYardDog] -- Adding Salvage Point to <Land_Wreck_sed02_aban2_grey<ab66c4a0>> at Pos <<4125.932617, 18.572529, 7473.500000>>
SCRIPT       : [JunkYardDog] -- Adding Fuel Point to <Land_Wreck_sed02_aban2_grey<ab66c4a0>> at Pos <<4125.932617, 18.572529, 7473.500000>>
SCRIPT       : [JunkYardDog] -- Adding Salvage Point to <Land_Wreck_sed01_aban1_wine<ab66cdb0>> at Pos <<4102.864258, 18.968386, 7466.723145>>
SCRIPT       : [JunkYardDog] -- Adding Fuel Point to <Land_Wreck_sed01_aban1_wine<ab66cdb0>> at Pos <<4102.864258, 18.968386, 7466.723145>>
SCRIPT       : [JunkYardDog] -- Adding Salvage Point to <Static_Wreck_S120_Red<a7da8340>> at Pos <<4106.911621, 19.022961, 7493.916016>>
SCRIPT       : [JunkYardDog] -- Adding Fuel Point to <Static_Wreck_S120_Red<a7da8340>> at Pos <<4106.911621, 19.022961, 7493.916016>>
SCRIPT       : [JunkYardDog] -- Adding Salvage Point to <Land_Wreck_sed02_aban2_grey<ab6660f0>> at Pos <<4114.941895, 18.991508, 7496.361816>>
SCRIPT       : [JunkYardDog] -- Adding Fuel Point to <Land_Wreck_sed02_aban2_grey<ab6660f0>> at Pos <<4114.941895, 18.991508, 7496.361816>>
SCRIPT       : [JunkYardDog] -- Adding Salvage Point to <Static_Wreck_S120_Red<a7dac400>> at Pos <<4103.729492, 20.205074, 7544.099609>>
SCRIPT       : [JunkYardDog] -- Adding Fuel Point to <Static_Wreck_S120_Red<a7dac400>> at Pos <<4103.729492, 20.205074, 7544.099609>>
SCRIPT       : [JunkYardDog] -- Adding Salvage Point to <Static_Wreck_S120_Red<a7dbe760>> at Pos <<4690.976074, 16.399143, 7613.687012>>
SCRIPT       : [JunkYardDog] -- Adding Fuel Point to <Static_Wreck_S120_Red<a7dbe760>> at Pos <<4690.976074, 16.399143, 7613.687012>>
SCRIPT       : [JunkYardDog] -- Adding Salvage Point to <Land_Wreck_Volha_Blue<ab673a70>> at Pos <<4741.960938, 16.279078, 7598.715332>>
SCRIPT       : [JunkYardDog] -- Adding Fuel Point to <Land_Wreck_Volha_Blue<ab673a70>> at Pos <<4741.960938, 16.279078, 7598.715332>>
SCRIPT       : [JunkYardDog] -- Adding Salvage Point to <Land_Wreck_Uaz<ab6782f0>> at Pos <<4444.038574, 16.710466, 7654.342285>>
SCRIPT       : [JunkYardDog] -- Adding Fuel Point to <Land_Wreck_Uaz<ab6782f0>> at Pos <<4444.038574, 16.710466, 7654.342285>>
SCRIPT       : [JunkYardDog] -- Adding Salvage Point to <Land_Wreck_sed02_aban1_yellow<ab67c260>> at Pos <<4452.959961, 16.561337, 7615.726074>>
SCRIPT       : [JunkYardDog] -- Adding Fuel Point to <Land_Wreck_sed02_aban1_yellow<ab67c260>> at Pos <<4452.959961, 16.561337, 7615.726074>>
SCRIPT       : [JunkYardDog] -- Adding Salvage Point to <Land_Wreck_S1023_Blue<ab6779e0>> at Pos <<4462.250488, 16.698263, 7625.384277>>
SCRIPT       : [JunkYardDog] -- Adding Fuel Point to <Land_Wreck_S1023_Blue<ab6779e0>> at Pos <<4462.250488, 16.698263, 7625.384277>>
SCRIPT       : [JunkYardDog] -- Adding Salvage Point to <Land_Wreck_Lada_Green<abf93650>> at Pos <<4550.620117, 16.493559, 7609.004883>>
SCRIPT       : [JunkYardDog] -- Adding Fuel Point to <Land_Wreck_Lada_Green<abf93650>> at Pos <<4550.620117, 16.493559, 7609.004883>>
SCRIPT       : [JunkYardDog] -- Adding Salvage Point to <Land_Wreck_sed01_aban2_wine<abf9be40>> at Pos <<2613.298340, 45.163254, 6050.470215>>
SCRIPT       : [JunkYardDog] -- Adding Fuel Point to <Land_Wreck_sed01_aban2_wine<abf9be40>> at Pos <<2613.298340, 45.163254, 6050.470215>>
SCRIPT       : [JunkYardDog] -- Adding Salvage Point to <Land_wreck_truck01_aban2_orange<abf9d970>> at Pos <<2721.763672, 44.409977, 6055.256836>>
SCRIPT       : [JunkYardDog] -- Adding Fuel Point to <Land_wreck_truck01_aban2_orange<abf9d970>> at Pos <<2721.763672, 44.409977, 6055.256836>>
SCRIPT       : [JunkYardDog] -- Adding Salvage Point to <Land_Wreck_S1023_Beige<abfa3410>> at Pos <<4342.959473, 16.699135, 7686.888184>>
SCRIPT       : [JunkYardDog] -- Adding Fuel Point to <Land_Wreck_S1023_Beige<abfa3410>> at Pos <<4342.959473, 16.699135, 7686.888184>>
SCRIPT       : [JunkYardDog] -- Adding Salvage Point to <Land_Wreck_S1023_Beige<abfab2f0>> at Pos <<2064.394775, 8.680546, 7629.056641>>
SCRIPT       : [JunkYardDog] -- Adding Fuel Point to <Land_Wreck_S1023_Beige<abfab2f0>> at Pos <<2064.394775, 8.680546, 7629.056641>>
SCRIPT       : [JunkYardDog] -- Adding Salvage Point to <Land_Wreck_S1023_Blue<abfa97c0>> at Pos <<2074.694092, 6.002433, 7648.229492>>
SCRIPT       : [JunkYardDog] -- Adding Fuel Point to <Land_Wreck_S1023_Blue<abfa97c0>> at Pos <<2074.694092, 6.002433, 7648.229492>>
SCRIPT       : [JunkYardDog] -- Adding Salvage Point to <Land_Wreck_sed01_aban1_white<abfaa0d0>> at Pos <<2088.673096, 8.849838, 7596.889648>>
SCRIPT       : [JunkYardDog] -- Adding Fuel Point to <Land_Wreck_sed01_aban1_white<abfaa0d0>> at Pos <<2088.673096, 8.849838, 7596.889648>>
SCRIPT       : [JunkYardDog] -- Adding Salvage Point to <Land_Wreck_hb01_aban2_blue<abfae040>> at Pos <<2111.516602, 6.235377, 7655.572266>>
SCRIPT       : [JunkYardDog] -- Adding Fuel Point to <Land_Wreck_hb01_aban2_blue<abfae040>> at Pos <<2111.516602, 6.235377, 7655.572266>>
SCRIPT       : [JunkYardDog] -- Adding Salvage Point to <Land_wreck_truck01_aban1_blue<abfb28c0>> at Pos <<2137.247559, 5.739831, 7613.777832>>
SCRIPT       : [JunkYardDog] -- Adding Fuel Point to <Land_wreck_truck01_aban1_blue<abfb28c0>> at Pos <<2137.247559, 5.739831, 7613.777832>>
SCRIPT       : [JunkYardDog] -- Adding Salvage Point to <Land_Wreck_Volha_Grey<abfb0d90>> at Pos <<2633.820801, 44.808640, 5948.888672>>
SCRIPT       : [JunkYardDog] -- Adding Fuel Point to <Land_Wreck_Volha_Grey<abfb0d90>> at Pos <<2633.820801, 44.808640, 5948.888672>>
SCRIPT       : [JunkYardDog] -- Adding Salvage Point to <Land_Wreck_hb01_aban2_green<abfc0240>> at Pos <<4149.727539, 16.452835, 7648.530762>>
SCRIPT       : [JunkYardDog] -- Adding Fuel Point to <Land_Wreck_hb01_aban2_green<abfc0240>> at Pos <<4149.727539, 16.452835, 7648.530762>>
SCRIPT       : [JunkYardDog] -- Adding Salvage Point to <Static_Wreck_HMMWV<a9fad2d0>> at Pos <<4167.168457, 17.568390, 7584.996582>>
SCRIPT       : [JunkYardDog] -- Adding Fuel Point to <Static_Wreck_HMMWV<a9fad2d0>> at Pos <<4167.168457, 17.568390, 7584.996582>>
SCRIPT       : [JunkYardDog] -- Adding Salvage Point to <Land_Wreck_Lada_Green<abfbde00>> at Pos <<4188.168457, 17.092762, 7616.029297>>
SCRIPT       : [JunkYardDog] -- Adding Fuel Point to <Land_Wreck_Lada_Green<abfbde00>> at Pos <<4188.168457, 17.092762, 7616.029297>>
SCRIPT       : [JunkYardDog] -- Adding Salvage Point to <Land_wreck_truck01_aban1_orange<abfb9580>> at Pos <<4188.354980, 15.747185, 7659.596680>>
SCRIPT       : [JunkYardDog] -- Adding Fuel Point to <Land_wreck_truck01_aban1_orange<abfb9580>> at Pos <<4188.354980, 15.747185, 7659.596680>>
SCRIPT       : [JunkYardDog] -- Adding Salvage Point to <Land_Wreck_sed01_aban2_white<abfbc2d0>> at Pos <<4172.202148, 16.513315, 7667.091797>>
SCRIPT       : [JunkYardDog] -- Adding Fuel Point to <Land_Wreck_sed01_aban2_white<abfbc2d0>> at Pos <<4172.202148, 16.513315, 7667.091797>>
SCRIPT       : [JunkYardDog] -- Adding Salvage Point to <Land_Wreck_V3S<abfc41b0>> at Pos <<4423.986328, 17.302931, 7758.807129>>
SCRIPT       : [JunkYardDog] -- Adding Fuel Point to <Land_Wreck_V3S<abfc41b0>> at Pos <<4423.986328, 17.302931, 7758.807129>>
SCRIPT       : [JunkYardDog] -- Adding Salvage Point to <Static_Wreck_S120_Red<a88519e0>> at Pos <<4465.411133, 16.330950, 7760.582520>>
SCRIPT       : [JunkYardDog] -- Adding Fuel Point to <Static_Wreck_S120_Red<a88519e0>> at Pos <<4465.411133, 16.330950, 7760.582520>>
SCRIPT       : [JunkYardDog] -- Adding Salvage Point to <Land_wreck_truck01_aban2_green<abfc9340>> at Pos <<4481.223145, 15.762251, 7755.002441>>
SCRIPT       : [JunkYardDog] -- Adding Fuel Point to <Land_wreck_truck01_aban2_green<abfc9340>> at Pos <<4481.223145, 15.762251, 7755.002441>>
SCRIPT       : [JunkYardDog] -- Adding Salvage Point to <Static_Wreck_Ural<a885ade0>> at Pos <<4490.464355, 16.544737, 7790.481934>>
SCRIPT       : [JunkYardDog] -- Adding Fuel Point to <Static_Wreck_Ural<a885ade0>> at Pos <<4490.464355, 16.544737, 7790.481934>>
SCRIPT       : [JunkYardDog] -- Adding Salvage Point to <Land_wreck_truck01_aban2_green<abf40ce0>> at Pos <<4515.155762, 15.412223, 7769.619629>>
SCRIPT       : [JunkYardDog] -- Adding Fuel Point to <Land_wreck_truck01_aban2_green<abf40ce0>> at Pos <<4515.155762, 15.412223, 7769.619629>>
SCRIPT       : [JunkYardDog] -- Adding Salvage Point to <Land_Wreck_sed02_aban2_grey<abf3bb50>> at Pos <<4562.819824, 16.042282, 7738.955566>>
SCRIPT       : [JunkYardDog] -- Adding Fuel Point to <Land_Wreck_sed02_aban2_grey<abf3bb50>> at Pos <<4562.819824, 16.042282, 7738.955566>>
SCRIPT       : [JunkYardDog] -- Adding Salvage Point to <Static_Wreck_Ural<a886a550>> at Pos <<4544.437500, 16.887514, 7736.627930>>
SCRIPT       : [JunkYardDog] -- Adding Fuel Point to <Static_Wreck_Ural<a886a550>> at Pos <<4544.437500, 16.887514, 7736.627930>>
SCRIPT       : [JunkYardDog] -- Adding Salvage Point to <Land_Wreck_S1023_Beige<abf4a6f0>> at Pos <<4083.731934, 6.320822, 7799.924316>>
SCRIPT       : [JunkYardDog] -- Adding Fuel Point to <Land_Wreck_S1023_Beige<abf4a6f0>> at Pos <<4083.731934, 6.320822, 7799.924316>>
SCRIPT       : [JunkYardDog] -- Adding Salvage Point to <Static_Wreck_Ural<acfeebc0>> at Pos <<4075.178223, 6.413279, 7835.257813>>
SCRIPT       : [JunkYardDog] -- Adding Fuel Point to <Static_Wreck_Ural<acfeebc0>> at Pos <<4075.178223, 6.413279, 7835.257813>>
SCRIPT       : [JunkYardDog] -- Adding Salvage Point to <Land_Wreck_sed01_aban2_wine<abf4ef70>> at Pos <<4105.606934, 5.813293, 7823.814453>>
SCRIPT       : [JunkYardDog] -- Adding Fuel Point to <Land_Wreck_sed01_aban2_wine<abf4ef70>> at Pos <<4105.606934, 5.813293, 7823.814453>>
SCRIPT       : [JunkYardDog] -- Adding Salvage Point to <Land_Wreck_sed02_aban1_red<abf4dd50>> at Pos <<4122.947754, 5.571251, 7825.764160>>
SCRIPT       : [JunkYardDog] -- Adding Fuel Point to <Land_Wreck_sed02_aban1_red<abf4dd50>> at Pos <<4122.947754, 5.571251, 7825.764160>>
SCRIPT       : [JunkYardDog] -- Adding Salvage Point to <Land_Wreck_sed02_aban1_red<abf54a10>> at Pos <<4137.145508, 5.555468, 7826.740723>>
SCRIPT       : [JunkYardDog] -- Adding Fuel Point to <Land_Wreck_sed02_aban1_red<abf54a10>> at Pos <<4137.145508, 5.555468, 7826.740723>>
SCRIPT       : [JunkYardDog] -- Adding Salvage Point to <Static_Wreck_Ural<acff3f00>> at Pos <<4168.310547, 5.917594, 7830.168945>>
SCRIPT       : [JunkYardDog] -- Adding Fuel Point to <Static_Wreck_Ural<acff3f00>> at Pos <<4168.310547, 5.917594, 7830.168945>>
SCRIPT       : [JunkYardDog] -- Adding Salvage Point to <Land_Wreck_hb02_aban1_black<abf58980>> at Pos <<4197.631348, 5.540404, 7792.269531>>
SCRIPT       : [JunkYardDog] -- Adding Fuel Point to <Land_Wreck_hb02_aban1_black<abf58980>> at Pos <<4197.631348, 5.540404, 7792.269531>>
SCRIPT       : [JunkYardDog] -- Adding Salvage Point to <Land_wreck_truck01_aban1_green<abf59290>> at Pos <<4214.380859, 4.810999, 7831.188477>>
SCRIPT       : [JunkYardDog] -- Adding Fuel Point to <Land_wreck_truck01_aban1_green<abf59290>> at Pos <<4214.380859, 4.810999, 7831.188477>>
SCRIPT       : [JunkYardDog] -- Adding Salvage Point to <Land_Wreck_Tractor<abf5b6d0>> at Pos <<4225.777832, 5.837431, 7788.625488>>
SCRIPT       : [JunkYardDog] -- Adding Fuel Point to <Land_Wreck_Tractor<abf5b6d0>> at Pos <<4225.777832, 5.837431, 7788.625488>>
SCRIPT       : [JunkYardDog] -- Adding Salvage Point to <Land_wreck_truck01_aban1_green<abf5bfe0>> at Pos <<4245.431641, 4.730000, 7863.156250>>
SCRIPT       : [JunkYardDog] -- Adding Fuel Point to <Land_wreck_truck01_aban1_green<abf5bfe0>> at Pos <<4245.431641, 4.730000, 7863.156250>>
SCRIPT       : [JunkYardDog] -- Adding Salvage Point to <Land_wreck_truck01_aban1_green<abf5ed30>> at Pos <<4181.087891, 4.862995, 7875.597168>>
SCRIPT       : [JunkYardDog] -- Adding Fuel Point to <Land_wreck_truck01_aban1_green<abf5ed30>> at Pos <<4181.087891, 4.862995, 7875.597168>>
SCRIPT       : [JunkYardDog] -- Adding Salvage Point to <Land_Wreck_hb01_aban2_green<abf67e30>> at Pos <<4307.068848, 5.754632, 7881.595215>>
SCRIPT       : [JunkYardDog] -- Adding Fuel Point to <Land_Wreck_hb01_aban2_green<abf67e30>> at Pos <<4307.068848, 5.754632, 7881.595215>>
SCRIPT       : [JunkYardDog] -- Adding Salvage Point to <Land_Wreck_Volha_Blue<abf73c80>> at Pos <<4495.360840, 6.375356, 7874.011719>>
SCRIPT       : [JunkYardDog] -- Adding Fuel Point to <Land_Wreck_Volha_Blue<abf73c80>> at Pos <<4495.360840, 6.375356, 7874.011719>>
SCRIPT       : [JunkYardDog] -- Adding Salvage Point to <Land_Wreck_Volha_Grey<abf78500>> at Pos <<4532.113281, 5.781962, 7885.653320>>
SCRIPT       : [JunkYardDog] -- Adding Fuel Point to <Land_Wreck_Volha_Grey<abf78500>> at Pos <<4532.113281, 5.781962, 7885.653320>>
SCRIPT       : [JunkYardDog] -- Adding Salvage Point to <Static_Wreck_Ural<ace7fab0>> at Pos <<4626.589355, 6.523552, 7889.500000>>
SCRIPT       : [JunkYardDog] -- Adding Fuel Point to <Static_Wreck_Ural<ace7fab0>> at Pos <<4626.589355, 6.523552, 7889.500000>>
SCRIPT       : [JunkYardDog] -- Adding Salvage Point to <Static_Wreck_Ural<ace87e80>> at Pos <<4664.966797, 6.799992, 7887.483398>>
SCRIPT       : [JunkYardDog] -- Adding Fuel Point to <Static_Wreck_Ural<ace87e80>> at Pos <<4664.966797, 6.799992, 7887.483398>>
SCRIPT       : [JunkYardDog] -- Adding Salvage Point to <Land_wreck_truck01_aban2_blue<abe6c5f0>> at Pos <<6479.484375, 16.100647, 6968.836914>>
SCRIPT       : [JunkYardDog] -- Adding Fuel Point to <Land_wreck_truck01_aban2_blue<abe6c5f0>> at Pos <<6479.484375, 16.100647, 6968.836914>>
SCRIPT       : [JunkYardDog] -- Adding Salvage Point to <Land_Wreck_hb02_aban2_black<abe39650>> at Pos <<6546.389648, 51.423729, 4026.670654>>
SCRIPT       : [JunkYardDog] -- Adding Fuel Point to <Land_Wreck_hb02_aban2_black<abe39650>> at Pos <<6546.389648, 51.423729, 4026.670654>>
SCRIPT       : [JunkYardDog] -- Adding Salvage Point to <Land_Wreck_hb02_aban2_blue<abe332a0>> at Pos <<6560.907715, 51.423717, 4013.175293>>
SCRIPT       : [JunkYardDog] -- Adding Fuel Point to <Land_Wreck_hb02_aban2_blue<abe332a0>> at Pos <<6560.907715, 51.423717, 4013.175293>>
SCRIPT       : [JunkYardDog] -- Adding Salvage Point to <Land_Wreck_sed01_aban2_black<abe3d5c0>> at Pos <<6524.056641, 51.473320, 4035.385254>>
SCRIPT       : [JunkYardDog] -- Adding Fuel Point to <Land_Wreck_sed01_aban2_black<abe3d5c0>> at Pos <<6524.056641, 51.473320, 4035.385254>>
SCRIPT       : [JunkYardDog] -- Adding Salvage Point to <Land_Wreck_Lada_Red<abe3ccb0>> at Pos <<6577.690430, 51.381500, 3978.039551>>
SCRIPT       : [JunkYardDog] -- Adding Fuel Point to <Land_Wreck_Lada_Red<abe3ccb0>> at Pos <<6577.690430, 51.381500, 3978.039551>>
SCRIPT       : [JunkYardDog] -- Adding Salvage Point to <Land_Wreck_Volha_Blue<abe3b180>> at Pos <<6573.021973, 51.456989, 3995.804688>>
SCRIPT       : [JunkYardDog] -- Adding Fuel Point to <Land_Wreck_Volha_Blue<abe3b180>> at Pos <<6573.021973, 51.456989, 3995.804688>>
SCRIPT       : [JunkYardDog] -- Adding Salvage Point to <Land_wreck_truck01_aban1_green<abe3e7e0>> at Pos <<4073.733398, 8.597504, 4902.517578>>
SCRIPT       : [JunkYardDog] -- Adding Fuel Point to <Land_wreck_truck01_aban1_green<abe3e7e0>> at Pos <<4073.733398, 8.597504, 4902.517578>>
SCRIPT       : [JunkYardDog] -- Adding Salvage Point to <Land_Wreck_S1023_Blue<abe40c20>> at Pos <<2361.775879, 46.468311, 5898.191895>>
SCRIPT       : [JunkYardDog] -- Adding Fuel Point to <Land_Wreck_S1023_Blue<abe40c20>> at Pos <<2361.775879, 46.468311, 5898.191895>>
SCRIPT       : [JunkYardDog] -- Adding Salvage Point to <Land_wreck_truck01_aban1_green<abe48b00>> at Pos <<2371.404541, 45.519413, 5910.767578>>
SCRIPT       : [JunkYardDog] -- Adding Fuel Point to <Land_wreck_truck01_aban1_green<abe48b00>> at Pos <<2371.404541, 45.519413, 5910.767578>>
SCRIPT       : [JunkYardDog] -- Adding Salvage Point to <Land_Wreck_sed01_aban2_wine<abe46fd0>> at Pos <<2340.668945, 47.257721, 5931.052734>>
SCRIPT       : [JunkYardDog] -- Adding Fuel Point to <Land_Wreck_sed01_aban2_wine<abe46fd0>> at Pos <<2340.668945, 47.257721, 5931.052734>>
SCRIPT       : [JunkYardDog] -- Adding Salvage Point to <Land_wreck_truck01_aban2_green<abe478e0>> at Pos <<2371.593262, 45.741558, 5920.311523>>
SCRIPT       : [JunkYardDog] -- Adding Fuel Point to <Land_wreck_truck01_aban2_green<abe478e0>> at Pos <<2371.593262, 45.741558, 5920.311523>>
SCRIPT       : [JunkYardDog] -- Adding Salvage Point to <Land_Wreck_hb01_aban2_white<abe481f0>> at Pos <<3648.648193, 16.560963, 6455.085938>>
SCRIPT       : [JunkYardDog] -- Adding Fuel Point to <Land_Wreck_hb01_aban2_white<abe481f0>> at Pos <<3648.648193, 16.560963, 6455.085938>>
SCRIPT       : [JunkYardDog] -- Adding Salvage Point to <Land_Wreck_hb02_aban1_black<abe454a0>> at Pos <<3951.938965, 16.389818, 6636.563965>>
SCRIPT       : [JunkYardDog] -- Adding Fuel Point to <Land_Wreck_hb02_aban1_black<abe454a0>> at Pos <<3951.938965, 16.389818, 6636.563965>>
SCRIPT       : [JunkYardDog] -- Adding Salvage Point to <Land_Wreck_sed02_aban2_grey<abe53730>> at Pos <<2297.995850, 50.717636, 6004.551758>>
SCRIPT       : [JunkYardDog] -- Adding Fuel Point to <Land_Wreck_sed02_aban2_grey<abe53730>> at Pos <<2297.995850, 50.717636, 6004.551758>>
SCRIPT       : [JunkYardDog] -- Adding Salvage Point to <Land_wreck_truck01_aban1_green<a98376b0>> at Pos <<1216.473511, 26.249359, 3042.851318>>
SCRIPT       : [JunkYardDog] -- Adding Fuel Point to <Land_wreck_truck01_aban1_green<a98376b0>> at Pos <<1216.473511, 26.249359, 3042.851318>>
SCRIPT       : [JunkYardDog] -- Adding Salvage Point to <Land_Wreck_hb02_aban1_blue<a98300e0>> at Pos <<823.701599, 6.019824, 3368.801758>>
SCRIPT       : [JunkYardDog] -- Adding Fuel Point to <Land_Wreck_hb02_aban1_blue<a98300e0>> at Pos <<823.701599, 6.019824, 3368.801758>>
SCRIPT       : [JunkYardDog] -- Adding Salvage Point to <Land_Wreck_Volha_Blue<a9837fc0>> at Pos <<826.823242, 5.996944, 3366.731689>>
SCRIPT       : [JunkYardDog] -- Adding Fuel Point to <Land_Wreck_Volha_Blue<a9837fc0>> at Pos <<826.823242, 5.996944, 3366.731689>>
SCRIPT       : [JunkYardDog] -- Adding Salvage Point to <Static_Wreck_HMMWV<a98c4130>> at Pos <<819.898193, 6.167102, 3371.114990>>
SCRIPT       : [JunkYardDog] -- Adding Fuel Point to <Static_Wreck_HMMWV<a98c4130>> at Pos <<819.898193, 6.167102, 3371.114990>>
SCRIPT       : [JunkYardDog] -- Adding Salvage Point to <Land_wreck_truck01_aban1_green<a9839af0>> at Pos <<929.585327, 5.259833, 3145.406250>>
SCRIPT       : [JunkYardDog] -- Adding Fuel Point to <Land_wreck_truck01_aban1_green<a9839af0>> at Pos <<929.585327, 5.259833, 3145.406250>>
SCRIPT       : [JunkYardDog] -- Adding Salvage Point to <Land_Wreck_Volha_Blue<a98391e0>> at Pos <<939.643738, 6.002090, 3140.184570>>
SCRIPT       : [JunkYardDog] -- Adding Fuel Point to <Land_Wreck_Volha_Blue<a98391e0>> at Pos <<939.643738, 6.002090, 3140.184570>>
SCRIPT       : [JunkYardDog] -- Adding Salvage Point to <Land_wreck_truck01_aban1_green<a983ec80>> at Pos <<2836.274658, 53.409863, 3192.698975>>
SCRIPT       : [JunkYardDog] -- Adding Fuel Point to <Land_wreck_truck01_aban1_green<a983ec80>> at Pos <<2836.274658, 53.409863, 3192.698975>>
SCRIPT       : [JunkYardDog] -- Adding Salvage Point to <Static_Wreck_Ural<afb02e30>> at Pos <<2828.564941, 54.597740, 3187.944336>>
SCRIPT       : [JunkYardDog] -- Adding Fuel Point to <Static_Wreck_Ural<afb02e30>> at Pos <<2828.564941, 54.597740, 3187.944336>>
SCRIPT       : [JunkYardDog] -- Adding Salvage Point to <Land_Wreck_hb01_aban1_blue<a98422e0>> at Pos <<2848.527100, 54.472118, 3172.972656>>
SCRIPT       : [JunkYardDog] -- Adding Fuel Point to <Land_Wreck_hb01_aban1_blue<a98422e0>> at Pos <<2848.527100, 54.472118, 3172.972656>>
SCRIPT       : [JunkYardDog] -- Adding Salvage Point to <Land_wreck_truck01_aban2_blue<a98407b0>> at Pos <<2871.169922, 53.409870, 3195.783203>>
SCRIPT       : [JunkYardDog] -- Adding Fuel Point to <Land_wreck_truck01_aban2_blue<a98407b0>> at Pos <<2871.169922, 53.409870, 3195.783203>>
SCRIPT       : [JunkYardDog] -- Adding Salvage Point to <Land_Wreck_hb02_aban2_red<a983e370>> at Pos <<2876.854736, 54.113640, 3198.492432>>
SCRIPT       : [JunkYardDog] -- Adding Fuel Point to <Land_Wreck_hb02_aban2_red<a983e370>> at Pos <<2876.854736, 54.113640, 3198.492432>>
SCRIPT       : [JunkYardDog] -- Adding Salvage Point to <Static_Wreck_Ural<afb050e0>> at Pos <<2854.586914, 54.597744, 3181.083252>>
SCRIPT       : [JunkYardDog] -- Adding Fuel Point to <Static_Wreck_Ural<afb050e0>> at Pos <<2854.586914, 54.597744, 3181.083252>>
SCRIPT       : [JunkYardDog] -- Adding Salvage Point to <Land_Wreck_V3S<a983d150>> at Pos <<2861.681885, 55.012928, 3185.466064>>
SCRIPT       : [JunkYardDog] -- Adding Fuel Point to <Land_Wreck_V3S<a983d150>> at Pos <<2861.681885, 55.012928, 3185.466064>>
SCRIPT       : [JunkYardDog] -- Adding Salvage Point to <Static_Wreck_S120_Red<afb36570>> at Pos <<2480.251221, 44.981758, 5971.978516>>
SCRIPT       : [JunkYardDog] -- Adding Fuel Point to <Static_Wreck_S120_Red<afb36570>> at Pos <<2480.251221, 44.981758, 5971.978516>>
SCRIPT       : [JunkYardDog] -- Adding Salvage Point to <Land_Wreck_S1023_Beige<a9848fa0>> at Pos <<2475.450439, 45.403919, 5961.251953>>
SCRIPT       : [JunkYardDog] -- Adding Fuel Point to <Land_Wreck_S1023_Beige<a9848fa0>> at Pos <<2475.450439, 45.403919, 5961.251953>>
SCRIPT       : [JunkYardDog] -- Adding Salvage Point to <Static_Wreck_Ural<afb367c0>> at Pos <<2487.569580, 45.462475, 5952.331055>>
SCRIPT       : [JunkYardDog] -- Adding Fuel Point to <Static_Wreck_Ural<afb367c0>> at Pos <<2487.569580, 45.462475, 5952.331055>>
SCRIPT       : [JunkYardDog] -- Adding Salvage Point to <Land_wreck_truck01_aban1_green<a9853bd0>> at Pos <<2329.816895, 48.653950, 6005.964844>>
SCRIPT       : [JunkYardDog] -- Adding Fuel Point to <Land_wreck_truck01_aban1_green<a9853bd0>> at Pos <<2329.816895, 48.653950, 6005.964844>>
SCRIPT       : [JunkYardDog] -- Adding Salvage Point to <Static_Wreck_Ural<ab7222c0>> at Pos <<6866.598145, 20.307514, 3730.391846>>
SCRIPT       : [JunkYardDog] -- Adding Fuel Point to <Static_Wreck_Ural<ab7222c0>> at Pos <<6866.598145, 20.307514, 3730.391846>>
SCRIPT       : [JunkYardDog] -- Adding Salvage Point to <Land_Wreck_Uaz<a985f110>> at Pos <<6874.938965, 19.963161, 3725.262695>>
SCRIPT       : [JunkYardDog] -- Adding Fuel Point to <Land_Wreck_Uaz<a985f110>> at Pos <<6874.938965, 19.963161, 3725.262695>>
SCRIPT       : [JunkYardDog] -- Adding Salvage Point to <Land_Wreck_Volha_Blue<a986c180>> at Pos <<6856.781738, 19.852640, 3738.481934>>
SCRIPT       : [JunkYardDog] -- Adding Fuel Point to <Land_Wreck_Volha_Blue<a986c180>> at Pos <<6856.781738, 19.852640, 3738.481934>>
SCRIPT       : [JunkYardDog] -- Adding Salvage Point to <Land_Wreck_hb02_aban2_blue<a9866ff0>> at Pos <<6819.977051, 19.823761, 3750.709717>>
SCRIPT       : [JunkYardDog] -- Adding Fuel Point to <Land_Wreck_hb02_aban2_blue<a9866ff0>> at Pos <<6819.977051, 19.823761, 3750.709717>>
SCRIPT       : [JunkYardDog] -- Adding Salvage Point to <Land_Wreck_Volha_Blue<a9867900>> at Pos <<6847.617188, 19.856943, 3745.258301>>
SCRIPT       : [JunkYardDog] -- Adding Fuel Point to <Land_Wreck_Volha_Blue<a9867900>> at Pos <<6847.617188, 19.856943, 3745.258301>>
SCRIPT       : [JunkYardDog] -- Adding Salvage Point to <Static_Wreck_HMMWV<ab85a160>> at Pos <<6886.468750, 15.342878, 7185.449219>>
SCRIPT       : [JunkYardDog] -- Adding Fuel Point to <Static_Wreck_HMMWV<ab85a160>> at Pos <<6886.468750, 15.342878, 7185.449219>>
SCRIPT       : [JunkYardDog] -- Adding Salvage Point to <Static_Wreck_HMMWV<ab857a10>> at Pos <<6905.943848, 15.325775, 7188.232910>>
SCRIPT       : [JunkYardDog] -- Adding Fuel Point to <Static_Wreck_HMMWV<ab857a10>> at Pos <<6905.943848, 15.325775, 7188.232910>>
SCRIPT       : [JunkYardDog] -- Adding Salvage Point to <Static_Wreck_HMMWV<ab85dd80>> at Pos <<6892.719238, 15.342880, 7189.785156>>
SCRIPT       : [JunkYardDog] -- Adding Fuel Point to <Static_Wreck_HMMWV<ab85dd80>> at Pos <<6892.719238, 15.342880, 7189.785156>>
SCRIPT       : [JunkYardDog] -- Adding Salvage Point to <Static_Wreck_HMMWV<ab85d8e0>> at Pos <<6911.055664, 15.317932, 7181.451172>>
SCRIPT       : [JunkYardDog] -- Adding Fuel Point to <Static_Wreck_HMMWV<ab85d8e0>> at Pos <<6911.055664, 15.317932, 7181.451172>>
SCRIPT       : [JunkYardDog] -- Adding Salvage Point to <Land_wreck_truck01_aban1_green<a986ca90>> at Pos <<2473.198730, 44.454849, 5992.245605>>
SCRIPT       : [JunkYardDog] -- Adding Fuel Point to <Land_wreck_truck01_aban1_green<a986ca90>> at Pos <<2473.198730, 44.454849, 5992.245605>>
SCRIPT       : [JunkYardDog] -- Adding Salvage Point to <Land_wreck_truck01_aban1_green<a986dcb0>> at Pos <<4113.199707, 6.187442, 5032.830566>>
SCRIPT       : [JunkYardDog] -- Adding Fuel Point to <Land_wreck_truck01_aban1_green<a986dcb0>> at Pos <<4113.199707, 6.187442, 5032.830566>>
SCRIPT       : [JunkYardDog] -- Adding Salvage Point to <Land_Wreck_hb01_aban2_blue<a87439c0>> at Pos <<2180.936523, 53.552666, 3931.192139>>
SCRIPT       : [JunkYardDog] -- Adding Fuel Point to <Land_Wreck_hb01_aban2_blue<a87439c0>> at Pos <<2180.936523, 53.552666, 3931.192139>>
SCRIPT       : [JunkYardDog] -- Adding Salvage Point to <Land_Wreck_sed01_aban2_wine<a8747020>> at Pos <<2196.319824, 53.088562, 3937.796143>>
SCRIPT       : [JunkYardDog] -- Adding Fuel Point to <Land_Wreck_sed01_aban2_wine<a8747020>> at Pos <<2196.319824, 53.088562, 3937.796143>>
SCRIPT       : [JunkYardDog] -- Adding Salvage Point to <Land_wreck_truck01_aban2_green<a8747930>> at Pos <<2181.267578, 52.487606, 3941.786377>>
SCRIPT       : [JunkYardDog] -- Adding Fuel Point to <Land_wreck_truck01_aban2_green<a8747930>> at Pos <<2181.267578, 52.487606, 3941.786377>>
SCRIPT       : [JunkYardDog] -- Adding Salvage Point to <Static_Wreck_S120_Red<ad165a80>> at Pos <<2864.635742, 53.992603, 3209.586914>>
SCRIPT       : [JunkYardDog] -- Adding Fuel Point to <Static_Wreck_S120_Red<ad165a80>> at Pos <<2864.635742, 53.992603, 3209.586914>>
SCRIPT       : [JunkYardDog] -- Adding Salvage Point to <Land_Wreck_hb01_aban2_green<a875a440>> at Pos <<2873.314209, 54.340794, 3205.555908>>
SCRIPT       : [JunkYardDog] -- Adding Fuel Point to <Land_Wreck_hb01_aban2_green<a875a440>> at Pos <<2873.314209, 54.340794, 3205.555908>>
SCRIPT       : [JunkYardDog] -- Adding Salvage Point to <Land_Wreck_Volha_Blue<a8758000>> at Pos <<2878.251465, 54.146778, 3220.056885>>
SCRIPT       : [JunkYardDog] -- Adding Fuel Point to <Land_Wreck_Volha_Blue<a8758000>> at Pos <<2878.251465, 54.146778, 3220.056885>>
SCRIPT       : [JunkYardDog] -- Adding Salvage Point to <Land_Wreck_Volha_Blue<a87552b0>> at Pos <<2869.360107, 54.142620, 3213.584717>>
SCRIPT       : [JunkYardDog] -- Adding Fuel Point to <Land_Wreck_Volha_Blue<a87552b0>> at Pos <<2869.360107, 54.142620, 3213.584717>>
SCRIPT       : [JunkYardDog] -- Adding Salvage Point to <Land_Wreck_Lada_Green<a8754090>> at Pos <<2888.144531, 54.088688, 3231.076172>>
SCRIPT       : [JunkYardDog] -- Adding Fuel Point to <Land_Wreck_Lada_Green<a8754090>> at Pos <<2888.144531, 54.088688, 3231.076172>>
SCRIPT       : [JunkYardDog] -- Adding Salvage Point to <Land_Wreck_sed01_aban2_wine<a875bf70>> at Pos <<2886.245850, 54.163330, 3204.535889>>
SCRIPT       : [JunkYardDog] -- Adding Fuel Point to <Land_Wreck_sed01_aban2_wine<a875bf70>> at Pos <<2886.245850, 54.163330, 3204.535889>>
SCRIPT       : [JunkYardDog] -- Adding Salvage Point to <Land_Wreck_sed02_aban2_grey<a87549a0>> at Pos <<2901.254883, 54.068657, 3220.383789>>
SCRIPT       : [JunkYardDog] -- Adding Fuel Point to <Land_Wreck_sed02_aban2_grey<a87549a0>> at Pos <<2901.254883, 54.068657, 3220.383789>>
SCRIPT       : [JunkYardDog] -- Adding Salvage Point to <Land_Wreck_S1023_Beige<a875c880>> at Pos <<2881.772217, 54.409058, 3200.723877>>
SCRIPT       : [JunkYardDog] -- Adding Fuel Point to <Land_Wreck_S1023_Beige<a875c880>> at Pos <<2881.772217, 54.409058, 3200.723877>>
SCRIPT       : [JunkYardDog] -- Adding Salvage Point to <Land_Wreck_hb02_aban1_blue<a875d190>> at Pos <<2890.837158, 54.169880, 3218.380615>>
SCRIPT       : [JunkYardDog] -- Adding Fuel Point to <Land_Wreck_hb02_aban1_blue<a875d190>> at Pos <<2890.837158, 54.169880, 3218.380615>>
SCRIPT       : [JunkYardDog] -- Adding Salvage Point to <Land_Wreck_S1023_Blue<a871f5c0>> at Pos <<4808.064941, 7.218830, 2253.822998>>
SCRIPT       : [JunkYardDog] -- Adding Fuel Point to <Land_Wreck_S1023_Blue<a871f5c0>> at Pos <<4808.064941, 7.218830, 2253.822998>>
SCRIPT       : [JunkYardDog] -- Adding Salvage Point to <Land_Wreck_S1023_Beige<a8725970>> at Pos <<4818.394531, 7.304060, 2244.533203>>
SCRIPT       : [JunkYardDog] -- Adding Fuel Point to <Land_Wreck_S1023_Beige<a8725970>> at Pos <<4818.394531, 7.304060, 2244.533203>>
SCRIPT       : [JunkYardDog] -- Adding Salvage Point to <Land_wreck_truck01_aban1_green<a87329e0>> at Pos <<4682.052246, 47.620209, 1273.965088>>
SCRIPT       : [JunkYardDog] -- Adding Fuel Point to <Land_wreck_truck01_aban1_green<a87329e0>> at Pos <<4682.052246, 47.620209, 1273.965088>>
SCRIPT       : [JunkYardDog] -- Adding Salvage Point to <Land_Wreck_sed01_aban1_black<a8738480>> at Pos <<4090.296387, 19.700535, 7334.300293>>
SCRIPT       : [JunkYardDog] -- Adding Fuel Point to <Land_Wreck_sed01_aban1_black<a8738480>> at Pos <<4090.296387, 19.700535, 7334.300293>>
SCRIPT       : [JunkYardDog] -- Adding Salvage Point to <Land_Wreck_sed01_aban1_black<a873cd00>> at Pos <<4087.878906, 19.762743, 7338.177246>>
SCRIPT       : [JunkYardDog] -- Adding Fuel Point to <Land_Wreck_sed01_aban1_black<a873cd00>> at Pos <<4087.878906, 19.762743, 7338.177246>>
SCRIPT       : [JunkYardDog] -- Adding Salvage Point to <Land_Wreck_hb02_aban1_black<a8737260>> at Pos <<4152.816406, 18.649822, 7481.583984>>
SCRIPT       : [JunkYardDog] -- Adding Fuel Point to <Land_Wreck_hb02_aban1_black<a8737260>> at Pos <<4152.816406, 18.649822, 7481.583984>>
SCRIPT       : [JunkYardDog] -- Adding Salvage Point to <Land_Wreck_sed02_aban1_red<a873b1d0>> at Pos <<4153.905273, 18.748653, 7508.145020>>
SCRIPT       : [JunkYardDog] -- Adding Fuel Point to <Land_Wreck_sed02_aban1_red<a873b1d0>> at Pos <<4153.905273, 18.748653, 7508.145020>>
SCRIPT       : [JunkYardDog] -- Adding Salvage Point to <Land_Wreck_sed01_aban1_black<b35cc970>> at Pos <<4078.119141, 19.584723, 7314.720703>>
SCRIPT       : [JunkYardDog] -- Adding Fuel Point to <Land_Wreck_sed01_aban1_black<b35cc970>> at Pos <<4078.119141, 19.584723, 7314.720703>>
SCRIPT       : [JunkYardDog] -- Adding Salvage Point to <Land_Wreck_sed02_aban1_yellow<b35c8a00>> at Pos <<4160.610840, 18.751116, 7483.944824>>
SCRIPT       : [JunkYardDog] -- Adding Fuel Point to <Land_Wreck_sed02_aban1_yellow<b35c8a00>> at Pos <<4160.610840, 18.751116, 7483.944824>>
SCRIPT       : [JunkYardDog] -- Adding Salvage Point to <Land_Wreck_hb01_aban2_green<b35cc060>> at Pos <<5020.137695, 57.329857, 3655.780273>>
SCRIPT       : [JunkYardDog] -- Adding Fuel Point to <Land_Wreck_hb01_aban2_green<b35cc060>> at Pos <<5020.137695, 57.329857, 3655.780273>>
SCRIPT       : [JunkYardDog] -- Adding Salvage Point to <Land_Wreck_hb01_aban1_white<b35d5a70>> at Pos <<1813.532715, 48.199692, 3217.734375>>
SCRIPT       : [JunkYardDog] -- Adding Fuel Point to <Land_Wreck_hb01_aban1_white<b35d5a70>> at Pos <<1813.532715, 48.199692, 3217.734375>>
SCRIPT       : [JunkYardDog] -- Adding Salvage Point to <Land_wreck_truck01_aban2_green<b35d99e0>> at Pos <<1798.720581, 47.130928, 3211.731201>>
SCRIPT       : [JunkYardDog] -- Adding Fuel Point to <Land_wreck_truck01_aban2_green<b35d99e0>> at Pos <<1798.720581, 47.130928, 3211.731201>>
SCRIPT       : [JunkYardDog] -- Adding Salvage Point to <Land_Wreck_sed02_aban2_grey<b35d87c0>> at Pos <<4130.497559, 17.102644, 7343.074219>>
SCRIPT       : [JunkYardDog] -- Adding Fuel Point to <Land_Wreck_sed02_aban2_grey<b35d87c0>> at Pos <<4130.497559, 17.102644, 7343.074219>>
SCRIPT       : [JunkYardDog] -- Adding Salvage Point to <Land_Wreck_S1023_Beige<b35e2ae0>> at Pos <<2304.380371, 78.206329, 1697.990479>>
SCRIPT       : [JunkYardDog] -- Adding Fuel Point to <Land_Wreck_S1023_Beige<b35e2ae0>> at Pos <<2304.380371, 78.206329, 1697.990479>>
SCRIPT       : [JunkYardDog] -- Adding Salvage Point to <Land_Wreck_S1023_Beige<b35e4610>> at Pos <<4500.408691, 64.444466, 6591.686523>>
SCRIPT       : [JunkYardDog] -- Adding Fuel Point to <Land_Wreck_S1023_Beige<b35e4610>> at Pos <<4500.408691, 64.444466, 6591.686523>>
SCRIPT       : [JunkYardDog] -- Adding Salvage Point to <Land_Wreck_sed02_aban1_red<b35ea9c0>> at Pos <<3781.263428, 5.501119, 5977.697266>>
SCRIPT       : [JunkYardDog] -- Adding Fuel Point to <Land_Wreck_sed02_aban1_red<b35ea9c0>> at Pos <<3781.263428, 5.501119, 5977.697266>>
SCRIPT       : [JunkYardDog] -- Adding Salvage Point to <Land_Wreck_sed01_aban1_white<b35eb2d0>> at Pos <<3809.993652, 5.391631, 5974.490234>>
SCRIPT       : [JunkYardDog] -- Adding Fuel Point to <Land_Wreck_sed01_aban1_white<b35eb2d0>> at Pos <<3809.993652, 5.391631, 5974.490234>>
SCRIPT       : [JunkYardDog] -- Adding Salvage Point to <Land_wreck_truck01_aban1_green<b35ee930>> at Pos <<1686.831543, 30.821169, 4812.258789>>
SCRIPT       : [JunkYardDog] -- Adding Fuel Point to <Land_wreck_truck01_aban1_green<b35ee930>> at Pos <<1686.831543, 30.821169, 4812.258789>>
SCRIPT       : [JunkYardDog] -- Adding Salvage Point to <Land_Wreck_Uaz<b35f7120>> at Pos <<3163.105225, 7.549609, 4476.195313>>
SCRIPT       : [JunkYardDog] -- Adding Fuel Point to <Land_Wreck_Uaz<b35f7120>> at Pos <<3163.105225, 7.549609, 4476.195313>>
SCRIPT       : [JunkYardDog] -- Adding Salvage Point to <Static_Wreck_HMMWV<c39113c0>> at Pos <<6307.930664, 52.759319, 3977.478027>>
SCRIPT       : [JunkYardDog] -- Adding Fuel Point to <Static_Wreck_HMMWV<c39113c0>> at Pos <<6307.930664, 52.759319, 3977.478027>>
SCRIPT       : [JunkYardDog] -- Adding Salvage Point to <Static_Wreck_HMMWV<c3dd3770>> at Pos <<5996.528320, 56.667019, 4737.582520>>
SCRIPT       : [JunkYardDog] -- Adding Fuel Point to <Static_Wreck_HMMWV<c3dd3770>> at Pos <<5996.528320, 56.667019, 4737.582520>>
SCRIPT       : [JunkYardDog] -- Adding Salvage Point to <Land_wreck_truck01_aban1_orange<c3d2f7a0>> at Pos <<5919.111328, 55.759144, 4812.186035>>
SCRIPT       : [JunkYardDog] -- Adding Fuel Point to <Land_wreck_truck01_aban1_orange<c3d2f7a0>> at Pos <<5919.111328, 55.759144, 4812.186035>>
SCRIPT       : [JunkYardDog] -- Adding Salvage Point to <Land_wreck_truck01_aban1_green<c3d3ace0>> at Pos <<2340.308594, 107.870003, 2398.739990>>
SCRIPT       : [JunkYardDog] -- Adding Fuel Point to <Land_wreck_truck01_aban1_green<c3d3ace0>> at Pos <<2340.308594, 107.870003, 2398.739990>>
SCRIPT       : [JunkYardDog] -- Adding Salvage Point to <Land_wreck_truck01_aban1_green<c3d35b50>> at Pos <<2997.464355, 39.922527, 6151.995117>>
SCRIPT       : [JunkYardDog] -- Adding Fuel Point to <Land_wreck_truck01_aban1_green<c3d35b50>> at Pos <<2997.464355, 39.922527, 6151.995117>>
SCRIPT       : [JunkYardDog] -- Adding Salvage Point to <Land_wreck_truck01_aban1_green<c3d45910>> at Pos <<2542.481689, 109.670647, 2452.678955>>
SCRIPT       : [JunkYardDog] -- Adding Fuel Point to <Land_wreck_truck01_aban1_green<c3d45910>> at Pos <<2542.481689, 109.670647, 2452.678955>>
SCRIPT       : [JunkYardDog] -- Adding Salvage Point to <Land_wreck_truck01_aban1_green<c3d42bc0>> at Pos <<2366.393799, 108.445244, 2505.129395>>
SCRIPT       : [JunkYardDog] -- Adding Fuel Point to <Land_wreck_truck01_aban1_green<c3d42bc0>> at Pos <<2366.393799, 108.445244, 2505.129395>>
SCRIPT       : ExpansionActionOpenTraderMenu::OnStartServer - Start
SCRIPT       : ExpansionActionOpenTraderMenu::OnStartServer - Start
SCRIPT       : [JunkYardDog] -- Adding Salvage Point to <Land_Wreck_hb01_aban1_green<ccd8fb00>> at Pos <<6869.846680, 20.181843, 3681.626465>>
SCRIPT       : [JunkYardDog] -- Adding Fuel Point to <Land_Wreck_hb01_aban1_green<ccd8fb00>> at Pos <<6869.846680, 20.181843, 3681.626465>>
SCRIPT       : [JunkYardDog] -- Adding Salvage Point to <Static_Wreck_HMMWV<ccedf5f0>> at Pos <<6711.772949, 15.329409, 6829.133789>>
SCRIPT       : [JunkYardDog] -- Adding Fuel Point to <Static_Wreck_HMMWV<ccedf5f0>> at Pos <<6711.772949, 15.329409, 6829.133789>>
SCRIPT       : [JunkYardDog] -- Adding Salvage Point to <Static_Wreck_HMMWV<ccede120>> at Pos <<6711.986328, 15.290487, 6821.492188>>
SCRIPT       : [JunkYardDog] -- Adding Fuel Point to <Static_Wreck_HMMWV<ccede120>> at Pos <<6711.986328, 15.290487, 6821.492188>>
SCRIPT       : [JunkYardDog] -- Adding Salvage Point to <Land_Wreck_S1023_Beige<ccd99e20>> at Pos <<2202.051270, 16.569132, 709.262878>>
SCRIPT       : [JunkYardDog] -- Adding Fuel Point to <Land_Wreck_S1023_Beige<ccd99e20>> at Pos <<2202.051270, 16.569132, 709.262878>>
SCRIPT       : [JunkYardDog] -- Adding Salvage Point to <Land_Wreck_sed02_aban1_yellow<ccda1d00>> at Pos <<2190.029541, 16.431118, 727.924072>>
SCRIPT       : [JunkYardDog] -- Adding Fuel Point to <Land_Wreck_sed02_aban1_yellow<ccda1d00>> at Pos <<2190.029541, 16.431118, 727.924072>>
SCRIPT       : [JunkYardDog] -- Adding Salvage Point to <Static_Wreck_S120_Red<ccef1010>> at Pos <<2189.456543, 16.152693, 747.397217>>
SCRIPT       : [JunkYardDog] -- Adding Fuel Point to <Static_Wreck_S120_Red<ccef1010>> at Pos <<2189.456543, 16.152693, 747.397217>>
SCRIPT       : [JunkYardDog] -- Adding Salvage Point to <Land_Wreck_Volha_Grey<ccd9d480>> at Pos <<2201.856689, 16.306944, 752.339966>>
SCRIPT       : [JunkYardDog] -- Adding Fuel Point to <Land_Wreck_Volha_Grey<ccd9d480>> at Pos <<2201.856689, 16.306944, 752.339966>>
SCRIPT       : [JunkYardDog] -- Adding Salvage Point to <Land_Wreck_sed01_aban2_wine<ccda2610>> at Pos <<2208.778809, 16.323318, 761.501892>>
SCRIPT       : [JunkYardDog] -- Adding Fuel Point to <Land_Wreck_sed01_aban2_wine<ccda2610>> at Pos <<2208.778809, 16.323318, 761.501892>>
SCRIPT       : [JunkYardDog] -- Adding Salvage Point to <Land_Wreck_Volha_Blue<ccd9b040>> at Pos <<2208.676025, 16.302641, 756.649780>>
SCRIPT       : [JunkYardDog] -- Adding Fuel Point to <Land_Wreck_Volha_Blue<ccd9b040>> at Pos <<2208.676025, 16.302641, 756.649780>>
SCRIPT       : [JunkYardDog] -- Adding Salvage Point to <Land_Wreck_sed01_aban1_white<ccdaae00>> at Pos <<2219.925293, 16.321630, 805.025513>>
SCRIPT       : [JunkYardDog] -- Adding Fuel Point to <Land_Wreck_sed01_aban1_white<ccdaae00>> at Pos <<2219.925293, 16.321630, 805.025513>>
SCRIPT       : [JunkYardDog] -- Adding Salvage Point to <Land_Wreck_Volha_Blue<ccdab710>> at Pos <<2220.414551, 16.302641, 800.007141>>
SCRIPT       : [JunkYardDog] -- Adding Fuel Point to <Land_Wreck_Volha_Blue<ccdab710>> at Pos <<2220.414551, 16.302641, 800.007141>>
SCRIPT       : [JunkYardDog] -- Adding Salvage Point to <Land_Wreck_Volha_Blue<ccdaa4f0>> at Pos <<2191.222412, 16.302639, 856.530334>>
SCRIPT       : [JunkYardDog] -- Adding Fuel Point to <Land_Wreck_Volha_Blue<ccdaa4f0>> at Pos <<2191.222412, 16.302639, 856.530334>>
SCRIPT       : [JunkYardDog] -- Adding Salvage Point to <Land_wreck_truck01_aban1_green<ccda77a0>> at Pos <<3174.338379, 31.679749, 1005.335510>>
SCRIPT       : [JunkYardDog] -- Adding Fuel Point to <Land_wreck_truck01_aban1_green<ccda77a0>> at Pos <<3174.338379, 31.679749, 1005.335510>>
SCRIPT       : [JunkYardDog] -- Adding Salvage Point to <Land_wreck_truck01_aban1_green<ccdac930>> at Pos <<1078.469360, 27.344292, 5720.515137>>
SCRIPT       : [JunkYardDog] -- Adding Fuel Point to <Land_wreck_truck01_aban1_green<ccdac930>> at Pos <<1078.469360, 27.344292, 5720.515137>>
SCRIPT       : [JunkYardDog] -- Adding Salvage Point to <Land_Wreck_sed02_aban2_red<ccdadb50>> at Pos <<1348.229736, 6.528171, 7567.506836>>
SCRIPT       : [JunkYardDog] -- Adding Fuel Point to <Land_Wreck_sed02_aban2_red<ccdadb50>> at Pos <<1348.229736, 6.528171, 7567.506836>>
SCRIPT       : [JunkYardDog] -- Adding Salvage Point to <Land_Wreck_sed02_aban2_yellow<ccdb35f0>> at Pos <<2202.013184, 16.228827, 790.075623>>
SCRIPT       : [JunkYardDog] -- Adding Fuel Point to <Land_Wreck_sed02_aban2_yellow<ccdb35f0>> at Pos <<2202.013184, 16.228827, 790.075623>>
SCRIPT       : [JunkYardDog] -- Adding Salvage Point to <Land_Wreck_hb01_aban1_blue<ccdb99a0>> at Pos <<2189.609131, 16.631990, 799.811646>>
SCRIPT       : [JunkYardDog] -- Adding Fuel Point to <Land_Wreck_hb01_aban1_blue<ccdb99a0>> at Pos <<2189.609131, 16.631990, 799.811646>>
SCRIPT       : [JunkYardDog] -- Adding Salvage Point to <Land_Wreck_sed01_aban2_wine<ccdba2b0>> at Pos <<2189.873535, 16.323313, 771.200684>>
SCRIPT       : [JunkYardDog] -- Adding Fuel Point to <Land_Wreck_sed01_aban2_wine<ccdba2b0>> at Pos <<2189.873535, 16.323313, 771.200684>>
SCRIPT       : [JunkYardDog] -- Adding Salvage Point to <Land_Wreck_Volha_Grey<ccdbabc0>> at Pos <<2189.610596, 16.306944, 794.873230>>
SCRIPT       : [JunkYardDog] -- Adding Fuel Point to <Land_Wreck_Volha_Grey<ccdbabc0>> at Pos <<2189.610596, 16.306944, 794.873230>>
SCRIPT       : [JunkYardDog] -- Adding Salvage Point to <Land_Wreck_hb01_aban1_white<ccdb5120>> at Pos <<2219.643555, 16.631990, 785.740112>>
SCRIPT       : [JunkYardDog] -- Adding Fuel Point to <Land_Wreck_hb01_aban1_white<ccdb5120>> at Pos <<2219.643555, 16.631990, 785.740112>>
SCRIPT       : [JunkYardDog] -- Adding Salvage Point to <Land_Wreck_hb01_aban2_green<ccdbd000>> at Pos <<2219.795654, 16.499451, 780.987488>>
SCRIPT       : [JunkYardDog] -- Adding Fuel Point to <Land_Wreck_hb01_aban2_green<ccdbd000>> at Pos <<2219.795654, 16.499451, 780.987488>>
SCRIPT       : [JunkYardDog] -- Adding Salvage Point to <Land_Wreck_Volha_Blue<ccdb6c50>> at Pos <<2208.104736, 16.302639, 861.314880>>
SCRIPT       : [JunkYardDog] -- Adding Fuel Point to <Land_Wreck_Volha_Blue<ccdb6c50>> at Pos <<2208.104736, 16.302639, 861.314880>>
SCRIPT       : [JunkYardDog] -- Adding Salvage Point to <Land_Wreck_Volha_Blue<ccdb5a30>> at Pos <<2208.975342, 16.305099, 846.381653>>
SCRIPT       : [JunkYardDog] -- Adding Fuel Point to <Land_Wreck_Volha_Blue<ccdb5a30>> at Pos <<2208.975342, 16.305099, 846.381653>>
SCRIPT       : [JunkYardDog] -- Adding Salvage Point to <Land_Wreck_sed02_aban2_grey<ccdc6a10>> at Pos <<2209.045166, 16.228823, 704.049622>>
SCRIPT       : [JunkYardDog] -- Adding Fuel Point to <Land_Wreck_sed02_aban2_grey<ccdc6a10>> at Pos <<2209.045166, 16.228823, 704.049622>>
SCRIPT       : [JunkYardDog] -- Adding Salvage Point to <Land_Wreck_S1023_Beige<ccdbf440>> at Pos <<2220.143066, 16.569132, 733.098328>>
SCRIPT       : [JunkYardDog] -- Adding Fuel Point to <Land_Wreck_S1023_Beige<ccdbf440>> at Pos <<2220.143066, 16.569132, 733.098328>>
SCRIPT       : [JunkYardDog] -- Adding Salvage Point to <Static_Wreck_HMMWV<cd116be0>> at Pos <<2209.076660, 16.477102, 723.407654>>
SCRIPT       : [JunkYardDog] -- Adding Fuel Point to <Static_Wreck_HMMWV<cd116be0>> at Pos <<2209.076660, 16.477102, 723.407654>>
SCRIPT       : [JunkYardDog] -- Adding Salvage Point to <Land_Wreck_Lada_Green<ccdbfd50>> at Pos <<6585.142090, 15.063731, 3507.385010>>
SCRIPT       : [JunkYardDog] -- Adding Fuel Point to <Land_Wreck_Lada_Green<ccdbfd50>> at Pos <<6585.142090, 15.063731, 3507.385010>>
SCRIPT       : [JunkYardDog] -- Adding Salvage Point to <Land_Wreck_sed02_aban1_grey<ccdc4ee0>> at Pos <<6652.515137, 18.159935, 3552.017822>>
SCRIPT       : [JunkYardDog] -- Adding Fuel Point to <Land_Wreck_sed02_aban1_grey<ccdc4ee0>> at Pos <<6652.515137, 18.159935, 3552.017822>>
SCRIPT       : [JunkYardDog] -- Adding Salvage Point to <Land_Wreck_hb02_aban1_blue<ccdccdc0>> at Pos <<1460.009521, 77.538300, 6057.498535>>
SCRIPT       : [JunkYardDog] -- Adding Fuel Point to <Land_Wreck_hb02_aban1_blue<ccdccdc0>> at Pos <<1460.009521, 77.538300, 6057.498535>>
SCRIPT       : [JunkYardDog] -- Adding Salvage Point to <Static_Wreck_Digger<cd6c4b60>> at Pos <<2088.721924, 11.500252, 700.883850>>
SCRIPT       : [JunkYardDog] -- Adding Fuel Point to <Static_Wreck_Digger<cd6c4b60>> at Pos <<2088.721924, 11.500252, 700.883850>>
SCRIPT       : [JunkYardDog] -- Adding Salvage Point to <Land_Wreck_S1023_Beige<cd3912a0>> at Pos <<2683.746826, 44.939110, 5746.486328>>
SCRIPT       : [JunkYardDog] -- Adding Fuel Point to <Land_Wreck_S1023_Beige<cd3912a0>> at Pos <<2683.746826, 44.939110, 5746.486328>>
SCRIPT       : [JunkYardDog] -- Adding Salvage Point to <Land_Wreck_hb02_aban1_blue<cd399180>> at Pos <<2661.987061, 44.699776, 5789.193848>>
SCRIPT       : [JunkYardDog] -- Adding Fuel Point to <Land_Wreck_hb02_aban1_blue<cd399180>> at Pos <<2661.987061, 44.699776, 5789.193848>>
SCRIPT       : [JunkYardDog] -- Adding Salvage Point to <Land_Wreck_S1023_Blue<cd396430>> at Pos <<2727.486084, 44.938980, 5785.161621>>
SCRIPT       : [JunkYardDog] -- Adding Fuel Point to <Land_Wreck_S1023_Blue<cd396430>> at Pos <<2727.486084, 44.938980, 5785.161621>>
SCRIPT       : [JunkYardDog] -- Adding Salvage Point to <Land_Wreck_hb02_aban2_black<cd39a3a0>> at Pos <<2723.134277, 44.643723, 5779.775879>>
SCRIPT       : [JunkYardDog] -- Adding Fuel Point to <Land_Wreck_hb02_aban2_black<cd39a3a0>> at Pos <<2723.134277, 44.643723, 5779.775879>>
SCRIPT       : [JunkYardDog] -- Adding Salvage Point to <Land_Wreck_hb01_aban2_green<cd392dd0>> at Pos <<2673.965576, 44.870831, 5793.650879>>
SCRIPT       : [JunkYardDog] -- Adding Fuel Point to <Land_Wreck_hb01_aban2_green<cd392dd0>> at Pos <<2673.965576, 44.870831, 5793.650879>>
SCRIPT       : [JunkYardDog] -- Adding Salvage Point to <Static_Wreck_HMMWV<cf661300>> at Pos <<2666.219971, 44.847099, 5800.727539>>
SCRIPT       : [JunkYardDog] -- Adding Fuel Point to <Static_Wreck_HMMWV<cf661300>> at Pos <<2666.219971, 44.847099, 5800.727539>>
SCRIPT       : [JunkYardDog] -- Adding Salvage Point to <Land_Wreck_sed02_aban1_red<cd39acb0>> at Pos <<2659.995361, 44.801193, 5807.961426>>
SCRIPT       : [JunkYardDog] -- Adding Fuel Point to <Land_Wreck_sed02_aban1_red<cd39acb0>> at Pos <<2659.995361, 44.801193, 5807.961426>>
SCRIPT       : [JunkYardDog] -- Adding Salvage Point to <Land_wreck_truck01_aban1_green<cf9bff70>> at Pos <<7748.199219, 26.130013, 1923.807251>>
SCRIPT       : [JunkYardDog] -- Adding Fuel Point to <Land_wreck_truck01_aban1_green<cf9bff70>> at Pos <<7748.199219, 26.130013, 1923.807251>>
SCRIPT       : [JunkYardDog] -- Adding Salvage Point to <Land_Wreck_sed02_aban1_yellow<cf9c2cc0>> at Pos <<1976.793091, 36.981976, 7365.978516>>
SCRIPT       : [JunkYardDog] -- Adding Fuel Point to <Land_Wreck_sed02_aban1_yellow<cf9c2cc0>> at Pos <<1976.793091, 36.981976, 7365.978516>>
SCRIPT       : [JunkYardDog] -- Adding Salvage Point to <Land_Wreck_sed01_aban2_white<cf9bf660>> at Pos <<2007.806519, 35.086956, 7390.848145>>
SCRIPT       : [JunkYardDog] -- Adding Fuel Point to <Land_Wreck_sed01_aban2_white<cf9bf660>> at Pos <<2007.806519, 35.086956, 7390.848145>>
SCRIPT       : [JunkYardDog] -- Adding Salvage Point to <Static_Wreck_Digger<cfca2fd0>> at Pos <<2116.485352, 11.402336, 806.627319>>
SCRIPT       : [JunkYardDog] -- Adding Fuel Point to <Static_Wreck_Digger<cfca2fd0>> at Pos <<2116.485352, 11.402336, 806.627319>>
SCRIPT       : [JunkYardDog] -- Adding Salvage Point to <Static_Wreck_HMMWV<cfcc4cf0>> at Pos <<6411.576172, 27.037102, 2281.418945>>
SCRIPT       : [JunkYardDog] -- Adding Fuel Point to <Static_Wreck_HMMWV<cfcc4cf0>> at Pos <<6411.576172, 27.037102, 2281.418945>>
SCRIPT       : [JunkYardDog] -- Adding Salvage Point to <Land_Wreck_Volha_Blue<cf9cb4b0>> at Pos <<6408.588867, 26.862642, 2287.226807>>
SCRIPT       : [JunkYardDog] -- Adding Fuel Point to <Land_Wreck_Volha_Blue<cf9cb4b0>> at Pos <<6408.588867, 26.862642, 2287.226807>>
SCRIPT       : [JunkYardDog] -- Adding Salvage Point to <Land_wreck_truck01_aban2_blue<cf9a0d00>> at Pos <<4048.793945, 25.267714, 4473.421875>>
SCRIPT       : [JunkYardDog] -- Adding Fuel Point to <Land_wreck_truck01_aban2_blue<cf9a0d00>> at Pos <<4048.793945, 25.267714, 4473.421875>>
SCRIPT       : [JunkYardDog] -- Adding Salvage Point to <Land_Wreck_hb01_aban2_green<cf9a2830>> at Pos <<4428.006348, 5.911204, 7974.292480>>
SCRIPT       : [JunkYardDog] -- Adding Fuel Point to <Land_Wreck_hb01_aban2_green<cf9a2830>> at Pos <<4428.006348, 5.911204, 7974.292480>>
SCRIPT       : [JunkYardDog] -- Adding Salvage Point to <Land_wreck_truck01_aban2_blue<cf9a4c70>> at Pos <<4054.410400, 25.371117, 4482.943359>>
SCRIPT       : [JunkYardDog] -- Adding Fuel Point to <Land_wreck_truck01_aban2_blue<cf9a4c70>> at Pos <<4054.410400, 25.371117, 4482.943359>>
SCRIPT       : ExpansionActionOpenTraderMenu::OnStartServer - Start
SCRIPT       : [JunkYardDog] -- Adding Salvage Point to <Land_wreck_truck01_aban1_green<d18e5b70>> at Pos <<7829.684570, 26.130013, 2040.784424>>
SCRIPT       : [JunkYardDog] -- Adding Fuel Point to <Land_wreck_truck01_aban1_green<d18e5b70>> at Pos <<7829.684570, 26.130013, 2040.784424>>
SCRIPT       : [JunkYardDog] -- Adding Salvage Point to <Land_Wreck_hb01_aban2_green<d18f07a0>> at Pos <<7822.011230, 27.060753, 2019.668213>>
SCRIPT       : [JunkYardDog] -- Adding Fuel Point to <Land_Wreck_hb01_aban2_green<d18f07a0>> at Pos <<7822.011230, 27.060753, 2019.668213>>
SCRIPT       : ExpansionActionOpenTraderMenu::OnStartServer - Start
SCRIPT       : [Logout]: New player R5KkZb3Ywicboa8ntCzbBJK6WLpakj_6yA-ghmDo4lw= with logout time 20
SCRIPT       : Player "The Professor" (steamid=76561198413928129) initiated disconnect process...
SCRIPT       : Player "The Professor" (steamid=76561198413928129) disconnected early from server (EXIT NOW).
SCRIPT       : Clear up static fireplaces: 0
SCRIPT       : 07:46:36.388 [EXPANSION DEBUG]: Clearing cached categories 65
SCRIPT       : 07:46:36.389 [EXPANSION DEBUG]: Clearing cached traders 15
SCRIPT       : [MissionServer] OnMissionFinish - Server
SCRIPT       : -- PvZ Spawn System Numb Of Zeds Spawned : 12
SCRIPT       : -- PvZ Spawn System Numb Of Zeds Killed  : 0
SCRIPT       : -- PvZ Kill / Spawn Ratio   : 0
SCRIPT       : ~PluginMCKLogs Closed
SCRIPT       : [DayZ Expansion] ~DayZGame
SCRIPT       : ~DayZGame()
