---------------------------------------------
Log G:\SteamLibrary\steamapps\common\DayZServer\profiles\script_2025-09-10_17-53-03.log started at 10.09. 17:53:08

SCRIPT       : Registered 365 temporary action enum(s), UAN==365
SCRIPT    (W): @"CBD_LootRoomsSystem/Scripts/3_Game/settings\cbd_lootsystembox.c,69": FIX-ME: Unexpected statement 'ref'
SCRIPT    (W): @"harksbloodplague/VzLGwSjG/ XH0Ah28b/o6rSdzel/﻿﻿/lLzBNtPz/F9S6LDkF/xjV Bvsc.QIFTxCVY,4": FIX-ME: Expected ',' or '}', not a ';'
SCRIPT    (W): @"LIVEN/PvZmoD_Spawn_System/Scripts/3_Game/pvz_ss_3_game\pvz_panel\serverside\pvz_ss_xmlreader_panelserver_verification.c,96": FIX-ME: Unexpected statement 'ref'
SCRIPT    (W): @"LIVEN/PvZmoD_Spawn_System/Scripts/3_Game/pvz_ss_3_game\pvz_panel\serverside\pvz_ss_xmlreader_panelserver_verification.c,123": FIX-ME: Unexpected statement 'ref'
SCRIPT    (W): @"LIVEN/PvZmoD_Spawn_System/Scripts/3_Game/pvz_ss_3_game\pvz_panel\serverside\pvz_ss_xmlreader_panelserver_verification.c,147": FIX-ME: Unexpected statement 'ref'
SCRIPT    (W): @"LIVEN/PvZmoD_Spawn_System/Scripts/3_Game/pvz_ss_3_game\pvz_panel\clientside\pvz_ss_xmlreader_pvzpannel_verification.c,95": FIX-ME: Unexpected statement 'ref'
SCRIPT    (W): @"LIVEN/PvZmoD_Spawn_System/Scripts/3_Game/pvz_ss_3_game\pvz_panel\clientside\pvz_ss_xmlreader_pvzpannel_verification.c,122": FIX-ME: Unexpected statement 'ref'
SCRIPT    (W): @"LIVEN/PvZmoD_Spawn_System/Scripts/3_Game/pvz_ss_3_game\pvz_panel\clientside\pvz_ss_xmlreader_pvzpannel_verification.c,146": FIX-ME: Unexpected statement 'ref'
SCRIPT    (W): @"CodeLock/scripts/3_game/dayzgame.c,13": FIX-ME: Method argument can't be strong reference
SCRIPT    (W): @"GoreZ/3_game/effects\effectparticle\bulletimpactbase\hit_meatbones.c,74": FIX-ME: Overriding function 'BloodSplatGround' but not marked as 'override'
SCRIPT    (W): @"GoreZ/3_game/effects\effectparticle\bulletimpactbase\hit_meatbones.c,109": FIX-ME: Overriding function 'BloodSplatWall' but not marked as 'override'
SCRIPT    (W): @"CBD_LootRoomsSystem/Scripts/3_Game/settings\cbd_lootsystemitem.c,8": Possible variable name conflict 'chance'
SCRIPT    (W): @"CBD_LootRoomsSystem/Scripts/3_Game/settings\cbd_lootsystemitem.c,8": Possible variable name conflict 'className'
SCRIPT    (W): @"CBD_LootRoomsSystem/Scripts/3_Game/settings\cbd_lootsystemitem.c,8": Possible variable name conflict 'quantity'
SCRIPT    (W): @"CBD_LootRoomsSystem/Scripts/3_Game/settings\cbd_lootsystemitem.c,16": Possible variable name conflict 'quantity'
SCRIPT    (W): @"CBD_LootRoomsSystem/Scripts/3_Game/logging\cbd_loggingcfreg.c,159": Possible variable name conflict 'fileHandle'
SCRIPT       : Registering faction type eAIFactionShamans ID -1484989417
SCRIPT       : Registering faction type eAIFactionObservers ID -563736721
SCRIPT       : Registering faction type eAIFactionInvincibleObservers ID -1227299746
SCRIPT       : Registering faction type eAIFactionRaiders ID 1535276022
SCRIPT       : Registering faction type eAIFactionYeetBrigade ID 1408543989
SCRIPT       : Registering faction type eAIFactionWest ID 113880155
SCRIPT       : Registering faction type eAIFactionInvincibleYeetBrigade ID -1118767876
SCRIPT       : Registering faction type eAIFactionEast ID 90522109
SCRIPT       : Registering faction type eAIFactionGuards ID 963933710
SCRIPT       : Registering faction type eAIFactionMercenaries ID 1629891834
SCRIPT       : Registering faction type eAIFactionBrawlers ID 1955753718
SCRIPT       : Registering faction type eAIFactionCivilian ID 1096178351
SCRIPT       : Registering faction type eAIFactionPassive ID -1159399789
SCRIPT       : Registering faction type eAIFactionInvincibleGuards ID 782746017
SCRIPT       : ... Backlit Effects Enabled
SCRIPT       : VPPNotificationManager()
SCRIPT       : [VPPAT] Internal VPPNotifications module loaded!
SCRIPT       : [DayZ Game]:: DayZGame(): Initializing V++ Admin Tools.
SCRIPT       : 17:53:13.000 [EXPANSION LOG]: DayZGame<af63c090> Start time (local time) 2025-09-10 17:52:31
SCRIPT       : 17:53:13.000 [EXPANSION LOG]: DayZGame<af63c090> Start time (UTC) 2025-09-10 09:52:31
SCRIPT       : 17:53:13.000 [EXPANSION LOG]: DayZGame<af63c090> Runtime since start (seconds) 42.704
SCRIPT    (W): @"BPGuns\scripts\4_world/entities\firearms\rifles\benelli.c,225": FIX-ME: Syntax error
SCRIPT    (W): @"DayZNoBuildZones/Scripts/4_World/nobuildzonessettings.c,34": FIX-ME: Unexpected statement 'ref'
SCRIPT    (W): @"DayZNoBuildZones/Scripts/4_World/nobuildzonessettings.c,35": FIX-ME: Unexpected statement 'ref'
SCRIPT    (W): @"DayZNoBuildZones/Scripts/4_World/nobuildzonessettings.c,69": Missing ';' at the end of line
SCRIPT    (W): @"DayZNoBuildZones/Scripts/4_World/nobuildzonessettings.c,114": FIX-ME: Unexpected statement 'ref'
SCRIPT    (W): @"JunkYardDogV4/scripts/4_World/actionfillatcar.c,125": FIX-ME: Unmatched brackets detected!
SCRIPT    (W): @"JunkYardDogV4/scripts/4_World/actionfillatcar.c,139": Missing ';' at the end of line
SCRIPT    (W): @"JunkYardDogV4/scripts/4_World/actionfillatcar.c,144": Missing ';' at the end of line
SCRIPT    (W): @"Weapons/Scripts/4_World/itembase\jmc_prototype_optic.c,3": Missing ';' at the end of line
SCRIPT    (W): @"ZenTerritories/scripts/4_World/territoryflag.c,4": FIX-ME: Unexpected statement 'ref'
SCRIPT    (W): @"uaz_scripts/scripts/љкмчіъ*ѕц.rtm,204": Missing ';' at the end of line
SCRIPT    (W): @"uaz_scripts/scripts/љкмчіъ*ѕц.rtm,204": FIX-ME: Syntax error
SCRIPT    (W): @"uaz_scripts/scripts/љкмчіъ*ѕц.rtm,207": Missing ';' at the end of line
SCRIPT    (W): @"uaz_scripts/scripts/љкмчіъ*ѕц.rtm,207": FIX-ME: Syntax error
SCRIPT    (W): @"uaz_scripts/scripts/љкмчіъ*ѕц.rtm,210": Missing ';' at the end of line
SCRIPT    (W): @"uaz_scripts/scripts/љкмчіъ*ѕц.rtm,210": FIX-ME: Syntax error
SCRIPT    (W): @"uaz_scripts/scripts/љкмчіъ*ѕц.rtm,213": Missing ';' at the end of line
SCRIPT    (W): @"uaz_scripts/scripts/љкмчіъ*ѕц.rtm,213": FIX-ME: Syntax error
SCRIPT    (W): @"uaz_scripts/scripts/љкмчіъ*ѕц.rtm,216": Missing ';' at the end of line
SCRIPT    (W): @"uaz_scripts/scripts/љкмчіъ*ѕц.rtm,216": FIX-ME: Syntax error
SCRIPT    (W): @"uaz_scripts/scripts/љкмчіъ*ѕц.rtm,579": Missing ';' at the end of line
SCRIPT    (W): @"uaz_scripts/scripts/љкмчіъ*ѕц.rtm,579": FIX-ME: Syntax error
SCRIPT    (W): @"uaz_scripts/scripts/љкмчіъ*ѕц.rtm,582": Missing ';' at the end of line
SCRIPT    (W): @"uaz_scripts/scripts/љкмчіъ*ѕц.rtm,582": FIX-ME: Syntax error
SCRIPT    (W): @"uaz_scripts/scripts/љкмчіъ*ѕц.rtm,585": Missing ';' at the end of line
SCRIPT    (W): @"uaz_scripts/scripts/љкмчіъ*ѕц.rtm,585": FIX-ME: Syntax error
SCRIPT    (W): @"uaz_scripts/scripts/љкмчіъ*ѕц.rtm,588": Missing ';' at the end of line
SCRIPT    (W): @"uaz_scripts/scripts/љкмчіъ*ѕц.rtm,588": FIX-ME: Syntax error
SCRIPT    (W): @"uaz_scripts/scripts/љкмчіъ*ѕц.rtm,591": Missing ';' at the end of line
SCRIPT    (W): @"uaz_scripts/scripts/љкмчіъ*ѕц.rtm,591": FIX-ME: Syntax error
SCRIPT    (W): @"BP_F100/scripts/?оФФѕпЫзТ.p3d,209": Missing ';' at the end of line
SCRIPT    (W): @"BP_F100/scripts/?оФФѕпЫзТ.p3d,209": FIX-ME: Syntax error
SCRIPT    (W): @"BP_F100/scripts/?оФФѕпЫзТ.p3d,212": Missing ';' at the end of line
SCRIPT    (W): @"BP_F100/scripts/?оФФѕпЫзТ.p3d,212": FIX-ME: Syntax error
SCRIPT    (W): @"BP_Uaz452/scripts/ќ*кї.ogg,218": Missing ';' at the end of line
SCRIPT    (W): @"BP_Uaz452/scripts/ќ*кї.ogg,218": FIX-ME: Syntax error
SCRIPT    (W): @"BP_Uaz452/scripts/ќ*кї.ogg,221": Missing ';' at the end of line
SCRIPT    (W): @"BP_Uaz452/scripts/ќ*кї.ogg,221": FIX-ME: Syntax error
SCRIPT    (W): @"BP_Uaz452/scripts/ќ*кї.ogg,224": Missing ';' at the end of line
SCRIPT    (W): @"BP_Uaz452/scripts/ќ*кї.ogg,224": FIX-ME: Syntax error
SCRIPT    (W): @"BP_Uaz452/scripts/ќ*кї.ogg,227": Missing ';' at the end of line
SCRIPT    (W): @"BP_Uaz452/scripts/ќ*кї.ogg,227": FIX-ME: Syntax error
SCRIPT    (W): @"BP_Uaz452/scripts/ќ*кї.ogg,230": Missing ';' at the end of line
SCRIPT    (W): @"BP_Uaz452/scripts/ќ*кї.ogg,230": FIX-ME: Syntax error
SCRIPT    (W): @"bl_crafting_ex\scripts\4_World/classes\action\actionfillfueltincanlamp.c,71": condition with no body?
SCRIPT    (W): @"BP1/scripts/4_world/static_lamp/?гдвкШп.wsi,22": Missing ';' at the end of line
SCRIPT    (W): @"BP1/scripts/4_world/static_lamp/ш?цг.rvmat,22": Missing ';' at the end of line
SCRIPT    (W): @"BP1/scripts/4_world/static_lamp/ТшРѕчщф*нїє.jpg,18": Missing ';' at the end of line
SCRIPT    (W): @"BP1/scripts/4_world/static_lamp/Уш?ы.rtm,17": Missing ';' at the end of line
SCRIPT    (W): @"BP1/scripts/4_world/static_lamp/њЫєсХ*д.p3d,17": Missing ';' at the end of line
SCRIPT    (W): @"BP1/scripts/4_world/static_lamp/њЫєсХ*д.p3d,47": Missing ';' at the end of line
SCRIPT    (W): @"BP1/scripts/4_world/static_lamp/д*Чвѓ.jpg,22": Missing ';' at the end of line
SCRIPT    (W): @"BP1/scripts/4_world/static_lamp/Ящѓ*эяйїьвп.p3d,22": Missing ';' at the end of line
SCRIPT    (W): @"BP1/scripts/4_world/static_lamp/јь*ећў.wss,22": Missing ';' at the end of line
SCRIPT    (W): @"BP1/scripts/4_world/static_lamp/щі?њСзв.ogg,17": Missing ';' at the end of line
SCRIPT    (W): @"BP1/scripts/4_world/static_lamp/щі?њСзв.ogg,46": Missing ';' at the end of line
SCRIPT    (W): @"BP1/scripts/4_world/static_lamp/щі?њСзв.ogg,136": Missing ';' at the end of line
SCRIPT    (W): @"AIWarZones/scripts/4_World/smokeeffect.c,1": Forward declarations are deprecated!
SCRIPT    (W): @"ServerConfig_GS/scripts/4_World/actionbase.c,115": Possible variable name conflict 'z_CreateNewConfig_GS'
SCRIPT    (W): @"ServerConfig_GS/scripts/4_World/actionbase.c,115": Possible variable name conflict 'z_EnableDebugLogs_GS'
SCRIPT    (W): @"ServerConfig_GS/scripts/4_World/actionbase.c,115": Possible variable name conflict 'z_EnableDebugModsLogs_GS'
SCRIPT    (W): @"ServerConfig_JD/scripts/4_World/actionbase.c,132": Possible variable name conflict 'z_CreateNewConfig_JD'
SCRIPT    (W): @"ServerConfig_JD/scripts/4_World/actionbase.c,132": Possible variable name conflict 'z_EnableDebugLogs_JD'
SCRIPT    (W): @"ServerConfig_JD/scripts/4_World/actionbase.c,132": Possible variable name conflict 'z_EnableDebugModsLogs_JD'
SCRIPT    (W): @"ServerConfig_JD/scripts/4_World/actionbase.c,132": Possible variable name conflict 'z_EnableFuelPumps_JD'
SCRIPT    (W): @"ServerConfig_JD/scripts/4_World/actionbase.c,537": FIX-ME: Overriding function 'z_GetDate' but not marked as 'override'
SCRIPT    (W): @"ServerConfig_JD/scripts/4_World/actionbase.c,544": FIX-ME: Overriding function 'z_GetTime' but not marked as 'override'
SCRIPT    (W): @"GoreZ/4_world/entities\manbase\playerbase.c,11": FIX-ME: Overriding function 'CheckDeath' but not marked as 'override'
SCRIPT    (W): @"WindstrideClothing/scripts/4_World/playerbase.c,48": FIX-ME: Overriding function 'ChangeHoodCheck' but not marked as 'override'
SCRIPT    (W): @"BP_F100/scripts/ўѐх?ш.fxy,18": FIX-ME: Overriding function 'Init' but not marked as 'override'
SCRIPT    (W): @"CodeLock/scripts/4_world/entities\codelock.c,308": FIX-ME: Method argument can't be strong reference
SCRIPT    (W): @"GoreZ/4_world/entities\infected\zombiebase.c,27": FIX-ME: Overriding function 'IsAlive' but not marked as 'override'
SCRIPT    (W): @"kamaz_4310RUS\scripts\4_World/carscript_kamaz_4310rus_cabinmanipulte.c,8": FIX-ME: Overriding function 'IsCabinCanManipulate' but not marked as 'override'
SCRIPT    (W): @"kamaz_4310RUS\scripts\4_World/carscript_kamaz_4310rus_cabinmanipulte.c,13": FIX-ME: Overriding function 'GetCabinAnimationSource' but not marked as 'override'
SCRIPT    (W): @"kamaz_4310RUS\scripts\4_World/carscript_kamaz_4310rus_cabinmanipulte.c,18": FIX-ME: Overriding function 'IsCabinRised' but not marked as 'override'
SCRIPT    (W): @"kamaz_4310RUS\scripts\4_World/carscript_kamaz_4310rus_cabinmanipulte.c,23": FIX-ME: Overriding function 'IsPassengersInCabin' but not marked as 'override'
SCRIPT    (W): @"tractor_UMZ_RUS\scripts\4_World/carscript.c,4": FIX-ME: Overriding function 'HandleDoorsSound' but not marked as 'override'
SCRIPT    (W): @"kamaz_4310RUS\scripts\4_World/static\miscgameplayfunctions.c,6": FIX-ME: Overriding function 'IsInsideCar' but not marked as 'override'
SCRIPT    (W): @"GarbageSearch/Scripts/4_World/garbagescriptclass.c,339": FIX-ME: Overriding function 'IsHealthVisible' but not marked as 'override'
SCRIPT    (W): @"GarbageSearch/Scripts/4_World/garbagescriptclass.c,347": FIX-ME: Overriding function 'IsInventoryItem' but not marked as 'override'
SCRIPT    (W): @"GarbageSearch/Scripts/4_World/garbagescriptclass.c,357": FIX-ME: Overloaded method 'CanPutIntoHands', argument name 'player' differs from prototype 'parent'
SCRIPT    (W): @"JunkYardDogV4/scripts/4_World/junkyardscriptclass.c,231": FIX-ME: Overriding function 'IsItemBase' but not marked as 'override'
SCRIPT    (W): @"JunkYardDogV4/scripts/4_World/junkyardscriptclass.c,246": FIX-ME: Overriding function 'IsHologram' but not marked as 'override'
SCRIPT    (W): @"JunkYardDogV4/scripts/4_World/junkyardscriptclass.c,280": FIX-ME: Overriding function 'Get_StaticReturnItem' but not marked as 'override'
SCRIPT    (W): @"GarbageSearch/Scripts/4_World/garbagescriptclass.c,157": FIX-ME: Overriding function 'Get_StaticReturnItem' but not marked as 'override'
SCRIPT    (W): @"KTWorkbenchClient/scripts/4_World/entities\itembase\workbench\workbenchobjectbase.c,223": FIX-ME: Overloaded method 'CanPutIntoHands', argument name 'player' differs from prototype 'parent'
SCRIPT    (W): @"BP_Workbench/scripts/4_World/classes\actions\actiondeconstructwb.c,103": FIX-ME: Overriding function 'SetupAnimation' but not marked as 'override'
SCRIPT    (W): @"BP_Shelf_O\scripts\4_world/entities\garden\bp_gardenbox.c,62": FIX-ME: Overriding function 'RefreshSlots' but not marked as 'override'
SCRIPT    (W): @"JunkYardDogV4/scripts/4_World/junkyardscriptclass.c,320": FIX-ME: Overriding function 'IsItemBase' but not marked as 'override'
SCRIPT    (W): @"JunkYardDogV4/scripts/4_World/junkyardscriptclass.c,335": FIX-ME: Overriding function 'IsHologram' but not marked as 'override'
SCRIPT    (W): @"JunkYardDogV4/scripts/4_World/junkyardscriptclass.c,368": FIX-ME: Overriding function 'Get_StaticReturnItem' but not marked as 'override'
SCRIPT    (W): @"JunkYardDogV4/scripts/4_World/junkyardscriptclass.c,480": FIX-ME: Overriding function 'Get_StaticReturnItem' but not marked as 'override'
SCRIPT    (W): @"BP1/scripts/4_world/camping/ѓ*Рфќтйћйк.p3d,49": FIX-ME: Overriding function 'UpdateAllSelections' but not marked as 'override'
SCRIPT    (W): @"CodeLock/scripts/4_world/pluginmanager\pluginbase\permissions\codelockpermissionmanager.c,46": FIX-ME: Method argument can't be strong reference
SCRIPT    (W): @"GarbageSearch/Scripts/4_World/garbagescriptclass.c,63": FIX-ME: Overriding function 'Get_StaticReturnItem' but not marked as 'override'
SCRIPT    (W): @"utopia_patrol_helicopter_scripts/L4SbwPx4/ SuWu1KU /dntQGuBG/﻿﻿/L2ekv8u6/zZczjFyV/em9tiEfZ.x zUJN  ,101": FIX-ME: Overloading event 'EOnInit' is not allowed
SCRIPT    (W): @"BP_F100/scripts/?бЫыяќрѐЬќ.jpg,138": FIX-ME: Overriding function 'FillCommandUIDPerCrewIdx' but not marked as 'override'
SCRIPT    (W): @"utopia_patrol_helicopter_scripts/L4SbwPx4/ SuWu1KU /dntQGuBG/﻿﻿/L2ekv8u6/zZczjFyV/em9tiEfZ.x zUJN  ,33": FIX-ME: Overloading event 'EOnInit' is not allowed
SCRIPT    (W): @"JunkYardDogV4/scripts/4_World/actionfillatwreck.c,57": FIX-ME: Overriding function 'GetText' but not marked as 'override'
SCRIPT    (W): @"GarbageSearch/Scripts/4_World/garbagescriptclass.c,40": FIX-ME: Overriding function 'Get_StaticReturnItem' but not marked as 'override'
SCRIPT    (W): @"GarbageSearch/Scripts/4_World/garbagescriptclass.c,232": FIX-ME: Overriding function 'Get_StaticReturnItem' but not marked as 'override'
SCRIPT    (W): @"GarbageSearch/Scripts/4_World/garbagescriptclass.c,239": FIX-ME: Overriding function 'Get_StaticReturnItem' but not marked as 'override'
SCRIPT    (W): @"BP_Shelf_O\scripts\4_world/entities\lock\lockedbox_base.c,125": FIX-ME: Overriding function 'UpdateVisualState' but not marked as 'override'
SCRIPT    (W): @"BP_Shelf_O\scripts\4_world/entities\furniture\bp_tresh_bac_static.c,13": FIX-ME: Overriding function 'UpdateVisualState' but not marked as 'override'
SCRIPT    (W): @"CBD_LootRoomsSystem/Scripts/4_World/enities\cbd_lootcrates.c,199": FIX-ME: Overloaded method 'CanReleaseCargo', argument name 'attachment' differs from prototype 'cargo'
SCRIPT    (W): @"GarbageSearch/Scripts/4_World/garbagescriptclass.c,246": FIX-ME: Overriding function 'Get_StaticReturnItem' but not marked as 'override'
SCRIPT    (W): @"GarbageSearch/Scripts/4_World/garbagescriptclass.c,253": FIX-ME: Overriding function 'Get_StaticReturnItem' but not marked as 'override'
SCRIPT    (W): @"GarbageSearch/Scripts/4_World/garbagescriptclass.c,260": FIX-ME: Overriding function 'Get_StaticReturnItem' but not marked as 'override'
SCRIPT    (W): @"GarbageSearch/Scripts/4_World/garbagescriptclass.c,267": FIX-ME: Overriding function 'Get_StaticReturnItem' but not marked as 'override'
SCRIPT    (W): @"GarbageSearch/Scripts/4_World/garbagescriptclass.c,274": FIX-ME: Overriding function 'Get_StaticReturnItem' but not marked as 'override'
SCRIPT    (W): @"GarbageSearch/Scripts/4_World/garbagescriptclass.c,281": FIX-ME: Overriding function 'Get_StaticReturnItem' but not marked as 'override'
SCRIPT    (W): @"GarbageSearch/Scripts/4_World/garbagescriptclass.c,310": FIX-ME: Overriding function 'Get_StaticReturnItem' but not marked as 'override'
SCRIPT    (W): @"GarbageSearch/Scripts/4_World/garbagescriptclass.c,317": FIX-ME: Overriding function 'Get_StaticReturnItem' but not marked as 'override'
SCRIPT    (W): @"BP_F100/scripts/ѝтщєкЭшц*т.p3d,144": FIX-ME: Overriding function 'FillCommandUIDPerCrewIdx' but not marked as 'override'
SCRIPT    (W): @"JunkYardDogV4/scripts/4_World/junkyardscriptclass.c,416": FIX-ME: Overriding function 'Get_StaticReturnItem' but not marked as 'override'
SCRIPT    (W): @"GarbageSearch/Scripts/4_World/garbagescriptclass.c,195": FIX-ME: Overriding function 'Get_StaticReturnItem' but not marked as 'override'
SCRIPT    (W): @"GarbageSearch/Scripts/4_World/garbagescriptclass.c,225": FIX-ME: Overriding function 'Get_StaticReturnItem' but not marked as 'override'
SCRIPT    (W): @"BP_Smot_O/scripts/4_world/entities/а*тюгћФУіяЦ.jpg,53": FIX-ME: Overriding function 'OnSwitchOn' but not marked as 'override'
SCRIPT    (W): @"BP_Smot_O/scripts/4_world/entities/а*тюгћФУіяЦ.jpg,62": FIX-ME: Overriding function 'OnSwitchOff' but not marked as 'override'
SCRIPT    (W): @"BP_Smot_O/scripts/4_world/entities/а*тюгћФУіяЦ.jpg,119": FIX-ME: Overriding function 'OnWork' but not marked as 'override'
SCRIPT    (W): @"BP_Smot_O/scripts/4_world/entities/а*тюгћФУіяЦ.jpg,261": FIX-ME: Overloaded method 'OnIgnitedTarget', argument name 'ignited_item' differs from prototype 'target_item'
SCRIPT    (W): @"BP_Smot_O/scripts/4_world/entities/ѕњпе*шЬ.jpg,4": FIX-ME: Overriding function 'OnWork' but not marked as 'override'
SCRIPT    (W): @"BP_Smot_O/scripts/4_world/entities/ѕњпе*шЬ.jpg,34": FIX-ME: Overriding function 'UpdateLight' but not marked as 'override'
SCRIPT    (W): @"BP2/scripts/4_world/entities/itembase/вЩЯ?ФесШЪ.wss,37": FIX-ME: Overriding function 'SetIntensity' but not marked as 'override'
SCRIPT    (W): @"GarbageSearch/Scripts/4_World/garbagescriptclass.c,56": FIX-ME: Overriding function 'Get_StaticReturnItem' but not marked as 'override'
SCRIPT    (W): @"BP_Shelf_O\scripts\4_world/entities\garden\bp_greenhouse.c,109": FIX-ME: Overriding function 'UpdateVisualState' but not marked as 'override'
SCRIPT    (W): @"GarbageSearch/Scripts/4_World/garbagescriptclass.c,86": FIX-ME: Overriding function 'Get_StaticReturnItem' but not marked as 'override'
SCRIPT    (W): @"JunkYardDogV4/scripts/4_World/junkyardscriptclass.c,494": FIX-ME: Overriding function 'Get_StaticReturnItem' but not marked as 'override'
SCRIPT    (W): @"JunkYardDogV4/scripts/4_World/junkyardscriptclass.c,501": FIX-ME: Overriding function 'Get_StaticReturnItem' but not marked as 'override'
SCRIPT    (W): @"JunkYardDogV4/scripts/4_World/junkyardscriptclass.c,487": FIX-ME: Overriding function 'Get_StaticReturnItem' but not marked as 'override'
SCRIPT    (W): @"BPGuns\scripts\4_world/entities\firearms\revolver\sw340.c,113": FIX-ME: Overriding function 'AssembleGun' but not marked as 'override'
SCRIPT    (W): @"JunkYardDogV4/scripts/4_World/actionsalvagewreck.c,32": FIX-ME: Overriding function 'GetText' but not marked as 'override'
SCRIPT    (W): @"BPGuns\scripts\4_world/entities\firearms\revolver\sw340.c,9": FIX-ME: Overriding function 'AssembleGun' but not marked as 'override'
SCRIPT    (W): @"GarbageSearch/Scripts/4_World/garbagescriptclass.c,188": FIX-ME: Overriding function 'Get_StaticReturnItem' but not marked as 'override'
SCRIPT    (W): @"BP_Shelf_O\scripts\4_world/entities\furniture\bp_sofa_gun_rack.c,68": FIX-ME: Overriding function 'UpdateVisualState' but not marked as 'override'
SCRIPT    (W): @"BP_Shelf_O\scripts\4_world/entities\lock\lockedbox_base.c,250": FIX-ME: Overriding function 'UpdateVisualState' but not marked as 'override'
SCRIPT    (W): @"CodeLock/scripts/4_world/gui\guestcodemenu.c,29": FIX-ME: Overriding function 'SendRPC' but not marked as 'override'
SCRIPT    (W): @"GoreZ/4_world/classes\bleedingsources\bleedingsource.c,56": FIX-ME: Overriding function 'GetBit' but not marked as 'override'
SCRIPT    (W): @"GoreZ/4_world/classes\bleedingsources\bleedingsource.c,157": FIX-ME: Overriding function 'DrawDebugShape' but not marked as 'override'
SCRIPT    (W): @"BP_Workbench/scripts/4_World/entities\itembase\bp_workbench.c,3": FIX-ME: Overriding function 'SetActions' but not marked as 'override'
SCRIPT    (W): @"BP_Workbench/scripts/4_World/entities\itembase\bp_workbench.c,56": FIX-ME: Overriding function 'SetActions' but not marked as 'override'
SCRIPT    (W): @"GarbageSearch/Scripts/4_World/garbagescriptclass.c,107": FIX-ME: Overriding function 'Get_StaticReturnItem' but not marked as 'override'
SCRIPT    (W): @"GarbageSearch/Scripts/4_World/garbagescriptclass.c,114": FIX-ME: Overriding function 'Get_StaticReturnItem' but not marked as 'override'
SCRIPT    (W): @"GarbageSearch/Scripts/4_World/garbagescriptclass.c,121": FIX-ME: Overriding function 'Get_StaticReturnItem' but not marked as 'override'
SCRIPT    (W): @"GarbageSearch/Scripts/4_World/garbagescriptclass.c,128": FIX-ME: Overriding function 'Get_StaticReturnItem' but not marked as 'override'
SCRIPT    (W): @"GarbageSearch/Scripts/4_World/garbagescriptclass.c,135": FIX-ME: Overriding function 'Get_StaticReturnItem' but not marked as 'override'
SCRIPT    (W): @"GarbageSearch/Scripts/4_World/garbagescriptclass.c,142": FIX-ME: Overriding function 'Get_StaticReturnItem' but not marked as 'override'
SCRIPT    (W): @"GarbageSearch/Scripts/4_World/garbagescriptclass.c,171": FIX-ME: Overriding function 'Get_StaticReturnItem' but not marked as 'override'
SCRIPT    (W): @"GarbageSearch/Scripts/4_World/garbagescriptclass.c,178": FIX-ME: Overriding function 'Get_StaticReturnItem' but not marked as 'override'
SCRIPT    (W): @"BP2/scripts/4_world/longbox/д?ѝѐ.p3d,3": FIX-ME: Overriding function 'UpdateVisualState' but not marked as 'override'
SCRIPT    (W): @"BP_Workbench/scripts/4_World/entities\itembase\bp_workbench_static.c,3": FIX-ME: Overriding function 'SetActions' but not marked as 'override'
SCRIPT    (W): @"utopia_patrol_helicopter_scripts/L4SbwPx4/ SuWu1KU /dntQGuBG/﻿﻿/L2ekv8u6/zZczjFyV/em9tiEfZ.x zUJN  ,166": FIX-ME: Overloading event 'EOnInit' is not allowed
SCRIPT    (W): @"CodeLock/scripts/4_world/gui\claimcodemenu.c,27": FIX-ME: Overriding function 'SendRPC' but not marked as 'override'
SCRIPT    (W): @"CBD_LootRoomsSystem/Scripts/4_World/enities\cbd_missionlaptop.c,142": FIX-ME: Overloaded method 'CanReleaseCargo', argument name 'attachment' differs from prototype 'cargo'
SCRIPT    (W): @"CodeLock/scripts/4_world/gui\entercodemenu.c,37": FIX-ME: Overriding function 'SendRPC' but not marked as 'override'
SCRIPT    (W): @"GarbageSearch/Scripts/4_World/garbagescriptclass.c,49": FIX-ME: Overriding function 'Get_StaticReturnItem' but not marked as 'override'
SCRIPT    (W): @"GarbageSearch/Scripts/4_World/garbagescriptclass.c,210": FIX-ME: Overriding function 'Get_StaticReturnItem' but not marked as 'override'
SCRIPT    (W): @"BPcamping_O\scripts\4_world/big_door\bp_big_door.c,190": FIX-ME: Overriding function 'CheckFenceClosed' but not marked as 'override'
SCRIPT    (W): @"BPcamping_O\scripts\4_world/big_door\bp_big_door.c,206": FIX-ME: Overriding function 'GateAttachmentsSanityCheck' but not marked as 'override'
SCRIPT    (W): @"BP_Workbench/scripts/4_World/craftmanager\hud\crafthud.c,312": FIX-ME: Overriding function 'OnMouseEnter' but not marked as 'override'
SCRIPT    (W): @"JunkYardDogV4/scripts/4_World/junkyardscriptclass.c,396": FIX-ME: Overriding function 'Get_StaticReturnItem' but not marked as 'override'
SCRIPT    (W): @"JunkYardDogV4/scripts/4_World/junkyardscriptclass.c,377": FIX-ME: Overriding function 'Get_StaticReturnItem' but not marked as 'override'
SCRIPT    (W): @"BP_Shelf_O\scripts\4_world/entities\furniture\bp_tresh_bac_kit.c,68": FIX-ME: Overriding function 'UpdateVisualState' but not marked as 'override'
SCRIPT    (W): @"GarbageSearch/Scripts/4_World/garbagescriptclass.c,164": FIX-ME: Overriding function 'Get_StaticReturnItem' but not marked as 'override'
SCRIPT    (W): @"JunkYardDogV4/scripts/4_World/junkyardscriptclass.c,744": FIX-ME: Overriding function 'IsHealthVisible' but not marked as 'override'
SCRIPT    (W): @"JunkYardDogV4/scripts/4_World/junkyardscriptclass.c,752": FIX-ME: Overriding function 'IsInventoryItem' but not marked as 'override'
SCRIPT    (W): @"JunkYardDogV4/scripts/4_World/junkyardscriptclass.c,762": FIX-ME: Overloaded method 'CanPutIntoHands', argument name 'player' differs from prototype 'parent'
SCRIPT    (W): @"BP_Shelf_O\scripts\4_world/entities\lock\lockedbox_base.c,153": FIX-ME: Overriding function 'UpdateVisualState' but not marked as 'override'
SCRIPT    (W): @"BP_Shelf_O\scripts\4_world/entities\lock\lockedbox_base.c,194": FIX-ME: Overriding function 'UpdateVisualState' but not marked as 'override'
SCRIPT    (W): @"JunkYardDogV4/scripts/4_World/junkyardscriptclass.c,528": FIX-ME: Overriding function 'Get_StaticReturnItem' but not marked as 'override'
SCRIPT    (W): @"JunkYardDogV4/scripts/4_World/junkyardscriptclass.c,683": FIX-ME: Overriding function 'IsHealthVisible' but not marked as 'override'
SCRIPT    (W): @"JunkYardDogV4/scripts/4_World/junkyardscriptclass.c,691": FIX-ME: Overriding function 'IsInventoryItem' but not marked as 'override'
SCRIPT    (W): @"JunkYardDogV4/scripts/4_World/junkyardscriptclass.c,701": FIX-ME: Overloaded method 'CanPutIntoHands', argument name 'player' differs from prototype 'parent'
SCRIPT    (W): @"GarbageSearch/Scripts/4_World/garbagescriptclass.c,202": FIX-ME: Overriding function 'Get_StaticReturnItem' but not marked as 'override'
SCRIPT    (W): @"BPGuns\scripts\4_world/entities\firearms\revolver\sw340.c,204": FIX-ME: Overriding function 'AssembleGun' but not marked as 'override'
SCRIPT    (W): @"areaofdecay/dz_yanova_scripts/Scripts/4_World/fireplacebase\y_cookingpot.c,207": FIX-ME: Overloaded method 'CanRemoveFromHands', argument name 'player' differs from prototype 'parent'
SCRIPT    (W): @"areaofdecay/dz_yanova_scripts/Scripts/4_World/fireplacebase\y_cookingpot.c,257": FIX-ME: Overloaded method 'OnIgnitedTarget', argument name 'ignited_item' differs from prototype 'target_item'
SCRIPT    (W): @"JunkYardDogV4/scripts/4_World/junkyardscriptclass.c,508": FIX-ME: Overriding function 'Get_StaticReturnItem' but not marked as 'override'
SCRIPT    (W): @"PVEZ/4_World/pvez_adminconsolegui.c,760": Possible variable name conflict 'selectedZone'
SCRIPT    (W): @"PVEZ/4_World/pvez_adminconsolegui.c,825": Possible variable name conflict 'selectedLawbreaker'
SCRIPT    (W): @"harksbloodplague/52dd pel/ 3gNP7Jlz/H5 ZtDem/﻿﻿﻿﻿/1ryCtG6A/e eAmJmt/X4cai9VJ.y iMKmui,60": FIX-ME: Overriding function 'OnInit' but not marked as 'override'
SCRIPT    (W): @"harksbloodplague/52dd pel/ 3gNP7Jlz/H5 ZtDem/﻿﻿﻿﻿/1ryCtG6A/e eAmJmt/X4cai9VJ.y iMKmui,339": FIX-ME: Overloaded method 'CanReleaseCargo', argument name 'attachment' differs from prototype 'cargo'
SCRIPT    (W): @"JunkYardDogV4/scripts/4_World/junkyardscriptclass.c,460": FIX-ME: Overriding function 'Get_StaticReturnItem' but not marked as 'override'
SCRIPT    (W): @"GarbageSearch/Scripts/4_World/garbagescriptclass.c,218": FIX-ME: Overriding function 'Get_StaticReturnItem' but not marked as 'override'
SCRIPT    (W): @"BPcamping_O\scripts\4_world/door\bp_doors.c,158": FIX-ME: Overriding function 'CheckFenceClosed' but not marked as 'override'
SCRIPT    (W): @"BPcamping_O\scripts\4_world/door\bp_doors.c,185": FIX-ME: Overriding function 'GateAttachmentsSanityCheck' but not marked as 'override'
SCRIPT    (W): @"BPcamping_O\scripts\4_world/door\bp_doors.c,197": FIX-ME: Overriding function 'GateAttachmentConditions' but not marked as 'override'
SCRIPT    (W): @"BP_Shelf_O\scripts\4_world/entities\windgenerator.c,27": FIX-ME: Overloaded method 'CanPutIntoHands', argument name 'player' differs from prototype 'parent'
SCRIPT    (W): @"GarbageSearch/Scripts/4_World/garbagescriptclass.c,289": FIX-ME: Overriding function 'Get_StaticReturnItem' but not marked as 'override'
SCRIPT    (W): @"GarbageSearch/Scripts/4_World/garbagescriptclass.c,150": FIX-ME: Overriding function 'Get_StaticReturnItem' but not marked as 'override'
SCRIPT    (W): @"BP_Shelf_O\scripts\4_world/entities\garden\bp_gardenbox_steel.c,62": FIX-ME: Overriding function 'RefreshSlots' but not marked as 'override'
SCRIPT    (W): @"BP_Shelf_O\scripts\4_world/entities\furniture\bp_water_collector.c,12": FIX-ME: Overriding function 'UpdateVisualState' but not marked as 'override'
SCRIPT    (W): @"BP_Shelf_O\scripts\4_world/entities\furniture\bp_sm_locker_kit.c,68": FIX-ME: Overriding function 'UpdateVisualState' but not marked as 'override'
SCRIPT    (W): @"CodeLock/scripts/4_world/gui\setcodemenu.c,31": FIX-ME: Overriding function 'CheckState' but not marked as 'override'
SCRIPT    (W): @"BP_Grenade_launchers_O/scripts/4_World/ь*њюЭ.rvmat,39": FIX-ME: Overriding function 'Delete' but not marked as 'override'
SCRIPT    (W): @"GarbageSearch/Scripts/4_World/garbagescriptclass.c,79": FIX-ME: Overriding function 'Get_StaticReturnItem' but not marked as 'override'
SCRIPT    (W): @"CBD_LootRoomsSystem/Scripts/4_World/enities\cbd_vehilceparts.c,6": FIX-ME: Method argument can't be strong reference
SCRIPT    (W): @"GarbageSearch/Scripts/4_World/garbagescriptclass.c,93": FIX-ME: Overriding function 'Get_StaticReturnItem' but not marked as 'override'
SCRIPT    (W): @"GarbageSearch/Scripts/4_World/garbagescriptclass.c,100": FIX-ME: Overriding function 'Get_StaticReturnItem' but not marked as 'override'
SCRIPT    (W): @"JunkYardDogV4/scripts/4_World/junkyardscriptclass.c,439": FIX-ME: Overriding function 'Get_StaticReturnItem' but not marked as 'override'
SCRIPT    (W): @"BP_Workbench/scripts/4_World/entities\itembase\bp_workbench_static.c,34": FIX-ME: Overriding function 'SetActions' but not marked as 'override'
SCRIPT    (W): @"GarbageSearch/Scripts/4_World/garbagescriptclass.c,296": FIX-ME: Overriding function 'Get_StaticReturnItem' but not marked as 'override'
SCRIPT    (W): @"BP_Shelf_O\scripts\4_world/entities\garden\garden.c,62": FIX-ME: Overriding function 'RefreshSlots' but not marked as 'override'
SCRIPT    (W): @"BP_Shelf_O\scripts\4_world/entities\woodstorage.c,15": FIX-ME: Overriding function 'SetPartsAfterStoreLoad' but not marked as 'override'
SCRIPT    (W): @"GarbageSearch/Scripts/4_World/garbagescriptclass.c,303": FIX-ME: Overriding function 'Get_StaticReturnItem' but not marked as 'override'
SCRIPT    (W): @"GarbageSearch/Scripts/4_World/garbagescriptclass.c,71": FIX-ME: Overriding function 'Get_StaticReturnItem' but not marked as 'override'
SCRIPT    (W): @"BP_Workbench/scripts/4_World/craftmanager\hud\oneitemforctaft.c,22": FIX-ME: Unsafe down-casting, use 'EntityAI.Cast' for safe down-casting
SCRIPT    (W): @"BP_Workbench/scripts/4_World/craftmanager\hud\crafthud.c,454": FIX-ME: Undefined function 'DayZGame.GetMousePos'
SCRIPT    (W): @"CBD_LootRoomsSystem/Scripts/4_World/modules\cbd_cfmodule.c,142": Possible variable name conflict 'settings'
SCRIPT    (W): @"CBD_LootRoomsSystem/Scripts/4_World/modules\cbd_cfmodule.c,397": Possible variable name conflict 'settings'
SCRIPT    (W): @"CBD_LootRoomsSystem/Scripts/4_World/modules\cbd_cfmodule.c,981": No need to use 'Cast' for up-casting
SCRIPT    (W): @"CodeLock/scripts/4_world/actions\continuous\actiondestroycodelockontent.c,73": Possible variable name conflict '_Health'
SCRIPT    (W): @"CodeLock/scripts/4_world/actions\continuous\actiondestroycodelockonfence.c,67": Possible variable name conflict '_Health'
SCRIPT    (W): @"GarbageSearch/Scripts/4_World/actionsearchgarbage.c,151": No need to use 'Cast' for up-casting
SCRIPT    (W): @"GarbageSearch/Scripts/4_World/actionsearchgarbage.c,157": No need to use 'Cast' for up-casting
SCRIPT    (W): @"GarbageSearch/Scripts/4_World/actionsearchgarbage.c,211": No need to use 'Cast' for up-casting
SCRIPT    (W): @"HelziMagazineLoading_SERVER/Scripts/4_World/classes\utils.c,103": FIX-ME: Unsafe down-casting, use 'Magazine.Cast' for safe down-casting
SCRIPT    (W): @"HelziMagazineLoading_SERVER/Scripts/4_World/classes\utils.c,162": FIX-ME: Unsafe down-casting, use 'Magazine.Cast' for safe down-casting
SCRIPT    (W): @"HelziMagazineLoading_SERVER/Scripts/4_World/classes\utils.c,221": FIX-ME: Unsafe down-casting, use 'Magazine.Cast' for safe down-casting
SCRIPT    (W): @"HelziMagazineLoading_SERVER/Scripts/4_World/classes\ammobox.c,286": FIX-ME: Unsafe down-casting, use 'Magazine.Cast' for safe down-casting
SCRIPT    (W): @"HelziMagazineLoading_SERVER/Scripts/4_World/classes\ammobox.c,317": FIX-ME: Unsafe down-casting, use 'Magazine.Cast' for safe down-casting
SCRIPT    (W): @"HelziMagazineLoading_SERVER/Scripts/4_World/classes\ammobox.c,348": FIX-ME: Unsafe down-casting, use 'Magazine.Cast' for safe down-casting
SCRIPT    (W): @"InediaInfectedAI/scripts/4_World/inediainfectedai\entities\creatures\infected\zombiebase.c,3251": Possible variable name conflict 'm_BloodParticle'
SCRIPT    (W): @"JunkYardDogV4/scripts/4_World/actionsalvagewreck.c,180": No need to use 'Cast' for up-casting
SCRIPT    (W): @"JunkYardDogV4/scripts/4_World/actionsalvagewreck.c,299": No need to use 'Cast' for up-casting
SCRIPT    (W): @"KTWorkbenchClient/scripts/4_World/pluginmanager\crafthandlerclient\craft\craftmethod.c,747": FIX-ME: Unsafe down-casting, use 'ItemBase.Cast' for safe down-casting
SCRIPT    (W): @"Weapons/Scripts/4_World/itembase\jmc_prototype_optic.c,76": FIX-ME: Unsafe down-casting, use 'PlayerBase.Cast' for safe down-casting
SCRIPT       : [HeliCrashNewConfig] config found, loading...
SCRIPT       : Registering faction type eAIFactionLunatics ID 1167351711
SCRIPT       : Registering faction type eAIFactionInfected ID 1371958374
SCRIPT    (W): @"KTWorkbenchClient/scripts/5_Mission/dayzone\gui\craft\resulttagshandler\resulttagshandler.c,24": Missing ';' at the end of line
SCRIPT    (W): @"KTWorkbenchClient/scripts/5_Mission/dayzone\gui\craft\queuepanel\queueitem.c,125": Missing ';' at the end of line
SCRIPT    (W): @"BP_Workbench/scripts/5_Mission/mission\missionserver.c,10": FIX-ME: Overriding function 'InvokeOnConnect' but not marked as 'override'
SCRIPT    (W): @"ZenUtilities/scripts/5_mission/missionserver.c,15": FIX-ME: Overriding function 'InvokeOnDisconnect' but not marked as 'override'
SCRIPT    (W): @"ammoPackingunpackingmod\Scripts\5_Mission/mg&msclass.c,51": FIX-ME: Method argument can't be strong reference
SCRIPT    (W): @"ammoPackingunpackingmod\Scripts\5_Mission/mg&msclass.c,51": FIX-ME: Method argument can't be strong reference
SCRIPT    (W): @"ammoPackingunpackingmod\Scripts\5_Mission/mg&msclass.c,51": FIX-ME: Method argument can't be strong reference
SCRIPT    (W): @"ammoPackingunpackingmod\Scripts\5_Mission/mg&msclass.c,59": FIX-ME: Method argument can't be strong reference
SCRIPT    (W): @"ammoPackingunpackingmod\Scripts\5_Mission/mg&msclass.c,59": FIX-ME: Method argument can't be strong reference
SCRIPT    (W): @"ammoPackingunpackingmod\Scripts\5_Mission/mg&msclass.c,59": FIX-ME: Method argument can't be strong reference
SCRIPT    (W): @"ammoPackingunpackingmod\Scripts\5_Mission/mg&msclass.c,67": FIX-ME: Method argument can't be strong reference
SCRIPT    (W): @"ammoPackingunpackingmod\Scripts\5_Mission/mg&msclass.c,67": FIX-ME: Method argument can't be strong reference
SCRIPT    (W): @"ammoPackingunpackingmod\Scripts\5_Mission/mg&msclass.c,67": FIX-ME: Method argument can't be strong reference
SCRIPT    (W): @"ammoPackingunpackingmod\Scripts\5_Mission/mg&msclass.c,16": FIX-ME: Method argument can't be strong reference
SCRIPT    (W): @"ammoPackingunpackingmod\Scripts\5_Mission/mg&msclass.c,16": FIX-ME: Method argument can't be strong reference
SCRIPT    (W): @"ammoPackingunpackingmod\Scripts\5_Mission/mg&msclass.c,16": FIX-ME: Method argument can't be strong reference
SCRIPT    (W): @"ammoPackingunpackingmod\Scripts\5_Mission/mg&msclass.c,22": FIX-ME: Method argument can't be strong reference
SCRIPT    (W): @"ammoPackingunpackingmod\Scripts\5_Mission/mg&msclass.c,22": FIX-ME: Method argument can't be strong reference
SCRIPT    (W): @"ammoPackingunpackingmod\Scripts\5_Mission/mg&msclass.c,22": FIX-ME: Method argument can't be strong reference
SCRIPT    (W): @"ammoPackingunpackingmod\Scripts\5_Mission/mg&msclass.c,28": FIX-ME: Method argument can't be strong reference
SCRIPT    (W): @"ammoPackingunpackingmod\Scripts\5_Mission/mg&msclass.c,28": FIX-ME: Method argument can't be strong reference
SCRIPT    (W): @"ammoPackingunpackingmod\Scripts\5_Mission/mg&msclass.c,28": FIX-ME: Method argument can't be strong reference
SCRIPT    (W): @"bl_crafting_ex\scripts\5_Mission/missiongameplay.c,15": FIX-ME: Method argument can't be strong reference
SCRIPT    (W): @"bl_crafting_ex\scripts\5_Mission/missiongameplay.c,15": FIX-ME: Method argument can't be strong reference
SCRIPT    (W): @"bl_crafting_ex\scripts\5_Mission/missiongameplay.c,15": FIX-ME: Method argument can't be strong reference
SCRIPT    (W): @"bl_crafting_ex\scripts\5_Mission/missionserver.c,14": FIX-ME: Method argument can't be strong reference
SCRIPT    (W): @"bl_crafting_ex\scripts\5_Mission/missionserver.c,14": FIX-ME: Method argument can't be strong reference
SCRIPT    (W): @"bl_crafting_ex\scripts\5_Mission/missionserver.c,14": FIX-ME: Method argument can't be strong reference
SCRIPT    (W): @"BP_Shelf_O/scripts/5_Mission/attachments.c,3": FIX-ME: Overriding function 'VerifyIconImageString' but not marked as 'override'
SCRIPT    (W): @"KTWorkbenchClient/scripts/5_Mission/dayzone\gui\components\layoutwrapper.c,101": FIX-ME: Unsafe down-casting, use 'Managed.Cast' for safe down-casting
SCRIPT    (W): @"KTWorkbenchClient/scripts/5_Mission/dayzone\gui\components\layoutwrapper.c,109": FIX-ME: Unsafe down-casting, use 'Managed.Cast' for safe down-casting
SCRIPT    (W): @"KTWorkbenchClient/scripts/5_Mission/dayzone\gui\components\layoutwrapper.c,117": FIX-ME: Unsafe down-casting, use 'Managed.Cast' for safe down-casting
SCRIPT    (W): @"KTWorkbenchClient/scripts/5_Mission/dayzone\gui\components\layoutwrapper.c,125": FIX-ME: Unsafe down-casting, use 'Managed.Cast' for safe down-casting
SCRIPT    (W): @"KTWorkbenchClient/scripts/5_Mission/dayzone\gui\components\layoutwrapper.c,133": FIX-ME: Unsafe down-casting, use 'Managed.Cast' for safe down-casting
SCRIPT    (W): @"KTWorkbenchClient/scripts/5_Mission/dayzone\gui\components\layoutwrapper.c,141": FIX-ME: Unsafe down-casting, use 'Managed.Cast' for safe down-casting
SCRIPT    (W): @"KTWorkbenchClient/scripts/5_Mission/dayzone\gui\components\layoutwrapper.c,149": FIX-ME: Unsafe down-casting, use 'Managed.Cast' for safe down-casting
SCRIPT    (W): @"KTWorkbenchClient/scripts/5_Mission/dayzone\gui\components\layoutwrapper.c,157": FIX-ME: Unsafe down-casting, use 'Managed.Cast' for safe down-casting
SCRIPT    (W): @"KTWorkbenchClient/scripts/5_Mission/dayzone\gui\components\layoutwrapper.c,165": FIX-ME: Unsafe down-casting, use 'Managed.Cast' for safe down-casting
SCRIPT    (W): @"KTWorkbenchClient/scripts/5_Mission/dayzone\gui\components\layoutwrapper.c,173": FIX-ME: Unsafe down-casting, use 'Managed.Cast' for safe down-casting
SCRIPT    (W): @"KTWorkbenchClient/scripts/5_Mission/dayzone\gui\components\layoutwrapper.c,181": FIX-ME: Unsafe down-casting, use 'Managed.Cast' for safe down-casting
SCRIPT    (W): @"KTWorkbenchClient/scripts/5_Mission/dayzone\gui\components\layoutwrapper.c,189": FIX-ME: Unsafe down-casting, use 'Managed.Cast' for safe down-casting
SCRIPT    (W): @"KTWorkbenchClient/scripts/5_Mission/dayzone\gui\components\layoutwrapper.c,197": FIX-ME: Unsafe down-casting, use 'Managed.Cast' for safe down-casting
SCRIPT    (W): @"KTWorkbenchClient/scripts/5_Mission/dayzone\gui\components\layoutwrapper.c,205": FIX-ME: Unsafe down-casting, use 'Managed.Cast' for safe down-casting
SCRIPT    (W): @"KTWorkbenchClient/scripts/5_Mission/dayzone\gui\components\layoutwrapper.c,213": FIX-ME: Unsafe down-casting, use 'Managed.Cast' for safe down-casting
SCRIPT    (W): @"KTWorkbenchClient/scripts/5_Mission/dayzone\gui\craft\resultscarousel\resultscarouselitem.c,50": FIX-ME: Unsafe down-casting, use 'ItemBase.Cast' for safe down-casting
SCRIPT    (W): @"KTWorkbenchClient/scripts/5_Mission/dayzone\gui\craft\recipecontentpanel\ingredientspanel\ingredientitem.c,192": Possible variable name conflict 'pseudoClass'
SCRIPT    (W): @"KTWorkbenchClient/scripts/5_Mission/dayzone\gui\craft\recipecontentpanel\recipecontentpanel.c,109": FIX-ME: Unsafe down-casting, use 'ItemBase.Cast' for safe down-casting
SCRIPT    (W): @"KTWorkbenchClient/scripts/5_Mission/dayzone\gui\craft\recipecontentpanel\recipecontentpanel.c,185": FIX-ME: Unsafe down-casting, use 'EntityAI.Cast' for safe down-casting
SCRIPT    (W): @"KTWorkbenchClient/scripts/5_Mission/dayzone\gui\craft\recipecontentpanel\recipecontentpanel.c,299": FIX-ME: Unsafe down-casting, use 'ItemBase.Cast' for safe down-casting
SCRIPT    (W): @"KTWorkbenchClient/scripts/5_Mission/dayzone\gui\craft\tooltip\ingredientpreview.c,103": FIX-ME: Unsafe down-casting, use 'ItemBase.Cast' for safe down-casting
SCRIPT    (W): @"KTWorkbenchClient/scripts/5_Mission/dayzone\gui\craft\tooltip\ingredientpseudoitempreview.c,42": FIX-ME: Unsafe down-casting, use 'ItemBase.Cast' for safe down-casting
SCRIPT    (W): @"SearchInventory/Scripts/5_Mission/uihelper\ui\uisearchinventorywindow.c,338": FIX-ME: Undefined function 'DayZGame.GetMousePos'
SCRIPT       : 17:54:02.680 [EXPANSION DEBUG]: [ExpansionDebugSettings] Load existing setting file:$profile:ExpansionMod\Settings\DebugSettings.json
SCRIPT       : 17:54:02.680 [EXPANSION DEBUG]: [ExpansionLogSettings] Load existing setting file:$profile:ExpansionMod\Settings\LogsSettings.json
SCRIPT       : 17:54:02.689 [EXPANSION DEBUG]: [ExpansionNotificationSettings] Load existing setting file:$profile:ExpansionMod\Settings\NotificationSettings.json
SCRIPT       : 17:54:02.701 [EXPANSION DEBUG]: [ExpansionMonitoringSettings] Load existing setting file:$profile:ExpansionMod\Settings\MonitoringSettings.json
SCRIPT       : 17:54:02.702 [EXPANSION DEBUG]: [ExpansionDamageSystemSettings] Load existing setting file:$profile:ExpansionMod\Settings\DamageSystemSettings.json
SCRIPT       : 17:54:02.702 [EXPANSION DEBUG]: [ExpansionMarketSettings] Load existing setting file:$mission:expansion\settings\MarketSettings.json
SCRIPT       : ExpansionMarketSettings::LoadCategories - Adding category ID 1 (Ammo)
SCRIPT       : ExpansionMarketSettings::LoadCategories - Adding category ID 2 (Ammo_Boxes)
SCRIPT       : ExpansionMarketSettings::LoadCategories - Adding category ID 3 (Armbands)
SCRIPT       : ExpansionMarketSettings::LoadCategories - Adding category ID 4 (Assault_Rifles)
SCRIPT       : ExpansionMarketSettings::LoadCategories - Adding category ID 5 (Backpacks)
SCRIPT       : ExpansionMarketSettings::LoadCategories - Adding category ID 6 (Bandanas)
SCRIPT       : ExpansionMarketSettings::LoadCategories - Adding category ID 7 (Batteries)
SCRIPT       : ExpansionMarketSettings::LoadCategories - Adding category ID 8 (Bayonets)
SCRIPT       : ExpansionMarketSettings::LoadCategories - Adding category ID 9 (Belts)
SCRIPT       : ExpansionMarketSettings::LoadCategories - Adding category ID 10 (Blouses_And_Suits)
SCRIPT       : ExpansionMarketSettings::LoadCategories - Adding category ID 11 (Boots_And_Shoes)
SCRIPT       : ExpansionMarketSettings::LoadCategories - Adding category ID 12 (Buttstocks)
SCRIPT       : ExpansionMarketSettings::LoadCategories - Adding category ID 13 (Caps)
SCRIPT       : ExpansionMarketSettings::LoadCategories - Adding category ID 14 (Cars)
SCRIPT       : ExpansionMarketSettings::LoadCategories - Adding category ID 15 (Coats_And_Jackets)
SCRIPT       : ExpansionMarketSettings::LoadCategories - Adding category ID 16 (Containers)
SCRIPT       : ExpansionMarketSettings::LoadCategories - Adding category ID 17 (Crossbows)
SCRIPT       : ExpansionMarketSettings::LoadCategories - Adding category ID 18 (Drinks)
SCRIPT       : ExpansionMarketSettings::LoadCategories - Adding category ID 19 (Electronics)
SCRIPT       : ExpansionMarketSettings::LoadCategories - Adding category ID 20 (Event)
SCRIPT       : ExpansionMarketSettings::LoadCategories - Adding category ID 21 (Exchange)
SCRIPT       : ExpansionMarketSettings::LoadCategories - Adding category ID 22 (Explosives_And_Grenades)
SCRIPT       : ExpansionMarketSettings::LoadCategories - Adding category ID 23 (Eyewear)
SCRIPT       : ExpansionMarketSettings::LoadCategories - Adding category ID 24 (Fish)
SCRIPT       : ExpansionMarketSettings::LoadCategories - Adding category ID 25 (Fishing)
SCRIPT       : ExpansionMarketSettings::LoadCategories - Adding category ID 26 (Flags)
SCRIPT       : ExpansionMarketSettings::LoadCategories - Adding category ID 27 (Food)
SCRIPT       : ExpansionMarketSettings::LoadCategories - Adding category ID 28 (Fruit_And_Vegetables)
SCRIPT       : ExpansionMarketSettings::LoadCategories - Adding category ID 29 (Furnishings)
SCRIPT       : ExpansionMarketSettings::LoadCategories - Adding category ID 30 (Gardening)
SCRIPT       : ExpansionMarketSettings::LoadCategories - Adding category ID 31 (Ghillies)
SCRIPT       : ExpansionMarketSettings::LoadCategories - Adding category ID 32 (Gloves)
SCRIPT       : ExpansionMarketSettings::LoadCategories - Adding category ID 33 (Handguards)
SCRIPT       : ExpansionMarketSettings::LoadCategories - Adding category ID 34 (Hats_And_Hoods)
SCRIPT       : ExpansionMarketSettings::LoadCategories - Adding category ID 35 (Helmets)
SCRIPT       : ExpansionMarketSettings::LoadCategories - Adding category ID 36 (Holsters_And_Pouches)
SCRIPT       : ExpansionMarketSettings::LoadCategories - Adding category ID 37 (Kits)
SCRIPT       : ExpansionMarketSettings::LoadCategories - Adding category ID 38 (Knifes)
SCRIPT       : ExpansionMarketSettings::LoadCategories - Adding category ID 39 (Lights)
SCRIPT       : ExpansionMarketSettings::LoadCategories - Adding category ID 40 (Liquids)
SCRIPT       : ExpansionMarketSettings::LoadCategories - Adding category ID 41 (Locks)
SCRIPT       : ExpansionMarketSettings::LoadCategories - Adding category ID 42 (Magazines)
SCRIPT       : ExpansionMarketSettings::LoadCategories - Adding category ID 43 (Masks)
SCRIPT       : ExpansionMarketSettings::LoadCategories - Adding category ID 44 (Meat)
SCRIPT       : ExpansionMarketSettings::LoadCategories - Adding category ID 45 (Medical)
SCRIPT       : ExpansionMarketSettings::LoadCategories - Adding category ID 46 (Melee_Weapons)
SCRIPT       : ExpansionMarketSettings::LoadCategories - Adding category ID 47 (Muzzles)
SCRIPT       : ExpansionMarketSettings::LoadCategories - Adding category ID 48 (Navigation)
SCRIPT       : ExpansionMarketSettings::LoadCategories - Adding category ID 49 (Optics)
SCRIPT       : ExpansionMarketSettings::LoadCategories - Adding category ID 50 (Pants_And_Shorts)
SCRIPT       : ExpansionMarketSettings::LoadCategories - Adding category ID 51 (Pistols)
SCRIPT       : ExpansionMarketSettings::LoadCategories - Adding category ID 52 (Rifles)
SCRIPT       : ExpansionMarketSettings::LoadCategories - Adding category ID 53 (Shirts_And_TShirts)
SCRIPT       : ExpansionMarketSettings::LoadCategories - Adding category ID 54 (Shotguns)
SCRIPT       : ExpansionMarketSettings::LoadCategories - Adding category ID 55 (Skirts_And_Dresses)
SCRIPT       : ExpansionMarketSettings::LoadCategories - Adding category ID 56 (Sniper_Rifles)
SCRIPT       : ExpansionMarketSettings::LoadCategories - Adding category ID 57 (Submachine_Guns)
SCRIPT       : ExpansionMarketSettings::LoadCategories - Adding category ID 58 (Supplies)
SCRIPT       : ExpansionMarketSettings::LoadCategories - Adding category ID 59 (Sweaters_And_Hoodies)
SCRIPT       : ExpansionMarketSettings::LoadCategories - Adding category ID 60 (Tents)
SCRIPT       : ExpansionMarketSettings::LoadCategories - Adding category ID 61 (Tools)
SCRIPT       : ExpansionMarketSettings::LoadCategories - Adding category ID 62 (Vehicle_Parts)
SCRIPT       : ExpansionMarketSettings::LoadCategories - Adding category ID 63 (Vests)
SCRIPT       : MARKET CONFIGURATION ERROR: Can't add nvgoggles to trader Components - item does not exist in market
Use https://github.com/lava76/check_expansion_market_variants/releases to fix
SCRIPT       : TRADER CONFIGURATION ERROR: Category Launchers in Weapons does not exist!
SCRIPT       : 17:54:03.271 [EXPANSION DEBUG]: ExpansionAILocationSettings<bbae15a0> Load existing setting file:$mission:expansion\settings\AILocationSettings.json
SCRIPT       : 17:54:03.281 [EXPANSION DEBUG]: [ExpansionAISettings] Load existing setting file:$profile:ExpansionMod\Settings\AISettings.json
SCRIPT       : 17:54:03.284 [EXPANSION DEBUG]: [ExpansionAIPatrolSettings] Load existing setting file:$mission:expansion\settings\AIPatrolSettings.json
SCRIPT       : [HelziMagazineLoading | CLIENT MOD] - Version client mod: 1.26 (Stable)...
SCRIPT       : [HelziMagazineLoading | CLIENT MOD] - The client started looking for the server part of the mod!
SCRIPT       : [HelziMagazineLoading | SERVER MOD] - Version server mod: 1.26 (Stable)...
SCRIPT       : [HelziMagazineLoading | SERVER MOD] - The client part has been found, the mod is in stable operation!
SCRIPT       : Vanilla++ AdminTools Plugins Registering..
SCRIPT       : [TERJE CORE](INFO): Loaded 12 settings from the Core.cfg
SCRIPT       : [TERJE CORE](INFO): Loaded 290 settings from the Medicine.cfg
SCRIPT       : [TERJE CORE](INFO): Loaded 185 settings from the Skills.cfg
SCRIPT       : [TERJE CORE](INFO): Loaded 53 settings from the StartScreen.cfg
SCRIPT       : [TERJE CORE](INFO): Registered 7 custom recipes.
SCRIPT       : [WebHooksManager] Loading Saved Webhooks configuration
SCRIPT       : Spawning Building [Land_Misc_FireBarrel_Yellow-540057617]
SCRIPT       : Expansion version: 1.9.38
SCRIPT       : [#CBD_LootSystem] Has Loaded successfully!
SCRIPT       : [DefineTest] EXPANSIONMODAI is defined
SCRIPT       : [DefineTest] EXPANSIONMODCORE is defined
SCRIPT       : [DefineTest] EXPANSIONMODMARKET is defined
SCRIPT       : [DefineTest] EXPANSIONMODP2PMARKET is defined
SCRIPT       : [DefineTest] CfgMods:
SCRIPT       : defaultAction
SCRIPT       : DayZ
SCRIPT       : AM_Define
SCRIPT       : DZ_Expansion_AI_Preload
SCRIPT       : DZ_Expansion_Core_Preload
SCRIPT       : DZ_Expansion_Market_Preload
SCRIPT       : DZ_Expansion_ModStorage_Preload
SCRIPT       : DZ_Expansion_P2PMarket_Preload
SCRIPT       : AimSounds
SCRIPT       : ExtraFarmingItems
SCRIPT       : dry_gully_structures_fireplace
SCRIPT       : dz_yanova_scripts
SCRIPT       : SobrMods_Barrel_Fix
SCRIPT       : bl_crafting
SCRIPT       : BLR_Carlock
SCRIPT       : BP_Mine_Land
SCRIPT       : BP_Smot_O
SCRIPT       : BP_Workbench
SCRIPT       : BPcamping_O
SCRIPT       : BPGuns
SCRIPT       : CBD_LootRoomsSystem
SCRIPT       : CodeLock
SCRIPT       : DabsFramework
SCRIPT       : DZ_Expansion_DefineTest
SCRIPT       : NoBuildZones
SCRIPT       : sakhal
SCRIPT       : EarPlugs
SCRIPT       : FireplaceIndoor
SCRIPT       : Flag80MeterRadius
SCRIPT       : GarbageSearch
SCRIPT       : GoreZ
SCRIPT       : Gos_nomer_Rusforma
SCRIPT       : HarksBloodPlague
SCRIPT       : HelziMagazineLoading_CLIENT
SCRIPT       : HelziMagazineLoading_SERVER
SCRIPT       : InediaInfectedAI
SCRIPT       : InventoryInCar
SCRIPT       : DZ_InventoryMoveSounds
SCRIPT       : JM_CommunityFramework
SCRIPT       : JunkYardDogV4
SCRIPT       : KTWorkbenchClient
SCRIPT       : PvZmoD_Spawn_System
SCRIPT       : LoftDmodGR_scripts
SCRIPT       : MountsAndSights
SCRIPT       : PVEZ
SCRIPT       : RaG_Immersive_Wells
SCRIPT       : RealisticDisplayQuantity
SCRIPT       : RiriteoPlants
SCRIPT       : SagaTreeShake
SCRIPT       : SIN_SearchInventory
SCRIPT       : ServerConfig_GS
SCRIPT       : ServerConfig_JD
SCRIPT       : STAG_Industries
SCRIPT       : StaminaRevised
SCRIPT       : Z_CfgMods_SuppPlus_O
SCRIPT       : Survivalists_Weapons_JMC
SCRIPT       : TerjeCore
SCRIPT       : TerjeMedicine
SCRIPT       : TerjePartyMod
SCRIPT       : TerjeSkills
SCRIPT       : TerjeSleepingBag
SCRIPT       : TerjeStartScreen
SCRIPT       : TWOC_CombineItems
SCRIPT       : Utopia_Patrol_Helicopter_Scripts
SCRIPT       : Z_CfgMods_VanillaDoubleMag_O
SCRIPT       : AVPPAdminTools
SCRIPT       : DeerIsle_Weapons
SCRIPT       : WindstrideClothing
SCRIPT       : ZenTerritories
SCRIPT       : ZenUtilities
SCRIPT       : AlteriaScripts
SCRIPT       : ND_ammoMaking
SCRIPT       : BP2_Mods
SCRIPT       : BPChees
SCRIPT       : BPprops
SCRIPT       : DZ_Expansion_ModStorage
SCRIPT       : FOG_MOD
SCRIPT       : InediaTerjeCompatibility
SCRIPT       : rag_immersive_vehicles
SCRIPT       : rag_baseitems
SCRIPT       : SimpleLootChests
SCRIPT       : STAG_Clothing_6sh118
SCRIPT       : STAG_Clothing_ArmyBack
SCRIPT       : TerjeCompatibilityVPP
SCRIPT       : BP_Uaz
SCRIPT       : Uaz_soba
SCRIPT       : Utopia_Patrol_Helicopter_Public
SCRIPT       : A3_UI_F
SCRIPT       : artillery_tractor
SCRIPT       : AZLK_2141RF
SCRIPT       : azlk_400
SCRIPT       : BP_F100
SCRIPT       : BP_Uaz452
SCRIPT       : BPMelee
SCRIPT       : BRDM2_RF
SCRIPT       : BTR_80
SCRIPT       : DZ_Expansion_Core
SCRIPT       : DZ_Expansion_Market
SCRIPT       : DZ_Expansion_NotificationScheduler
SCRIPT       : DZ_Expansion_P2PMarket
SCRIPT       : DZ_Expansion_VanillaFixes
SCRIPT       : dodge_power_wagonrus
SCRIPT       : F1_Pickup
SCRIPT       : FC_Fish_Equip
SCRIPT       : GAZ21_Volga
SCRIPT       : GAZ_12
SCRIPT       : GAZ_13_Chaika
SCRIPT       : Gaz_233002_Tiger
SCRIPT       : GAZ_3110_volga
SCRIPT       : GAZ_33081
SCRIPT       : gaz_51
SCRIPT       : Gaz_53RF
SCRIPT       : GAZ_66
SCRIPT       : GAZ_69_rus
SCRIPT       : GAZ_M20
SCRIPT       : IJ_2125_Kombi
SCRIPT       : ij_2715_RF
SCRIPT       : kamaz_4310RUS
SCRIPT       : KAVZ685_RF
SCRIPT       : kraz_255B
SCRIPT       : KubanG1
SCRIPT       : Niva2329
SCRIPT       : LIAZ_677RF
SCRIPT       : LoftDmodGR_Core
SCRIPT       : LoftdmodGR_Gear
SCRIPT       : LoftDmodGR_Military
SCRIPT       : LoftdmodGR_weapons
SCRIPT       : LUAZ_969
SCRIPT       : moskvich_407
SCRIPT       : MTLB_RF
SCRIPT       : Nomadbackpack_v3
SCRIPT       : PAZ_672
SCRIPT       : terjearmorfog
SCRIPT       : RaG_BaseBuilding
SCRIPT       : tractor_UMZ_RUS
SCRIPT       : UAZ_27722_mchs
SCRIPT       : UAZ_31519_Police
SCRIPT       : UAZ_3163
SCRIPT       : UAZ_3172
SCRIPT       : UAZ_33094
SCRIPT       : UAZ_3962
SCRIPT       : UAZ_469_army
SCRIPT       : UAZ_469_Hunter
SCRIPT       : UAZ_469_milicia
SCRIPT       : UAZ_Patrot_Pikap
SCRIPT       : URAL_375_1964
SCRIPT       : VAZ_2104RF
SCRIPT       : VAZ_2105_RUS
SCRIPT       : vaz_2106_RF
SCRIPT       : VAZ_2107RF
SCRIPT       : VAZ_21099R
SCRIPT       : VAZ_2109_RF
SCRIPT       : VBL
SCRIPT       : Volkswagen_Golf_RUS
SCRIPT       : ZAZ_965
SCRIPT       : ZAZ_968
SCRIPT       : ZAZ_968M
SCRIPT       : zHorde
SCRIPT       : ZIL133_double
SCRIPT       : ZIL_130
SCRIPT       : ZIL_130_ac40
SCRIPT       : ZIL_131
SCRIPT       : ZIL_157_rus
SCRIPT       : IJ_2140_SL
SCRIPT       : bl_camp
SCRIPT       : BP_Grenade_launchers
SCRIPT       : BP_Grenade_launchers_O
SCRIPT       : BP_Shelf_Mods
SCRIPT       : BP_Shelf_O
SCRIPT       : BP_Smot
SCRIPT       : BPcamping
SCRIPT       : BP_Food_Mods
SCRIPT       : BPZombie_Mods
SCRIPT       : CookZ
SCRIPT       : DZ_Expansion_AI
SCRIPT       : DayZ_Expansion_AI_Dynamic
SCRIPT       : KB_Workbench
SCRIPT       : LoftD_old_size
SCRIPT       : LoftDmodGR
SCRIPT       : LoftdmodGR_Bijouterie
SCRIPT       : LoftDmodGR_Civilian
SCRIPT       : AIWarZones
SCRIPT       : BP1_Mods
SCRIPT       : BP3
SCRIPT       : PVEZ :: Will use config files in profiles
SCRIPT       : [CookZ] Successfully loaded configuration.
SCRIPT       : [Server_Config_GarbageSearch]- 	Checking For Config Files
SCRIPT       : [Server_Config_GarbageSearch]- 	Found Config Files!
SCRIPT       : [Server_Config_JunkYardDog]- 	Checking For Config Files
SCRIPT       : [Server_Config_JunkYardDog]- 	Found Config Files!
SCRIPT       : [SagaTreeShake] Loaded settings (version 4)
SCRIPT       : [SagaTreeShake] MissionServer.OnInit ensured settings are loaded
SCRIPT       : [MissionServer] OnInit - Server
SCRIPT       : [INFO] Config loaded successfully.
SCRIPT       : [INFO] HordeManager initialized.
SCRIPT       : [BLCraftables] OnInit
SCRIPT       : [BLCraftables] --- Loading Config.
SCRIPT       : [AYSA] [AI WAR ZONES] 
SCRIPT       : [AYSA] ----- Loading cfg -----
SCRIPT       : [AYSA] [AI WAR ZONES] --> config loaded, zone count: 8
SCRIPT       : [AYSA] [AI WAR ZONES] --> Zone[0]: The Raid near Old Castle
SCRIPT       : [AYSA] [AI WAR ZONES] --> Zone[1]: Quarry Conundrum
SCRIPT       : [AYSA] [AI WAR ZONES] --> Zone[2]: Cassandra City Hall
SCRIPT       : [AYSA] [AI WAR ZONES] --> Zone[3]: Raid on Old Castle
SCRIPT       : [AYSA] [AI WAR ZONES] --> Zone[4]: South Harbour - Milvan Mayhem
SCRIPT       : [AYSA] [AI WAR ZONES] --> Zone[5]: Ruin-Town Rumble
SCRIPT       : [AYSA] [AI WAR ZONES] --> Zone[6]: Kefka Kalamity
SCRIPT       : [AYSA] [AI WAR ZONES] --> Zone[7]: The Fight For Control - Airfield
SCRIPT       : Harks Blood Plague Mod Loaded....
SCRIPT       : 17:55:59.402 [EXPANSION DEBUG]: LoadMissionTradersFile trader ExpansionTraderGuo<6561b020> fileName Consumables
SCRIPT       : 17:55:59.402 [EXPANSION DEBUG]: ExpansionTraderGuo<6561b020>::SetTraderObject ExpansionTraderObjectBase<65618a80> <2266.186768, 94.534958, 6326.870117>
SCRIPT       : 17:55:59.519 [EXPANSION DEBUG]: LoadMissionTradersFile trader ExpansionTraderFrancis<70099030> fileName Fishing
SCRIPT       : 17:55:59.519 [EXPANSION DEBUG]: ExpansionTraderFrancis<70099030>::SetTraderObject ExpansionTraderObjectBase<71524f00> <2274.841064, 94.534966, 6325.490234>
SCRIPT       : 17:55:59.614 [EXPANSION DEBUG]: LoadMissionTradersFile trader ExpansionTraderIndar<723bd020> fileName Components
SCRIPT       : 17:55:59.614 [EXPANSION DEBUG]: ExpansionTraderIndar<723bd020>::SetTraderObject ExpansionTraderObjectBase<72386a40> <2276.158447, 94.535011, 6327.597168>
SCRIPT       : 17:56:00.227 [EXPANSION DEBUG]: LoadMissionTradersFile trader ExpansionTraderOliver<746f4280> fileName Weapons
SCRIPT       : 17:56:00.228 [EXPANSION DEBUG]: ExpansionTraderOliver<746f4280>::SetTraderObject ExpansionTraderObjectBase<748893a0> <6948.391602, 63.131378, 822.539734>
SCRIPT       : 17:56:00.315 [EXPANSION DEBUG]: LoadMissionTradersFile trader ExpansionTraderManua<750e5010> fileName Vehicles
SCRIPT       : 17:56:00.316 [EXPANSION DEBUG]: ExpansionTraderManua<750e5010>::SetTraderObject ExpansionTraderObjectBase<75039510> <6948.254395, 63.142570, 825.808777>
SCRIPT       : [MissionServer] OnMissionStart - Server
SCRIPT       : string dirtyName = '[AU]HardcoreHorizons|Alteria|PVE|AI|Terje|Inedia|HardcoreSurvival'
SCRIPT       : [ZenTerritories] Loading Config
SCRIPT       : [Pot::OnQuantityChanged] :: [INFO] :: Undefined liquid type quantity changed, please define liquid type first! Using init value.
SCRIPT       : [Pot::OnQuantityChanged] :: [INFO] :: Undefined liquid type quantity changed, please define liquid type first! Using init value.
SCRIPT       : [Pot::OnQuantityChanged] :: [INFO] :: Undefined liquid type quantity changed, please define liquid type first! Using init value.
SCRIPT       : [Pot::OnQuantityChanged] :: [INFO] :: Undefined liquid type quantity changed, please define liquid type first! Using init value.
SCRIPT       : [Pot::OnQuantityChanged] :: [INFO] :: Undefined liquid type quantity changed, please define liquid type first! Using init value.
SCRIPT    (E): NULL pointer to instance
Class:      'PlagueHeart'
Entity id:1256700

Function: 'EEHealthLevelChanged'
Stack trace:
harksbloodplague/52dd pel/ 3gNP7Jlz/H5 ZtDem/﻿﻿﻿﻿/1ryCtG6A/e eAmJmt/X4cai9VJ.y iMKmui:185 Function EEHealthLevelChanged
$CurrentDir:mpmissions\empty.alteria\init.c:6 Function main
SCRIPT    (E): NULL pointer to instance
Class:      'PlagueHeart'
Entity id:1256725

Function: 'EEHealthLevelChanged'
Stack trace:
harksbloodplague/52dd pel/ 3gNP7Jlz/H5 ZtDem/﻿﻿﻿﻿/1ryCtG6A/e eAmJmt/X4cai9VJ.y iMKmui:172 Function EEHealthLevelChanged
$CurrentDir:mpmissions\empty.alteria\init.c:6 Function main
SCRIPT    (E): NULL pointer to instance
Class:      'PlagueHeart'
Entity id:1256733

Function: 'EEHealthLevelChanged'
Stack trace:
harksbloodplague/52dd pel/ 3gNP7Jlz/H5 ZtDem/﻿﻿﻿﻿/1ryCtG6A/e eAmJmt/X4cai9VJ.y iMKmui:159 Function EEHealthLevelChanged
$CurrentDir:mpmissions\empty.alteria\init.c:6 Function main
SCRIPT    (E): NULL pointer to instance
Class:      'PlagueHeart'
Entity id:1256770

Function: 'EEHealthLevelChanged'
Stack trace:
harksbloodplague/52dd pel/ 3gNP7Jlz/H5 ZtDem/﻿﻿﻿﻿/1ryCtG6A/e eAmJmt/X4cai9VJ.y iMKmui:172 Function EEHealthLevelChanged
$CurrentDir:mpmissions\empty.alteria\init.c:6 Function main
SCRIPT    (E): NULL pointer to instance
Class:      'PlagueHeart'
Entity id:1256777

Function: 'EEHealthLevelChanged'
Stack trace:
harksbloodplague/52dd pel/ 3gNP7Jlz/H5 ZtDem/﻿﻿﻿﻿/1ryCtG6A/e eAmJmt/X4cai9VJ.y iMKmui:185 Function EEHealthLevelChanged
$CurrentDir:mpmissions\empty.alteria\init.c:6 Function main
SCRIPT       : [BLR_Carlock] ActionConstructor.RegisterActions - inserted Lock/Unlock/Admin/Claim (SERVER)
SCRIPT       : [SagaTreeShake] ActionShakeAppleTree registered and settings ensured
SCRIPT       : 17:57:05.743 [EXPANSION DEBUG]: ExpansionP2PTraderAIIrena<1306c020>::SetP2PTraderID - ID: 1
SCRIPT       : Found 0 zones!
SCRIPT       : ExpansionMarketItem marketItem = ExpansionMarketItem<bb4ee9f0>
SCRIPT       : int worth =   1
SCRIPT       : [ZenTerritories] OnInit
SCRIPT       : [JunkYardDog] -- Adding Salvage Point to <Land_Wreck_Uaz<50aa95e0>> at Pos <<1814.896729, 47.846394, 1855.345825>>
SCRIPT       : [JunkYardDog] -- Adding Fuel Point to <Land_Wreck_Uaz<50aa95e0>> at Pos <<1814.896729, 47.846394, 1855.345825>>
SCRIPT       : [JunkYardDog] -- Adding Salvage Point to <Static_Wreck_HMMWV<79d49950>> at Pos <<1697.339966, 88.297104, 2611.963379>>
SCRIPT       : [JunkYardDog] -- Adding Fuel Point to <Static_Wreck_HMMWV<79d49950>> at Pos <<1697.339966, 88.297104, 2611.963379>>
SCRIPT       : [JunkYardDog] -- Adding Salvage Point to <Land_Wreck_V3S<95ec7a10>> at Pos <<1760.091797, 15.003111, 5044.011230>>
SCRIPT       : [JunkYardDog] -- Adding Fuel Point to <Land_Wreck_V3S<95ec7a10>> at Pos <<1760.091797, 15.003111, 5044.011230>>
SCRIPT       : [JunkYardDog] -- Adding Salvage Point to <Land_Wreck_V3S<95ec55d0>> at Pos <<3160.910889, 7.198166, 4496.506348>>
SCRIPT       : [JunkYardDog] -- Adding Fuel Point to <Land_Wreck_V3S<95ec55d0>> at Pos <<3160.910889, 7.198166, 4496.506348>>
SCRIPT       : [JunkYardDog] -- Adding Salvage Point to <Land_Wreck_hb02_aban1_black<95ec3aa0>> at Pos <<6883.059570, 15.321736, 6087.863770>>
SCRIPT       : [JunkYardDog] -- Adding Fuel Point to <Land_Wreck_hb02_aban1_black<95ec3aa0>> at Pos <<6883.059570, 15.321736, 6087.863770>>
SCRIPT       : [JunkYardDog] -- Adding Salvage Point to <Land_Wreck_Uaz<95ecb980>> at Pos <<6896.333496, 15.399146, 6088.336914>>
SCRIPT       : [JunkYardDog] -- Adding Fuel Point to <Land_Wreck_Uaz<95ecb980>> at Pos <<6896.333496, 15.399146, 6088.336914>>
SCRIPT       : [JunkYardDog] -- Adding Salvage Point to <Land_Wreck_sed01_aban2_wine<95ecd4b0>> at Pos <<7011.321777, 16.946186, 6075.348633>>
SCRIPT       : [JunkYardDog] -- Adding Fuel Point to <Land_Wreck_sed01_aban2_wine<95ecd4b0>> at Pos <<7011.321777, 16.946186, 6075.348633>>
SCRIPT       : [JunkYardDog] -- Adding Salvage Point to <Static_Wreck_Ural<79d5c840>> at Pos <<7113.122070, 19.225021, 6048.750488>>
SCRIPT       : [JunkYardDog] -- Adding Fuel Point to <Static_Wreck_Ural<79d5c840>> at Pos <<7113.122070, 19.225021, 6048.750488>>
SCRIPT       : [JunkYardDog] -- Adding Salvage Point to <Land_Wreck_hb02_aban2_red<d142d590>> at Pos <<1976.034668, 6.554251, 7844.901855>>
SCRIPT       : [JunkYardDog] -- Adding Fuel Point to <Land_Wreck_hb02_aban2_red<d142d590>> at Pos <<1976.034668, 6.554251, 7844.901855>>
SCRIPT       : [JunkYardDog] -- Adding Salvage Point to <Land_Wreck_sed01_aban2_black<d1433030>> at Pos <<1947.163818, 6.290183, 7808.579102>>
SCRIPT       : [JunkYardDog] -- Adding Fuel Point to <Land_Wreck_sed01_aban2_black<d1433030>> at Pos <<1947.163818, 6.290183, 7808.579102>>
SCRIPT       : [JunkYardDog] -- Adding Salvage Point to <Land_Wreck_S1023_Beige<d143c130>> at Pos <<2791.882324, 6.218272, 7433.123047>>
SCRIPT       : [JunkYardDog] -- Adding Fuel Point to <Land_Wreck_S1023_Beige<d143c130>> at Pos <<2791.882324, 6.218272, 7433.123047>>
SCRIPT       : [JunkYardDog] -- Adding Salvage Point to <Land_Wreck_hb01_aban2_green<d1445b40>> at Pos <<2896.056641, 7.388596, 6878.918945>>
SCRIPT       : [JunkYardDog] -- Adding Fuel Point to <Land_Wreck_hb01_aban2_green<d1445b40>> at Pos <<2896.056641, 7.388596, 6878.918945>>
SCRIPT       : [JunkYardDog] -- Adding Salvage Point to <Land_Wreck_sed02_aban1_yellow<97c4c5e0>> at Pos <<3670.598145, 5.501119, 5980.184570>>
SCRIPT       : [JunkYardDog] -- Adding Fuel Point to <Land_Wreck_sed02_aban1_yellow<97c4c5e0>> at Pos <<3670.598145, 5.501119, 5980.184570>>
SCRIPT       : [JunkYardDog] -- Adding Salvage Point to <Land_Wreck_hb02_aban1_red<97c4e110>> at Pos <<3710.982910, 5.399823, 5967.517090>>
SCRIPT       : [JunkYardDog] -- Adding Fuel Point to <Land_Wreck_hb02_aban1_red<97c4e110>> at Pos <<3710.982910, 5.399823, 5967.517090>>
SCRIPT       : [JunkYardDog] -- Adding Salvage Point to <Land_Wreck_sed02_aban2_grey<97c50e60>> at Pos <<3704.370850, 5.298825, 5967.125977>>
SCRIPT       : [JunkYardDog] -- Adding Fuel Point to <Land_Wreck_sed02_aban2_grey<97c50e60>> at Pos <<3704.370850, 5.298825, 5967.125977>>
SCRIPT       : [JunkYardDog] -- Adding Salvage Point to <Land_Wreck_hb01_aban1_white<97c4aab0>> at Pos <<3718.048340, 5.701993, 5982.363770>>
SCRIPT       : [JunkYardDog] -- Adding Fuel Point to <Land_Wreck_hb01_aban1_white<97c4aab0>> at Pos <<3718.048340, 5.701993, 5982.363770>>
SCRIPT       : [JunkYardDog] -- Adding Salvage Point to <Land_Wreck_hb02_aban2_blue<97c4cef0>> at Pos <<3730.879639, 5.343723, 5957.966797>>
SCRIPT       : [JunkYardDog] -- Adding Fuel Point to <Land_Wreck_hb02_aban2_blue<97c4cef0>> at Pos <<3730.879639, 5.343723, 5957.966797>>
SCRIPT       : [JunkYardDog] -- Adding Salvage Point to <Land_Wreck_sed01_aban2_black<97c17b10>> at Pos <<3726.789063, 5.393321, 5967.372559>>
SCRIPT       : [JunkYardDog] -- Adding Fuel Point to <Land_Wreck_sed01_aban2_black<97c17b10>> at Pos <<3726.789063, 5.393321, 5967.372559>>
SCRIPT       : [JunkYardDog] -- Adding Salvage Point to <Land_Wreck_hb01_aban2_white<97c168f0>> at Pos <<3717.579346, 5.570747, 5967.956055>>
SCRIPT       : [JunkYardDog] -- Adding Fuel Point to <Land_Wreck_hb01_aban2_white<97c168f0>> at Pos <<3717.579346, 5.570747, 5967.956055>>
SCRIPT       : [JunkYardDog] -- Adding Salvage Point to <Land_Wreck_sed02_aban2_yellow<97c18420>> at Pos <<3746.791504, 5.305369, 5981.353516>>
SCRIPT       : [JunkYardDog] -- Adding Fuel Point to <Land_Wreck_sed02_aban2_yellow<97c18420>> at Pos <<3746.791504, 5.305369, 5981.353516>>
SCRIPT       : [JunkYardDog] -- Adding Salvage Point to <Land_Wreck_hb01_aban1_green<97c19640>> at Pos <<3764.350586, 5.721992, 5983.160156>>
SCRIPT       : [JunkYardDog] -- Adding Fuel Point to <Land_Wreck_hb01_aban1_green<97c19640>> at Pos <<3764.350586, 5.721992, 5983.160156>>
SCRIPT       : [JunkYardDog] -- Adding Salvage Point to <Land_Wreck_sed02_aban1_yellow<637c030>> at Pos <<1976.793091, 36.981976, 7365.978516>>
SCRIPT       : [JunkYardDog] -- Adding Fuel Point to <Land_Wreck_sed02_aban1_yellow<637c030>> at Pos <<1976.793091, 36.981976, 7365.978516>>
SCRIPT       : [JunkYardDog] -- Adding Salvage Point to <Land_Wreck_sed01_aban2_white<637b720>> at Pos <<2007.806519, 35.086956, 7390.848145>>
SCRIPT       : [JunkYardDog] -- Adding Fuel Point to <Land_Wreck_sed01_aban2_white<637b720>> at Pos <<2007.806519, 35.086956, 7390.848145>>
SCRIPT       : [JunkYardDog] -- Adding Salvage Point to <Land_Wreck_hb02_aban1_red<84387b20>> at Pos <<1254.634277, 38.509823, 6741.747070>>
SCRIPT       : [JunkYardDog] -- Adding Fuel Point to <Land_Wreck_hb02_aban1_red<84387b20>> at Pos <<1254.634277, 38.509823, 6741.747070>>
SCRIPT       : [JunkYardDog] -- Adding Salvage Point to <Land_wreck_truck01_aban1_orange<8438ccb0>> at Pos <<2901.129883, 5.697089, 7160.854980>>
SCRIPT       : [JunkYardDog] -- Adding Fuel Point to <Land_wreck_truck01_aban1_orange<8438ccb0>> at Pos <<2901.129883, 5.697089, 7160.854980>>
SCRIPT       : [JunkYardDog] -- Adding Salvage Point to <Land_Wreck_sed01_aban1_white<8438e7e0>> at Pos <<1967.074585, 74.448456, 7097.834473>>
SCRIPT       : [JunkYardDog] -- Adding Fuel Point to <Land_Wreck_sed01_aban1_white<8438e7e0>> at Pos <<1967.074585, 74.448456, 7097.834473>>
SCRIPT       : [JunkYardDog] -- Adding Salvage Point to <Land_Wreck_hb01_aban1_green<843966c0>> at Pos <<1961.457642, 74.882904, 7091.940918>>
SCRIPT       : [JunkYardDog] -- Adding Fuel Point to <Land_Wreck_hb01_aban1_green<843966c0>> at Pos <<1961.457642, 74.882904, 7091.940918>>
SCRIPT       : [JunkYardDog] -- Adding Salvage Point to <Static_Wreck_Ural<8487a8f0>> at Pos <<1946.873901, 73.363014, 7106.938965>>
SCRIPT       : [JunkYardDog] -- Adding Fuel Point to <Static_Wreck_Ural<8487a8f0>> at Pos <<1946.873901, 73.363014, 7106.938965>>
SCRIPT       : [JunkYardDog] -- Adding Salvage Point to <Land_Wreck_Volha_Blue<843978e0>> at Pos <<1943.095581, 69.773003, 7133.575684>>
SCRIPT       : [JunkYardDog] -- Adding Fuel Point to <Land_Wreck_Volha_Blue<843978e0>> at Pos <<1943.095581, 69.773003, 7133.575684>>
SCRIPT       : [JunkYardDog] -- Adding Salvage Point to <Land_Wreck_S1023_Blue<843a1c00>> at Pos <<2074.694092, 6.002433, 7648.229492>>
SCRIPT       : [JunkYardDog] -- Adding Fuel Point to <Land_Wreck_S1023_Blue<843a1c00>> at Pos <<2074.694092, 6.002433, 7648.229492>>
SCRIPT       : [JunkYardDog] -- Adding Salvage Point to <Land_Wreck_hb01_aban2_blue<843ac830>> at Pos <<2111.516602, 6.235377, 7655.572266>>
SCRIPT       : [JunkYardDog] -- Adding Fuel Point to <Land_Wreck_hb01_aban2_blue<843ac830>> at Pos <<2111.516602, 6.235377, 7655.572266>>
SCRIPT       : [JunkYardDog] -- Adding Salvage Point to <Land_wreck_truck01_aban1_blue<843a6d90>> at Pos <<1337.835938, 6.600221, 7503.678223>>
SCRIPT       : [JunkYardDog] -- Adding Fuel Point to <Land_wreck_truck01_aban1_blue<843a6d90>> at Pos <<1337.835938, 6.600221, 7503.678223>>
SCRIPT       : [JunkYardDog] -- Adding Salvage Point to <Land_wreck_truck01_aban1_green<843b7d70>> at Pos <<2590.389893, 5.830000, 7581.336426>>
SCRIPT       : [JunkYardDog] -- Adding Fuel Point to <Land_wreck_truck01_aban1_green<843b7d70>> at Pos <<2590.389893, 5.830000, 7581.336426>>
SCRIPT       : [JunkYardDog] -- Adding Salvage Point to <Land_Wreck_hb02_aban1_blue<843b98a0>> at Pos <<2606.326904, 6.589831, 7577.729004>>
SCRIPT       : [JunkYardDog] -- Adding Fuel Point to <Land_Wreck_hb02_aban1_blue<843b98a0>> at Pos <<2606.326904, 6.589831, 7577.729004>>
SCRIPT       : [JunkYardDog] -- Adding Salvage Point to <Land_Wreck_hb02_aban1_blue<843bd810>> at Pos <<2246.857666, 7.235281, 5269.160156>>
SCRIPT       : [JunkYardDog] -- Adding Fuel Point to <Land_Wreck_hb02_aban1_blue<843bd810>> at Pos <<2246.857666, 7.235281, 5269.160156>>
SCRIPT       : [JunkYardDog] -- Adding Salvage Point to <Land_wreck_truck01_aban1_green<89897dc0>> at Pos <<4906.489258, 47.592056, 1368.065063>>
SCRIPT       : [JunkYardDog] -- Adding Fuel Point to <Land_wreck_truck01_aban1_green<89897dc0>> at Pos <<4906.489258, 47.592056, 1368.065063>>
SCRIPT       : [JunkYardDog] -- Adding Salvage Point to <Static_Wreck_S120_Red<8e189a80>> at Pos <<2189.456543, 16.152693, 747.397217>>
SCRIPT       : [JunkYardDog] -- Adding Fuel Point to <Static_Wreck_S120_Red<8e189a80>> at Pos <<2189.456543, 16.152693, 747.397217>>
SCRIPT       : [JunkYardDog] -- Adding Salvage Point to <Land_Wreck_Volha_Grey<89895980>> at Pos <<2201.856689, 16.306944, 752.339966>>
SCRIPT       : [JunkYardDog] -- Adding Fuel Point to <Land_Wreck_Volha_Grey<89895980>> at Pos <<2201.856689, 16.306944, 752.339966>>
SCRIPT       : [JunkYardDog] -- Adding Salvage Point to <Land_Wreck_sed01_aban2_wine<898a0ec0>> at Pos <<2208.778809, 16.323318, 761.501892>>
SCRIPT       : [JunkYardDog] -- Adding Fuel Point to <Land_Wreck_sed01_aban2_wine<898a0ec0>> at Pos <<2208.778809, 16.323318, 761.501892>>
SCRIPT       : [JunkYardDog] -- Adding Salvage Point to <Land_Wreck_Volha_Blue<8989d860>> at Pos <<2208.676025, 16.302641, 756.649780>>
SCRIPT       : [JunkYardDog] -- Adding Fuel Point to <Land_Wreck_Volha_Blue<8989d860>> at Pos <<2208.676025, 16.302641, 756.649780>>
SCRIPT       : [JunkYardDog] -- Adding Salvage Point to <Land_Wreck_sed02_aban2_yellow<898a05b0>> at Pos <<2202.013184, 16.228827, 790.075623>>
SCRIPT       : [JunkYardDog] -- Adding Fuel Point to <Land_Wreck_sed02_aban2_yellow<898a05b0>> at Pos <<2202.013184, 16.228827, 790.075623>>
SCRIPT       : [JunkYardDog] -- Adding Salvage Point to <Land_Wreck_hb01_aban1_blue<898a20e0>> at Pos <<2189.609131, 16.631990, 799.811646>>
SCRIPT       : [JunkYardDog] -- Adding Fuel Point to <Land_Wreck_hb01_aban1_blue<898a20e0>> at Pos <<2189.609131, 16.631990, 799.811646>>
SCRIPT       : [JunkYardDog] -- Adding Salvage Point to <Land_Wreck_sed01_aban2_wine<898a7b80>> at Pos <<2189.873535, 16.323313, 771.200684>>
SCRIPT       : [JunkYardDog] -- Adding Fuel Point to <Land_Wreck_sed01_aban2_wine<898a7b80>> at Pos <<2189.873535, 16.323313, 771.200684>>
SCRIPT       : [JunkYardDog] -- Adding Salvage Point to <Land_Wreck_Volha_Grey<898a6050>> at Pos <<2189.610596, 16.306944, 794.873230>>
SCRIPT       : [JunkYardDog] -- Adding Fuel Point to <Land_Wreck_Volha_Grey<898a6050>> at Pos <<2189.610596, 16.306944, 794.873230>>
SCRIPT       : [JunkYardDog] -- Adding Salvage Point to <Land_Wreck_hb01_aban1_white<898a96b0>> at Pos <<2219.643555, 16.631990, 785.740112>>
SCRIPT       : [JunkYardDog] -- Adding Fuel Point to <Land_Wreck_hb01_aban1_white<898a96b0>> at Pos <<2219.643555, 16.631990, 785.740112>>
SCRIPT       : [JunkYardDog] -- Adding Salvage Point to <Land_Wreck_hb01_aban2_green<898a3300>> at Pos <<2219.795654, 16.499451, 780.987488>>
SCRIPT       : [JunkYardDog] -- Adding Fuel Point to <Land_Wreck_hb01_aban2_green<898a3300>> at Pos <<2219.795654, 16.499451, 780.987488>>
SCRIPT       : [JunkYardDog] -- Adding Salvage Point to <Land_Wreck_S1023_Blue<898ab1e0>> at Pos <<2190.220459, 16.569132, 694.388428>>
SCRIPT       : [JunkYardDog] -- Adding Fuel Point to <Land_Wreck_S1023_Blue<898ab1e0>> at Pos <<2190.220459, 16.569132, 694.388428>>
SCRIPT       : [JunkYardDog] -- Adding Salvage Point to <Land_wreck_truck01_aban2_green<898a4520>> at Pos <<2190.526855, 15.570000, 680.418152>>
SCRIPT       : [JunkYardDog] -- Adding Fuel Point to <Land_wreck_truck01_aban2_green<898a4520>> at Pos <<2190.526855, 15.570000, 680.418152>>
SCRIPT       : [JunkYardDog] -- Adding Salvage Point to <Land_wreck_truck01_aban1_green<898aa8d0>> at Pos <<2219.174316, 15.570000, 674.002136>>
SCRIPT       : [JunkYardDog] -- Adding Fuel Point to <Land_wreck_truck01_aban1_green<898aa8d0>> at Pos <<2219.174316, 15.570000, 674.002136>>
SCRIPT       : [JunkYardDog] -- Adding Salvage Point to <Land_Wreck_hb02_aban1_blue<898ac400>> at Pos <<2220.579102, 16.329824, 695.059814>>
SCRIPT       : [JunkYardDog] -- Adding Fuel Point to <Land_Wreck_hb02_aban1_blue<898ac400>> at Pos <<2220.579102, 16.329824, 695.059814>>
SCRIPT       : [JunkYardDog] -- Adding Salvage Point to <Land_Wreck_S1023_Beige<898ad620>> at Pos <<2202.051270, 16.569132, 709.262878>>
SCRIPT       : [JunkYardDog] -- Adding Fuel Point to <Land_Wreck_S1023_Beige<898ad620>> at Pos <<2202.051270, 16.569132, 709.262878>>
SCRIPT       : [JunkYardDog] -- Adding Salvage Point to <Land_Wreck_sed02_aban1_yellow<898adf30>> at Pos <<2190.029541, 16.431118, 727.924072>>
SCRIPT       : [JunkYardDog] -- Adding Fuel Point to <Land_Wreck_sed02_aban1_yellow<898adf30>> at Pos <<2190.029541, 16.431118, 727.924072>>
SCRIPT       : [JunkYardDog] -- Adding Salvage Point to <Land_Wreck_sed02_aban2_grey<898b5500>> at Pos <<2209.045166, 16.228823, 704.049622>>
SCRIPT       : [JunkYardDog] -- Adding Fuel Point to <Land_Wreck_sed02_aban2_grey<898b5500>> at Pos <<2209.045166, 16.228823, 704.049622>>
SCRIPT       : [JunkYardDog] -- Adding Salvage Point to <Land_Wreck_S1023_Beige<898b39d0>> at Pos <<2220.143066, 16.569132, 733.098328>>
SCRIPT       : [JunkYardDog] -- Adding Fuel Point to <Land_Wreck_S1023_Beige<898b39d0>> at Pos <<2220.143066, 16.569132, 733.098328>>
SCRIPT       : [JunkYardDog] -- Adding Salvage Point to <Static_Wreck_HMMWV<8e19f7b0>> at Pos <<2209.076660, 16.477102, 723.407654>>
SCRIPT       : [JunkYardDog] -- Adding Fuel Point to <Static_Wreck_HMMWV<8e19f7b0>> at Pos <<2209.076660, 16.477102, 723.407654>>
SCRIPT       : [JunkYardDog] -- Adding Salvage Point to <Land_Wreck_sed02_aban1_red<898b0c80>> at Pos <<2146.428711, 55.661118, 3001.906738>>
SCRIPT       : [JunkYardDog] -- Adding Fuel Point to <Land_Wreck_sed02_aban1_red<898b0c80>> at Pos <<2146.428711, 55.661118, 3001.906738>>
SCRIPT       : [JunkYardDog] -- Adding Salvage Point to <Land_Wreck_sed02_aban1_grey<898c9230>> at Pos <<4576.221680, 16.900944, 7332.009277>>
SCRIPT       : [JunkYardDog] -- Adding Fuel Point to <Land_Wreck_sed02_aban1_grey<898c9230>> at Pos <<4576.221680, 16.900944, 7332.009277>>
SCRIPT       : [JunkYardDog] -- Adding Salvage Point to <Static_Wreck_S120_Red<9601b690>> at Pos <<4557.335449, 16.538828, 7381.394043>>
SCRIPT       : [JunkYardDog] -- Adding Fuel Point to <Static_Wreck_S120_Red<9601b690>> at Pos <<4557.335449, 16.538828, 7381.394043>>
SCRIPT       : [JunkYardDog] -- Adding Salvage Point to <Land_Wreck_hb01_aban2_green<96596300>> at Pos <<1742.145996, 76.193954, 6034.713379>>
SCRIPT       : [JunkYardDog] -- Adding Fuel Point to <Land_Wreck_hb01_aban2_green<96596300>> at Pos <<1742.145996, 76.193954, 6034.713379>>
SCRIPT       : [JunkYardDog] -- Adding Salvage Point to <Land_Wreck_Harverster<965a8500>> at Pos <<5326.183105, 10.838890, 7179.055176>>
SCRIPT       : [JunkYardDog] -- Adding Fuel Point to <Land_Wreck_Harverster<965a8500>> at Pos <<5326.183105, 10.838890, 7179.055176>>
SCRIPT       : [JunkYardDog] -- Adding Salvage Point to <Static_Wreck_Ural<97d56c10>> at Pos <<5348.527344, 9.838663, 7189.184082>>
SCRIPT       : [JunkYardDog] -- Adding Fuel Point to <Static_Wreck_Ural<97d56c10>> at Pos <<5348.527344, 9.838663, 7189.184082>>
SCRIPT       : [JunkYardDog] -- Adding Salvage Point to <Land_wreck_truck01_aban1_blue<9b45acf0>> at Pos <<2141.942871, 20.378326, 5433.379395>>
SCRIPT       : [JunkYardDog] -- Adding Fuel Point to <Land_wreck_truck01_aban1_blue<9b45acf0>> at Pos <<2141.942871, 20.378326, 5433.379395>>
SCRIPT       : [JunkYardDog] -- Adding Salvage Point to <Land_Wreck_hb02_aban2_blue<9b4610a0>> at Pos <<956.362122, 28.858606, 6026.319824>>
SCRIPT       : [JunkYardDog] -- Adding Fuel Point to <Land_Wreck_hb02_aban2_blue<9b4610a0>> at Pos <<956.362122, 28.858606, 6026.319824>>
SCRIPT       : [JunkYardDog] -- Adding Salvage Point to <Land_wreck_truck01_aban1_green<9b469890>> at Pos <<3028.019775, 48.866596, 3242.610840>>
SCRIPT       : [JunkYardDog] -- Adding Fuel Point to <Land_wreck_truck01_aban1_green<9b469890>> at Pos <<3028.019775, 48.866596, 3242.610840>>
SCRIPT       : [JunkYardDog] -- Adding Salvage Point to <Land_Wreck_S1023_Beige<9b46d800>> at Pos <<3053.446289, 50.114574, 3251.596924>>
SCRIPT       : [JunkYardDog] -- Adding Fuel Point to <Land_Wreck_S1023_Beige<9b46d800>> at Pos <<3053.446289, 50.114574, 3251.596924>>
SCRIPT       : [JunkYardDog] -- Adding Salvage Point to <Land_Wreck_S1023_Beige<9b472080>> at Pos <<2290.854980, 64.957306, 6975.106445>>
SCRIPT       : [JunkYardDog] -- Adding Fuel Point to <Land_Wreck_S1023_Beige<9b472080>> at Pos <<2290.854980, 64.957306, 6975.106445>>
SCRIPT       : [JunkYardDog] -- Adding Salvage Point to <Land_wreck_truck01_aban1_orange<9b437200>> at Pos <<2262.239014, 64.973114, 6992.373535>>
SCRIPT       : [JunkYardDog] -- Adding Fuel Point to <Land_wreck_truck01_aban1_orange<9b437200>> at Pos <<2262.239014, 64.973114, 6992.373535>>
SCRIPT       : [JunkYardDog] -- Adding Salvage Point to <Land_Wreck_S1023_Beige<9b441520>> at Pos <<2064.394775, 8.680546, 7629.056641>>
SCRIPT       : [JunkYardDog] -- Adding Fuel Point to <Land_Wreck_S1023_Beige<9b441520>> at Pos <<2064.394775, 8.680546, 7629.056641>>
SCRIPT       : [JunkYardDog] -- Adding Salvage Point to <Land_Wreck_sed01_aban1_white<9b44b840>> at Pos <<2088.673096, 8.849838, 7596.889648>>
SCRIPT       : [JunkYardDog] -- Adding Fuel Point to <Land_Wreck_sed01_aban1_white<9b44b840>> at Pos <<2088.673096, 8.849838, 7596.889648>>
SCRIPT       : [JunkYardDog] -- Adding Salvage Point to <Land_wreck_truck01_aban1_blue<9b4481e0>> at Pos <<2137.247559, 5.739831, 7613.777832>>
SCRIPT       : [JunkYardDog] -- Adding Fuel Point to <Land_wreck_truck01_aban1_blue<9b4481e0>> at Pos <<2137.247559, 5.739831, 7613.777832>>
SCRIPT       : [JunkYardDog] -- Adding Salvage Point to <Land_wreck_truck01_aban2_blue<a4e74bb0>> at Pos <<1678.354248, 73.879532, 6053.922852>>
SCRIPT       : [JunkYardDog] -- Adding Fuel Point to <Land_wreck_truck01_aban2_blue<a4e74bb0>> at Pos <<1678.354248, 73.879532, 6053.922852>>
SCRIPT       : [JunkYardDog] -- Adding Salvage Point to <Land_wreck_truck01_aban2_blue<a4e77900>> at Pos <<6479.484375, 16.100647, 6968.836914>>
SCRIPT       : [JunkYardDog] -- Adding Fuel Point to <Land_wreck_truck01_aban2_blue<a4e77900>> at Pos <<6479.484375, 16.100647, 6968.836914>>
SCRIPT       : [JunkYardDog] -- Adding Salvage Point to <Land_wreck_truck01_aban2_green<a4e83750>> at Pos <<2371.593262, 45.741558, 5920.311523>>
SCRIPT       : [JunkYardDog] -- Adding Fuel Point to <Land_wreck_truck01_aban2_green<a4e83750>> at Pos <<2371.593262, 45.741558, 5920.311523>>
SCRIPT       : [JunkYardDog] -- Adding Salvage Point to <Static_Wreck_Ural<a55ea920>> at Pos <<854.962769, 6.447515, 3307.716064>>
SCRIPT       : [JunkYardDog] -- Adding Fuel Point to <Static_Wreck_Ural<a55ea920>> at Pos <<854.962769, 6.447515, 3307.716064>>
SCRIPT       : [JunkYardDog] -- Adding Salvage Point to <Static_Wreck_Ural<a55e73f0>> at Pos <<805.651306, 6.447515, 3343.085205>>
SCRIPT       : [JunkYardDog] -- Adding Fuel Point to <Static_Wreck_Ural<a55e73f0>> at Pos <<805.651306, 6.447515, 3343.085205>>
SCRIPT       : [JunkYardDog] -- Adding Salvage Point to <Static_Wreck_Ural<a55e7d30>> at Pos <<829.978516, 6.447515, 3342.314697>>
SCRIPT       : [JunkYardDog] -- Adding Fuel Point to <Static_Wreck_Ural<a55e7d30>> at Pos <<829.978516, 6.447515, 3342.314697>>
SCRIPT       : [JunkYardDog] -- Adding Salvage Point to <Land_wreck_truck01_aban1_green<a4e8d160>> at Pos <<2017.109741, 25.768450, 5453.788574>>
SCRIPT       : [JunkYardDog] -- Adding Fuel Point to <Land_wreck_truck01_aban1_green<a4e8d160>> at Pos <<2017.109741, 25.768450, 5453.788574>>
SCRIPT       : [JunkYardDog] -- Adding Salvage Point to <Land_Wreck_hb01_aban2_white<a4e94730>> at Pos <<2231.742432, 26.939888, 5586.159180>>
SCRIPT       : [JunkYardDog] -- Adding Fuel Point to <Land_Wreck_hb01_aban2_white<a4e94730>> at Pos <<2231.742432, 26.939888, 5586.159180>>
SCRIPT       : [JunkYardDog] -- Adding Salvage Point to <Land_Wreck_sed02_aban1_red<a4e9b3f0>> at Pos <<3781.263428, 5.501119, 5977.697266>>
SCRIPT       : [JunkYardDog] -- Adding Fuel Point to <Land_Wreck_sed02_aban1_red<a4e9b3f0>> at Pos <<3781.263428, 5.501119, 5977.697266>>
SCRIPT       : [JunkYardDog] -- Adding Salvage Point to <Land_Wreck_S1023_Beige<a4e9f360>> at Pos <<3755.152588, 5.639123, 6009.877441>>
SCRIPT       : [JunkYardDog] -- Adding Fuel Point to <Land_Wreck_S1023_Beige<a4e9f360>> at Pos <<3755.152588, 5.639123, 6009.877441>>
SCRIPT       : [JunkYardDog] -- Adding Salvage Point to <Land_Wreck_Uaz<a4eb3090>> at Pos <<2540.356689, 44.783184, 5800.512207>>
SCRIPT       : [JunkYardDog] -- Adding Fuel Point to <Land_Wreck_Uaz<a4eb3090>> at Pos <<2540.356689, 44.783184, 5800.512207>>
SCRIPT       : [JunkYardDog] -- Adding Salvage Point to <Land_wreck_truck01_aban1_green<adbc4d30>> at Pos <<2655.704590, 44.440037, 6132.649414>>
SCRIPT       : [JunkYardDog] -- Adding Fuel Point to <Land_wreck_truck01_aban1_green<adbc4d30>> at Pos <<2655.704590, 44.440037, 6132.649414>>
SCRIPT       : [JunkYardDog] -- Adding Salvage Point to <Land_Wreck_hb01_aban1_white<adbd26b0>> at Pos <<2178.159668, 55.861992, 3045.965820>>
SCRIPT       : [JunkYardDog] -- Adding Fuel Point to <Land_Wreck_hb01_aban1_white<adbd26b0>> at Pos <<2178.159668, 55.861992, 3045.965820>>
SCRIPT       : [JunkYardDog] -- Adding Salvage Point to <Land_Wreck_S1023_Blue<adbd5400>> at Pos <<2186.576660, 55.799133, 3053.884277>>
SCRIPT       : [JunkYardDog] -- Adding Fuel Point to <Land_Wreck_S1023_Blue<adbd5400>> at Pos <<2186.576660, 55.799133, 3053.884277>>
SCRIPT       : [JunkYardDog] -- Adding Salvage Point to <Land_Wreck_hb01_aban1_white<adbce740>> at Pos <<2229.239990, 55.861992, 3060.232910>>
SCRIPT       : [JunkYardDog] -- Adding Fuel Point to <Land_Wreck_hb01_aban1_white<adbce740>> at Pos <<2229.239990, 55.861992, 3060.232910>>
SCRIPT       : [JunkYardDog] -- Adding Salvage Point to <Land_Wreck_Uaz<b6fdf160>> at Pos <<4429.794922, 17.783285, 7258.393066>>
SCRIPT       : [JunkYardDog] -- Adding Fuel Point to <Land_Wreck_Uaz<b6fdf160>> at Pos <<4429.794922, 17.783285, 7258.393066>>
SCRIPT       : [JunkYardDog] -- Adding Salvage Point to <Static_Wreck_Ural<c48fccf0>> at Pos <<4075.178223, 6.413279, 7835.257813>>
SCRIPT       : [JunkYardDog] -- Adding Fuel Point to <Static_Wreck_Ural<c48fccf0>> at Pos <<4075.178223, 6.413279, 7835.257813>>
SCRIPT       : [JunkYardDog] -- Adding Salvage Point to <Land_Wreck_sed01_aban2_wine<b7003e70>> at Pos <<4105.606934, 5.813293, 7823.814453>>
SCRIPT       : [JunkYardDog] -- Adding Fuel Point to <Land_Wreck_sed01_aban2_wine<b7003e70>> at Pos <<4105.606934, 5.813293, 7823.814453>>
SCRIPT       : [JunkYardDog] -- Adding Salvage Point to <Land_Wreck_sed02_aban1_red<b7004780>> at Pos <<4122.947754, 5.571251, 7825.764160>>
SCRIPT       : [JunkYardDog] -- Adding Fuel Point to <Land_Wreck_sed02_aban1_red<b7004780>> at Pos <<4122.947754, 5.571251, 7825.764160>>
SCRIPT       : [JunkYardDog] -- Adding Salvage Point to <Land_Wreck_hb02_aban2_black<c51f0040>> at Pos <<6546.389648, 51.423729, 4026.670654>>
SCRIPT       : [JunkYardDog] -- Adding Fuel Point to <Land_Wreck_hb02_aban2_black<c51f0040>> at Pos <<6546.389648, 51.423729, 4026.670654>>
SCRIPT       : [JunkYardDog] -- Adding Salvage Point to <Land_Wreck_hb02_aban2_blue<c51ee510>> at Pos <<5234.525391, 140.747330, 4398.202637>>
SCRIPT       : [JunkYardDog] -- Adding Fuel Point to <Land_Wreck_hb02_aban2_blue<c51ee510>> at Pos <<5234.525391, 140.747330, 4398.202637>>
SCRIPT       : [JunkYardDog] -- Adding Salvage Point to <Land_Wreck_hb02_aban2_black<c51f7f20>> at Pos <<1745.804932, 6.923633, 7615.487793>>
SCRIPT       : [JunkYardDog] -- Adding Fuel Point to <Land_Wreck_hb02_aban2_black<c51f7f20>> at Pos <<1745.804932, 6.923633, 7615.487793>>
SCRIPT       : [JunkYardDog] -- Adding Salvage Point to <Land_wreck_truck01_aban2_orange<c520d780>> at Pos <<2721.763672, 44.409977, 6055.256836>>
SCRIPT       : [JunkYardDog] -- Adding Fuel Point to <Land_wreck_truck01_aban2_orange<c520d780>> at Pos <<2721.763672, 44.409977, 6055.256836>>
SCRIPT       : [JunkYardDog] -- Adding Salvage Point to <Land_Wreck_sed01_aban1_wine<c5219ee0>> at Pos <<3794.278320, 16.381613, 6560.918457>>
SCRIPT       : [JunkYardDog] -- Adding Fuel Point to <Land_Wreck_sed01_aban1_wine<c5219ee0>> at Pos <<3794.278320, 16.381613, 6560.918457>>
SCRIPT       : [JunkYardDog] -- Adding Salvage Point to <Land_wreck_truck01_aban2_orange<c5213b30>> at Pos <<3800.851074, 15.629977, 6585.667969>>
SCRIPT       : [JunkYardDog] -- Adding Fuel Point to <Land_wreck_truck01_aban2_orange<c5213b30>> at Pos <<3800.851074, 15.629977, 6585.667969>>
SCRIPT       : [JunkYardDog] -- Adding Salvage Point to <Land_wreck_truck01_aban1_green<d4b12c60>> at Pos <<2580.978760, 4.445450, 5181.732910>>
SCRIPT       : [JunkYardDog] -- Adding Fuel Point to <Land_wreck_truck01_aban1_green<d4b12c60>> at Pos <<2580.978760, 4.445450, 5181.732910>>
SCRIPT       : [JunkYardDog] -- Adding Salvage Point to <Land_Wreck_S1023_Beige<d4b0f600>> at Pos <<4492.876465, 34.188805, 1802.612671>>
SCRIPT       : [JunkYardDog] -- Adding Fuel Point to <Land_Wreck_S1023_Beige<d4b0f600>> at Pos <<4492.876465, 34.188805, 1802.612671>>
SCRIPT       : [JunkYardDog] -- Adding Salvage Point to <Land_Wreck_sed01_aban1_white<d4b174e0>> at Pos <<2513.864258, 6.581579, 7620.981934>>
SCRIPT       : [JunkYardDog] -- Adding Fuel Point to <Land_Wreck_sed01_aban1_white<d4b174e0>> at Pos <<2513.864258, 6.581579, 7620.981934>>
SCRIPT       : [JunkYardDog] -- Adding Salvage Point to <Land_Wreck_sed02_aban2_grey<d4b162c0>> at Pos <<2559.955322, 6.488884, 7647.288574>>
SCRIPT       : [JunkYardDog] -- Adding Fuel Point to <Land_Wreck_sed02_aban2_grey<d4b162c0>> at Pos <<2559.955322, 6.488884, 7647.288574>>
SCRIPT       : [JunkYardDog] -- Adding Salvage Point to <Land_Wreck_hb01_aban2_green<d4b21800>> at Pos <<1824.505493, 99.620750, 6822.403809>>
SCRIPT       : [JunkYardDog] -- Adding Fuel Point to <Land_Wreck_hb01_aban2_green<d4b21800>> at Pos <<1824.505493, 99.620750, 6822.403809>>
SCRIPT       : [JunkYardDog] -- Adding Salvage Point to <Land_Wreck_hb02_aban2_blue<d4aee860>> at Pos <<2611.024414, 22.455366, 4323.901855>>
SCRIPT       : [JunkYardDog] -- Adding Fuel Point to <Land_Wreck_hb02_aban2_blue<d4aee860>> at Pos <<2611.024414, 22.455366, 4323.901855>>
SCRIPT       : [JunkYardDog] -- Adding Salvage Point to <Land_Wreck_sed02_aban1_yellow<d4afafc0>> at Pos <<4452.959961, 16.561337, 7615.726074>>
SCRIPT       : [JunkYardDog] -- Adding Fuel Point to <Land_Wreck_sed02_aban1_yellow<d4afafc0>> at Pos <<4452.959961, 16.561337, 7615.726074>>
SCRIPT       : [JunkYardDog] -- Adding Salvage Point to <Land_Wreck_sed01_aban2_wine<e18e8b20>> at Pos <<6120.005859, 32.458122, 5548.061523>>
SCRIPT       : [JunkYardDog] -- Adding Fuel Point to <Land_Wreck_sed01_aban2_wine<e18e8b20>> at Pos <<6120.005859, 32.458122, 5548.061523>>
SCRIPT       : [JunkYardDog] -- Adding Salvage Point to <Land_Wreck_sed01_aban1_white<e18eb870>> at Pos <<6136.963379, 34.410046, 5550.518555>>
SCRIPT       : [JunkYardDog] -- Adding Fuel Point to <Land_Wreck_sed01_aban1_white<e18eb870>> at Pos <<6136.963379, 34.410046, 5550.518555>>
SCRIPT       : [JunkYardDog] -- Adding Salvage Point to <Land_wreck_truck01_aban1_blue<e18eca90>> at Pos <<5268.538086, 5.059521, 6998.530762>>
SCRIPT       : [JunkYardDog] -- Adding Fuel Point to <Land_wreck_truck01_aban1_blue<e18eca90>> at Pos <<5268.538086, 5.059521, 6998.530762>>
SCRIPT       : [JunkYardDog] -- Adding Salvage Point to <Land_Wreck_S1023_Beige<e18ee5c0>> at Pos <<426.902954, 6.441785, 1870.071045>>
SCRIPT       : [JunkYardDog] -- Adding Fuel Point to <Land_Wreck_S1023_Beige<e18ee5c0>> at Pos <<426.902954, 6.441785, 1870.071045>>
SCRIPT       : [JunkYardDog] -- Adding Salvage Point to <Land_Wreck_S1023_Beige<e19007c0>> at Pos <<2304.380371, 78.206329, 1697.990479>>
SCRIPT       : [JunkYardDog] -- Adding Fuel Point to <Land_Wreck_S1023_Beige<e19007c0>> at Pos <<2304.380371, 78.206329, 1697.990479>>
SCRIPT       : [JunkYardDog] -- Adding Salvage Point to <Land_wreck_truck01_aban1_green<e1906b70>> at Pos <<2329.816895, 48.653950, 6005.964844>>
SCRIPT       : [JunkYardDog] -- Adding Fuel Point to <Land_wreck_truck01_aban1_green<e1906b70>> at Pos <<2329.816895, 48.653950, 6005.964844>>
SCRIPT       : [JunkYardDog] -- Adding Salvage Point to <Land_wreck_truck01_aban1_green<e19098c0>> at Pos <<4982.132813, 5.617619, 645.403870>>
SCRIPT       : [JunkYardDog] -- Adding Fuel Point to <Land_wreck_truck01_aban1_green<e19098c0>> at Pos <<4982.132813, 5.617619, 645.403870>>
SCRIPT       : [JunkYardDog] -- Adding Salvage Point to <Land_wreck_truck01_aban1_blue<e1916930>> at Pos <<1368.941650, 34.515663, 2712.272217>>
SCRIPT       : [JunkYardDog] -- Adding Fuel Point to <Land_wreck_truck01_aban1_blue<e1916930>> at Pos <<1368.941650, 34.515663, 2712.272217>>
SCRIPT       : [JunkYardDog] -- Adding Salvage Point to <Static_Wreck_Digger<f14233a0>> at Pos <<1234.941895, 29.407801, 3115.296387>>
SCRIPT       : [JunkYardDog] -- Adding Fuel Point to <Static_Wreck_Digger<f14233a0>> at Pos <<1234.941895, 29.407801, 3115.296387>>
SCRIPT       : [JunkYardDog] -- Adding Salvage Point to <Land_wreck_truck01_aban1_green<f1e044e0>> at Pos <<4682.052246, 47.620209, 1273.965088>>
SCRIPT       : [JunkYardDog] -- Adding Fuel Point to <Land_wreck_truck01_aban1_green<f1e044e0>> at Pos <<4682.052246, 47.620209, 1273.965088>>
SCRIPT       : [JunkYardDog] -- Adding Salvage Point to <Land_wreck_truck01_aban2_green<f1e10c40>> at Pos <<2178.260742, 58.270008, 7171.141602>>
SCRIPT       : [JunkYardDog] -- Adding Fuel Point to <Land_wreck_truck01_aban2_green<f1e10c40>> at Pos <<2178.260742, 58.270008, 7171.141602>>
SCRIPT       : [JunkYardDog] -- Adding Salvage Point to <Land_wreck_truck01_aban2_blue<f1e0f110>> at Pos <<4289.790527, 32.660187, 4477.695313>>
SCRIPT       : [JunkYardDog] -- Adding Fuel Point to <Land_wreck_truck01_aban2_blue<f1e0f110>> at Pos <<4289.790527, 32.660187, 4477.695313>>
SCRIPT       : [JunkYardDog] -- Adding Salvage Point to <Land_Wreck_Uaz<f1e32c00>> at Pos <<1546.789063, 58.866505, 5599.178711>>
SCRIPT       : [JunkYardDog] -- Adding Fuel Point to <Land_Wreck_Uaz<f1e32c00>> at Pos <<1546.789063, 58.866505, 5599.178711>>
SCRIPT       : [JunkYardDog] -- Adding Salvage Point to <Static_Wreck_S120_Red<19ab720>> at Pos <<4690.976074, 16.399143, 7613.687012>>
SCRIPT       : [JunkYardDog] -- Adding Fuel Point to <Static_Wreck_S120_Red<19ab720>> at Pos <<4690.976074, 16.399143, 7613.687012>>
SCRIPT       : [JunkYardDog] -- Adding Salvage Point to <Land_wreck_truck01_aban2_blue<fdc5f3e0>> at Pos <<2434.342529, 21.006132, 4156.385254>>
SCRIPT       : [JunkYardDog] -- Adding Fuel Point to <Land_wreck_truck01_aban2_blue<fdc5f3e0>> at Pos <<2434.342529, 21.006132, 4156.385254>>
SCRIPT       : [JunkYardDog] -- Adding Salvage Point to <Land_wreck_truck01_aban1_green<fdc5cfa0>> at Pos <<4797.764160, 47.839748, 1345.328003>>
SCRIPT       : [JunkYardDog] -- Adding Fuel Point to <Land_wreck_truck01_aban1_green<fdc5cfa0>> at Pos <<4797.764160, 47.839748, 1345.328003>>
SCRIPT       : [JunkYardDog] -- Adding Salvage Point to <Land_wreck_truck01_aban2_blue<fdc33100>> at Pos <<6459.357910, 15.661354, 6957.688965>>
SCRIPT       : [JunkYardDog] -- Adding Fuel Point to <Land_wreck_truck01_aban2_blue<fdc33100>> at Pos <<6459.357910, 15.661354, 6957.688965>>
SCRIPT       : [JunkYardDog] -- Adding Salvage Point to <Land_wreck_truck01_aban2_blue<fdc35540>> at Pos <<6448.791992, 15.480703, 6953.854492>>
SCRIPT       : [JunkYardDog] -- Adding Fuel Point to <Land_wreck_truck01_aban2_blue<fdc35540>> at Pos <<6448.791992, 15.480703, 6953.854492>>
SCRIPT       : [JunkYardDog] -- Adding Salvage Point to <Land_wreck_truck01_aban1_green<fdc3e640>> at Pos <<1611.558838, 42.100117, 2927.398438>>
SCRIPT       : [JunkYardDog] -- Adding Fuel Point to <Land_wreck_truck01_aban1_green<fdc3e640>> at Pos <<1611.558838, 42.100117, 2927.398438>>
SCRIPT       : [JunkYardDog] -- Adding Salvage Point to <Land_wreck_truck01_aban1_green<fdc3afe0>> at Pos <<4823.355957, 47.369293, 1582.841309>>
SCRIPT       : [JunkYardDog] -- Adding Fuel Point to <Land_wreck_truck01_aban1_green<fdc3afe0>> at Pos <<4823.355957, 47.369293, 1582.841309>>
SCRIPT       : [JunkYardDog] -- Adding Salvage Point to <Land_wreck_truck01_aban1_green<fdc40170>> at Pos <<1844.136597, 6.692944, 7625.126953>>
SCRIPT       : [JunkYardDog] -- Adding Fuel Point to <Land_wreck_truck01_aban1_green<fdc40170>> at Pos <<1844.136597, 6.692944, 7625.126953>>
SCRIPT       : [JunkYardDog] -- Adding Salvage Point to <Static_Wreck_Ural<8897c80>> at Pos <<4626.589355, 6.523552, 7889.500000>>
SCRIPT       : [JunkYardDog] -- Adding Fuel Point to <Static_Wreck_Ural<8897c80>> at Pos <<4626.589355, 6.523552, 7889.500000>>
SCRIPT       : [JunkYardDog] -- Adding Salvage Point to <Land_Wreck_Volha_Grey<c342a10>> at Pos <<2688.144287, 44.685669, 5951.580566>>
SCRIPT       : [JunkYardDog] -- Adding Fuel Point to <Land_Wreck_Volha_Grey<c342a10>> at Pos <<2688.144287, 44.685669, 5951.580566>>
SCRIPT       : [JunkYardDog] -- Adding Salvage Point to <Land_Wreck_hb02_aban2_blue<c344e50>> at Pos <<2690.704590, 44.669094, 5964.319336>>
SCRIPT       : [JunkYardDog] -- Adding Fuel Point to <Land_Wreck_hb02_aban2_blue<c344e50>> at Pos <<2690.704590, 44.669094, 5964.319336>>
SCRIPT       : [JunkYardDog] -- Adding Salvage Point to <Land_wreck_truck01_aban1_green<c346070>> at Pos <<2746.802002, 44.283222, 6014.562500>>
SCRIPT       : [JunkYardDog] -- Adding Fuel Point to <Land_wreck_truck01_aban1_green<c346070>> at Pos <<2746.802002, 44.283222, 6014.562500>>
SCRIPT       : [JunkYardDog] -- Adding Salvage Point to <Land_wreck_truck01_aban2_orange<c346980>> at Pos <<2770.533936, 44.259644, 5972.666504>>
SCRIPT       : [JunkYardDog] -- Adding Fuel Point to <Land_wreck_truck01_aban2_orange<c346980>> at Pos <<2770.533936, 44.259644, 5972.666504>>
SCRIPT       : [JunkYardDog] -- Adding Salvage Point to <Land_wreck_truck01_aban1_green<c3530e0>> at Pos <<1920.850708, 54.800152, 2904.254150>>
SCRIPT       : [JunkYardDog] -- Adding Fuel Point to <Land_wreck_truck01_aban1_green<c3530e0>> at Pos <<1920.850708, 54.800152, 2904.254150>>
SCRIPT       : [JunkYardDog] -- Adding Salvage Point to <Static_Wreck_S120_Red<f5351c0>> at Pos <<1939.939331, 55.382698, 2938.134766>>
SCRIPT       : [JunkYardDog] -- Adding Fuel Point to <Static_Wreck_S120_Red<f5351c0>> at Pos <<1939.939331, 55.382698, 2938.134766>>
SCRIPT       : [JunkYardDog] -- Adding Salvage Point to <Land_Wreck_S1023_Beige<c350390>> at Pos <<1930.298584, 55.799137, 2934.709229>>
SCRIPT       : [JunkYardDog] -- Adding Fuel Point to <Land_Wreck_S1023_Beige<c350390>> at Pos <<1930.298584, 55.799137, 2934.709229>>
SCRIPT       : [JunkYardDog] -- Adding Salvage Point to <Land_Wreck_Volha_Grey<c350ca0>> at Pos <<1930.070190, 55.536770, 2922.758789>>
SCRIPT       : [JunkYardDog] -- Adding Fuel Point to <Land_Wreck_Volha_Grey<c350ca0>> at Pos <<1930.070190, 55.536770, 2922.758789>>
SCRIPT       : [JunkYardDog] -- Adding Salvage Point to <Land_Wreck_sed02_aban1_red<c3515b0>> at Pos <<1944.047974, 55.661205, 2940.372803>>
SCRIPT       : [JunkYardDog] -- Adding Fuel Point to <Land_Wreck_sed02_aban1_red<c3515b0>> at Pos <<1944.047974, 55.661205, 2940.372803>>
SCRIPT       : [JunkYardDog] -- Adding Salvage Point to <Land_Wreck_Lada_Green<c358270>> at Pos <<966.022827, 6.089734, 3125.572998>>
SCRIPT       : [JunkYardDog] -- Adding Fuel Point to <Land_Wreck_Lada_Green<c358270>> at Pos <<966.022827, 6.089734, 3125.572998>>
SCRIPT       : [JunkYardDog] -- Adding Salvage Point to <Land_Wreck_hb02_aban1_blue<c35c1e0>> at Pos <<973.256897, 6.358056, 3121.756104>>
SCRIPT       : [JunkYardDog] -- Adding Fuel Point to <Land_Wreck_hb02_aban1_blue<c35c1e0>> at Pos <<973.256897, 6.358056, 3121.756104>>
SCRIPT       : [JunkYardDog] -- Adding Salvage Point to <Land_Wreck_hb01_aban2_white<c35f840>> at Pos <<6872.898438, 20.053711, 3821.324463>>
SCRIPT       : [JunkYardDog] -- Adding Fuel Point to <Land_Wreck_hb01_aban2_white<c35f840>> at Pos <<6872.898438, 20.053711, 3821.324463>>
SCRIPT       : [JunkYardDog] -- Adding Salvage Point to <Static_Wreck_Ural<143d5500>> at Pos <<1848.397949, 100.660225, 6519.955078>>
SCRIPT       : [JunkYardDog] -- Adding Fuel Point to <Static_Wreck_Ural<143d5500>> at Pos <<1848.397949, 100.660225, 6519.955078>>
SCRIPT       : [JunkYardDog] -- Adding Salvage Point to <Land_Wreck_sed01_aban2_wine<108a00f0>> at Pos <<6702.113281, 19.803265, 3643.737061>>
SCRIPT       : [JunkYardDog] -- Adding Fuel Point to <Land_Wreck_sed01_aban2_wine<108a00f0>> at Pos <<6702.113281, 19.803265, 3643.737061>>
SCRIPT       : [JunkYardDog] -- Adding Salvage Point to <Land_Wreck_hb02_aban1_blue<108a2e40>> at Pos <<1688.455688, 16.329824, 480.802277>>
SCRIPT       : [JunkYardDog] -- Adding Fuel Point to <Land_Wreck_hb02_aban1_blue<108a2e40>> at Pos <<1688.455688, 16.329824, 480.802277>>
SCRIPT       : [JunkYardDog] -- Adding Salvage Point to <Static_Wreck_Ural<143e8d30>> at Pos <<1668.968018, 16.757513, 497.385315>>
SCRIPT       : [JunkYardDog] -- Adding Fuel Point to <Static_Wreck_Ural<143e8d30>> at Pos <<1668.968018, 16.757513, 497.385315>>
SCRIPT       : [JunkYardDog] -- Adding Salvage Point to <Land_Wreck_Volha_Blue<1089c180>> at Pos <<1671.799683, 16.306944, 480.475220>>
SCRIPT       : [JunkYardDog] -- Adding Fuel Point to <Land_Wreck_Volha_Blue<1089c180>> at Pos <<1671.799683, 16.306944, 480.475220>>
SCRIPT       : [JunkYardDog] -- Adding Salvage Point to <Land_Wreck_sed02_aban2_grey<14897690>> at Pos <<1732.411377, 16.228823, 480.561371>>
SCRIPT       : [JunkYardDog] -- Adding Fuel Point to <Land_Wreck_sed02_aban2_grey<14897690>> at Pos <<1732.411377, 16.228823, 480.561371>>
SCRIPT       : [JunkYardDog] -- Adding Salvage Point to <Land_Wreck_Uaz<14897fa0>> at Pos <<1741.055786, 16.413185, 480.586029>>
SCRIPT       : [JunkYardDog] -- Adding Fuel Point to <Land_Wreck_Uaz<14897fa0>> at Pos <<1741.055786, 16.413185, 480.586029>>
SCRIPT       : [JunkYardDog] -- Adding Salvage Point to <Land_Wreck_S1023_Blue<148aa1a0>> at Pos <<1848.766968, 16.569132, 560.243225>>
SCRIPT       : [JunkYardDog] -- Adding Fuel Point to <Land_Wreck_S1023_Blue<148aa1a0>> at Pos <<1848.766968, 16.569132, 560.243225>>
SCRIPT       : [JunkYardDog] -- Adding Salvage Point to <Land_Wreck_Volha_Grey<148abcd0>> at Pos <<1848.792603, 16.306944, 568.316406>>
SCRIPT       : [JunkYardDog] -- Adding Fuel Point to <Land_Wreck_Volha_Grey<148abcd0>> at Pos <<1848.792603, 16.306944, 568.316406>>
SCRIPT       : [JunkYardDog] -- Adding Salvage Point to <Land_wreck_truck01_aban1_blue<148ad800>> at Pos <<1879.825684, 15.570000, 562.539124>>
SCRIPT       : [JunkYardDog] -- Adding Fuel Point to <Land_wreck_truck01_aban1_blue<148ad800>> at Pos <<1879.825684, 15.570000, 562.539124>>
SCRIPT       : [JunkYardDog] -- Adding Salvage Point to <Land_Wreck_sed01_aban1_wine<148ae110>> at Pos <<1880.404297, 16.321630, 570.355286>>
SCRIPT       : [JunkYardDog] -- Adding Fuel Point to <Land_Wreck_sed01_aban1_wine<148ae110>> at Pos <<1880.404297, 16.321630, 570.355286>>
SCRIPT       : [JunkYardDog] -- Adding Salvage Point to <Land_Wreck_S1023_Beige<148af330>> at Pos <<1859.809692, 16.569132, 568.488342>>
SCRIPT       : [JunkYardDog] -- Adding Fuel Point to <Land_Wreck_S1023_Beige<148af330>> at Pos <<1859.809692, 16.569132, 568.488342>>
SCRIPT       : m_LoginTimeMs: 4200
SCRIPT       : [JunkYardDog] -- Adding Salvage Point to <Static_Wreck_Ural<18673d70>> at Pos <<1501.529541, 16.757549, 516.901611>>
SCRIPT       : [JunkYardDog] -- Adding Fuel Point to <Static_Wreck_Ural<18673d70>> at Pos <<1501.529541, 16.757549, 516.901611>>
SCRIPT       : [JunkYardDog] -- Adding Salvage Point to <Static_Wreck_Ural<18961a60>> at Pos <<1549.478271, 16.757874, 535.082153>>
SCRIPT       : [JunkYardDog] -- Adding Fuel Point to <Static_Wreck_Ural<18961a60>> at Pos <<1549.478271, 16.757874, 535.082153>>
SCRIPT       : [JunkYardDog] -- Adding Salvage Point to <Land_Wreck_sed02_aban1_yellow<148912e0>> at Pos <<1989.433228, 16.431118, 596.317505>>
SCRIPT       : [JunkYardDog] -- Adding Fuel Point to <Land_Wreck_sed02_aban1_yellow<148912e0>> at Pos <<1989.433228, 16.431118, 596.317505>>
SCRIPT       : [JunkYardDog] -- Adding Salvage Point to <Land_wreck_truck01_aban1_green<1c1279a0>> at Pos <<1951.740967, 15.570000, 541.459717>>
SCRIPT       : [JunkYardDog] -- Adding Fuel Point to <Land_wreck_truck01_aban1_green<1c1279a0>> at Pos <<1951.740967, 15.570000, 541.459717>>
SCRIPT       : [JunkYardDog] -- Adding Salvage Point to <Land_wreck_truck01_aban1_green<1c128bc0>> at Pos <<1949.478638, 15.570000, 534.974060>>
SCRIPT       : [JunkYardDog] -- Adding Fuel Point to <Land_wreck_truck01_aban1_green<1c128bc0>> at Pos <<1949.478638, 15.570000, 534.974060>>
SCRIPT       : [JunkYardDog] -- Adding Salvage Point to <Land_wreck_truck01_aban1_green<1c121f00>> at Pos <<1950.984375, 15.570000, 565.505493>>
SCRIPT       : [JunkYardDog] -- Adding Fuel Point to <Land_wreck_truck01_aban1_green<1c121f00>> at Pos <<1950.984375, 15.570000, 565.505493>>
SCRIPT       : [JunkYardDog] -- Adding Salvage Point to <Land_Wreck_V3S<1c147e30>> at Pos <<1833.181641, 100.975677, 6551.259766>>
SCRIPT       : [JunkYardDog] -- Adding Fuel Point to <Land_Wreck_V3S<1c147e30>> at Pos <<1833.181641, 100.975677, 6551.259766>>
SCRIPT       : [JunkYardDog] -- Adding Salvage Point to <Land_Wreck_hb01_aban1_white<1c14bda0>> at Pos <<6792.937500, 27.191984, 2287.680664>>
SCRIPT       : [JunkYardDog] -- Adding Fuel Point to <Land_Wreck_hb01_aban1_white<1c14bda0>> at Pos <<6792.937500, 27.191984, 2287.680664>>
SCRIPT       : [JunkYardDog] -- Adding Salvage Point to <Land_Wreck_Lada_Red<1c1447d0>> at Pos <<6815.134766, 26.791504, 2287.721436>>
SCRIPT       : [JunkYardDog] -- Adding Fuel Point to <Land_Wreck_Lada_Red<1c1447d0>> at Pos <<6815.134766, 26.791504, 2287.721436>>
SCRIPT       : [JunkYardDog] -- Adding Salvage Point to <Land_Wreck_S1023_Beige<1c141170>> at Pos <<6901.242188, 63.029224, 770.589783>>
SCRIPT       : [JunkYardDog] -- Adding Fuel Point to <Land_Wreck_S1023_Beige<1c141170>> at Pos <<6901.242188, 63.029224, 770.589783>>
SCRIPT       : [JunkYardDog] -- Adding Salvage Point to <Land_wreck_truck01_aban1_green<1c1557b0>> at Pos <<6938.732910, 62.848179, 826.030762>>
SCRIPT       : [JunkYardDog] -- Adding Fuel Point to <Land_wreck_truck01_aban1_green<1c1557b0>> at Pos <<6938.732910, 62.848179, 826.030762>>
SCRIPT       : [JunkYardDog] -- Adding Salvage Point to <Land_Wreck_sed01_aban2_wine<1c154590>> at Pos <<2244.318604, 95.263321, 6336.895996>>
SCRIPT       : [JunkYardDog] -- Adding Fuel Point to <Land_Wreck_sed01_aban2_wine<1c154590>> at Pos <<2244.318604, 95.263321, 6336.895996>>
SCRIPT       : [JunkYardDog] -- Adding Salvage Point to <Land_Wreck_S1023_Beige<1c150620>> at Pos <<2249.183105, 95.509117, 6339.464355>>
SCRIPT       : [JunkYardDog] -- Adding Fuel Point to <Land_Wreck_S1023_Beige<1c150620>> at Pos <<2249.183105, 95.509117, 6339.464355>>
SCRIPT       : [JunkYardDog] -- Adding Salvage Point to <Static_Wreck_Ural<8205e870>> at Pos <<1733.008667, 16.757515, 623.392273>>
SCRIPT       : [JunkYardDog] -- Adding Fuel Point to <Static_Wreck_Ural<8205e870>> at Pos <<1733.008667, 16.757515, 623.392273>>
SCRIPT       : [JunkYardDog] -- Adding Salvage Point to <Land_Wreck_sed02_aban2_red<1c15b250>> at Pos <<1848.998047, 16.228825, 597.822449>>
SCRIPT       : [JunkYardDog] -- Adding Fuel Point to <Land_Wreck_sed02_aban2_red<1c15b250>> at Pos <<1848.998047, 16.228825, 597.822449>>
SCRIPT       : [JunkYardDog] -- Adding Salvage Point to <Land_Wreck_sed01_aban1_wine<1c15c470>> at Pos <<1848.904419, 16.321630, 585.401611>>
SCRIPT       : [JunkYardDog] -- Adding Fuel Point to <Land_Wreck_sed01_aban1_wine<1c15c470>> at Pos <<1848.904419, 16.321630, 585.401611>>
SCRIPT       : [JunkYardDog] -- Adding Salvage Point to <Land_Wreck_hb02_aban2_red<819f5ac0>> at Pos <<1880.867188, 16.273724, 604.823730>>
SCRIPT       : [JunkYardDog] -- Adding Fuel Point to <Land_Wreck_hb02_aban2_red<819f5ac0>> at Pos <<1880.867188, 16.273724, 604.823730>>
SCRIPT       : [JunkYardDog] -- Adding Salvage Point to <Land_Wreck_S1023_Beige<819fbe70>> at Pos <<1881.052734, 16.569134, 600.557434>>
SCRIPT       : [JunkYardDog] -- Adding Fuel Point to <Land_Wreck_S1023_Beige<819fbe70>> at Pos <<1881.052734, 16.569134, 600.557434>>
SCRIPT       : [JunkYardDog] -- Adding Salvage Point to <Land_Wreck_sed01_aban1_white<819fb560>> at Pos <<1859.194214, 16.321630, 597.628418>>
SCRIPT       : [JunkYardDog] -- Adding Fuel Point to <Land_Wreck_sed01_aban1_white<819fb560>> at Pos <<1859.194214, 16.321630, 597.628418>>
SCRIPT       : [JunkYardDog] -- Adding Salvage Point to <Land_Wreck_hb02_aban1_blue<819f63d0>> at Pos <<1881.339844, 16.329824, 580.130371>>
SCRIPT       : [JunkYardDog] -- Adding Fuel Point to <Land_Wreck_hb02_aban1_blue<819f63d0>> at Pos <<1881.339844, 16.329824, 580.130371>>
SCRIPT       : [JunkYardDog] -- Adding Salvage Point to <Land_Wreck_sed02_aban1_yellow<819fa340>> at Pos <<1880.414917, 16.431118, 587.603455>>
SCRIPT       : [JunkYardDog] -- Adding Fuel Point to <Land_Wreck_sed02_aban1_yellow<819fa340>> at Pos <<1880.414917, 16.431118, 587.603455>>
SCRIPT       : [JunkYardDog] -- Adding Salvage Point to <Land_Wreck_hb01_aban1_green<819f6ce0>> at Pos <<1859.670532, 16.631992, 580.999573>>
SCRIPT       : [JunkYardDog] -- Adding Fuel Point to <Land_Wreck_hb01_aban1_green<819f6ce0>> at Pos <<1859.670532, 16.631992, 580.999573>>
SCRIPT       : [JunkYardDog] -- Adding Salvage Point to <Static_Wreck_Digger<1c9829b0>> at Pos <<2116.485352, 11.402336, 806.627319>>
SCRIPT       : [JunkYardDog] -- Adding Fuel Point to <Static_Wreck_Digger<1c9829b0>> at Pos <<2116.485352, 11.402336, 806.627319>>
SCRIPT       : [JunkYardDog] -- Adding Salvage Point to <Land_wreck_truck01_aban1_green<81a06190>> at Pos <<2191.610596, 15.570000, 668.144531>>
SCRIPT       : [JunkYardDog] -- Adding Fuel Point to <Land_wreck_truck01_aban1_green<81a06190>> at Pos <<2191.610596, 15.570000, 668.144531>>
SCRIPT       : [JunkYardDog] -- Adding Salvage Point to <Land_wreck_truck01_aban1_green<81a085d0>> at Pos <<2217.305908, 15.570000, 661.672302>>
SCRIPT       : [JunkYardDog] -- Adding Fuel Point to <Land_wreck_truck01_aban1_green<81a085d0>> at Pos <<2217.305908, 15.570000, 661.672302>>
SCRIPT       : [JunkYardDog] -- Adding Salvage Point to <Land_wreck_truck01_aban1_green<81a0a100>> at Pos <<2218.775146, 15.570000, 649.664917>>
SCRIPT       : [JunkYardDog] -- Adding Fuel Point to <Land_wreck_truck01_aban1_green<81a0a100>> at Pos <<2218.775146, 15.570000, 649.664917>>
SCRIPT       : [JunkYardDog] -- Adding Salvage Point to <Land_Wreck_sed01_aban1_white<81a06aa0>> at Pos <<2219.925293, 16.321630, 805.025513>>
SCRIPT       : [JunkYardDog] -- Adding Fuel Point to <Land_Wreck_sed01_aban1_white<81a06aa0>> at Pos <<2219.925293, 16.321630, 805.025513>>
SCRIPT       : [JunkYardDog] -- Adding Salvage Point to <Land_Wreck_Volha_Blue<81a04660>> at Pos <<2220.414551, 16.302641, 800.007141>>
SCRIPT       : [JunkYardDog] -- Adding Fuel Point to <Land_Wreck_Volha_Blue<81a04660>> at Pos <<2220.414551, 16.302641, 800.007141>>
SCRIPT       : [INFO] Spawning initial hordes...
SCRIPT       : [INFO] Horde spawned (31 zombies) at <1672.989868, 1.737391, 526.464294>
SCRIPT       : [INFO] Horde spawned (49 zombies) at <7655.659668, 26.129999, 2393.031494>
SCRIPT       : [INFO] Horde spawned (37 zombies) at <3717.749512, 6.920784, 4672.553223>
SCRIPT       : [INFO] Horde spawned (25 zombies) at <2412.585449, 54.799999, 3115.683350>
SCRIPT       : [TERJE CORE](INFO): TERJE_STORAGE_VERSION SET TO 1
SCRIPT       : [JunkYardDog] -- Adding Salvage Point to <Land_Wreck_S1023_Beige<81a073b0>> at Pos <<4966.758301, 6.734208, 610.713623>>
SCRIPT       : [JunkYardDog] -- Adding Fuel Point to <Land_Wreck_S1023_Beige<81a073b0>> at Pos <<4966.758301, 6.734208, 610.713623>>
SCRIPT       : [JunkYardDog] -- Adding Salvage Point to <Land_Wreck_Volha_Blue<819d6850>> at Pos <<2191.222412, 16.302639, 856.530334>>
SCRIPT       : [JunkYardDog] -- Adding Fuel Point to <Land_Wreck_Volha_Blue<819d6850>> at Pos <<2191.222412, 16.302639, 856.530334>>
SCRIPT       : [JunkYardDog] -- Adding Salvage Point to <Land_Wreck_Volha_Blue<819d8380>> at Pos <<2208.104736, 16.302639, 861.314880>>
SCRIPT       : [JunkYardDog] -- Adding Fuel Point to <Land_Wreck_Volha_Blue<819d8380>> at Pos <<2208.104736, 16.302639, 861.314880>>
SCRIPT       : [JunkYardDog] -- Adding Salvage Point to <Land_Wreck_Volha_Blue<819d0db0>> at Pos <<2208.975342, 16.305099, 846.381653>>
SCRIPT       : [JunkYardDog] -- Adding Fuel Point to <Land_Wreck_Volha_Blue<819d0db0>> at Pos <<2208.975342, 16.305099, 846.381653>>
SCRIPT       : [JunkYardDog] -- Adding Salvage Point to <Land_Wreck_S1023_Beige<819df950>> at Pos <<1244.424072, 66.759415, 1156.200317>>
SCRIPT       : [JunkYardDog] -- Adding Fuel Point to <Land_Wreck_S1023_Beige<819df950>> at Pos <<1244.424072, 66.759415, 1156.200317>>
SCRIPT       : [JunkYardDog] -- Adding Salvage Point to <Static_Wreck_Ural<18f90180>> at Pos <<1663.983154, 16.757513, 480.054138>>
SCRIPT       : [JunkYardDog] -- Adding Fuel Point to <Static_Wreck_Ural<18f90180>> at Pos <<1663.983154, 16.757513, 480.054138>>
SCRIPT       : [JunkYardDog] -- Adding Salvage Point to <Land_Wreck_Volha_Grey<819e1480>> at Pos <<1643.880981, 16.306944, 480.305145>>
SCRIPT       : [JunkYardDog] -- Adding Fuel Point to <Land_Wreck_Volha_Grey<819e1480>> at Pos <<1643.880981, 16.306944, 480.305145>>
SCRIPT       : [JunkYardDog] -- Adding Salvage Point to <Land_Wreck_sed02_aban2_red<819f0930>> at Pos <<3720.454102, 7.656665, 4651.894531>>
SCRIPT       : [JunkYardDog] -- Adding Fuel Point to <Land_Wreck_sed02_aban2_red<819f0930>> at Pos <<3720.454102, 7.656665, 4651.894531>>
SCRIPT       : [JunkYardDog] -- Adding Salvage Point to <Land_Wreck_hb01_aban2_green<819f0020>> at Pos <<3695.641846, 6.523770, 4694.294434>>
SCRIPT       : [JunkYardDog] -- Adding Fuel Point to <Land_Wreck_hb01_aban2_green<819f0020>> at Pos <<3695.641846, 6.523770, 4694.294434>>
SCRIPT       : [JunkYardDog] -- Adding Salvage Point to <Land_Wreck_sed02_aban2_red<819f1b50>> at Pos <<3759.895508, 8.890735, 4681.981934>>
SCRIPT       : [JunkYardDog] -- Adding Fuel Point to <Land_Wreck_sed02_aban2_red<819f1b50>> at Pos <<3759.895508, 8.890735, 4681.981934>>
SCRIPT       : [JunkYardDog] -- Adding Salvage Point to <Land_Wreck_sed01_aban2_wine<1a768bf0>> at Pos <<2450.893066, 55.553318, 3067.573486>>
SCRIPT       : [JunkYardDog] -- Adding Fuel Point to <Land_Wreck_sed01_aban2_wine<1a768bf0>> at Pos <<2450.893066, 55.553318, 3067.573486>>
SCRIPT       : [JunkYardDog] -- Adding Salvage Point to <Land_Wreck_Volha_Blue<1a7667b0>> at Pos <<2409.993408, 55.532642, 3103.223389>>
SCRIPT       : [JunkYardDog] -- Adding Fuel Point to <Land_Wreck_Volha_Blue<1a7667b0>> at Pos <<2409.993408, 55.532642, 3103.223389>>
SCRIPT       : [JunkYardDog] -- Adding Salvage Point to <Static_Wreck_S120_Red<1a54a0c0>> at Pos <<2338.598389, 55.382694, 3073.794678>>
SCRIPT       : [JunkYardDog] -- Adding Fuel Point to <Static_Wreck_S120_Red<1a54a0c0>> at Pos <<2338.598389, 55.382694, 3073.794678>>
SCRIPT       : [JunkYardDog] -- Adding Salvage Point to <Land_Wreck_S1023_Beige<e0e24940>> at Pos <<2414.080322, 55.799133, 3146.057617>>
SCRIPT       : [JunkYardDog] -- Adding Fuel Point to <Land_Wreck_S1023_Beige<e0e24940>> at Pos <<2414.080322, 55.799133, 3146.057617>>
SCRIPT       : [JunkYardDog] -- Adding Salvage Point to <Land_Wreck_Uaz<1a8d8f30>> at Pos <<4033.473389, 29.543093, 1626.107544>>
SCRIPT       : [JunkYardDog] -- Adding Fuel Point to <Land_Wreck_Uaz<1a8d8f30>> at Pos <<4033.473389, 29.543093, 1626.107544>>
SCRIPT       : [TERJE CORE](INFO): New profile 'R5KkZb3Ywicboa8ntCzbBJK6WLpakj_6yA-ghmDo4lw=' created.
SCRIPT       : [JunkYardDog] -- Adding Salvage Point to <Land_wreck_truck01_aban1_orange<1a8f7890>> at Pos <<2287.201416, 77.104538, 1717.328735>>
SCRIPT       : [JunkYardDog] -- Adding Fuel Point to <Land_wreck_truck01_aban1_orange<1a8f7890>> at Pos <<2287.201416, 77.104538, 1717.328735>>
SCRIPT       : [JunkYardDog] -- Adding Salvage Point to <Land_Wreck_V3S<1a8faef0>> at Pos <<3957.861084, 30.366205, 1668.957520>>
SCRIPT       : [JunkYardDog] -- Adding Fuel Point to <Land_Wreck_V3S<1a8faef0>> at Pos <<3957.861084, 30.366205, 1668.957520>>
SCRIPT       : [JunkYardDog] -- Adding Salvage Point to <Land_wreck_truck01_aban1_green<20d17490>> at Pos <<7748.199219, 26.130013, 1923.807251>>
SCRIPT       : [JunkYardDog] -- Adding Fuel Point to <Land_wreck_truck01_aban1_green<20d17490>> at Pos <<7748.199219, 26.130013, 1923.807251>>
SCRIPT       : [JunkYardDog] -- Adding Salvage Point to <Land_wreck_truck01_aban2_blue<20d1cf30>> at Pos <<7791.678711, 26.130449, 1949.849731>>
SCRIPT       : [JunkYardDog] -- Adding Fuel Point to <Land_wreck_truck01_aban2_blue<20d1cf30>> at Pos <<7791.678711, 26.130449, 1949.849731>>
SCRIPT       : [JunkYardDog] -- Adding Salvage Point to <Land_Wreck_S1023_Beige<20d2bad0>> at Pos <<5395.962402, 9.756697, 1954.658081>>
SCRIPT       : [JunkYardDog] -- Adding Fuel Point to <Land_Wreck_S1023_Beige<20d2bad0>> at Pos <<5395.962402, 9.756697, 1954.658081>>
SCRIPT       : [JunkYardDog] -- Adding Salvage Point to <Land_wreck_truck01_aban1_green<20d32790>> at Pos <<7829.684570, 26.130013, 2040.784424>>
SCRIPT       : [JunkYardDog] -- Adding Fuel Point to <Land_wreck_truck01_aban1_green<20d32790>> at Pos <<7829.684570, 26.130013, 2040.784424>>
SCRIPT       : [JunkYardDog] -- Adding Salvage Point to <Land_Wreck_hb01_aban2_green<20d36700>> at Pos <<7822.011230, 27.060753, 2019.668213>>
SCRIPT       : [JunkYardDog] -- Adding Fuel Point to <Land_Wreck_hb01_aban2_green<20d36700>> at Pos <<7822.011230, 27.060753, 2019.668213>>
SCRIPT       : [JunkYardDog] -- Adding Salvage Point to <Land_Wreck_sed01_aban2_black<1f201fc0>> at Pos <<6717.325195, 26.883318, 2304.556396>>
SCRIPT       : [JunkYardDog] -- Adding Fuel Point to <Land_Wreck_sed01_aban2_black<1f201fc0>> at Pos <<6717.325195, 26.883318, 2304.556396>>
SCRIPT       : [JunkYardDog] -- Adding Salvage Point to <Static_Wreck_Ural<2490e190>> at Pos <<6746.413574, 27.317520, 2289.623779>>
SCRIPT       : [JunkYardDog] -- Adding Fuel Point to <Static_Wreck_Ural<2490e190>> at Pos <<6746.413574, 27.317520, 2289.623779>>
SCRIPT       : [JunkYardDog] -- Adding Salvage Point to <Land_Wreck_sed01_aban2_wine<1f1ffb80>> at Pos <<6749.152832, 26.883291, 2315.182129>>
SCRIPT       : [JunkYardDog] -- Adding Fuel Point to <Land_Wreck_sed01_aban2_wine<1f1ffb80>> at Pos <<6749.152832, 26.883291, 2315.182129>>
SCRIPT       : [JunkYardDog] -- Adding Salvage Point to <Land_Wreck_S1023_Beige<1f1fe960>> at Pos <<6727.623047, 27.129129, 2333.909424>>
SCRIPT       : [JunkYardDog] -- Adding Fuel Point to <Land_Wreck_S1023_Beige<1f1fe960>> at Pos <<6727.623047, 27.129129, 2333.909424>>
SCRIPT       : [JunkYardDog] -- Adding Salvage Point to <Land_Wreck_hb01_aban2_green<1f204d10>> at Pos <<6742.686035, 27.060749, 2314.432861>>
SCRIPT       : [JunkYardDog] -- Adding Fuel Point to <Land_Wreck_hb01_aban2_green<1f204d10>> at Pos <<6742.686035, 27.060749, 2314.432861>>
SCRIPT       : [JunkYardDog] -- Adding Salvage Point to <Land_Wreck_sed02_aban1_grey<1f206840>> at Pos <<6760.093750, 26.991104, 2287.590088>>
SCRIPT       : [JunkYardDog] -- Adding Fuel Point to <Land_Wreck_sed02_aban1_grey<1f206840>> at Pos <<6760.093750, 26.991104, 2287.590088>>
SCRIPT       : [JunkYardDog] -- Adding Salvage Point to <Land_Wreck_hb01_aban1_blue<1f207150>> at Pos <<6767.819824, 27.191996, 2306.217773>>
SCRIPT       : [JunkYardDog] -- Adding Fuel Point to <Land_Wreck_hb01_aban1_blue<1f207150>> at Pos <<6767.819824, 27.191996, 2306.217773>>
SCRIPT       : [JunkYardDog] -- Adding Salvage Point to <Land_Wreck_V3S<1f20a7b0>> at Pos <<6780.577637, 27.732960, 2333.538330>>
SCRIPT       : [JunkYardDog] -- Adding Fuel Point to <Land_Wreck_V3S<1f20a7b0>> at Pos <<6780.577637, 27.732960, 2333.538330>>
SCRIPT       : [JunkYardDog] -- Adding Salvage Point to <Land_Wreck_sed02_aban1_red<1f209ea0>> at Pos <<6771.830566, 26.991144, 2306.357910>>
SCRIPT       : [JunkYardDog] -- Adding Fuel Point to <Land_Wreck_sed02_aban1_red<1f209ea0>> at Pos <<6771.830566, 26.991144, 2306.357910>>
SCRIPT       : [JunkYardDog] -- Adding Salvage Point to <Land_Wreck_S1023_Blue<1f203af0>> at Pos <<6799.867676, 27.129133, 2306.441406>>
SCRIPT       : [JunkYardDog] -- Adding Fuel Point to <Land_Wreck_S1023_Blue<1f203af0>> at Pos <<6799.867676, 27.129133, 2306.441406>>
SCRIPT       : [JunkYardDog] -- Adding Salvage Point to <Land_Wreck_sed01_aban2_white<1f2031e0>> at Pos <<6791.729492, 26.883314, 2315.782227>>
SCRIPT       : [JunkYardDog] -- Adding Fuel Point to <Land_Wreck_sed01_aban2_white<1f2031e0>> at Pos <<6791.729492, 26.883314, 2315.782227>>
SCRIPT       : [JunkYardDog] -- Adding Salvage Point to <Land_Wreck_Volha_Blue<1f20b9d0>> at Pos <<6813.965820, 26.862637, 2316.006592>>
SCRIPT       : [JunkYardDog] -- Adding Fuel Point to <Land_Wreck_Volha_Blue<1f20b9d0>> at Pos <<6813.965820, 26.862637, 2316.006592>>
SCRIPT       : [JunkYardDog] -- Adding Salvage Point to <Land_Wreck_Volha_Grey<1f20b0c0>> at Pos <<6813.994141, 26.866932, 2334.999512>>
SCRIPT       : [JunkYardDog] -- Adding Fuel Point to <Land_Wreck_Volha_Grey<1f20b0c0>> at Pos <<6813.994141, 26.866932, 2334.999512>>
SCRIPT       : [JunkYardDog] -- Adding Salvage Point to <Land_wreck_truck01_aban1_green<1f212fa0>> at Pos <<2716.936279, 109.670647, 2403.360107>>
SCRIPT       : [JunkYardDog] -- Adding Fuel Point to <Land_wreck_truck01_aban1_green<1f212fa0>> at Pos <<2716.936279, 109.670647, 2403.360107>>
SCRIPT       : [AYSA] [AI WAR ZONES] 
SCRIPT       : [AYSA] ----- Sending cfg -----
SCRIPT       : [AYSA] ----- Pengowski -----
SCRIPT       : 17:57:20.608 [WARNING]	76561198413928129 tried sending Dumpgrah_AMS::<RPCAmmoMakingSettings> which does not seem to exist!
SCRIPT       : 17:57:20.609 [WARNING]	76561198413928129 tried sending Dumpgrah_ABS::<RPCAmmoBuildingSettings> which does not seem to exist!
SCRIPT       : 17:57:20.609 [WARNING]	76561198413928129 tried sending Dumpgrah_AS::<RPCAmmoSmelting> which does not seem to exist!
SCRIPT       : [JunkYardDog] -- Adding Salvage Point to <Land_Wreck_S1023_Blue<1f21c0a0>> at Pos <<4260.895020, 6.965225, 2608.278809>>
SCRIPT       : [JunkYardDog] -- Adding Fuel Point to <Land_Wreck_S1023_Blue<1f21c0a0>> at Pos <<4260.895020, 6.965225, 2608.278809>>
SCRIPT       : [JunkYardDog] -- Adding Salvage Point to <Land_Wreck_S1023_Beige<1f21f700>> at Pos <<4296.479492, 6.999133, 2565.476074>>
SCRIPT       : [JunkYardDog] -- Adding Fuel Point to <Land_Wreck_S1023_Beige<1f21f700>> at Pos <<4296.479492, 6.999133, 2565.476074>>
SCRIPT       : [JunkYardDog] -- Adding Salvage Point to <Static_Wreck_HMMWV<24355f20>> at Pos <<1601.119751, 96.917114, 2641.708008>>
SCRIPT       : [JunkYardDog] -- Adding Fuel Point to <Static_Wreck_HMMWV<24355f20>> at Pos <<1601.119751, 96.917114, 2641.708008>>
SCRIPT       : [JunkYardDog] -- Adding Salvage Point to <Land_Wreck_V3S<1f227ef0>> at Pos <<1635.956421, 88.992935, 2613.975098>>
SCRIPT       : [JunkYardDog] -- Adding Fuel Point to <Land_Wreck_V3S<1f227ef0>> at Pos <<1635.956421, 88.992935, 2613.975098>>
SCRIPT       : [JunkYardDog] -- Adding Salvage Point to <Land_Wreck_sed01_aban2_black<2380f820>> at Pos <<1116.657715, 24.620441, 2728.777588>>
SCRIPT       : [JunkYardDog] -- Adding Fuel Point to <Land_Wreck_sed01_aban2_black<2380f820>> at Pos <<1116.657715, 24.620441, 2728.777588>>
SCRIPT       : [JunkYardDog] -- Adding Salvage Point to <Land_Wreck_S1023_Beige<2380cad0>> at Pos <<1150.586426, 23.865276, 2763.146240>>
SCRIPT       : [JunkYardDog] -- Adding Fuel Point to <Land_Wreck_S1023_Beige<2380cad0>> at Pos <<1150.586426, 23.865276, 2763.146240>>
SCRIPT       : [JunkYardDog] -- Adding Salvage Point to <Land_Wreck_S1023_Beige<23818010>> at Pos <<1366.528076, 35.816158, 2724.660645>>
SCRIPT       : [JunkYardDog] -- Adding Fuel Point to <Land_Wreck_S1023_Beige<23818010>> at Pos <<1366.528076, 35.816158, 2724.660645>>
SCRIPT       : [JunkYardDog] -- Adding Salvage Point to <Land_Wreck_sed02_aban1_grey<23816df0>> at Pos <<1347.249756, 34.580372, 2729.101563>>
SCRIPT       : [JunkYardDog] -- Adding Fuel Point to <Land_Wreck_sed02_aban1_grey<23816df0>> at Pos <<1347.249756, 34.580372, 2729.101563>>
SCRIPT       : [JunkYardDog] -- Adding Salvage Point to <Land_wreck_truck01_aban1_green<23824770>> at Pos <<1934.232788, 54.828510, 2858.422119>>
SCRIPT       : [JunkYardDog] -- Adding Fuel Point to <Land_wreck_truck01_aban1_green<23824770>> at Pos <<1934.232788, 54.828510, 2858.422119>>
SCRIPT       : [JunkYardDog] -- Adding Salvage Point to <Land_Wreck_Volha_Blue<2381ecd0>> at Pos <<1980.411499, 55.572750, 2853.582520>>
SCRIPT       : [JunkYardDog] -- Adding Fuel Point to <Land_Wreck_Volha_Blue<2381ecd0>> at Pos <<1980.411499, 55.572750, 2853.582520>>
SCRIPT       : [JunkYardDog] -- Adding Salvage Point to <Land_Wreck_S1023_Blue<237e86d0>> at Pos <<1953.849731, 55.799133, 2932.054688>>
SCRIPT       : [JunkYardDog] -- Adding Fuel Point to <Land_Wreck_S1023_Blue<237e86d0>> at Pos <<1953.849731, 55.799133, 2932.054688>>
SCRIPT       : [JunkYardDog] -- Adding Salvage Point to <Land_wreck_truck01_aban2_green<237eea80>> at Pos <<1990.463745, 54.799999, 2950.553223>>
SCRIPT       : [JunkYardDog] -- Adding Fuel Point to <Land_wreck_truck01_aban2_green<237eea80>> at Pos <<1990.463745, 54.799999, 2950.553223>>
SCRIPT       : [JunkYardDog] -- Adding Salvage Point to <Land_Wreck_sed01_aban1_black<237f3300>> at Pos <<2035.736328, 55.551632, 2929.536377>>
SCRIPT       : [JunkYardDog] -- Adding Fuel Point to <Land_Wreck_sed01_aban1_black<237f3300>> at Pos <<2035.736328, 55.551632, 2929.536377>>
SCRIPT       : [JunkYardDog] -- Adding Salvage Point to <Land_Wreck_S1023_Blue<237f17d0>> at Pos <<1694.870361, 53.879314, 2993.271240>>
SCRIPT       : [JunkYardDog] -- Adding Fuel Point to <Land_Wreck_S1023_Blue<237f17d0>> at Pos <<1694.870361, 53.879314, 2993.271240>>
SCRIPT       : [JunkYardDog] -- Adding Salvage Point to <Land_Wreck_hb02_aban2_blue<237f96b0>> at Pos <<1699.067871, 53.676994, 2941.936523>>
SCRIPT       : [JunkYardDog] -- Adding Fuel Point to <Land_Wreck_hb02_aban2_blue<237f96b0>> at Pos <<1699.067871, 53.676994, 2941.936523>>
SCRIPT       : [JunkYardDog] -- Adding Salvage Point to <Land_Wreck_sed02_aban1_grey<237f9fc0>> at Pos <<1696.435181, 53.802372, 2945.981689>>
SCRIPT       : [JunkYardDog] -- Adding Fuel Point to <Land_Wreck_sed02_aban1_grey<237f9fc0>> at Pos <<1696.435181, 53.802372, 2945.981689>>
SCRIPT       : [JunkYardDog] -- Adding Salvage Point to <Land_Wreck_hb02_aban2_black<237fb1e0>> at Pos <<1700.660400, 53.583584, 2999.756104>>
SCRIPT       : [JunkYardDog] -- Adding Fuel Point to <Land_Wreck_hb02_aban2_black<237fb1e0>> at Pos <<1700.660400, 53.583584, 2999.756104>>
SCRIPT       : [JunkYardDog] -- Adding Salvage Point to <Land_Wreck_Lada_Green<237fcd10>> at Pos <<2115.759766, 55.461494, 3096.063721>>
SCRIPT       : [JunkYardDog] -- Adding Fuel Point to <Land_Wreck_Lada_Green<237fcd10>> at Pos <<2115.759766, 55.461494, 3096.063721>>
SCRIPT       : [JunkYardDog] -- Adding Salvage Point to <Land_wreck_truck01_aban1_green<237fdf30>> at Pos <<2158.755859, 54.800152, 2941.861084>>
SCRIPT       : [JunkYardDog] -- Adding Fuel Point to <Land_wreck_truck01_aban1_green<237fdf30>> at Pos <<2158.755859, 54.800152, 2941.861084>>
SCRIPT       : [JunkYardDog] -- Adding Salvage Point to <Land_wreck_truck01_aban1_green<237fe840>> at Pos <<2166.471191, 54.800152, 2915.362793>>
SCRIPT       : [JunkYardDog] -- Adding Fuel Point to <Land_wreck_truck01_aban1_green<237fe840>> at Pos <<2166.471191, 54.800152, 2915.362793>>
SCRIPT       : [JunkYardDog] -- Adding Salvage Point to <Land_wreck_truck01_aban1_green<237ff150>> at Pos <<2170.769775, 54.800152, 2965.642578>>
SCRIPT       : [JunkYardDog] -- Adding Fuel Point to <Land_wreck_truck01_aban1_green<237ff150>> at Pos <<2170.769775, 54.800152, 2965.642578>>
SCRIPT       : [JunkYardDog] -- Adding Salvage Point to <Land_Wreck_hb02_aban1_blue<238030c0>> at Pos <<2212.228760, 55.559822, 3009.583008>>
SCRIPT       : [JunkYardDog] -- Adding Fuel Point to <Land_Wreck_hb02_aban1_blue<238030c0>> at Pos <<2212.228760, 55.559822, 3009.583008>>
SCRIPT       : [JunkYardDog] -- Adding Salvage Point to <Land_Wreck_Lada_Red<26b36da0>> at Pos <<2287.553955, 55.461494, 3071.835693>>
SCRIPT       : [JunkYardDog] -- Adding Fuel Point to <Land_Wreck_Lada_Red<26b36da0>> at Pos <<2287.553955, 55.461494, 3071.835693>>
SCRIPT       : [JunkYardDog] -- Adding Salvage Point to <Land_Wreck_hb01_aban1_white<26b31300>> at Pos <<2321.245850, 55.861988, 3077.503174>>
SCRIPT       : [JunkYardDog] -- Adding Fuel Point to <Land_Wreck_hb01_aban1_white<26b31300>> at Pos <<2321.245850, 55.861988, 3077.503174>>
SCRIPT       : [JunkYardDog] -- Adding Salvage Point to <Land_Wreck_hb02_aban1_red<26b37fc0>> at Pos <<2323.665283, 55.559822, 3095.309570>>
SCRIPT       : [JunkYardDog] -- Adding Fuel Point to <Land_Wreck_hb02_aban1_red<26b37fc0>> at Pos <<2323.665283, 55.559822, 3095.309570>>
SCRIPT       : [JunkYardDog] -- Adding Salvage Point to <Land_Wreck_S1023_Beige<26b31c10>> at Pos <<2327.708740, 55.799133, 3096.558594>>
SCRIPT       : [JunkYardDog] -- Adding Fuel Point to <Land_Wreck_S1023_Beige<26b31c10>> at Pos <<2327.708740, 55.799133, 3096.558594>>
SCRIPT       : [JunkYardDog] -- Adding Salvage Point to <Land_Wreck_Volha_Blue<26b32e30>> at Pos <<2335.622314, 55.532642, 3080.989258>>
SCRIPT       : [JunkYardDog] -- Adding Fuel Point to <Land_Wreck_Volha_Blue<26b32e30>> at Pos <<2335.622314, 55.532642, 3080.989258>>
SCRIPT       : [JunkYardDog] -- Adding Salvage Point to <Land_wreck_truck01_aban2_blue<26b34050>> at Pos <<1214.274780, 26.349161, 3033.826904>>
SCRIPT       : [JunkYardDog] -- Adding Fuel Point to <Land_wreck_truck01_aban2_blue<26b34050>> at Pos <<1214.274780, 26.349161, 3033.826904>>
SCRIPT       : [JunkYardDog] -- Adding Salvage Point to <Land_Wreck_hb01_aban2_green<26b309f0>> at Pos <<1198.017334, 27.506042, 3042.165283>>
SCRIPT       : [JunkYardDog] -- Adding Fuel Point to <Land_Wreck_hb01_aban2_green<26b309f0>> at Pos <<1198.017334, 27.506042, 3042.165283>>
SCRIPT       : [JunkYardDog] -- Adding Salvage Point to <Land_wreck_truck01_aban1_green<26b391e0>> at Pos <<1216.473511, 26.249359, 3042.851318>>
SCRIPT       : [JunkYardDog] -- Adding Fuel Point to <Land_wreck_truck01_aban1_green<26b391e0>> at Pos <<1216.473511, 26.249359, 3042.851318>>
SCRIPT       : [JunkYardDog] -- Adding Salvage Point to <Land_Wreck_hb02_aban2_blue<26b419d0>> at Pos <<2254.115479, 55.503723, 3137.041992>>
SCRIPT       : [JunkYardDog] -- Adding Fuel Point to <Land_Wreck_hb02_aban2_blue<26b419d0>> at Pos <<2254.115479, 55.503723, 3137.041992>>
SCRIPT       : [JunkYardDog] -- Adding Salvage Point to <Land_wreck_truck01_aban1_green<26b47d80>> at Pos <<929.585327, 5.259833, 3145.406250>>
SCRIPT       : [JunkYardDog] -- Adding Fuel Point to <Land_wreck_truck01_aban1_green<26b47d80>> at Pos <<929.585327, 5.259833, 3145.406250>>
SCRIPT       : [JunkYardDog] -- Adding Salvage Point to <Land_Wreck_Volha_Blue<26b498b0>> at Pos <<939.643738, 6.002090, 3140.184570>>
SCRIPT       : [JunkYardDog] -- Adding Fuel Point to <Land_Wreck_Volha_Blue<26b498b0>> at Pos <<939.643738, 6.002090, 3140.184570>>
SCRIPT       : [JunkYardDog] -- Adding Salvage Point to <Land_Wreck_sed02_aban2_yellow<26b4c600>> at Pos <<2202.450684, 55.458824, 3206.056396>>
SCRIPT       : [JunkYardDog] -- Adding Fuel Point to <Land_Wreck_sed02_aban2_yellow<26b4c600>> at Pos <<2202.450684, 55.458824, 3206.056396>>
SCRIPT       : [JunkYardDog] -- Adding Salvage Point to <Land_Wreck_Volha_Grey<26b48690>> at Pos <<2212.918945, 55.536942, 3189.282471>>
SCRIPT       : [JunkYardDog] -- Adding Fuel Point to <Land_Wreck_Volha_Grey<26b48690>> at Pos <<2212.918945, 55.536942, 3189.282471>>
SCRIPT       : [JunkYardDog] -- Adding Salvage Point to <Land_Wreck_sed01_aban1_wine<26b5f110>> at Pos <<2129.894043, 55.551632, 3209.930664>>
SCRIPT       : [JunkYardDog] -- Adding Fuel Point to <Land_Wreck_sed01_aban1_wine<26b5f110>> at Pos <<2129.894043, 55.551632, 3209.930664>>
SCRIPT       : [JunkYardDog] -- Adding Salvage Point to <Land_Wreck_hb02_aban1_blue<285aeba0>> at Pos <<823.701599, 6.019824, 3368.801758>>
SCRIPT       : [JunkYardDog] -- Adding Fuel Point to <Land_Wreck_hb02_aban1_blue<285aeba0>> at Pos <<823.701599, 6.019824, 3368.801758>>
SCRIPT       : [JunkYardDog] -- Adding Salvage Point to <Land_Wreck_Volha_Blue<285af4b0>> at Pos <<826.823242, 5.996944, 3366.731689>>
SCRIPT       : [JunkYardDog] -- Adding Fuel Point to <Land_Wreck_Volha_Blue<285af4b0>> at Pos <<826.823242, 5.996944, 3366.731689>>
SCRIPT       : [JunkYardDog] -- Adding Salvage Point to <Static_Wreck_HMMWV<287122b0>> at Pos <<819.898193, 6.167102, 3371.114990>>
SCRIPT       : [JunkYardDog] -- Adding Fuel Point to <Static_Wreck_HMMWV<287122b0>> at Pos <<819.898193, 6.167102, 3371.114990>>
SCRIPT       : [JunkYardDog] -- Adding Salvage Point to <Land_Wreck_hb01_aban1_green<285b2b10>> at Pos <<836.449646, 6.321993, 3329.476807>>
SCRIPT       : [JunkYardDog] -- Adding Fuel Point to <Land_Wreck_hb01_aban1_green<285b2b10>> at Pos <<836.449646, 6.321993, 3329.476807>>
SCRIPT       : [JunkYardDog] -- Adding Salvage Point to <Land_Wreck_Uaz<285b3420>> at Pos <<836.511536, 6.103186, 3352.479492>>
SCRIPT       : [JunkYardDog] -- Adding Fuel Point to <Land_Wreck_Uaz<285b3420>> at Pos <<836.511536, 6.103186, 3352.479492>>
SCRIPT       : [JunkYardDog] -- Adding Salvage Point to <Land_Wreck_Volha_Blue<285b3d30>> at Pos <<834.689331, 5.992642, 3349.105225>>
SCRIPT       : [JunkYardDog] -- Adding Fuel Point to <Land_Wreck_Volha_Blue<285b3d30>> at Pos <<834.689331, 5.992642, 3349.105225>>
SCRIPT       : [JunkYardDog] -- Adding Salvage Point to <Land_Wreck_Lada_Green<285ad070>> at Pos <<833.972351, 5.921496, 3363.273682>>
SCRIPT       : [JunkYardDog] -- Adding Fuel Point to <Land_Wreck_Lada_Green<285ad070>> at Pos <<833.972351, 5.921496, 3363.273682>>
SCRIPT       : [JunkYardDog] -- Adding Salvage Point to <Land_Wreck_hb01_aban2_green<285c28d0>> at Pos <<4848.300293, 32.541470, 3386.592285>>
SCRIPT       : [JunkYardDog] -- Adding Fuel Point to <Land_Wreck_hb01_aban2_green<285c28d0>> at Pos <<4848.300293, 32.541470, 3386.592285>>
SCRIPT       : [JunkYardDog] -- Adding Salvage Point to <Static_Wreck_Digger<28b3c0a0>> at Pos <<6431.323242, 14.329387, 3438.257080>>
SCRIPT       : [JunkYardDog] -- Adding Fuel Point to <Static_Wreck_Digger<28b3c0a0>> at Pos <<6431.323242, 14.329387, 3438.257080>>
SCRIPT       : [JunkYardDog] -- Adding Salvage Point to <Land_wreck_truck01_aban2_blue<285c8370>> at Pos <<6445.510254, 8.859630, 3418.687500>>
SCRIPT       : [JunkYardDog] -- Adding Fuel Point to <Land_wreck_truck01_aban2_blue<285c8370>> at Pos <<6445.510254, 8.859630, 3418.687500>>
SCRIPT       : [JunkYardDog] -- Adding Salvage Point to <Land_Wreck_Volha_Blue<285d7820>> at Pos <<6514.760254, 12.802861, 3451.921143>>
SCRIPT       : [JunkYardDog] -- Adding Fuel Point to <Land_Wreck_Volha_Blue<285d7820>> at Pos <<6514.760254, 12.802861, 3451.921143>>
SCRIPT       : [JunkYardDog] -- Adding Salvage Point to <Land_wreck_truck01_aban2_blue<285d41c0>> at Pos <<1696.540405, 42.930370, 3508.934570>>
SCRIPT       : [JunkYardDog] -- Adding Fuel Point to <Land_wreck_truck01_aban2_blue<285d41c0>> at Pos <<1696.540405, 42.930370, 3508.934570>>
SCRIPT       : [JunkYardDog] -- Adding Salvage Point to <Land_Wreck_V3S<285dd2c0>> at Pos <<6412.112793, 22.770052, 3568.562012>>
SCRIPT       : [JunkYardDog] -- Adding Fuel Point to <Land_Wreck_V3S<285dd2c0>> at Pos <<6412.112793, 22.770052, 3568.562012>>
SCRIPT       : [JunkYardDog] -- Adding Salvage Point to <Land_Wreck_Uaz<285df700>> at Pos <<1758.055176, 14.243091, 5036.176758>>
SCRIPT       : [JunkYardDog] -- Adding Fuel Point to <Land_Wreck_Uaz<285df700>> at Pos <<1758.055176, 14.243091, 5036.176758>>
SCRIPT       : [JunkYardDog] -- Adding Salvage Point to <Land_Wreck_Uaz<285e5ab0>> at Pos <<1758.580078, 98.885674, 6546.113770>>
SCRIPT       : [JunkYardDog] -- Adding Fuel Point to <Land_Wreck_Uaz<285e5ab0>> at Pos <<1758.580078, 98.885674, 6546.113770>>
SCRIPT       : [JunkYardDog] -- Adding Salvage Point to <Static_Wreck_HMMWV<26d993d0>> at Pos <<1786.229126, 99.513550, 6483.961426>>
SCRIPT       : [JunkYardDog] -- Adding Fuel Point to <Static_Wreck_HMMWV<26d993d0>> at Pos <<1786.229126, 99.513550, 6483.961426>>
SCRIPT       : [JunkYardDog] -- Adding Salvage Point to <Land_Wreck_Volha_Blue<285e75e0>> at Pos <<1791.170776, 99.296005, 6478.506836>>
SCRIPT       : [JunkYardDog] -- Adding Fuel Point to <Land_Wreck_Volha_Blue<285e75e0>> at Pos <<1791.170776, 99.296005, 6478.506836>>
SCRIPT       : [JunkYardDog] -- Adding Salvage Point to <Land_Wreck_Lada_Green<285eac40>> at Pos <<6585.142090, 15.063731, 3507.385010>>
SCRIPT       : [JunkYardDog] -- Adding Fuel Point to <Land_Wreck_Lada_Green<285eac40>> at Pos <<6585.142090, 15.063731, 3507.385010>>
SCRIPT       : [JunkYardDog] -- Adding Salvage Point to <Land_Wreck_sed02_aban1_grey<2b2ebfb0>> at Pos <<6652.515137, 18.159935, 3552.017822>>
SCRIPT       : [JunkYardDog] -- Adding Fuel Point to <Land_Wreck_sed02_aban1_grey<2b2ebfb0>> at Pos <<6652.515137, 18.159935, 3552.017822>>
SCRIPT       : [JunkYardDog] -- Adding Salvage Point to <Static_Wreck_HMMWV<27953900>> at Pos <<6495.533203, 23.534365, 3766.114502>>
SCRIPT       : [JunkYardDog] -- Adding Fuel Point to <Static_Wreck_HMMWV<27953900>> at Pos <<6495.533203, 23.534365, 3766.114502>>
SCRIPT       : [JunkYardDog] -- Adding Salvage Point to <Land_Wreck_sed01_aban2_black<2b303c50>> at Pos <<6534.962402, 23.013319, 3719.502197>>
SCRIPT       : [JunkYardDog] -- Adding Fuel Point to <Land_Wreck_sed01_aban2_black<2b303c50>> at Pos <<6534.962402, 23.013319, 3719.502197>>
SCRIPT       : [JunkYardDog] -- Adding Salvage Point to <Land_Wreck_hb02_aban2_black<2b304560>> at Pos <<6553.659668, 22.963728, 3725.037842>>
SCRIPT       : [JunkYardDog] -- Adding Fuel Point to <Land_Wreck_hb02_aban2_black<2b304560>> at Pos <<6553.659668, 22.963728, 3725.037842>>
SCRIPT       : [JunkYardDog] -- Adding Salvage Point to <Land_Wreck_Lada_Red<2b30bb30>> at Pos <<6584.922852, 22.921497, 3731.354248>>
SCRIPT       : [JunkYardDog] -- Adding Fuel Point to <Land_Wreck_Lada_Red<2b30bb30>> at Pos <<6584.922852, 22.921497, 3731.354248>>
SCRIPT       : [JunkYardDog] -- Adding Salvage Point to <Land_Wreck_hb02_aban2_blue<2b30c440>> at Pos <<6562.586426, 22.963718, 3726.796387>>
SCRIPT       : [JunkYardDog] -- Adding Fuel Point to <Land_Wreck_hb02_aban2_blue<2b30c440>> at Pos <<6562.586426, 22.963718, 3726.796387>>
SCRIPT       : [JunkYardDog] -- Adding Salvage Point to <Land_Wreck_sed02_aban2_grey<2b30df70>> at Pos <<4724.853027, 63.586708, 3853.726563>>
SCRIPT       : [JunkYardDog] -- Adding Fuel Point to <Land_Wreck_sed02_aban2_grey<2b30df70>> at Pos <<4724.853027, 63.586708, 3853.726563>>
SCRIPT       : [JunkYardDog] -- Adding Salvage Point to <Land_Wreck_S1023_Blue<2b314c30>> at Pos <<4803.539551, 64.369133, 3728.862305>>
SCRIPT       : [JunkYardDog] -- Adding Fuel Point to <Land_Wreck_S1023_Blue<2b314c30>> at Pos <<4803.539551, 64.369133, 3728.862305>>
SCRIPT       : [JunkYardDog] -- Adding Salvage Point to <Land_Wreck_hb01_aban2_green<2b316760>> at Pos <<4824.525391, 64.387871, 3779.143555>>
SCRIPT       : [JunkYardDog] -- Adding Fuel Point to <Land_Wreck_hb01_aban2_green<2b316760>> at Pos <<4824.525391, 64.387871, 3779.143555>>
SCRIPT       : [JunkYardDog] -- Adding Salvage Point to <Land_Wreck_S1023_Beige<2b317980>> at Pos <<4840.718750, 64.368256, 3751.240479>>
SCRIPT       : [JunkYardDog] -- Adding Fuel Point to <Land_Wreck_S1023_Beige<2b317980>> at Pos <<4840.718750, 64.368256, 3751.240479>>
SCRIPT       : [JunkYardDog] -- Adding Salvage Point to <Land_Wreck_hb01_aban2_green<2b313a10>> at Pos <<4839.553223, 64.305542, 3765.230713>>
SCRIPT       : [JunkYardDog] -- Adding Fuel Point to <Land_Wreck_hb01_aban2_green<2b313a10>> at Pos <<4839.553223, 64.305542, 3765.230713>>
SCRIPT       : [JunkYardDog] -- Adding Salvage Point to <Land_Wreck_hb01_aban2_blue<2b31cb10>> at Pos <<2180.936523, 53.552666, 3931.192139>>
SCRIPT       : [JunkYardDog] -- Adding Fuel Point to <Land_Wreck_hb01_aban2_blue<2b31cb10>> at Pos <<2180.936523, 53.552666, 3931.192139>>
SCRIPT       : [JunkYardDog] -- Adding Salvage Point to <Land_Wreck_hb01_aban2_green<2b326e30>> at Pos <<3025.418213, 21.086571, 3921.352783>>
SCRIPT       : [JunkYardDog] -- Adding Fuel Point to <Land_Wreck_hb01_aban2_green<2b326e30>> at Pos <<3025.418213, 21.086571, 3921.352783>>
SCRIPT       : [JunkYardDog] -- Adding Salvage Point to <Land_Wreck_sed02_aban2_red<2b927350>> at Pos <<6709.186523, 19.778826, 3728.884033>>
SCRIPT       : [JunkYardDog] -- Adding Fuel Point to <Land_Wreck_sed02_aban2_red<2b927350>> at Pos <<6709.186523, 19.778826, 3728.884033>>
SCRIPT       : [JunkYardDog] -- Adding Salvage Point to <Land_Wreck_hb02_aban2_blue<2b927c60>> at Pos <<6690.885254, 19.974657, 3721.251465>>
SCRIPT       : [JunkYardDog] -- Adding Fuel Point to <Land_Wreck_hb02_aban2_blue<2b927c60>> at Pos <<6690.885254, 19.974657, 3721.251465>>
SCRIPT       : [JunkYardDog] -- Adding Salvage Point to <Land_Wreck_hb01_aban1_white<2b92b2c0>> at Pos <<6710.812012, 23.321987, 3784.421631>>
SCRIPT       : [JunkYardDog] -- Adding Fuel Point to <Land_Wreck_hb01_aban1_white<2b92b2c0>> at Pos <<6710.812012, 23.321987, 3784.421631>>
SCRIPT       : [JunkYardDog] -- Adding Salvage Point to <Land_Wreck_sed02_aban2_red<2b92a0a0>> at Pos <<6692.140137, 22.918825, 3782.487061>>
SCRIPT       : [JunkYardDog] -- Adding Fuel Point to <Land_Wreck_sed02_aban2_red<2b92a0a0>> at Pos <<6692.140137, 22.918825, 3782.487061>>
SCRIPT       : [JunkYardDog] -- Adding Salvage Point to <Land_Wreck_hb01_aban2_white<2b92f230>> at Pos <<6724.634766, 20.050743, 3717.273682>>
SCRIPT       : [JunkYardDog] -- Adding Fuel Point to <Land_Wreck_hb01_aban2_white<2b92f230>> at Pos <<6724.634766, 20.050743, 3717.273682>>
SCRIPT       : [JunkYardDog] -- Adding Salvage Point to <Land_Wreck_sed01_aban2_wine<2b92cdf0>> at Pos <<6727.119629, 23.013319, 3792.527588>>
SCRIPT       : [JunkYardDog] -- Adding Fuel Point to <Land_Wreck_sed01_aban2_wine<2b92cdf0>> at Pos <<6727.119629, 23.013319, 3792.527588>>
SCRIPT       : [JunkYardDog] -- Adding Salvage Point to <Land_Wreck_hb01_aban1_white<2b928e80>> at Pos <<6730.743652, 23.321777, 3837.897217>>
SCRIPT       : [JunkYardDog] -- Adding Fuel Point to <Land_Wreck_hb01_aban1_white<2b928e80>> at Pos <<6730.743652, 23.321777, 3837.897217>>
SCRIPT       : [JunkYardDog] -- Adding Salvage Point to <Land_Wreck_sed02_aban1_grey<2b92fb40>> at Pos <<6761.558594, 19.981163, 3731.192627>>
SCRIPT       : [JunkYardDog] -- Adding Fuel Point to <Land_Wreck_sed02_aban1_grey<2b92fb40>> at Pos <<6761.558594, 19.981163, 3731.192627>>
SCRIPT       : [JunkYardDog] -- Adding Salvage Point to <Land_wreck_truck01_aban1_green<2b8fcba0>> at Pos <<2459.361816, 21.701231, 4187.918457>>
SCRIPT       : [JunkYardDog] -- Adding Fuel Point to <Land_wreck_truck01_aban1_green<2b8fcba0>> at Pos <<2459.361816, 21.701231, 4187.918457>>
SCRIPT       : =============== WARNING ===============
SCRIPT       : [TerjeMedicine]: You are using the trial version of the 'Terje Medicine' mod.
SCRIPT       : [TerjeMedicine]: To remove this message and watermark - please buy license on terjehub.com
SCRIPT       : =======================================
SCRIPT       : [JunkYardDog] -- Adding Salvage Point to <Land_Wreck_S1023_Beige<2b90a520>> at Pos <<4001.612305, 10.098495, 4167.442383>>
SCRIPT       : [JunkYardDog] -- Adding Fuel Point to <Land_Wreck_S1023_Beige<2b90a520>> at Pos <<4001.612305, 10.098495, 4167.442383>>
SCRIPT       : [JunkYardDog] -- Adding Salvage Point to <Land_Wreck_hb02_aban1_blue<2b90ffc0>> at Pos <<2676.558350, 22.509787, 4258.541504>>
SCRIPT       : [JunkYardDog] -- Adding Fuel Point to <Land_Wreck_hb02_aban1_blue<2b90ffc0>> at Pos <<2676.558350, 22.509787, 4258.541504>>
SCRIPT       : [JunkYardDog] -- Adding Salvage Point to <Land_Wreck_hb01_aban2_green<2b9089f0>> at Pos <<2684.344971, 22.680710, 4261.977051>>
SCRIPT       : [JunkYardDog] -- Adding Fuel Point to <Land_Wreck_hb01_aban2_green<2b9089f0>> at Pos <<2684.344971, 22.680710, 4261.977051>>
SCRIPT       : [JunkYardDog] -- Adding Salvage Point to <Land_Wreck_sed01_aban2_black<2b917ea0>> at Pos <<2691.470703, 22.503296, 4264.389648>>
SCRIPT       : [JunkYardDog] -- Adding Fuel Point to <Land_Wreck_sed01_aban2_black<2b917ea0>> at Pos <<2691.470703, 22.503296, 4264.389648>>
SCRIPT       : [JunkYardDog] -- Adding Salvage Point to <Land_wreck_truck01_aban1_green<2b9111e0>> at Pos <<2716.256348, 21.749977, 4308.479004>>
SCRIPT       : [JunkYardDog] -- Adding Fuel Point to <Land_wreck_truck01_aban1_green<2b9111e0>> at Pos <<2716.256348, 21.749977, 4308.479004>>
SCRIPT       : [JunkYardDog] -- Adding Salvage Point to <Static_Wreck_Ural<24a39f60>> at Pos <<2742.193359, 22.937517, 4214.781738>>
SCRIPT       : [JunkYardDog] -- Adding Fuel Point to <Static_Wreck_Ural<24a39f60>> at Pos <<2742.193359, 22.937517, 4214.781738>>
SCRIPT       : [JunkYardDog] -- Adding Salvage Point to <Land_Wreck_sed01_aban2_white<2b91abf0>> at Pos <<2737.497559, 22.503317, 4281.575684>>
SCRIPT       : [JunkYardDog] -- Adding Fuel Point to <Land_Wreck_sed01_aban2_white<2b91abf0>> at Pos <<2737.497559, 22.503317, 4281.575684>>
SCRIPT       : [JunkYardDog] -- Adding Salvage Point to <Static_Wreck_Ural<24a3d930>> at Pos <<2741.775635, 22.937517, 4281.863281>>
SCRIPT       : [JunkYardDog] -- Adding Fuel Point to <Static_Wreck_Ural<24a3d930>> at Pos <<2741.775635, 22.937517, 4281.863281>>
SCRIPT       : [JunkYardDog] -- Adding Salvage Point to <Land_Wreck_sed02_aban2_red<2b91b500>> at Pos <<2738.569580, 22.408852, 4322.895020>>
SCRIPT       : [JunkYardDog] -- Adding Fuel Point to <Land_Wreck_sed02_aban2_red<2b91b500>> at Pos <<2738.569580, 22.408852, 4322.895020>>
SCRIPT       : [JunkYardDog] -- Adding Salvage Point to <Land_wreck_truck01_aban1_blue<2be0f870>> at Pos <<2798.806152, 21.769676, 4212.787109>>
SCRIPT       : [JunkYardDog] -- Adding Fuel Point to <Land_wreck_truck01_aban1_blue<2be0f870>> at Pos <<2798.806152, 21.769676, 4212.787109>>
SCRIPT       : [JunkYardDog] -- Adding Salvage Point to <Land_Wreck_V3S<2be10180>> at Pos <<2784.825928, 23.352980, 4211.248535>>
SCRIPT       : [JunkYardDog] -- Adding Fuel Point to <Land_Wreck_V3S<2be10180>> at Pos <<2784.825928, 23.352980, 4211.248535>>
SCRIPT       : [JunkYardDog] -- Adding Salvage Point to <Land_Wreck_hb01_aban2_green<2be08bb0>> at Pos <<2807.488037, 22.720764, 4245.785645>>
SCRIPT       : [JunkYardDog] -- Adding Fuel Point to <Land_Wreck_hb01_aban2_green<2be08bb0>> at Pos <<2807.488037, 22.720764, 4245.785645>>
SCRIPT       : [JunkYardDog] -- Adding Salvage Point to <Land_Wreck_S1023_Beige<2be0a6e0>> at Pos <<2819.717773, 22.749136, 4178.873047>>
SCRIPT       : [JunkYardDog] -- Adding Fuel Point to <Land_Wreck_S1023_Beige<2be0a6e0>> at Pos <<2819.717773, 22.749136, 4178.873047>>
SCRIPT       : [JunkYardDog] -- Adding Salvage Point to <Land_Wreck_sed02_aban1_yellow<2be12ed0>> at Pos <<2818.235596, 22.611118, 4184.325684>>
SCRIPT       : [JunkYardDog] -- Adding Fuel Point to <Land_Wreck_sed02_aban1_yellow<2be12ed0>> at Pos <<2818.235596, 22.611118, 4184.325684>>
SCRIPT       : [JunkYardDog] -- Adding Salvage Point to <Land_Wreck_hb02_aban2_blue<2be19280>> at Pos <<2816.620850, 22.453724, 4193.337402>>
SCRIPT       : [JunkYardDog] -- Adding Fuel Point to <Land_Wreck_hb02_aban2_blue<2be19280>> at Pos <<2816.620850, 22.453724, 4193.337402>>
SCRIPT       : [JunkYardDog] -- Adding Salvage Point to <Land_Wreck_hb01_aban2_green<2be15310>> at Pos <<2869.579834, 22.680765, 4246.282715>>
SCRIPT       : [JunkYardDog] -- Adding Fuel Point to <Land_Wreck_hb01_aban2_green<2be15310>> at Pos <<2869.579834, 22.680765, 4246.282715>>
SCRIPT       : [JunkYardDog] -- Adding Salvage Point to <Land_Wreck_Lada_Red<2be2bd90>> at Pos <<6329.636230, 56.391048, 4301.193359>>
SCRIPT       : [JunkYardDog] -- Adding Fuel Point to <Land_Wreck_Lada_Red<2be2bd90>> at Pos <<6329.636230, 56.391048, 4301.193359>>
SCRIPT       : [JunkYardDog] -- Adding Salvage Point to <Static_Wreck_HMMWV<2dfa6990>> at Pos <<6327.420898, 56.667019, 4297.781738>>
SCRIPT       : [JunkYardDog] -- Adding Fuel Point to <Static_Wreck_HMMWV<2dfa6990>> at Pos <<6327.420898, 56.667019, 4297.781738>>
SCRIPT       : [JunkYardDog] -- Adding Salvage Point to <Land_Wreck_hb02_aban2_blue<2be3cd70>> at Pos <<6322.530273, 56.463715, 4337.868652>>
SCRIPT       : [JunkYardDog] -- Adding Fuel Point to <Land_Wreck_hb02_aban2_blue<2be3cd70>> at Pos <<6322.530273, 56.463715, 4337.868652>>
SCRIPT       : [JunkYardDog] -- Adding Salvage Point to <Land_Wreck_hb02_aban2_black<2be415f0>> at Pos <<6329.792480, 56.463726, 4332.842285>>
SCRIPT       : [JunkYardDog] -- Adding Fuel Point to <Land_Wreck_hb02_aban2_black<2be415f0>> at Pos <<6329.792480, 56.463726, 4332.842285>>
SCRIPT       : [JunkYardDog] -- Adding Salvage Point to <Land_Wreck_Lada_Red<27695ba0>> at Pos <<6318.615234, 56.397305, 4360.712402>>
SCRIPT       : [JunkYardDog] -- Adding Fuel Point to <Land_Wreck_Lada_Red<27695ba0>> at Pos <<6318.615234, 56.397305, 4360.712402>>
SCRIPT       : [VPPAT] Player "Pengowski" (steamId=76561198413928129) connected to server!
SCRIPT       : [PlayerListManager] AddReceiver ► added: PlayerIdentity<194a1e80>
SCRIPT       : [JunkYardDog] -- Adding Salvage Point to <Static_Wreck_Ural<23d80f00>> at Pos <<2640.219971, 22.937519, 4311.674805>>
SCRIPT       : [JunkYardDog] -- Adding Fuel Point to <Static_Wreck_Ural<23d80f00>> at Pos <<2640.219971, 22.937519, 4311.674805>>
SCRIPT       : [JunkYardDog] -- Adding Salvage Point to <Land_wreck_truck01_aban1_green<309b8f60>> at Pos <<2655.608398, 21.749977, 4346.634277>>
SCRIPT       : [JunkYardDog] -- Adding Fuel Point to <Land_wreck_truck01_aban1_green<309b8f60>> at Pos <<2655.608398, 21.749977, 4346.634277>>
SCRIPT       : [JunkYardDog] -- Adding Salvage Point to <Land_wreck_truck01_aban1_green<309b22a0>> at Pos <<2667.069336, 21.749977, 4397.702148>>
SCRIPT       : [JunkYardDog] -- Adding Fuel Point to <Land_wreck_truck01_aban1_green<309b22a0>> at Pos <<2667.069336, 21.749977, 4397.702148>>
SCRIPT       : [JunkYardDog] -- Adding Salvage Point to <Static_Wreck_Ural<309f73a0>> at Pos <<2747.855957, 22.937517, 4394.245605>>
SCRIPT       : [JunkYardDog] -- Adding Fuel Point to <Static_Wreck_Ural<309f73a0>> at Pos <<2747.855957, 22.937517, 4394.245605>>
SCRIPT       : [JunkYardDog] -- Adding Salvage Point to <Land_wreck_truck01_aban2_blue<309b34c0>> at Pos <<4048.793945, 25.267714, 4473.421875>>
SCRIPT       : [JunkYardDog] -- Adding Fuel Point to <Land_wreck_truck01_aban2_blue<309b34c0>> at Pos <<4048.793945, 25.267714, 4473.421875>>
SCRIPT       : [JunkYardDog] -- Adding Salvage Point to <Land_Wreck_sed01_aban2_black<309c2060>> at Pos <<4182.714844, 33.263317, 4476.816406>>
SCRIPT       : [JunkYardDog] -- Adding Fuel Point to <Land_Wreck_sed01_aban2_black<309c2060>> at Pos <<4182.714844, 33.263317, 4476.816406>>
SCRIPT       : [JunkYardDog] -- Adding Salvage Point to <Land_Wreck_S1023_Blue<309cba70>> at Pos <<6203.236328, 56.758411, 4540.759277>>
SCRIPT       : [JunkYardDog] -- Adding Fuel Point to <Land_Wreck_S1023_Blue<309cba70>> at Pos <<6203.236328, 56.758411, 4540.759277>>
SCRIPT       : [JunkYardDog] -- Adding Salvage Point to <Land_Wreck_sed01_aban1_wine<309c8410>> at Pos <<6205.355469, 56.511623, 4536.790039>>
SCRIPT       : [JunkYardDog] -- Adding Fuel Point to <Land_Wreck_sed01_aban1_wine<309c8410>> at Pos <<6205.355469, 56.511623, 4536.790039>>
SCRIPT       : [JunkYardDog] -- Adding Salvage Point to <Land_Wreck_Volha_Blue<242c3ef0>> at Pos <<6269.919922, 19.793192, 4484.005371>>
SCRIPT       : [JunkYardDog] -- Adding Fuel Point to <Land_Wreck_Volha_Blue<242c3ef0>> at Pos <<6269.919922, 19.793192, 4484.005371>>
SCRIPT       : [JunkYardDog] -- Adding Salvage Point to <Land_Wreck_hb01_aban1_green<2e9e2a80>> at Pos <<2654.958008, 44.713528, 5724.151367>>
SCRIPT       : [JunkYardDog] -- Adding Fuel Point to <Land_Wreck_hb01_aban1_green<2e9e2a80>> at Pos <<2654.958008, 44.713528, 5724.151367>>
SCRIPT       : [JunkYardDog] -- Adding Salvage Point to <Land_Wreck_hb01_aban1_blue<2e9e69f0>> at Pos <<2043.501099, 55.861992, 3065.846924>>
SCRIPT       : [JunkYardDog] -- Adding Fuel Point to <Land_Wreck_hb01_aban1_blue<2e9e69f0>> at Pos <<2043.501099, 55.861992, 3065.846924>>
SCRIPT       : [JunkYardDog] -- Adding Salvage Point to <Land_wreck_truck01_aban2_blue<2e9dfd30>> at Pos <<2814.918213, 44.410267, 5947.968750>>
SCRIPT       : [JunkYardDog] -- Adding Fuel Point to <Land_wreck_truck01_aban2_blue<2e9dfd30>> at Pos <<2814.918213, 44.410267, 5947.968750>>
SCRIPT       : [JunkYardDog] -- Adding Salvage Point to <Land_Wreck_sed02_aban2_yellow<2e9ed6b0>> at Pos <<2814.938965, 45.068821, 5961.391602>>
SCRIPT       : [JunkYardDog] -- Adding Fuel Point to <Land_Wreck_sed02_aban2_yellow<2e9ed6b0>> at Pos <<2814.938965, 45.068821, 5961.391602>>
SCRIPT       : [JunkYardDog] -- Adding Salvage Point to <Land_Wreck_Uaz<2e9ea050>> at Pos <<2805.105469, 45.253162, 5965.519531>>
SCRIPT       : [JunkYardDog] -- Adding Fuel Point to <Land_Wreck_Uaz<2e9ea050>> at Pos <<2805.105469, 45.253162, 5965.519531>>
SCRIPT       : [JunkYardDog] -- Adding Salvage Point to <Static_Wreck_Ural<242334b0>> at Pos <<2830.821777, 45.597622, 5981.551758>>
SCRIPT       : [JunkYardDog] -- Adding Fuel Point to <Static_Wreck_Ural<242334b0>> at Pos <<2830.821777, 45.597622, 5981.551758>>
SCRIPT       : [JunkYardDog] -- Adding Salvage Point to <Land_Wreck_S1023_Beige<2e9ee8d0>> at Pos <<1676.822388, 23.084387, 7376.766113>>
SCRIPT       : [JunkYardDog] -- Adding Fuel Point to <Land_Wreck_S1023_Beige<2e9ee8d0>> at Pos <<1676.822388, 23.084387, 7376.766113>>
SCRIPT       : [JunkYardDog] -- Adding Salvage Point to <Land_wreck_truck01_aban2_green<2e9ef1e0>> at Pos <<1665.172485, 22.076361, 7365.936523>>
SCRIPT       : [JunkYardDog] -- Adding Fuel Point to <Land_wreck_truck01_aban2_green<2e9ef1e0>> at Pos <<1665.172485, 22.076361, 7365.936523>>
SCRIPT       : [JunkYardDog] -- Adding Salvage Point to <Static_Wreck_HMMWV<45658c70>> at Pos <<2623.375732, 44.847099, 5848.700195>>
SCRIPT       : [JunkYardDog] -- Adding Fuel Point to <Static_Wreck_HMMWV<45658c70>> at Pos <<2623.375732, 44.847099, 5848.700195>>
SCRIPT       : [JunkYardDog] -- Adding Salvage Point to <Land_Wreck_hb02_aban1_black<456ac130>> at Pos <<2538.637939, 44.699844, 5876.207520>>
SCRIPT       : [JunkYardDog] -- Adding Fuel Point to <Land_Wreck_hb02_aban1_black<456ac130>> at Pos <<2538.637939, 44.699844, 5876.207520>>
SCRIPT       : [JunkYardDog] -- Adding Salvage Point to <Land_Wreck_sed01_aban2_wine<456adc60>> at Pos <<2583.496338, 44.693317, 5808.991699>>
SCRIPT       : [JunkYardDog] -- Adding Fuel Point to <Land_Wreck_sed01_aban2_wine<456adc60>> at Pos <<2583.496338, 44.693317, 5808.991699>>
SCRIPT       : [JunkYardDog] -- Adding Salvage Point to <Land_Wreck_hb01_aban2_green<456a6690>> at Pos <<2576.008301, 44.870747, 5801.844727>>
SCRIPT       : [JunkYardDog] -- Adding Fuel Point to <Land_Wreck_hb01_aban2_green<456a6690>> at Pos <<2576.008301, 44.870747, 5801.844727>>
SCRIPT       : [JunkYardDog] -- Adding Salvage Point to <Static_Wreck_Ural<45652da0>> at Pos <<2572.344482, 45.127514, 5813.781738>>
SCRIPT       : [JunkYardDog] -- Adding Fuel Point to <Static_Wreck_Ural<45652da0>> at Pos <<2572.344482, 45.127514, 5813.781738>>
SCRIPT       : [JunkYardDog] -- Adding Salvage Point to <Land_Wreck_Volha_Blue<456ae570>> at Pos <<2591.008301, 44.676941, 5816.299316>>
SCRIPT       : [JunkYardDog] -- Adding Fuel Point to <Land_Wreck_Volha_Blue<456ae570>> at Pos <<2591.008301, 44.676941, 5816.299316>>
SCRIPT       : [JunkYardDog] -- Adding Salvage Point to <Land_Wreck_Uaz<456aee80>> at Pos <<2587.296143, 44.783184, 5813.109863>>
SCRIPT       : [JunkYardDog] -- Adding Fuel Point to <Land_Wreck_Uaz<456aee80>> at Pos <<2587.296143, 44.783184, 5813.109863>>
SCRIPT       : [JunkYardDog] -- Adding Salvage Point to <Land_Wreck_S1023_Beige<456b6d60>> at Pos <<2683.746826, 44.939110, 5746.486328>>
SCRIPT       : [JunkYardDog] -- Adding Fuel Point to <Land_Wreck_S1023_Beige<456b6d60>> at Pos <<2683.746826, 44.939110, 5746.486328>>
SCRIPT       : [JunkYardDog] -- Adding Salvage Point to <Land_Wreck_S1023_Blue<456b3700>> at Pos <<2247.904053, 55.799133, 3316.416992>>
SCRIPT       : [JunkYardDog] -- Adding Fuel Point to <Land_Wreck_S1023_Blue<456b3700>> at Pos <<2247.904053, 55.799133, 3316.416992>>
SCRIPT       : [JunkYardDog] -- Adding Salvage Point to <Static_Wreck_S120_Red<4567d7d0>> at Pos <<2498.068848, 55.382694, 3054.574707>>
SCRIPT       : [JunkYardDog] -- Adding Fuel Point to <Static_Wreck_S120_Red<4567d7d0>> at Pos <<2498.068848, 55.382694, 3054.574707>>
SCRIPT       : [JunkYardDog] -- Adding Salvage Point to <Land_Wreck_sed02_aban2_red<456bc800>> at Pos <<6759.062988, 19.778826, 3684.049805>>
SCRIPT       : [JunkYardDog] -- Adding Fuel Point to <Land_Wreck_sed02_aban2_red<456bc800>> at Pos <<6759.062988, 19.778826, 3684.049805>>
SCRIPT       : [JunkYardDog] -- Adding Salvage Point to <Land_Wreck_hb02_aban2_blue<456bfe60>> at Pos <<6799.667480, 19.823679, 3640.918213>>
SCRIPT       : [JunkYardDog] -- Adding Fuel Point to <Land_Wreck_hb02_aban2_blue<456bfe60>> at Pos <<6799.667480, 19.823679, 3640.918213>>
SCRIPT       : [JunkYardDog] -- Adding Salvage Point to <Land_Wreck_sed01_aban1_black<456bb5e0>> at Pos <<6831.467773, 19.871563, 3620.311768>>
SCRIPT       : [JunkYardDog] -- Adding Fuel Point to <Land_Wreck_sed01_aban1_black<456bb5e0>> at Pos <<6831.467773, 19.871563, 3620.311768>>
SCRIPT       : [JunkYardDog] -- Adding Salvage Point to <Land_Wreck_V3S<45684fe0>> at Pos <<4423.986328, 17.302931, 7758.807129>>
SCRIPT       : [JunkYardDog] -- Adding Fuel Point to <Land_Wreck_V3S<45684fe0>> at Pos <<4423.986328, 17.302931, 7758.807129>>
SCRIPT       : [JunkYardDog] -- Adding Salvage Point to <Static_Wreck_S120_Red<458550d0>> at Pos <<4465.411133, 16.330950, 7760.582520>>
SCRIPT       : [JunkYardDog] -- Adding Fuel Point to <Static_Wreck_S120_Red<458550d0>> at Pos <<4465.411133, 16.330950, 7760.582520>>
SCRIPT       : [JunkYardDog] -- Adding Salvage Point to <Land_Wreck_hb02_aban1_blue<456846d0>> at Pos <<2661.987061, 44.699776, 5789.193848>>
SCRIPT       : [JunkYardDog] -- Adding Fuel Point to <Land_Wreck_hb02_aban1_blue<456846d0>> at Pos <<2661.987061, 44.699776, 5789.193848>>
SCRIPT       : [JunkYardDog] -- Adding Salvage Point to <Land_Wreck_hb01_aban2_green<4568c5b0>> at Pos <<2848.041748, 45.340523, 5974.695801>>
SCRIPT       : [JunkYardDog] -- Adding Fuel Point to <Land_Wreck_hb01_aban2_green<4568c5b0>> at Pos <<2848.041748, 45.340523, 5974.695801>>
SCRIPT       : [JunkYardDog] -- Adding Salvage Point to <Land_Wreck_V3S<45694da0>> at Pos <<1821.706421, 47.743942, 1805.569214>>
SCRIPT       : [JunkYardDog] -- Adding Fuel Point to <Land_Wreck_V3S<45694da0>> at Pos <<1821.706421, 47.743942, 1805.569214>>
SCRIPT       : [JunkYardDog] -- Adding Salvage Point to <Land_Wreck_S1023_Blue<45698d10>> at Pos <<2371.412842, 43.496582, 5728.241699>>
SCRIPT       : [JunkYardDog] -- Adding Fuel Point to <Land_Wreck_S1023_Blue<45698d10>> at Pos <<2371.412842, 43.496582, 5728.241699>>
SCRIPT       : [JunkYardDog] -- Adding Salvage Point to <Land_wreck_truck01_aban1_green<4569e7b0>> at Pos <<2450.226807, 40.559982, 5649.437500>>
SCRIPT       : [JunkYardDog] -- Adding Fuel Point to <Land_wreck_truck01_aban1_green<4569e7b0>> at Pos <<2450.226807, 40.559982, 5649.437500>>
SCRIPT       : [JunkYardDog] -- Adding Salvage Point to <Land_Wreck_sed01_aban1_white<4569f9d0>> at Pos <<2437.632080, 41.311764, 5660.528320>>
SCRIPT       : [JunkYardDog] -- Adding Fuel Point to <Land_Wreck_sed01_aban1_white<4569f9d0>> at Pos <<2437.632080, 41.311764, 5660.528320>>
SCRIPT       : [JunkYardDog] -- Adding Salvage Point to <Land_Wreck_sed02_aban1_yellow<456a02e0>> at Pos <<2458.110107, 41.420834, 5639.807617>>
SCRIPT       : [JunkYardDog] -- Adding Fuel Point to <Land_Wreck_sed02_aban1_yellow<456a02e0>> at Pos <<2458.110107, 41.420834, 5639.807617>>
SCRIPT       : [JunkYardDog] -- Adding Salvage Point to <Land_Wreck_hb01_aban2_white<4569cc80>> at Pos <<2439.950195, 41.490433, 5657.282227>>
SCRIPT       : [JunkYardDog] -- Adding Fuel Point to <Land_Wreck_hb01_aban2_white<4569cc80>> at Pos <<2439.950195, 41.490433, 5657.282227>>
SCRIPT       : [JunkYardDog] -- Adding Salvage Point to <Land_Wreck_sed02_aban1_yellow<4569dea0>> at Pos <<2639.423584, 44.801090, 5811.221191>>
SCRIPT       : [JunkYardDog] -- Adding Fuel Point to <Land_Wreck_sed02_aban1_yellow<4569dea0>> at Pos <<2639.423584, 44.801090, 5811.221191>>
SCRIPT       : [JunkYardDog] -- Adding Salvage Point to <Land_Wreck_Uaz<45699f30>> at Pos <<2644.460693, 44.783184, 5822.029785>>
SCRIPT       : [JunkYardDog] -- Adding Fuel Point to <Land_Wreck_Uaz<45699f30>> at Pos <<2644.460693, 44.783184, 5822.029785>>
SCRIPT       : [JunkYardDog] -- Adding Salvage Point to <Land_Wreck_Uaz<456a1e10>> at Pos <<2643.558105, 44.783184, 5808.225586>>
SCRIPT       : [JunkYardDog] -- Adding Fuel Point to <Land_Wreck_Uaz<456a1e10>> at Pos <<2643.558105, 44.783184, 5808.225586>>
SCRIPT       : [JunkYardDog] -- Adding Salvage Point to <Land_Wreck_hb02_aban2_blue<4569a840>> at Pos <<6819.977051, 19.823761, 3750.709717>>
SCRIPT       : [JunkYardDog] -- Adding Fuel Point to <Land_Wreck_hb02_aban2_blue<4569a840>> at Pos <<6819.977051, 19.823761, 3750.709717>>
SCRIPT       : [JunkYardDog] -- Adding Salvage Point to <Land_Wreck_Volha_Blue<456a2720>> at Pos <<6847.617188, 19.856943, 3745.258301>>
SCRIPT       : [JunkYardDog] -- Adding Fuel Point to <Land_Wreck_Volha_Blue<456a2720>> at Pos <<6847.617188, 19.856943, 3745.258301>>
SCRIPT       : [JunkYardDog] -- Adding Salvage Point to <Land_wreck_truck01_aban2_green<4569c370>> at Pos <<4481.223145, 15.762251, 7755.002441>>
SCRIPT       : [JunkYardDog] -- Adding Fuel Point to <Land_wreck_truck01_aban2_green<4569c370>> at Pos <<4481.223145, 15.762251, 7755.002441>>
SCRIPT       : [JunkYardDog] -- Adding Salvage Point to <Land_Wreck_S1023_Beige<4569ba60>> at Pos <<1448.899780, 58.967144, 5597.666016>>
SCRIPT       : [JunkYardDog] -- Adding Fuel Point to <Land_Wreck_S1023_Beige<4569ba60>> at Pos <<1448.899780, 58.967144, 5597.666016>>
SCRIPT       : [JunkYardDog] -- Adding Salvage Point to <Land_Wreck_S1023_Beige<456a4b60>> at Pos <<820.416321, 6.259233, 3272.710449>>
SCRIPT       : [JunkYardDog] -- Adding Fuel Point to <Land_Wreck_S1023_Beige<456a4b60>> at Pos <<820.416321, 6.259233, 3272.710449>>
SCRIPT       : [JunkYardDog] -- Adding Salvage Point to <Land_Wreck_sed01_aban2_white<45c36600>> at Pos <<826.044373, 6.013318, 3273.825928>>
SCRIPT       : [JunkYardDog] -- Adding Fuel Point to <Land_Wreck_sed01_aban2_white<45c36600>> at Pos <<826.044373, 6.013318, 3273.825928>>
SCRIPT       : [JunkYardDog] -- Adding Salvage Point to <Land_Wreck_Uaz<45c338b0>> at Pos <<811.632507, 6.103186, 3288.829590>>
SCRIPT       : [JunkYardDog] -- Adding Fuel Point to <Land_Wreck_Uaz<45c338b0>> at Pos <<811.632507, 6.103186, 3288.829590>>
SCRIPT       : [JunkYardDog] -- Adding Salvage Point to <Land_Wreck_Volha_Grey<45c36f10>> at Pos <<808.854492, 5.996944, 3275.396973>>
SCRIPT       : [JunkYardDog] -- Adding Fuel Point to <Land_Wreck_Volha_Grey<45c36f10>> at Pos <<808.854492, 5.996944, 3275.396973>>
SCRIPT       : [JunkYardDog] -- Adding Salvage Point to <Land_wreck_truck01_aban1_blue<45c31470>> at Pos <<833.652527, 5.260837, 3283.308838>>
SCRIPT       : [JunkYardDog] -- Adding Fuel Point to <Land_wreck_truck01_aban1_blue<45c31470>> at Pos <<833.652527, 5.260837, 3283.308838>>
SCRIPT       : [JunkYardDog] -- Adding Salvage Point to <Land_Wreck_sed02_aban2_grey<45c38a40>> at Pos <<4035.924561, 16.906675, 7179.097168>>
SCRIPT       : [JunkYardDog] -- Adding Fuel Point to <Land_Wreck_sed02_aban2_grey<45c38a40>> at Pos <<4035.924561, 16.906675, 7179.097168>>
SCRIPT       : [JunkYardDog] -- Adding Salvage Point to <Land_Wreck_Uaz<45c3ae80>> at Pos <<4051.496582, 16.663244, 7199.511719>>
SCRIPT       : [JunkYardDog] -- Adding Fuel Point to <Land_Wreck_Uaz<45c3ae80>> at Pos <<4051.496582, 16.663244, 7199.511719>>
SCRIPT       : [JunkYardDog] -- Adding Salvage Point to <Land_Wreck_hb01_aban2_green<45c3e4e0>> at Pos <<1756.138794, 22.669958, 7421.093750>>
SCRIPT       : [JunkYardDog] -- Adding Fuel Point to <Land_Wreck_hb01_aban2_green<45c3e4e0>> at Pos <<1756.138794, 22.669958, 7421.093750>>
SCRIPT       : [JunkYardDog] -- Adding Salvage Point to <Land_Wreck_sed01_aban1_wine<45c46cd0>> at Pos <<1747.576782, 6.971670, 7626.167480>>
SCRIPT       : [JunkYardDog] -- Adding Fuel Point to <Land_Wreck_sed01_aban1_wine<45c46cd0>> at Pos <<1747.576782, 6.971670, 7626.167480>>
SCRIPT       : =============== WARNING ===============
SCRIPT       : [TerjeSkills]: You are using the trial version of the 'Terje Skills' mod.
SCRIPT       : [TerjeSkills]: To remove this message and watermark - please buy license on terjehub.com
SCRIPT       : =======================================
SCRIPT       : [JunkYardDog] -- Adding Salvage Point to <Land_Wreck_hb02_aban2_blue<45c4ac40>> at Pos <<2577.592773, 10.828116, 4563.584473>>
SCRIPT       : [JunkYardDog] -- Adding Fuel Point to <Land_Wreck_hb02_aban2_blue<45c4ac40>> at Pos <<2577.592773, 10.828116, 4563.584473>>
SCRIPT       : [JunkYardDog] -- Adding Salvage Point to <Land_wreck_truck01_aban2_blue<45c12b10>> at Pos <<4054.410400, 25.371117, 4482.943359>>
SCRIPT       : [JunkYardDog] -- Adding Fuel Point to <Land_wreck_truck01_aban2_blue<45c12b10>> at Pos <<4054.410400, 25.371117, 4482.943359>>
SCRIPT       : [JunkYardDog] -- Adding Salvage Point to <Land_Wreck_S1023_Blue<45c0d070>> at Pos <<3719.145508, 7.122676, 4764.018066>>
SCRIPT       : [JunkYardDog] -- Adding Fuel Point to <Land_Wreck_S1023_Blue<45c0d070>> at Pos <<3719.145508, 7.122676, 4764.018066>>
SCRIPT       : [JunkYardDog] -- Adding Salvage Point to <Land_Wreck_sed01_aban2_wine<45c106d0>> at Pos <<3794.759766, 10.982101, 4592.108887>>
SCRIPT       : [JunkYardDog] -- Adding Fuel Point to <Land_Wreck_sed01_aban2_wine<45c106d0>> at Pos <<3794.759766, 10.982101, 4592.108887>>
SCRIPT       : [JunkYardDog] -- Adding Salvage Point to <Land_Wreck_S1023_Beige<45c1a9f0>> at Pos <<3783.975830, 10.802316, 4651.212891>>
SCRIPT       : [JunkYardDog] -- Adding Fuel Point to <Land_Wreck_S1023_Beige<45c1a9f0>> at Pos <<3783.975830, 10.802316, 4651.212891>>
SCRIPT       : [JunkYardDog] -- Adding Salvage Point to <Land_Wreck_S1023_Blue<45c1bc10>> at Pos <<3780.867676, 10.299513, 4680.508789>>
SCRIPT       : [JunkYardDog] -- Adding Fuel Point to <Land_Wreck_S1023_Blue<45c1bc10>> at Pos <<3780.867676, 10.299513, 4680.508789>>
SCRIPT       : [JunkYardDog] -- Adding Salvage Point to <Land_Wreck_hb02_aban1_black<45c1b300>> at Pos <<3811.658203, 11.105092, 4603.321289>>
SCRIPT       : [JunkYardDog] -- Adding Fuel Point to <Land_Wreck_hb02_aban1_black<45c1b300>> at Pos <<3811.658203, 11.105092, 4603.321289>>
SCRIPT       : [JunkYardDog] -- Adding Salvage Point to <Land_Wreck_S1023_Blue<45c17390>> at Pos <<3816.421143, 11.599008, 4671.567383>>
SCRIPT       : [JunkYardDog] -- Adding Fuel Point to <Land_Wreck_S1023_Blue<45c17390>> at Pos <<3816.421143, 11.599008, 4671.567383>>
SCRIPT       : [JunkYardDog] -- Adding Salvage Point to <Land_Wreck_S1023_Beige<45c185b0>> at Pos <<3817.401855, 10.223800, 4742.045410>>
SCRIPT       : [JunkYardDog] -- Adding Fuel Point to <Land_Wreck_S1023_Beige<45c185b0>> at Pos <<3817.401855, 10.223800, 4742.045410>>
SCRIPT       : [JunkYardDog] -- Adding Salvage Point to <Land_Wreck_hb01_aban2_green<45c20490>> at Pos <<3858.355957, 13.656607, 4667.207031>>
SCRIPT       : [JunkYardDog] -- Adding Fuel Point to <Land_Wreck_hb01_aban2_green<45c20490>> at Pos <<3858.355957, 13.656607, 4667.207031>>
SCRIPT       : [JunkYardDog] -- Adding Salvage Point to <Land_Wreck_sed02_aban2_grey<45c24d10>> at Pos <<3885.344238, 13.572120, 4754.736328>>
SCRIPT       : [JunkYardDog] -- Adding Fuel Point to <Land_Wreck_sed02_aban2_grey<45c24d10>> at Pos <<3885.344238, 13.572120, 4754.736328>>
SCRIPT       : [JunkYardDog] -- Adding Salvage Point to <Land_Wreck_sed01_aban2_black<45c25620>> at Pos <<3696.105225, 6.707343, 4752.612793>>
SCRIPT       : [JunkYardDog] -- Adding Fuel Point to <Land_Wreck_sed01_aban2_black<45c25620>> at Pos <<3696.105225, 6.707343, 4752.612793>>
SCRIPT       : [JunkYardDog] -- Adding Salvage Point to <Land_Wreck_S1023_Beige<45c26840>> at Pos <<3709.510986, 6.979939, 4775.351563>>
SCRIPT       : [JunkYardDog] -- Adding Fuel Point to <Land_Wreck_S1023_Beige<45c26840>> at Pos <<3709.510986, 6.979939, 4775.351563>>
SCRIPT       : [JunkYardDog] -- Adding Salvage Point to <Land_Wreck_sed02_aban1_yellow<45c28c80>> at Pos <<3735.343750, 6.071608, 4808.163574>>
SCRIPT       : [JunkYardDog] -- Adding Fuel Point to <Land_Wreck_sed02_aban1_yellow<45c28c80>> at Pos <<3735.343750, 6.071608, 4808.163574>>
SCRIPT       : [JunkYardDog] -- Adding Salvage Point to <Land_Wreck_sed01_aban2_wine<45c23af0>> at Pos <<3766.216064, 6.406448, 4791.819336>>
SCRIPT       : [JunkYardDog] -- Adding Fuel Point to <Land_Wreck_sed01_aban2_wine<45c23af0>> at Pos <<3766.216064, 6.406448, 4791.819336>>
SCRIPT       : [JunkYardDog] -- Adding Salvage Point to <Land_Wreck_sed01_aban2_black<45c29ea0>> at Pos <<3828.599854, 8.050538, 4823.319824>>
SCRIPT       : [JunkYardDog] -- Adding Fuel Point to <Land_Wreck_sed01_aban2_black<45c29ea0>> at Pos <<3828.599854, 8.050538, 4823.319824>>
SCRIPT       : [JunkYardDog] -- Adding Salvage Point to <Land_Wreck_sed02_aban1_yellow<45c231e0>> at Pos <<4114.163574, 19.449715, 4717.878418>>
SCRIPT       : [JunkYardDog] -- Adding Fuel Point to <Land_Wreck_sed02_aban1_yellow<45c231e0>> at Pos <<4114.163574, 19.449715, 4717.878418>>
SCRIPT       : [JunkYardDog] -- Adding Salvage Point to <Land_wreck_truck01_aban1_green<45c30b60>> at Pos <<4122.627930, 18.290009, 4743.172852>>
SCRIPT       : [JunkYardDog] -- Adding Fuel Point to <Land_wreck_truck01_aban1_green<45c30b60>> at Pos <<4122.627930, 18.290009, 4743.172852>>
SCRIPT       : [JunkYardDog] -- Adding Salvage Point to <Land_wreck_truck01_aban2_green<45c2d500>> at Pos <<4108.664551, 18.289909, 4744.322754>>
SCRIPT       : [JunkYardDog] -- Adding Fuel Point to <Land_wreck_truck01_aban2_green<45c2d500>> at Pos <<4108.664551, 18.289909, 4744.322754>>
SCRIPT       : [JunkYardDog] -- Adding Salvage Point to <Land_Wreck_Volha_Grey<45c2cbf0>> at Pos <<4100.645020, 19.026533, 4759.570313>>
SCRIPT       : [JunkYardDog] -- Adding Fuel Point to <Land_Wreck_Volha_Grey<45c2cbf0>> at Pos <<4100.645020, 19.026533, 4759.570313>>
SCRIPT       : [JunkYardDog] -- Adding Salvage Point to <Land_Wreck_sed02_aban1_red<45c2de10>> at Pos <<4107.166992, 19.151075, 4755.400879>>
SCRIPT       : [JunkYardDog] -- Adding Fuel Point to <Land_Wreck_sed02_aban1_red<45c2de10>> at Pos <<4107.166992, 19.151075, 4755.400879>>
SCRIPT       : [JunkYardDog] -- Adding Salvage Point to <Land_Wreck_S1023_Beige<45c2b9d0>> at Pos <<4149.750000, 19.289003, 4715.800781>>
SCRIPT       : [JunkYardDog] -- Adding Fuel Point to <Land_Wreck_S1023_Beige<45c2b9d0>> at Pos <<4149.750000, 19.289003, 4715.800781>>
SCRIPT       : [JunkYardDog] -- Adding Salvage Point to <Static_Wreck_S120_Red<2b57f1b0>> at Pos <<4136.913574, 18.872761, 4765.711914>>
SCRIPT       : [JunkYardDog] -- Adding Fuel Point to <Static_Wreck_S120_Red<2b57f1b0>> at Pos <<4136.913574, 18.872761, 4765.711914>>
SCRIPT       : [JunkYardDog] -- Adding Salvage Point to <Land_Wreck_S1023_Blue<45c30250>> at Pos <<4129.161133, 19.288994, 4773.328125>>
SCRIPT       : [JunkYardDog] -- Adding Fuel Point to <Land_Wreck_S1023_Blue<45c30250>> at Pos <<4129.161133, 19.288994, 4773.328125>>
SCRIPT       : [JunkYardDog] -- Adding Salvage Point to <Land_Wreck_S1023_Beige<2e9d6c30>> at Pos <<4147.642090, 19.289003, 4799.933105>>
SCRIPT       : [JunkYardDog] -- Adding Fuel Point to <Land_Wreck_S1023_Beige<2e9d6c30>> at Pos <<4147.642090, 19.289003, 4799.933105>>
SCRIPT       : [JunkYardDog] -- Adding Salvage Point to <Land_wreck_truck01_aban1_green<2e9b3140>> at Pos <<1686.831543, 30.821169, 4812.258789>>
SCRIPT       : [JunkYardDog] -- Adding Fuel Point to <Land_wreck_truck01_aban1_green<2e9b3140>> at Pos <<1686.831543, 30.821169, 4812.258789>>
SCRIPT       : [JunkYardDog] -- Adding Salvage Point to <Land_wreck_truck01_aban1_green<2e9b1610>> at Pos <<4073.733398, 8.597504, 4902.517578>>
SCRIPT       : [JunkYardDog] -- Adding Fuel Point to <Land_wreck_truck01_aban1_green<2e9b1610>> at Pos <<4073.733398, 8.597504, 4902.517578>>
SCRIPT       : [JunkYardDog] -- Adding Salvage Point to <Land_wreck_truck01_aban1_green<2e9b5e90>> at Pos <<4113.199707, 6.187442, 5032.830566>>
SCRIPT       : [JunkYardDog] -- Adding Fuel Point to <Land_wreck_truck01_aban1_green<2e9b5e90>> at Pos <<4113.199707, 6.187442, 5032.830566>>
SCRIPT       : [JunkYardDog] -- Adding Salvage Point to <Land_Wreck_hb01_aban2_green<2e9bdd70>> at Pos <<4305.057129, 7.228928, 4979.836426>>
SCRIPT       : [JunkYardDog] -- Adding Fuel Point to <Land_Wreck_hb01_aban2_green<2e9bdd70>> at Pos <<4305.057129, 7.228928, 4979.836426>>
SCRIPT       : [JunkYardDog] -- Adding Salvage Point to <Land_Wreck_sed01_aban2_black<2e9c25f0>> at Pos <<4302.863770, 6.681904, 5027.436035>>
SCRIPT       : [JunkYardDog] -- Adding Fuel Point to <Land_Wreck_sed01_aban2_black<2e9c25f0>> at Pos <<4302.863770, 6.681904, 5027.436035>>
SCRIPT       : [JunkYardDog] -- Adding Salvage Point to <Land_wreck_truck01_aban2_blue<2e9cade0>> at Pos <<4971.039551, 15.480163, 4891.752930>>
SCRIPT       : [JunkYardDog] -- Adding Fuel Point to <Land_wreck_truck01_aban2_blue<2e9cade0>> at Pos <<4971.039551, 15.480163, 4891.752930>>
SCRIPT       : [JunkYardDog] -- Adding Salvage Point to <Land_wreck_truck01_aban2_blue<2e9cc000>> at Pos <<1281.939087, 7.163492, 5024.266602>>
SCRIPT       : [JunkYardDog] -- Adding Fuel Point to <Land_wreck_truck01_aban2_blue<2e9cc000>> at Pos <<1281.939087, 7.163492, 5024.266602>>
SCRIPT       : [JunkYardDog] -- Adding Salvage Point to <Land_Wreck_hb01_aban2_green<2e9c4a30>> at Pos <<2513.889893, 5.702952, 5176.137695>>
SCRIPT       : [JunkYardDog] -- Adding Fuel Point to <Land_Wreck_hb01_aban2_green<2e9c4a30>> at Pos <<2513.889893, 5.702952, 5176.137695>>
SCRIPT       : [JunkYardDog] -- Adding Salvage Point to <Static_Wreck_S120_Red<2e754470>> at Pos <<7544.621094, 5.436483, 5380.042969>>
SCRIPT       : [JunkYardDog] -- Adding Fuel Point to <Static_Wreck_S120_Red<2e754470>> at Pos <<7544.621094, 5.436483, 5380.042969>>
SCRIPT       : [JunkYardDog] -- Adding Salvage Point to <Land_Wreck_S1023_Beige<30b41bb0>> at Pos <<7560.758789, 5.852903, 5373.926270>>
SCRIPT       : [JunkYardDog] -- Adding Fuel Point to <Land_Wreck_S1023_Beige<30b41bb0>> at Pos <<7560.758789, 5.852903, 5373.926270>>
SCRIPT       : [JunkYardDog] -- Adding Salvage Point to <Static_Wreck_Ural<2e6ddd90>> at Pos <<1840.609253, 26.583616, 5357.407715>>
SCRIPT       : [JunkYardDog] -- Adding Fuel Point to <Static_Wreck_Ural<2e6ddd90>> at Pos <<1840.609253, 26.583616, 5357.407715>>
SCRIPT       : [JunkYardDog] -- Adding Salvage Point to <Land_wreck_truck01_aban1_green<30b46430>> at Pos <<1907.210693, 25.730639, 5353.970703>>
SCRIPT       : [JunkYardDog] -- Adding Fuel Point to <Land_wreck_truck01_aban1_green<30b46430>> at Pos <<1907.210693, 25.730639, 5353.970703>>
SCRIPT       : [JunkYardDog] -- Adding Salvage Point to <Land_Wreck_S1023_Beige<30b45210>> at Pos <<1913.711914, 26.701876, 5354.919922>>
SCRIPT       : [JunkYardDog] -- Adding Fuel Point to <Land_Wreck_S1023_Beige<30b45210>> at Pos <<1913.711914, 26.701876, 5354.919922>>
SCRIPT       : [JunkYardDog] -- Adding Salvage Point to <Static_Wreck_Ural<2e705e20>> at Pos <<1901.421265, 26.906981, 5350.300293>>
SCRIPT       : [JunkYardDog] -- Adding Fuel Point to <Static_Wreck_Ural<2e705e20>> at Pos <<1901.421265, 26.906981, 5350.300293>>
SCRIPT       : [JunkYardDog] -- Adding Salvage Point to <Static_Wreck_Digger<3815a240>> at Pos <<1941.428833, 29.596369, 5458.365723>>
SCRIPT       : [JunkYardDog] -- Adding Fuel Point to <Static_Wreck_Digger<3815a240>> at Pos <<1941.428833, 29.596369, 5458.365723>>
SCRIPT       : [JunkYardDog] -- Adding Salvage Point to <Land_wreck_truck01_aban2_green<30b2a820>> at Pos <<1983.561523, 26.352739, 5438.261719>>
SCRIPT       : [JunkYardDog] -- Adding Fuel Point to <Land_wreck_truck01_aban2_green<30b2a820>> at Pos <<1983.561523, 26.352739, 5438.261719>>
SCRIPT       : [TERJE CORE](INFO): Profile 'R5KkZb3Ywicboa8ntCzbBJK6WLpakj_6yA-ghmDo4lw=' saved to database.
SCRIPT       : [JunkYardDog] -- Adding Salvage Point to <Static_Wreck_Ural<2da90d00>> at Pos <<1411.834351, 59.156448, 5651.799805>>
SCRIPT       : [JunkYardDog] -- Adding Fuel Point to <Static_Wreck_Ural<2da90d00>> at Pos <<1411.834351, 59.156448, 5651.799805>>
SCRIPT       : [JunkYardDog] -- Adding Salvage Point to <Land_wreck_truck01_aban2_blue<30b39cd0>> at Pos <<1470.136475, 57.963291, 5621.325684>>
SCRIPT       : [JunkYardDog] -- Adding Fuel Point to <Land_wreck_truck01_aban2_blue<30b39cd0>> at Pos <<1470.136475, 57.963291, 5621.325684>>
SCRIPT       : [JunkYardDog] -- Adding Salvage Point to <Land_wreck_truck01_aban1_green<30b3a5e0>> at Pos <<1442.592896, 57.980042, 5628.496582>>
SCRIPT       : [JunkYardDog] -- Adding Fuel Point to <Land_wreck_truck01_aban1_green<30b3a5e0>> at Pos <<1442.592896, 57.980042, 5628.496582>>
SCRIPT       : [JunkYardDog] -- Adding Salvage Point to <Land_Wreck_V3S<30b3dc40>> at Pos <<1492.977295, 59.573689, 5620.003906>>
SCRIPT       : [JunkYardDog] -- Adding Fuel Point to <Land_Wreck_V3S<30b3dc40>> at Pos <<1492.977295, 59.573689, 5620.003906>>
SCRIPT       : [JunkYardDog] -- Adding Salvage Point to <Land_Wreck_S1023_Blue<39887c40>> at Pos <<1545.703979, 59.405029, 5623.566895>>
SCRIPT       : [JunkYardDog] -- Adding Fuel Point to <Land_Wreck_S1023_Blue<39887c40>> at Pos <<1545.703979, 59.405029, 5623.566895>>
SCRIPT       : [JunkYardDog] -- Adding Salvage Point to <Land_wreck_truck01_aban1_blue<3988d6e0>> at Pos <<1870.166748, 4.641338, 7681.194824>>
SCRIPT       : [JunkYardDog] -- Adding Fuel Point to <Land_wreck_truck01_aban1_blue<3988d6e0>> at Pos <<1870.166748, 4.641338, 7681.194824>>
SCRIPT       : [JunkYardDog] -- Adding Salvage Point to <Land_Wreck_Volha_Grey<39887330>> at Pos <<2421.758545, 43.742401, 5807.520996>>
SCRIPT       : [JunkYardDog] -- Adding Fuel Point to <Land_Wreck_Volha_Grey<39887330>> at Pos <<2421.758545, 43.742401, 5807.520996>>
SCRIPT       : [JunkYardDog] -- Adding Salvage Point to <Land_Wreck_sed02_aban2_grey<39893180>> at Pos <<2297.995850, 50.717636, 6004.551758>>
SCRIPT       : [JunkYardDog] -- Adding Fuel Point to <Land_Wreck_sed02_aban2_grey<39893180>> at Pos <<2297.995850, 50.717636, 6004.551758>>
SCRIPT       : [JunkYardDog] -- Adding Salvage Point to <Land_Wreck_S1023_Blue<39899530>> at Pos <<2361.775879, 46.468311, 5898.191895>>
SCRIPT       : [JunkYardDog] -- Adding Fuel Point to <Land_Wreck_S1023_Blue<39899530>> at Pos <<2361.775879, 46.468311, 5898.191895>>
SCRIPT       : [JunkYardDog] -- Adding Salvage Point to <Land_Wreck_sed01_aban2_wine<3989ddb0>> at Pos <<2340.668945, 47.257721, 5931.052734>>
SCRIPT       : [JunkYardDog] -- Adding Fuel Point to <Land_Wreck_sed01_aban2_wine<3989ddb0>> at Pos <<2340.668945, 47.257721, 5931.052734>>
SCRIPT       : [JunkYardDog] -- Adding Salvage Point to <Land_wreck_truck01_aban1_green<3989a750>> at Pos <<2371.404541, 45.519413, 5910.767578>>
SCRIPT       : [JunkYardDog] -- Adding Fuel Point to <Land_wreck_truck01_aban1_green<3989a750>> at Pos <<2371.404541, 45.519413, 5910.767578>>
SCRIPT       : [JunkYardDog] -- Adding Salvage Point to <Land_wreck_truck01_aban1_green<398a0b00>> at Pos <<1697.824951, 18.172224, 7472.395996>>
SCRIPT       : [JunkYardDog] -- Adding Fuel Point to <Land_wreck_truck01_aban1_green<398a0b00>> at Pos <<1697.824951, 18.172224, 7472.395996>>
SCRIPT       : [JunkYardDog] -- Adding Salvage Point to <Static_Wreck_S120_Red<3a0695c0>> at Pos <<2480.251221, 44.981758, 5971.978516>>
SCRIPT       : [JunkYardDog] -- Adding Fuel Point to <Static_Wreck_S120_Red<3a0695c0>> at Pos <<2480.251221, 44.981758, 5971.978516>>
SCRIPT       : [JunkYardDog] -- Adding Salvage Point to <Land_Wreck_S1023_Beige<39864a60>> at Pos <<2475.450439, 45.403919, 5961.251953>>
SCRIPT       : [JunkYardDog] -- Adding Fuel Point to <Land_Wreck_S1023_Beige<39864a60>> at Pos <<2475.450439, 45.403919, 5961.251953>>
SCRIPT       : [JunkYardDog] -- Adding Salvage Point to <Static_Wreck_Ural<3a0677b0>> at Pos <<2487.569580, 45.462475, 5952.331055>>
SCRIPT       : [JunkYardDog] -- Adding Fuel Point to <Static_Wreck_Ural<3a0677b0>> at Pos <<2487.569580, 45.462475, 5952.331055>>
SCRIPT       : [JunkYardDog] -- Adding Salvage Point to <Land_wreck_truck01_aban1_green<39869bf0>> at Pos <<2473.198730, 44.454849, 5992.245605>>
SCRIPT       : [JunkYardDog] -- Adding Fuel Point to <Land_wreck_truck01_aban1_green<39869bf0>> at Pos <<2473.198730, 44.454849, 5992.245605>>
SCRIPT       : [JunkYardDog] -- Adding Salvage Point to <Land_Wreck_Volha_Grey<3987abd0>> at Pos <<2633.820801, 44.808640, 5948.888672>>
SCRIPT       : [JunkYardDog] -- Adding Fuel Point to <Land_Wreck_Volha_Grey<3987abd0>> at Pos <<2633.820801, 44.808640, 5948.888672>>
SCRIPT       : [JunkYardDog] -- Adding Salvage Point to <Land_Wreck_sed01_aban1_white<39876350>> at Pos <<2665.644287, 44.691658, 5906.048828>>
SCRIPT       : [JunkYardDog] -- Adding Fuel Point to <Land_Wreck_sed01_aban1_white<39876350>> at Pos <<2665.644287, 44.691658, 5906.048828>>
SCRIPT       : [JunkYardDog] -- Adding Salvage Point to <Land_Wreck_sed02_aban2_grey<39878790>> at Pos <<2718.922119, 44.598808, 5877.119629>>
SCRIPT       : [JunkYardDog] -- Adding Fuel Point to <Land_Wreck_sed02_aban2_grey<39878790>> at Pos <<2718.922119, 44.598808, 5877.119629>>
SCRIPT       : [JunkYardDog] -- Adding Salvage Point to <Land_Wreck_hb02_aban2_black<39874820>> at Pos <<2688.072754, 44.669270, 5877.129395>>
SCRIPT       : [JunkYardDog] -- Adding Fuel Point to <Land_Wreck_hb02_aban2_black<39874820>> at Pos <<2688.072754, 44.669270, 5877.129395>>
SCRIPT       : [JunkYardDog] -- Adding Salvage Point to <Land_Wreck_hb01_aban2_blue<3987f450>> at Pos <<2688.465088, 44.920387, 5889.243164>>
SCRIPT       : [JunkYardDog] -- Adding Fuel Point to <Land_Wreck_hb01_aban2_blue<3987f450>> at Pos <<2688.465088, 44.920387, 5889.243164>>
SCRIPT       : [JunkYardDog] -- Adding Salvage Point to <Land_wreck_truck01_aban1_green<39880670>> at Pos <<2732.454102, 43.940052, 5905.162109>>
SCRIPT       : [JunkYardDog] -- Adding Fuel Point to <Land_wreck_truck01_aban1_green<39880670>> at Pos <<2732.454102, 43.940052, 5905.162109>>
SCRIPT       : [JunkYardDog] -- Adding Salvage Point to <Land_Wreck_sed01_aban1_white<3987d920>> at Pos <<2734.985352, 45.115471, 6027.040527>>
SCRIPT       : [JunkYardDog] -- Adding Fuel Point to <Land_Wreck_sed01_aban1_white<3987d920>> at Pos <<2734.985352, 45.115471, 6027.040527>>
SCRIPT       : [JunkYardDog] -- Adding Salvage Point to <Land_Wreck_Volha_Blue<39880f80>> at Pos <<2764.045166, 44.676945, 5878.128906>>
SCRIPT       : [JunkYardDog] -- Adding Fuel Point to <Land_Wreck_Volha_Blue<39880f80>> at Pos <<2764.045166, 44.676945, 5878.128906>>
SCRIPT       : [JunkYardDog] -- Adding Salvage Point to <Land_Wreck_sed02_aban2_red<2e801810>> at Pos <<3678.916260, 5.298860, 5990.742188>>
SCRIPT       : [JunkYardDog] -- Adding Fuel Point to <Land_Wreck_sed02_aban2_red<2e801810>> at Pos <<3678.916260, 5.298860, 5990.742188>>
SCRIPT       : [JunkYardDog] -- Adding Salvage Point to <Land_Wreck_sed01_aban2_wine<2e7ffce0>> at Pos <<3652.485596, 5.393319, 5996.959473>>
SCRIPT       : [JunkYardDog] -- Adding Fuel Point to <Land_Wreck_sed01_aban2_wine<2e7ffce0>> at Pos <<3652.485596, 5.393319, 5996.959473>>
SCRIPT       : [JunkYardDog] -- Adding Salvage Point to <Land_Wreck_sed01_aban1_wine<2e7fb460>> at Pos <<3664.743896, 5.391618, 5984.734863>>
SCRIPT       : [JunkYardDog] -- Adding Fuel Point to <Land_Wreck_sed01_aban1_wine<2e7fb460>> at Pos <<3664.743896, 5.391618, 5984.734863>>
SCRIPT       : [JunkYardDog] -- Adding Salvage Point to <Land_Wreck_hb01_aban2_green<2e800f00>> at Pos <<3666.802979, 5.570716, 6005.057129>>
SCRIPT       : [JunkYardDog] -- Adding Fuel Point to <Land_Wreck_hb01_aban2_green<2e800f00>> at Pos <<3666.802979, 5.570716, 6005.057129>>
SCRIPT       : [JunkYardDog] -- Adding Salvage Point to <Land_Wreck_sed01_aban2_white<2e7fa240>> at Pos <<3679.868164, 5.421731, 6004.083984>>
SCRIPT       : [JunkYardDog] -- Adding Fuel Point to <Land_Wreck_sed01_aban2_white<2e7fa240>> at Pos <<3679.868164, 5.421731, 6004.083984>>
SCRIPT       : [JunkYardDog] -- Adding Salvage Point to <Static_Wreck_Ural<3bea4ce0>> at Pos <<3657.457275, 5.827516, 6005.149414>>
SCRIPT       : [JunkYardDog] -- Adding Fuel Point to <Static_Wreck_Ural<3bea4ce0>> at Pos <<3657.457275, 5.827516, 6005.149414>>
SCRIPT       : [JunkYardDog] -- Adding Salvage Point to <Land_Wreck_hb01_aban1_green<2e7fd8a0>> at Pos <<3668.733398, 5.701992, 5989.962891>>
SCRIPT       : [JunkYardDog] -- Adding Fuel Point to <Land_Wreck_hb01_aban1_green<2e7fd8a0>> at Pos <<3668.733398, 5.701992, 5989.962891>>
SCRIPT       : [JunkYardDog] -- Adding Salvage Point to <Land_Wreck_Uaz<2e802120>> at Pos <<3664.198486, 5.483234, 6011.621094>>
SCRIPT       : [JunkYardDog] -- Adding Fuel Point to <Land_Wreck_Uaz<2e802120>> at Pos <<3664.198486, 5.483234, 6011.621094>>
SCRIPT       : [JunkYardDog] -- Adding Salvage Point to <Land_Wreck_sed02_aban1_red<2e802a30>> at Pos <<3659.665771, 5.501120, 5995.684570>>
SCRIPT       : [JunkYardDog] -- Adding Fuel Point to <Land_Wreck_sed02_aban1_red<2e802a30>> at Pos <<3659.665771, 5.501120, 5995.684570>>
SCRIPT       : [JunkYardDog] -- Adding Salvage Point to <Land_Wreck_hb02_aban1_black<2e803340>> at Pos <<3669.880859, 5.399824, 6018.919434>>
SCRIPT       : [JunkYardDog] -- Adding Fuel Point to <Land_Wreck_hb02_aban1_black<2e803340>> at Pos <<3669.880859, 5.399824, 6018.919434>>
SCRIPT       : [JunkYardDog] -- Adding Salvage Point to <Land_Wreck_Lada_Red<2e7fbd70>> at Pos <<3711.493164, 5.321498, 6002.173828>>
SCRIPT       : [JunkYardDog] -- Adding Fuel Point to <Land_Wreck_Lada_Red<2e7fbd70>> at Pos <<3711.493164, 5.321498, 6002.173828>>
SCRIPT       : [JunkYardDog] -- Adding Salvage Point to <Land_Wreck_sed01_aban1_white<2e803c50>> at Pos <<3681.471924, 5.391631, 5994.391113>>
SCRIPT       : [JunkYardDog] -- Adding Fuel Point to <Land_Wreck_sed01_aban1_white<2e803c50>> at Pos <<3681.471924, 5.391631, 5994.391113>>
SCRIPT       : [JunkYardDog] -- Adding Salvage Point to <Land_Wreck_sed01_aban1_black<2e7fcf90>> at Pos <<3705.390137, 5.403822, 6028.255859>>
SCRIPT       : [JunkYardDog] -- Adding Fuel Point to <Land_Wreck_sed01_aban1_black<2e7fcf90>> at Pos <<3705.390137, 5.403822, 6028.255859>>
SCRIPT       : [JunkYardDog] -- Adding Salvage Point to <Land_Wreck_hb02_aban1_blue<2e80b220>> at Pos <<3694.920654, 5.419853, 6030.678223>>
SCRIPT       : [JunkYardDog] -- Adding Fuel Point to <Land_Wreck_hb02_aban1_blue<2e80b220>> at Pos <<3694.920654, 5.419853, 6030.678223>>
SCRIPT       : [JunkYardDog] -- Adding Salvage Point to <Land_Wreck_sed02_aban1_grey<2e80bb30>> at Pos <<3686.823486, 5.501119, 6032.731934>>
SCRIPT       : [JunkYardDog] -- Adding Fuel Point to <Land_Wreck_sed02_aban1_grey<2e80bb30>> at Pos <<3686.823486, 5.501119, 6032.731934>>
SCRIPT       : [JunkYardDog] -- Adding Salvage Point to <Land_Wreck_V3S<2e80a910>> at Pos <<3685.296875, 6.262951, 6020.584961>>
SCRIPT       : [JunkYardDog] -- Adding Fuel Point to <Land_Wreck_V3S<2e80a910>> at Pos <<3685.296875, 6.262951, 6020.584961>>
SCRIPT       : [JunkYardDog] -- Adding Salvage Point to <Land_Wreck_hb01_aban1_blue<2e804e70>> at Pos <<3717.500244, 5.721993, 5997.200684>>
SCRIPT       : [JunkYardDog] -- Adding Fuel Point to <Land_Wreck_hb01_aban1_blue<2e804e70>> at Pos <<3717.500244, 5.721993, 5997.200684>>
SCRIPT       : [JunkYardDog] -- Adding Salvage Point to <Land_Wreck_hb02_aban2_red<2e808de0>> at Pos <<3742.197754, 5.363723, 5986.801758>>
SCRIPT       : [JunkYardDog] -- Adding Fuel Point to <Land_Wreck_hb02_aban2_red<2e808de0>> at Pos <<3742.197754, 5.363723, 5986.801758>>
SCRIPT       : [JunkYardDog] -- Adding Salvage Point to <Land_Wreck_Lada_Green<2e806090>> at Pos <<3735.730469, 5.301497, 6021.749023>>
SCRIPT       : [JunkYardDog] -- Adding Fuel Point to <Land_Wreck_Lada_Green<2e806090>> at Pos <<3735.730469, 5.301497, 6021.749023>>
SCRIPT       : [JunkYardDog] -- Adding Salvage Point to <Land_Wreck_S1023_Blue<2e80d660>> at Pos <<3740.524902, 5.650642, 6017.712402>>
SCRIPT       : [JunkYardDog] -- Adding Fuel Point to <Land_Wreck_S1023_Blue<2e80d660>> at Pos <<3740.524902, 5.650642, 6017.712402>>
SCRIPT       : [JunkYardDog] -- Adding Salvage Point to <Static_Wreck_HMMWV<3beb3420>> at Pos <<3727.282715, 5.547103, 6030.192871>>
SCRIPT       : [JunkYardDog] -- Adding Fuel Point to <Static_Wreck_HMMWV<3beb3420>> at Pos <<3727.282715, 5.547103, 6030.192871>>
SCRIPT       : [JunkYardDog] -- Adding Salvage Point to <Land_Wreck_sed01_aban1_white<2e80e880>> at Pos <<3809.993652, 5.391631, 5974.490234>>
SCRIPT       : [JunkYardDog] -- Adding Fuel Point to <Land_Wreck_sed01_aban1_white<2e80e880>> at Pos <<3809.993652, 5.391631, 5974.490234>>
SCRIPT       : [JunkYardDog] -- Adding Salvage Point to <Static_Wreck_Digger<3bedb400>> at Pos <<3838.269287, 5.166407, 6021.101563>>
SCRIPT       : [JunkYardDog] -- Adding Fuel Point to <Static_Wreck_Digger<3bedb400>> at Pos <<3838.269287, 5.166407, 6021.101563>>
SCRIPT       : [JunkYardDog] -- Adding Salvage Point to <Land_Wreck_sed01_aban1_white<2e816760>> at Pos <<2248.961914, 54.845840, 6055.221191>>
SCRIPT       : [JunkYardDog] -- Adding Fuel Point to <Land_Wreck_sed01_aban1_white<2e816760>> at Pos <<2248.961914, 54.845840, 6055.221191>>
SCRIPT       : [JunkYardDog] -- Adding Salvage Point to <Land_Wreck_S1023_Beige<2e815e50>> at Pos <<554.518372, 14.637499, 6070.383789>>
SCRIPT       : [JunkYardDog] -- Adding Fuel Point to <Land_Wreck_S1023_Beige<2e815e50>> at Pos <<554.518372, 14.637499, 6070.383789>>
SCRIPT       : [JunkYardDog] -- Adding Salvage Point to <Land_Wreck_sed02_aban1_red<2e815540>> at Pos <<549.668579, 14.256610, 6066.836914>>
SCRIPT       : [JunkYardDog] -- Adding Fuel Point to <Land_Wreck_sed02_aban1_red<2e815540>> at Pos <<549.668579, 14.256610, 6066.836914>>
SCRIPT       : [JunkYardDog] -- Adding Salvage Point to <Land_wreck_truck01_aban2_blue<2e818ba0>> at Pos <<2752.535400, 44.409988, 6121.083008>>
SCRIPT       : [JunkYardDog] -- Adding Fuel Point to <Land_wreck_truck01_aban2_blue<2e818ba0>> at Pos <<2752.535400, 44.409988, 6121.083008>>
SCRIPT       : [JunkYardDog] -- Adding Salvage Point to <Static_Wreck_Ural<302db0c0>> at Pos <<7075.427734, 18.146603, 6058.456543>>
SCRIPT       : [JunkYardDog] -- Adding Fuel Point to <Static_Wreck_Ural<302db0c0>> at Pos <<7075.427734, 18.146603, 6058.456543>>
SCRIPT       : [JunkYardDog] -- Adding Salvage Point to <Static_Wreck_Ural<302e7300>> at Pos <<7124.370605, 19.513199, 6019.814941>>
SCRIPT       : [JunkYardDog] -- Adding Fuel Point to <Static_Wreck_Ural<302e7300>> at Pos <<7124.370605, 19.513199, 6019.814941>>
SCRIPT       : [JunkYardDog] -- Adding Salvage Point to <Static_Wreck_Ural<302f7f40>> at Pos <<7175.866211, 19.509674, 6052.663574>>
SCRIPT       : [JunkYardDog] -- Adding Fuel Point to <Static_Wreck_Ural<302f7f40>> at Pos <<7175.866211, 19.509674, 6052.663574>>
SCRIPT       : [JunkYardDog] -- Adding Salvage Point to <Land_wreck_truck01_aban1_green<2e832370>> at Pos <<3241.891846, 16.469988, 6171.812988>>
SCRIPT       : [JunkYardDog] -- Adding Fuel Point to <Land_wreck_truck01_aban1_green<2e832370>> at Pos <<3241.891846, 16.469988, 6171.812988>>
SCRIPT       : [JunkYardDog] -- Adding Salvage Point to <Land_Wreck_V3S<2e82e400>> at Pos <<3252.469971, 18.073143, 6180.689941>>
SCRIPT       : [JunkYardDog] -- Adding Fuel Point to <Land_Wreck_V3S<2e82e400>> at Pos <<3252.469971, 18.073143, 6180.689941>>
SCRIPT       : [JunkYardDog] -- Adding Salvage Point to <Land_Wreck_S1023_Blue<3e9085e0>> at Pos <<3239.795898, 22.484320, 6366.658203>>
SCRIPT       : [JunkYardDog] -- Adding Fuel Point to <Land_Wreck_S1023_Blue<3e9085e0>> at Pos <<3239.795898, 22.484320, 6366.658203>>
SCRIPT       : [JunkYardDog] -- Adding Salvage Point to <Land_Wreck_hb01_aban1_green<3e90e990>> at Pos <<3417.456787, 18.378483, 6311.729492>>
SCRIPT       : [JunkYardDog] -- Adding Fuel Point to <Land_Wreck_hb01_aban1_green<3e90e990>> at Pos <<3417.456787, 18.378483, 6311.729492>>
SCRIPT       : [Permissions Manager] Admin (Pengowski) (76561198413928129) Successfully Logged in!
SCRIPT       : [JunkYardDog] -- Adding Salvage Point to <Land_Wreck_hb02_aban2_black<3e90a110>> at Pos <<3430.834961, 18.335773, 6322.268555>>
SCRIPT       : [JunkYardDog] -- Adding Fuel Point to <Land_Wreck_hb02_aban2_black<3e90a110>> at Pos <<3430.834961, 18.335773, 6322.268555>>
SCRIPT       : [JunkYardDog] -- Adding Salvage Point to <Land_wreck_truck01_aban2_orange<3e915f60>> at Pos <<3432.243896, 16.661507, 6408.219238>>
SCRIPT       : [JunkYardDog] -- Adding Fuel Point to <Land_wreck_truck01_aban2_orange<3e915f60>> at Pos <<3432.243896, 16.661507, 6408.219238>>
SCRIPT       : [JunkYardDog] -- Adding Salvage Point to <Land_wreck_truck01_aban2_orange<3e914d40>> at Pos <<3509.109131, 15.649977, 6293.025391>>
SCRIPT       : [JunkYardDog] -- Adding Fuel Point to <Land_wreck_truck01_aban2_orange<3e914d40>> at Pos <<3509.109131, 15.649977, 6293.025391>>
SCRIPT       : [JunkYardDog] -- Adding Salvage Point to <Land_Wreck_sed01_aban1_white<3e911ff0>> at Pos <<3488.157227, 17.307892, 6334.670898>>
SCRIPT       : [JunkYardDog] -- Adding Fuel Point to <Land_Wreck_sed01_aban1_white<3e911ff0>> at Pos <<3488.157227, 17.307892, 6334.670898>>
SCRIPT       : [JunkYardDog] -- Adding Salvage Point to <Land_wreck_truck01_aban2_orange<3e91ba00>> at Pos <<3547.050537, 15.630000, 6401.000000>>
SCRIPT       : [JunkYardDog] -- Adding Fuel Point to <Land_wreck_truck01_aban2_orange<3e91ba00>> at Pos <<3547.050537, 15.630000, 6401.000000>>
SCRIPT       : [JunkYardDog] -- Adding Salvage Point to <Land_Wreck_sed02_aban2_red<3e91f970>> at Pos <<3575.307861, 16.288824, 6387.325195>>
SCRIPT       : [JunkYardDog] -- Adding Fuel Point to <Land_Wreck_sed02_aban2_red<3e91f970>> at Pos <<3575.307861, 16.288824, 6387.325195>>
SCRIPT       : [JunkYardDog] -- Adding Salvage Point to <Land_Wreck_sed02_aban2_grey<3e920b90>> at Pos <<3562.515381, 16.288858, 6404.354980>>
SCRIPT       : [JunkYardDog] -- Adding Fuel Point to <Land_Wreck_sed02_aban2_grey<3e920b90>> at Pos <<3562.515381, 16.288858, 6404.354980>>
SCRIPT       : [JunkYardDog] -- Adding Salvage Point to <Land_Wreck_sed02_aban1_yellow<3e921db0>> at Pos <<3589.456543, 16.491119, 6377.296387>>
SCRIPT       : [JunkYardDog] -- Adding Fuel Point to <Land_Wreck_sed02_aban1_yellow<3e921db0>> at Pos <<3589.456543, 16.491119, 6377.296387>>
SCRIPT       : [JunkYardDog] -- Adding Salvage Point to <Land_Wreck_hb02_aban1_black<3e9226c0>> at Pos <<3615.948486, 16.389824, 6399.129883>>
SCRIPT       : [JunkYardDog] -- Adding Fuel Point to <Land_Wreck_hb02_aban1_black<3e9226c0>> at Pos <<3615.948486, 16.389824, 6399.129883>>
SCRIPT       : [JunkYardDog] -- Adding Salvage Point to <Land_Wreck_Uaz<3e925d20>> at Pos <<3597.224609, 16.473221, 6381.398926>>
SCRIPT       : [JunkYardDog] -- Adding Fuel Point to <Land_Wreck_Uaz<3e925d20>> at Pos <<3597.224609, 16.473221, 6381.398926>>
SCRIPT       : [JunkYardDog] -- Adding Salvage Point to <Land_Wreck_Volha_Grey<3e9238e0>> at Pos <<3586.525635, 16.366943, 6388.948242>>
SCRIPT       : [JunkYardDog] -- Adding Fuel Point to <Land_Wreck_Volha_Grey<3e9238e0>> at Pos <<3586.525635, 16.366943, 6388.948242>>
SCRIPT       : [JunkYardDog] -- Adding Salvage Point to <Land_Wreck_sed01_aban1_white<3e928160>> at Pos <<3611.181641, 16.381632, 6412.383301>>
SCRIPT       : [JunkYardDog] -- Adding Fuel Point to <Land_Wreck_sed01_aban1_white<3e928160>> at Pos <<3611.181641, 16.381632, 6412.383301>>
SCRIPT       : [JunkYardDog] -- Adding Salvage Point to <Land_Wreck_sed02_aban1_grey<3e925410>> at Pos <<3612.797852, 16.491119, 6423.975586>>
SCRIPT       : [JunkYardDog] -- Adding Fuel Point to <Land_Wreck_sed02_aban1_grey<3e925410>> at Pos <<3612.797852, 16.491119, 6423.975586>>
SCRIPT       : [JunkYardDog] -- Adding Salvage Point to <Land_Wreck_sed02_aban1_red<3e9241f0>> at Pos <<3593.943359, 16.491142, 6408.933594>>
SCRIPT       : [JunkYardDog] -- Adding Fuel Point to <Land_Wreck_sed02_aban1_red<3e9241f0>> at Pos <<3593.943359, 16.491142, 6408.933594>>
SCRIPT       : [JunkYardDog] -- Adding Salvage Point to <Land_Wreck_hb01_aban1_green<3e922fd0>> at Pos <<3590.000977, 16.692005, 6434.005371>>
SCRIPT       : [JunkYardDog] -- Adding Fuel Point to <Land_Wreck_hb01_aban1_green<3e922fd0>> at Pos <<3590.000977, 16.692005, 6434.005371>>
SCRIPT       : [JunkYardDog] -- Adding Salvage Point to <Land_Wreck_sed01_aban2_black<3e926f40>> at Pos <<3612.369141, 14.101511, 6522.103516>>
SCRIPT       : [JunkYardDog] -- Adding Fuel Point to <Land_Wreck_sed01_aban2_black<3e926f40>> at Pos <<3612.369141, 14.101511, 6522.103516>>
SCRIPT       : [JunkYardDog] -- Adding Salvage Point to <Land_Wreck_hb02_aban2_red<3e929c90>> at Pos <<3628.952637, 16.333723, 6409.761230>>
SCRIPT       : [JunkYardDog] -- Adding Fuel Point to <Land_Wreck_hb02_aban2_red<3e929c90>> at Pos <<3628.952637, 16.333723, 6409.761230>>
SCRIPT       : [JunkYardDog] -- Adding Salvage Point to <Land_Wreck_hb01_aban1_green<3e92a5a0>> at Pos <<3629.966309, 16.691992, 6421.557129>>
SCRIPT       : [JunkYardDog] -- Adding Fuel Point to <Land_Wreck_hb01_aban1_green<3e92a5a0>> at Pos <<3629.966309, 16.691992, 6421.557129>>
SCRIPT       : [JunkYardDog] -- Adding Salvage Point to <Land_Wreck_hb01_aban2_white<3e92c9e0>> at Pos <<3648.648193, 16.560963, 6455.085938>>
SCRIPT       : [JunkYardDog] -- Adding Fuel Point to <Land_Wreck_hb01_aban2_white<3e92c9e0>> at Pos <<3648.648193, 16.560963, 6455.085938>>
SCRIPT       : [JunkYardDog] -- Adding Salvage Point to <Land_Wreck_hb02_aban1_red<3e92ee20>> at Pos <<3682.543945, 16.389523, 6487.016602>>
SCRIPT       : [JunkYardDog] -- Adding Fuel Point to <Land_Wreck_hb02_aban1_red<3e92ee20>> at Pos <<3682.543945, 16.389523, 6487.016602>>
SCRIPT       : [JunkYardDog] -- Adding Salvage Point to <Land_Wreck_hb01_aban1_green<3e930950>> at Pos <<3772.901123, 16.691992, 6509.551270>>
SCRIPT       : [JunkYardDog] -- Adding Fuel Point to <Land_Wreck_hb01_aban1_green<3e930950>> at Pos <<3772.901123, 16.691992, 6509.551270>>
SCRIPT       : [JunkYardDog] -- Adding Salvage Point to <Land_Wreck_sed01_aban1_wine<3e92d2f0>> at Pos <<3797.281738, 16.381618, 6527.635742>>
SCRIPT       : [JunkYardDog] -- Adding Fuel Point to <Land_Wreck_sed01_aban1_wine<3e92d2f0>> at Pos <<3797.281738, 16.381618, 6527.635742>>
SCRIPT       : [JunkYardDog] -- Adding Salvage Point to <Land_Wreck_S1023_Beige<3e93c7a0>> at Pos <<3786.328369, 16.629131, 6511.097656>>
SCRIPT       : [JunkYardDog] -- Adding Fuel Point to <Land_Wreck_S1023_Beige<3e93c7a0>> at Pos <<3786.328369, 16.629131, 6511.097656>>
SCRIPT       : [JunkYardDog] -- Adding Salvage Point to <Land_Wreck_sed02_aban2_red<3e939a50>> at Pos <<3782.521240, 16.288837, 6541.523926>>
SCRIPT       : [JunkYardDog] -- Adding Fuel Point to <Land_Wreck_sed02_aban2_red<3e939a50>> at Pos <<3782.521240, 16.288837, 6541.523926>>
SCRIPT       : [JunkYardDog] -- Adding Salvage Point to <Land_wreck_truck01_aban2_orange<3e93be90>> at Pos <<3812.601563, 15.630000, 6589.238281>>
SCRIPT       : [JunkYardDog] -- Adding Fuel Point to <Land_wreck_truck01_aban2_orange<3e93be90>> at Pos <<3812.601563, 15.630000, 6589.238281>>
SCRIPT       : [JunkYardDog] -- Adding Salvage Point to <Land_Wreck_sed01_aban2_wine<3e936d00>> at Pos <<3842.542236, 16.383278, 6583.610840>>
SCRIPT       : [JunkYardDog] -- Adding Fuel Point to <Land_Wreck_sed01_aban2_wine<3e936d00>> at Pos <<3842.542236, 16.383278, 6583.610840>>
SCRIPT       : [JunkYardDog] -- Adding Salvage Point to <Static_Wreck_HMMWV<3dc36840>> at Pos <<6481.323242, 27.037102, 2196.517822>>
SCRIPT       : [JunkYardDog] -- Adding Fuel Point to <Static_Wreck_HMMWV<3dc36840>> at Pos <<6481.323242, 27.037102, 2196.517822>>
SCRIPT       : [JunkYardDog] -- Adding Salvage Point to <Land_wreck_truck01_aban2_green<36a05170>> at Pos <<4515.155762, 15.412223, 7769.619629>>
SCRIPT       : [JunkYardDog] -- Adding Fuel Point to <Land_wreck_truck01_aban2_green<36a05170>> at Pos <<4515.155762, 15.412223, 7769.619629>>
SCRIPT       : [JunkYardDog] -- Adding Salvage Point to <Land_Wreck_hb02_aban1_black<36a0d960>> at Pos <<3951.938965, 16.389818, 6636.563965>>
SCRIPT       : [JunkYardDog] -- Adding Fuel Point to <Land_Wreck_hb02_aban1_black<36a0d960>> at Pos <<3951.938965, 16.389818, 6636.563965>>
SCRIPT       : [JunkYardDog] -- Adding Salvage Point to <Land_Wreck_sed02_aban2_grey<36a0b520>> at Pos <<4562.819824, 16.042282, 7738.955566>>
SCRIPT       : [JunkYardDog] -- Adding Fuel Point to <Land_Wreck_sed02_aban2_grey<36a0b520>> at Pos <<4562.819824, 16.042282, 7738.955566>>
SCRIPT       : [JunkYardDog] -- Adding Salvage Point to <Static_Wreck_Ural<36940bb0>> at Pos <<4544.437500, 16.887514, 7736.627930>>
SCRIPT       : [JunkYardDog] -- Adding Fuel Point to <Static_Wreck_Ural<36940bb0>> at Pos <<4544.437500, 16.887514, 7736.627930>>
SCRIPT       : [JunkYardDog] -- Adding Salvage Point to <Land_Wreck_Lada_Green<36a0ac10>> at Pos <<4550.620117, 16.493559, 7609.004883>>
SCRIPT       : [JunkYardDog] -- Adding Fuel Point to <Land_Wreck_Lada_Green<36a0ac10>> at Pos <<4550.620117, 16.493559, 7609.004883>>
SCRIPT       : [JunkYardDog] -- Adding Salvage Point to <Land_Wreck_sed01_aban2_white<36a1a0c0>> at Pos <<3980.541260, 16.383289, 6653.333496>>
SCRIPT       : [JunkYardDog] -- Adding Fuel Point to <Land_Wreck_sed01_aban2_white<36a1a0c0>> at Pos <<3980.541260, 16.383289, 6653.333496>>
SCRIPT       : [JunkYardDog] -- Adding Salvage Point to <Land_Wreck_sed02_aban1_yellow<36a1b2e0>> at Pos <<3996.452148, 16.491119, 6631.567871>>
SCRIPT       : [JunkYardDog] -- Adding Fuel Point to <Land_Wreck_sed02_aban1_yellow<36a1b2e0>> at Pos <<3996.452148, 16.491119, 6631.567871>>
SCRIPT       : [JunkYardDog] -- Adding Salvage Point to <Land_wreck_truck01_aban2_orange<36a1f250>> at Pos <<3985.808105, 15.629977, 6678.436035>>
SCRIPT       : [JunkYardDog] -- Adding Fuel Point to <Land_wreck_truck01_aban2_orange<36a1f250>> at Pos <<3985.808105, 15.629977, 6678.436035>>
SCRIPT       : [JunkYardDog] -- Adding Salvage Point to <Land_Wreck_sed02_aban2_yellow<36a20470>> at Pos <<4014.172363, 16.288824, 6650.234863>>
SCRIPT       : [JunkYardDog] -- Adding Fuel Point to <Land_Wreck_sed02_aban2_yellow<36a20470>> at Pos <<4014.172363, 16.288824, 6650.234863>>
SCRIPT       : [JunkYardDog] -- Adding Salvage Point to <Static_Wreck_HMMWV<3f035db0>> at Pos <<4002.170898, 16.537102, 6625.695801>>
SCRIPT       : [JunkYardDog] -- Adding Fuel Point to <Static_Wreck_HMMWV<3f035db0>> at Pos <<4002.170898, 16.537102, 6625.695801>>
SCRIPT       : [JunkYardDog] -- Adding Salvage Point to <Land_Wreck_sed02_aban1_yellow<36a1e940>> at Pos <<4478.452637, 64.306427, 6577.417480>>
SCRIPT       : [JunkYardDog] -- Adding Fuel Point to <Land_Wreck_sed02_aban1_yellow<36a1e940>> at Pos <<4478.452637, 64.306427, 6577.417480>>
SCRIPT       : [JunkYardDog] -- Adding Salvage Point to <Land_Wreck_S1023_Beige<36a21fa0>> at Pos <<4500.408691, 64.444466, 6591.686523>>
SCRIPT       : [JunkYardDog] -- Adding Fuel Point to <Land_Wreck_S1023_Beige<36a21fa0>> at Pos <<4500.408691, 64.444466, 6591.686523>>
SCRIPT       : [JunkYardDog] -- Adding Salvage Point to <Land_Wreck_hb01_aban2_blue<36a365e0>> at Pos <<6244.140137, 16.085325, 6744.160156>>
SCRIPT       : [JunkYardDog] -- Adding Fuel Point to <Land_Wreck_hb01_aban2_blue<36a365e0>> at Pos <<6244.140137, 16.085325, 6744.160156>>
SCRIPT       : [JunkYardDog] -- Adding Salvage Point to <Land_Wreck_sed01_aban2_wine<36a36ef0>> at Pos <<6243.731934, 15.908405, 6753.085938>>
SCRIPT       : [JunkYardDog] -- Adding Fuel Point to <Land_Wreck_sed01_aban2_wine<36a36ef0>> at Pos <<6243.731934, 15.908405, 6753.085938>>
SCRIPT       : [JunkYardDog] -- Adding Salvage Point to <Land_wreck_truck01_aban2_blue<36a34ab0>> at Pos <<1825.721802, 98.690002, 6859.872559>>
SCRIPT       : [JunkYardDog] -- Adding Fuel Point to <Land_wreck_truck01_aban2_blue<36a34ab0>> at Pos <<1825.721802, 98.690002, 6859.872559>>
SCRIPT       : [JunkYardDog] -- Adding Salvage Point to <Land_Wreck_hb02_aban1_black<36a30230>> at Pos <<2136.694580, 74.359146, 6878.908203>>
SCRIPT       : [JunkYardDog] -- Adding Fuel Point to <Land_Wreck_hb02_aban1_black<36a30230>> at Pos <<2136.694580, 74.359146, 6878.908203>>
SCRIPT       : [JunkYardDog] -- Adding Salvage Point to <Land_Wreck_S1023_Beige<36a32f80>> at Pos <<2168.652100, 74.380127, 6862.967773>>
SCRIPT       : [JunkYardDog] -- Adding Fuel Point to <Land_Wreck_S1023_Beige<36a32f80>> at Pos <<2168.652100, 74.380127, 6862.967773>>
SCRIPT       : [JunkYardDog] -- Adding Salvage Point to <Land_Wreck_sed01_aban1_wine<36a38a20>> at Pos <<2150.804199, 74.059395, 6882.223633>>
SCRIPT       : [JunkYardDog] -- Adding Fuel Point to <Land_Wreck_sed01_aban1_wine<36a38a20>> at Pos <<2150.804199, 74.059395, 6882.223633>>
SCRIPT       : [JunkYardDog] -- Adding Salvage Point to <Land_wreck_truck01_aban2_blue<398ee870>> at Pos <<2833.292480, 6.499839, 6866.886230>>
SCRIPT       : [JunkYardDog] -- Adding Fuel Point to <Land_wreck_truck01_aban2_blue<398ee870>> at Pos <<2833.292480, 6.499839, 6866.886230>>
SCRIPT       : [JunkYardDog] -- Adding Salvage Point to <Static_Wreck_Ural<39932960>> at Pos <<2853.695068, 7.686787, 6829.259766>>
SCRIPT       : [JunkYardDog] -- Adding Fuel Point to <Static_Wreck_Ural<39932960>> at Pos <<2853.695068, 7.686787, 6829.259766>>
SCRIPT       : [JunkYardDog] -- Adding Salvage Point to <Land_Wreck_S1023_Beige<398ea900>> at Pos <<4094.728027, 16.631874, 6828.267090>>
SCRIPT       : [JunkYardDog] -- Adding Fuel Point to <Land_Wreck_S1023_Beige<398ea900>> at Pos <<4094.728027, 16.631874, 6828.267090>>
SCRIPT       : [JunkYardDog] -- Adding Salvage Point to <Land_Wreck_Volha_Grey<398f03a0>> at Pos <<4079.636719, 16.377960, 6900.633301>>
SCRIPT       : [JunkYardDog] -- Adding Fuel Point to <Land_Wreck_Volha_Grey<398f03a0>> at Pos <<4079.636719, 16.377960, 6900.633301>>
SCRIPT       : [JunkYardDog] -- Adding Salvage Point to <Land_Wreck_hb01_aban2_blue<398e96e0>> at Pos <<5683.292480, 16.510279, 6962.579102>>
SCRIPT       : [JunkYardDog] -- Adding Fuel Point to <Land_Wreck_hb01_aban2_blue<398e96e0>> at Pos <<5683.292480, 16.510279, 6962.579102>>
SCRIPT       : [JunkYardDog] -- Adding Salvage Point to <Land_Wreck_sed01_aban2_wine<398f1ed0>> at Pos <<5692.167480, 16.162560, 6963.587402>>
SCRIPT       : [JunkYardDog] -- Adding Fuel Point to <Land_Wreck_sed01_aban2_wine<398f1ed0>> at Pos <<5692.167480, 16.162560, 6963.587402>>
SCRIPT       : [JunkYardDog] -- Adding Salvage Point to <Land_Wreck_S1023_Blue<398f4c20>> at Pos <<5786.919922, 16.113922, 6796.311035>>
SCRIPT       : [JunkYardDog] -- Adding Fuel Point to <Land_Wreck_S1023_Blue<398f4c20>> at Pos <<5786.919922, 16.113922, 6796.311035>>
SCRIPT       : [JunkYardDog] -- Adding Salvage Point to <Land_Wreck_hb01_aban2_blue<398f94a0>> at Pos <<5788.410645, 16.854012, 6873.245117>>
SCRIPT       : [JunkYardDog] -- Adding Fuel Point to <Land_Wreck_hb01_aban2_blue<398f94a0>> at Pos <<5788.410645, 16.854012, 6873.245117>>
SCRIPT       : [JunkYardDog] -- Adding Salvage Point to <Land_Wreck_sed01_aban2_wine<398fafd0>> at Pos <<5798.196777, 16.675161, 6855.659668>>
SCRIPT       : [JunkYardDog] -- Adding Fuel Point to <Land_Wreck_sed01_aban2_wine<398fafd0>> at Pos <<5798.196777, 16.675161, 6855.659668>>
SCRIPT       : [JunkYardDog] -- Adding Salvage Point to <Land_wreck_truck01_aban2_blue<39907730>> at Pos <<6445.063477, 14.968424, 6994.359375>>
SCRIPT       : [JunkYardDog] -- Adding Fuel Point to <Land_wreck_truck01_aban2_blue<39907730>> at Pos <<6445.063477, 14.968424, 6994.359375>>
SCRIPT       : [JunkYardDog] -- Adding Salvage Point to <Land_wreck_truck01_aban1_green<39909b70>> at Pos <<2032.599487, 75.318779, 6990.077637>>
SCRIPT       : [JunkYardDog] -- Adding Fuel Point to <Land_wreck_truck01_aban1_green<39909b70>> at Pos <<2032.599487, 75.318779, 6990.077637>>
SCRIPT       : [JunkYardDog] -- Adding Salvage Point to <Land_Wreck_S1023_Beige<3990ff20>> at Pos <<2048.291504, 74.831108, 6960.855957>>
SCRIPT       : [JunkYardDog] -- Adding Fuel Point to <Land_Wreck_S1023_Beige<3990ff20>> at Pos <<2048.291504, 74.831108, 6960.855957>>
SCRIPT       : [JunkYardDog] -- Adding Salvage Point to <Land_Wreck_S1023_Blue<39911140>> at Pos <<3487.291992, 11.142941, 7080.530762>>
SCRIPT       : [JunkYardDog] -- Adding Fuel Point to <Land_Wreck_S1023_Blue<39911140>> at Pos <<3487.291992, 11.142941, 7080.530762>>
SCRIPT       : [JunkYardDog] -- Adding Salvage Point to <Land_Wreck_sed02_aban2_red<399174f0>> at Pos <<4080.641113, 16.319195, 6999.514648>>
SCRIPT       : [JunkYardDog] -- Adding Fuel Point to <Land_Wreck_sed02_aban2_red<399174f0>> at Pos <<4080.641113, 16.319195, 6999.514648>>
SCRIPT       : [JunkYardDog] -- Adding Salvage Point to <Land_Wreck_sed02_aban1_yellow<39919020>> at Pos <<4073.972168, 16.491394, 6999.489258>>
SCRIPT       : [JunkYardDog] -- Adding Fuel Point to <Land_Wreck_sed02_aban1_yellow<39919020>> at Pos <<4073.972168, 16.491394, 6999.489258>>
SCRIPT       : [JunkYardDog] -- Adding Salvage Point to <Static_Wreck_Digger<402fbe70>> at Pos <<6211.233887, 10.258520, 7068.666504>>
SCRIPT       : [JunkYardDog] -- Adding Fuel Point to <Static_Wreck_Digger<402fbe70>> at Pos <<6211.233887, 10.258520, 7068.666504>>
SCRIPT       : [JunkYardDog] -- Adding Salvage Point to <Land_Wreck_V3S<39917e00>> at Pos <<4041.554688, 17.727108, 7220.769043>>
SCRIPT       : [JunkYardDog] -- Adding Fuel Point to <Land_Wreck_V3S<39917e00>> at Pos <<4041.554688, 17.727108, 7220.769043>>
SCRIPT       : [JunkYardDog] -- Adding Salvage Point to <Static_Wreck_Ural<40335480>> at Pos <<4066.028076, 16.991402, 7213.542969>>
SCRIPT       : [JunkYardDog] -- Adding Fuel Point to <Static_Wreck_Ural<40335480>> at Pos <<4066.028076, 16.991402, 7213.542969>>
SCRIPT       : [JunkYardDog] -- Adding Salvage Point to <Land_Wreck_Harverster<39924560>> at Pos <<5229.544922, 14.794527, 7138.462402>>
SCRIPT       : [JunkYardDog] -- Adding Fuel Point to <Land_Wreck_Harverster<39924560>> at Pos <<5229.544922, 14.794527, 7138.462402>>
SCRIPT       : [JunkYardDog] -- Adding Salvage Point to <Land_Wreck_hb01_aban2_blue<39926090>> at Pos <<6046.494141, 11.648989, 7114.089844>>
SCRIPT       : [JunkYardDog] -- Adding Fuel Point to <Land_Wreck_hb01_aban2_blue<39926090>> at Pos <<6046.494141, 11.648989, 7114.089844>>
SCRIPT       : [JunkYardDog] -- Adding Salvage Point to <Land_Wreck_sed01_aban1_wine<3ef74010>> at Pos <<4227.735840, 16.733238, 7291.679199>>
SCRIPT       : [JunkYardDog] -- Adding Fuel Point to <Land_Wreck_sed01_aban1_wine<3ef74010>> at Pos <<4227.735840, 16.733238, 7291.679199>>
SCRIPT       : [JunkYardDog] -- Adding Salvage Point to <Land_Wreck_sed01_aban1_black<3ef7acd0>> at Pos <<4078.119141, 19.584723, 7314.720703>>
SCRIPT       : [JunkYardDog] -- Adding Fuel Point to <Land_Wreck_sed01_aban1_black<3ef7acd0>> at Pos <<4078.119141, 19.584723, 7314.720703>>
SCRIPT       : [JunkYardDog] -- Adding Salvage Point to <Land_Wreck_sed01_aban2_black<3ef434b0>> at Pos <<4288.031250, 16.756701, 7327.050293>>
SCRIPT       : [JunkYardDog] -- Adding Fuel Point to <Land_Wreck_sed01_aban2_black<3ef434b0>> at Pos <<4288.031250, 16.756701, 7327.050293>>
SCRIPT       : [JunkYardDog] -- Adding Salvage Point to <Static_Wreck_Ural<3e484db0>> at Pos <<4343.574219, 17.730766, 7321.444824>>
SCRIPT       : [JunkYardDog] -- Adding Fuel Point to <Static_Wreck_Ural<3e484db0>> at Pos <<4343.574219, 17.730766, 7321.444824>>
SCRIPT       : [JunkYardDog] -- Adding Salvage Point to <Static_Wreck_Digger<3e46ab20>> at Pos <<5613.199219, 14.654358, 7185.343262>>
SCRIPT       : [JunkYardDog] -- Adding Fuel Point to <Static_Wreck_Digger<3e46ab20>> at Pos <<5613.199219, 14.654358, 7185.343262>>
SCRIPT       : [JunkYardDog] -- Adding Salvage Point to <Land_Wreck_hb01_aban1_blue<3ef51740>> at Pos <<1345.506714, 26.969456, 7256.298828>>
SCRIPT       : [JunkYardDog] -- Adding Fuel Point to <Land_Wreck_hb01_aban1_blue<3ef51740>> at Pos <<1345.506714, 26.969456, 7256.298828>>
SCRIPT       : [JunkYardDog] -- Adding Salvage Point to <Static_Wreck_HMMWV<3de92c10>> at Pos <<6827.380859, 15.333736, 7196.594238>>
SCRIPT       : [JunkYardDog] -- Adding Fuel Point to <Static_Wreck_HMMWV<3de92c10>> at Pos <<6827.380859, 15.333736, 7196.594238>>
SCRIPT       : [JunkYardDog] -- Adding Salvage Point to <Static_Wreck_HMMWV<3dea3f40>> at Pos <<6852.207031, 15.341726, 7175.447266>>
SCRIPT       : [JunkYardDog] -- Adding Fuel Point to <Static_Wreck_HMMWV<3dea3f40>> at Pos <<6852.207031, 15.341726, 7175.447266>>
SCRIPT       : [JunkYardDog] -- Adding Salvage Point to <Static_Wreck_HMMWV<3deaf150>> at Pos <<6886.468750, 15.342878, 7185.449219>>
SCRIPT       : [JunkYardDog] -- Adding Fuel Point to <Static_Wreck_HMMWV<3deaf150>> at Pos <<6886.468750, 15.342878, 7185.449219>>
SCRIPT       : [JunkYardDog] -- Adding Salvage Point to <Static_Wreck_HMMWV<3deb4b80>> at Pos <<6905.943848, 15.325775, 7188.232910>>
SCRIPT       : [JunkYardDog] -- Adding Fuel Point to <Static_Wreck_HMMWV<3deb4b80>> at Pos <<6905.943848, 15.325775, 7188.232910>>
SCRIPT       : [JunkYardDog] -- Adding Salvage Point to <Static_Wreck_HMMWV<3deb1d40>> at Pos <<6892.719238, 15.342880, 7189.785156>>
SCRIPT       : [JunkYardDog] -- Adding Fuel Point to <Static_Wreck_HMMWV<3deb1d40>> at Pos <<6892.719238, 15.342880, 7189.785156>>
SCRIPT       : [JunkYardDog] -- Adding Salvage Point to <Static_Wreck_HMMWV<3deb2b20>> at Pos <<6911.055664, 15.317932, 7181.451172>>
SCRIPT       : [JunkYardDog] -- Adding Fuel Point to <Static_Wreck_HMMWV<3deb2b20>> at Pos <<6911.055664, 15.317932, 7181.451172>>
SCRIPT       : [JunkYardDog] -- Adding Salvage Point to <Land_Wreck_sed02_aban1_yellow<3c35b080>> at Pos <<4160.610840, 18.751116, 7483.944824>>
SCRIPT       : [JunkYardDog] -- Adding Fuel Point to <Land_Wreck_sed02_aban1_yellow<3c35b080>> at Pos <<4160.610840, 18.751116, 7483.944824>>
SCRIPT       : [JunkYardDog] -- Adding Salvage Point to <Static_Wreck_HMMWV<3bf89f90>> at Pos <<4167.168457, 17.568390, 7584.996582>>
SCRIPT       : [JunkYardDog] -- Adding Fuel Point to <Static_Wreck_HMMWV<3bf89f90>> at Pos <<4167.168457, 17.568390, 7584.996582>>
SCRIPT       : [JunkYardDog] -- Adding Salvage Point to <Land_Wreck_S1023_Blue<3c33eb60>> at Pos <<4252.409180, 19.884237, 7496.853516>>
SCRIPT       : [JunkYardDog] -- Adding Fuel Point to <Land_Wreck_S1023_Blue<3c33eb60>> at Pos <<4252.409180, 19.884237, 7496.853516>>
SCRIPT       : [JunkYardDog] -- Adding Salvage Point to <Land_Wreck_S1023_Beige<3c33e250>> at Pos <<4249.185547, 16.698997, 7597.793945>>
SCRIPT       : [JunkYardDog] -- Adding Fuel Point to <Land_Wreck_S1023_Beige<3c33e250>> at Pos <<4249.185547, 16.698997, 7597.793945>>
SCRIPT       : [JunkYardDog] -- Adding Salvage Point to <Static_Wreck_S120_Red<3bf9cc30>> at Pos <<4265.483887, 19.387880, 7486.074707>>
SCRIPT       : [JunkYardDog] -- Adding Fuel Point to <Static_Wreck_S120_Red<3bf9cc30>> at Pos <<4265.483887, 19.387880, 7486.074707>>
SCRIPT       : [JunkYardDog] -- Adding Salvage Point to <Land_Wreck_sed02_aban2_grey<3d9ad930>> at Pos <<4261.118652, 19.474199, 7486.989746>>
SCRIPT       : [JunkYardDog] -- Adding Fuel Point to <Land_Wreck_sed02_aban2_grey<3d9ad930>> at Pos <<4261.118652, 19.474199, 7486.989746>>
SCRIPT       : [JunkYardDog] -- Adding Salvage Point to <Land_Wreck_hb02_aban1_black<3d9af460>> at Pos <<4281.951660, 19.722244, 7484.952637>>
SCRIPT       : [JunkYardDog] -- Adding Fuel Point to <Land_Wreck_hb02_aban1_black<3d9af460>> at Pos <<4281.951660, 19.722244, 7484.952637>>
SCRIPT       : [JunkYardDog] -- Adding Salvage Point to <Land_Wreck_sed02_aban2_grey<3d9afd70>> at Pos <<4279.214844, 19.587339, 7496.015625>>
SCRIPT       : [JunkYardDog] -- Adding Fuel Point to <Land_Wreck_sed02_aban2_grey<3d9afd70>> at Pos <<4279.214844, 19.587339, 7496.015625>>
SCRIPT       : [JunkYardDog] -- Adding Salvage Point to <Land_Wreck_sed01_aban1_wine<3d9ae240>> at Pos <<4261.516113, 19.556200, 7496.758301>>
SCRIPT       : [JunkYardDog] -- Adding Fuel Point to <Land_Wreck_sed01_aban1_wine<3d9ae240>> at Pos <<4261.516113, 19.556200, 7496.758301>>
SCRIPT       : [JunkYardDog] -- Adding Salvage Point to <Land_Wreck_S1023_Blue<3d9b33d0>> at Pos <<4270.023438, 16.830133, 7565.314941>>
SCRIPT       : [JunkYardDog] -- Adding Fuel Point to <Land_Wreck_S1023_Blue<3d9b33d0>> at Pos <<4270.023438, 16.830133, 7565.314941>>
SCRIPT       : [JunkYardDog] -- Adding Salvage Point to <Land_Wreck_sed01_aban1_white<3d9ad020>> at Pos <<4312.214844, 16.733042, 7548.858398>>
SCRIPT       : [JunkYardDog] -- Adding Fuel Point to <Land_Wreck_sed01_aban1_white<3d9ad020>> at Pos <<4312.214844, 16.733042, 7548.858398>>
SCRIPT       : [JunkYardDog] -- Adding Salvage Point to <Land_Wreck_sed02_aban1_yellow<3d9b7340>> at Pos <<4311.563965, 16.818115, 7595.442383>>
SCRIPT       : [JunkYardDog] -- Adding Fuel Point to <Land_Wreck_sed02_aban1_yellow<3d9b7340>> at Pos <<4311.563965, 16.818115, 7595.442383>>
SCRIPT       : [JunkYardDog] -- Adding Salvage Point to <Land_Wreck_hb02_aban1_black<3d9b4f00>> at Pos <<4316.734375, 16.834013, 7602.237793>>
SCRIPT       : [JunkYardDog] -- Adding Fuel Point to <Land_Wreck_hb02_aban1_black<3d9b4f00>> at Pos <<4316.734375, 16.834013, 7602.237793>>
SCRIPT       : [JunkYardDog] -- Adding Salvage Point to <Land_Wreck_sed01_aban2_white<3d9bcde0>> at Pos <<4331.554688, 16.930853, 7537.391602>>
SCRIPT       : [JunkYardDog] -- Adding Fuel Point to <Land_Wreck_sed01_aban2_white<3d9bcde0>> at Pos <<4331.554688, 16.930853, 7537.391602>>
SCRIPT       : [JunkYardDog] -- Adding Salvage Point to <Land_Wreck_Lada_Green<3d9b9780>> at Pos <<4329.158203, 17.062387, 7589.322754>>
SCRIPT       : [JunkYardDog] -- Adding Fuel Point to <Land_Wreck_Lada_Green<3d9b9780>> at Pos <<4329.158203, 17.062387, 7589.322754>>
SCRIPT       : [JunkYardDog] -- Adding Salvage Point to <Land_Wreck_sed02_aban1_red<3d9b6a30>> at Pos <<4330.479980, 17.007681, 7612.112793>>
SCRIPT       : [JunkYardDog] -- Adding Fuel Point to <Land_Wreck_sed02_aban1_red<3d9b6a30>> at Pos <<4330.479980, 17.007681, 7612.112793>>
SCRIPT       : [JunkYardDog] -- Adding Salvage Point to <Land_Wreck_Volha_Blue<3d9be910>> at Pos <<4369.341309, 16.775286, 7573.703613>>
SCRIPT       : [JunkYardDog] -- Adding Fuel Point to <Land_Wreck_Volha_Blue<3d9be910>> at Pos <<4369.341309, 16.775286, 7573.703613>>
SCRIPT       : [JunkYardDog] -- Adding Salvage Point to <Land_Wreck_hb02_aban1_blue<3d9c1f70>> at Pos <<4357.938965, 16.869822, 7610.941406>>
SCRIPT       : [JunkYardDog] -- Adding Fuel Point to <Land_Wreck_hb02_aban1_blue<3d9c1f70>> at Pos <<4357.938965, 16.869822, 7610.941406>>
SCRIPT       : [JunkYardDog] -- Adding Salvage Point to <Static_Wreck_S120_Red<3bfbdb70>> at Pos <<4405.870605, 16.282368, 7605.106445>>
SCRIPT       : [JunkYardDog] -- Adding Fuel Point to <Static_Wreck_S120_Red<3bfbdb70>> at Pos <<4405.870605, 16.282368, 7605.106445>>
SCRIPT       : [JunkYardDog] -- Adding Salvage Point to <Land_wreck_truck01_aban1_green<3d9c8320>> at Pos <<2696.036133, 5.898561, 7460.806152>>
SCRIPT       : [JunkYardDog] -- Adding Fuel Point to <Land_wreck_truck01_aban1_green<3d9c8320>> at Pos <<2696.036133, 5.898561, 7460.806152>>
SCRIPT       : [JunkYardDog] -- Adding Salvage Point to <Land_Wreck_V3S<3d9c0d50>> at Pos <<4266.461426, 17.303036, 7641.594238>>
SCRIPT       : [JunkYardDog] -- Adding Fuel Point to <Land_Wreck_V3S<3d9c0d50>> at Pos <<4266.461426, 17.303036, 7641.594238>>
SCRIPT       : [JunkYardDog] -- Adding Salvage Point to <Land_Wreck_S1023_Beige<3d9c9540>> at Pos <<4281.707520, 16.910204, 7658.565430>>
SCRIPT       : [JunkYardDog] -- Adding Fuel Point to <Land_Wreck_S1023_Beige<3d9c9540>> at Pos <<4281.707520, 16.910204, 7658.565430>>
SCRIPT       : [JunkYardDog] -- Adding Salvage Point to <Static_Wreck_S120_Red<3fa68890>> at Pos <<4296.734375, 16.590328, 7661.869629>>
SCRIPT       : [JunkYardDog] -- Adding Fuel Point to <Static_Wreck_S120_Red<3fa68890>> at Pos <<4296.734375, 16.590328, 7661.869629>>
SCRIPT       : [JunkYardDog] -- Adding Salvage Point to <Land_Wreck_sed01_aban1_white<3d9cefe0>> at Pos <<4328.734863, 16.658754, 7655.370605>>
SCRIPT       : [JunkYardDog] -- Adding Fuel Point to <Land_Wreck_sed01_aban1_white<3d9cefe0>> at Pos <<4328.734863, 16.658754, 7655.370605>>
SCRIPT       : [JunkYardDog] -- Adding Salvage Point to <Land_Wreck_sed02_aban1_red<3d9cf8f0>> at Pos <<4340.870117, 16.698275, 7664.308105>>
SCRIPT       : [JunkYardDog] -- Adding Fuel Point to <Land_Wreck_sed02_aban1_red<3d9cf8f0>> at Pos <<4340.870117, 16.698275, 7664.308105>>
SCRIPT       : [JunkYardDog] -- Adding Salvage Point to <Land_Wreck_S1023_Beige<3d9d80e0>> at Pos <<4342.959473, 16.699135, 7686.888184>>
SCRIPT       : [JunkYardDog] -- Adding Fuel Point to <Land_Wreck_S1023_Beige<3d9d80e0>> at Pos <<4342.959473, 16.699135, 7686.888184>>
SCRIPT       : [JunkYardDog] -- Adding Salvage Point to <Land_Wreck_Uaz<3d9dae30>> at Pos <<4444.038574, 16.710466, 7654.342285>>
SCRIPT       : [JunkYardDog] -- Adding Fuel Point to <Land_Wreck_Uaz<3d9dae30>> at Pos <<4444.038574, 16.710466, 7654.342285>>
SCRIPT       : [JunkYardDog] -- Adding Salvage Point to <Land_Wreck_S1023_Blue<3d9e2400>> at Pos <<4462.250488, 16.698263, 7625.384277>>
SCRIPT       : [JunkYardDog] -- Adding Fuel Point to <Land_Wreck_S1023_Blue<3d9e2400>> at Pos <<4462.250488, 16.698263, 7625.384277>>
SCRIPT    (E): NULL pointer to instance
Class:      'Utopia_HeliCrashWreckBase'
Entity id:0

Function: 'EOnInit#1493305'
Stack trace:
utopia_patrol_helicopter_scripts/L4SbwPx4/ SuWu1KU /dntQGuBG/﻿﻿/L2ekv8u6/zZczjFyV/em9tiEfZ.x zUJN  :170 Function EOnInit#1493305
utopia_patrol_helicopter_scripts/L4SbwPx4/ SuWu1KU /dntQGuBG/﻿﻿/L2ekv8u6/zZczjFyV/em9tiEfZ.x zUJN  :152 Function Utopia_HeliCrashWreckBase@2720#315
utopia_patrol_helicopter_scripts/Cl Gtygh/ w0G dXkw/Y6Zo5Cqo/﻿/UwhiaPTs/L GbjNgl/xEVpKHFd.dcFNX  r:296 Function HeliExpl
utopia_patrol_helicopter_scripts/Cl Gtygh/ w0G dXkw/Y6Zo5Cqo/﻿/UwhiaPTs/L GbjNgl/xEVpKHFd.dcFNX  r:281 Function StartFall
scripts/3_Game/dayzgame.c:2919 Function OnUpdate
JM/CF/Scripts/3_Game/communityframework\game\dayzgame.c:46 Function OnUpdate
VPPAdminTools/3_Game/vppadmintools\vanillaplusplus.c:213 Function OnUpdate
DayZExpansion/Core/Scripts/3_Game/dayzexpansion_core\dayzgame.c:268 Function OnUpdate
SCRIPT       : [JunkYardDog] -- Adding Salvage Point to <Land_Wreck_S1023_Beige<3d9ea2e0>> at Pos <<4083.731934, 6.320822, 7799.924316>>
SCRIPT       : [JunkYardDog] -- Adding Fuel Point to <Land_Wreck_S1023_Beige<3d9ea2e0>> at Pos <<4083.731934, 6.320822, 7799.924316>>
SCRIPT       : [JunkYardDog] -- Adding Salvage Point to <Land_Wreck_sed02_aban1_red<3d9e90c0>> at Pos <<4137.145508, 5.555468, 7826.740723>>
SCRIPT       : [JunkYardDog] -- Adding Fuel Point to <Land_Wreck_sed02_aban1_red<3d9e90c0>> at Pos <<4137.145508, 5.555468, 7826.740723>>
SCRIPT       : [JunkYardDog] -- Adding Salvage Point to <Static_Wreck_Ural<400cace0>> at Pos <<4168.310547, 5.917594, 7830.168945>>
SCRIPT       : [JunkYardDog] -- Adding Fuel Point to <Static_Wreck_Ural<400cace0>> at Pos <<4168.310547, 5.917594, 7830.168945>>
SCRIPT       : [JunkYardDog] -- Adding Salvage Point to <Land_wreck_truck01_aban1_green<3e1411a0>> at Pos <<4181.087891, 4.862995, 7875.597168>>
SCRIPT       : [JunkYardDog] -- Adding Fuel Point to <Land_wreck_truck01_aban1_green<3e1411a0>> at Pos <<4181.087891, 4.862995, 7875.597168>>
SCRIPT       : [JunkYardDog] -- Adding Salvage Point to <Land_Wreck_hb02_aban1_black<3e140890>> at Pos <<4197.631348, 5.540404, 7792.269531>>
SCRIPT       : [JunkYardDog] -- Adding Fuel Point to <Land_Wreck_hb02_aban1_black<3e140890>> at Pos <<4197.631348, 5.540404, 7792.269531>>
SCRIPT       : [JunkYardDog] -- Adding Salvage Point to <Land_wreck_truck01_aban1_green<3e13ff80>> at Pos <<4214.380859, 4.810999, 7831.188477>>
SCRIPT       : [JunkYardDog] -- Adding Fuel Point to <Land_wreck_truck01_aban1_green<3e13ff80>> at Pos <<4214.380859, 4.810999, 7831.188477>>
SCRIPT       : [JunkYardDog] -- Adding Salvage Point to <Land_Wreck_Tractor<3e13c920>> at Pos <<4225.777832, 5.837431, 7788.625488>>
SCRIPT       : [JunkYardDog] -- Adding Fuel Point to <Land_Wreck_Tractor<3e13c920>> at Pos <<4225.777832, 5.837431, 7788.625488>>
SCRIPT       : [JunkYardDog] -- Adding Salvage Point to <Land_wreck_truck01_aban1_green<3e14abb0>> at Pos <<4245.431641, 4.730000, 7863.156250>>
SCRIPT       : [JunkYardDog] -- Adding Fuel Point to <Land_wreck_truck01_aban1_green<3e14abb0>> at Pos <<4245.431641, 4.730000, 7863.156250>>
SCRIPT       : [JunkYardDog] -- Adding Salvage Point to <Land_Wreck_hb01_aban2_green<3e145a20>> at Pos <<4307.068848, 5.754632, 7881.595215>>
SCRIPT       : [JunkYardDog] -- Adding Fuel Point to <Land_Wreck_hb01_aban2_green<3e145a20>> at Pos <<4307.068848, 5.754632, 7881.595215>>
SCRIPT       : [JunkYardDog] -- Adding Salvage Point to <Land_Wreck_Volha_Grey<3e14fd40>> at Pos <<4532.113281, 5.781962, 7885.653320>>
SCRIPT       : [JunkYardDog] -- Adding Fuel Point to <Land_Wreck_Volha_Grey<3e14fd40>> at Pos <<4532.113281, 5.781962, 7885.653320>>
SCRIPT       : [JunkYardDog] -- Adding Salvage Point to <Static_Wreck_Ural<4008f780>> at Pos <<4664.966797, 6.799992, 7887.483398>>
SCRIPT       : [JunkYardDog] -- Adding Fuel Point to <Static_Wreck_Ural<4008f780>> at Pos <<4664.966797, 6.799992, 7887.483398>>
SCRIPT       : [JunkYardDog] -- Adding Salvage Point to <Land_Wreck_Volha_Blue<3e1679e0>> at Pos <<4495.360840, 6.375356, 7874.011719>>
SCRIPT       : [JunkYardDog] -- Adding Fuel Point to <Land_Wreck_Volha_Blue<3e1679e0>> at Pos <<4495.360840, 6.375356, 7874.011719>>
SCRIPT       : [JunkYardDog] -- Adding Salvage Point to <Land_Wreck_sed02_aban1_grey<3e16efb0>> at Pos <<1760.719727, 22.384274, 7427.036133>>
SCRIPT       : [JunkYardDog] -- Adding Fuel Point to <Land_Wreck_sed02_aban1_grey<3e16efb0>> at Pos <<1760.719727, 22.384274, 7427.036133>>
SCRIPT       : [JunkYardDog] -- Adding Salvage Point to <Land_Wreck_hb01_aban2_blue<3ba93820>> at Pos <<1142.511230, 29.430910, 7013.259766>>
SCRIPT       : [JunkYardDog] -- Adding Fuel Point to <Land_Wreck_hb01_aban2_blue<3ba93820>> at Pos <<1142.511230, 29.430910, 7013.259766>>
SCRIPT    (E): failed to spawn entity ScrapRubber , make sure the classname exists and item can be spawned
Class:      'TerjeCustomRecipe'
Function: 'Error'
Stack trace:
scripts/1_Core/proto\endebug.c:92 Function Error
scripts/4_World/classes\recipes\recipebase.c:260 Function SpawnItems
scripts/4_World/classes\recipes\recipebase.c:532 Function PerformRecipe
TerjeCore/Scripts/4_World/9c59ba8e0b23494a965aeb76f546e79a.c:337 Function PerformRecipe
scripts/4_World/plugins\pluginbase\pluginrecipesmanager.c:337 Function PerformRecipeServer
scripts/4_World/classes\useractionscomponent\actions\continuous\actionworldcraft.c:187 Function OnFinishProgressServer
scripts/4_World/classes\useractionscomponent\actions\actioncontinuousbase.c:251 Function OnFinishProgress
DayZExpansion/Core/Scripts/4_World/dayzexpansion_core\classes\useractionscomponent\actions\actioncontinuousbase.c:25 Function OnFinishProgress
scripts/4_World/classes\useractionscomponent\actioncomponents\cacontinuousbase.c:12 Function OnCompletePogress
scripts/4_World/classes\useractionscomponent\actioncomponents\cacontinuouscraft.c:54 Function Execute
scripts/4_World/classes\useractionscomponent\animatedactionbase.c:74 Function ProgressActionComponent
scripts/4_World/classes\useractionscomponent\animatedactionbase.c:408 Function Do
scripts/4_World/classes\useractionscomponent\actions\actioncontinuousbase.c:23 Function CancelCondition
SCRIPT       : [TERJE CORE](INFO): Profile 'R5KkZb3Ywicboa8ntCzbBJK6WLpakj_6yA-ghmDo4lw=' saved to database.
SCRIPT       : =============== WARNING ===============
SCRIPT       : [TerjeMedicine]: You are using the trial version of the 'Terje Medicine' mod.
SCRIPT       : [TerjeMedicine]: To remove this message and watermark - please buy license on terjehub.com
SCRIPT       : =======================================
SCRIPT       : =============== WARNING ===============
SCRIPT       : [TerjeSkills]: You are using the trial version of the 'Terje Skills' mod.
SCRIPT       : [TerjeSkills]: To remove this message and watermark - please buy license on terjehub.com
SCRIPT       : =======================================
SCRIPT       : [TERJE CORE](INFO): Profile 'R5KkZb3Ywicboa8ntCzbBJK6WLpakj_6yA-ghmDo4lw=' saved to database.
SCRIPT       : =============== WARNING ===============
SCRIPT       : [TerjeMedicine]: You are using the trial version of the 'Terje Medicine' mod.
SCRIPT       : [TerjeMedicine]: To remove this message and watermark - please buy license on terjehub.com
SCRIPT       : =======================================
SCRIPT       : =============== WARNING ===============
SCRIPT       : [TerjeSkills]: You are using the trial version of the 'Terje Skills' mod.
SCRIPT       : [TerjeSkills]: To remove this message and watermark - please buy license on terjehub.com
SCRIPT       : =======================================
SCRIPT       : [JunkYardDog] -- Adding Salvage Point to <Land_Wreck_hb01_aban2_green<3baa0890>> at Pos <<2609.157471, 45.210857, 5972.065918>>
SCRIPT       : [JunkYardDog] -- Adding Fuel Point to <Land_Wreck_hb01_aban2_green<3baa0890>> at Pos <<2609.157471, 45.210857, 5972.065918>>
SCRIPT       : [JunkYardDog] -- Adding Salvage Point to <Land_Wreck_hb01_aban2_green<3baa2cd0>> at Pos <<2673.965576, 44.870831, 5793.650879>>
SCRIPT       : [JunkYardDog] -- Adding Fuel Point to <Land_Wreck_hb01_aban2_green<3baa2cd0>> at Pos <<2673.965576, 44.870831, 5793.650879>>
SCRIPT       : [JunkYardDog] -- Adding Salvage Point to <Static_Wreck_HMMWV<38fa8680>> at Pos <<2666.219971, 44.847099, 5800.727539>>
SCRIPT       : [JunkYardDog] -- Adding Fuel Point to <Static_Wreck_HMMWV<38fa8680>> at Pos <<2666.219971, 44.847099, 5800.727539>>
SCRIPT       : [JunkYardDog] -- Adding Salvage Point to <Land_Wreck_sed02_aban1_red<3baa35e0>> at Pos <<2659.995361, 44.801193, 5807.961426>>
SCRIPT       : [JunkYardDog] -- Adding Fuel Point to <Land_Wreck_sed02_aban1_red<3baa35e0>> at Pos <<2659.995361, 44.801193, 5807.961426>>
SCRIPT       : [JunkYardDog] -- Adding Salvage Point to <Static_Wreck_HMMWV<38f74850>> at Pos <<2646.334229, 44.847099, 5851.226563>>
SCRIPT       : [JunkYardDog] -- Adding Fuel Point to <Static_Wreck_HMMWV<38f74850>> at Pos <<2646.334229, 44.847099, 5851.226563>>
SCRIPT       : string ammo = 'FallDamageHealth'
SCRIPT       : [JunkYardDog] -- Adding Salvage Point to <Land_Wreck_S1023_Blue<3ba6eb10>> at Pos <<2727.486084, 44.938980, 5785.161621>>
SCRIPT       : [JunkYardDog] -- Adding Fuel Point to <Land_Wreck_S1023_Blue<3ba6eb10>> at Pos <<2727.486084, 44.938980, 5785.161621>>
SCRIPT       : [JunkYardDog] -- Adding Salvage Point to <Land_Wreck_hb02_aban2_black<3ba70640>> at Pos <<2723.134277, 44.643723, 5779.775879>>
SCRIPT       : [JunkYardDog] -- Adding Fuel Point to <Land_Wreck_hb02_aban2_black<3ba70640>> at Pos <<2723.134277, 44.643723, 5779.775879>>
SCRIPT       : string ammo = 'FallDamageHealth'
SCRIPT       : string ammo = 'Bullet_22'
SCRIPT       : string ammo = 'Bullet_22'
SCRIPT       : string ammo = 'FallDamageHealth'
SCRIPT       : string ammo = 'LandFuelFeed_Ammo'
SCRIPT       : string ammo = 'LandFuelFeed_Ammo'
SCRIPT       : string ammo = 'LandFuelFeed_Ammo'
SCRIPT       : string ammo = 'LandFuelFeed_Ammo'
SCRIPT       : string ammo = 'LandFuelFeed_Ammo'
SCRIPT       : string ammo = 'LandFuelFeed_Ammo'
SCRIPT       : string ammo = 'LandFuelFeed_Ammo'
SCRIPT       : string ammo = 'FallDamageHealth'
SCRIPT       : string ammo = 'MeleeFist'
SCRIPT       : string ammo = 'MeleeFist'
SCRIPT       : string ammo = 'MeleeFist'
SCRIPT       : string ammo = 'MeleeFist'
SCRIPT       : string ammo = 'MeleeFist'
SCRIPT       : string ammo = 'MeleeFist'
SCRIPT       : string ammo = 'MeleeFist'
SCRIPT       : string ammo = 'FallDamageHealth'
SCRIPT       : string ammo = 'FallDamageShock'
SCRIPT       : string ammo = 'MeleeFist'
SCRIPT       : string ammo = 'MeleeFist'
SCRIPT       : string ammo = 'MeleeFist'
SCRIPT       : string ammo = 'MeleeFist'
SCRIPT       : string ammo = 'MeleeFist'
SCRIPT       : string ammo = 'MeleeFist'
SCRIPT       : string ammo = 'MeleeFist'
SCRIPT       : string ammo = 'MeleeFist'
SCRIPT       : string ammo = 'MeleeFist'
SCRIPT       : string ammo = 'FallDamageHealth'
SCRIPT       : string ammo = 'FallDamageShock'
SCRIPT       : =============== WARNING ===============
SCRIPT       : [TerjeMedicine]: You are using the trial version of the 'Terje Medicine' mod.
SCRIPT       : [TerjeMedicine]: To remove this message and watermark - please buy license on terjehub.com
SCRIPT       : =======================================
SCRIPT       : string ammo = 'FallDamageShock'
SCRIPT       : string ammo = 'MeleeFist'
SCRIPT       : string ammo = 'MeleeFist'
SCRIPT       : string ammo = 'MeleeFist'
SCRIPT       : string ammo = 'MeleeFist'
SCRIPT       : string ammo = 'MeleeFist'
SCRIPT       : string ammo = 'MeleeFist'
SCRIPT       : string ammo = 'LandFuelFeed_Ammo'
SCRIPT       : string ammo = 'LandFuelFeed_Ammo'
SCRIPT       : string ammo = 'LandFuelFeed_Ammo'
SCRIPT       : string ammo = 'LandFuelFeed_Ammo'
SCRIPT       : string ammo = 'Bullet_22'
SCRIPT       : string ammo = 'Bullet_22'
SCRIPT       : string ammoType = 'Bullet_22'
SCRIPT       : string ammo = 'MeleeFist'
SCRIPT       : string ammo = 'MeleeFist'
SCRIPT       : =============== WARNING ===============
SCRIPT       : [TerjeSkills]: You are using the trial version of the 'Terje Skills' mod.
SCRIPT       : [TerjeSkills]: To remove this message and watermark - please buy license on terjehub.com
SCRIPT       : =======================================
SCRIPT       : string ammo = 'MeleeFist'
SCRIPT       : string ammo = 'MeleeFist'
SCRIPT       : string ammo = 'MeleeFist'
SCRIPT       : string ammo = 'LandFuelFeed_Ammo'
SCRIPT       : string ammo = 'LandFuelFeed_Ammo'
SCRIPT       : string ammo = 'LandFuelFeed_Ammo'
SCRIPT       : string ammo = 'Bullet_22'
SCRIPT       : string ammo = 'Bullet_22'
SCRIPT       : [JunkYardDog] -- Adding Salvage Point to <Land_Wreck_sed01_aban2_wine<3ba72170>> at Pos <<2613.298340, 45.163254, 6050.470215>>
SCRIPT       : [JunkYardDog] -- Adding Fuel Point to <Land_Wreck_sed01_aban2_wine<3ba72170>> at Pos <<2613.298340, 45.163254, 6050.470215>>
SCRIPT       : string ammoType = 'Bullet_22'
SCRIPT       : string ammo = 'Bullet_22'
SCRIPT       : string ammo = 'Bullet_22'
SCRIPT       : string ammo = 'Bullet_22'
SCRIPT       : string ammo = 'Bullet_22'
SCRIPT       : string ammoType = 'Bullet_22'
SCRIPT       : string ammo = 'Bullet_22'
SCRIPT       : string ammoType = 'Bullet_22'
SCRIPT       : string ammo = 'Bullet_22'
SCRIPT       : string ammo = 'Bullet_22'
SCRIPT       : string ammo = 'Bullet_22'
SCRIPT       : string ammoType = 'Bullet_22'
SCRIPT       : string ammo = 'Bullet_22'
SCRIPT       : Land_Tank_Medium_Stairs was killed by Saiga
SCRIPT       : Land_Tank_Medium_Stairs was killed by Saiga
SCRIPT       : string ammoType = 'Bullet_12GaugePellets'
SCRIPT       : string ammoType = 'Bullet_12GaugePellets'
SCRIPT       : string ammo = 'Bullet_12GaugePellets'
SCRIPT       : string ammo = 'LandFuelFeed_Ammo'
SCRIPT       : string ammo = 'Bullet_12GaugePellets'
SCRIPT       : string ammo = 'Bullet_12GaugePellets'
SCRIPT       : string ammo = 'Bullet_12GaugePellets'
SCRIPT       : string ammo = 'Bullet_12GaugePellets'
SCRIPT       : string ammo = 'Bullet_12GaugePellets'
SCRIPT       : string ammo = 'Bullet_12GaugePellets'
SCRIPT       : string ammo = 'Bullet_12GaugePellets'
SCRIPT       : string ammo = 'Bullet_12GaugePellets'
SCRIPT       : string ammoType = 'Bullet_12GaugePellets'
SCRIPT       : string ammoType = 'Bullet_12GaugePellets'
SCRIPT       : string ammoType = 'Bullet_12GaugePellets'
SCRIPT       : string ammoType = 'Bullet_12GaugePellets'
SCRIPT       : string ammoType = 'Bullet_12GaugePellets'
SCRIPT       : string ammo = 'Bullet_12GaugePellets'
SCRIPT       : string ammoType = 'Bullet_12GaugePellets'
SCRIPT       : string ammo = 'Bullet_12GaugePellets'
SCRIPT       : string ammo = 'Bullet_12GaugePellets'
SCRIPT       : string ammo = 'Bullet_22'
SCRIPT       : string ammoType = 'Bullet_12GaugePellets'
SCRIPT       : string ammo = 'Bullet_12GaugePellets'
SCRIPT       : string ammo = 'Bullet_12GaugePellets'
SCRIPT       : string ammo = 'Bullet_12GaugePellets'
SCRIPT       : string ammo = 'Bullet_12GaugePellets'
SCRIPT       : string ammo = 'Bullet_12GaugePellets'
SCRIPT       : string ammo = 'Bullet_12GaugePellets'
SCRIPT       : string ammo = 'Bullet_12GaugePellets'
SCRIPT       : string ammo = 'Bullet_12GaugePellets'
SCRIPT       : string ammo = 'Bullet_12GaugePellets'
SCRIPT       : string ammoType = 'Bullet_12GaugePellets'
SCRIPT       : string ammoType = 'Bullet_12GaugePellets'
SCRIPT       : string ammo = 'Bullet_12GaugePellets'
SCRIPT       : string ammo = 'Bullet_12GaugePellets'
SCRIPT       : string ammo = 'Bullet_12GaugePellets'
SCRIPT       : string ammo = 'Bullet_12GaugePellets'
SCRIPT       : string ammoType = 'Bullet_12GaugePellets'
SCRIPT       : string ammo = 'Bullet_12GaugePellets'
SCRIPT       : string ammo = 'Bullet_12GaugePellets'
SCRIPT       : string ammoType = 'Bullet_12GaugePellets'
SCRIPT       : string ammo = 'Bullet_12GaugePellets'
SCRIPT       : string ammo = 'Bullet_12GaugePellets'
SCRIPT       : [TERJE CORE](INFO): Profile 'R5KkZb3Ywicboa8ntCzbBJK6WLpakj_6yA-ghmDo4lw=' saved to database.
SCRIPT       : string ammo = 'FallDamageShock'
SCRIPT       : string ammo = 'FallDamageShock'
SCRIPT       : string ammo = 'FallDamageHealth'
SCRIPT       : string ammo = 'FallDamageHealth'
SCRIPT       : string ammo = 'FallDamageShock'
SCRIPT       : string ammo = 'FallDamageHealth'
SCRIPT       : =============== WARNING ===============
SCRIPT       : [TerjeMedicine]: You are using the trial version of the 'Terje Medicine' mod.
SCRIPT       : [TerjeMedicine]: To remove this message and watermark - please buy license on terjehub.com
SCRIPT       : =======================================
SCRIPT       : =============== WARNING ===============
SCRIPT       : [TerjeSkills]: You are using the trial version of the 'Terje Skills' mod.
SCRIPT       : [TerjeSkills]: To remove this message and watermark - please buy license on terjehub.com
SCRIPT       : =======================================
SCRIPT       : string ammo = 'Bullet_12GaugePellets'
SCRIPT       : string ammo = 'Bullet_12GaugePellets'
SCRIPT       : string ammoType = 'Bullet_12GaugePellets'
SCRIPT       : string ammo = 'Bullet_12GaugePellets'
SCRIPT       : string ammo = 'Bullet_12GaugePellets'
SCRIPT       : string ammoType = 'Bullet_12GaugePellets'
SCRIPT       : string ammo = 'Bullet_12GaugePellets'
SCRIPT       : string ammo = 'Bullet_12GaugePellets'
SCRIPT       : string ammo = 'Bullet_12GaugePellets'
SCRIPT       : string ammoType = 'Bullet_45ACP'
SCRIPT       : string ammoType = 'Bullet_45ACP'
SCRIPT       : string ammoType = 'Bullet_45ACP'
SCRIPT       : [JunkYardDog] -- Adding Salvage Point to <Land_wreck_truck01_aban1_orange<3ba7a050>> at Pos <<5919.111328, 55.759144, 4812.186035>>
SCRIPT       : [JunkYardDog] -- Adding Fuel Point to <Land_wreck_truck01_aban1_orange<3ba7a050>> at Pos <<5919.111328, 55.759144, 4812.186035>>
SCRIPT       : string ammoType = 'Bullet_45ACP'
SCRIPT       : 18:20:00.277 [EXPANSION DEBUG]: eAI_SurvivorF_Judy<3d9a7010> Weapon_Reloading - Reloading - failed (1)
SCRIPT       : string ammoType = 'Bullet_45ACP'
SCRIPT       : string ammoType = 'Bullet_12GaugePellets'
SCRIPT       : string ammoType = 'Bullet_45ACP'
SCRIPT       : string ammoType = 'Bullet_12GaugePellets'
SCRIPT       : string ammo = 'Bullet_12GaugePellets'
SCRIPT       : string ammo = 'Bullet_12GaugePellets'
SCRIPT       : string ammo = 'Bullet_12GaugePellets'
SCRIPT       : string ammo = 'Bullet_12GaugePellets'
SCRIPT       : string ammo = 'Bullet_12GaugePellets'
SCRIPT       : string ammo = 'Bullet_12GaugePellets'
SCRIPT       : [JunkYardDog] -- Adding Salvage Point to <Land_Wreck_sed01_aban1_wine<3ba870c0>> at Pos <<4049.510986, 20.435225, 7460.453613>>
SCRIPT       : [JunkYardDog] -- Adding Fuel Point to <Land_Wreck_sed01_aban1_wine<3ba870c0>> at Pos <<4049.510986, 20.435225, 7460.453613>>
SCRIPT       : [JunkYardDog] -- Adding Salvage Point to <Land_Wreck_sed02_aban2_grey<3ba867b0>> at Pos <<4125.932617, 18.572529, 7473.500000>>
SCRIPT       : [JunkYardDog] -- Adding Fuel Point to <Land_Wreck_sed02_aban2_grey<3ba867b0>> at Pos <<4125.932617, 18.572529, 7473.500000>>
SCRIPT       : [JunkYardDog] -- Adding Salvage Point to <Land_Wreck_sed01_aban1_wine<3ba85ea0>> at Pos <<4102.864258, 18.968386, 7466.723145>>
SCRIPT       : [JunkYardDog] -- Adding Fuel Point to <Land_Wreck_sed01_aban1_wine<3ba85ea0>> at Pos <<4102.864258, 18.968386, 7466.723145>>
SCRIPT       : [JunkYardDog] -- Adding Salvage Point to <Static_Wreck_S120_Red<2fe48e80>> at Pos <<3979.441895, 19.399769, 7494.562500>>
SCRIPT       : [JunkYardDog] -- Adding Fuel Point to <Static_Wreck_S120_Red<2fe48e80>> at Pos <<3979.441895, 19.399769, 7494.562500>>
SCRIPT       : [JunkYardDog] -- Adding Salvage Point to <Static_Wreck_S120_Red<2fe56ed0>> at Pos <<4106.911621, 19.022961, 7493.916016>>
SCRIPT       : [JunkYardDog] -- Adding Fuel Point to <Static_Wreck_S120_Red<2fe56ed0>> at Pos <<4106.911621, 19.022961, 7493.916016>>
SCRIPT       : [JunkYardDog] -- Adding Salvage Point to <Land_Wreck_sed02_aban2_grey<3ba882e0>> at Pos <<4114.941895, 18.991508, 7496.361816>>
SCRIPT       : [JunkYardDog] -- Adding Fuel Point to <Land_Wreck_sed02_aban2_grey<3ba882e0>> at Pos <<4114.941895, 18.991508, 7496.361816>>
SCRIPT       : [JunkYardDog] -- Adding Salvage Point to <Static_Wreck_S120_Red<2fe51940>> at Pos <<4103.729492, 20.205074, 7544.099609>>
SCRIPT       : [JunkYardDog] -- Adding Fuel Point to <Static_Wreck_S120_Red<2fe51940>> at Pos <<4103.729492, 20.205074, 7544.099609>>
SCRIPT       : [JunkYardDog] -- Adding Salvage Point to <Land_Wreck_sed01_aban1_black<2fd08070>> at Pos <<4090.296387, 19.700535, 7334.300293>>
SCRIPT       : [JunkYardDog] -- Adding Fuel Point to <Land_Wreck_sed01_aban1_black<2fd08070>> at Pos <<4090.296387, 19.700535, 7334.300293>>
SCRIPT       : [JunkYardDog] -- Adding Salvage Point to <Land_Wreck_sed01_aban1_black<2fd0ff50>> at Pos <<4087.878906, 19.762743, 7338.177246>>
SCRIPT       : [JunkYardDog] -- Adding Fuel Point to <Land_Wreck_sed01_aban1_black<2fd0ff50>> at Pos <<4087.878906, 19.762743, 7338.177246>>
SCRIPT       : [JunkYardDog] -- Adding Salvage Point to <Land_Wreck_Lada_Green<2fd08980>> at Pos <<4188.168457, 17.092762, 7616.029297>>
SCRIPT       : [JunkYardDog] -- Adding Fuel Point to <Land_Wreck_Lada_Green<2fd08980>> at Pos <<4188.168457, 17.092762, 7616.029297>>
SCRIPT       : [JunkYardDog] -- Adding Salvage Point to <Land_Wreck_S1023_Beige<2fd0e420>> at Pos <<4194.942383, 16.742039, 7675.369629>>
SCRIPT       : [JunkYardDog] -- Adding Fuel Point to <Land_Wreck_S1023_Beige<2fd0e420>> at Pos <<4194.942383, 16.742039, 7675.369629>>
SCRIPT       : [JunkYardDog] -- Adding Salvage Point to <Static_Wreck_S120_Red<38d70ed0>> at Pos <<4244.800781, 16.282671, 7656.051758>>
SCRIPT       : [JunkYardDog] -- Adding Fuel Point to <Static_Wreck_S120_Red<38d70ed0>> at Pos <<4244.800781, 16.282671, 7656.051758>>
SCRIPT       : [JunkYardDog] -- Adding Salvage Point to <Land_wreck_truck01_aban1_orange<2fd09290>> at Pos <<4188.354980, 15.747185, 7659.596680>>
SCRIPT       : [JunkYardDog] -- Adding Fuel Point to <Land_wreck_truck01_aban1_orange<2fd09290>> at Pos <<4188.354980, 15.747185, 7659.596680>>
SCRIPT       : [JunkYardDog] -- Adding Salvage Point to <Land_Wreck_sed01_aban2_white<2fd09ba0>> at Pos <<4172.202148, 16.513315, 7667.091797>>
SCRIPT       : [JunkYardDog] -- Adding Fuel Point to <Land_Wreck_sed01_aban2_white<2fd09ba0>> at Pos <<4172.202148, 16.513315, 7667.091797>>
SCRIPT       : [JunkYardDog] -- Adding Salvage Point to <Static_Wreck_Ural<38d83920>> at Pos <<4490.464355, 16.544737, 7790.481934>>
SCRIPT       : [JunkYardDog] -- Adding Fuel Point to <Static_Wreck_Ural<38d83920>> at Pos <<4490.464355, 16.544737, 7790.481934>>
SCRIPT       : [JunkYardDog] -- Adding Salvage Point to <Static_Wreck_Ural<38d8d410>> at Pos <<6103.947754, 9.337444, 2702.750000>>
SCRIPT       : [JunkYardDog] -- Adding Fuel Point to <Static_Wreck_Ural<38d8d410>> at Pos <<6103.947754, 9.337444, 2702.750000>>
SCRIPT       : [JunkYardDog] -- Adding Salvage Point to <Land_Wreck_Uaz<2fd16300>> at Pos <<6100.897461, 8.993074, 2709.615234>>
SCRIPT       : [JunkYardDog] -- Adding Fuel Point to <Land_Wreck_Uaz<2fd16300>> at Pos <<6100.897461, 8.993074, 2709.615234>>
SCRIPT       : [JunkYardDog] -- Adding Salvage Point to <Land_Wreck_V3S<2fd150e0>> at Pos <<6087.577148, 9.719950, 2692.389893>>
SCRIPT       : [JunkYardDog] -- Adding Fuel Point to <Land_Wreck_V3S<2fd150e0>> at Pos <<6087.577148, 9.719950, 2692.389893>>
SCRIPT       : [JunkYardDog] -- Adding Salvage Point to <Static_Wreck_HMMWV<38d9bda0>> at Pos <<6141.581055, 9.056951, 2713.898438>>
SCRIPT       : [JunkYardDog] -- Adding Fuel Point to <Static_Wreck_HMMWV<38d9bda0>> at Pos <<6141.581055, 9.056951, 2713.898438>>
SCRIPT       : [JunkYardDog] -- Adding Salvage Point to <Land_Wreck_hb01_aban2_green<2fd21840>> at Pos <<4149.727539, 16.452835, 7648.530762>>
SCRIPT       : [JunkYardDog] -- Adding Fuel Point to <Land_Wreck_hb01_aban2_green<2fd21840>> at Pos <<4149.727539, 16.452835, 7648.530762>>
SCRIPT       : [JunkYardDog] -- Adding Salvage Point to <Land_Wreck_hb02_aban1_black<2fd23370>> at Pos <<4152.816406, 18.649822, 7481.583984>>
SCRIPT       : [JunkYardDog] -- Adding Fuel Point to <Land_Wreck_hb02_aban1_black<2fd23370>> at Pos <<4152.816406, 18.649822, 7481.583984>>
SCRIPT       : [JunkYardDog] -- Adding Salvage Point to <Land_Wreck_sed02_aban1_red<2fd1eaf0>> at Pos <<4153.905273, 18.748653, 7508.145020>>
SCRIPT       : [JunkYardDog] -- Adding Fuel Point to <Land_Wreck_sed02_aban1_red<2fd1eaf0>> at Pos <<4153.905273, 18.748653, 7508.145020>>
SCRIPT       : string ammo = 'FallDamageShock'
SCRIPT       : string ammoType = 'Bullet_12GaugePellets'
SCRIPT       : string ammoType = 'Bullet_12GaugePellets'
SCRIPT       : string ammoType = 'Bullet_12GaugePellets'
SCRIPT       : string ammoType = 'Bullet_12GaugePellets'
SCRIPT       : string ammoType = 'Bullet_12GaugePellets'
SCRIPT       : string ammoType = 'Bullet_12GaugePellets'
SCRIPT       : string ammoType = 'Bullet_12GaugePellets'
SCRIPT       : string ammoType = 'Bullet_12GaugePellets'
SCRIPT       : [TERJE CORE](INFO): Profile 'R5KkZb3Ywicboa8ntCzbBJK6WLpakj_6yA-ghmDo4lw=' saved to database.
SCRIPT       : string ammo = 'Bullet_12GaugePellets'
SCRIPT       : string ammo = 'Bullet_12GaugePellets'
SCRIPT       : string ammo = 'Bullet_12GaugePellets'
SCRIPT       : string ammo = 'Bullet_12GaugePellets'
SCRIPT       : string ammo = 'Bullet_12GaugePellets'
SCRIPT       : string ammo = 'Bullet_12GaugePellets'
SCRIPT       : string ammo = 'Bullet_12GaugePellets'
SCRIPT       : string ammo = 'Bullet_12GaugePellets'
SCRIPT       : string ammo = 'Bullet_12GaugePellets'
SCRIPT       : string ammo = 'Bullet_12GaugePellets'
SCRIPT       : string ammo = 'Bullet_12GaugePellets'
SCRIPT       : string ammo = 'Bullet_12GaugePellets'
SCRIPT       : string ammo = 'Bullet_12GaugePellets'
SCRIPT       : string ammo = 'Bullet_12GaugePellets'
SCRIPT       : string ammo = 'Bullet_12GaugePellets'
SCRIPT       : string ammo = 'Bullet_12GaugePellets'
SCRIPT       : string ammo = 'Bullet_12GaugePellets'
SCRIPT       : string ammo = 'Bullet_12GaugePellets'
SCRIPT       : string ammo = 'Bullet_12GaugePellets'
SCRIPT       : string ammo = 'Bullet_12GaugePellets'
SCRIPT       : string ammo = 'Bullet_12GaugePellets'
SCRIPT       : string ammo = 'Bullet_12GaugePellets'
SCRIPT       : string ammo = 'Bullet_12GaugePellets'
SCRIPT       : string ammo = 'Bullet_12GaugePellets'
SCRIPT       : string ammoType = 'Bullet_12GaugePellets'
SCRIPT       : string ammo = 'Bullet_12GaugePellets'
SCRIPT       : string ammo = 'Bullet_12GaugePellets'
SCRIPT       : string ammo = 'Bullet_12GaugePellets'
SCRIPT       : string ammo = 'Bullet_12GaugePellets'
SCRIPT       : string ammo = 'Bullet_12GaugePellets'
SCRIPT       : string ammo = 'Bullet_12GaugePellets'
SCRIPT       : string ammo = 'Bullet_12GaugePellets'
SCRIPT       : string ammoType = 'Bullet_12GaugePellets'
SCRIPT       : string ammo = 'Bullet_12GaugePellets'
SCRIPT       : string ammo = 'Bullet_12GaugePellets'
SCRIPT       : string ammo = 'Bullet_12GaugePellets'
SCRIPT       : string ammo = 'Bullet_12GaugePellets'
SCRIPT       : string ammoType = 'Bullet_12GaugePellets'
SCRIPT       : string ammo = 'Bullet_12GaugePellets'
SCRIPT       : string ammo = 'Bullet_12GaugePellets'
SCRIPT       : string ammo = 'Bullet_12GaugePellets'
SCRIPT       : string ammo = 'Bullet_12GaugePellets'
SCRIPT       : string ammo = 'Bullet_12GaugePellets'
SCRIPT       : string ammo = 'Bullet_12GaugePellets'
SCRIPT       : string ammoType = 'Bullet_12GaugePellets'
SCRIPT       : string ammo = 'Bullet_12GaugePellets'
SCRIPT       : string ammo = 'Bullet_12GaugePellets'
SCRIPT       : string ammo = 'Bullet_12GaugePellets'
SCRIPT       : string ammo = 'Bullet_12GaugePellets'
SCRIPT       : string ammo = 'Bullet_12GaugePellets'
SCRIPT       : string ammo = 'Bullet_12GaugePellets'
SCRIPT       : string ammo = 'Bullet_12GaugePellets'
SCRIPT       : string ammo = 'Bullet_12GaugePellets'
SCRIPT       : string ammo = 'Bullet_12GaugePellets'
SCRIPT       : string ammoType = 'Bullet_12GaugePellets'
SCRIPT       : string ammoType = 'Bullet_12GaugePellets'
SCRIPT       : string ammo = 'Bullet_12GaugePellets'
SCRIPT       : string ammo = 'Bullet_12GaugePellets'
SCRIPT       : string ammo = 'Bullet_12GaugePellets'
SCRIPT       : string ammo = 'Bullet_12GaugePellets'
SCRIPT       : string ammo = 'Bullet_12GaugePellets'
SCRIPT       : string ammo = 'Bullet_12GaugePellets'
SCRIPT       : string ammo = 'Bullet_12GaugePellets'
SCRIPT       : string ammo = 'Bullet_12GaugePellets'
SCRIPT       : string ammo = 'Bullet_12GaugePellets'
SCRIPT       : string ammo = 'Bullet_12GaugePellets'
SCRIPT       : string ammo = 'Bullet_12GaugePellets'
SCRIPT       : string ammo = 'Bullet_12GaugePellets'
SCRIPT       : string ammo = 'Bullet_12GaugePellets'
SCRIPT       : string ammo = 'Bullet_12GaugePellets'
SCRIPT       : string ammo = 'Bullet_12GaugePellets'
SCRIPT       : string ammo = 'Bullet_12GaugePellets'
SCRIPT       : string ammo = 'Bullet_12GaugePellets'
SCRIPT       : string ammo = 'Bullet_12GaugePellets'
SCRIPT       : string ammo = 'Bullet_12GaugePellets'
SCRIPT       : string ammo = 'Bullet_12GaugePellets'
SCRIPT       : string ammoType = 'Bullet_12GaugePellets'
SCRIPT       : string ammo = 'Bullet_12GaugePellets'
SCRIPT       : string ammo = 'Bullet_12GaugePellets'
SCRIPT       : string ammo = 'Bullet_12GaugePellets'
SCRIPT       : string ammo = 'Bullet_12GaugePellets'
SCRIPT       : string ammo = 'Bullet_12GaugePellets'
SCRIPT       : string ammo = 'Bullet_12GaugePellets'
SCRIPT       : string ammo = 'Bullet_12GaugePellets'
SCRIPT       : string ammoType = 'Bullet_12GaugePellets'
SCRIPT       : string ammo = 'Bullet_12GaugePellets'
SCRIPT       : string ammo = 'Bullet_12GaugePellets'
SCRIPT       : string ammo = 'Bullet_12GaugePellets'
SCRIPT       : string ammo = 'Bullet_12GaugePellets'
SCRIPT       : string ammo = 'Bullet_12GaugePellets'
SCRIPT       : string ammoType = 'Bullet_12GaugePellets'
SCRIPT       : string ammo = 'Bullet_12GaugePellets'
SCRIPT       : string ammo = 'Bullet_12GaugePellets'
SCRIPT       : string ammo = 'Bullet_12GaugePellets'
SCRIPT       : string ammo = 'Bullet_12GaugePellets'
SCRIPT       : string ammo = 'Bullet_12GaugePellets'
SCRIPT       : string ammo = 'Bullet_12GaugePellets'
SCRIPT       : string ammo = 'Bullet_12GaugePellets'
SCRIPT       : string ammo = 'Bullet_12GaugePellets'
SCRIPT       : string ammo = 'Bullet_12GaugePellets'
SCRIPT       : string ammoType = 'Bullet_12GaugePellets'
SCRIPT       : string ammo = 'Bullet_12GaugePellets'
SCRIPT       : string ammo = 'Bullet_12GaugePellets'
SCRIPT       : string ammo = 'Bullet_12GaugePellets'
SCRIPT       : string ammo = 'Bullet_12GaugePellets'
SCRIPT       : string ammo = 'Bullet_12GaugePellets'
SCRIPT       : string ammo = 'Bullet_12GaugePellets'
SCRIPT       : string ammo = 'Bullet_12GaugePellets'
SCRIPT       : string ammo = 'Bullet_12GaugePellets'
SCRIPT       : string ammo = 'Bullet_12GaugePellets'
SCRIPT       : string ammoType = 'Bullet_12GaugePellets'
SCRIPT       : string ammo = 'Bullet_12GaugePellets'
SCRIPT       : string ammo = 'Bullet_12GaugePellets'
SCRIPT       : string ammo = 'Bullet_12GaugePellets'
SCRIPT       : string ammo = 'Bullet_12GaugePellets'
SCRIPT       : string ammo = 'Bullet_12GaugePellets'
SCRIPT       : string ammo = 'Bullet_12GaugePellets'
SCRIPT       : string ammo = 'Bullet_12GaugePellets'
SCRIPT       : string ammo = 'Bullet_12GaugePellets'
SCRIPT       : string ammo = 'Bullet_12GaugePellets'
SCRIPT       : string ammo = 'Bullet_12GaugePellets'
SCRIPT       : string ammo = 'Bullet_12GaugePellets'
SCRIPT       : string ammo = 'Bullet_12GaugePellets'
SCRIPT       : string ammo = 'Bullet_12GaugePellets'
SCRIPT       : string ammoType = 'Bullet_12GaugePellets'
SCRIPT       : string ammo = 'Bullet_12GaugePellets'
SCRIPT       : string ammo = 'Bullet_12GaugePellets'
SCRIPT       : string ammo = 'Bullet_12GaugePellets'
SCRIPT       : string ammo = 'Bullet_12GaugePellets'
SCRIPT       : string ammo = 'Bullet_12GaugePellets'
SCRIPT       : string ammo = 'Bullet_12GaugePellets'
SCRIPT       : string ammo = 'Bullet_12GaugePellets'
SCRIPT       : string ammo = 'Bullet_12GaugePellets'
SCRIPT       : string ammo = 'Bullet_12GaugePellets'
SCRIPT       : string ammo = 'Bullet_12GaugePellets'
SCRIPT       : string ammo = 'Bullet_12GaugePellets'
SCRIPT       : string ammoType = 'Bullet_12GaugePellets'
SCRIPT       : string ammo = 'Bullet_12GaugePellets'
SCRIPT       : string ammo = 'Bullet_12GaugePellets'
SCRIPT       : string ammoType = 'Bullet_12GaugePellets'
SCRIPT       : string ammoType = 'Bullet_12GaugePellets'
SCRIPT       : string ammoType = 'Bullet_12GaugePellets'
SCRIPT       : string ammo = 'Bullet_12GaugePellets'
SCRIPT       : string ammo = 'Bullet_12GaugePellets'
SCRIPT       : string ammo = 'Bullet_12GaugePellets'
SCRIPT       : string ammo = 'Bullet_12GaugePellets'
SCRIPT       : string ammo = 'Bullet_12GaugePellets'
SCRIPT       : string ammo = 'Bullet_12GaugePellets'
SCRIPT       : string ammo = 'Bullet_12GaugePellets'
SCRIPT       : string ammo = 'Bullet_12GaugePellets'
SCRIPT       : string ammo = 'Bullet_12GaugePellets'
SCRIPT       : string ammo = 'Bullet_12GaugePellets'
SCRIPT       : string ammo = 'Bullet_12GaugePellets'
SCRIPT       : string ammo = 'Bullet_12GaugePellets'
SCRIPT       : string ammo = 'Bullet_12GaugePellets'
SCRIPT       : string ammo = 'Bullet_12GaugePellets'
SCRIPT       : string ammo = 'Bullet_12GaugePellets'
SCRIPT       : string ammo = 'Bullet_12GaugePellets'
SCRIPT       : string ammo = 'Bullet_12GaugePellets'
SCRIPT       : string ammo = 'Bullet_12GaugePellets'
SCRIPT       : string ammo = 'Bullet_12GaugePellets'
SCRIPT       : string ammo = 'Bullet_12GaugePellets'
SCRIPT       : string ammoType = 'Bullet_12GaugePellets'
SCRIPT       : string ammo = 'Bullet_12GaugePellets'
SCRIPT       : string ammoType = 'Bullet_12GaugePellets'
SCRIPT       : string ammo = 'Bullet_12GaugePellets'
SCRIPT       : string ammo = 'Bullet_12GaugePellets'
SCRIPT       : string ammo = 'Bullet_12GaugePellets'
SCRIPT       : string ammo = 'Bullet_12GaugePellets'
SCRIPT       : string ammo = 'Bullet_12GaugePellets'
SCRIPT       : string ammoType = 'Bullet_12GaugePellets'
SCRIPT       : string ammo = 'Bullet_12GaugePellets'
SCRIPT       : string ammo = 'Bullet_12GaugePellets'
SCRIPT       : =============== WARNING ===============
SCRIPT       : [TerjeMedicine]: You are using the trial version of the 'Terje Medicine' mod.
SCRIPT       : [TerjeMedicine]: To remove this message and watermark - please buy license on terjehub.com
SCRIPT       : =======================================
SCRIPT       : string ammoType = 'Bullet_12GaugePellets'
SCRIPT       : string ammo = 'Bullet_12GaugePellets'
SCRIPT       : string ammo = 'Bullet_12GaugePellets'
SCRIPT       : string ammo = 'Bullet_12GaugePellets'
SCRIPT       : string ammo = 'Bullet_12GaugePellets'
SCRIPT       : string ammoType = 'Bullet_12GaugePellets'
SCRIPT       : string ammo = 'Bullet_12GaugePellets'
SCRIPT       : string ammo = 'Bullet_12GaugePellets'
SCRIPT       : string ammo = 'Bullet_12GaugePellets'
SCRIPT       : string ammo = 'Bullet_12GaugePellets'
SCRIPT       : string ammo = 'Bullet_12GaugePellets'
SCRIPT       : string ammo = 'Bullet_12GaugePellets'
SCRIPT       : string ammo = 'Bullet_12GaugePellets'
SCRIPT       : string ammo = 'Bullet_12GaugePellets'
SCRIPT       : string ammo = 'Bullet_12GaugePellets'
SCRIPT       : string ammo = 'Bullet_12GaugePellets'
SCRIPT       : string ammo = 'Bullet_12GaugePellets'
SCRIPT       : string ammo = 'Bullet_12GaugePellets'
SCRIPT       : string ammoType = 'Bullet_12GaugePellets'
SCRIPT       : string ammo = 'Bullet_12GaugePellets'
SCRIPT       : string ammo = 'Bullet_12GaugePellets'
SCRIPT       : string ammo = 'Bullet_12GaugePellets'
SCRIPT       : string ammo = 'Bullet_12GaugePellets'
SCRIPT       : string ammo = 'Bullet_12GaugePellets'
SCRIPT       : string ammo = 'Bullet_12GaugePellets'
SCRIPT       : string ammo = 'Bullet_12GaugePellets'
SCRIPT       : string ammo = 'Bullet_12GaugePellets'
SCRIPT       : string ammo = 'Bullet_12GaugePellets'
SCRIPT       : string ammo = 'Bullet_12GaugePellets'
SCRIPT       : string ammo = 'Bullet_12GaugePellets'
SCRIPT       : string ammoType = 'Bullet_12GaugePellets'
SCRIPT       : string ammo = 'Bullet_12GaugePellets'
SCRIPT       : string ammo = 'Bullet_12GaugePellets'
SCRIPT       : string ammo = 'Bullet_12GaugePellets'
SCRIPT       : string ammo = 'Bullet_12GaugePellets'
SCRIPT       : string ammo = 'Bullet_12GaugePellets'
SCRIPT       : string ammo = 'Bullet_12GaugePellets'
SCRIPT       : string ammo = 'Bullet_12GaugePellets'
SCRIPT       : string ammo = 'Bullet_12GaugePellets'
SCRIPT       : string ammo = 'Bullet_12GaugePellets'
SCRIPT       : string ammo = 'Bullet_12GaugePellets'
SCRIPT       : string ammo = 'Bullet_12GaugePellets'
SCRIPT       : string ammo = 'Bullet_12GaugePellets'
SCRIPT       : string ammo = 'Bullet_12GaugePellets'
SCRIPT       : string ammoType = 'Bullet_12GaugePellets'
SCRIPT       : string ammo = 'Bullet_12GaugePellets'
SCRIPT       : string ammo = 'Bullet_12GaugePellets'
SCRIPT       : string ammo = 'Bullet_12GaugePellets'
SCRIPT       : string ammo = 'Bullet_12GaugePellets'
SCRIPT       : string ammo = 'Bullet_12GaugePellets'
SCRIPT       : string ammo = 'Bullet_12GaugePellets'
SCRIPT       : string ammo = 'Bullet_12GaugePellets'
SCRIPT       : string ammo = 'Bullet_12GaugePellets'
SCRIPT       : string ammo = 'Bullet_12GaugePellets'
SCRIPT       : string ammo = 'Bullet_12GaugePellets'
SCRIPT       : string ammo = 'Bullet_12GaugePellets'
SCRIPT       : string ammo = 'Bullet_12GaugePellets'
SCRIPT       : string ammo = 'Bullet_12GaugePellets'
SCRIPT       : string ammo = 'Bullet_12GaugePellets'
SCRIPT       : string ammo = 'Bullet_12GaugePellets'
SCRIPT       : string ammo = 'Bullet_12GaugePellets'
SCRIPT       : string ammo = 'Bullet_12GaugePellets'
SCRIPT       : string ammo = 'Bullet_12GaugePellets'
SCRIPT       : string ammo = 'Bullet_12GaugePellets'
SCRIPT       : string ammo = 'Bullet_12GaugePellets'
SCRIPT       : string ammo = 'Bullet_12GaugePellets'
SCRIPT       : string ammo = 'Bullet_12GaugePellets'
SCRIPT       : string ammo = 'Bullet_12GaugePellets'
SCRIPT       : string ammo = 'Bullet_12GaugePellets'
SCRIPT       : string ammo = 'Bullet_12GaugePellets'
SCRIPT       : string ammo = 'Bullet_12GaugePellets'
SCRIPT       : string ammo = 'Bullet_12GaugePellets'
SCRIPT       : string ammo = 'Bullet_12GaugePellets'
SCRIPT       : string ammo = 'Bullet_12GaugePellets'
SCRIPT       : string ammoType = 'Bullet_12GaugePellets'
SCRIPT       : string ammo = 'Bullet_12GaugePellets'
SCRIPT       : string ammo = 'Bullet_12GaugePellets'
SCRIPT       : string ammo = 'Bullet_12GaugePellets'
SCRIPT       : string ammo = 'Bullet_12GaugePellets'
SCRIPT       : string ammo = 'Bullet_12GaugePellets'
SCRIPT       : string ammo = 'Bullet_12GaugePellets'
SCRIPT       : string ammo = 'Bullet_12GaugePellets'
SCRIPT       : string ammo = 'Bullet_12GaugePellets'
SCRIPT       : string ammo = 'Bullet_12GaugePellets'
SCRIPT       : string ammo = 'Bullet_12GaugePellets'
SCRIPT       : string ammoType = 'Bullet_12GaugePellets'
SCRIPT       : string ammo = 'Bullet_12GaugePellets'
SCRIPT       : string ammoType = 'Bullet_12GaugePellets'
SCRIPT       : string ammoType = 'Bullet_12GaugePellets'
SCRIPT       : string ammo = 'Bullet_12GaugePellets'
SCRIPT       : string ammo = 'Bullet_12GaugePellets'
SCRIPT       : string ammo = 'Bullet_12GaugePellets'
SCRIPT       : string ammoType = 'Bullet_12GaugePellets'
SCRIPT       : string ammo = 'Bullet_12GaugePellets'
SCRIPT       : string ammo = 'Bullet_12GaugePellets'
SCRIPT       : string ammoType = 'Bullet_12GaugePellets'
SCRIPT       : string ammo = 'Bullet_12GaugePellets'
SCRIPT       : string ammo = 'Bullet_12GaugePellets'
SCRIPT       : =============== WARNING ===============
SCRIPT       : [TerjeSkills]: You are using the trial version of the 'Terje Skills' mod.
SCRIPT       : [TerjeSkills]: To remove this message and watermark - please buy license on terjehub.com
SCRIPT       : =======================================
SCRIPT       : [JunkYardDog] -- Adding Salvage Point to <Static_Wreck_Ural<366efc10>> at Pos <<4448.712402, 7.521656, 7862.390625>>
SCRIPT       : [JunkYardDog] -- Adding Fuel Point to <Static_Wreck_Ural<366efc10>> at Pos <<4448.712402, 7.521656, 7862.390625>>
SCRIPT       : string ammo = 'FallDamageHealth'
SCRIPT       : [JunkYardDog] -- Adding Salvage Point to <Land_Wreck_hb01_aban2_green<2fd3dd60>> at Pos <<4428.006348, 5.911204, 7974.292480>>
SCRIPT       : [JunkYardDog] -- Adding Fuel Point to <Land_Wreck_hb01_aban2_green<2fd3dd60>> at Pos <<4428.006348, 5.911204, 7974.292480>>
SCRIPT       : [JunkYardDog] -- Adding Salvage Point to <Static_Wreck_Ural<36708530>> at Pos <<4428.777832, 6.038190, 8015.644043>>
SCRIPT       : [JunkYardDog] -- Adding Fuel Point to <Static_Wreck_Ural<36708530>> at Pos <<4428.777832, 6.038190, 8015.644043>>
SCRIPT       : [JunkYardDog] -- Adding Salvage Point to <Land_Wreck_hb01_aban2_green<2fd45c40>> at Pos <<4417.501465, 5.502545, 8056.136719>>
SCRIPT       : [JunkYardDog] -- Adding Fuel Point to <Land_Wreck_hb01_aban2_green<2fd45c40>> at Pos <<4417.501465, 5.502545, 8056.136719>>
SCRIPT       : [JunkYardDog] -- Adding Salvage Point to <Land_Wreck_hb01_aban2_green<2fd42ef0>> at Pos <<4282.293457, 5.620829, 8070.870117>>
SCRIPT       : [JunkYardDog] -- Adding Fuel Point to <Land_Wreck_hb01_aban2_green<2fd42ef0>> at Pos <<4282.293457, 5.620829, 8070.870117>>
SCRIPT       : [JunkYardDog] -- Adding Salvage Point to <Static_Wreck_Ural<3670cf30>> at Pos <<4311.805664, 6.038193, 8090.375977>>
SCRIPT       : [JunkYardDog] -- Adding Fuel Point to <Static_Wreck_Ural<3670cf30>> at Pos <<4311.805664, 6.038193, 8090.375977>>
SCRIPT       : [JunkYardDog] -- Adding Salvage Point to <Land_Wreck_V3S<2fd45330>> at Pos <<4310.042480, 6.326586, 8069.174316>>
SCRIPT       : [JunkYardDog] -- Adding Fuel Point to <Land_Wreck_V3S<2fd45330>> at Pos <<4310.042480, 6.326586, 8069.174316>>
SCRIPT       : [JunkYardDog] -- Adding Salvage Point to <Land_Wreck_Volha_Grey<2fd40ab0>> at Pos <<4348.861328, 5.408127, 8080.939453>>
SCRIPT       : [JunkYardDog] -- Adding Fuel Point to <Land_Wreck_Volha_Grey<2fd40ab0>> at Pos <<4348.861328, 5.408127, 8080.939453>>
SCRIPT       : [JunkYardDog] -- Adding Salvage Point to <Land_Wreck_V3S<2fd46550>> at Pos <<4388.039551, 6.326586, 8071.011719>>
SCRIPT       : [JunkYardDog] -- Adding Fuel Point to <Land_Wreck_V3S<2fd46550>> at Pos <<4388.039551, 6.326586, 8071.011719>>
SCRIPT       : [JunkYardDog] -- Adding Salvage Point to <Land_Wreck_Volha_Grey<2fd44a20>> at Pos <<4407.596680, 5.408123, 8086.766602>>
SCRIPT       : [JunkYardDog] -- Adding Fuel Point to <Land_Wreck_Volha_Grey<2fd44a20>> at Pos <<4407.596680, 5.408123, 8086.766602>>
SCRIPT       : string ammo = 'FallDamageHealth'
SCRIPT       : string ammo = 'FallDamageShock'
SCRIPT       : [JunkYardDog] -- Adding Salvage Point to <Land_Wreck_sed02_aban2_grey<3742c3a0>> at Pos <<4130.497559, 17.102644, 7343.074219>>
SCRIPT       : [JunkYardDog] -- Adding Fuel Point to <Land_Wreck_sed02_aban2_grey<3742c3a0>> at Pos <<4130.497559, 17.102644, 7343.074219>>
SCRIPT       : [JunkYardDog] -- Adding Salvage Point to <Land_wreck_truck01_aban2_orange<37436fd0>> at Pos <<4451.633301, 4.723638, 8068.890625>>
SCRIPT       : [JunkYardDog] -- Adding Fuel Point to <Land_wreck_truck01_aban2_orange<37436fd0>> at Pos <<4451.633301, 4.723638, 8068.890625>>
SCRIPT       : string ammoType = 'Bullet_12GaugePellets'
SCRIPT       : string ammo = 'Bullet_12GaugePellets'
SCRIPT       : string ammo = 'Bullet_12GaugePellets'
SCRIPT       : string ammo = 'Bullet_12GaugePellets'
SCRIPT       : string ammoType = 'Bullet_12GaugePellets'
SCRIPT       : string ammoType = 'Bullet_12GaugePellets'
SCRIPT       : string ammoType = 'Bullet_12GaugePellets'
SCRIPT       : string ammo = 'Bullet_12GaugePellets'
SCRIPT       : string ammoType = 'Bullet_12GaugePellets'
SCRIPT       : string ammo = 'Bullet_12GaugePellets'
SCRIPT       : string ammo = 'Bullet_12GaugePellets'
SCRIPT       : string ammo = 'Bullet_12GaugePellets'
SCRIPT       : [inv] ReplaceItemWithNewLambdaBase Step B) remove OK, loc={ type=HANDS item=Shemagh_Bandit_White:21696 parent=SurvivorM_Lewis:8:INSTANCETYPE_SERVER }
SCRIPT       : [inv] ReplaceItemWithNewLambdaBase Step B) remove OK, loc={ type=HANDS item=Shemagh_White:21816 parent=SurvivorM_Lewis:8:INSTANCETYPE_SERVER }
SCRIPT       : [TERJE CORE](INFO): Profile 'R5KkZb3Ywicboa8ntCzbBJK6WLpakj_6yA-ghmDo4lw=' saved to database.
SCRIPT       : [JunkYardDog] -- Adding Salvage Point to <Static_Wreck_Ural<36e310a0>> at Pos <<4647.874023, 16.816950, 7530.903809>>
SCRIPT       : [JunkYardDog] -- Adding Fuel Point to <Static_Wreck_Ural<36e310a0>> at Pos <<4647.874023, 16.816950, 7530.903809>>
SCRIPT       : [JunkYardDog] -- Adding Salvage Point to <Land_wreck_truck01_aban2_green<37403720>> at Pos <<4702.073242, 15.797871, 7566.100586>>
SCRIPT       : [JunkYardDog] -- Adding Fuel Point to <Land_wreck_truck01_aban2_green<37403720>> at Pos <<4702.073242, 15.797871, 7566.100586>>
SCRIPT       : string ammoType = 'Bullet_12GaugePellets'
SCRIPT       : string ammoType = 'Bullet_12GaugePellets'
SCRIPT       : string ammoType = 'Bullet_12GaugePellets'
SCRIPT       : string ammoType = 'Bullet_12GaugePellets'
SCRIPT       : [JunkYardDog] -- Adding Salvage Point to <Land_Wreck_Harverster<37406d80>> at Pos <<5081.006836, 15.440615, 6927.810059>>
SCRIPT       : [JunkYardDog] -- Adding Fuel Point to <Land_Wreck_Harverster<37406d80>> at Pos <<5081.006836, 15.440615, 6927.810059>>
SCRIPT       : =============== WARNING ===============
SCRIPT       : [TerjeMedicine]: You are using the trial version of the 'Terje Medicine' mod.
SCRIPT       : [TerjeMedicine]: To remove this message and watermark - please buy license on terjehub.com
SCRIPT       : =======================================
SCRIPT       : [Logout]: New player R5KkZb3Ywicboa8ntCzbBJK6WLpakj_6yA-ghmDo4lw= with logout time 3
SCRIPT       : Player "Pengowski" (steamid=76561198413928129) initiated disconnect process...
SCRIPT       : Player "Pengowski" (steamid=76561198413928129) disconnected early from server (EXIT NOW).
SCRIPT       : [Logout]: Player R5KkZb3Ywicboa8ntCzbBJK6WLpakj_6yA-ghmDo4lw= finished
SCRIPT       : [TERJE CORE](INFO): Profile 'R5KkZb3Ywicboa8ntCzbBJK6WLpakj_6yA-ghmDo4lw=' saved to database.
SCRIPT       : Player "Pengowski" (steamid=76561198413928129) disconnected from server.
SCRIPT       : [PlayerListManager] SyncEntryToReceivers ► uid: R5KkZb3Ywicboa8ntCzbBJK6WLpakj_6yA-ghmDo4lw= isn't in the players list! sending a remove.
SCRIPT       : HandleOnPlayerDisconnected -> PlayerListManager.RemoveEntry ► R5KkZb3Ywicboa8ntCzbBJK6WLpakj_6yA-ghmDo4lw=
SCRIPT       : =============== WARNING ===============
SCRIPT       : [TerjeSkills]: You are using the trial version of the 'Terje Skills' mod.
SCRIPT       : [TerjeSkills]: To remove this message and watermark - please buy license on terjehub.com
SCRIPT       : =======================================
