---------------------------------------------
Log G:\SteamLibrary\steamapps\common\DayZServer\profiles\script_2025-09-10_12-56-54.log started at 10.09. 12:56:59

SCRIPT       : Registered 365 temporary action enum(s), UAN==365
SCRIPT    (W): @"CBD_LootRoomsSystem/Scripts/3_Game/settings\cbd_lootsystembox.c,69": FIX-ME: Unexpected statement 'ref'
SCRIPT    (W): @"harksbloodplague/VzLGwSjG/ XH0Ah28b/o6rSdzel/﻿﻿/lLzBNtPz/F9S6LDkF/xjV Bvsc.QIFTxCVY,4": FIX-ME: Expected ',' or '}', not a ';'
SCRIPT    (W): @"LIVEN/PvZmoD_Spawn_System/Scripts/3_Game/pvz_ss_3_game\pvz_panel\serverside\pvz_ss_xmlreader_panelserver_verification.c,96": FIX-ME: Unexpected statement 'ref'
SCRIPT    (W): @"LIVEN/PvZmoD_Spawn_System/Scripts/3_Game/pvz_ss_3_game\pvz_panel\serverside\pvz_ss_xmlreader_panelserver_verification.c,123": FIX-ME: Unexpected statement 'ref'
SCRIPT    (W): @"LIVEN/PvZmoD_Spawn_System/Scripts/3_Game/pvz_ss_3_game\pvz_panel\serverside\pvz_ss_xmlreader_panelserver_verification.c,147": FIX-ME: Unexpected statement 'ref'
SCRIPT    (W): @"LIVEN/PvZmoD_Spawn_System/Scripts/3_Game/pvz_ss_3_game\pvz_panel\clientside\pvz_ss_xmlreader_pvzpannel_verification.c,95": FIX-ME: Unexpected statement 'ref'
SCRIPT    (W): @"LIVEN/PvZmoD_Spawn_System/Scripts/3_Game/pvz_ss_3_game\pvz_panel\clientside\pvz_ss_xmlreader_pvzpannel_verification.c,122": FIX-ME: Unexpected statement 'ref'
SCRIPT    (W): @"LIVEN/PvZmoD_Spawn_System/Scripts/3_Game/pvz_ss_3_game\pvz_panel\clientside\pvz_ss_xmlreader_pvzpannel_verification.c,146": FIX-ME: Unexpected statement 'ref'
SCRIPT    (W): @"CodeLock/scripts/3_game/dayzgame.c,13": FIX-ME: Method argument can't be strong reference
SCRIPT    (W): @"GoreZ/3_game/effects\effectparticle\bulletimpactbase\hit_meatbones.c,74": FIX-ME: Overriding function 'BloodSplatGround' but not marked as 'override'
SCRIPT    (W): @"GoreZ/3_game/effects\effectparticle\bulletimpactbase\hit_meatbones.c,109": FIX-ME: Overriding function 'BloodSplatWall' but not marked as 'override'
SCRIPT    (W): @"CBD_LootRoomsSystem/Scripts/3_Game/settings\cbd_lootsystemitem.c,8": Possible variable name conflict 'chance'
SCRIPT    (W): @"CBD_LootRoomsSystem/Scripts/3_Game/settings\cbd_lootsystemitem.c,8": Possible variable name conflict 'className'
SCRIPT    (W): @"CBD_LootRoomsSystem/Scripts/3_Game/settings\cbd_lootsystemitem.c,8": Possible variable name conflict 'quantity'
SCRIPT    (W): @"CBD_LootRoomsSystem/Scripts/3_Game/settings\cbd_lootsystemitem.c,16": Possible variable name conflict 'quantity'
SCRIPT    (W): @"CBD_LootRoomsSystem/Scripts/3_Game/logging\cbd_loggingcfreg.c,159": Possible variable name conflict 'fileHandle'
SCRIPT       : Registering faction type eAIFactionShamans ID -1484989417
SCRIPT       : Registering faction type eAIFactionObservers ID -563736721
SCRIPT       : Registering faction type eAIFactionInvincibleObservers ID -1227299746
SCRIPT       : Registering faction type eAIFactionRaiders ID 1535276022
SCRIPT       : Registering faction type eAIFactionYeetBrigade ID 1408543989
SCRIPT       : Registering faction type eAIFactionWest ID 113880155
SCRIPT       : Registering faction type eAIFactionInvincibleYeetBrigade ID -1118767876
SCRIPT       : Registering faction type eAIFactionEast ID 90522109
SCRIPT       : Registering faction type eAIFactionGuards ID 963933710
SCRIPT       : Registering faction type eAIFactionMercenaries ID 1629891834
SCRIPT       : Registering faction type eAIFactionBrawlers ID 1955753718
SCRIPT       : Registering faction type eAIFactionCivilian ID 1096178351
SCRIPT       : Registering faction type eAIFactionPassive ID -1159399789
SCRIPT       : Registering faction type eAIFactionInvincibleGuards ID 782746017
SCRIPT       : ... Backlit Effects Enabled
SCRIPT       : VPPNotificationManager()
SCRIPT       : [VPPAT] Internal VPPNotifications module loaded!
SCRIPT       : [DayZ Game]:: DayZGame(): Initializing V++ Admin Tools.
SCRIPT       : 12:57:03.000 [EXPANSION LOG]: DayZGame<a799e030> Start time (local time) 2025-09-10 12:56:22
SCRIPT       : 12:57:03.000 [EXPANSION LOG]: DayZGame<a799e030> Start time (UTC) 2025-09-10 04:56:22
SCRIPT       : 12:57:03.000 [EXPANSION LOG]: DayZGame<a799e030> Runtime since start (seconds) 41.47
SCRIPT    (W): @"BPGuns\scripts\4_world/entities\firearms\rifles\benelli.c,225": FIX-ME: Syntax error
SCRIPT    (W): @"DayZNoBuildZones/Scripts/4_World/nobuildzonessettings.c,34": FIX-ME: Unexpected statement 'ref'
SCRIPT    (W): @"DayZNoBuildZones/Scripts/4_World/nobuildzonessettings.c,35": FIX-ME: Unexpected statement 'ref'
SCRIPT    (W): @"DayZNoBuildZones/Scripts/4_World/nobuildzonessettings.c,69": Missing ';' at the end of line
SCRIPT    (W): @"DayZNoBuildZones/Scripts/4_World/nobuildzonessettings.c,114": FIX-ME: Unexpected statement 'ref'
SCRIPT    (W): @"JunkYardDogV4/scripts/4_World/actionfillatcar.c,125": FIX-ME: Unmatched brackets detected!
SCRIPT    (W): @"JunkYardDogV4/scripts/4_World/actionfillatcar.c,139": Missing ';' at the end of line
SCRIPT    (W): @"JunkYardDogV4/scripts/4_World/actionfillatcar.c,144": Missing ';' at the end of line
SCRIPT    (W): @"Weapons/Scripts/4_World/itembase\jmc_prototype_optic.c,3": Missing ';' at the end of line
SCRIPT    (W): @"ZenTerritories/scripts/4_World/territoryflag.c,4": FIX-ME: Unexpected statement 'ref'
SCRIPT    (W): @"uaz_scripts/scripts/љкмчіъ*ѕц.rtm,204": Missing ';' at the end of line
SCRIPT    (W): @"uaz_scripts/scripts/љкмчіъ*ѕц.rtm,204": FIX-ME: Syntax error
SCRIPT    (W): @"uaz_scripts/scripts/љкмчіъ*ѕц.rtm,207": Missing ';' at the end of line
SCRIPT    (W): @"uaz_scripts/scripts/љкмчіъ*ѕц.rtm,207": FIX-ME: Syntax error
SCRIPT    (W): @"uaz_scripts/scripts/љкмчіъ*ѕц.rtm,210": Missing ';' at the end of line
SCRIPT    (W): @"uaz_scripts/scripts/љкмчіъ*ѕц.rtm,210": FIX-ME: Syntax error
SCRIPT    (W): @"uaz_scripts/scripts/љкмчіъ*ѕц.rtm,213": Missing ';' at the end of line
SCRIPT    (W): @"uaz_scripts/scripts/љкмчіъ*ѕц.rtm,213": FIX-ME: Syntax error
SCRIPT    (W): @"uaz_scripts/scripts/љкмчіъ*ѕц.rtm,216": Missing ';' at the end of line
SCRIPT    (W): @"uaz_scripts/scripts/љкмчіъ*ѕц.rtm,216": FIX-ME: Syntax error
SCRIPT    (W): @"uaz_scripts/scripts/љкмчіъ*ѕц.rtm,579": Missing ';' at the end of line
SCRIPT    (W): @"uaz_scripts/scripts/љкмчіъ*ѕц.rtm,579": FIX-ME: Syntax error
SCRIPT    (W): @"uaz_scripts/scripts/љкмчіъ*ѕц.rtm,582": Missing ';' at the end of line
SCRIPT    (W): @"uaz_scripts/scripts/љкмчіъ*ѕц.rtm,582": FIX-ME: Syntax error
SCRIPT    (W): @"uaz_scripts/scripts/љкмчіъ*ѕц.rtm,585": Missing ';' at the end of line
SCRIPT    (W): @"uaz_scripts/scripts/љкмчіъ*ѕц.rtm,585": FIX-ME: Syntax error
SCRIPT    (W): @"uaz_scripts/scripts/љкмчіъ*ѕц.rtm,588": Missing ';' at the end of line
SCRIPT    (W): @"uaz_scripts/scripts/љкмчіъ*ѕц.rtm,588": FIX-ME: Syntax error
SCRIPT    (W): @"uaz_scripts/scripts/љкмчіъ*ѕц.rtm,591": Missing ';' at the end of line
SCRIPT    (W): @"uaz_scripts/scripts/љкмчіъ*ѕц.rtm,591": FIX-ME: Syntax error
SCRIPT    (W): @"BP_F100/scripts/?оФФѕпЫзТ.p3d,209": Missing ';' at the end of line
SCRIPT    (W): @"BP_F100/scripts/?оФФѕпЫзТ.p3d,209": FIX-ME: Syntax error
SCRIPT    (W): @"BP_F100/scripts/?оФФѕпЫзТ.p3d,212": Missing ';' at the end of line
SCRIPT    (W): @"BP_F100/scripts/?оФФѕпЫзТ.p3d,212": FIX-ME: Syntax error
SCRIPT    (W): @"BP_Uaz452/scripts/ќ*кї.ogg,218": Missing ';' at the end of line
SCRIPT    (W): @"BP_Uaz452/scripts/ќ*кї.ogg,218": FIX-ME: Syntax error
SCRIPT    (W): @"BP_Uaz452/scripts/ќ*кї.ogg,221": Missing ';' at the end of line
SCRIPT    (W): @"BP_Uaz452/scripts/ќ*кї.ogg,221": FIX-ME: Syntax error
SCRIPT    (W): @"BP_Uaz452/scripts/ќ*кї.ogg,224": Missing ';' at the end of line
SCRIPT    (W): @"BP_Uaz452/scripts/ќ*кї.ogg,224": FIX-ME: Syntax error
SCRIPT    (W): @"BP_Uaz452/scripts/ќ*кї.ogg,227": Missing ';' at the end of line
SCRIPT    (W): @"BP_Uaz452/scripts/ќ*кї.ogg,227": FIX-ME: Syntax error
SCRIPT    (W): @"BP_Uaz452/scripts/ќ*кї.ogg,230": Missing ';' at the end of line
SCRIPT    (W): @"BP_Uaz452/scripts/ќ*кї.ogg,230": FIX-ME: Syntax error
SCRIPT    (W): @"bl_crafting_ex\scripts\4_World/classes\action\actionfillfueltincanlamp.c,71": condition with no body?
SCRIPT    (W): @"BP1/scripts/4_world/static_lamp/?гдвкШп.wsi,22": Missing ';' at the end of line
SCRIPT    (W): @"BP1/scripts/4_world/static_lamp/ш?цг.rvmat,22": Missing ';' at the end of line
SCRIPT    (W): @"BP1/scripts/4_world/static_lamp/ТшРѕчщф*нїє.jpg,18": Missing ';' at the end of line
SCRIPT    (W): @"BP1/scripts/4_world/static_lamp/Уш?ы.rtm,17": Missing ';' at the end of line
SCRIPT    (W): @"BP1/scripts/4_world/static_lamp/њЫєсХ*д.p3d,17": Missing ';' at the end of line
SCRIPT    (W): @"BP1/scripts/4_world/static_lamp/њЫєсХ*д.p3d,47": Missing ';' at the end of line
SCRIPT    (W): @"BP1/scripts/4_world/static_lamp/д*Чвѓ.jpg,22": Missing ';' at the end of line
SCRIPT    (W): @"BP1/scripts/4_world/static_lamp/Ящѓ*эяйїьвп.p3d,22": Missing ';' at the end of line
SCRIPT    (W): @"BP1/scripts/4_world/static_lamp/јь*ећў.wss,22": Missing ';' at the end of line
SCRIPT    (W): @"BP1/scripts/4_world/static_lamp/щі?њСзв.ogg,17": Missing ';' at the end of line
SCRIPT    (W): @"BP1/scripts/4_world/static_lamp/щі?њСзв.ogg,46": Missing ';' at the end of line
SCRIPT    (W): @"BP1/scripts/4_world/static_lamp/щі?њСзв.ogg,136": Missing ';' at the end of line
SCRIPT    (W): @"AIWarZones/scripts/4_World/smokeeffect.c,1": Forward declarations are deprecated!
SCRIPT    (W): @"ServerConfig_GS/scripts/4_World/actionbase.c,115": Possible variable name conflict 'z_CreateNewConfig_GS'
SCRIPT    (W): @"ServerConfig_GS/scripts/4_World/actionbase.c,115": Possible variable name conflict 'z_EnableDebugLogs_GS'
SCRIPT    (W): @"ServerConfig_GS/scripts/4_World/actionbase.c,115": Possible variable name conflict 'z_EnableDebugModsLogs_GS'
SCRIPT    (W): @"ServerConfig_JD/scripts/4_World/actionbase.c,132": Possible variable name conflict 'z_CreateNewConfig_JD'
SCRIPT    (W): @"ServerConfig_JD/scripts/4_World/actionbase.c,132": Possible variable name conflict 'z_EnableDebugLogs_JD'
SCRIPT    (W): @"ServerConfig_JD/scripts/4_World/actionbase.c,132": Possible variable name conflict 'z_EnableDebugModsLogs_JD'
SCRIPT    (W): @"ServerConfig_JD/scripts/4_World/actionbase.c,132": Possible variable name conflict 'z_EnableFuelPumps_JD'
SCRIPT    (W): @"ServerConfig_JD/scripts/4_World/actionbase.c,537": FIX-ME: Overriding function 'z_GetDate' but not marked as 'override'
SCRIPT    (W): @"ServerConfig_JD/scripts/4_World/actionbase.c,544": FIX-ME: Overriding function 'z_GetTime' but not marked as 'override'
SCRIPT    (W): @"GoreZ/4_world/entities\manbase\playerbase.c,11": FIX-ME: Overriding function 'CheckDeath' but not marked as 'override'
SCRIPT    (W): @"WindstrideClothing/scripts/4_World/playerbase.c,48": FIX-ME: Overriding function 'ChangeHoodCheck' but not marked as 'override'
SCRIPT    (W): @"BP_F100/scripts/ўѐх?ш.fxy,18": FIX-ME: Overriding function 'Init' but not marked as 'override'
SCRIPT    (W): @"CodeLock/scripts/4_world/entities\codelock.c,308": FIX-ME: Method argument can't be strong reference
SCRIPT    (W): @"GoreZ/4_world/entities\infected\zombiebase.c,27": FIX-ME: Overriding function 'IsAlive' but not marked as 'override'
SCRIPT    (W): @"kamaz_4310RUS\scripts\4_World/carscript_kamaz_4310rus_cabinmanipulte.c,8": FIX-ME: Overriding function 'IsCabinCanManipulate' but not marked as 'override'
SCRIPT    (W): @"kamaz_4310RUS\scripts\4_World/carscript_kamaz_4310rus_cabinmanipulte.c,13": FIX-ME: Overriding function 'GetCabinAnimationSource' but not marked as 'override'
SCRIPT    (W): @"kamaz_4310RUS\scripts\4_World/carscript_kamaz_4310rus_cabinmanipulte.c,18": FIX-ME: Overriding function 'IsCabinRised' but not marked as 'override'
SCRIPT    (W): @"kamaz_4310RUS\scripts\4_World/carscript_kamaz_4310rus_cabinmanipulte.c,23": FIX-ME: Overriding function 'IsPassengersInCabin' but not marked as 'override'
SCRIPT    (W): @"tractor_UMZ_RUS\scripts\4_World/carscript.c,4": FIX-ME: Overriding function 'HandleDoorsSound' but not marked as 'override'
SCRIPT    (W): @"kamaz_4310RUS\scripts\4_World/static\miscgameplayfunctions.c,6": FIX-ME: Overriding function 'IsInsideCar' but not marked as 'override'
SCRIPT    (W): @"GarbageSearch/Scripts/4_World/garbagescriptclass.c,339": FIX-ME: Overriding function 'IsHealthVisible' but not marked as 'override'
SCRIPT    (W): @"GarbageSearch/Scripts/4_World/garbagescriptclass.c,347": FIX-ME: Overriding function 'IsInventoryItem' but not marked as 'override'
SCRIPT    (W): @"GarbageSearch/Scripts/4_World/garbagescriptclass.c,357": FIX-ME: Overloaded method 'CanPutIntoHands', argument name 'player' differs from prototype 'parent'
SCRIPT    (W): @"JunkYardDogV4/scripts/4_World/junkyardscriptclass.c,231": FIX-ME: Overriding function 'IsItemBase' but not marked as 'override'
SCRIPT    (W): @"JunkYardDogV4/scripts/4_World/junkyardscriptclass.c,246": FIX-ME: Overriding function 'IsHologram' but not marked as 'override'
SCRIPT    (W): @"JunkYardDogV4/scripts/4_World/junkyardscriptclass.c,280": FIX-ME: Overriding function 'Get_StaticReturnItem' but not marked as 'override'
SCRIPT    (W): @"GarbageSearch/Scripts/4_World/garbagescriptclass.c,157": FIX-ME: Overriding function 'Get_StaticReturnItem' but not marked as 'override'
SCRIPT    (W): @"KTWorkbenchClient/scripts/4_World/entities\itembase\workbench\workbenchobjectbase.c,223": FIX-ME: Overloaded method 'CanPutIntoHands', argument name 'player' differs from prototype 'parent'
SCRIPT    (W): @"BP_Workbench/scripts/4_World/classes\actions\actiondeconstructwb.c,103": FIX-ME: Overriding function 'SetupAnimation' but not marked as 'override'
SCRIPT    (W): @"BP_Shelf_O\scripts\4_world/entities\garden\bp_gardenbox.c,62": FIX-ME: Overriding function 'RefreshSlots' but not marked as 'override'
SCRIPT    (W): @"JunkYardDogV4/scripts/4_World/junkyardscriptclass.c,320": FIX-ME: Overriding function 'IsItemBase' but not marked as 'override'
SCRIPT    (W): @"JunkYardDogV4/scripts/4_World/junkyardscriptclass.c,335": FIX-ME: Overriding function 'IsHologram' but not marked as 'override'
SCRIPT    (W): @"JunkYardDogV4/scripts/4_World/junkyardscriptclass.c,368": FIX-ME: Overriding function 'Get_StaticReturnItem' but not marked as 'override'
SCRIPT    (W): @"JunkYardDogV4/scripts/4_World/junkyardscriptclass.c,480": FIX-ME: Overriding function 'Get_StaticReturnItem' but not marked as 'override'
SCRIPT    (W): @"BP1/scripts/4_world/camping/ѓ*Рфќтйћйк.p3d,49": FIX-ME: Overriding function 'UpdateAllSelections' but not marked as 'override'
SCRIPT    (W): @"CodeLock/scripts/4_world/pluginmanager\pluginbase\permissions\codelockpermissionmanager.c,46": FIX-ME: Method argument can't be strong reference
SCRIPT    (W): @"GarbageSearch/Scripts/4_World/garbagescriptclass.c,63": FIX-ME: Overriding function 'Get_StaticReturnItem' but not marked as 'override'
SCRIPT    (W): @"utopia_patrol_helicopter_scripts/L4SbwPx4/ SuWu1KU /dntQGuBG/﻿﻿/L2ekv8u6/zZczjFyV/em9tiEfZ.x zUJN  ,101": FIX-ME: Overloading event 'EOnInit' is not allowed
SCRIPT    (W): @"BP_F100/scripts/?бЫыяќрѐЬќ.jpg,138": FIX-ME: Overriding function 'FillCommandUIDPerCrewIdx' but not marked as 'override'
SCRIPT    (W): @"utopia_patrol_helicopter_scripts/L4SbwPx4/ SuWu1KU /dntQGuBG/﻿﻿/L2ekv8u6/zZczjFyV/em9tiEfZ.x zUJN  ,33": FIX-ME: Overloading event 'EOnInit' is not allowed
SCRIPT    (W): @"JunkYardDogV4/scripts/4_World/actionfillatwreck.c,57": FIX-ME: Overriding function 'GetText' but not marked as 'override'
SCRIPT    (W): @"GarbageSearch/Scripts/4_World/garbagescriptclass.c,40": FIX-ME: Overriding function 'Get_StaticReturnItem' but not marked as 'override'
SCRIPT    (W): @"GarbageSearch/Scripts/4_World/garbagescriptclass.c,232": FIX-ME: Overriding function 'Get_StaticReturnItem' but not marked as 'override'
SCRIPT    (W): @"GarbageSearch/Scripts/4_World/garbagescriptclass.c,239": FIX-ME: Overriding function 'Get_StaticReturnItem' but not marked as 'override'
SCRIPT    (W): @"BP_Shelf_O\scripts\4_world/entities\lock\lockedbox_base.c,125": FIX-ME: Overriding function 'UpdateVisualState' but not marked as 'override'
SCRIPT    (W): @"BP_Shelf_O\scripts\4_world/entities\furniture\bp_tresh_bac_static.c,13": FIX-ME: Overriding function 'UpdateVisualState' but not marked as 'override'
SCRIPT    (W): @"CBD_LootRoomsSystem/Scripts/4_World/enities\cbd_lootcrates.c,199": FIX-ME: Overloaded method 'CanReleaseCargo', argument name 'attachment' differs from prototype 'cargo'
SCRIPT    (W): @"GarbageSearch/Scripts/4_World/garbagescriptclass.c,246": FIX-ME: Overriding function 'Get_StaticReturnItem' but not marked as 'override'
SCRIPT    (W): @"GarbageSearch/Scripts/4_World/garbagescriptclass.c,253": FIX-ME: Overriding function 'Get_StaticReturnItem' but not marked as 'override'
SCRIPT    (W): @"GarbageSearch/Scripts/4_World/garbagescriptclass.c,260": FIX-ME: Overriding function 'Get_StaticReturnItem' but not marked as 'override'
SCRIPT    (W): @"GarbageSearch/Scripts/4_World/garbagescriptclass.c,267": FIX-ME: Overriding function 'Get_StaticReturnItem' but not marked as 'override'
SCRIPT    (W): @"GarbageSearch/Scripts/4_World/garbagescriptclass.c,274": FIX-ME: Overriding function 'Get_StaticReturnItem' but not marked as 'override'
SCRIPT    (W): @"GarbageSearch/Scripts/4_World/garbagescriptclass.c,281": FIX-ME: Overriding function 'Get_StaticReturnItem' but not marked as 'override'
SCRIPT    (W): @"GarbageSearch/Scripts/4_World/garbagescriptclass.c,310": FIX-ME: Overriding function 'Get_StaticReturnItem' but not marked as 'override'
SCRIPT    (W): @"GarbageSearch/Scripts/4_World/garbagescriptclass.c,317": FIX-ME: Overriding function 'Get_StaticReturnItem' but not marked as 'override'
SCRIPT    (W): @"BP_F100/scripts/ѝтщєкЭшц*т.p3d,144": FIX-ME: Overriding function 'FillCommandUIDPerCrewIdx' but not marked as 'override'
SCRIPT    (W): @"JunkYardDogV4/scripts/4_World/junkyardscriptclass.c,416": FIX-ME: Overriding function 'Get_StaticReturnItem' but not marked as 'override'
SCRIPT    (W): @"GarbageSearch/Scripts/4_World/garbagescriptclass.c,195": FIX-ME: Overriding function 'Get_StaticReturnItem' but not marked as 'override'
SCRIPT    (W): @"GarbageSearch/Scripts/4_World/garbagescriptclass.c,225": FIX-ME: Overriding function 'Get_StaticReturnItem' but not marked as 'override'
SCRIPT    (W): @"BP_Smot_O/scripts/4_world/entities/а*тюгћФУіяЦ.jpg,53": FIX-ME: Overriding function 'OnSwitchOn' but not marked as 'override'
SCRIPT    (W): @"BP_Smot_O/scripts/4_world/entities/а*тюгћФУіяЦ.jpg,62": FIX-ME: Overriding function 'OnSwitchOff' but not marked as 'override'
SCRIPT    (W): @"BP_Smot_O/scripts/4_world/entities/а*тюгћФУіяЦ.jpg,119": FIX-ME: Overriding function 'OnWork' but not marked as 'override'
SCRIPT    (W): @"BP_Smot_O/scripts/4_world/entities/а*тюгћФУіяЦ.jpg,261": FIX-ME: Overloaded method 'OnIgnitedTarget', argument name 'ignited_item' differs from prototype 'target_item'
SCRIPT    (W): @"BP_Smot_O/scripts/4_world/entities/ѕњпе*шЬ.jpg,4": FIX-ME: Overriding function 'OnWork' but not marked as 'override'
SCRIPT    (W): @"BP_Smot_O/scripts/4_world/entities/ѕњпе*шЬ.jpg,34": FIX-ME: Overriding function 'UpdateLight' but not marked as 'override'
SCRIPT    (W): @"BP2/scripts/4_world/entities/itembase/вЩЯ?ФесШЪ.wss,37": FIX-ME: Overriding function 'SetIntensity' but not marked as 'override'
SCRIPT    (W): @"GarbageSearch/Scripts/4_World/garbagescriptclass.c,56": FIX-ME: Overriding function 'Get_StaticReturnItem' but not marked as 'override'
SCRIPT    (W): @"BP_Shelf_O\scripts\4_world/entities\garden\bp_greenhouse.c,109": FIX-ME: Overriding function 'UpdateVisualState' but not marked as 'override'
SCRIPT    (W): @"GarbageSearch/Scripts/4_World/garbagescriptclass.c,86": FIX-ME: Overriding function 'Get_StaticReturnItem' but not marked as 'override'
SCRIPT    (W): @"JunkYardDogV4/scripts/4_World/junkyardscriptclass.c,494": FIX-ME: Overriding function 'Get_StaticReturnItem' but not marked as 'override'
SCRIPT    (W): @"JunkYardDogV4/scripts/4_World/junkyardscriptclass.c,501": FIX-ME: Overriding function 'Get_StaticReturnItem' but not marked as 'override'
SCRIPT    (W): @"JunkYardDogV4/scripts/4_World/junkyardscriptclass.c,487": FIX-ME: Overriding function 'Get_StaticReturnItem' but not marked as 'override'
SCRIPT    (W): @"BPGuns\scripts\4_world/entities\firearms\revolver\sw340.c,113": FIX-ME: Overriding function 'AssembleGun' but not marked as 'override'
SCRIPT    (W): @"JunkYardDogV4/scripts/4_World/actionsalvagewreck.c,32": FIX-ME: Overriding function 'GetText' but not marked as 'override'
SCRIPT    (W): @"BPGuns\scripts\4_world/entities\firearms\revolver\sw340.c,9": FIX-ME: Overriding function 'AssembleGun' but not marked as 'override'
SCRIPT    (W): @"GarbageSearch/Scripts/4_World/garbagescriptclass.c,188": FIX-ME: Overriding function 'Get_StaticReturnItem' but not marked as 'override'
SCRIPT    (W): @"BP_Shelf_O\scripts\4_world/entities\furniture\bp_sofa_gun_rack.c,68": FIX-ME: Overriding function 'UpdateVisualState' but not marked as 'override'
SCRIPT    (W): @"BP_Shelf_O\scripts\4_world/entities\lock\lockedbox_base.c,250": FIX-ME: Overriding function 'UpdateVisualState' but not marked as 'override'
SCRIPT    (W): @"CodeLock/scripts/4_world/gui\guestcodemenu.c,29": FIX-ME: Overriding function 'SendRPC' but not marked as 'override'
SCRIPT    (W): @"GoreZ/4_world/classes\bleedingsources\bleedingsource.c,56": FIX-ME: Overriding function 'GetBit' but not marked as 'override'
SCRIPT    (W): @"GoreZ/4_world/classes\bleedingsources\bleedingsource.c,157": FIX-ME: Overriding function 'DrawDebugShape' but not marked as 'override'
SCRIPT    (W): @"BP_Workbench/scripts/4_World/entities\itembase\bp_workbench.c,3": FIX-ME: Overriding function 'SetActions' but not marked as 'override'
SCRIPT    (W): @"BP_Workbench/scripts/4_World/entities\itembase\bp_workbench.c,56": FIX-ME: Overriding function 'SetActions' but not marked as 'override'
SCRIPT    (W): @"GarbageSearch/Scripts/4_World/garbagescriptclass.c,107": FIX-ME: Overriding function 'Get_StaticReturnItem' but not marked as 'override'
SCRIPT    (W): @"GarbageSearch/Scripts/4_World/garbagescriptclass.c,114": FIX-ME: Overriding function 'Get_StaticReturnItem' but not marked as 'override'
SCRIPT    (W): @"GarbageSearch/Scripts/4_World/garbagescriptclass.c,121": FIX-ME: Overriding function 'Get_StaticReturnItem' but not marked as 'override'
SCRIPT    (W): @"GarbageSearch/Scripts/4_World/garbagescriptclass.c,128": FIX-ME: Overriding function 'Get_StaticReturnItem' but not marked as 'override'
SCRIPT    (W): @"GarbageSearch/Scripts/4_World/garbagescriptclass.c,135": FIX-ME: Overriding function 'Get_StaticReturnItem' but not marked as 'override'
SCRIPT    (W): @"GarbageSearch/Scripts/4_World/garbagescriptclass.c,142": FIX-ME: Overriding function 'Get_StaticReturnItem' but not marked as 'override'
SCRIPT    (W): @"GarbageSearch/Scripts/4_World/garbagescriptclass.c,171": FIX-ME: Overriding function 'Get_StaticReturnItem' but not marked as 'override'
SCRIPT    (W): @"GarbageSearch/Scripts/4_World/garbagescriptclass.c,178": FIX-ME: Overriding function 'Get_StaticReturnItem' but not marked as 'override'
SCRIPT    (W): @"BP2/scripts/4_world/longbox/д?ѝѐ.p3d,3": FIX-ME: Overriding function 'UpdateVisualState' but not marked as 'override'
SCRIPT    (W): @"BP_Workbench/scripts/4_World/entities\itembase\bp_workbench_static.c,3": FIX-ME: Overriding function 'SetActions' but not marked as 'override'
SCRIPT    (W): @"utopia_patrol_helicopter_scripts/L4SbwPx4/ SuWu1KU /dntQGuBG/﻿﻿/L2ekv8u6/zZczjFyV/em9tiEfZ.x zUJN  ,166": FIX-ME: Overloading event 'EOnInit' is not allowed
SCRIPT    (W): @"CodeLock/scripts/4_world/gui\claimcodemenu.c,27": FIX-ME: Overriding function 'SendRPC' but not marked as 'override'
SCRIPT    (W): @"CBD_LootRoomsSystem/Scripts/4_World/enities\cbd_missionlaptop.c,142": FIX-ME: Overloaded method 'CanReleaseCargo', argument name 'attachment' differs from prototype 'cargo'
SCRIPT    (W): @"CodeLock/scripts/4_world/gui\entercodemenu.c,37": FIX-ME: Overriding function 'SendRPC' but not marked as 'override'
SCRIPT    (W): @"GarbageSearch/Scripts/4_World/garbagescriptclass.c,49": FIX-ME: Overriding function 'Get_StaticReturnItem' but not marked as 'override'
SCRIPT    (W): @"GarbageSearch/Scripts/4_World/garbagescriptclass.c,210": FIX-ME: Overriding function 'Get_StaticReturnItem' but not marked as 'override'
SCRIPT    (W): @"BPcamping_O\scripts\4_world/big_door\bp_big_door.c,190": FIX-ME: Overriding function 'CheckFenceClosed' but not marked as 'override'
SCRIPT    (W): @"BPcamping_O\scripts\4_world/big_door\bp_big_door.c,206": FIX-ME: Overriding function 'GateAttachmentsSanityCheck' but not marked as 'override'
SCRIPT    (W): @"BP_Workbench/scripts/4_World/craftmanager\hud\crafthud.c,312": FIX-ME: Overriding function 'OnMouseEnter' but not marked as 'override'
SCRIPT    (W): @"JunkYardDogV4/scripts/4_World/junkyardscriptclass.c,396": FIX-ME: Overriding function 'Get_StaticReturnItem' but not marked as 'override'
SCRIPT    (W): @"JunkYardDogV4/scripts/4_World/junkyardscriptclass.c,377": FIX-ME: Overriding function 'Get_StaticReturnItem' but not marked as 'override'
SCRIPT    (W): @"BP_Shelf_O\scripts\4_world/entities\furniture\bp_tresh_bac_kit.c,68": FIX-ME: Overriding function 'UpdateVisualState' but not marked as 'override'
SCRIPT    (W): @"GarbageSearch/Scripts/4_World/garbagescriptclass.c,164": FIX-ME: Overriding function 'Get_StaticReturnItem' but not marked as 'override'
SCRIPT    (W): @"JunkYardDogV4/scripts/4_World/junkyardscriptclass.c,744": FIX-ME: Overriding function 'IsHealthVisible' but not marked as 'override'
SCRIPT    (W): @"JunkYardDogV4/scripts/4_World/junkyardscriptclass.c,752": FIX-ME: Overriding function 'IsInventoryItem' but not marked as 'override'
SCRIPT    (W): @"JunkYardDogV4/scripts/4_World/junkyardscriptclass.c,762": FIX-ME: Overloaded method 'CanPutIntoHands', argument name 'player' differs from prototype 'parent'
SCRIPT    (W): @"BP_Shelf_O\scripts\4_world/entities\lock\lockedbox_base.c,153": FIX-ME: Overriding function 'UpdateVisualState' but not marked as 'override'
SCRIPT    (W): @"BP_Shelf_O\scripts\4_world/entities\lock\lockedbox_base.c,194": FIX-ME: Overriding function 'UpdateVisualState' but not marked as 'override'
SCRIPT    (W): @"JunkYardDogV4/scripts/4_World/junkyardscriptclass.c,528": FIX-ME: Overriding function 'Get_StaticReturnItem' but not marked as 'override'
SCRIPT    (W): @"JunkYardDogV4/scripts/4_World/junkyardscriptclass.c,683": FIX-ME: Overriding function 'IsHealthVisible' but not marked as 'override'
SCRIPT    (W): @"JunkYardDogV4/scripts/4_World/junkyardscriptclass.c,691": FIX-ME: Overriding function 'IsInventoryItem' but not marked as 'override'
SCRIPT    (W): @"JunkYardDogV4/scripts/4_World/junkyardscriptclass.c,701": FIX-ME: Overloaded method 'CanPutIntoHands', argument name 'player' differs from prototype 'parent'
SCRIPT    (W): @"GarbageSearch/Scripts/4_World/garbagescriptclass.c,202": FIX-ME: Overriding function 'Get_StaticReturnItem' but not marked as 'override'
SCRIPT    (W): @"BPGuns\scripts\4_world/entities\firearms\revolver\sw340.c,204": FIX-ME: Overriding function 'AssembleGun' but not marked as 'override'
SCRIPT    (W): @"areaofdecay/dz_yanova_scripts/Scripts/4_World/fireplacebase\y_cookingpot.c,207": FIX-ME: Overloaded method 'CanRemoveFromHands', argument name 'player' differs from prototype 'parent'
SCRIPT    (W): @"areaofdecay/dz_yanova_scripts/Scripts/4_World/fireplacebase\y_cookingpot.c,257": FIX-ME: Overloaded method 'OnIgnitedTarget', argument name 'ignited_item' differs from prototype 'target_item'
SCRIPT    (W): @"JunkYardDogV4/scripts/4_World/junkyardscriptclass.c,508": FIX-ME: Overriding function 'Get_StaticReturnItem' but not marked as 'override'
SCRIPT    (W): @"PVEZ/4_World/pvez_adminconsolegui.c,760": Possible variable name conflict 'selectedZone'
SCRIPT    (W): @"PVEZ/4_World/pvez_adminconsolegui.c,825": Possible variable name conflict 'selectedLawbreaker'
SCRIPT    (W): @"harksbloodplague/52dd pel/ 3gNP7Jlz/H5 ZtDem/﻿﻿﻿﻿/1ryCtG6A/e eAmJmt/X4cai9VJ.y iMKmui,60": FIX-ME: Overriding function 'OnInit' but not marked as 'override'
SCRIPT    (W): @"harksbloodplague/52dd pel/ 3gNP7Jlz/H5 ZtDem/﻿﻿﻿﻿/1ryCtG6A/e eAmJmt/X4cai9VJ.y iMKmui,339": FIX-ME: Overloaded method 'CanReleaseCargo', argument name 'attachment' differs from prototype 'cargo'
SCRIPT    (W): @"JunkYardDogV4/scripts/4_World/junkyardscriptclass.c,460": FIX-ME: Overriding function 'Get_StaticReturnItem' but not marked as 'override'
SCRIPT    (W): @"GarbageSearch/Scripts/4_World/garbagescriptclass.c,218": FIX-ME: Overriding function 'Get_StaticReturnItem' but not marked as 'override'
SCRIPT    (W): @"BPcamping_O\scripts\4_world/door\bp_doors.c,158": FIX-ME: Overriding function 'CheckFenceClosed' but not marked as 'override'
SCRIPT    (W): @"BPcamping_O\scripts\4_world/door\bp_doors.c,185": FIX-ME: Overriding function 'GateAttachmentsSanityCheck' but not marked as 'override'
SCRIPT    (W): @"BPcamping_O\scripts\4_world/door\bp_doors.c,197": FIX-ME: Overriding function 'GateAttachmentConditions' but not marked as 'override'
SCRIPT    (W): @"BP_Shelf_O\scripts\4_world/entities\windgenerator.c,27": FIX-ME: Overloaded method 'CanPutIntoHands', argument name 'player' differs from prototype 'parent'
SCRIPT    (W): @"GarbageSearch/Scripts/4_World/garbagescriptclass.c,289": FIX-ME: Overriding function 'Get_StaticReturnItem' but not marked as 'override'
SCRIPT    (W): @"GarbageSearch/Scripts/4_World/garbagescriptclass.c,150": FIX-ME: Overriding function 'Get_StaticReturnItem' but not marked as 'override'
SCRIPT    (W): @"BP_Shelf_O\scripts\4_world/entities\garden\bp_gardenbox_steel.c,62": FIX-ME: Overriding function 'RefreshSlots' but not marked as 'override'
SCRIPT    (W): @"BP_Shelf_O\scripts\4_world/entities\furniture\bp_water_collector.c,12": FIX-ME: Overriding function 'UpdateVisualState' but not marked as 'override'
SCRIPT    (W): @"BP_Shelf_O\scripts\4_world/entities\furniture\bp_sm_locker_kit.c,68": FIX-ME: Overriding function 'UpdateVisualState' but not marked as 'override'
SCRIPT    (W): @"CodeLock/scripts/4_world/gui\setcodemenu.c,31": FIX-ME: Overriding function 'CheckState' but not marked as 'override'
SCRIPT    (W): @"BP_Grenade_launchers_O/scripts/4_World/ь*њюЭ.rvmat,39": FIX-ME: Overriding function 'Delete' but not marked as 'override'
SCRIPT    (W): @"GarbageSearch/Scripts/4_World/garbagescriptclass.c,79": FIX-ME: Overriding function 'Get_StaticReturnItem' but not marked as 'override'
SCRIPT    (W): @"CBD_LootRoomsSystem/Scripts/4_World/enities\cbd_vehilceparts.c,6": FIX-ME: Method argument can't be strong reference
SCRIPT    (W): @"GarbageSearch/Scripts/4_World/garbagescriptclass.c,93": FIX-ME: Overriding function 'Get_StaticReturnItem' but not marked as 'override'
SCRIPT    (W): @"GarbageSearch/Scripts/4_World/garbagescriptclass.c,100": FIX-ME: Overriding function 'Get_StaticReturnItem' but not marked as 'override'
SCRIPT    (W): @"JunkYardDogV4/scripts/4_World/junkyardscriptclass.c,439": FIX-ME: Overriding function 'Get_StaticReturnItem' but not marked as 'override'
SCRIPT    (W): @"BP_Workbench/scripts/4_World/entities\itembase\bp_workbench_static.c,34": FIX-ME: Overriding function 'SetActions' but not marked as 'override'
SCRIPT    (W): @"GarbageSearch/Scripts/4_World/garbagescriptclass.c,296": FIX-ME: Overriding function 'Get_StaticReturnItem' but not marked as 'override'
SCRIPT    (W): @"BP_Shelf_O\scripts\4_world/entities\garden\garden.c,62": FIX-ME: Overriding function 'RefreshSlots' but not marked as 'override'
SCRIPT    (W): @"BP_Shelf_O\scripts\4_world/entities\woodstorage.c,15": FIX-ME: Overriding function 'SetPartsAfterStoreLoad' but not marked as 'override'
SCRIPT    (W): @"GarbageSearch/Scripts/4_World/garbagescriptclass.c,303": FIX-ME: Overriding function 'Get_StaticReturnItem' but not marked as 'override'
SCRIPT    (W): @"GarbageSearch/Scripts/4_World/garbagescriptclass.c,71": FIX-ME: Overriding function 'Get_StaticReturnItem' but not marked as 'override'
SCRIPT    (W): @"BP_Workbench/scripts/4_World/craftmanager\hud\oneitemforctaft.c,22": FIX-ME: Unsafe down-casting, use 'EntityAI.Cast' for safe down-casting
SCRIPT    (W): @"BP_Workbench/scripts/4_World/craftmanager\hud\crafthud.c,454": FIX-ME: Undefined function 'DayZGame.GetMousePos'
SCRIPT    (W): @"CBD_LootRoomsSystem/Scripts/4_World/modules\cbd_cfmodule.c,142": Possible variable name conflict 'settings'
SCRIPT    (W): @"CBD_LootRoomsSystem/Scripts/4_World/modules\cbd_cfmodule.c,397": Possible variable name conflict 'settings'
SCRIPT    (W): @"CBD_LootRoomsSystem/Scripts/4_World/modules\cbd_cfmodule.c,981": No need to use 'Cast' for up-casting
SCRIPT    (W): @"CodeLock/scripts/4_world/actions\continuous\actiondestroycodelockontent.c,73": Possible variable name conflict '_Health'
SCRIPT    (W): @"CodeLock/scripts/4_world/actions\continuous\actiondestroycodelockonfence.c,67": Possible variable name conflict '_Health'
SCRIPT    (W): @"GarbageSearch/Scripts/4_World/actionsearchgarbage.c,151": No need to use 'Cast' for up-casting
SCRIPT    (W): @"GarbageSearch/Scripts/4_World/actionsearchgarbage.c,157": No need to use 'Cast' for up-casting
SCRIPT    (W): @"GarbageSearch/Scripts/4_World/actionsearchgarbage.c,211": No need to use 'Cast' for up-casting
SCRIPT    (W): @"HelziMagazineLoading_SERVER/Scripts/4_World/classes\utils.c,103": FIX-ME: Unsafe down-casting, use 'Magazine.Cast' for safe down-casting
SCRIPT    (W): @"HelziMagazineLoading_SERVER/Scripts/4_World/classes\utils.c,162": FIX-ME: Unsafe down-casting, use 'Magazine.Cast' for safe down-casting
SCRIPT    (W): @"HelziMagazineLoading_SERVER/Scripts/4_World/classes\utils.c,221": FIX-ME: Unsafe down-casting, use 'Magazine.Cast' for safe down-casting
SCRIPT    (W): @"HelziMagazineLoading_SERVER/Scripts/4_World/classes\ammobox.c,286": FIX-ME: Unsafe down-casting, use 'Magazine.Cast' for safe down-casting
SCRIPT    (W): @"HelziMagazineLoading_SERVER/Scripts/4_World/classes\ammobox.c,317": FIX-ME: Unsafe down-casting, use 'Magazine.Cast' for safe down-casting
SCRIPT    (W): @"HelziMagazineLoading_SERVER/Scripts/4_World/classes\ammobox.c,348": FIX-ME: Unsafe down-casting, use 'Magazine.Cast' for safe down-casting
SCRIPT    (W): @"InediaInfectedAI/scripts/4_World/inediainfectedai\entities\creatures\infected\zombiebase.c,3251": Possible variable name conflict 'm_BloodParticle'
SCRIPT    (W): @"JunkYardDogV4/scripts/4_World/actionsalvagewreck.c,180": No need to use 'Cast' for up-casting
SCRIPT    (W): @"JunkYardDogV4/scripts/4_World/actionsalvagewreck.c,299": No need to use 'Cast' for up-casting
SCRIPT    (W): @"KTWorkbenchClient/scripts/4_World/pluginmanager\crafthandlerclient\craft\craftmethod.c,747": FIX-ME: Unsafe down-casting, use 'ItemBase.Cast' for safe down-casting
SCRIPT    (W): @"Weapons/Scripts/4_World/itembase\jmc_prototype_optic.c,76": FIX-ME: Unsafe down-casting, use 'PlayerBase.Cast' for safe down-casting
SCRIPT       : [HeliCrashNewConfig] config found, loading...
SCRIPT       : Registering faction type eAIFactionLunatics ID 1167351711
SCRIPT       : Registering faction type eAIFactionInfected ID 1371958374
SCRIPT    (W): @"KTWorkbenchClient/scripts/5_Mission/dayzone\gui\craft\resulttagshandler\resulttagshandler.c,24": Missing ';' at the end of line
SCRIPT    (W): @"KTWorkbenchClient/scripts/5_Mission/dayzone\gui\craft\queuepanel\queueitem.c,125": Missing ';' at the end of line
SCRIPT    (W): @"BP_Workbench/scripts/5_Mission/mission\missionserver.c,10": FIX-ME: Overriding function 'InvokeOnConnect' but not marked as 'override'
SCRIPT    (W): @"ZenUtilities/scripts/5_mission/missionserver.c,15": FIX-ME: Overriding function 'InvokeOnDisconnect' but not marked as 'override'
SCRIPT    (W): @"ammoPackingunpackingmod\Scripts\5_Mission/mg&msclass.c,51": FIX-ME: Method argument can't be strong reference
SCRIPT    (W): @"ammoPackingunpackingmod\Scripts\5_Mission/mg&msclass.c,51": FIX-ME: Method argument can't be strong reference
SCRIPT    (W): @"ammoPackingunpackingmod\Scripts\5_Mission/mg&msclass.c,51": FIX-ME: Method argument can't be strong reference
SCRIPT    (W): @"ammoPackingunpackingmod\Scripts\5_Mission/mg&msclass.c,59": FIX-ME: Method argument can't be strong reference
SCRIPT    (W): @"ammoPackingunpackingmod\Scripts\5_Mission/mg&msclass.c,59": FIX-ME: Method argument can't be strong reference
SCRIPT    (W): @"ammoPackingunpackingmod\Scripts\5_Mission/mg&msclass.c,59": FIX-ME: Method argument can't be strong reference
SCRIPT    (W): @"ammoPackingunpackingmod\Scripts\5_Mission/mg&msclass.c,67": FIX-ME: Method argument can't be strong reference
SCRIPT    (W): @"ammoPackingunpackingmod\Scripts\5_Mission/mg&msclass.c,67": FIX-ME: Method argument can't be strong reference
SCRIPT    (W): @"ammoPackingunpackingmod\Scripts\5_Mission/mg&msclass.c,67": FIX-ME: Method argument can't be strong reference
SCRIPT    (W): @"ammoPackingunpackingmod\Scripts\5_Mission/mg&msclass.c,16": FIX-ME: Method argument can't be strong reference
SCRIPT    (W): @"ammoPackingunpackingmod\Scripts\5_Mission/mg&msclass.c,16": FIX-ME: Method argument can't be strong reference
SCRIPT    (W): @"ammoPackingunpackingmod\Scripts\5_Mission/mg&msclass.c,16": FIX-ME: Method argument can't be strong reference
SCRIPT    (W): @"ammoPackingunpackingmod\Scripts\5_Mission/mg&msclass.c,22": FIX-ME: Method argument can't be strong reference
SCRIPT    (W): @"ammoPackingunpackingmod\Scripts\5_Mission/mg&msclass.c,22": FIX-ME: Method argument can't be strong reference
SCRIPT    (W): @"ammoPackingunpackingmod\Scripts\5_Mission/mg&msclass.c,22": FIX-ME: Method argument can't be strong reference
SCRIPT    (W): @"ammoPackingunpackingmod\Scripts\5_Mission/mg&msclass.c,28": FIX-ME: Method argument can't be strong reference
SCRIPT    (W): @"ammoPackingunpackingmod\Scripts\5_Mission/mg&msclass.c,28": FIX-ME: Method argument can't be strong reference
SCRIPT    (W): @"ammoPackingunpackingmod\Scripts\5_Mission/mg&msclass.c,28": FIX-ME: Method argument can't be strong reference
SCRIPT    (W): @"bl_crafting_ex\scripts\5_Mission/missiongameplay.c,15": FIX-ME: Method argument can't be strong reference
SCRIPT    (W): @"bl_crafting_ex\scripts\5_Mission/missiongameplay.c,15": FIX-ME: Method argument can't be strong reference
SCRIPT    (W): @"bl_crafting_ex\scripts\5_Mission/missiongameplay.c,15": FIX-ME: Method argument can't be strong reference
SCRIPT    (W): @"bl_crafting_ex\scripts\5_Mission/missionserver.c,14": FIX-ME: Method argument can't be strong reference
SCRIPT    (W): @"bl_crafting_ex\scripts\5_Mission/missionserver.c,14": FIX-ME: Method argument can't be strong reference
SCRIPT    (W): @"bl_crafting_ex\scripts\5_Mission/missionserver.c,14": FIX-ME: Method argument can't be strong reference
SCRIPT    (W): @"BP_Shelf_O/scripts/5_Mission/attachments.c,3": FIX-ME: Overriding function 'VerifyIconImageString' but not marked as 'override'
SCRIPT    (W): @"KTWorkbenchClient/scripts/5_Mission/dayzone\gui\components\layoutwrapper.c,101": FIX-ME: Unsafe down-casting, use 'Managed.Cast' for safe down-casting
SCRIPT    (W): @"KTWorkbenchClient/scripts/5_Mission/dayzone\gui\components\layoutwrapper.c,109": FIX-ME: Unsafe down-casting, use 'Managed.Cast' for safe down-casting
SCRIPT    (W): @"KTWorkbenchClient/scripts/5_Mission/dayzone\gui\components\layoutwrapper.c,117": FIX-ME: Unsafe down-casting, use 'Managed.Cast' for safe down-casting
SCRIPT    (W): @"KTWorkbenchClient/scripts/5_Mission/dayzone\gui\components\layoutwrapper.c,125": FIX-ME: Unsafe down-casting, use 'Managed.Cast' for safe down-casting
SCRIPT    (W): @"KTWorkbenchClient/scripts/5_Mission/dayzone\gui\components\layoutwrapper.c,133": FIX-ME: Unsafe down-casting, use 'Managed.Cast' for safe down-casting
SCRIPT    (W): @"KTWorkbenchClient/scripts/5_Mission/dayzone\gui\components\layoutwrapper.c,141": FIX-ME: Unsafe down-casting, use 'Managed.Cast' for safe down-casting
SCRIPT    (W): @"KTWorkbenchClient/scripts/5_Mission/dayzone\gui\components\layoutwrapper.c,149": FIX-ME: Unsafe down-casting, use 'Managed.Cast' for safe down-casting
SCRIPT    (W): @"KTWorkbenchClient/scripts/5_Mission/dayzone\gui\components\layoutwrapper.c,157": FIX-ME: Unsafe down-casting, use 'Managed.Cast' for safe down-casting
SCRIPT    (W): @"KTWorkbenchClient/scripts/5_Mission/dayzone\gui\components\layoutwrapper.c,165": FIX-ME: Unsafe down-casting, use 'Managed.Cast' for safe down-casting
SCRIPT    (W): @"KTWorkbenchClient/scripts/5_Mission/dayzone\gui\components\layoutwrapper.c,173": FIX-ME: Unsafe down-casting, use 'Managed.Cast' for safe down-casting
SCRIPT    (W): @"KTWorkbenchClient/scripts/5_Mission/dayzone\gui\components\layoutwrapper.c,181": FIX-ME: Unsafe down-casting, use 'Managed.Cast' for safe down-casting
SCRIPT    (W): @"KTWorkbenchClient/scripts/5_Mission/dayzone\gui\components\layoutwrapper.c,189": FIX-ME: Unsafe down-casting, use 'Managed.Cast' for safe down-casting
SCRIPT    (W): @"KTWorkbenchClient/scripts/5_Mission/dayzone\gui\components\layoutwrapper.c,197": FIX-ME: Unsafe down-casting, use 'Managed.Cast' for safe down-casting
SCRIPT    (W): @"KTWorkbenchClient/scripts/5_Mission/dayzone\gui\components\layoutwrapper.c,205": FIX-ME: Unsafe down-casting, use 'Managed.Cast' for safe down-casting
SCRIPT    (W): @"KTWorkbenchClient/scripts/5_Mission/dayzone\gui\components\layoutwrapper.c,213": FIX-ME: Unsafe down-casting, use 'Managed.Cast' for safe down-casting
SCRIPT    (W): @"KTWorkbenchClient/scripts/5_Mission/dayzone\gui\craft\resultscarousel\resultscarouselitem.c,50": FIX-ME: Unsafe down-casting, use 'ItemBase.Cast' for safe down-casting
SCRIPT    (W): @"KTWorkbenchClient/scripts/5_Mission/dayzone\gui\craft\recipecontentpanel\ingredientspanel\ingredientitem.c,192": Possible variable name conflict 'pseudoClass'
SCRIPT    (W): @"KTWorkbenchClient/scripts/5_Mission/dayzone\gui\craft\recipecontentpanel\recipecontentpanel.c,109": FIX-ME: Unsafe down-casting, use 'ItemBase.Cast' for safe down-casting
SCRIPT    (W): @"KTWorkbenchClient/scripts/5_Mission/dayzone\gui\craft\recipecontentpanel\recipecontentpanel.c,185": FIX-ME: Unsafe down-casting, use 'EntityAI.Cast' for safe down-casting
SCRIPT    (W): @"KTWorkbenchClient/scripts/5_Mission/dayzone\gui\craft\recipecontentpanel\recipecontentpanel.c,299": FIX-ME: Unsafe down-casting, use 'ItemBase.Cast' for safe down-casting
SCRIPT    (W): @"KTWorkbenchClient/scripts/5_Mission/dayzone\gui\craft\tooltip\ingredientpreview.c,103": FIX-ME: Unsafe down-casting, use 'ItemBase.Cast' for safe down-casting
SCRIPT    (W): @"KTWorkbenchClient/scripts/5_Mission/dayzone\gui\craft\tooltip\ingredientpseudoitempreview.c,42": FIX-ME: Unsafe down-casting, use 'ItemBase.Cast' for safe down-casting
SCRIPT    (W): @"SearchInventory/Scripts/5_Mission/uihelper\ui\uisearchinventorywindow.c,338": FIX-ME: Undefined function 'DayZGame.GetMousePos'
SCRIPT       : 12:57:49.410 [EXPANSION DEBUG]: [ExpansionDebugSettings] Load existing setting file:$profile:ExpansionMod\Settings\DebugSettings.json
SCRIPT       : 12:57:49.410 [EXPANSION DEBUG]: [ExpansionLogSettings] Load existing setting file:$profile:ExpansionMod\Settings\LogsSettings.json
SCRIPT       : 12:57:49.428 [EXPANSION DEBUG]: [ExpansionNotificationSettings] Load existing setting file:$profile:ExpansionMod\Settings\NotificationSettings.json
SCRIPT       : 12:57:49.440 [EXPANSION DEBUG]: [ExpansionMonitoringSettings] Load existing setting file:$profile:ExpansionMod\Settings\MonitoringSettings.json
SCRIPT       : 12:57:49.440 [EXPANSION DEBUG]: [ExpansionDamageSystemSettings] Load existing setting file:$profile:ExpansionMod\Settings\DamageSystemSettings.json
SCRIPT       : 12:57:49.440 [EXPANSION DEBUG]: [ExpansionMarketSettings] Load existing setting file:$mission:expansion\settings\MarketSettings.json
SCRIPT       : ExpansionMarketSettings::LoadCategories - Adding category ID 1 (Ammo)
SCRIPT       : ExpansionMarketSettings::LoadCategories - Adding category ID 2 (Ammo_Boxes)
SCRIPT       : ExpansionMarketSettings::LoadCategories - Adding category ID 3 (Armbands)
SCRIPT       : ExpansionMarketSettings::LoadCategories - Adding category ID 4 (Assault_Rifles)
SCRIPT       : ExpansionMarketSettings::LoadCategories - Adding category ID 5 (Backpacks)
SCRIPT       : ExpansionMarketSettings::LoadCategories - Adding category ID 6 (Bandanas)
SCRIPT       : ExpansionMarketSettings::LoadCategories - Adding category ID 7 (Batteries)
SCRIPT       : ExpansionMarketSettings::LoadCategories - Adding category ID 8 (Bayonets)
SCRIPT       : ExpansionMarketSettings::LoadCategories - Adding category ID 9 (Belts)
SCRIPT       : ExpansionMarketSettings::LoadCategories - Adding category ID 10 (Blouses_And_Suits)
SCRIPT       : ExpansionMarketSettings::LoadCategories - Adding category ID 11 (Boots_And_Shoes)
SCRIPT       : ExpansionMarketSettings::LoadCategories - Adding category ID 12 (Buttstocks)
SCRIPT       : ExpansionMarketSettings::LoadCategories - Adding category ID 13 (Caps)
SCRIPT       : ExpansionMarketSettings::LoadCategories - Adding category ID 14 (Cars)
SCRIPT       : ExpansionMarketSettings::LoadCategories - Adding category ID 15 (Coats_And_Jackets)
SCRIPT       : ExpansionMarketSettings::LoadCategories - Adding category ID 16 (Containers)
SCRIPT       : ExpansionMarketSettings::LoadCategories - Adding category ID 17 (Crossbows)
SCRIPT       : ExpansionMarketSettings::LoadCategories - Adding category ID 18 (Drinks)
SCRIPT       : ExpansionMarketSettings::LoadCategories - Adding category ID 19 (Electronics)
SCRIPT       : ExpansionMarketSettings::LoadCategories - Adding category ID 20 (Event)
SCRIPT       : ExpansionMarketSettings::LoadCategories - Adding category ID 21 (Exchange)
SCRIPT       : ExpansionMarketSettings::LoadCategories - Adding category ID 22 (Explosives_And_Grenades)
SCRIPT       : ExpansionMarketSettings::LoadCategories - Adding category ID 23 (Eyewear)
SCRIPT       : ExpansionMarketSettings::LoadCategories - Adding category ID 24 (Fish)
SCRIPT       : ExpansionMarketSettings::LoadCategories - Adding category ID 25 (Fishing)
SCRIPT       : ExpansionMarketSettings::LoadCategories - Adding category ID 26 (Flags)
SCRIPT       : ExpansionMarketSettings::LoadCategories - Adding category ID 27 (Food)
SCRIPT       : ExpansionMarketSettings::LoadCategories - Adding category ID 28 (Fruit_And_Vegetables)
SCRIPT       : ExpansionMarketSettings::LoadCategories - Adding category ID 29 (Furnishings)
SCRIPT       : ExpansionMarketSettings::LoadCategories - Adding category ID 30 (Gardening)
SCRIPT       : ExpansionMarketSettings::LoadCategories - Adding category ID 31 (Ghillies)
SCRIPT       : ExpansionMarketSettings::LoadCategories - Adding category ID 32 (Gloves)
SCRIPT       : ExpansionMarketSettings::LoadCategories - Adding category ID 33 (Handguards)
SCRIPT       : ExpansionMarketSettings::LoadCategories - Adding category ID 34 (Hats_And_Hoods)
SCRIPT       : ExpansionMarketSettings::LoadCategories - Adding category ID 35 (Helmets)
SCRIPT       : ExpansionMarketSettings::LoadCategories - Adding category ID 36 (Holsters_And_Pouches)
SCRIPT       : ExpansionMarketSettings::LoadCategories - Adding category ID 37 (Kits)
SCRIPT       : ExpansionMarketSettings::LoadCategories - Adding category ID 38 (Knifes)
SCRIPT       : ExpansionMarketSettings::LoadCategories - Adding category ID 39 (Lights)
SCRIPT       : ExpansionMarketSettings::LoadCategories - Adding category ID 40 (Liquids)
SCRIPT       : ExpansionMarketSettings::LoadCategories - Adding category ID 41 (Locks)
SCRIPT       : ExpansionMarketSettings::LoadCategories - Adding category ID 42 (Magazines)
SCRIPT       : ExpansionMarketSettings::LoadCategories - Adding category ID 43 (Masks)
SCRIPT       : ExpansionMarketSettings::LoadCategories - Adding category ID 44 (Meat)
SCRIPT       : ExpansionMarketSettings::LoadCategories - Adding category ID 45 (Medical)
SCRIPT       : ExpansionMarketSettings::LoadCategories - Adding category ID 46 (Melee_Weapons)
SCRIPT       : ExpansionMarketSettings::LoadCategories - Adding category ID 47 (Muzzles)
SCRIPT       : ExpansionMarketSettings::LoadCategories - Adding category ID 48 (Navigation)
SCRIPT       : ExpansionMarketSettings::LoadCategories - Adding category ID 49 (Optics)
SCRIPT       : ExpansionMarketSettings::LoadCategories - Adding category ID 50 (Pants_And_Shorts)
SCRIPT       : ExpansionMarketSettings::LoadCategories - Adding category ID 51 (Pistols)
SCRIPT       : ExpansionMarketSettings::LoadCategories - Adding category ID 52 (Rifles)
SCRIPT       : ExpansionMarketSettings::LoadCategories - Adding category ID 53 (Shirts_And_TShirts)
SCRIPT       : ExpansionMarketSettings::LoadCategories - Adding category ID 54 (Shotguns)
SCRIPT       : ExpansionMarketSettings::LoadCategories - Adding category ID 55 (Skirts_And_Dresses)
SCRIPT       : ExpansionMarketSettings::LoadCategories - Adding category ID 56 (Sniper_Rifles)
SCRIPT       : ExpansionMarketSettings::LoadCategories - Adding category ID 57 (Submachine_Guns)
SCRIPT       : ExpansionMarketSettings::LoadCategories - Adding category ID 58 (Supplies)
SCRIPT       : ExpansionMarketSettings::LoadCategories - Adding category ID 59 (Sweaters_And_Hoodies)
SCRIPT       : ExpansionMarketSettings::LoadCategories - Adding category ID 60 (Tents)
SCRIPT       : ExpansionMarketSettings::LoadCategories - Adding category ID 61 (Tools)
SCRIPT       : ExpansionMarketSettings::LoadCategories - Adding category ID 62 (Vehicle_Parts)
SCRIPT       : ExpansionMarketSettings::LoadCategories - Adding category ID 63 (Vests)
SCRIPT       : MARKET CONFIGURATION ERROR: Can't add nvgoggles to trader Components - item does not exist in market
Use https://github.com/lava76/check_expansion_market_variants/releases to fix
SCRIPT       : TRADER CONFIGURATION ERROR: Category Launchers in Weapons does not exist!
SCRIPT       : 12:57:50.076 [EXPANSION DEBUG]: ExpansionAILocationSettings<c0eb2b80> Load existing setting file:$mission:expansion\settings\AILocationSettings.json
SCRIPT       : 12:57:50.086 [EXPANSION DEBUG]: [ExpansionAISettings] Load existing setting file:$profile:ExpansionMod\Settings\AISettings.json
SCRIPT       : 12:57:50.090 [EXPANSION DEBUG]: [ExpansionAIPatrolSettings] Load existing setting file:$mission:expansion\settings\AIPatrolSettings.json
SCRIPT       : [HelziMagazineLoading | CLIENT MOD] - Version client mod: 1.26 (Stable)...
SCRIPT       : [HelziMagazineLoading | CLIENT MOD] - The client started looking for the server part of the mod!
SCRIPT       : [HelziMagazineLoading | SERVER MOD] - Version server mod: 1.26 (Stable)...
SCRIPT       : [HelziMagazineLoading | SERVER MOD] - The client part has been found, the mod is in stable operation!
SCRIPT       : Vanilla++ AdminTools Plugins Registering..
SCRIPT       : [TERJE CORE](INFO): Loaded 12 settings from the Core.cfg
SCRIPT       : [TERJE CORE](INFO): Loaded 290 settings from the Medicine.cfg
SCRIPT       : [TERJE CORE](INFO): Loaded 185 settings from the Skills.cfg
SCRIPT       : [TERJE CORE](INFO): Loaded 53 settings from the StartScreen.cfg
SCRIPT       : [TERJE CORE](INFO): Registered 5 custom recipes.
SCRIPT       : [WebHooksManager] Loading Saved Webhooks configuration
SCRIPT       : Spawning Building [Land_Misc_FireBarrel_Yellow-540057617]
SCRIPT       : Expansion version: 1.9.38
SCRIPT       : [#CBD_LootSystem] Has Loaded successfully!
SCRIPT       : [DefineTest] EXPANSIONMODAI is defined
SCRIPT       : [DefineTest] EXPANSIONMODCORE is defined
SCRIPT       : [DefineTest] EXPANSIONMODMARKET is defined
SCRIPT       : [DefineTest] EXPANSIONMODP2PMARKET is defined
SCRIPT       : [DefineTest] CfgMods:
SCRIPT       : defaultAction
SCRIPT       : DayZ
SCRIPT       : AM_Define
SCRIPT       : DZ_Expansion_AI_Preload
SCRIPT       : DZ_Expansion_Core_Preload
SCRIPT       : DZ_Expansion_Market_Preload
SCRIPT       : DZ_Expansion_ModStorage_Preload
SCRIPT       : DZ_Expansion_P2PMarket_Preload
SCRIPT       : AimSounds
SCRIPT       : ExtraFarmingItems
SCRIPT       : dry_gully_structures_fireplace
SCRIPT       : dz_yanova_scripts
SCRIPT       : SobrMods_Barrel_Fix
SCRIPT       : bl_crafting
SCRIPT       : BLR_Carlock
SCRIPT       : BP_Mine_Land
SCRIPT       : BP_Smot_O
SCRIPT       : BP_Workbench
SCRIPT       : BPcamping_O
SCRIPT       : BPGuns
SCRIPT       : CBD_LootRoomsSystem
SCRIPT       : CodeLock
SCRIPT       : DabsFramework
SCRIPT       : DZ_Expansion_DefineTest
SCRIPT       : NoBuildZones
SCRIPT       : sakhal
SCRIPT       : EarPlugs
SCRIPT       : FireplaceIndoor
SCRIPT       : Flag80MeterRadius
SCRIPT       : GarbageSearch
SCRIPT       : GoreZ
SCRIPT       : Gos_nomer_Rusforma
SCRIPT       : HarksBloodPlague
SCRIPT       : HelziMagazineLoading_CLIENT
SCRIPT       : HelziMagazineLoading_SERVER
SCRIPT       : InediaInfectedAI
SCRIPT       : InventoryInCar
SCRIPT       : DZ_InventoryMoveSounds
SCRIPT       : JM_CommunityFramework
SCRIPT       : JunkYardDogV4
SCRIPT       : KTWorkbenchClient
SCRIPT       : PvZmoD_Spawn_System
SCRIPT       : LoftDmodGR_scripts
SCRIPT       : MountsAndSights
SCRIPT       : PVEZ
SCRIPT       : RaG_Immersive_Wells
SCRIPT       : RealisticDisplayQuantity
SCRIPT       : RiriteoPlants
SCRIPT       : SagaTreeShake
SCRIPT       : SIN_SearchInventory
SCRIPT       : ServerConfig_GS
SCRIPT       : ServerConfig_JD
SCRIPT       : STAG_Industries
SCRIPT       : StaminaRevised
SCRIPT       : Z_CfgMods_SuppPlus_O
SCRIPT       : Survivalists_Weapons_JMC
SCRIPT       : TerjeCore
SCRIPT       : TerjeMedicine
SCRIPT       : TerjePartyMod
SCRIPT       : TerjeSkills
SCRIPT       : TerjeSleepingBag
SCRIPT       : TerjeStartScreen
SCRIPT       : TWOC_CombineItems
SCRIPT       : Utopia_Patrol_Helicopter_Scripts
SCRIPT       : Z_CfgMods_VanillaDoubleMag_O
SCRIPT       : AVPPAdminTools
SCRIPT       : DeerIsle_Weapons
SCRIPT       : WindstrideClothing
SCRIPT       : ZenTerritories
SCRIPT       : ZenUtilities
SCRIPT       : AlteriaScripts
SCRIPT       : ND_ammoMaking
SCRIPT       : BP2_Mods
SCRIPT       : BPChees
SCRIPT       : BPprops
SCRIPT       : DZ_Expansion_ModStorage
SCRIPT       : FOG_MOD
SCRIPT       : InediaTerjeCompatibility
SCRIPT       : rag_immersive_vehicles
SCRIPT       : rag_baseitems
SCRIPT       : SimpleLootChests
SCRIPT       : STAG_Clothing_6sh118
SCRIPT       : STAG_Clothing_ArmyBack
SCRIPT       : TerjeCompatibilityVPP
SCRIPT       : BP_Uaz
SCRIPT       : Uaz_soba
SCRIPT       : Utopia_Patrol_Helicopter_Public
SCRIPT       : A3_UI_F
SCRIPT       : artillery_tractor
SCRIPT       : AZLK_2141RF
SCRIPT       : azlk_400
SCRIPT       : BP_F100
SCRIPT       : BP_Uaz452
SCRIPT       : BPMelee
SCRIPT       : BRDM2_RF
SCRIPT       : BTR_80
SCRIPT       : DZ_Expansion_Core
SCRIPT       : DZ_Expansion_Market
SCRIPT       : DZ_Expansion_NotificationScheduler
SCRIPT       : DZ_Expansion_P2PMarket
SCRIPT       : DZ_Expansion_VanillaFixes
SCRIPT       : dodge_power_wagonrus
SCRIPT       : F1_Pickup
SCRIPT       : FC_Fish_Equip
SCRIPT       : GAZ21_Volga
SCRIPT       : GAZ_12
SCRIPT       : GAZ_13_Chaika
SCRIPT       : Gaz_233002_Tiger
SCRIPT       : GAZ_3110_volga
SCRIPT       : GAZ_33081
SCRIPT       : gaz_51
SCRIPT       : Gaz_53RF
SCRIPT       : GAZ_66
SCRIPT       : GAZ_69_rus
SCRIPT       : GAZ_M20
SCRIPT       : IJ_2125_Kombi
SCRIPT       : ij_2715_RF
SCRIPT       : kamaz_4310RUS
SCRIPT       : KAVZ685_RF
SCRIPT       : kraz_255B
SCRIPT       : KubanG1
SCRIPT       : Niva2329
SCRIPT       : LIAZ_677RF
SCRIPT       : LoftDmodGR_Core
SCRIPT       : LoftdmodGR_Gear
SCRIPT       : LoftDmodGR_Military
SCRIPT       : LoftdmodGR_weapons
SCRIPT       : LUAZ_969
SCRIPT       : moskvich_407
SCRIPT       : MTLB_RF
SCRIPT       : Nomadbackpack_v3
SCRIPT       : PAZ_672
SCRIPT       : terjearmorfog
SCRIPT       : RaG_BaseBuilding
SCRIPT       : tractor_UMZ_RUS
SCRIPT       : UAZ_27722_mchs
SCRIPT       : UAZ_31519_Police
SCRIPT       : UAZ_3163
SCRIPT       : UAZ_3172
SCRIPT       : UAZ_33094
SCRIPT       : UAZ_3962
SCRIPT       : UAZ_469_army
SCRIPT       : UAZ_469_Hunter
SCRIPT       : UAZ_469_milicia
SCRIPT       : UAZ_Patrot_Pikap
SCRIPT       : URAL_375_1964
SCRIPT       : VAZ_2104RF
SCRIPT       : VAZ_2105_RUS
SCRIPT       : vaz_2106_RF
SCRIPT       : VAZ_2107RF
SCRIPT       : VAZ_21099R
SCRIPT       : VAZ_2109_RF
SCRIPT       : VBL
SCRIPT       : Volkswagen_Golf_RUS
SCRIPT       : ZAZ_965
SCRIPT       : ZAZ_968
SCRIPT       : ZAZ_968M
SCRIPT       : zHorde
SCRIPT       : ZIL133_double
SCRIPT       : ZIL_130
SCRIPT       : ZIL_130_ac40
SCRIPT       : ZIL_131
SCRIPT       : ZIL_157_rus
SCRIPT       : IJ_2140_SL
SCRIPT       : bl_camp
SCRIPT       : BP_Grenade_launchers
SCRIPT       : BP_Grenade_launchers_O
SCRIPT       : BP_Shelf_Mods
SCRIPT       : BP_Shelf_O
SCRIPT       : BP_Smot
SCRIPT       : BPcamping
SCRIPT       : BP_Food_Mods
SCRIPT       : BPZombie_Mods
SCRIPT       : CookZ
SCRIPT       : DZ_Expansion_AI
SCRIPT       : DayZ_Expansion_AI_Dynamic
SCRIPT       : KB_Workbench
SCRIPT       : LoftD_old_size
SCRIPT       : LoftDmodGR
SCRIPT       : LoftdmodGR_Bijouterie
SCRIPT       : LoftDmodGR_Civilian
SCRIPT       : AIWarZones
SCRIPT       : BP1_Mods
SCRIPT       : BP3
SCRIPT       : PVEZ :: Will use config files in profiles
SCRIPT       : [CookZ] Successfully loaded configuration.
SCRIPT       : [Server_Config_GarbageSearch]- 	Checking For Config Files
SCRIPT       : [Server_Config_GarbageSearch]- 	Found Config Files!
SCRIPT       : [Server_Config_JunkYardDog]- 	Checking For Config Files
SCRIPT       : [Server_Config_JunkYardDog]- 	Found Config Files!
SCRIPT       : [SagaTreeShake] Loaded settings (version 4)
SCRIPT       : [SagaTreeShake] MissionServer.OnInit ensured settings are loaded
SCRIPT       : [MissionServer] OnInit - Server
SCRIPT       : [INFO] Config loaded successfully.
SCRIPT       : [INFO] HordeManager initialized.
SCRIPT       : [BLCraftables] OnInit
SCRIPT       : [BLCraftables] --- Loading Config.
SCRIPT       : [AYSA] [AI WAR ZONES] 
SCRIPT       : [AYSA] ----- Loading cfg -----
SCRIPT       : [AYSA] [AI WAR ZONES] --> config loaded, zone count: 8
SCRIPT       : [AYSA] [AI WAR ZONES] --> Zone[0]: The Raid near Old Castle
SCRIPT       : [AYSA] [AI WAR ZONES] --> Zone[1]: Quarry Conundrum
SCRIPT       : [AYSA] [AI WAR ZONES] --> Zone[2]: Cassandra City Hall
SCRIPT       : [AYSA] [AI WAR ZONES] --> Zone[3]: Raid on Old Castle
SCRIPT       : [AYSA] [AI WAR ZONES] --> Zone[4]: South Harbour - Milvan Mayhem
SCRIPT       : [AYSA] [AI WAR ZONES] --> Zone[5]: Ruin-Town Rumble
SCRIPT       : [AYSA] [AI WAR ZONES] --> Zone[6]: Kefka Kalamity
SCRIPT       : [AYSA] [AI WAR ZONES] --> Zone[7]: The Fight For Control - Airfield
SCRIPT       : Harks Blood Plague Mod Loaded....
SCRIPT       : 12:59:21.169 [EXPANSION DEBUG]: LoadMissionTradersFile trader ExpansionTraderGuo<73622020> fileName Consumables
SCRIPT       : 12:59:21.169 [EXPANSION DEBUG]: ExpansionTraderGuo<73622020>::SetTraderObject ExpansionTraderObjectBase<73616b60> <2266.186768, 94.534958, 6326.870117>
SCRIPT       : 12:59:21.319 [EXPANSION DEBUG]: LoadMissionTradersFile trader ExpansionTraderFrancis<7084e010> fileName Fishing
SCRIPT       : 12:59:21.319 [EXPANSION DEBUG]: ExpansionTraderFrancis<7084e010>::SetTraderObject ExpansionTraderObjectBase<73a36a60> <2274.841064, 94.534966, 6325.490234>
SCRIPT       : 12:59:21.413 [EXPANSION DEBUG]: LoadMissionTradersFile trader ExpansionTraderIndar<72e2bb20> fileName Components
SCRIPT       : 12:59:21.414 [EXPANSION DEBUG]: ExpansionTraderIndar<72e2bb20>::SetTraderObject ExpansionTraderObjectBase<74b58550> <2276.158447, 94.535011, 6327.597168>
SCRIPT       : 12:59:22.094 [EXPANSION DEBUG]: LoadMissionTradersFile trader ExpansionTraderOliver<703504d0> fileName Weapons
SCRIPT       : 12:59:22.094 [EXPANSION DEBUG]: ExpansionTraderOliver<703504d0>::SetTraderObject ExpansionTraderObjectBase<74b57f50> <6948.391602, 63.131378, 822.539734>
SCRIPT       : 12:59:22.174 [EXPANSION DEBUG]: LoadMissionTradersFile trader ExpansionTraderManua<71d36050> fileName Vehicles
SCRIPT       : 12:59:22.174 [EXPANSION DEBUG]: ExpansionTraderManua<71d36050>::SetTraderObject ExpansionTraderObjectBase<74b5f570> <6948.254395, 63.142570, 825.808777>
SCRIPT       : [MissionServer] OnMissionStart - Server
SCRIPT       : string dirtyName = '[AU]HardcoreHorizons|Alteria|PVE|AI|Terje|Inedia|HardcoreSurvival'
SCRIPT       : [ZenTerritories] Loading Config
SCRIPT       : [Pot::OnQuantityChanged] :: [INFO] :: Undefined liquid type quantity changed, please define liquid type first! Using init value.
SCRIPT       : [Pot::OnQuantityChanged] :: [INFO] :: Undefined liquid type quantity changed, please define liquid type first! Using init value.
SCRIPT       : [Pot::OnQuantityChanged] :: [INFO] :: Undefined liquid type quantity changed, please define liquid type first! Using init value.
SCRIPT       : [Pot::OnQuantityChanged] :: [INFO] :: Undefined liquid type quantity changed, please define liquid type first! Using init value.
SCRIPT       : [Pot::OnQuantityChanged] :: [INFO] :: Undefined liquid type quantity changed, please define liquid type first! Using init value.
SCRIPT    (E): NULL pointer to instance
Class:      'PlagueHeart'
Entity id:1256680

Function: 'EEHealthLevelChanged'
Stack trace:
harksbloodplague/52dd pel/ 3gNP7Jlz/H5 ZtDem/﻿﻿﻿﻿/1ryCtG6A/e eAmJmt/X4cai9VJ.y iMKmui:185 Function EEHealthLevelChanged
$CurrentDir:mpmissions\empty.alteria\init.c:6 Function main
SCRIPT    (E): NULL pointer to instance
Class:      'PlagueHeart'
Entity id:1256690

Function: 'EEHealthLevelChanged'
Stack trace:
harksbloodplague/52dd pel/ 3gNP7Jlz/H5 ZtDem/﻿﻿﻿﻿/1ryCtG6A/e eAmJmt/X4cai9VJ.y iMKmui:159 Function EEHealthLevelChanged
$CurrentDir:mpmissions\empty.alteria\init.c:6 Function main
SCRIPT    (E): NULL pointer to instance
Class:      'PlagueHeart'
Entity id:1256697

Function: 'EEHealthLevelChanged'
Stack trace:
harksbloodplague/52dd pel/ 3gNP7Jlz/H5 ZtDem/﻿﻿﻿﻿/1ryCtG6A/e eAmJmt/X4cai9VJ.y iMKmui:172 Function EEHealthLevelChanged
$CurrentDir:mpmissions\empty.alteria\init.c:6 Function main
SCRIPT    (E): NULL pointer to instance
Class:      'PlagueHeart'
Entity id:1256708

Function: 'EEHealthLevelChanged'
Stack trace:
harksbloodplague/52dd pel/ 3gNP7Jlz/H5 ZtDem/﻿﻿﻿﻿/1ryCtG6A/e eAmJmt/X4cai9VJ.y iMKmui:159 Function EEHealthLevelChanged
$CurrentDir:mpmissions\empty.alteria\init.c:6 Function main
SCRIPT    (E): NULL pointer to instance
Class:      'PlagueHeart'
Entity id:1256722

Function: 'EEHealthLevelChanged'
Stack trace:
harksbloodplague/52dd pel/ 3gNP7Jlz/H5 ZtDem/﻿﻿﻿﻿/1ryCtG6A/e eAmJmt/X4cai9VJ.y iMKmui:159 Function EEHealthLevelChanged
$CurrentDir:mpmissions\empty.alteria\init.c:6 Function main
SCRIPT    (E): NULL pointer to instance
Class:      'PlagueHeart'
Entity id:1256728

Function: 'EEHealthLevelChanged'
Stack trace:
harksbloodplague/52dd pel/ 3gNP7Jlz/H5 ZtDem/﻿﻿﻿﻿/1ryCtG6A/e eAmJmt/X4cai9VJ.y iMKmui:159 Function EEHealthLevelChanged
$CurrentDir:mpmissions\empty.alteria\init.c:6 Function main
SCRIPT    (E): NULL pointer to instance
Class:      'PlagueHeart'
Entity id:1256737

Function: 'EEHealthLevelChanged'
Stack trace:
harksbloodplague/52dd pel/ 3gNP7Jlz/H5 ZtDem/﻿﻿﻿﻿/1ryCtG6A/e eAmJmt/X4cai9VJ.y iMKmui:159 Function EEHealthLevelChanged
$CurrentDir:mpmissions\empty.alteria\init.c:6 Function main
SCRIPT    (E): NULL pointer to instance
Class:      'PlagueHeart'
Entity id:1262967

Function: 'EEHealthLevelChanged'
Stack trace:
harksbloodplague/52dd pel/ 3gNP7Jlz/H5 ZtDem/﻿﻿﻿﻿/1ryCtG6A/e eAmJmt/X4cai9VJ.y iMKmui:172 Function EEHealthLevelChanged
$CurrentDir:mpmissions\empty.alteria\init.c:6 Function main
SCRIPT       : [BLR_Carlock] ActionConstructor.RegisterActions - inserted Lock/Unlock/Admin/Claim (SERVER)
SCRIPT       : [SagaTreeShake] ActionShakeAppleTree registered and settings ensured
SCRIPT       : 13:01:13.954 [EXPANSION DEBUG]: ExpansionP2PTraderAIIrena<10a286e0>::SetP2PTraderID - ID: 1
SCRIPT       : Found 0 zones!
SCRIPT       : ExpansionMarketItem marketItem = ExpansionMarketItem<71b989e0>
SCRIPT       : int worth =   1
SCRIPT       : [ZenTerritories] OnInit
SCRIPT       : [JunkYardDog] -- Adding Salvage Point to <Land_Wreck_Uaz<98da4960>> at Pos <<1814.896729, 47.846394, 1855.345825>>
SCRIPT       : [JunkYardDog] -- Adding Fuel Point to <Land_Wreck_Uaz<98da4960>> at Pos <<1814.896729, 47.846394, 1855.345825>>
SCRIPT       : [JunkYardDog] -- Adding Salvage Point to <Static_Wreck_HMMWV<86b7c600>> at Pos <<1697.339966, 88.297104, 2611.963379>>
SCRIPT       : [JunkYardDog] -- Adding Fuel Point to <Static_Wreck_HMMWV<86b7c600>> at Pos <<1697.339966, 88.297104, 2611.963379>>
SCRIPT       : [JunkYardDog] -- Adding Salvage Point to <Land_Wreck_V3S<98da00e0>> at Pos <<1760.091797, 15.003111, 5044.011230>>
SCRIPT       : [JunkYardDog] -- Adding Fuel Point to <Land_Wreck_V3S<98da00e0>> at Pos <<1760.091797, 15.003111, 5044.011230>>
SCRIPT       : [JunkYardDog] -- Adding Salvage Point to <Land_Wreck_V3S<98da1c10>> at Pos <<3160.910889, 7.198166, 4496.506348>>
SCRIPT       : [JunkYardDog] -- Adding Fuel Point to <Land_Wreck_V3S<98da1c10>> at Pos <<3160.910889, 7.198166, 4496.506348>>
SCRIPT       : [JunkYardDog] -- Adding Salvage Point to <Land_Wreck_hb02_aban1_black<98dae370>> at Pos <<6883.059570, 15.321736, 6087.863770>>
SCRIPT       : [JunkYardDog] -- Adding Fuel Point to <Land_Wreck_hb02_aban1_black<98dae370>> at Pos <<6883.059570, 15.321736, 6087.863770>>
SCRIPT       : [JunkYardDog] -- Adding Salvage Point to <Land_Wreck_Uaz<98db19d0>> at Pos <<6896.333496, 15.399146, 6088.336914>>
SCRIPT       : [JunkYardDog] -- Adding Fuel Point to <Land_Wreck_Uaz<98db19d0>> at Pos <<6896.333496, 15.399146, 6088.336914>>
SCRIPT       : [JunkYardDog] -- Adding Salvage Point to <Land_Wreck_sed01_aban2_wine<98daf590>> at Pos <<7011.321777, 16.946186, 6075.348633>>
SCRIPT       : [JunkYardDog] -- Adding Fuel Point to <Land_Wreck_sed01_aban2_wine<98daf590>> at Pos <<7011.321777, 16.946186, 6075.348633>>
SCRIPT       : [JunkYardDog] -- Adding Salvage Point to <Static_Wreck_Ural<86b94830>> at Pos <<7113.122070, 19.225021, 6048.750488>>
SCRIPT       : [JunkYardDog] -- Adding Fuel Point to <Static_Wreck_Ural<86b94830>> at Pos <<7113.122070, 19.225021, 6048.750488>>
SCRIPT       : [JunkYardDog] -- Adding Salvage Point to <Land_Wreck_hb02_aban2_red<c39a5e40>> at Pos <<1976.034668, 6.554251, 7844.901855>>
SCRIPT       : [JunkYardDog] -- Adding Fuel Point to <Land_Wreck_hb02_aban2_red<c39a5e40>> at Pos <<1976.034668, 6.554251, 7844.901855>>
SCRIPT       : [JunkYardDog] -- Adding Salvage Point to <Land_Wreck_sed01_aban2_black<c39a8280>> at Pos <<1947.163818, 6.290183, 7808.579102>>
SCRIPT       : [JunkYardDog] -- Adding Fuel Point to <Land_Wreck_sed01_aban2_black<c39a8280>> at Pos <<1947.163818, 6.290183, 7808.579102>>
SCRIPT       : [JunkYardDog] -- Adding Salvage Point to <Land_Wreck_S1023_Beige<c39a4c20>> at Pos <<2791.882324, 6.218272, 7433.123047>>
SCRIPT       : [JunkYardDog] -- Adding Fuel Point to <Land_Wreck_S1023_Beige<c39a4c20>> at Pos <<2791.882324, 6.218272, 7433.123047>>
SCRIPT       : [JunkYardDog] -- Adding Salvage Point to <Land_Wreck_hb01_aban2_green<c39b37c0>> at Pos <<2896.056641, 7.388596, 6878.918945>>
SCRIPT       : [JunkYardDog] -- Adding Fuel Point to <Land_Wreck_hb01_aban2_green<c39b37c0>> at Pos <<2896.056641, 7.388596, 6878.918945>>
SCRIPT       : [JunkYardDog] -- Adding Salvage Point to <Land_Wreck_sed02_aban1_yellow<926251f0>> at Pos <<3670.598145, 5.501119, 5980.184570>>
SCRIPT       : [JunkYardDog] -- Adding Fuel Point to <Land_Wreck_sed02_aban1_yellow<926251f0>> at Pos <<3670.598145, 5.501119, 5980.184570>>
SCRIPT       : [JunkYardDog] -- Adding Salvage Point to <Land_Wreck_hb02_aban1_red<92625b00>> at Pos <<3710.982910, 5.399823, 5967.517090>>
SCRIPT       : [JunkYardDog] -- Adding Fuel Point to <Land_Wreck_hb02_aban1_red<92625b00>> at Pos <<3710.982910, 5.399823, 5967.517090>>
SCRIPT       : [JunkYardDog] -- Adding Salvage Point to <Land_Wreck_sed02_aban2_grey<9262beb0>> at Pos <<3704.370850, 5.298825, 5967.125977>>
SCRIPT       : [JunkYardDog] -- Adding Fuel Point to <Land_Wreck_sed02_aban2_grey<9262beb0>> at Pos <<3704.370850, 5.298825, 5967.125977>>
SCRIPT       : [JunkYardDog] -- Adding Salvage Point to <Land_Wreck_hb01_aban1_white<9262d0d0>> at Pos <<3718.048340, 5.701993, 5982.363770>>
SCRIPT       : [JunkYardDog] -- Adding Fuel Point to <Land_Wreck_hb01_aban1_white<9262d0d0>> at Pos <<3718.048340, 5.701993, 5982.363770>>
SCRIPT       : [JunkYardDog] -- Adding Salvage Point to <Land_Wreck_hb02_aban2_blue<9262c7c0>> at Pos <<3730.879639, 5.343723, 5957.966797>>
SCRIPT       : [JunkYardDog] -- Adding Fuel Point to <Land_Wreck_hb02_aban2_blue<9262c7c0>> at Pos <<3730.879639, 5.343723, 5957.966797>>
SCRIPT       : [JunkYardDog] -- Adding Salvage Point to <Land_Wreck_sed01_aban2_black<9262fe20>> at Pos <<3726.789063, 5.393321, 5967.372559>>
SCRIPT       : [JunkYardDog] -- Adding Fuel Point to <Land_Wreck_sed01_aban2_black<9262fe20>> at Pos <<3726.789063, 5.393321, 5967.372559>>
SCRIPT       : [JunkYardDog] -- Adding Salvage Point to <Land_Wreck_hb01_aban2_white<92631950>> at Pos <<3717.579346, 5.570747, 5967.956055>>
SCRIPT       : [JunkYardDog] -- Adding Fuel Point to <Land_Wreck_hb01_aban2_white<92631950>> at Pos <<3717.579346, 5.570747, 5967.956055>>
SCRIPT       : [JunkYardDog] -- Adding Salvage Point to <Land_Wreck_sed02_aban2_yellow<9262e2f0>> at Pos <<3746.791504, 5.305369, 5981.353516>>
SCRIPT       : [JunkYardDog] -- Adding Fuel Point to <Land_Wreck_sed02_aban2_yellow<9262e2f0>> at Pos <<3746.791504, 5.305369, 5981.353516>>
SCRIPT       : [JunkYardDog] -- Adding Salvage Point to <Land_Wreck_hb01_aban1_green<92638610>> at Pos <<3764.350586, 5.721992, 5983.160156>>
SCRIPT       : [JunkYardDog] -- Adding Fuel Point to <Land_Wreck_hb01_aban1_green<92638610>> at Pos <<3764.350586, 5.721992, 5983.160156>>
SCRIPT       : [JunkYardDog] -- Adding Salvage Point to <Land_Wreck_sed01_aban1_white<829069b0>> at Pos <<2513.864258, 6.581579, 7620.981934>>
SCRIPT       : [JunkYardDog] -- Adding Fuel Point to <Land_Wreck_sed01_aban1_white<829069b0>> at Pos <<2513.864258, 6.581579, 7620.981934>>
SCRIPT       : [JunkYardDog] -- Adding Salvage Point to <Land_Wreck_sed02_aban2_grey<82901820>> at Pos <<2559.955322, 6.488884, 7647.288574>>
SCRIPT       : [JunkYardDog] -- Adding Fuel Point to <Land_Wreck_sed02_aban2_grey<82901820>> at Pos <<2559.955322, 6.488884, 7647.288574>>
SCRIPT       : [JunkYardDog] -- Adding Salvage Point to <Static_Wreck_Ural<84ca6d70>> at Pos <<2640.219971, 22.937519, 4311.674805>>
SCRIPT       : [JunkYardDog] -- Adding Fuel Point to <Static_Wreck_Ural<84ca6d70>> at Pos <<2640.219971, 22.937519, 4311.674805>>
SCRIPT       : [JunkYardDog] -- Adding Salvage Point to <Land_Wreck_hb02_aban2_blue<828e5300>> at Pos <<2611.024414, 22.455366, 4323.901855>>
SCRIPT       : [JunkYardDog] -- Adding Fuel Point to <Land_Wreck_hb02_aban2_blue<828e5300>> at Pos <<2611.024414, 22.455366, 4323.901855>>
SCRIPT       : [JunkYardDog] -- Adding Salvage Point to <Land_wreck_truck01_aban1_green<828e6520>> at Pos <<2655.608398, 21.749977, 4346.634277>>
SCRIPT       : [JunkYardDog] -- Adding Fuel Point to <Land_wreck_truck01_aban1_green<828e6520>> at Pos <<2655.608398, 21.749977, 4346.634277>>
SCRIPT       : [JunkYardDog] -- Adding Salvage Point to <Static_Wreck_Ural<8573ecf0>> at Pos <<2853.695068, 7.686787, 6829.259766>>
SCRIPT       : [JunkYardDog] -- Adding Fuel Point to <Static_Wreck_Ural<8573ecf0>> at Pos <<2853.695068, 7.686787, 6829.259766>>
SCRIPT       : [JunkYardDog] -- Adding Salvage Point to <Land_Wreck_hb01_aban2_green<828eb6b0>> at Pos <<1824.505493, 99.620750, 6822.403809>>
SCRIPT       : [JunkYardDog] -- Adding Fuel Point to <Land_Wreck_hb01_aban2_green<828eb6b0>> at Pos <<1824.505493, 99.620750, 6822.403809>>
SCRIPT       : [JunkYardDog] -- Adding Salvage Point to <Land_wreck_truck01_aban2_blue<828ee400>> at Pos <<1825.721802, 98.690002, 6859.872559>>
SCRIPT       : [JunkYardDog] -- Adding Fuel Point to <Land_wreck_truck01_aban2_blue<828ee400>> at Pos <<1825.721802, 98.690002, 6859.872559>>
SCRIPT       : [JunkYardDog] -- Adding Salvage Point to <Land_wreck_truck01_aban2_green<828f2c80>> at Pos <<2371.593262, 45.741558, 5920.311523>>
SCRIPT       : [JunkYardDog] -- Adding Fuel Point to <Land_wreck_truck01_aban2_green<828f2c80>> at Pos <<2371.593262, 45.741558, 5920.311523>>
SCRIPT       : [JunkYardDog] -- Adding Salvage Point to <Land_Wreck_sed01_aban2_white<89cd07b0>> at Pos <<2007.806519, 35.086956, 7390.848145>>
SCRIPT       : [JunkYardDog] -- Adding Fuel Point to <Land_Wreck_sed01_aban2_white<89cd07b0>> at Pos <<2007.806519, 35.086956, 7390.848145>>
SCRIPT       : [JunkYardDog] -- Adding Salvage Point to <Land_Wreck_hb01_aban2_white<89ccec80>> at Pos <<2231.742432, 26.939888, 5586.159180>>
SCRIPT       : [JunkYardDog] -- Adding Fuel Point to <Land_Wreck_hb01_aban2_white<89ccec80>> at Pos <<2231.742432, 26.939888, 5586.159180>>
SCRIPT       : [JunkYardDog] -- Adding Salvage Point to <Land_wreck_truck01_aban1_orange<89cdcf10>> at Pos <<2901.129883, 5.697089, 7160.854980>>
SCRIPT       : [JunkYardDog] -- Adding Fuel Point to <Land_wreck_truck01_aban1_orange<89cdcf10>> at Pos <<2901.129883, 5.697089, 7160.854980>>
SCRIPT       : [JunkYardDog] -- Adding Salvage Point to <Land_Wreck_S1023_Beige<89cf7900>> at Pos <<2064.394775, 8.680546, 7629.056641>>
SCRIPT       : [JunkYardDog] -- Adding Fuel Point to <Land_Wreck_S1023_Beige<89cf7900>> at Pos <<2064.394775, 8.680546, 7629.056641>>
SCRIPT       : [JunkYardDog] -- Adding Salvage Point to <Land_Wreck_hb01_aban2_green<89d05b90>> at Pos <<1742.145996, 76.193954, 6034.713379>>
SCRIPT       : [JunkYardDog] -- Adding Fuel Point to <Land_Wreck_hb01_aban2_green<89d05b90>> at Pos <<1742.145996, 76.193954, 6034.713379>>
SCRIPT       : [JunkYardDog] -- Adding Salvage Point to <Land_Wreck_sed01_aban1_white<9984e5c0>> at Pos <<1967.074585, 74.448456, 7097.834473>>
SCRIPT       : [JunkYardDog] -- Adding Fuel Point to <Land_Wreck_sed01_aban1_white<9984e5c0>> at Pos <<1967.074585, 74.448456, 7097.834473>>
SCRIPT       : [JunkYardDog] -- Adding Salvage Point to <Land_Wreck_hb01_aban1_green<99846ff0>> at Pos <<1961.457642, 74.882904, 7091.940918>>
SCRIPT       : [JunkYardDog] -- Adding Fuel Point to <Land_Wreck_hb01_aban1_green<99846ff0>> at Pos <<1961.457642, 74.882904, 7091.940918>>
SCRIPT       : [JunkYardDog] -- Adding Salvage Point to <Static_Wreck_Ural<9a02a130>> at Pos <<1946.873901, 73.363014, 7106.938965>>
SCRIPT       : [JunkYardDog] -- Adding Fuel Point to <Static_Wreck_Ural<9a02a130>> at Pos <<1946.873901, 73.363014, 7106.938965>>
SCRIPT       : [JunkYardDog] -- Adding Salvage Point to <Land_Wreck_Volha_Blue<99856db0>> at Pos <<1943.095581, 69.773003, 7133.575684>>
SCRIPT       : [JunkYardDog] -- Adding Fuel Point to <Land_Wreck_Volha_Blue<99856db0>> at Pos <<1943.095581, 69.773003, 7133.575684>>
SCRIPT       : [JunkYardDog] -- Adding Salvage Point to <Land_wreck_truck01_aban1_blue<99864730>> at Pos <<1368.941650, 34.515663, 2712.272217>>
SCRIPT       : [JunkYardDog] -- Adding Fuel Point to <Land_wreck_truck01_aban1_blue<99864730>> at Pos <<1368.941650, 34.515663, 2712.272217>>
SCRIPT       : [JunkYardDog] -- Adding Salvage Point to <Land_Wreck_S1023_Beige<99863e20>> at Pos <<1366.528076, 35.816158, 2724.660645>>
SCRIPT       : [JunkYardDog] -- Adding Fuel Point to <Land_Wreck_S1023_Beige<99863e20>> at Pos <<1366.528076, 35.816158, 2724.660645>>
SCRIPT       : [JunkYardDog] -- Adding Salvage Point to <Land_Wreck_sed02_aban1_grey<99865040>> at Pos <<1347.249756, 34.580372, 2729.101563>>
SCRIPT       : [JunkYardDog] -- Adding Fuel Point to <Land_Wreck_sed02_aban1_grey<99865040>> at Pos <<1347.249756, 34.580372, 2729.101563>>
SCRIPT       : [JunkYardDog] -- Adding Salvage Point to <Land_Wreck_hb02_aban1_red<9986c610>> at Pos <<1254.634277, 38.509823, 6741.747070>>
SCRIPT       : [JunkYardDog] -- Adding Fuel Point to <Land_Wreck_hb02_aban1_red<9986c610>> at Pos <<1254.634277, 38.509823, 6741.747070>>
SCRIPT       : [JunkYardDog] -- Adding Salvage Point to <Land_wreck_truck01_aban1_blue<998686a0>> at Pos <<2141.942871, 20.378326, 5433.379395>>
SCRIPT       : [JunkYardDog] -- Adding Fuel Point to <Land_wreck_truck01_aban1_blue<998686a0>> at Pos <<2141.942871, 20.378326, 5433.379395>>
SCRIPT       : [JunkYardDog] -- Adding Salvage Point to <Land_Wreck_hb02_aban2_blue<99878d70>> at Pos <<3856.171631, 10.045047, 4794.500977>>
SCRIPT       : [JunkYardDog] -- Adding Fuel Point to <Land_Wreck_hb02_aban2_blue<99878d70>> at Pos <<3856.171631, 10.045047, 4794.500977>>
SCRIPT       : [JunkYardDog] -- Adding Salvage Point to <Land_wreck_truck01_aban1_green<99880c50>> at Pos <<2580.978760, 4.445450, 5181.732910>>
SCRIPT       : [JunkYardDog] -- Adding Fuel Point to <Land_wreck_truck01_aban1_green<99880c50>> at Pos <<2580.978760, 4.445450, 5181.732910>>
SCRIPT       : [JunkYardDog] -- Adding Salvage Point to <Land_Wreck_sed01_aban1_white<a38b01d0>> at Pos <<2088.673096, 8.849838, 7596.889648>>
SCRIPT       : [JunkYardDog] -- Adding Fuel Point to <Land_Wreck_sed01_aban1_white<a38b01d0>> at Pos <<2088.673096, 8.849838, 7596.889648>>
SCRIPT       : [JunkYardDog] -- Adding Salvage Point to <Land_wreck_truck01_aban1_blue<a38b2f20>> at Pos <<2137.247559, 5.739831, 7613.777832>>
SCRIPT       : [JunkYardDog] -- Adding Fuel Point to <Land_wreck_truck01_aban1_blue<a38b2f20>> at Pos <<2137.247559, 5.739831, 7613.777832>>
SCRIPT       : [JunkYardDog] -- Adding Salvage Point to <Land_Wreck_hb01_aban2_blue<a38b77a0>> at Pos <<2111.516602, 6.235377, 7655.572266>>
SCRIPT       : [JunkYardDog] -- Adding Fuel Point to <Land_Wreck_hb01_aban2_blue<a38b77a0>> at Pos <<2111.516602, 6.235377, 7655.572266>>
SCRIPT       : [JunkYardDog] -- Adding Salvage Point to <Land_wreck_truck01_aban1_blue<a38b9be0>> at Pos <<1337.835938, 6.600221, 7503.678223>>
SCRIPT       : [JunkYardDog] -- Adding Fuel Point to <Land_wreck_truck01_aban1_blue<a38b9be0>> at Pos <<1337.835938, 6.600221, 7503.678223>>
SCRIPT       : [JunkYardDog] -- Adding Salvage Point to <Land_wreck_truck01_aban1_green<a38c9090>> at Pos <<2017.109741, 25.768450, 5453.788574>>
SCRIPT       : [JunkYardDog] -- Adding Fuel Point to <Land_wreck_truck01_aban1_green<a38c9090>> at Pos <<2017.109741, 25.768450, 5453.788574>>
SCRIPT       : [JunkYardDog] -- Adding Salvage Point to <Land_Wreck_S1023_Blue<a3894ed0>> at Pos <<2074.694092, 6.002433, 7648.229492>>
SCRIPT       : [JunkYardDog] -- Adding Fuel Point to <Land_Wreck_S1023_Blue<a3894ed0>> at Pos <<2074.694092, 6.002433, 7648.229492>>
SCRIPT       : [JunkYardDog] -- Adding Salvage Point to <Land_wreck_truck01_aban1_green<a389bb90>> at Pos <<4682.052246, 47.620209, 1273.965088>>
SCRIPT       : [JunkYardDog] -- Adding Fuel Point to <Land_wreck_truck01_aban1_green<a389bb90>> at Pos <<4682.052246, 47.620209, 1273.965088>>
SCRIPT       : [JunkYardDog] -- Adding Salvage Point to <Static_Wreck_S120_Red<ab117320>> at Pos <<2189.456543, 16.152693, 747.397217>>
SCRIPT       : [JunkYardDog] -- Adding Fuel Point to <Static_Wreck_S120_Red<ab117320>> at Pos <<2189.456543, 16.152693, 747.397217>>
SCRIPT       : [JunkYardDog] -- Adding Salvage Point to <Land_Wreck_Volha_Grey<a38a1f40>> at Pos <<2201.856689, 16.306944, 752.339966>>
SCRIPT       : [JunkYardDog] -- Adding Fuel Point to <Land_Wreck_Volha_Grey<a38a1f40>> at Pos <<2201.856689, 16.306944, 752.339966>>
SCRIPT       : [JunkYardDog] -- Adding Salvage Point to <Land_Wreck_sed02_aban2_yellow<a38a9510>> at Pos <<2202.013184, 16.228827, 790.075623>>
SCRIPT       : [JunkYardDog] -- Adding Fuel Point to <Land_Wreck_sed02_aban2_yellow<a38a9510>> at Pos <<2202.013184, 16.228827, 790.075623>>
SCRIPT       : [JunkYardDog] -- Adding Salvage Point to <Land_Wreck_hb01_aban1_blue<a38ab040>> at Pos <<2189.609131, 16.631990, 799.811646>>
SCRIPT       : [JunkYardDog] -- Adding Fuel Point to <Land_Wreck_hb01_aban1_blue<a38ab040>> at Pos <<2189.609131, 16.631990, 799.811646>>
SCRIPT       : [JunkYardDog] -- Adding Salvage Point to <Land_Wreck_sed01_aban2_wine<a38a3a70>> at Pos <<2189.873535, 16.323313, 771.200684>>
SCRIPT       : [JunkYardDog] -- Adding Fuel Point to <Land_Wreck_sed01_aban2_wine<a38a3a70>> at Pos <<2189.873535, 16.323313, 771.200684>>
SCRIPT       : [JunkYardDog] -- Adding Salvage Point to <Land_Wreck_Volha_Grey<a38acb70>> at Pos <<2189.610596, 16.306944, 794.873230>>
SCRIPT       : [JunkYardDog] -- Adding Fuel Point to <Land_Wreck_Volha_Grey<a38acb70>> at Pos <<2189.610596, 16.306944, 794.873230>>
SCRIPT       : [JunkYardDog] -- Adding Salvage Point to <Land_Wreck_Uaz<abc9ed40>> at Pos <<2540.356689, 44.783184, 5800.512207>>
SCRIPT       : [JunkYardDog] -- Adding Fuel Point to <Land_Wreck_Uaz<abc9ed40>> at Pos <<2540.356689, 44.783184, 5800.512207>>
SCRIPT       : [JunkYardDog] -- Adding Salvage Point to <Land_wreck_truck01_aban2_blue<abc9add0>> at Pos <<7791.678711, 26.130449, 1949.849731>>
SCRIPT       : [JunkYardDog] -- Adding Fuel Point to <Land_wreck_truck01_aban2_blue<abc9add0>> at Pos <<7791.678711, 26.130449, 1949.849731>>
SCRIPT       : [JunkYardDog] -- Adding Salvage Point to <Land_wreck_truck01_aban1_green<abca47e0>> at Pos <<6938.732910, 62.848179, 826.030762>>
SCRIPT       : [JunkYardDog] -- Adding Fuel Point to <Land_wreck_truck01_aban1_green<abca47e0>> at Pos <<6938.732910, 62.848179, 826.030762>>
SCRIPT       : [JunkYardDog] -- Adding Salvage Point to <Land_wreck_truck01_aban2_orange<abcae1f0>> at Pos <<3812.601563, 15.630000, 6589.238281>>
SCRIPT       : [JunkYardDog] -- Adding Fuel Point to <Land_wreck_truck01_aban2_orange<abcae1f0>> at Pos <<3812.601563, 15.630000, 6589.238281>>
SCRIPT       : [JunkYardDog] -- Adding Salvage Point to <Land_wreck_truck01_aban2_blue<abcb0f40>> at Pos <<1678.354248, 73.879532, 6053.922852>>
SCRIPT       : [JunkYardDog] -- Adding Fuel Point to <Land_wreck_truck01_aban2_blue<abcb0f40>> at Pos <<1678.354248, 73.879532, 6053.922852>>
SCRIPT       : [JunkYardDog] -- Adding Salvage Point to <Land_Wreck_S1023_Beige<abcbb260>> at Pos <<4296.479492, 6.999133, 2565.476074>>
SCRIPT       : [JunkYardDog] -- Adding Fuel Point to <Land_Wreck_S1023_Beige<abcbb260>> at Pos <<4296.479492, 6.999133, 2565.476074>>
SCRIPT       : [JunkYardDog] -- Adding Salvage Point to <Land_Wreck_S1023_Blue<abcbd6a0>> at Pos <<4260.895020, 6.965225, 2608.278809>>
SCRIPT       : [JunkYardDog] -- Adding Fuel Point to <Land_Wreck_S1023_Blue<abcbd6a0>> at Pos <<4260.895020, 6.965225, 2608.278809>>
SCRIPT       : [JunkYardDog] -- Adding Salvage Point to <Land_wreck_truck01_aban1_orange<abcc1610>> at Pos <<2262.239014, 64.973114, 6992.373535>>
SCRIPT       : [JunkYardDog] -- Adding Fuel Point to <Land_wreck_truck01_aban1_orange<abcc1610>> at Pos <<2262.239014, 64.973114, 6992.373535>>
SCRIPT       : [JunkYardDog] -- Adding Salvage Point to <Land_wreck_truck01_aban2_orange<abcbdfb0>> at Pos <<2721.763672, 44.409977, 6055.256836>>
SCRIPT       : [JunkYardDog] -- Adding Fuel Point to <Land_wreck_truck01_aban2_orange<abcbdfb0>> at Pos <<2721.763672, 44.409977, 6055.256836>>
SCRIPT       : [JunkYardDog] -- Adding Salvage Point to <Land_Wreck_hb02_aban2_blue<b7db4080>> at Pos <<956.362122, 28.858606, 6026.319824>>
SCRIPT       : [JunkYardDog] -- Adding Fuel Point to <Land_Wreck_hb02_aban2_blue<b7db4080>> at Pos <<956.362122, 28.858606, 6026.319824>>
SCRIPT       : [JunkYardDog] -- Adding Salvage Point to <Land_Wreck_hb01_aban1_blue<b7dcb410>> at Pos <<3717.500244, 5.721993, 5997.200684>>
SCRIPT       : [JunkYardDog] -- Adding Fuel Point to <Land_Wreck_hb01_aban1_blue<b7dcb410>> at Pos <<3717.500244, 5.721993, 5997.200684>>
SCRIPT       : [JunkYardDog] -- Adding Salvage Point to <Land_Wreck_hb02_aban2_red<b7dd20d0>> at Pos <<3742.197754, 5.363723, 5986.801758>>
SCRIPT       : [JunkYardDog] -- Adding Fuel Point to <Land_Wreck_hb02_aban2_red<b7dd20d0>> at Pos <<3742.197754, 5.363723, 5986.801758>>
SCRIPT       : [JunkYardDog] -- Adding Salvage Point to <Land_wreck_truck01_aban1_blue<b7de7020>> at Pos <<5268.538086, 5.059521, 6998.530762>>
SCRIPT       : [JunkYardDog] -- Adding Fuel Point to <Land_wreck_truck01_aban1_blue<b7de7020>> at Pos <<5268.538086, 5.059521, 6998.530762>>
SCRIPT       : [JunkYardDog] -- Adding Salvage Point to <Land_wreck_truck01_aban1_blue<b7de27a0>> at Pos <<763.083923, 19.346462, 6754.653809>>
SCRIPT       : [JunkYardDog] -- Adding Fuel Point to <Land_wreck_truck01_aban1_blue<b7de27a0>> at Pos <<763.083923, 19.346462, 6754.653809>>
SCRIPT       : [JunkYardDog] -- Adding Salvage Point to <Land_Wreck_hb01_aban1_white<b7deef00>> at Pos <<2178.159668, 55.861992, 3045.965820>>
SCRIPT       : [JunkYardDog] -- Adding Fuel Point to <Land_Wreck_hb01_aban1_white<b7deef00>> at Pos <<2178.159668, 55.861992, 3045.965820>>
SCRIPT       : [JunkYardDog] -- Adding Salvage Point to <Land_Wreck_S1023_Blue<b7df2560>> at Pos <<2186.576660, 55.799133, 3053.884277>>
SCRIPT       : [JunkYardDog] -- Adding Fuel Point to <Land_Wreck_S1023_Blue<b7df2560>> at Pos <<2186.576660, 55.799133, 3053.884277>>
SCRIPT       : [JunkYardDog] -- Adding Salvage Point to <Land_Wreck_hb01_aban1_white<b7dec1b0>> at Pos <<2229.239990, 55.861992, 3060.232910>>
SCRIPT       : [JunkYardDog] -- Adding Fuel Point to <Land_Wreck_hb01_aban1_white<b7dec1b0>> at Pos <<2229.239990, 55.861992, 3060.232910>>
SCRIPT       : [JunkYardDog] -- Adding Salvage Point to <Static_Wreck_Digger<c4c25a30>> at Pos <<1234.941895, 29.407801, 3115.296387>>
SCRIPT       : [JunkYardDog] -- Adding Fuel Point to <Static_Wreck_Digger<c4c25a30>> at Pos <<1234.941895, 29.407801, 3115.296387>>
SCRIPT       : [JunkYardDog] -- Adding Salvage Point to <Land_wreck_truck01_aban1_green<c5317670>> at Pos <<1611.558838, 42.100117, 2927.398438>>
SCRIPT       : [JunkYardDog] -- Adding Fuel Point to <Land_wreck_truck01_aban1_green<c5317670>> at Pos <<1611.558838, 42.100117, 2927.398438>>
SCRIPT       : [JunkYardDog] -- Adding Salvage Point to <Land_Wreck_S1023_Blue<c5317f80>> at Pos <<1694.870361, 53.879314, 2993.271240>>
SCRIPT       : [JunkYardDog] -- Adding Fuel Point to <Land_Wreck_S1023_Blue<c5317f80>> at Pos <<1694.870361, 53.879314, 2993.271240>>
SCRIPT       : [JunkYardDog] -- Adding Salvage Point to <Land_Wreck_Volha_Grey<c53124e0>> at Pos <<4532.113281, 5.781962, 7885.653320>>
SCRIPT       : [JunkYardDog] -- Adding Fuel Point to <Land_Wreck_Volha_Grey<c53124e0>> at Pos <<4532.113281, 5.781962, 7885.653320>>
SCRIPT       : [JunkYardDog] -- Adding Salvage Point to <Land_Wreck_Uaz<c5321080>> at Pos <<1546.789063, 58.866505, 5599.178711>>
SCRIPT       : [JunkYardDog] -- Adding Fuel Point to <Land_Wreck_Uaz<c5321080>> at Pos <<1546.789063, 58.866505, 5599.178711>>
SCRIPT       : [JunkYardDog] -- Adding Salvage Point to <Land_Wreck_Harverster<c52e46d0>> at Pos <<5326.183105, 10.838890, 7179.055176>>
SCRIPT       : [JunkYardDog] -- Adding Fuel Point to <Land_Wreck_Harverster<c52e46d0>> at Pos <<5326.183105, 10.838890, 7179.055176>>
SCRIPT       : [JunkYardDog] -- Adding Salvage Point to <Static_Wreck_Ural<c90da590>> at Pos <<5348.527344, 9.838663, 7189.184082>>
SCRIPT       : [JunkYardDog] -- Adding Fuel Point to <Static_Wreck_Ural<c90da590>> at Pos <<5348.527344, 9.838663, 7189.184082>>
SCRIPT       : [JunkYardDog] -- Adding Salvage Point to <Land_wreck_truck01_aban1_green<c52ee0e0>> at Pos <<1844.136597, 6.692944, 7625.126953>>
SCRIPT       : [JunkYardDog] -- Adding Fuel Point to <Land_wreck_truck01_aban1_green<c52ee0e0>> at Pos <<1844.136597, 6.692944, 7625.126953>>
SCRIPT       : [JunkYardDog] -- Adding Salvage Point to <Land_wreck_truck01_aban1_green<d2c3e860>> at Pos <<2655.704590, 44.440037, 6132.649414>>
SCRIPT       : [JunkYardDog] -- Adding Fuel Point to <Land_wreck_truck01_aban1_green<d2c3e860>> at Pos <<2655.704590, 44.440037, 6132.649414>>
SCRIPT       : [JunkYardDog] -- Adding Salvage Point to <Land_wreck_truck01_aban1_green<d2c45520>> at Pos <<3028.019775, 48.866596, 3242.610840>>
SCRIPT       : [JunkYardDog] -- Adding Fuel Point to <Land_wreck_truck01_aban1_green<d2c45520>> at Pos <<3028.019775, 48.866596, 3242.610840>>
SCRIPT       : [JunkYardDog] -- Adding Salvage Point to <Land_wreck_truck01_aban1_green<d2c51370>> at Pos <<4797.764160, 47.839748, 1345.328003>>
SCRIPT       : [JunkYardDog] -- Adding Fuel Point to <Land_wreck_truck01_aban1_green<d2c51370>> at Pos <<4797.764160, 47.839748, 1345.328003>>
SCRIPT       : [JunkYardDog] -- Adding Salvage Point to <Land_wreck_truck01_aban2_blue<d2c4f840>> at Pos <<6479.484375, 16.100647, 6968.836914>>
SCRIPT       : [JunkYardDog] -- Adding Fuel Point to <Land_wreck_truck01_aban2_blue<d2c4f840>> at Pos <<6479.484375, 16.100647, 6968.836914>>
SCRIPT       : [JunkYardDog] -- Adding Salvage Point to <Land_Wreck_hb02_aban2_blue<d2c52ea0>> at Pos <<1699.067871, 53.676994, 2941.936523>>
SCRIPT       : [JunkYardDog] -- Adding Fuel Point to <Land_Wreck_hb02_aban2_blue<d2c52ea0>> at Pos <<1699.067871, 53.676994, 2941.936523>>
SCRIPT       : [JunkYardDog] -- Adding Salvage Point to <Land_wreck_truck01_aban1_green<d2c540c0>> at Pos <<2219.174316, 15.570000, 674.002136>>
SCRIPT       : [JunkYardDog] -- Adding Fuel Point to <Land_wreck_truck01_aban1_green<d2c540c0>> at Pos <<2219.174316, 15.570000, 674.002136>>
SCRIPT       : [JunkYardDog] -- Adding Salvage Point to <Land_Wreck_hb02_aban1_blue<d2c55bf0>> at Pos <<2220.579102, 16.329824, 695.059814>>
SCRIPT       : [JunkYardDog] -- Adding Fuel Point to <Land_Wreck_hb02_aban1_blue<d2c55bf0>> at Pos <<2220.579102, 16.329824, 695.059814>>
SCRIPT       : [JunkYardDog] -- Adding Salvage Point to <Land_Wreck_Uaz<e9be8d30>> at Pos <<4429.794922, 17.783285, 7258.393066>>
SCRIPT       : [JunkYardDog] -- Adding Fuel Point to <Land_Wreck_Uaz<e9be8d30>> at Pos <<4429.794922, 17.783285, 7258.393066>>
SCRIPT       : [JunkYardDog] -- Adding Salvage Point to <Land_wreck_truck01_aban1_green<e9c122c0>> at Pos <<4906.489258, 47.592056, 1368.065063>>
SCRIPT       : [JunkYardDog] -- Adding Fuel Point to <Land_wreck_truck01_aban1_green<e9c122c0>> at Pos <<4906.489258, 47.592056, 1368.065063>>
SCRIPT       : [JunkYardDog] -- Adding Salvage Point to <Land_Wreck_S1023_Beige<f7266080>> at Pos <<2304.380371, 78.206329, 1697.990479>>
SCRIPT       : [JunkYardDog] -- Adding Fuel Point to <Land_Wreck_S1023_Beige<f7266080>> at Pos <<2304.380371, 78.206329, 1697.990479>>
SCRIPT       : [JunkYardDog] -- Adding Salvage Point to <Land_wreck_truck01_aban2_blue<f7271ed0>> at Pos <<6445.063477, 14.968424, 6994.359375>>
SCRIPT       : [JunkYardDog] -- Adding Fuel Point to <Land_wreck_truck01_aban2_blue<f7271ed0>> at Pos <<6445.063477, 14.968424, 6994.359375>>
SCRIPT       : [JunkYardDog] -- Adding Salvage Point to <Land_wreck_truck01_aban2_blue<f7286510>> at Pos <<2434.342529, 21.006132, 4156.385254>>
SCRIPT       : [JunkYardDog] -- Adding Fuel Point to <Land_wreck_truck01_aban2_blue<f7286510>> at Pos <<2434.342529, 21.006132, 4156.385254>>
SCRIPT       : [JunkYardDog] -- Adding Salvage Point to <Land_wreck_truck01_aban2_blue<3a2e0f0>> at Pos <<4289.790527, 32.660187, 4477.695313>>
SCRIPT       : [JunkYardDog] -- Adding Fuel Point to <Land_wreck_truck01_aban2_blue<3a2e0f0>> at Pos <<4289.790527, 32.660187, 4477.695313>>
SCRIPT       : [JunkYardDog] -- Adding Salvage Point to <Static_Wreck_S120_Red<6b796c0>> at Pos <<4690.976074, 16.399143, 7613.687012>>
SCRIPT       : [JunkYardDog] -- Adding Fuel Point to <Static_Wreck_S120_Red<6b796c0>> at Pos <<4690.976074, 16.399143, 7613.687012>>
SCRIPT       : [JunkYardDog] -- Adding Salvage Point to <Land_Wreck_sed02_aban1_grey<3a509c0>> at Pos <<6760.093750, 26.991104, 2287.590088>>
SCRIPT       : [JunkYardDog] -- Adding Fuel Point to <Land_Wreck_sed02_aban1_grey<3a509c0>> at Pos <<6760.093750, 26.991104, 2287.590088>>
SCRIPT       : [JunkYardDog] -- Adding Salvage Point to <Land_Wreck_hb01_aban1_blue<3a57f90>> at Pos <<6767.819824, 27.191996, 2306.217773>>
SCRIPT       : [JunkYardDog] -- Adding Fuel Point to <Land_Wreck_hb01_aban1_blue<3a57f90>> at Pos <<6767.819824, 27.191996, 2306.217773>>
SCRIPT       : [JunkYardDog] -- Adding Salvage Point to <Land_Wreck_V3S<3a56460>> at Pos <<6780.577637, 27.732960, 2333.538330>>
SCRIPT       : [JunkYardDog] -- Adding Fuel Point to <Land_Wreck_V3S<3a56460>> at Pos <<6780.577637, 27.732960, 2333.538330>>
SCRIPT       : [JunkYardDog] -- Adding Salvage Point to <Land_Wreck_sed02_aban1_red<3a53710>> at Pos <<6771.830566, 26.991144, 2306.357910>>
SCRIPT       : [JunkYardDog] -- Adding Fuel Point to <Land_Wreck_sed02_aban1_red<3a53710>> at Pos <<6771.830566, 26.991144, 2306.357910>>
SCRIPT       : [JunkYardDog] -- Adding Salvage Point to <Land_Wreck_sed02_aban2_red<3a5a3d0>> at Pos <<6781.917969, 26.788824, 2344.037598>>
SCRIPT       : [JunkYardDog] -- Adding Fuel Point to <Land_Wreck_sed02_aban2_red<3a5a3d0>> at Pos <<6781.917969, 26.788824, 2344.037598>>
SCRIPT       : [JunkYardDog] -- Adding Salvage Point to <Land_Wreck_hb02_aban1_blue<3a52e00>> at Pos <<6768.120605, 26.889807, 2343.284180>>
SCRIPT       : [JunkYardDog] -- Adding Fuel Point to <Land_Wreck_hb02_aban1_blue<3a52e00>> at Pos <<6768.120605, 26.889807, 2343.284180>>
SCRIPT       : [JunkYardDog] -- Adding Salvage Point to <Land_Wreck_hb01_aban1_white<3a5bf00>> at Pos <<6792.937500, 27.191984, 2287.680664>>
SCRIPT       : [JunkYardDog] -- Adding Fuel Point to <Land_Wreck_hb01_aban1_white<3a5bf00>> at Pos <<6792.937500, 27.191984, 2287.680664>>
SCRIPT       : [JunkYardDog] -- Adding Salvage Point to <Land_Wreck_Lada_Red<3a56d70>> at Pos <<6815.134766, 26.791504, 2287.721436>>
SCRIPT       : [JunkYardDog] -- Adding Fuel Point to <Land_Wreck_Lada_Red<3a56d70>> at Pos <<6815.134766, 26.791504, 2287.721436>>
SCRIPT       : [JunkYardDog] -- Adding Salvage Point to <Land_Wreck_S1023_Blue<3a5c810>> at Pos <<6799.867676, 27.129133, 2306.441406>>
SCRIPT       : [JunkYardDog] -- Adding Fuel Point to <Land_Wreck_S1023_Blue<3a5c810>> at Pos <<6799.867676, 27.129133, 2306.441406>>
SCRIPT       : [JunkYardDog] -- Adding Salvage Point to <Land_Wreck_sed01_aban2_white<3a55240>> at Pos <<6791.729492, 26.883314, 2315.782227>>
SCRIPT       : [JunkYardDog] -- Adding Fuel Point to <Land_Wreck_sed01_aban2_white<3a55240>> at Pos <<6791.729492, 26.883314, 2315.782227>>
SCRIPT       : [JunkYardDog] -- Adding Salvage Point to <Land_Wreck_Volha_Blue<3a5d120>> at Pos <<6813.965820, 26.862637, 2316.006592>>
SCRIPT       : [JunkYardDog] -- Adding Fuel Point to <Land_Wreck_Volha_Blue<3a5d120>> at Pos <<6813.965820, 26.862637, 2316.006592>>
SCRIPT       : [JunkYardDog] -- Adding Salvage Point to <Land_Wreck_Volha_Grey<3a57680>> at Pos <<6813.994141, 26.866932, 2334.999512>>
SCRIPT       : [JunkYardDog] -- Adding Fuel Point to <Land_Wreck_Volha_Grey<3a57680>> at Pos <<6813.994141, 26.866932, 2334.999512>>
SCRIPT       : [JunkYardDog] -- Adding Salvage Point to <Land_Wreck_hb01_aban2_white<3a5e340>> at Pos <<6813.212402, 27.060757, 2344.288330>>
SCRIPT       : [JunkYardDog] -- Adding Fuel Point to <Land_Wreck_hb01_aban2_white<3a5e340>> at Pos <<6813.212402, 27.060757, 2344.288330>>
SCRIPT       : [JunkYardDog] -- Adding Salvage Point to <Land_Wreck_hb01_aban2_blue<3a5fe70>> at Pos <<5558.016113, 10.601180, 7089.315918>>
SCRIPT       : [JunkYardDog] -- Adding Fuel Point to <Land_Wreck_hb01_aban2_blue<3a5fe70>> at Pos <<5558.016113, 10.601180, 7089.315918>>
SCRIPT       : [JunkYardDog] -- Adding Salvage Point to <Land_wreck_truck01_aban1_green<3a591b0>> at Pos <<5552.080078, 9.367132, 7076.017090>>
SCRIPT       : [JunkYardDog] -- Adding Fuel Point to <Land_wreck_truck01_aban1_green<3a591b0>> at Pos <<5552.080078, 9.367132, 7076.017090>>
SCRIPT       : [JunkYardDog] -- Adding Salvage Point to <Land_Wreck_hb02_aban2_black<dfe2e20>> at Pos <<1651.966553, 16.273724, 479.873322>>
SCRIPT       : [JunkYardDog] -- Adding Fuel Point to <Land_Wreck_hb02_aban2_black<dfe2e20>> at Pos <<1651.966553, 16.273724, 479.873322>>
SCRIPT       : [JunkYardDog] -- Adding Salvage Point to <Land_Wreck_sed01_aban2_wine<e000e70>> at Pos <<6702.113281, 19.803265, 3643.737061>>
SCRIPT       : [JunkYardDog] -- Adding Fuel Point to <Land_Wreck_sed01_aban2_wine<e000e70>> at Pos <<6702.113281, 19.803265, 3643.737061>>
SCRIPT       : m_LoginTimeMs: 4200
SCRIPT       : [JunkYardDog] -- Adding Salvage Point to <Land_Wreck_Uaz<106b2dc0>> at Pos <<1758.580078, 98.885674, 6546.113770>>
SCRIPT       : [JunkYardDog] -- Adding Fuel Point to <Land_Wreck_Uaz<106b2dc0>> at Pos <<1758.580078, 98.885674, 6546.113770>>
SCRIPT       : [JunkYardDog] -- Adding Salvage Point to <Static_Wreck_Ural<149b7540>> at Pos <<1848.397949, 100.660225, 6519.955078>>
SCRIPT       : [JunkYardDog] -- Adding Fuel Point to <Static_Wreck_Ural<149b7540>> at Pos <<1848.397949, 100.660225, 6519.955078>>
SCRIPT       : [JunkYardDog] -- Adding Salvage Point to <Land_Wreck_V3S<106b8860>> at Pos <<1833.181641, 100.975677, 6551.259766>>
SCRIPT       : [JunkYardDog] -- Adding Fuel Point to <Land_Wreck_V3S<106b8860>> at Pos <<1833.181641, 100.975677, 6551.259766>>
SCRIPT       : [JunkYardDog] -- Adding Salvage Point to <Land_Wreck_sed01_aban2_wine<106b9a80>> at Pos <<2583.496338, 44.693317, 5808.991699>>
SCRIPT       : [JunkYardDog] -- Adding Fuel Point to <Land_Wreck_sed01_aban2_wine<106b9a80>> at Pos <<2583.496338, 44.693317, 5808.991699>>
SCRIPT       : [JunkYardDog] -- Adding Salvage Point to <Land_Wreck_hb01_aban2_green<106baca0>> at Pos <<2576.008301, 44.870747, 5801.844727>>
SCRIPT       : [JunkYardDog] -- Adding Fuel Point to <Land_Wreck_hb01_aban2_green<106baca0>> at Pos <<2576.008301, 44.870747, 5801.844727>>
SCRIPT       : [JunkYardDog] -- Adding Salvage Point to <Static_Wreck_Ural<149c2e40>> at Pos <<2572.344482, 45.127514, 5813.781738>>
SCRIPT       : [JunkYardDog] -- Adding Fuel Point to <Static_Wreck_Ural<149c2e40>> at Pos <<2572.344482, 45.127514, 5813.781738>>
SCRIPT       : [JunkYardDog] -- Adding Salvage Point to <Land_Wreck_Volha_Blue<106bb5b0>> at Pos <<2591.008301, 44.676941, 5816.299316>>
SCRIPT       : [JunkYardDog] -- Adding Fuel Point to <Land_Wreck_Volha_Blue<106bb5b0>> at Pos <<2591.008301, 44.676941, 5816.299316>>
SCRIPT       : [JunkYardDog] -- Adding Salvage Point to <Land_Wreck_Uaz<106c46b0>> at Pos <<2587.296143, 44.783184, 5813.109863>>
SCRIPT       : [JunkYardDog] -- Adding Fuel Point to <Land_Wreck_Uaz<106c46b0>> at Pos <<2587.296143, 44.783184, 5813.109863>>
SCRIPT       : [JunkYardDog] -- Adding Salvage Point to <Land_Wreck_sed02_aban1_yellow<106c2270>> at Pos <<2639.423584, 44.801090, 5811.221191>>
SCRIPT       : [JunkYardDog] -- Adding Fuel Point to <Land_Wreck_sed02_aban1_yellow<106c2270>> at Pos <<2639.423584, 44.801090, 5811.221191>>
SCRIPT       : [JunkYardDog] -- Adding Salvage Point to <Land_Wreck_Uaz<106bf520>> at Pos <<2644.460693, 44.783184, 5822.029785>>
SCRIPT       : [JunkYardDog] -- Adding Fuel Point to <Land_Wreck_Uaz<106bf520>> at Pos <<2644.460693, 44.783184, 5822.029785>>
SCRIPT       : [JunkYardDog] -- Adding Salvage Point to <Land_Wreck_Uaz<106bfe30>> at Pos <<2643.558105, 44.783184, 5808.225586>>
SCRIPT       : [JunkYardDog] -- Adding Fuel Point to <Land_Wreck_Uaz<106bfe30>> at Pos <<2643.558105, 44.783184, 5808.225586>>
SCRIPT       : [JunkYardDog] -- Adding Salvage Point to <Land_Wreck_S1023_Beige<106d83e0>> at Pos <<6901.242188, 63.029224, 770.589783>>
SCRIPT       : [JunkYardDog] -- Adding Fuel Point to <Land_Wreck_S1023_Beige<106d83e0>> at Pos <<6901.242188, 63.029224, 770.589783>>
SCRIPT       : [JunkYardDog] -- Adding Salvage Point to <Land_Wreck_Uaz<106d71c0>> at Pos <<1758.055176, 14.243091, 5036.176758>>
SCRIPT       : [JunkYardDog] -- Adding Fuel Point to <Land_Wreck_Uaz<106d71c0>> at Pos <<1758.055176, 14.243091, 5036.176758>>
SCRIPT       : [JunkYardDog] -- Adding Salvage Point to <Static_Wreck_HMMWV<15dd0dc0>> at Pos <<1786.229126, 99.513550, 6483.961426>>
SCRIPT       : [JunkYardDog] -- Adding Fuel Point to <Static_Wreck_HMMWV<15dd0dc0>> at Pos <<1786.229126, 99.513550, 6483.961426>>
SCRIPT       : [JunkYardDog] -- Adding Salvage Point to <Land_Wreck_Volha_Blue<162ec750>> at Pos <<1791.170776, 99.296005, 6478.506836>>
SCRIPT       : [JunkYardDog] -- Adding Fuel Point to <Land_Wreck_Volha_Blue<162ec750>> at Pos <<1791.170776, 99.296005, 6478.506836>>
SCRIPT       : [JunkYardDog] -- Adding Salvage Point to <Land_Wreck_sed02_aban1_yellow<162f3410>> at Pos <<1989.433228, 16.431118, 596.317505>>
SCRIPT       : [JunkYardDog] -- Adding Fuel Point to <Land_Wreck_sed02_aban1_yellow<162f3410>> at Pos <<1989.433228, 16.431118, 596.317505>>
SCRIPT       : [JunkYardDog] -- Adding Salvage Point to <Land_wreck_truck01_aban1_green<162fa9e0>> at Pos <<1951.740967, 15.570000, 541.459717>>
SCRIPT       : [JunkYardDog] -- Adding Fuel Point to <Land_wreck_truck01_aban1_green<162fa9e0>> at Pos <<1951.740967, 15.570000, 541.459717>>
SCRIPT       : [JunkYardDog] -- Adding Salvage Point to <Land_wreck_truck01_aban1_green<162fbc00>> at Pos <<1949.478638, 15.570000, 534.974060>>
SCRIPT       : [JunkYardDog] -- Adding Fuel Point to <Land_wreck_truck01_aban1_green<162fbc00>> at Pos <<1949.478638, 15.570000, 534.974060>>
SCRIPT       : [JunkYardDog] -- Adding Salvage Point to <Land_wreck_truck01_aban1_green<162fce20>> at Pos <<1950.984375, 15.570000, 565.505493>>
SCRIPT       : [JunkYardDog] -- Adding Fuel Point to <Land_wreck_truck01_aban1_green<162fce20>> at Pos <<1950.984375, 15.570000, 565.505493>>
SCRIPT       : [JunkYardDog] -- Adding Salvage Point to <Static_Wreck_Ural<15e7e0a0>> at Pos <<1501.529541, 16.757549, 516.901611>>
SCRIPT       : [JunkYardDog] -- Adding Fuel Point to <Static_Wreck_Ural<15e7e0a0>> at Pos <<1501.529541, 16.757549, 516.901611>>
SCRIPT       : [JunkYardDog] -- Adding Salvage Point to <Land_Wreck_sed01_aban2_wine<16320000>> at Pos <<2244.318604, 95.263321, 6336.895996>>
SCRIPT       : [JunkYardDog] -- Adding Fuel Point to <Land_Wreck_sed01_aban2_wine<16320000>> at Pos <<2244.318604, 95.263321, 6336.895996>>
SCRIPT       : [JunkYardDog] -- Adding Salvage Point to <Land_Wreck_S1023_Beige<16320910>> at Pos <<2249.183105, 95.509117, 6339.464355>>
SCRIPT       : [JunkYardDog] -- Adding Fuel Point to <Land_Wreck_S1023_Beige<16320910>> at Pos <<2249.183105, 95.509117, 6339.464355>>
SCRIPT       : [JunkYardDog] -- Adding Salvage Point to <Static_Wreck_Ural<80aa5900>> at Pos <<1549.478271, 16.757874, 535.082153>>
SCRIPT       : [JunkYardDog] -- Adding Fuel Point to <Static_Wreck_Ural<80aa5900>> at Pos <<1549.478271, 16.757874, 535.082153>>
SCRIPT       : [JunkYardDog] -- Adding Salvage Point to <Static_Wreck_Ural<80ab7c60>> at Pos <<1663.983154, 16.757513, 480.054138>>
SCRIPT       : [JunkYardDog] -- Adding Fuel Point to <Static_Wreck_Ural<80ab7c60>> at Pos <<1663.983154, 16.757513, 480.054138>>
SCRIPT       : [JunkYardDog] -- Adding Salvage Point to <Land_Wreck_Volha_Grey<18361700>> at Pos <<1643.880981, 16.306944, 480.305145>>
SCRIPT       : [JunkYardDog] -- Adding Fuel Point to <Land_Wreck_Volha_Grey<18361700>> at Pos <<1643.880981, 16.306944, 480.305145>>
SCRIPT       : [JunkYardDog] -- Adding Salvage Point to <Land_Wreck_hb02_aban1_blue<18336f50>> at Pos <<1688.455688, 16.329824, 480.802277>>
SCRIPT       : [JunkYardDog] -- Adding Fuel Point to <Land_Wreck_hb02_aban1_blue<18336f50>> at Pos <<1688.455688, 16.329824, 480.802277>>
SCRIPT       : [JunkYardDog] -- Adding Salvage Point to <Static_Wreck_Ural<80abd440>> at Pos <<1668.968018, 16.757513, 497.385315>>
SCRIPT       : [JunkYardDog] -- Adding Fuel Point to <Static_Wreck_Ural<80abd440>> at Pos <<1668.968018, 16.757513, 497.385315>>
SCRIPT       : [JunkYardDog] -- Adding Salvage Point to <Land_Wreck_Volha_Blue<1832f980>> at Pos <<1671.799683, 16.306944, 480.475220>>
SCRIPT       : [JunkYardDog] -- Adding Fuel Point to <Land_Wreck_Volha_Blue<1832f980>> at Pos <<1671.799683, 16.306944, 480.475220>>
SCRIPT       : [JunkYardDog] -- Adding Salvage Point to <Land_Wreck_hb02_aban1_blue<18e8e260>> at Pos <<1706.661011, 16.467388, 584.272339>>
SCRIPT       : [JunkYardDog] -- Adding Fuel Point to <Land_Wreck_hb02_aban1_blue<18e8e260>> at Pos <<1706.661011, 16.467388, 584.272339>>
SCRIPT       : [JunkYardDog] -- Adding Salvage Point to <Land_Wreck_sed02_aban2_grey<18e918c0>> at Pos <<1732.411377, 16.228823, 480.561371>>
SCRIPT       : [JunkYardDog] -- Adding Fuel Point to <Land_Wreck_sed02_aban2_grey<18e918c0>> at Pos <<1732.411377, 16.228823, 480.561371>>
SCRIPT       : [JunkYardDog] -- Adding Salvage Point to <Land_Wreck_Uaz<18e8ac00>> at Pos <<1741.055786, 16.413185, 480.586029>>
SCRIPT       : [JunkYardDog] -- Adding Fuel Point to <Land_Wreck_Uaz<18e8ac00>> at Pos <<1741.055786, 16.413185, 480.586029>>
SCRIPT       : [JunkYardDog] -- Adding Salvage Point to <Static_Wreck_Ural<80ab8c90>> at Pos <<1733.008667, 16.757515, 623.392273>>
SCRIPT       : [JunkYardDog] -- Adding Fuel Point to <Static_Wreck_Ural<80ab8c90>> at Pos <<1733.008667, 16.757515, 623.392273>>
SCRIPT       : [JunkYardDog] -- Adding Salvage Point to <Land_Wreck_S1023_Blue<18ea31b0>> at Pos <<1848.766968, 16.569132, 560.243225>>
SCRIPT       : [JunkYardDog] -- Adding Fuel Point to <Land_Wreck_S1023_Blue<18ea31b0>> at Pos <<1848.766968, 16.569132, 560.243225>>
SCRIPT       : [JunkYardDog] -- Adding Salvage Point to <Land_Wreck_Volha_Grey<18ea43d0>> at Pos <<1848.792603, 16.306944, 568.316406>>
SCRIPT       : [JunkYardDog] -- Adding Fuel Point to <Land_Wreck_Volha_Grey<18ea43d0>> at Pos <<1848.792603, 16.306944, 568.316406>>
SCRIPT       : [JunkYardDog] -- Adding Salvage Point to <Land_Wreck_sed02_aban2_red<18e9e020>> at Pos <<1848.998047, 16.228825, 597.822449>>
SCRIPT       : [JunkYardDog] -- Adding Fuel Point to <Land_Wreck_sed02_aban2_red<18e9e020>> at Pos <<1848.998047, 16.228825, 597.822449>>
SCRIPT       : [JunkYardDog] -- Adding Salvage Point to <Land_Wreck_sed01_aban1_wine<18e9e930>> at Pos <<1848.904419, 16.321630, 585.401611>>
SCRIPT       : [JunkYardDog] -- Adding Fuel Point to <Land_Wreck_sed01_aban1_wine<18e9e930>> at Pos <<1848.904419, 16.321630, 585.401611>>
SCRIPT       : [JunkYardDog] -- Adding Salvage Point to <Land_wreck_truck01_aban1_blue<18e68c40>> at Pos <<1879.825684, 15.570000, 562.539124>>
SCRIPT       : [JunkYardDog] -- Adding Fuel Point to <Land_wreck_truck01_aban1_blue<18e68c40>> at Pos <<1879.825684, 15.570000, 562.539124>>
SCRIPT       : [JunkYardDog] -- Adding Salvage Point to <Land_Wreck_sed01_aban1_wine<18e65ef0>> at Pos <<1880.404297, 16.321630, 570.355286>>
SCRIPT       : [JunkYardDog] -- Adding Fuel Point to <Land_Wreck_sed01_aban1_wine<18e65ef0>> at Pos <<1880.404297, 16.321630, 570.355286>>
SCRIPT       : [JunkYardDog] -- Adding Salvage Point to <Land_Wreck_S1023_Beige<18e69e60>> at Pos <<1859.809692, 16.569132, 568.488342>>
SCRIPT       : [JunkYardDog] -- Adding Fuel Point to <Land_Wreck_S1023_Beige<18e69e60>> at Pos <<1859.809692, 16.569132, 568.488342>>
SCRIPT       : [JunkYardDog] -- Adding Salvage Point to <Land_Wreck_hb02_aban2_red<18e6b080>> at Pos <<1880.867188, 16.273724, 604.823730>>
SCRIPT       : [JunkYardDog] -- Adding Fuel Point to <Land_Wreck_hb02_aban2_red<18e6b080>> at Pos <<1880.867188, 16.273724, 604.823730>>
SCRIPT       : [JunkYardDog] -- Adding Salvage Point to <Land_Wreck_S1023_Beige<18e66800>> at Pos <<1881.052734, 16.569134, 600.557434>>
SCRIPT       : [JunkYardDog] -- Adding Fuel Point to <Land_Wreck_S1023_Beige<18e66800>> at Pos <<1881.052734, 16.569134, 600.557434>>
SCRIPT       : [JunkYardDog] -- Adding Salvage Point to <Land_Wreck_sed01_aban1_white<18e67110>> at Pos <<1859.194214, 16.321630, 597.628418>>
SCRIPT       : [JunkYardDog] -- Adding Fuel Point to <Land_Wreck_sed01_aban1_white<18e67110>> at Pos <<1859.194214, 16.321630, 597.628418>>
SCRIPT       : [JunkYardDog] -- Adding Salvage Point to <Land_Wreck_hb02_aban1_blue<18e6cbb0>> at Pos <<1881.339844, 16.329824, 580.130371>>
SCRIPT       : [JunkYardDog] -- Adding Fuel Point to <Land_Wreck_hb02_aban1_blue<18e6cbb0>> at Pos <<1881.339844, 16.329824, 580.130371>>
SCRIPT       : [JunkYardDog] -- Adding Salvage Point to <Land_Wreck_sed02_aban1_yellow<18e67a20>> at Pos <<1880.414917, 16.431118, 587.603455>>
SCRIPT       : [JunkYardDog] -- Adding Fuel Point to <Land_Wreck_sed02_aban1_yellow<18e67a20>> at Pos <<1880.414917, 16.431118, 587.603455>>
SCRIPT       : [JunkYardDog] -- Adding Salvage Point to <Land_Wreck_hb01_aban1_green<18e6b990>> at Pos <<1859.670532, 16.631992, 580.999573>>
SCRIPT       : [JunkYardDog] -- Adding Fuel Point to <Land_Wreck_hb01_aban1_green<18e6b990>> at Pos <<1859.670532, 16.631992, 580.999573>>
SCRIPT       : [INFO] Spawning initial hordes...
SCRIPT       : [INFO] Horde spawned (18 zombies) at <1694.606323, 18.268225, 5224.420410>
SCRIPT       : [INFO] Horde spawned (48 zombies) at <3717.749512, 6.920784, 4672.553223>
SCRIPT       : [INFO] Horde spawned (32 zombies) at <1694.927856, 30.789070, 4803.332031>
SCRIPT       : [INFO] Horde spawned (44 zombies) at <2418.330078, 41.831478, 5725.710938>
SCRIPT       : [TERJE CORE](INFO): TERJE_STORAGE_VERSION SET TO 1
SCRIPT       : [JunkYardDog] -- Adding Salvage Point to <Land_Wreck_sed02_aban2_red<18e78a00>> at Pos <<3720.454102, 7.656665, 4651.894531>>
SCRIPT       : [JunkYardDog] -- Adding Fuel Point to <Land_Wreck_sed02_aban2_red<18e78a00>> at Pos <<3720.454102, 7.656665, 4651.894531>>
SCRIPT       : [JunkYardDog] -- Adding Salvage Point to <Land_Wreck_sed02_aban2_red<18e780f0>> at Pos <<3759.895508, 8.890735, 4681.981934>>
SCRIPT       : [JunkYardDog] -- Adding Fuel Point to <Land_Wreck_sed02_aban2_red<18e780f0>> at Pos <<3759.895508, 8.890735, 4681.981934>>
SCRIPT       : [JunkYardDog] -- Adding Salvage Point to <Land_Wreck_hb01_aban2_green<18e72650>> at Pos <<3695.641846, 6.523770, 4694.294434>>
SCRIPT       : [JunkYardDog] -- Adding Fuel Point to <Land_Wreck_hb01_aban2_green<18e72650>> at Pos <<3695.641846, 6.523770, 4694.294434>>
SCRIPT       : [JunkYardDog] -- Adding Salvage Point to <Land_Wreck_S1023_Blue<18e82d20>> at Pos <<2371.412842, 43.496582, 5728.241699>>
SCRIPT       : [JunkYardDog] -- Adding Fuel Point to <Land_Wreck_S1023_Blue<18e82d20>> at Pos <<2371.412842, 43.496582, 5728.241699>>
SCRIPT       : [JunkYardDog] -- Adding Salvage Point to <Land_wreck_truck01_aban1_green<18e85160>> at Pos <<1686.831543, 30.821169, 4812.258789>>
SCRIPT       : [JunkYardDog] -- Adding Fuel Point to <Land_wreck_truck01_aban1_green<18e85160>> at Pos <<1686.831543, 30.821169, 4812.258789>>
SCRIPT       : [JunkYardDog] -- Adding Salvage Point to <Land_Wreck_S1023_Beige<1b3d84e0>> at Pos <<4966.758301, 6.734208, 610.713623>>
SCRIPT       : [JunkYardDog] -- Adding Fuel Point to <Land_Wreck_S1023_Beige<1b3d84e0>> at Pos <<4966.758301, 6.734208, 610.713623>>
SCRIPT       : [JunkYardDog] -- Adding Salvage Point to <Land_wreck_truck01_aban1_green<1b3d72c0>> at Pos <<4982.132813, 5.617619, 645.403870>>
SCRIPT       : [JunkYardDog] -- Adding Fuel Point to <Land_wreck_truck01_aban1_green<1b3d72c0>> at Pos <<4982.132813, 5.617619, 645.403870>>
SCRIPT       : [JunkYardDog] -- Adding Salvage Point to <Land_Wreck_sed01_aban2_wine<1b3e5e60>> at Pos <<3180.095459, 16.053360, 881.825867>>
SCRIPT       : [JunkYardDog] -- Adding Fuel Point to <Land_Wreck_sed01_aban2_wine<1b3e5e60>> at Pos <<3180.095459, 16.053360, 881.825867>>
SCRIPT       : [JunkYardDog] -- Adding Salvage Point to <Land_Wreck_hb01_aban2_blue<1b3e6770>> at Pos <<3201.337891, 16.250183, 898.493591>>
SCRIPT       : [JunkYardDog] -- Adding Fuel Point to <Land_Wreck_hb01_aban2_blue<1b3e6770>> at Pos <<3201.337891, 16.250183, 898.493591>>
SCRIPT       : [JunkYardDog] -- Adding Salvage Point to <Land_Wreck_S1023_Beige<159e22c0>> at Pos <<3897.795654, 53.928947, 1289.667480>>
SCRIPT       : [JunkYardDog] -- Adding Fuel Point to <Land_Wreck_S1023_Beige<159e22c0>> at Pos <<3897.795654, 53.928947, 1289.667480>>
SCRIPT       : [JunkYardDog] -- Adding Salvage Point to <Land_Wreck_S1023_Beige<159dfe80>> at Pos <<3887.904785, 52.599026, 1321.908325>>
SCRIPT       : [JunkYardDog] -- Adding Fuel Point to <Land_Wreck_S1023_Beige<159dfe80>> at Pos <<3887.904785, 52.599026, 1321.908325>>
SCRIPT       : [JunkYardDog] -- Adding Salvage Point to <Land_Wreck_sed01_aban2_wine<159dec60>> at Pos <<3919.296631, 51.748848, 1356.713501>>
SCRIPT       : [JunkYardDog] -- Adding Fuel Point to <Land_Wreck_sed01_aban2_wine<159dec60>> at Pos <<3919.296631, 51.748848, 1356.713501>>
SCRIPT       : [JunkYardDog] -- Adding Salvage Point to <Land_wreck_truck01_aban1_green<247bed80>> at Pos <<4823.355957, 47.369293, 1582.841309>>
SCRIPT       : [JunkYardDog] -- Adding Fuel Point to <Land_wreck_truck01_aban1_green<247bed80>> at Pos <<4823.355957, 47.369293, 1582.841309>>
SCRIPT       : [JunkYardDog] -- Adding Salvage Point to <Land_Wreck_V3S<247c7570>> at Pos <<3957.861084, 30.366205, 1668.957520>>
SCRIPT       : [JunkYardDog] -- Adding Fuel Point to <Land_Wreck_V3S<247c7570>> at Pos <<3957.861084, 30.366205, 1668.957520>>
SCRIPT       : [JunkYardDog] -- Adding Salvage Point to <Land_Wreck_S1023_Beige<247a67d0>> at Pos <<4274.011230, 28.779491, 1814.262207>>
SCRIPT       : [JunkYardDog] -- Adding Fuel Point to <Land_Wreck_S1023_Beige<247a67d0>> at Pos <<4274.011230, 28.779491, 1814.262207>>
SCRIPT       : [JunkYardDog] -- Adding Salvage Point to <Land_Wreck_S1023_Beige<247aa740>> at Pos <<4274.203613, 27.484409, 1849.145630>>
SCRIPT       : [JunkYardDog] -- Adding Fuel Point to <Land_Wreck_S1023_Beige<247aa740>> at Pos <<4274.203613, 27.484409, 1849.145630>>
SCRIPT       : [JunkYardDog] -- Adding Salvage Point to <Land_Wreck_S1023_Beige<247a4390>> at Pos <<4492.876465, 34.188805, 1802.612671>>
SCRIPT       : [JunkYardDog] -- Adding Fuel Point to <Land_Wreck_S1023_Beige<247a4390>> at Pos <<4492.876465, 34.188805, 1802.612671>>
SCRIPT       : [JunkYardDog] -- Adding Salvage Point to <Static_Wreck_Digger<1d4bf340>> at Pos <<7694.031250, 29.286938, 1846.319824>>
SCRIPT       : [JunkYardDog] -- Adding Fuel Point to <Static_Wreck_Digger<1d4bf340>> at Pos <<7694.031250, 29.286938, 1846.319824>>
SCRIPT       : [JunkYardDog] -- Adding Salvage Point to <Land_wreck_truck01_aban1_green<247b3840>> at Pos <<7748.199219, 26.130013, 1923.807251>>
SCRIPT       : [JunkYardDog] -- Adding Fuel Point to <Land_wreck_truck01_aban1_green<247b3840>> at Pos <<7748.199219, 26.130013, 1923.807251>>
SCRIPT       : [JunkYardDog] -- Adding Salvage Point to <Land_Wreck_S1023_Beige<1f66b3f0>> at Pos <<5395.962402, 9.756697, 1954.658081>>
SCRIPT       : [JunkYardDog] -- Adding Fuel Point to <Land_Wreck_S1023_Beige<1f66b3f0>> at Pos <<5395.962402, 9.756697, 1954.658081>>
SCRIPT       : [JunkYardDog] -- Adding Salvage Point to <Land_wreck_truck01_aban1_green<1f6732d0>> at Pos <<7829.684570, 26.130013, 2040.784424>>
SCRIPT       : [JunkYardDog] -- Adding Fuel Point to <Land_wreck_truck01_aban1_green<1f6732d0>> at Pos <<7829.684570, 26.130013, 2040.784424>>
SCRIPT       : [JunkYardDog] -- Adding Salvage Point to <Land_Wreck_hb01_aban2_green<1f66fc70>> at Pos <<7822.011230, 27.060753, 2019.668213>>
SCRIPT       : [JunkYardDog] -- Adding Fuel Point to <Land_Wreck_hb01_aban2_green<1f66fc70>> at Pos <<7822.011230, 27.060753, 2019.668213>>
SCRIPT       : [JunkYardDog] -- Adding Salvage Point to <Land_Wreck_sed01_aban2_wine<1f678d70>> at Pos <<5230.852539, 8.636856, 2105.004395>>
SCRIPT       : [JunkYardDog] -- Adding Fuel Point to <Land_Wreck_sed01_aban2_wine<1f678d70>> at Pos <<5230.852539, 8.636856, 2105.004395>>
SCRIPT       : [JunkYardDog] -- Adding Salvage Point to <Land_wreck_truck01_aban2_green<1f67cce0>> at Pos <<5265.731934, 5.790695, 2022.568481>>
SCRIPT       : [JunkYardDog] -- Adding Fuel Point to <Land_wreck_truck01_aban2_green<1f67cce0>> at Pos <<5265.731934, 5.790695, 2022.568481>>
SCRIPT       : [JunkYardDog] -- Adding Salvage Point to <Static_Wreck_HMMWV<210e98d0>> at Pos <<6481.323242, 27.037102, 2196.517822>>
SCRIPT       : [JunkYardDog] -- Adding Fuel Point to <Static_Wreck_HMMWV<210e98d0>> at Pos <<6481.323242, 27.037102, 2196.517822>>
SCRIPT       : [JunkYardDog] -- Adding Salvage Point to <Land_Wreck_sed01_aban2_black<1f650a00>> at Pos <<6717.325195, 26.883318, 2304.556396>>
SCRIPT       : [JunkYardDog] -- Adding Fuel Point to <Land_Wreck_sed01_aban2_black<1f650a00>> at Pos <<6717.325195, 26.883318, 2304.556396>>
SCRIPT       : [JunkYardDog] -- Adding Salvage Point to <Land_Wreck_hb02_aban2_blue<1f64e5c0>> at Pos <<6711.358887, 26.833715, 2343.192383>>
SCRIPT       : [JunkYardDog] -- Adding Fuel Point to <Land_Wreck_hb02_aban2_blue<1f64e5c0>> at Pos <<6711.358887, 26.833715, 2343.192383>>
SCRIPT       : [JunkYardDog] -- Adding Salvage Point to <Static_Wreck_Ural<20b8cad0>> at Pos <<6746.413574, 27.317520, 2289.623779>>
SCRIPT       : [JunkYardDog] -- Adding Fuel Point to <Static_Wreck_Ural<20b8cad0>> at Pos <<6746.413574, 27.317520, 2289.623779>>
SCRIPT       : [JunkYardDog] -- Adding Salvage Point to <Land_Wreck_sed01_aban2_wine<1f64eed0>> at Pos <<6749.152832, 26.883291, 2315.182129>>
SCRIPT       : [JunkYardDog] -- Adding Fuel Point to <Land_Wreck_sed01_aban2_wine<1f64eed0>> at Pos <<6749.152832, 26.883291, 2315.182129>>
SCRIPT       : [JunkYardDog] -- Adding Salvage Point to <Land_Wreck_S1023_Beige<1f64f7e0>> at Pos <<6727.623047, 27.129129, 2333.909424>>
SCRIPT       : [JunkYardDog] -- Adding Fuel Point to <Land_Wreck_S1023_Beige<1f64f7e0>> at Pos <<6727.623047, 27.129129, 2333.909424>>
SCRIPT       : [JunkYardDog] -- Adding Salvage Point to <Land_Wreck_hb01_aban2_green<1f649430>> at Pos <<6742.686035, 27.060749, 2314.432861>>
SCRIPT       : [JunkYardDog] -- Adding Fuel Point to <Land_Wreck_hb01_aban2_green<1f649430>> at Pos <<6742.686035, 27.060749, 2314.432861>>
SCRIPT       : [JunkYardDog] -- Adding Salvage Point to <Static_Wreck_S120_Red<20b8cd20>> at Pos <<6727.504395, 26.712687, 2343.125488>>
SCRIPT       : [JunkYardDog] -- Adding Fuel Point to <Static_Wreck_S120_Red<20b8cd20>> at Pos <<6727.504395, 26.712687, 2343.125488>>
SCRIPT       : [JunkYardDog] -- Adding Salvage Point to <Static_Wreck_HMMWV<20b92060>> at Pos <<6734.239258, 27.037115, 2343.453613>>
SCRIPT       : [JunkYardDog] -- Adding Fuel Point to <Static_Wreck_HMMWV<20b92060>> at Pos <<6734.239258, 27.037115, 2343.453613>>
SCRIPT       : [JunkYardDog] -- Adding Salvage Point to <Land_Wreck_sed02_aban1_grey<1f654970>> at Pos <<1396.138306, 35.637531, 2546.402832>>
SCRIPT       : [JunkYardDog] -- Adding Fuel Point to <Land_Wreck_sed02_aban1_grey<1f654970>> at Pos <<1396.138306, 35.637531, 2546.402832>>
SCRIPT       : [JunkYardDog] -- Adding Salvage Point to <Land_Wreck_hb02_aban1_black<1f6588e0>> at Pos <<1394.962158, 35.359966, 2553.267578>>
SCRIPT       : [JunkYardDog] -- Adding Fuel Point to <Land_Wreck_hb02_aban1_black<1f6588e0>> at Pos <<1394.962158, 35.359966, 2553.267578>>
SCRIPT       : [JunkYardDog] -- Adding Salvage Point to <Land_wreck_truck01_aban1_green<20c7eb80>> at Pos <<2542.481689, 109.670647, 2452.678955>>
SCRIPT       : [JunkYardDog] -- Adding Fuel Point to <Land_wreck_truck01_aban1_green<20c7eb80>> at Pos <<2542.481689, 109.670647, 2452.678955>>
SCRIPT       : [JunkYardDog] -- Adding Salvage Point to <Land_wreck_truck01_aban1_green<20c821e0>> at Pos <<2564.475342, 109.706367, 2509.518066>>
SCRIPT       : [JunkYardDog] -- Adding Fuel Point to <Land_wreck_truck01_aban1_green<20c821e0>> at Pos <<2564.475342, 109.706367, 2509.518066>>
SCRIPT       : [JunkYardDog] -- Adding Salvage Point to <Land_wreck_truck01_aban1_green<20c84f30>> at Pos <<2603.595215, 109.670670, 2490.604980>>
SCRIPT       : [JunkYardDog] -- Adding Fuel Point to <Land_wreck_truck01_aban1_green<20c84f30>> at Pos <<2603.595215, 109.670670, 2490.604980>>
SCRIPT       : [JunkYardDog] -- Adding Salvage Point to <Land_wreck_truck01_aban1_green<20c88590>> at Pos <<2716.936279, 109.670647, 2403.360107>>
SCRIPT       : [JunkYardDog] -- Adding Fuel Point to <Land_wreck_truck01_aban1_green<20c88590>> at Pos <<2716.936279, 109.670647, 2403.360107>>
SCRIPT       : [JunkYardDog] -- Adding Salvage Point to <Land_Wreck_sed01_aban1_wine<20c97130>> at Pos <<4122.398438, 9.277096, 2768.378906>>
SCRIPT       : [JunkYardDog] -- Adding Fuel Point to <Land_Wreck_sed01_aban1_wine<20c97130>> at Pos <<4122.398438, 9.277096, 2768.378906>>
SCRIPT       : [JunkYardDog] -- Adding Salvage Point to <Land_Wreck_S1023_Beige<20c91fa0>> at Pos <<4140.333984, 9.529581, 2787.322266>>
SCRIPT       : [JunkYardDog] -- Adding Fuel Point to <Land_Wreck_S1023_Beige<20c91fa0>> at Pos <<4140.333984, 9.529581, 2787.322266>>
SCRIPT       : [JunkYardDog] -- Adding Salvage Point to <Land_Wreck_hb01_aban1_green<20c90d80>> at Pos <<4212.879395, 9.402323, 2870.532715>>
SCRIPT       : [JunkYardDog] -- Adding Fuel Point to <Land_Wreck_hb01_aban1_green<20c90d80>> at Pos <<4212.879395, 9.402323, 2870.532715>>
SCRIPT       : [JunkYardDog] -- Adding Salvage Point to <Land_Wreck_hb02_aban1_black<20c90470>> at Pos <<4209.152832, 9.069923, 2868.872314>>
SCRIPT       : [JunkYardDog] -- Adding Fuel Point to <Land_Wreck_hb02_aban1_black<20c90470>> at Pos <<4209.152832, 9.069923, 2868.872314>>
SCRIPT       : [JunkYardDog] -- Adding Salvage Point to <Land_wreck_truck01_aban1_green<20c9ddf0>> at Pos <<1934.232788, 54.828510, 2858.422119>>
SCRIPT       : [JunkYardDog] -- Adding Fuel Point to <Land_wreck_truck01_aban1_green<20c9ddf0>> at Pos <<1934.232788, 54.828510, 2858.422119>>
SCRIPT       : [JunkYardDog] -- Adding Salvage Point to <Land_wreck_truck01_aban1_green<20c9b0a0>> at Pos <<1920.850708, 54.800152, 2904.254150>>
SCRIPT       : [JunkYardDog] -- Adding Fuel Point to <Land_wreck_truck01_aban1_green<20c9b0a0>> at Pos <<1920.850708, 54.800152, 2904.254150>>
SCRIPT       : [JunkYardDog] -- Adding Salvage Point to <Static_Wreck_S120_Red<21c6c520>> at Pos <<1939.939331, 55.382698, 2938.134766>>
SCRIPT       : [JunkYardDog] -- Adding Fuel Point to <Static_Wreck_S120_Red<21c6c520>> at Pos <<1939.939331, 55.382698, 2938.134766>>
SCRIPT       : [JunkYardDog] -- Adding Salvage Point to <Land_Wreck_S1023_Beige<20c9c2c0>> at Pos <<1930.298584, 55.799137, 2934.709229>>
SCRIPT       : [JunkYardDog] -- Adding Fuel Point to <Land_Wreck_S1023_Beige<20c9c2c0>> at Pos <<1930.298584, 55.799137, 2934.709229>>
SCRIPT       : [JunkYardDog] -- Adding Salvage Point to <Land_Wreck_Volha_Grey<20c98c60>> at Pos <<1930.070190, 55.536770, 2922.758789>>
SCRIPT       : [JunkYardDog] -- Adding Fuel Point to <Land_Wreck_Volha_Grey<20c98c60>> at Pos <<1930.070190, 55.536770, 2922.758789>>
SCRIPT       : [JunkYardDog] -- Adding Salvage Point to <Land_Wreck_sed02_aban1_red<20c99570>> at Pos <<1944.047974, 55.661205, 2940.372803>>
SCRIPT       : [JunkYardDog] -- Adding Fuel Point to <Land_Wreck_sed02_aban1_red<20c99570>> at Pos <<1944.047974, 55.661205, 2940.372803>>
SCRIPT       : [JunkYardDog] -- Adding Salvage Point to <Land_Wreck_Volha_Blue<20ca1450>> at Pos <<1980.411499, 55.572750, 2853.582520>>
SCRIPT       : [JunkYardDog] -- Adding Fuel Point to <Land_Wreck_Volha_Blue<20ca1450>> at Pos <<1980.411499, 55.572750, 2853.582520>>
SCRIPT       : [JunkYardDog] -- Adding Salvage Point to <Land_Wreck_S1023_Blue<20ca2f80>> at Pos <<1953.849731, 55.799133, 2932.054688>>
SCRIPT       : [JunkYardDog] -- Adding Fuel Point to <Land_Wreck_S1023_Blue<20ca2f80>> at Pos <<1953.849731, 55.799133, 2932.054688>>
SCRIPT       : [JunkYardDog] -- Adding Salvage Point to <Land_wreck_truck01_aban2_green<20ca53c0>> at Pos <<1990.463745, 54.799999, 2950.553223>>
SCRIPT       : [JunkYardDog] -- Adding Fuel Point to <Land_wreck_truck01_aban2_green<20ca53c0>> at Pos <<1990.463745, 54.799999, 2950.553223>>
SCRIPT       : [JunkYardDog] -- Adding Salvage Point to <Land_Wreck_sed01_aban1_black<20ca0b40>> at Pos <<2035.736328, 55.551632, 2929.536377>>
SCRIPT       : [JunkYardDog] -- Adding Fuel Point to <Land_Wreck_sed01_aban1_black<20ca0b40>> at Pos <<2035.736328, 55.551632, 2929.536377>>
SCRIPT       : [JunkYardDog] -- Adding Salvage Point to <Land_wreck_truck01_aban2_blue<21f5ff50>> at Pos <<1160.065674, 19.777578, 2958.288574>>
SCRIPT       : [JunkYardDog] -- Adding Fuel Point to <Land_wreck_truck01_aban2_blue<21f5ff50>> at Pos <<1160.065674, 19.777578, 2958.288574>>
SCRIPT       : [JunkYardDog] -- Adding Salvage Point to <Land_wreck_truck01_aban2_blue<21f5c8f0>> at Pos <<1214.274780, 26.349161, 3033.826904>>
SCRIPT       : [JunkYardDog] -- Adding Fuel Point to <Land_wreck_truck01_aban2_blue<21f5c8f0>> at Pos <<1214.274780, 26.349161, 3033.826904>>
SCRIPT       : [JunkYardDog] -- Adding Salvage Point to <Land_Wreck_sed02_aban1_grey<21f6bda0>> at Pos <<1696.435181, 53.802372, 2945.981689>>
SCRIPT       : [JunkYardDog] -- Adding Fuel Point to <Land_Wreck_sed02_aban1_grey<21f6bda0>> at Pos <<1696.435181, 53.802372, 2945.981689>>
SCRIPT       : [JunkYardDog] -- Adding Salvage Point to <Land_Wreck_hb02_aban2_black<21f6b490>> at Pos <<1700.660400, 53.583584, 2999.756104>>
SCRIPT       : [JunkYardDog] -- Adding Fuel Point to <Land_Wreck_hb02_aban2_black<21f6b490>> at Pos <<1700.660400, 53.583584, 2999.756104>>
SCRIPT       : [JunkYardDog] -- Adding Salvage Point to <Land_Wreck_Lada_Green<21f73370>> at Pos <<966.022827, 6.089734, 3125.572998>>
SCRIPT       : [JunkYardDog] -- Adding Fuel Point to <Land_Wreck_Lada_Green<21f73370>> at Pos <<966.022827, 6.089734, 3125.572998>>
SCRIPT       : [JunkYardDog] -- Adding Salvage Point to <Land_Wreck_hb02_aban1_blue<21f6eaf0>> at Pos <<973.256897, 6.358056, 3121.756104>>
SCRIPT       : [JunkYardDog] -- Adding Fuel Point to <Land_Wreck_hb02_aban1_blue<21f6eaf0>> at Pos <<973.256897, 6.358056, 3121.756104>>
SCRIPT       : [JunkYardDog] -- Adding Salvage Point to <Land_Wreck_Volha_Blue<21f74ea0>> at Pos <<2409.993408, 55.532642, 3103.223389>>
SCRIPT       : [JunkYardDog] -- Adding Fuel Point to <Land_Wreck_Volha_Blue<21f74ea0>> at Pos <<2409.993408, 55.532642, 3103.223389>>
SCRIPT       : [JunkYardDog] -- Adding Salvage Point to <Land_Wreck_sed01_aban2_wine<21f760c0>> at Pos <<2450.893066, 55.553318, 3067.573486>>
SCRIPT       : [JunkYardDog] -- Adding Fuel Point to <Land_Wreck_sed01_aban2_wine<21f760c0>> at Pos <<2450.893066, 55.553318, 3067.573486>>
SCRIPT       : [JunkYardDog] -- Adding Salvage Point to <Static_Wreck_S120_Red<2253aff0>> at Pos <<2498.068848, 55.382694, 3054.574707>>
SCRIPT       : [JunkYardDog] -- Adding Fuel Point to <Static_Wreck_S120_Red<2253aff0>> at Pos <<2498.068848, 55.382694, 3054.574707>>
SCRIPT       : [JunkYardDog] -- Adding Salvage Point to <Land_Wreck_sed01_aban2_black<21f83a40>> at Pos <<5038.738281, 18.158369, 2921.698730>>
SCRIPT       : [JunkYardDog] -- Adding Fuel Point to <Land_Wreck_sed01_aban2_black<21f83a40>> at Pos <<5038.738281, 18.158369, 2921.698730>>
SCRIPT       : [JunkYardDog] -- Adding Salvage Point to <Land_Wreck_hb01_aban2_green<21f84c60>> at Pos <<1198.017334, 27.506042, 3042.165283>>
SCRIPT       : [JunkYardDog] -- Adding Fuel Point to <Land_Wreck_hb01_aban2_green<21f84c60>> at Pos <<1198.017334, 27.506042, 3042.165283>>
SCRIPT       : [JunkYardDog] -- Adding Salvage Point to <Land_wreck_truck01_aban1_green<21f7dfa0>> at Pos <<1216.473511, 26.249359, 3042.851318>>
SCRIPT       : [JunkYardDog] -- Adding Fuel Point to <Land_wreck_truck01_aban1_green<21f7dfa0>> at Pos <<1216.473511, 26.249359, 3042.851318>>
SCRIPT       : [JunkYardDog] -- Adding Salvage Point to <Land_Wreck_Lada_Green<21f93800>> at Pos <<2115.759766, 55.461494, 3096.063721>>
SCRIPT       : [JunkYardDog] -- Adding Fuel Point to <Land_Wreck_Lada_Green<21f93800>> at Pos <<2115.759766, 55.461494, 3096.063721>>
SCRIPT       : [JunkYardDog] -- Adding Salvage Point to <Land_Wreck_sed02_aban1_red<21f94110>> at Pos <<2146.428711, 55.661118, 3001.906738>>
SCRIPT       : [JunkYardDog] -- Adding Fuel Point to <Land_Wreck_sed02_aban1_red<21f94110>> at Pos <<2146.428711, 55.661118, 3001.906738>>
SCRIPT       : [JunkYardDog] -- Adding Salvage Point to <Land_Wreck_hb02_aban1_blue<21f97770>> at Pos <<2212.228760, 55.559822, 3009.583008>>
SCRIPT       : [JunkYardDog] -- Adding Fuel Point to <Land_Wreck_hb02_aban1_blue<21f97770>> at Pos <<2212.228760, 55.559822, 3009.583008>>
SCRIPT       : [JunkYardDog] -- Adding Salvage Point to <Land_Wreck_hb02_aban2_blue<227c8af0>> at Pos <<2254.115479, 55.503723, 3137.041992>>
SCRIPT       : [JunkYardDog] -- Adding Fuel Point to <Land_Wreck_hb02_aban2_blue<227c8af0>> at Pos <<2254.115479, 55.503723, 3137.041992>>
SCRIPT       : [JunkYardDog] -- Adding Salvage Point to <Land_Wreck_Lada_Red<227cc150>> at Pos <<2287.553955, 55.461494, 3071.835693>>
SCRIPT       : [JunkYardDog] -- Adding Fuel Point to <Land_Wreck_Lada_Red<227cc150>> at Pos <<2287.553955, 55.461494, 3071.835693>>
SCRIPT       : [JunkYardDog] -- Adding Salvage Point to <Land_Wreck_hb01_aban1_white<227d4030>> at Pos <<2321.245850, 55.861988, 3077.503174>>
SCRIPT       : [JunkYardDog] -- Adding Fuel Point to <Land_Wreck_hb01_aban1_white<227d4030>> at Pos <<2321.245850, 55.861988, 3077.503174>>
SCRIPT       : [JunkYardDog] -- Adding Salvage Point to <Land_Wreck_hb02_aban1_red<227d7690>> at Pos <<2323.665283, 55.559822, 3095.309570>>
SCRIPT       : [JunkYardDog] -- Adding Fuel Point to <Land_Wreck_hb02_aban1_red<227d7690>> at Pos <<2323.665283, 55.559822, 3095.309570>>
SCRIPT       : [JunkYardDog] -- Adding Salvage Point to <Land_Wreck_S1023_Beige<227d6470>> at Pos <<2327.708740, 55.799133, 3096.558594>>
SCRIPT       : [JunkYardDog] -- Adding Fuel Point to <Land_Wreck_S1023_Beige<227d6470>> at Pos <<2327.708740, 55.799133, 3096.558594>>
SCRIPT       : [JunkYardDog] -- Adding Salvage Point to <Land_Wreck_Volha_Blue<227d4940>> at Pos <<2335.622314, 55.532642, 3080.989258>>
SCRIPT       : [JunkYardDog] -- Adding Fuel Point to <Land_Wreck_Volha_Blue<227d4940>> at Pos <<2335.622314, 55.532642, 3080.989258>>
SCRIPT       : [JunkYardDog] -- Adding Salvage Point to <Land_wreck_truck01_aban1_green<227d88b0>> at Pos <<929.585327, 5.259833, 3145.406250>>
SCRIPT       : [JunkYardDog] -- Adding Fuel Point to <Land_wreck_truck01_aban1_green<227d88b0>> at Pos <<929.585327, 5.259833, 3145.406250>>
SCRIPT       : [JunkYardDog] -- Adding Salvage Point to <Land_Wreck_Volha_Blue<227e0790>> at Pos <<939.643738, 6.002090, 3140.184570>>
SCRIPT       : [JunkYardDog] -- Adding Fuel Point to <Land_Wreck_Volha_Blue<227e0790>> at Pos <<939.643738, 6.002090, 3140.184570>>
SCRIPT       : [JunkYardDog] -- Adding Salvage Point to <Land_Wreck_sed01_aban1_wine<227f0e60>> at Pos <<2129.894043, 55.551632, 3209.930664>>
SCRIPT       : [JunkYardDog] -- Adding Fuel Point to <Land_Wreck_sed01_aban1_wine<227f0e60>> at Pos <<2129.894043, 55.551632, 3209.930664>>
SCRIPT       : [JunkYardDog] -- Adding Salvage Point to <Land_wreck_truck01_aban1_green<227ee110>> at Pos <<2836.274658, 53.409863, 3192.698975>>
SCRIPT       : [JunkYardDog] -- Adding Fuel Point to <Land_wreck_truck01_aban1_green<227ee110>> at Pos <<2836.274658, 53.409863, 3192.698975>>
SCRIPT       : [JunkYardDog] -- Adding Salvage Point to <Static_Wreck_Ural<214641c0>> at Pos <<2828.564941, 54.597740, 3187.944336>>
SCRIPT       : [JunkYardDog] -- Adding Fuel Point to <Static_Wreck_Ural<214641c0>> at Pos <<2828.564941, 54.597740, 3187.944336>>
SCRIPT       : [JunkYardDog] -- Adding Salvage Point to <Land_Wreck_hb01_aban1_blue<227fc3a0>> at Pos <<2848.527100, 54.472118, 3172.972656>>
SCRIPT       : [JunkYardDog] -- Adding Fuel Point to <Land_Wreck_hb01_aban1_blue<227fc3a0>> at Pos <<2848.527100, 54.472118, 3172.972656>>
SCRIPT       : [JunkYardDog] -- Adding Salvage Point to <Land_wreck_truck01_aban2_blue<227f7b20>> at Pos <<2871.169922, 53.409870, 3195.783203>>
SCRIPT       : [JunkYardDog] -- Adding Fuel Point to <Land_wreck_truck01_aban2_blue<227f7b20>> at Pos <<2871.169922, 53.409870, 3195.783203>>
SCRIPT       : [JunkYardDog] -- Adding Salvage Point to <Land_Wreck_hb02_aban2_red<227f5ff0>> at Pos <<2876.854736, 54.113640, 3198.492432>>
SCRIPT       : [JunkYardDog] -- Adding Fuel Point to <Land_Wreck_hb02_aban2_red<227f5ff0>> at Pos <<2876.854736, 54.113640, 3198.492432>>
SCRIPT       : [JunkYardDog] -- Adding Salvage Point to <Static_Wreck_Ural<2146ea90>> at Pos <<2854.586914, 54.597744, 3181.083252>>
SCRIPT       : [JunkYardDog] -- Adding Fuel Point to <Static_Wreck_Ural<2146ea90>> at Pos <<2854.586914, 54.597744, 3181.083252>>
SCRIPT       : [JunkYardDog] -- Adding Salvage Point to <Land_Wreck_V3S<227f4dd0>> at Pos <<2861.681885, 55.012928, 3185.466064>>
SCRIPT       : [JunkYardDog] -- Adding Fuel Point to <Land_Wreck_V3S<227f4dd0>> at Pos <<2861.681885, 55.012928, 3185.466064>>
SCRIPT       : [JunkYardDog] -- Adding Salvage Point to <Static_Wreck_S120_Red<2146f3d0>> at Pos <<2864.635742, 53.992603, 3209.586914>>
SCRIPT       : [JunkYardDog] -- Adding Fuel Point to <Static_Wreck_S120_Red<2146f3d0>> at Pos <<2864.635742, 53.992603, 3209.586914>>
SCRIPT       : [JunkYardDog] -- Adding Salvage Point to <Land_Wreck_hb01_aban2_green<227fccb0>> at Pos <<2873.314209, 54.340794, 3205.555908>>
SCRIPT       : [JunkYardDog] -- Adding Fuel Point to <Land_Wreck_hb01_aban2_green<227fccb0>> at Pos <<2873.314209, 54.340794, 3205.555908>>
SCRIPT       : [JunkYardDog] -- Adding Salvage Point to <Land_Wreck_Volha_Blue<227fb180>> at Pos <<2878.251465, 54.146778, 3220.056885>>
SCRIPT       : [JunkYardDog] -- Adding Fuel Point to <Land_Wreck_Volha_Blue<227fb180>> at Pos <<2878.251465, 54.146778, 3220.056885>>
SCRIPT       : [JunkYardDog] -- Adding Salvage Point to <Land_Wreck_Volha_Blue<227f8d40>> at Pos <<2869.360107, 54.142620, 3213.584717>>
SCRIPT       : [JunkYardDog] -- Adding Fuel Point to <Land_Wreck_Volha_Blue<227f8d40>> at Pos <<2869.360107, 54.142620, 3213.584717>>
SCRIPT       : [JunkYardDog] -- Adding Salvage Point to <Land_Wreck_Lada_Green<227f7210>> at Pos <<2888.144531, 54.088688, 3231.076172>>
SCRIPT       : [JunkYardDog] -- Adding Fuel Point to <Land_Wreck_Lada_Green<227f7210>> at Pos <<2888.144531, 54.088688, 3231.076172>>
SCRIPT       : [JunkYardDog] -- Adding Salvage Point to <Land_Wreck_sed01_aban2_wine<227f56e0>> at Pos <<2886.245850, 54.163330, 3204.535889>>
SCRIPT       : [JunkYardDog] -- Adding Fuel Point to <Land_Wreck_sed01_aban2_wine<227f56e0>> at Pos <<2886.245850, 54.163330, 3204.535889>>
SCRIPT       : [JunkYardDog] -- Adding Salvage Point to <Land_Wreck_sed02_aban2_grey<22800310>> at Pos <<2901.254883, 54.068657, 3220.383789>>
SCRIPT       : [JunkYardDog] -- Adding Fuel Point to <Land_Wreck_sed02_aban2_grey<22800310>> at Pos <<2901.254883, 54.068657, 3220.383789>>
SCRIPT       : [JunkYardDog] -- Adding Salvage Point to <Land_Wreck_S1023_Beige<227ff0f0>> at Pos <<2881.772217, 54.409058, 3200.723877>>
SCRIPT       : [JunkYardDog] -- Adding Fuel Point to <Land_Wreck_S1023_Beige<227ff0f0>> at Pos <<2881.772217, 54.409058, 3200.723877>>
SCRIPT       : [JunkYardDog] -- Adding Salvage Point to <Land_Wreck_hb02_aban1_blue<227fd5c0>> at Pos <<2890.837158, 54.169880, 3218.380615>>
SCRIPT       : [JunkYardDog] -- Adding Fuel Point to <Land_Wreck_hb02_aban1_blue<227fd5c0>> at Pos <<2890.837158, 54.169880, 3218.380615>>
SCRIPT       : [JunkYardDog] -- Adding Salvage Point to <Land_Wreck_sed02_aban2_yellow<227ffa00>> at Pos <<2202.450684, 55.458824, 3206.056396>>
SCRIPT       : [JunkYardDog] -- Adding Fuel Point to <Land_Wreck_sed02_aban2_yellow<227ffa00>> at Pos <<2202.450684, 55.458824, 3206.056396>>
SCRIPT       : [JunkYardDog] -- Adding Salvage Point to <Land_Wreck_Volha_Grey<227fe7e0>> at Pos <<2212.918945, 55.536942, 3189.282471>>
SCRIPT       : [JunkYardDog] -- Adding Fuel Point to <Land_Wreck_Volha_Grey<227fe7e0>> at Pos <<2212.918945, 55.536942, 3189.282471>>
SCRIPT       : [JunkYardDog] -- Adding Salvage Point to <Land_Wreck_S1023_Blue<20f2fd50>> at Pos <<2247.904053, 55.799133, 3316.416992>>
SCRIPT       : [JunkYardDog] -- Adding Fuel Point to <Land_Wreck_S1023_Blue<20f2fd50>> at Pos <<2247.904053, 55.799133, 3316.416992>>
SCRIPT       : [JunkYardDog] -- Adding Salvage Point to <Land_Wreck_hb01_aban2_green<20f357f0>> at Pos <<4848.300293, 32.541470, 3386.592285>>
SCRIPT       : [JunkYardDog] -- Adding Fuel Point to <Land_Wreck_hb01_aban2_green<20f357f0>> at Pos <<4848.300293, 32.541470, 3386.592285>>
SCRIPT       : [JunkYardDog] -- Adding Salvage Point to <Static_Wreck_Digger<215488d0>> at Pos <<6431.323242, 14.329387, 3438.257080>>
SCRIPT       : [JunkYardDog] -- Adding Fuel Point to <Static_Wreck_Digger<215488d0>> at Pos <<6431.323242, 14.329387, 3438.257080>>
SCRIPT       : [JunkYardDog] -- Adding Salvage Point to <Land_wreck_truck01_aban2_blue<20f3c4b0>> at Pos <<6445.510254, 8.859630, 3418.687500>>
SCRIPT       : [JunkYardDog] -- Adding Fuel Point to <Land_wreck_truck01_aban2_blue<20f3c4b0>> at Pos <<6445.510254, 8.859630, 3418.687500>>
SCRIPT       : [JunkYardDog] -- Adding Salvage Point to <Land_Wreck_Volha_Blue<20f3f200>> at Pos <<6514.760254, 12.802861, 3451.921143>>
SCRIPT       : [JunkYardDog] -- Adding Fuel Point to <Land_Wreck_Volha_Blue<20f3f200>> at Pos <<6514.760254, 12.802861, 3451.921143>>
SCRIPT       : [JunkYardDog] -- Adding Salvage Point to <Land_Wreck_hb01_aban1_blue<20f0a730>> at Pos <<6738.348633, 11.049884, 3438.619141>>
SCRIPT       : [JunkYardDog] -- Adding Fuel Point to <Land_Wreck_hb01_aban1_blue<20f0a730>> at Pos <<6738.348633, 11.049884, 3438.619141>>
SCRIPT       : [JunkYardDog] -- Adding Salvage Point to <Land_wreck_truck01_aban2_blue<20f070d0>> at Pos <<1696.540405, 42.930370, 3508.934570>>
SCRIPT       : [JunkYardDog] -- Adding Fuel Point to <Land_wreck_truck01_aban2_blue<20f070d0>> at Pos <<1696.540405, 42.930370, 3508.934570>>
SCRIPT       : [JunkYardDog] -- Adding Salvage Point to <Land_Wreck_hb02_aban2_black<20f0dd90>> at Pos <<2153.921875, 62.578087, 3496.641602>>
SCRIPT       : [JunkYardDog] -- Adding Fuel Point to <Land_Wreck_hb02_aban2_black<20f0dd90>> at Pos <<2153.921875, 62.578087, 3496.641602>>
SCRIPT       : [JunkYardDog] -- Adding Salvage Point to <Land_Wreck_S1023_Blue<20f13830>> at Pos <<2177.973389, 62.869354, 3496.670654>>
SCRIPT       : [JunkYardDog] -- Adding Fuel Point to <Land_Wreck_S1023_Blue<20f13830>> at Pos <<2177.973389, 62.869354, 3496.670654>>
SCRIPT       : =============== WARNING ===============
SCRIPT       : [TerjeMedicine]: You are using the trial version of the 'Terje Medicine' mod.
SCRIPT       : [TerjeMedicine]: To remove this message and watermark - please buy license on terjehub.com
SCRIPT       : =======================================
SCRIPT       : [JunkYardDog] -- Adding Salvage Point to <Land_Wreck_V3S<20f1ff90>> at Pos <<6412.112793, 22.770052, 3568.562012>>
SCRIPT       : [JunkYardDog] -- Adding Fuel Point to <Land_Wreck_V3S<20f1ff90>> at Pos <<6412.112793, 22.770052, 3568.562012>>
SCRIPT       : [JunkYardDog] -- Adding Salvage Point to <Land_Wreck_hb01_aban1_blue<20f26c50>> at Pos <<1343.029663, 87.739403, 3571.526367>>
SCRIPT       : [JunkYardDog] -- Adding Fuel Point to <Land_Wreck_hb01_aban1_blue<20f26c50>> at Pos <<1343.029663, 87.739403, 3571.526367>>
SCRIPT       : [JunkYardDog] -- Adding Salvage Point to <Land_Wreck_S1023_Beige<20f41640>> at Pos <<1329.356201, 87.726799, 3580.858887>>
SCRIPT       : [JunkYardDog] -- Adding Fuel Point to <Land_Wreck_S1023_Beige<20f41640>> at Pos <<1329.356201, 87.726799, 3580.858887>>
SCRIPT       : [JunkYardDog] -- Adding Salvage Point to <Land_Wreck_sed01_aban2_white<20f3dfe0>> at Pos <<1343.403076, 87.473160, 3579.755859>>
SCRIPT       : [JunkYardDog] -- Adding Fuel Point to <Land_Wreck_sed01_aban2_white<20f3dfe0>> at Pos <<1343.403076, 87.473160, 3579.755859>>
SCRIPT       : [JunkYardDog] -- Adding Salvage Point to <Land_Wreck_sed02_aban1_yellow<252e5350>> at Pos <<2978.661133, 30.907661, 3707.795898>>
SCRIPT       : [JunkYardDog] -- Adding Fuel Point to <Land_Wreck_sed02_aban1_yellow<252e5350>> at Pos <<2978.661133, 30.907661, 3707.795898>>
SCRIPT       : [JunkYardDog] -- Adding Salvage Point to <Land_Wreck_S1023_Blue<252e92c0>> at Pos <<3095.324463, 31.399355, 3649.709473>>
SCRIPT       : [JunkYardDog] -- Adding Fuel Point to <Land_Wreck_S1023_Blue<252e92c0>> at Pos <<3095.324463, 31.399355, 3649.709473>>
SCRIPT       : [JunkYardDog] -- Adding Salvage Point to <Land_Wreck_hb02_aban2_black<252e9bd0>> at Pos <<3093.049561, 31.103909, 3657.931885>>
SCRIPT       : [JunkYardDog] -- Adding Fuel Point to <Land_Wreck_hb02_aban2_black<252e9bd0>> at Pos <<3093.049561, 31.103909, 3657.931885>>
SCRIPT       : [JunkYardDog] -- Adding Salvage Point to <Land_Wreck_hb01_aban2_green<252f0890>> at Pos <<5020.137695, 57.329857, 3655.780273>>
SCRIPT       : [JunkYardDog] -- Adding Fuel Point to <Land_Wreck_hb01_aban2_green<252f0890>> at Pos <<5020.137695, 57.329857, 3655.780273>>
SCRIPT       : [JunkYardDog] -- Adding Salvage Point to <Static_Wreck_HMMWV<204fc950>> at Pos <<6495.533203, 23.534365, 3766.114502>>
SCRIPT       : [JunkYardDog] -- Adding Fuel Point to <Static_Wreck_HMMWV<204fc950>> at Pos <<6495.533203, 23.534365, 3766.114502>>
SCRIPT       : [JunkYardDog] -- Adding Salvage Point to <Land_Wreck_S1023_Blue<252c3390>> at Pos <<4803.539551, 64.369133, 3728.862305>>
SCRIPT       : [JunkYardDog] -- Adding Fuel Point to <Land_Wreck_S1023_Blue<252c3390>> at Pos <<4803.539551, 64.369133, 3728.862305>>
SCRIPT       : [JunkYardDog] -- Adding Salvage Point to <Land_Wreck_hb01_aban2_green<252c45b0>> at Pos <<4824.525391, 64.387871, 3779.143555>>
SCRIPT       : [JunkYardDog] -- Adding Fuel Point to <Land_Wreck_hb01_aban2_green<252c45b0>> at Pos <<4824.525391, 64.387871, 3779.143555>>
SCRIPT       : [JunkYardDog] -- Adding Salvage Point to <Land_Wreck_S1023_Beige<252c7300>> at Pos <<4840.718750, 64.368256, 3751.240479>>
SCRIPT       : [JunkYardDog] -- Adding Fuel Point to <Land_Wreck_S1023_Beige<252c7300>> at Pos <<4840.718750, 64.368256, 3751.240479>>
SCRIPT       : [JunkYardDog] -- Adding Salvage Point to <Land_Wreck_hb01_aban2_green<252c7c10>> at Pos <<4839.553223, 64.305542, 3765.230713>>
SCRIPT       : [JunkYardDog] -- Adding Fuel Point to <Land_Wreck_hb01_aban2_green<252c7c10>> at Pos <<4839.553223, 64.305542, 3765.230713>>
SCRIPT       : [JunkYardDog] -- Adding Salvage Point to <Land_Wreck_sed01_aban2_black<252d0d10>> at Pos <<6534.962402, 23.013319, 3719.502197>>
SCRIPT       : [JunkYardDog] -- Adding Fuel Point to <Land_Wreck_sed01_aban2_black<252d0d10>> at Pos <<6534.962402, 23.013319, 3719.502197>>
SCRIPT       : [JunkYardDog] -- Adding Salvage Point to <Land_Wreck_hb02_aban2_black<252c9740>> at Pos <<6553.659668, 22.963728, 3725.037842>>
SCRIPT       : [JunkYardDog] -- Adding Fuel Point to <Land_Wreck_hb02_aban2_black<252c9740>> at Pos <<6553.659668, 22.963728, 3725.037842>>
SCRIPT       : [JunkYardDog] -- Adding Salvage Point to <Land_Wreck_Lada_Red<252d2840>> at Pos <<6584.922852, 22.921497, 3731.354248>>
SCRIPT       : [JunkYardDog] -- Adding Fuel Point to <Land_Wreck_Lada_Red<252d2840>> at Pos <<6584.922852, 22.921497, 3731.354248>>
SCRIPT       : [JunkYardDog] -- Adding Salvage Point to <Land_Wreck_hb02_aban2_blue<252d3150>> at Pos <<6562.586426, 22.963718, 3726.796387>>
SCRIPT       : [JunkYardDog] -- Adding Fuel Point to <Land_Wreck_hb02_aban2_blue<252d3150>> at Pos <<6562.586426, 22.963718, 3726.796387>>
SCRIPT       : [JunkYardDog] -- Adding Salvage Point to <Land_Wreck_sed02_aban2_red<252e2f10>> at Pos <<6709.186523, 19.778826, 3728.884033>>
SCRIPT       : [JunkYardDog] -- Adding Fuel Point to <Land_Wreck_sed02_aban2_red<252e2f10>> at Pos <<6709.186523, 19.778826, 3728.884033>>
SCRIPT       : [JunkYardDog] -- Adding Salvage Point to <Land_Wreck_hb02_aban2_blue<252e3820>> at Pos <<6690.885254, 19.974657, 3721.251465>>
SCRIPT       : [JunkYardDog] -- Adding Fuel Point to <Land_Wreck_hb02_aban2_blue<252e3820>> at Pos <<6690.885254, 19.974657, 3721.251465>>
SCRIPT       : [JunkYardDog] -- Adding Salvage Point to <Land_Wreck_hb01_aban1_white<252dd470>> at Pos <<6710.812012, 23.321987, 3784.421631>>
SCRIPT       : [JunkYardDog] -- Adding Fuel Point to <Land_Wreck_hb01_aban1_white<252dd470>> at Pos <<6710.812012, 23.321987, 3784.421631>>
SCRIPT       : [JunkYardDog] -- Adding Salvage Point to <Land_Wreck_sed02_aban2_red<252dcb60>> at Pos <<6692.140137, 22.918825, 3782.487061>>
SCRIPT       : [JunkYardDog] -- Adding Fuel Point to <Land_Wreck_sed02_aban2_red<252dcb60>> at Pos <<6692.140137, 22.918825, 3782.487061>>
SCRIPT       : [JunkYardDog] -- Adding Salvage Point to <Land_Wreck_hb02_aban2_blue<1b277640>> at Pos <<6819.977051, 19.823761, 3750.709717>>
SCRIPT       : [JunkYardDog] -- Adding Fuel Point to <Land_Wreck_hb02_aban2_blue<1b277640>> at Pos <<6819.977051, 19.823761, 3750.709717>>
SCRIPT       : [JunkYardDog] -- Adding Salvage Point to <Land_Wreck_Volha_Blue<1b270070>> at Pos <<6847.617188, 19.856943, 3745.258301>>
SCRIPT       : [JunkYardDog] -- Adding Fuel Point to <Land_Wreck_Volha_Blue<1b270070>> at Pos <<6847.617188, 19.856943, 3745.258301>>
SCRIPT       : [JunkYardDog] -- Adding Salvage Point to <Static_Wreck_Ural<1fb7e680>> at Pos <<6866.598145, 20.307514, 3730.391846>>
SCRIPT       : [JunkYardDog] -- Adding Fuel Point to <Static_Wreck_Ural<1fb7e680>> at Pos <<6866.598145, 20.307514, 3730.391846>>
SCRIPT       : [JunkYardDog] -- Adding Salvage Point to <Land_Wreck_Uaz<1b275200>> at Pos <<6874.938965, 19.963161, 3725.262695>>
SCRIPT       : [JunkYardDog] -- Adding Fuel Point to <Land_Wreck_Uaz<1b275200>> at Pos <<6874.938965, 19.963161, 3725.262695>>
SCRIPT       : [JunkYardDog] -- Adding Salvage Point to <Land_Wreck_Volha_Blue<1b270980>> at Pos <<6856.781738, 19.852640, 3738.481934>>
SCRIPT       : [JunkYardDog] -- Adding Fuel Point to <Land_Wreck_Volha_Blue<1b270980>> at Pos <<6856.781738, 19.852640, 3738.481934>>
SCRIPT       : [JunkYardDog] -- Adding Salvage Point to <Land_Wreck_hb01_aban2_white<1b276d30>> at Pos <<6872.898438, 20.053711, 3821.324463>>
SCRIPT       : [JunkYardDog] -- Adding Fuel Point to <Land_Wreck_hb01_aban2_white<1b276d30>> at Pos <<6872.898438, 20.053711, 3821.324463>>
SCRIPT       : [JunkYardDog] -- Adding Salvage Point to <Land_Wreck_hb01_aban2_blue<1b287d10>> at Pos <<2180.936523, 53.552666, 3931.192139>>
SCRIPT       : [JunkYardDog] -- Adding Fuel Point to <Land_Wreck_hb01_aban2_blue<1b287d10>> at Pos <<2180.936523, 53.552666, 3931.192139>>
SCRIPT       : [JunkYardDog] -- Adding Salvage Point to <Land_Wreck_sed01_aban2_wine<1b2861e0>> at Pos <<2196.319824, 53.088562, 3937.796143>>
SCRIPT       : [JunkYardDog] -- Adding Fuel Point to <Land_Wreck_sed01_aban2_wine<1b2861e0>> at Pos <<2196.319824, 53.088562, 3937.796143>>
SCRIPT       : [JunkYardDog] -- Adding Salvage Point to <Land_wreck_truck01_aban2_green<1b289840>> at Pos <<2181.267578, 52.487606, 3941.786377>>
SCRIPT       : [JunkYardDog] -- Adding Fuel Point to <Land_wreck_truck01_aban2_green<1b289840>> at Pos <<2181.267578, 52.487606, 3941.786377>>
SCRIPT       : [JunkYardDog] -- Adding Salvage Point to <Land_Wreck_hb01_aban2_green<1b28fbf0>> at Pos <<3025.418213, 21.086571, 3921.352783>>
SCRIPT       : [JunkYardDog] -- Adding Fuel Point to <Land_Wreck_hb01_aban2_green<1b28fbf0>> at Pos <<3025.418213, 21.086571, 3921.352783>>
SCRIPT       : [JunkYardDog] -- Adding Salvage Point to <Land_Wreck_hb01_aban1_white<1b295690>> at Pos <<5528.839844, 210.951981, 4119.037109>>
SCRIPT       : [JunkYardDog] -- Adding Fuel Point to <Land_Wreck_hb01_aban1_white<1b295690>> at Pos <<5528.839844, 210.951981, 4119.037109>>
SCRIPT       : [JunkYardDog] -- Adding Salvage Point to <Land_wreck_truck01_aban2_blue<1b297ad0>> at Pos <<5558.903320, 209.889999, 4065.094482>>
SCRIPT       : [JunkYardDog] -- Adding Fuel Point to <Land_wreck_truck01_aban2_blue<1b297ad0>> at Pos <<5558.903320, 209.889999, 4065.094482>>
SCRIPT       : [JunkYardDog] -- Adding Salvage Point to <Land_Wreck_sed01_aban2_wine<1b29f9b0>> at Pos <<5551.652344, 210.643326, 4127.177246>>
SCRIPT       : [JunkYardDog] -- Adding Fuel Point to <Land_Wreck_sed01_aban2_wine<1b29f9b0>> at Pos <<5551.652344, 210.643326, 4127.177246>>
SCRIPT       : [JunkYardDog] -- Adding Salvage Point to <Land_wreck_truck01_aban1_green<1b2a3920>> at Pos <<2459.361816, 21.701231, 4187.918457>>
SCRIPT       : [JunkYardDog] -- Adding Fuel Point to <Land_wreck_truck01_aban1_green<1b2a3920>> at Pos <<2459.361816, 21.701231, 4187.918457>>
SCRIPT       : [JunkYardDog] -- Adding Salvage Point to <Land_Wreck_hb02_aban1_blue<1b2a93c0>> at Pos <<2676.558350, 22.509787, 4258.541504>>
SCRIPT       : [JunkYardDog] -- Adding Fuel Point to <Land_Wreck_hb02_aban1_blue<1b2a93c0>> at Pos <<2676.558350, 22.509787, 4258.541504>>
SCRIPT       : [JunkYardDog] -- Adding Salvage Point to <Land_Wreck_hb01_aban2_green<1b2aaef0>> at Pos <<2684.344971, 22.680710, 4261.977051>>
SCRIPT       : [JunkYardDog] -- Adding Fuel Point to <Land_Wreck_hb01_aban2_green<1b2aaef0>> at Pos <<2684.344971, 22.680710, 4261.977051>>
SCRIPT       : [JunkYardDog] -- Adding Salvage Point to <Land_Wreck_S1023_Beige<1b2ae550>> at Pos <<4001.612305, 10.098495, 4167.442383>>
SCRIPT       : [JunkYardDog] -- Adding Fuel Point to <Land_Wreck_S1023_Beige<1b2ae550>> at Pos <<4001.612305, 10.098495, 4167.442383>>
SCRIPT       : [JunkYardDog] -- Adding Salvage Point to <Land_Wreck_sed01_aban2_black<24af8f10>> at Pos <<2691.470703, 22.503296, 4264.389648>>
SCRIPT       : [JunkYardDog] -- Adding Fuel Point to <Land_Wreck_sed01_aban2_black<24af8f10>> at Pos <<2691.470703, 22.503296, 4264.389648>>
SCRIPT       : [JunkYardDog] -- Adding Salvage Point to <Land_wreck_truck01_aban1_green<24afbc60>> at Pos <<2716.256348, 21.749977, 4308.479004>>
SCRIPT       : [JunkYardDog] -- Adding Fuel Point to <Land_wreck_truck01_aban1_green<24afbc60>> at Pos <<2716.256348, 21.749977, 4308.479004>>
SCRIPT       : [JunkYardDog] -- Adding Salvage Point to <Land_wreck_truck01_aban1_green<24b04d60>> at Pos <<3034.269531, 14.499722, 4376.473145>>
SCRIPT       : [JunkYardDog] -- Adding Fuel Point to <Land_wreck_truck01_aban1_green<24b04d60>> at Pos <<3034.269531, 14.499722, 4376.473145>>
SCRIPT       : [JunkYardDog] -- Adding Salvage Point to <Land_wreck_truck01_aban1_green<24b083c0>> at Pos <<2667.069336, 21.749977, 4397.702148>>
SCRIPT       : [JunkYardDog] -- Adding Fuel Point to <Land_wreck_truck01_aban1_green<24b083c0>> at Pos <<2667.069336, 21.749977, 4397.702148>>
SCRIPT       : [JunkYardDog] -- Adding Salvage Point to <Land_Wreck_sed01_aban2_white<24ad5d30>> at Pos <<2737.497559, 22.503317, 4281.575684>>
SCRIPT       : [JunkYardDog] -- Adding Fuel Point to <Land_Wreck_sed01_aban2_white<24ad5d30>> at Pos <<2737.497559, 22.503317, 4281.575684>>
SCRIPT       : [JunkYardDog] -- Adding Salvage Point to <Static_Wreck_Ural<2c758ee0>> at Pos <<2741.775635, 22.937517, 4281.863281>>
SCRIPT       : [JunkYardDog] -- Adding Fuel Point to <Static_Wreck_Ural<2c758ee0>> at Pos <<2741.775635, 22.937517, 4281.863281>>
SCRIPT       : [JunkYardDog] -- Adding Salvage Point to <Land_Wreck_sed02_aban2_red<24ad26d0>> at Pos <<2738.569580, 22.408852, 4322.895020>>
SCRIPT       : [JunkYardDog] -- Adding Fuel Point to <Land_Wreck_sed02_aban2_red<24ad26d0>> at Pos <<2738.569580, 22.408852, 4322.895020>>
SCRIPT       : [JunkYardDog] -- Adding Salvage Point to <Static_Wreck_Ural<2c75bf70>> at Pos <<2747.855957, 22.937517, 4394.245605>>
SCRIPT       : [JunkYardDog] -- Adding Fuel Point to <Static_Wreck_Ural<2c75bf70>> at Pos <<2747.855957, 22.937517, 4394.245605>>
SCRIPT       : [JunkYardDog] -- Adding Salvage Point to <Land_Wreck_hb01_aban2_green<24adc9f0>> at Pos <<2807.488037, 22.720764, 4245.785645>>
SCRIPT       : [JunkYardDog] -- Adding Fuel Point to <Land_Wreck_hb01_aban2_green<24adc9f0>> at Pos <<2807.488037, 22.720764, 4245.785645>>
SCRIPT       : [JunkYardDog] -- Adding Salvage Point to <Land_Wreck_hb01_aban2_green<24ade520>> at Pos <<2869.579834, 22.680765, 4246.282715>>
SCRIPT       : [JunkYardDog] -- Adding Fuel Point to <Land_Wreck_hb01_aban2_green<24ade520>> at Pos <<2869.579834, 22.680765, 4246.282715>>
SCRIPT       : [JunkYardDog] -- Adding Salvage Point to <Land_Wreck_hb01_aban2_green<24ae6d10>> at Pos <<3766.226807, 8.670818, 4402.043457>>
SCRIPT       : [JunkYardDog] -- Adding Fuel Point to <Land_Wreck_hb01_aban2_green<24ae6d10>> at Pos <<3766.226807, 8.670818, 4402.043457>>
SCRIPT       : [JunkYardDog] -- Adding Salvage Point to <Land_Wreck_sed01_aban2_black<24ae2490>> at Pos <<3859.884521, 8.728336, 4309.963379>>
SCRIPT       : [JunkYardDog] -- Adding Fuel Point to <Land_Wreck_sed01_aban2_black<24ae2490>> at Pos <<3859.884521, 8.728336, 4309.963379>>
SCRIPT       : [JunkYardDog] -- Adding Salvage Point to <Land_Wreck_sed01_aban2_black<24aebea0>> at Pos <<4182.714844, 33.263317, 4476.816406>>
SCRIPT       : [JunkYardDog] -- Adding Fuel Point to <Land_Wreck_sed01_aban2_black<24aebea0>> at Pos <<4182.714844, 33.263317, 4476.816406>>
SCRIPT       : [JunkYardDog] -- Adding Salvage Point to <Land_Wreck_S1023_Blue<24aefe10>> at Pos <<6203.236328, 56.758411, 4540.759277>>
SCRIPT       : [JunkYardDog] -- Adding Fuel Point to <Land_Wreck_S1023_Blue<24aefe10>> at Pos <<6203.236328, 56.758411, 4540.759277>>
SCRIPT       : [JunkYardDog] -- Adding Salvage Point to <Land_Wreck_sed01_aban1_wine<24af0720>> at Pos <<6205.355469, 56.511623, 4536.790039>>
SCRIPT       : [JunkYardDog] -- Adding Fuel Point to <Land_Wreck_sed01_aban1_wine<24af0720>> at Pos <<6205.355469, 56.511623, 4536.790039>>
SCRIPT       : [JunkYardDog] -- Adding Salvage Point to <Land_Wreck_Volha_Blue<1fc6d860>> at Pos <<6269.919922, 19.793192, 4484.005371>>
SCRIPT       : [JunkYardDog] -- Adding Fuel Point to <Land_Wreck_Volha_Blue<1fc6d860>> at Pos <<6269.919922, 19.793192, 4484.005371>>
SCRIPT       : [JunkYardDog] -- Adding Salvage Point to <Static_Wreck_HMMWV<2f0918c0>> at Pos <<2623.375732, 44.847099, 5848.700195>>
SCRIPT       : [JunkYardDog] -- Adding Fuel Point to <Static_Wreck_HMMWV<2f0918c0>> at Pos <<2623.375732, 44.847099, 5848.700195>>
SCRIPT       : [JunkYardDog] -- Adding Salvage Point to <Static_Wreck_HMMWV<2f0926a0>> at Pos <<2646.334229, 44.847099, 5851.226563>>
SCRIPT       : [JunkYardDog] -- Adding Fuel Point to <Static_Wreck_HMMWV<2f0926a0>> at Pos <<2646.334229, 44.847099, 5851.226563>>
SCRIPT       : [JunkYardDog] -- Adding Salvage Point to <Land_wreck_truck01_aban1_green<2cbe7ce0>> at Pos <<2170.769775, 54.800152, 2965.642578>>
SCRIPT       : [JunkYardDog] -- Adding Fuel Point to <Land_wreck_truck01_aban1_green<2cbe7ce0>> at Pos <<2170.769775, 54.800152, 2965.642578>>
SCRIPT       : [JunkYardDog] -- Adding Salvage Point to <Land_Wreck_hb01_aban2_blue<2cbeb340>> at Pos <<2688.465088, 44.920387, 5889.243164>>
SCRIPT       : [JunkYardDog] -- Adding Fuel Point to <Land_Wreck_hb01_aban2_blue<2cbeb340>> at Pos <<2688.465088, 44.920387, 5889.243164>>
SCRIPT       : [JunkYardDog] -- Adding Salvage Point to <Land_wreck_truck01_aban1_green<2cbe73d0>> at Pos <<2732.454102, 43.940052, 5905.162109>>
SCRIPT       : [JunkYardDog] -- Adding Fuel Point to <Land_wreck_truck01_aban1_green<2cbe73d0>> at Pos <<2732.454102, 43.940052, 5905.162109>>
SCRIPT       : [JunkYardDog] -- Adding Salvage Point to <Land_Wreck_Volha_Grey<2cbe3d70>> at Pos <<2688.144287, 44.685669, 5951.580566>>
SCRIPT       : [JunkYardDog] -- Adding Fuel Point to <Land_Wreck_Volha_Grey<2cbe3d70>> at Pos <<2688.144287, 44.685669, 5951.580566>>
SCRIPT       : [JunkYardDog] -- Adding Salvage Point to <Land_Wreck_hb02_aban2_blue<2cbece70>> at Pos <<2690.704590, 44.669094, 5964.319336>>
SCRIPT       : [JunkYardDog] -- Adding Fuel Point to <Land_Wreck_hb02_aban2_blue<2cbece70>> at Pos <<2690.704590, 44.669094, 5964.319336>>
SCRIPT       : [JunkYardDog] -- Adding Salvage Point to <Static_Wreck_Ural<434cfd30>> at Pos <<854.962769, 6.447515, 3307.716064>>
SCRIPT       : [JunkYardDog] -- Adding Fuel Point to <Static_Wreck_Ural<434cfd30>> at Pos <<854.962769, 6.447515, 3307.716064>>
SCRIPT       : [JunkYardDog] -- Adding Salvage Point to <Land_wreck_truck01_aban1_green<43571ad0>> at Pos <<2450.226807, 40.559982, 5649.437500>>
SCRIPT       : [JunkYardDog] -- Adding Fuel Point to <Land_wreck_truck01_aban1_green<43571ad0>> at Pos <<2450.226807, 40.559982, 5649.437500>>
SCRIPT       : [JunkYardDog] -- Adding Salvage Point to <Land_Wreck_sed01_aban1_white<435723e0>> at Pos <<2437.632080, 41.311764, 5660.528320>>
SCRIPT       : [JunkYardDog] -- Adding Fuel Point to <Land_Wreck_sed01_aban1_white<435723e0>> at Pos <<2437.632080, 41.311764, 5660.528320>>
SCRIPT       : [JunkYardDog] -- Adding Salvage Point to <Land_Wreck_sed02_aban1_yellow<43572cf0>> at Pos <<2458.110107, 41.420834, 5639.807617>>
SCRIPT       : [JunkYardDog] -- Adding Fuel Point to <Land_Wreck_sed02_aban1_yellow<43572cf0>> at Pos <<2458.110107, 41.420834, 5639.807617>>
SCRIPT       : [JunkYardDog] -- Adding Salvage Point to <Land_Wreck_hb01_aban2_white<43573f10>> at Pos <<2439.950195, 41.490433, 5657.282227>>
SCRIPT       : [JunkYardDog] -- Adding Fuel Point to <Land_Wreck_hb01_aban2_white<43573f10>> at Pos <<2439.950195, 41.490433, 5657.282227>>
SCRIPT       : =============== WARNING ===============
SCRIPT       : [TerjeSkills]: You are using the trial version of the 'Terje Skills' mod.
SCRIPT       : [TerjeSkills]: To remove this message and watermark - please buy license on terjehub.com
SCRIPT       : =======================================
SCRIPT       : [JunkYardDog] -- Adding Salvage Point to <Static_Wreck_S120_Red<43a1cff0>> at Pos <<3028.754395, 13.345691, 4427.288574>>
SCRIPT       : [JunkYardDog] -- Adding Fuel Point to <Static_Wreck_S120_Red<43a1cff0>> at Pos <<3028.754395, 13.345691, 4427.288574>>
SCRIPT       : [JunkYardDog] -- Adding Salvage Point to <Land_Wreck_S1023_Beige<43573600>> at Pos <<3037.876465, 13.316017, 4439.616699>>
SCRIPT       : [JunkYardDog] -- Adding Fuel Point to <Land_Wreck_S1023_Beige<43573600>> at Pos <<3037.876465, 13.316017, 4439.616699>>
SCRIPT       : [JunkYardDog] -- Adding Salvage Point to <Land_Wreck_sed01_aban2_black<43574820>> at Pos <<3696.105225, 6.707343, 4752.612793>>
SCRIPT       : [JunkYardDog] -- Adding Fuel Point to <Land_Wreck_sed01_aban2_black<43574820>> at Pos <<3696.105225, 6.707343, 4752.612793>>
SCRIPT       : [JunkYardDog] -- Adding Salvage Point to <Land_Wreck_S1023_Blue<43577570>> at Pos <<3719.145508, 7.122676, 4764.018066>>
SCRIPT       : [JunkYardDog] -- Adding Fuel Point to <Land_Wreck_S1023_Blue<43577570>> at Pos <<3719.145508, 7.122676, 4764.018066>>
SCRIPT       : [JunkYardDog] -- Adding Salvage Point to <Land_Wreck_sed01_aban2_wine<4357d920>> at Pos <<3794.759766, 10.982101, 4592.108887>>
SCRIPT       : [JunkYardDog] -- Adding Fuel Point to <Land_Wreck_sed01_aban2_wine<4357d920>> at Pos <<3794.759766, 10.982101, 4592.108887>>
SCRIPT       : [JunkYardDog] -- Adding Salvage Point to <Land_Wreck_S1023_Beige<435790a0>> at Pos <<3783.975830, 10.802316, 4651.212891>>
SCRIPT       : [JunkYardDog] -- Adding Fuel Point to <Land_Wreck_S1023_Beige<435790a0>> at Pos <<3783.975830, 10.802316, 4651.212891>>
SCRIPT       : [JunkYardDog] -- Adding Salvage Point to <Land_Wreck_S1023_Blue<4357a2c0>> at Pos <<3780.867676, 10.299513, 4680.508789>>
SCRIPT       : [JunkYardDog] -- Adding Fuel Point to <Land_Wreck_S1023_Blue<4357a2c0>> at Pos <<3780.867676, 10.299513, 4680.508789>>
SCRIPT       : [JunkYardDog] -- Adding Salvage Point to <Land_Wreck_hb02_aban1_black<43577e80>> at Pos <<3811.658203, 11.105092, 4603.321289>>
SCRIPT       : [JunkYardDog] -- Adding Fuel Point to <Land_Wreck_hb02_aban1_black<43577e80>> at Pos <<3811.658203, 11.105092, 4603.321289>>
SCRIPT       : [JunkYardDog] -- Adding Salvage Point to <Land_Wreck_S1023_Blue<435821a0>> at Pos <<3816.421143, 11.599008, 4671.567383>>
SCRIPT       : [JunkYardDog] -- Adding Fuel Point to <Land_Wreck_S1023_Blue<435821a0>> at Pos <<3816.421143, 11.599008, 4671.567383>>
SCRIPT       : [JunkYardDog] -- Adding Salvage Point to <Land_Wreck_S1023_Beige<43582ab0>> at Pos <<3817.401855, 10.223800, 4742.045410>>
SCRIPT       : [JunkYardDog] -- Adding Fuel Point to <Land_Wreck_S1023_Beige<43582ab0>> at Pos <<3817.401855, 10.223800, 4742.045410>>
SCRIPT       : [JunkYardDog] -- Adding Salvage Point to <Land_Wreck_S1023_Beige<4357b4e0>> at Pos <<3709.510986, 6.979939, 4775.351563>>
SCRIPT       : [JunkYardDog] -- Adding Fuel Point to <Land_Wreck_S1023_Beige<4357b4e0>> at Pos <<3709.510986, 6.979939, 4775.351563>>
SCRIPT       : [JunkYardDog] -- Adding Salvage Point to <Land_Wreck_sed02_aban1_yellow<43587330>> at Pos <<3735.343750, 6.071608, 4808.163574>>
SCRIPT       : [JunkYardDog] -- Adding Fuel Point to <Land_Wreck_sed02_aban1_yellow<43587330>> at Pos <<3735.343750, 6.071608, 4808.163574>>
SCRIPT       : [JunkYardDog] -- Adding Salvage Point to <Land_Wreck_sed01_aban2_wine<43586a20>> at Pos <<3766.216064, 6.406448, 4791.819336>>
SCRIPT       : [JunkYardDog] -- Adding Fuel Point to <Land_Wreck_sed01_aban2_wine<43586a20>> at Pos <<3766.216064, 6.406448, 4791.819336>>
SCRIPT       : [JunkYardDog] -- Adding Salvage Point to <Land_Wreck_hb02_aban1_red<43585800>> at Pos <<3801.428467, 6.901230, 4842.263184>>
SCRIPT       : [JunkYardDog] -- Adding Fuel Point to <Land_Wreck_hb02_aban1_red<43585800>> at Pos <<3801.428467, 6.901230, 4842.263184>>
SCRIPT       : [JunkYardDog] -- Adding Salvage Point to <Land_Wreck_sed01_aban2_black<4354fb10>> at Pos <<3828.599854, 8.050538, 4823.319824>>
SCRIPT       : [JunkYardDog] -- Adding Fuel Point to <Land_Wreck_sed01_aban2_black<4354fb10>> at Pos <<3828.599854, 8.050538, 4823.319824>>
SCRIPT       : [JunkYardDog] -- Adding Salvage Point to <Land_Wreck_sed02_aban2_grey<435570e0>> at Pos <<3885.344238, 13.572120, 4754.736328>>
SCRIPT       : [JunkYardDog] -- Adding Fuel Point to <Land_Wreck_sed02_aban2_grey<435570e0>> at Pos <<3885.344238, 13.572120, 4754.736328>>
SCRIPT       : [JunkYardDog] -- Adding Salvage Point to <Land_Wreck_S1023_Blue<43564150>> at Pos <<4308.737793, 14.351048, 4848.309570>>
SCRIPT       : [JunkYardDog] -- Adding Fuel Point to <Land_Wreck_S1023_Blue<43564150>> at Pos <<4308.737793, 14.351048, 4848.309570>>
SCRIPT       : [JunkYardDog] -- Adding Salvage Point to <Land_Wreck_hb01_aban2_green<43566ea0>> at Pos <<4377.869629, 14.002483, 4845.975586>>
SCRIPT       : [JunkYardDog] -- Adding Fuel Point to <Land_Wreck_hb01_aban2_green<43566ea0>> at Pos <<4377.869629, 14.002483, 4845.975586>>
SCRIPT       : [JunkYardDog] -- Adding Salvage Point to <Land_Wreck_S1023_Blue<4355f8d0>> at Pos <<4388.474609, 13.999763, 4851.087891>>
SCRIPT       : [JunkYardDog] -- Adding Fuel Point to <Land_Wreck_S1023_Blue<4355f8d0>> at Pos <<4388.474609, 13.999763, 4851.087891>>
SCRIPT       : [JunkYardDog] -- Adding Salvage Point to <Static_Wreck_HMMWV<1ccb4cb0>> at Pos <<6621.243652, 204.516190, 4906.103516>>
SCRIPT       : [JunkYardDog] -- Adding Fuel Point to <Static_Wreck_HMMWV<1ccb4cb0>> at Pos <<6621.243652, 204.516190, 4906.103516>>
SCRIPT       : [JunkYardDog] -- Adding Salvage Point to <Land_Wreck_hb01_aban2_green<43d16520>> at Pos <<4305.057129, 7.228928, 4979.836426>>
SCRIPT       : [JunkYardDog] -- Adding Fuel Point to <Land_Wreck_hb01_aban2_green<43d16520>> at Pos <<4305.057129, 7.228928, 4979.836426>>
SCRIPT       : [JunkYardDog] -- Adding Salvage Point to <Land_Wreck_sed01_aban2_black<43d12ec0>> at Pos <<4302.863770, 6.681904, 5027.436035>>
SCRIPT       : [JunkYardDog] -- Adding Fuel Point to <Land_Wreck_sed01_aban2_black<43d12ec0>> at Pos <<4302.863770, 6.681904, 5027.436035>>
SCRIPT       : [JunkYardDog] -- Adding Salvage Point to <Land_wreck_truck01_aban2_orange<43d2a250>> at Pos <<3547.050537, 15.630000, 6401.000000>>
SCRIPT       : [JunkYardDog] -- Adding Fuel Point to <Land_wreck_truck01_aban2_orange<43d2a250>> at Pos <<3547.050537, 15.630000, 6401.000000>>
SCRIPT       : [JunkYardDog] -- Adding Salvage Point to <Land_Wreck_sed02_aban2_grey<43d29030>> at Pos <<3562.515381, 16.288858, 6404.354980>>
SCRIPT       : [JunkYardDog] -- Adding Fuel Point to <Land_Wreck_sed02_aban2_grey<43d29030>> at Pos <<3562.515381, 16.288858, 6404.354980>>
SCRIPT       : [JunkYardDog] -- Adding Salvage Point to <Land_Wreck_V3S<43d31820>> at Pos <<4423.986328, 17.302931, 7758.807129>>
SCRIPT       : [JunkYardDog] -- Adding Fuel Point to <Land_Wreck_V3S<43d31820>> at Pos <<4423.986328, 17.302931, 7758.807129>>
SCRIPT       : [JunkYardDog] -- Adding Salvage Point to <Land_Wreck_hb01_aban2_white<43d44c40>> at Pos <<3648.648193, 16.560963, 6455.085938>>
SCRIPT       : [JunkYardDog] -- Adding Fuel Point to <Land_Wreck_hb01_aban2_white<43d44c40>> at Pos <<3648.648193, 16.560963, 6455.085938>>
SCRIPT       : [JunkYardDog] -- Adding Salvage Point to <Land_Wreck_Lada_Green<37bd16d0>> at Pos <<4550.620117, 16.493559, 7609.004883>>
SCRIPT       : [JunkYardDog] -- Adding Fuel Point to <Land_Wreck_Lada_Green<37bd16d0>> at Pos <<4550.620117, 16.493559, 7609.004883>>
SCRIPT       : [JunkYardDog] -- Adding Salvage Point to <Static_Wreck_S120_Red<38804400>> at Pos <<4405.870605, 16.282368, 7605.106445>>
SCRIPT       : [JunkYardDog] -- Adding Fuel Point to <Static_Wreck_S120_Red<38804400>> at Pos <<4405.870605, 16.282368, 7605.106445>>
SCRIPT       : [JunkYardDog] -- Adding Salvage Point to <Land_Wreck_sed01_aban1_white<37be5d10>> at Pos <<4328.734863, 16.658754, 7655.370605>>
SCRIPT       : [JunkYardDog] -- Adding Fuel Point to <Land_Wreck_sed01_aban1_white<37be5d10>> at Pos <<4328.734863, 16.658754, 7655.370605>>
SCRIPT       : [JunkYardDog] -- Adding Salvage Point to <Land_Wreck_sed02_aban1_red<37be26b0>> at Pos <<4340.870117, 16.698275, 7664.308105>>
SCRIPT       : [JunkYardDog] -- Adding Fuel Point to <Land_Wreck_sed02_aban1_red<37be26b0>> at Pos <<4340.870117, 16.698275, 7664.308105>>
SCRIPT       : [JunkYardDog] -- Adding Salvage Point to <Static_Wreck_S120_Red<397a4440>> at Pos <<4465.411133, 16.330950, 7760.582520>>
SCRIPT       : [JunkYardDog] -- Adding Fuel Point to <Static_Wreck_S120_Red<397a4440>> at Pos <<4465.411133, 16.330950, 7760.582520>>
SCRIPT       : [JunkYardDog] -- Adding Salvage Point to <Land_Wreck_sed01_aban2_wine<37bf2470>> at Pos <<3842.542236, 16.383278, 6583.610840>>
SCRIPT       : [JunkYardDog] -- Adding Fuel Point to <Land_Wreck_sed01_aban2_wine<37bf2470>> at Pos <<3842.542236, 16.383278, 6583.610840>>
SCRIPT       : [JunkYardDog] -- Adding Salvage Point to <Land_wreck_truck01_aban2_green<37bf0030>> at Pos <<4481.223145, 15.762251, 7755.002441>>
SCRIPT       : [JunkYardDog] -- Adding Fuel Point to <Land_wreck_truck01_aban2_green<37bf0030>> at Pos <<4481.223145, 15.762251, 7755.002441>>
SCRIPT       : [JunkYardDog] -- Adding Salvage Point to <Land_wreck_truck01_aban2_green<37bf1b60>> at Pos <<4515.155762, 15.412223, 7769.619629>>
SCRIPT       : [JunkYardDog] -- Adding Fuel Point to <Land_wreck_truck01_aban2_green<37bf1b60>> at Pos <<4515.155762, 15.412223, 7769.619629>>
SCRIPT       : [JunkYardDog] -- Adding Salvage Point to <Land_Wreck_sed02_aban2_grey<37bd28f0>> at Pos <<4562.819824, 16.042282, 7738.955566>>
SCRIPT       : [JunkYardDog] -- Adding Fuel Point to <Land_Wreck_sed02_aban2_grey<37bd28f0>> at Pos <<4562.819824, 16.042282, 7738.955566>>
SCRIPT       : [JunkYardDog] -- Adding Salvage Point to <Static_Wreck_Ural<397d0ed0>> at Pos <<4544.437500, 16.887514, 7736.627930>>
SCRIPT       : [JunkYardDog] -- Adding Fuel Point to <Static_Wreck_Ural<397d0ed0>> at Pos <<4544.437500, 16.887514, 7736.627930>>
SCRIPT       : [JunkYardDog] -- Adding Salvage Point to <Land_Wreck_sed02_aban2_red<37bf51c0>> at Pos <<3575.307861, 16.288824, 6387.325195>>
SCRIPT       : [JunkYardDog] -- Adding Fuel Point to <Land_Wreck_sed02_aban2_red<37bf51c0>> at Pos <<3575.307861, 16.288824, 6387.325195>>
SCRIPT       : [JunkYardDog] -- Adding Salvage Point to <Land_Wreck_hb02_aban1_red<37bf6cf0>> at Pos <<3682.543945, 16.389523, 6487.016602>>
SCRIPT       : [JunkYardDog] -- Adding Fuel Point to <Land_Wreck_hb02_aban1_red<37bf6cf0>> at Pos <<3682.543945, 16.389523, 6487.016602>>
SCRIPT       : [JunkYardDog] -- Adding Salvage Point to <Static_Wreck_Ural<37681810>> at Pos <<4490.464355, 16.544737, 7790.481934>>
SCRIPT       : [JunkYardDog] -- Adding Fuel Point to <Static_Wreck_Ural<37681810>> at Pos <<4490.464355, 16.544737, 7790.481934>>
SCRIPT       : [JunkYardDog] -- Adding Salvage Point to <Land_Wreck_S1023_Blue<37bff4e0>> at Pos <<4462.250488, 16.698263, 7625.384277>>
SCRIPT       : [JunkYardDog] -- Adding Fuel Point to <Land_Wreck_S1023_Blue<37bff4e0>> at Pos <<4462.250488, 16.698263, 7625.384277>>
SCRIPT       : [JunkYardDog] -- Adding Salvage Point to <Land_Wreck_S1023_Beige<37c03d60>> at Pos <<4342.959473, 16.699135, 7686.888184>>
SCRIPT       : [JunkYardDog] -- Adding Fuel Point to <Land_Wreck_S1023_Beige<37c03d60>> at Pos <<4342.959473, 16.699135, 7686.888184>>
SCRIPT       : [JunkYardDog] -- Adding Salvage Point to <Land_Wreck_Uaz<37c03450>> at Pos <<4444.038574, 16.710466, 7654.342285>>
SCRIPT       : [JunkYardDog] -- Adding Fuel Point to <Land_Wreck_Uaz<37c03450>> at Pos <<4444.038574, 16.710466, 7654.342285>>
SCRIPT       : [JunkYardDog] -- Adding Salvage Point to <Land_Wreck_sed02_aban1_yellow<37c01010>> at Pos <<4452.959961, 16.561337, 7615.726074>>
SCRIPT       : [JunkYardDog] -- Adding Fuel Point to <Land_Wreck_sed02_aban1_yellow<37c01010>> at Pos <<4452.959961, 16.561337, 7615.726074>>
SCRIPT       : [JunkYardDog] -- Adding Salvage Point to <Static_Wreck_S120_Red<38ed9840>> at Pos <<7544.621094, 5.436483, 5380.042969>>
SCRIPT       : [JunkYardDog] -- Adding Fuel Point to <Static_Wreck_S120_Red<38ed9840>> at Pos <<7544.621094, 5.436483, 5380.042969>>
SCRIPT       : [JunkYardDog] -- Adding Salvage Point to <Land_Wreck_S1023_Beige<37d66130>> at Pos <<7560.758789, 5.852903, 5373.926270>>
SCRIPT       : [JunkYardDog] -- Adding Fuel Point to <Land_Wreck_S1023_Beige<37d66130>> at Pos <<7560.758789, 5.852903, 5373.926270>>
SCRIPT       : [JunkYardDog] -- Adding Salvage Point to <Land_Wreck_sed01_aban1_white<37d70d60>> at Pos <<7584.123535, 5.605834, 5391.034668>>
SCRIPT       : [JunkYardDog] -- Adding Fuel Point to <Land_Wreck_sed01_aban1_white<37d70d60>> at Pos <<7584.123535, 5.605834, 5391.034668>>
SCRIPT       : [JunkYardDog] -- Adding Salvage Point to <Land_Wreck_sed02_aban2_grey<37d6cdf0>> at Pos <<7591.117676, 5.512155, 5424.438965>>
SCRIPT       : [JunkYardDog] -- Adding Fuel Point to <Land_Wreck_sed02_aban2_grey<37d6cdf0>> at Pos <<7591.117676, 5.512155, 5424.438965>>
SCRIPT       : [JunkYardDog] -- Adding Salvage Point to <Land_wreck_truck01_aban1_green<37d6a9b0>> at Pos <<7639.947754, 2.431362, 5380.312500>>
SCRIPT       : [JunkYardDog] -- Adding Fuel Point to <Land_wreck_truck01_aban1_green<37d6a9b0>> at Pos <<7639.947754, 2.431362, 5380.312500>>
SCRIPT       : [JunkYardDog] -- Adding Salvage Point to <Land_wreck_truck01_aban1_green<37d6f230>> at Pos <<7564.761230, 4.620555, 5456.931152>>
SCRIPT       : [JunkYardDog] -- Adding Fuel Point to <Land_wreck_truck01_aban1_green<37d6f230>> at Pos <<7564.761230, 4.620555, 5456.931152>>
SCRIPT       : [JunkYardDog] -- Adding Salvage Point to <Land_wreck_truck01_aban1_green<37d78c40>> at Pos <<7576.934570, 4.695323, 5473.101563>>
SCRIPT       : [JunkYardDog] -- Adding Fuel Point to <Land_wreck_truck01_aban1_green<37d78c40>> at Pos <<7576.934570, 4.695323, 5473.101563>>
SCRIPT       : [JunkYardDog] -- Adding Salvage Point to <Land_Wreck_hb01_aban1_green<395fb160>> at Pos <<2654.958008, 44.713528, 5724.151367>>
SCRIPT       : [JunkYardDog] -- Adding Fuel Point to <Land_Wreck_hb01_aban1_green<395fb160>> at Pos <<2654.958008, 44.713528, 5724.151367>>
SCRIPT       : [JunkYardDog] -- Adding Salvage Point to <Land_Wreck_S1023_Beige<39601510>> at Pos <<2683.746826, 44.939110, 5746.486328>>
SCRIPT       : [JunkYardDog] -- Adding Fuel Point to <Land_Wreck_S1023_Beige<39601510>> at Pos <<2683.746826, 44.939110, 5746.486328>>
SCRIPT       : [JunkYardDog] -- Adding Salvage Point to <Land_Wreck_hb02_aban1_blue<396066a0>> at Pos <<2661.987061, 44.699776, 5789.193848>>
SCRIPT       : [JunkYardDog] -- Adding Fuel Point to <Land_Wreck_hb02_aban1_blue<396066a0>> at Pos <<2661.987061, 44.699776, 5789.193848>>
SCRIPT       : [JunkYardDog] -- Adding Salvage Point to <Land_Wreck_hb01_aban2_green<396093f0>> at Pos <<2673.965576, 44.870831, 5793.650879>>
SCRIPT       : [JunkYardDog] -- Adding Fuel Point to <Land_Wreck_hb01_aban2_green<396093f0>> at Pos <<2673.965576, 44.870831, 5793.650879>>
SCRIPT       : [JunkYardDog] -- Adding Salvage Point to <Static_Wreck_HMMWV<3a61aea0>> at Pos <<2666.219971, 44.847099, 5800.727539>>
SCRIPT       : [JunkYardDog] -- Adding Fuel Point to <Static_Wreck_HMMWV<3a61aea0>> at Pos <<2666.219971, 44.847099, 5800.727539>>
SCRIPT       : [JunkYardDog] -- Adding Salvage Point to <Land_Wreck_sed02_aban1_red<396081d0>> at Pos <<2659.995361, 44.801193, 5807.961426>>
SCRIPT       : [JunkYardDog] -- Adding Fuel Point to <Land_Wreck_sed02_aban1_red<396081d0>> at Pos <<2659.995361, 44.801193, 5807.961426>>
SCRIPT       : [JunkYardDog] -- Adding Salvage Point to <Land_Wreck_sed01_aban1_white<3960a610>> at Pos <<2665.644287, 44.691658, 5906.048828>>
SCRIPT       : [JunkYardDog] -- Adding Fuel Point to <Land_Wreck_sed01_aban1_white<3960a610>> at Pos <<2665.644287, 44.691658, 5906.048828>>
SCRIPT       : [JunkYardDog] -- Adding Salvage Point to <Land_Wreck_sed02_aban2_grey<3960ca50>> at Pos <<2718.922119, 44.598808, 5877.119629>>
SCRIPT       : [JunkYardDog] -- Adding Fuel Point to <Land_Wreck_sed02_aban2_grey<3960ca50>> at Pos <<2718.922119, 44.598808, 5877.119629>>
SCRIPT       : [JunkYardDog] -- Adding Salvage Point to <Land_Wreck_hb02_aban2_black<3960ee90>> at Pos <<2688.072754, 44.669270, 5877.129395>>
SCRIPT       : [JunkYardDog] -- Adding Fuel Point to <Land_Wreck_hb02_aban2_black<3960ee90>> at Pos <<2688.072754, 44.669270, 5877.129395>>
SCRIPT       : [JunkYardDog] -- Adding Salvage Point to <Land_Wreck_S1023_Blue<3960d360>> at Pos <<2727.486084, 44.938980, 5785.161621>>
SCRIPT       : [JunkYardDog] -- Adding Fuel Point to <Land_Wreck_S1023_Blue<3960d360>> at Pos <<2727.486084, 44.938980, 5785.161621>>
SCRIPT       : [JunkYardDog] -- Adding Salvage Point to <Land_Wreck_hb02_aban2_black<39612e00>> at Pos <<2723.134277, 44.643723, 5779.775879>>
SCRIPT       : [JunkYardDog] -- Adding Fuel Point to <Land_Wreck_hb02_aban2_black<39612e00>> at Pos <<2723.134277, 44.643723, 5779.775879>>
SCRIPT       : [JunkYardDog] -- Adding Salvage Point to <Land_Wreck_Volha_Blue<39614020>> at Pos <<2764.045166, 44.676945, 5878.128906>>
SCRIPT       : [JunkYardDog] -- Adding Fuel Point to <Land_Wreck_Volha_Blue<39614020>> at Pos <<2764.045166, 44.676945, 5878.128906>>
SCRIPT       : [JunkYardDog] -- Adding Salvage Point to <Land_Wreck_S1023_Blue<39622bc0>> at Pos <<2361.775879, 46.468311, 5898.191895>>
SCRIPT       : [JunkYardDog] -- Adding Fuel Point to <Land_Wreck_S1023_Blue<39622bc0>> at Pos <<2361.775879, 46.468311, 5898.191895>>
SCRIPT       : [JunkYardDog] -- Adding Salvage Point to <Land_Wreck_sed01_aban2_wine<396234d0>> at Pos <<2340.668945, 47.257721, 5931.052734>>
SCRIPT       : [JunkYardDog] -- Adding Fuel Point to <Land_Wreck_sed01_aban2_wine<396234d0>> at Pos <<2340.668945, 47.257721, 5931.052734>>
SCRIPT       : [JunkYardDog] -- Adding Salvage Point to <Land_wreck_truck01_aban1_green<3961bf00>> at Pos <<2371.404541, 45.519413, 5910.767578>>
SCRIPT       : [JunkYardDog] -- Adding Fuel Point to <Land_wreck_truck01_aban1_green<3961bf00>> at Pos <<2371.404541, 45.519413, 5910.767578>>
SCRIPT       : [JunkYardDog] -- Adding Salvage Point to <Land_Wreck_Volha_Grey<3962a190>> at Pos <<2421.758545, 43.742401, 5807.520996>>
SCRIPT       : [JunkYardDog] -- Adding Fuel Point to <Land_Wreck_Volha_Grey<3962a190>> at Pos <<2421.758545, 43.742401, 5807.520996>>
SCRIPT       : [JunkYardDog] -- Adding Salvage Point to <Land_Wreck_sed02_aban2_grey<39627440>> at Pos <<2297.995850, 50.717636, 6004.551758>>
SCRIPT       : [JunkYardDog] -- Adding Fuel Point to <Land_Wreck_sed02_aban2_grey<39627440>> at Pos <<2297.995850, 50.717636, 6004.551758>>
SCRIPT       : [JunkYardDog] -- Adding Salvage Point to <Land_wreck_truck01_aban1_green<39626b30>> at Pos <<2329.816895, 48.653950, 6005.964844>>
SCRIPT       : [JunkYardDog] -- Adding Fuel Point to <Land_wreck_truck01_aban1_green<39626b30>> at Pos <<2329.816895, 48.653950, 6005.964844>>
SCRIPT       : [JunkYardDog] -- Adding Salvage Point to <Land_Wreck_Volha_Grey<3962b3b0>> at Pos <<2633.820801, 44.808640, 5948.888672>>
SCRIPT       : [JunkYardDog] -- Adding Fuel Point to <Land_Wreck_Volha_Grey<3962b3b0>> at Pos <<2633.820801, 44.808640, 5948.888672>>
SCRIPT       : [JunkYardDog] -- Adding Salvage Point to <Land_wreck_truck01_aban1_green<3962c5d0>> at Pos <<2746.802002, 44.283222, 6014.562500>>
SCRIPT       : [JunkYardDog] -- Adding Fuel Point to <Land_wreck_truck01_aban1_green<3962c5d0>> at Pos <<2746.802002, 44.283222, 6014.562500>>
SCRIPT       : [JunkYardDog] -- Adding Salvage Point to <Land_wreck_truck01_aban2_orange<39631760>> at Pos <<2770.533936, 44.259644, 5972.666504>>
SCRIPT       : [JunkYardDog] -- Adding Fuel Point to <Land_wreck_truck01_aban2_orange<39631760>> at Pos <<2770.533936, 44.259644, 5972.666504>>
SCRIPT       : [JunkYardDog] -- Adding Salvage Point to <Land_wreck_truck01_aban2_blue<3962f320>> at Pos <<2814.918213, 44.410267, 5947.968750>>
SCRIPT       : [JunkYardDog] -- Adding Fuel Point to <Land_wreck_truck01_aban2_blue<3962f320>> at Pos <<2814.918213, 44.410267, 5947.968750>>
SCRIPT       : [JunkYardDog] -- Adding Salvage Point to <Land_Wreck_sed02_aban2_yellow<39633290>> at Pos <<2814.938965, 45.068821, 5961.391602>>
SCRIPT       : [JunkYardDog] -- Adding Fuel Point to <Land_Wreck_sed02_aban2_yellow<39633290>> at Pos <<2814.938965, 45.068821, 5961.391602>>
SCRIPT       : [JunkYardDog] -- Adding Salvage Point to <Land_Wreck_Uaz<3962cee0>> at Pos <<2805.105469, 45.253162, 5965.519531>>
SCRIPT       : [JunkYardDog] -- Adding Fuel Point to <Land_Wreck_Uaz<3962cee0>> at Pos <<2805.105469, 45.253162, 5965.519531>>
SCRIPT       : [JunkYardDog] -- Adding Salvage Point to <Static_Wreck_Ural<3bb96150>> at Pos <<2830.821777, 45.597622, 5981.551758>>
SCRIPT       : [JunkYardDog] -- Adding Fuel Point to <Static_Wreck_Ural<3bb96150>> at Pos <<2830.821777, 45.597622, 5981.551758>>
SCRIPT       : [JunkYardDog] -- Adding Salvage Point to <Land_Wreck_hb01_aban2_green<3c02c450>> at Pos <<2848.041748, 45.340523, 5974.695801>>
SCRIPT       : [JunkYardDog] -- Adding Fuel Point to <Land_Wreck_hb01_aban2_green<3c02c450>> at Pos <<2848.041748, 45.340523, 5974.695801>>
SCRIPT       : [JunkYardDog] -- Adding Salvage Point to <Static_Wreck_S120_Red<3d7f0790>> at Pos <<2480.251221, 44.981758, 5971.978516>>
SCRIPT       : [JunkYardDog] -- Adding Fuel Point to <Static_Wreck_S120_Red<3d7f0790>> at Pos <<2480.251221, 44.981758, 5971.978516>>
SCRIPT       : [JunkYardDog] -- Adding Salvage Point to <Land_Wreck_S1023_Beige<3c0284e0>> at Pos <<2475.450439, 45.403919, 5961.251953>>
SCRIPT       : [JunkYardDog] -- Adding Fuel Point to <Land_Wreck_S1023_Beige<3c0284e0>> at Pos <<2475.450439, 45.403919, 5961.251953>>
SCRIPT       : [JunkYardDog] -- Adding Salvage Point to <Static_Wreck_Ural<3d7f0e80>> at Pos <<2487.569580, 45.462475, 5952.331055>>
SCRIPT       : [JunkYardDog] -- Adding Fuel Point to <Static_Wreck_Ural<3d7f0e80>> at Pos <<2487.569580, 45.462475, 5952.331055>>
SCRIPT       : [JunkYardDog] -- Adding Salvage Point to <Land_wreck_truck01_aban1_green<3c036770>> at Pos <<2473.198730, 44.454849, 5992.245605>>
SCRIPT       : [JunkYardDog] -- Adding Fuel Point to <Land_wreck_truck01_aban1_green<3c036770>> at Pos <<2473.198730, 44.454849, 5992.245605>>
SCRIPT       : [JunkYardDog] -- Adding Salvage Point to <Land_Wreck_sed02_aban2_red<3c034330>> at Pos <<3678.916260, 5.298860, 5990.742188>>
SCRIPT       : [JunkYardDog] -- Adding Fuel Point to <Land_Wreck_sed02_aban2_red<3c034330>> at Pos <<3678.916260, 5.298860, 5990.742188>>
SCRIPT       : [JunkYardDog] -- Adding Salvage Point to <Land_Wreck_sed01_aban2_wine<3c0315e0>> at Pos <<3652.485596, 5.393319, 5996.959473>>
SCRIPT       : [JunkYardDog] -- Adding Fuel Point to <Land_Wreck_sed01_aban2_wine<3c0315e0>> at Pos <<3652.485596, 5.393319, 5996.959473>>
SCRIPT       : [JunkYardDog] -- Adding Salvage Point to <Land_Wreck_sed01_aban1_wine<3c035550>> at Pos <<3664.743896, 5.391618, 5984.734863>>
SCRIPT       : [JunkYardDog] -- Adding Fuel Point to <Land_Wreck_sed01_aban1_wine<3c035550>> at Pos <<3664.743896, 5.391618, 5984.734863>>
SCRIPT       : [JunkYardDog] -- Adding Salvage Point to <Land_Wreck_hb01_aban2_green<3c033110>> at Pos <<3666.802979, 5.570716, 6005.057129>>
SCRIPT       : [JunkYardDog] -- Adding Fuel Point to <Land_Wreck_hb01_aban2_green<3c033110>> at Pos <<3666.802979, 5.570716, 6005.057129>>
SCRIPT       : [JunkYardDog] -- Adding Salvage Point to <Land_Wreck_sed01_aban2_white<3c035e60>> at Pos <<3679.868164, 5.421731, 6004.083984>>
SCRIPT       : [JunkYardDog] -- Adding Fuel Point to <Land_Wreck_sed01_aban2_white<3c035e60>> at Pos <<3679.868164, 5.421731, 6004.083984>>
SCRIPT       : [JunkYardDog] -- Adding Salvage Point to <Static_Wreck_Ural<3d7fcc20>> at Pos <<3657.457275, 5.827516, 6005.149414>>
SCRIPT       : [JunkYardDog] -- Adding Fuel Point to <Static_Wreck_Ural<3d7fcc20>> at Pos <<3657.457275, 5.827516, 6005.149414>>
SCRIPT       : [JunkYardDog] -- Adding Salvage Point to <Land_Wreck_hb01_aban1_green<3c037080>> at Pos <<3668.733398, 5.701992, 5989.962891>>
SCRIPT       : [JunkYardDog] -- Adding Fuel Point to <Land_Wreck_hb01_aban1_green<3c037080>> at Pos <<3668.733398, 5.701992, 5989.962891>>
SCRIPT       : [JunkYardDog] -- Adding Salvage Point to <Land_Wreck_Uaz<3c037990>> at Pos <<3664.198486, 5.483234, 6011.621094>>
SCRIPT       : [JunkYardDog] -- Adding Fuel Point to <Land_Wreck_Uaz<3c037990>> at Pos <<3664.198486, 5.483234, 6011.621094>>
SCRIPT       : [JunkYardDog] -- Adding Salvage Point to <Land_Wreck_sed02_aban1_red<3c032800>> at Pos <<3659.665771, 5.501120, 5995.684570>>
SCRIPT       : [JunkYardDog] -- Adding Fuel Point to <Land_Wreck_sed02_aban1_red<3c032800>> at Pos <<3659.665771, 5.501120, 5995.684570>>
SCRIPT       : [JunkYardDog] -- Adding Salvage Point to <Land_Wreck_hb02_aban1_black<3c033a20>> at Pos <<3669.880859, 5.399824, 6018.919434>>
SCRIPT       : [JunkYardDog] -- Adding Fuel Point to <Land_Wreck_hb02_aban1_black<3c033a20>> at Pos <<3669.880859, 5.399824, 6018.919434>>
SCRIPT       : [JunkYardDog] -- Adding Salvage Point to <Land_Wreck_Lada_Red<3c0303c0>> at Pos <<3711.493164, 5.321498, 6002.173828>>
SCRIPT       : [JunkYardDog] -- Adding Fuel Point to <Land_Wreck_Lada_Red<3c0303c0>> at Pos <<3711.493164, 5.321498, 6002.173828>>
SCRIPT       : [JunkYardDog] -- Adding Salvage Point to <Land_Wreck_sed01_aban1_white<3c0382a0>> at Pos <<3681.471924, 5.391631, 5994.391113>>
SCRIPT       : [JunkYardDog] -- Adding Fuel Point to <Land_Wreck_sed01_aban1_white<3c0382a0>> at Pos <<3681.471924, 5.391631, 5994.391113>>
SCRIPT       : [JunkYardDog] -- Adding Salvage Point to <Land_Wreck_sed01_aban1_black<3c0394c0>> at Pos <<3705.390137, 5.403822, 6028.255859>>
SCRIPT       : [JunkYardDog] -- Adding Fuel Point to <Land_Wreck_sed01_aban1_black<3c0394c0>> at Pos <<3705.390137, 5.403822, 6028.255859>>
SCRIPT       : [JunkYardDog] -- Adding Salvage Point to <Land_Wreck_hb02_aban1_blue<3c03dd40>> at Pos <<3694.920654, 5.419853, 6030.678223>>
SCRIPT       : [JunkYardDog] -- Adding Fuel Point to <Land_Wreck_hb02_aban1_blue<3c03dd40>> at Pos <<3694.920654, 5.419853, 6030.678223>>
SCRIPT       : [JunkYardDog] -- Adding Salvage Point to <Land_Wreck_sed02_aban1_grey<3c03c210>> at Pos <<3686.823486, 5.501119, 6032.731934>>
SCRIPT       : [JunkYardDog] -- Adding Fuel Point to <Land_Wreck_sed02_aban1_grey<3c03c210>> at Pos <<3686.823486, 5.501119, 6032.731934>>
SCRIPT       : [JunkYardDog] -- Adding Salvage Point to <Land_Wreck_V3S<3c039dd0>> at Pos <<3685.296875, 6.262951, 6020.584961>>
SCRIPT       : [JunkYardDog] -- Adding Fuel Point to <Land_Wreck_V3S<3c039dd0>> at Pos <<3685.296875, 6.262951, 6020.584961>>
SCRIPT       : [JunkYardDog] -- Adding Salvage Point to <Land_Wreck_Lada_Green<3c038bb0>> at Pos <<3735.730469, 5.301497, 6021.749023>>
SCRIPT       : [JunkYardDog] -- Adding Fuel Point to <Land_Wreck_Lada_Green<3c038bb0>> at Pos <<3735.730469, 5.301497, 6021.749023>>
SCRIPT       : [JunkYardDog] -- Adding Salvage Point to <Land_Wreck_S1023_Blue<3c03e650>> at Pos <<3740.524902, 5.650642, 6017.712402>>
SCRIPT       : [JunkYardDog] -- Adding Fuel Point to <Land_Wreck_S1023_Blue<3c03e650>> at Pos <<3740.524902, 5.650642, 6017.712402>>
SCRIPT       : [JunkYardDog] -- Adding Salvage Point to <Static_Wreck_HMMWV<3d8082d0>> at Pos <<3727.282715, 5.547103, 6030.192871>>
SCRIPT       : [JunkYardDog] -- Adding Fuel Point to <Static_Wreck_HMMWV<3d8082d0>> at Pos <<3727.282715, 5.547103, 6030.192871>>
SCRIPT       : [JunkYardDog] -- Adding Salvage Point to <Land_Wreck_S1023_Beige<3c041cb0>> at Pos <<3755.152588, 5.639123, 6009.877441>>
SCRIPT       : [JunkYardDog] -- Adding Fuel Point to <Land_Wreck_S1023_Beige<3c041cb0>> at Pos <<3755.152588, 5.639123, 6009.877441>>
SCRIPT       : [JunkYardDog] -- Adding Salvage Point to <Land_Wreck_S1023_Beige<3c03a6e0>> at Pos <<554.518372, 14.637499, 6070.383789>>
SCRIPT       : [JunkYardDog] -- Adding Fuel Point to <Land_Wreck_S1023_Beige<3c03a6e0>> at Pos <<554.518372, 14.637499, 6070.383789>>
SCRIPT       : [JunkYardDog] -- Adding Salvage Point to <Land_Wreck_sed02_aban1_red<3c046e40>> at Pos <<549.668579, 14.256610, 6066.836914>>
SCRIPT       : [JunkYardDog] -- Adding Fuel Point to <Land_Wreck_sed02_aban1_red<3c046e40>> at Pos <<549.668579, 14.256610, 6066.836914>>
SCRIPT       : [JunkYardDog] -- Adding Salvage Point to <Static_Wreck_Ural<3d966c60>> at Pos <<7175.866211, 19.509674, 6052.663574>>
SCRIPT       : [JunkYardDog] -- Adding Fuel Point to <Static_Wreck_Ural<3d966c60>> at Pos <<7175.866211, 19.509674, 6052.663574>>
SCRIPT       : [JunkYardDog] -- Adding Salvage Point to <Land_wreck_truck01_aban2_blue<3c0535a0>> at Pos <<2752.535400, 44.409988, 6121.083008>>
SCRIPT       : [JunkYardDog] -- Adding Fuel Point to <Land_wreck_truck01_aban2_blue<3c0535a0>> at Pos <<2752.535400, 44.409988, 6121.083008>>
SCRIPT       : [JunkYardDog] -- Adding Salvage Point to <Land_wreck_truck01_aban1_green<3c05e1d0>> at Pos <<3241.891846, 16.469988, 6171.812988>>
SCRIPT       : [JunkYardDog] -- Adding Fuel Point to <Land_wreck_truck01_aban1_green<3c05e1d0>> at Pos <<3241.891846, 16.469988, 6171.812988>>
SCRIPT       : [JunkYardDog] -- Adding Salvage Point to <Land_Wreck_V3S<3c05c6a0>> at Pos <<3252.469971, 18.073143, 6180.689941>>
SCRIPT       : [JunkYardDog] -- Adding Fuel Point to <Land_Wreck_V3S<3c05c6a0>> at Pos <<3252.469971, 18.073143, 6180.689941>>
SCRIPT       : [JunkYardDog] -- Adding Salvage Point to <Static_Wreck_Ural<3ce43ff0>> at Pos <<7030.864258, 15.563268, 6176.853516>>
SCRIPT       : [JunkYardDog] -- Adding Fuel Point to <Static_Wreck_Ural<3ce43ff0>> at Pos <<7030.864258, 15.563268, 6176.853516>>
SCRIPT       : [JunkYardDog] -- Adding Salvage Point to <Land_wreck_truck01_aban1_green<3c0660b0>> at Pos <<7076.255371, 14.376167, 6202.139648>>
SCRIPT       : [JunkYardDog] -- Adding Fuel Point to <Land_wreck_truck01_aban1_green<3c0660b0>> at Pos <<7076.255371, 14.376167, 6202.139648>>
SCRIPT       : [JunkYardDog] -- Adding Salvage Point to <Land_Wreck_sed02_aban1_yellow<3b564d00>> at Pos <<3589.456543, 16.491119, 6377.296387>>
SCRIPT       : [JunkYardDog] -- Adding Fuel Point to <Land_Wreck_sed02_aban1_yellow<3b564d00>> at Pos <<3589.456543, 16.491119, 6377.296387>>
SCRIPT       : [JunkYardDog] -- Adding Salvage Point to <Land_Wreck_hb02_aban1_black<3b565f20>> at Pos <<3615.948486, 16.389824, 6399.129883>>
SCRIPT       : [JunkYardDog] -- Adding Fuel Point to <Land_Wreck_hb02_aban1_black<3b565f20>> at Pos <<3615.948486, 16.389824, 6399.129883>>
SCRIPT       : [JunkYardDog] -- Adding Salvage Point to <Land_Wreck_Uaz<3b5616a0>> at Pos <<3597.224609, 16.473221, 6381.398926>>
SCRIPT       : [JunkYardDog] -- Adding Fuel Point to <Land_Wreck_Uaz<3b5616a0>> at Pos <<3597.224609, 16.473221, 6381.398926>>
SCRIPT       : [JunkYardDog] -- Adding Salvage Point to <Land_Wreck_Volha_Grey<3b56c2d0>> at Pos <<3586.525635, 16.366943, 6388.948242>>
SCRIPT       : [JunkYardDog] -- Adding Fuel Point to <Land_Wreck_Volha_Grey<3b56c2d0>> at Pos <<3586.525635, 16.366943, 6388.948242>>
SCRIPT       : [JunkYardDog] -- Adding Salvage Point to <Land_Wreck_sed01_aban1_white<3b56f930>> at Pos <<3611.181641, 16.381632, 6412.383301>>
SCRIPT       : [JunkYardDog] -- Adding Fuel Point to <Land_Wreck_sed01_aban1_white<3b56f930>> at Pos <<3611.181641, 16.381632, 6412.383301>>
SCRIPT       : [JunkYardDog] -- Adding Salvage Point to <Land_Wreck_sed02_aban1_grey<3b56e710>> at Pos <<3612.797852, 16.491119, 6423.975586>>
SCRIPT       : [JunkYardDog] -- Adding Fuel Point to <Land_Wreck_sed02_aban1_grey<3b56e710>> at Pos <<3612.797852, 16.491119, 6423.975586>>
SCRIPT       : [JunkYardDog] -- Adding Salvage Point to <Land_Wreck_sed02_aban1_red<3b56b9c0>> at Pos <<3593.943359, 16.491142, 6408.933594>>
SCRIPT       : [JunkYardDog] -- Adding Fuel Point to <Land_Wreck_sed02_aban1_red<3b56b9c0>> at Pos <<3593.943359, 16.491142, 6408.933594>>
SCRIPT       : [JunkYardDog] -- Adding Salvage Point to <Land_Wreck_hb01_aban1_green<3b56f020>> at Pos <<3590.000977, 16.692005, 6434.005371>>
SCRIPT       : [JunkYardDog] -- Adding Fuel Point to <Land_Wreck_hb01_aban1_green<3b56f020>> at Pos <<3590.000977, 16.692005, 6434.005371>>
SCRIPT       : [JunkYardDog] -- Adding Salvage Point to <Land_Wreck_hb02_aban2_red<3b571d70>> at Pos <<3628.952637, 16.333723, 6409.761230>>
SCRIPT       : [JunkYardDog] -- Adding Fuel Point to <Land_Wreck_hb02_aban2_red<3b571d70>> at Pos <<3628.952637, 16.333723, 6409.761230>>
SCRIPT       : [JunkYardDog] -- Adding Salvage Point to <Land_Wreck_hb01_aban1_green<3b570240>> at Pos <<3629.966309, 16.691992, 6421.557129>>
SCRIPT       : [JunkYardDog] -- Adding Fuel Point to <Land_Wreck_hb01_aban1_green<3b570240>> at Pos <<3629.966309, 16.691992, 6421.557129>>
SCRIPT       : [JunkYardDog] -- Adding Salvage Point to <Land_Wreck_sed01_aban1_white<3b572680>> at Pos <<3488.157227, 17.307892, 6334.670898>>
SCRIPT       : [JunkYardDog] -- Adding Fuel Point to <Land_Wreck_sed01_aban1_white<3b572680>> at Pos <<3488.157227, 17.307892, 6334.670898>>
SCRIPT       : [JunkYardDog] -- Adding Salvage Point to <Land_Wreck_sed01_aban2_black<3b57a560>> at Pos <<3612.369141, 14.101511, 6522.103516>>
SCRIPT       : [JunkYardDog] -- Adding Fuel Point to <Land_Wreck_sed01_aban2_black<3b57a560>> at Pos <<3612.369141, 14.101511, 6522.103516>>
SCRIPT       : [JunkYardDog] -- Adding Salvage Point to <Land_wreck_truck01_aban2_orange<3b579c50>> at Pos <<3432.243896, 16.661507, 6408.219238>>
SCRIPT       : [JunkYardDog] -- Adding Fuel Point to <Land_wreck_truck01_aban2_orange<3b579c50>> at Pos <<3432.243896, 16.661507, 6408.219238>>
SCRIPT       : [JunkYardDog] -- Adding Salvage Point to <Land_Wreck_sed02_aban1_yellow<3b53edd0>> at Pos <<4478.452637, 64.306427, 6577.417480>>
SCRIPT       : [JunkYardDog] -- Adding Fuel Point to <Land_Wreck_sed02_aban1_yellow<3b53edd0>> at Pos <<4478.452637, 64.306427, 6577.417480>>
SCRIPT       : [JunkYardDog] -- Adding Salvage Point to <Land_Wreck_S1023_Beige<3b544870>> at Pos <<4500.408691, 64.444466, 6591.686523>>
SCRIPT       : [JunkYardDog] -- Adding Fuel Point to <Land_Wreck_S1023_Beige<3b544870>> at Pos <<4500.408691, 64.444466, 6591.686523>>
SCRIPT       : [JunkYardDog] -- Adding Salvage Point to <Land_Wreck_hb02_aban1_black<3b54d060>> at Pos <<3951.938965, 16.389818, 6636.563965>>
SCRIPT       : [JunkYardDog] -- Adding Fuel Point to <Land_Wreck_hb02_aban1_black<3b54d060>> at Pos <<3951.938965, 16.389818, 6636.563965>>
SCRIPT       : [JunkYardDog] -- Adding Salvage Point to <Land_Wreck_sed01_aban2_white<3b54b530>> at Pos <<3980.541260, 16.383289, 6653.333496>>
SCRIPT       : [JunkYardDog] -- Adding Fuel Point to <Land_Wreck_sed01_aban2_white<3b54b530>> at Pos <<3980.541260, 16.383289, 6653.333496>>
SCRIPT       : [JunkYardDog] -- Adding Salvage Point to <Land_Wreck_sed02_aban1_yellow<3b5487e0>> at Pos <<3996.452148, 16.491119, 6631.567871>>
SCRIPT       : [JunkYardDog] -- Adding Fuel Point to <Land_Wreck_sed02_aban1_yellow<3b5487e0>> at Pos <<3996.452148, 16.491119, 6631.567871>>
SCRIPT       : [JunkYardDog] -- Adding Salvage Point to <Land_wreck_truck01_aban2_orange<3b54d970>> at Pos <<3985.808105, 15.629977, 6678.436035>>
SCRIPT       : [JunkYardDog] -- Adding Fuel Point to <Land_wreck_truck01_aban2_orange<3b54d970>> at Pos <<3985.808105, 15.629977, 6678.436035>>
SCRIPT       : [JunkYardDog] -- Adding Salvage Point to <Land_Wreck_sed02_aban2_yellow<3b54e280>> at Pos <<4014.172363, 16.288824, 6650.234863>>
SCRIPT       : [JunkYardDog] -- Adding Fuel Point to <Land_Wreck_sed02_aban2_yellow<3b54e280>> at Pos <<4014.172363, 16.288824, 6650.234863>>
SCRIPT       : [JunkYardDog] -- Adding Salvage Point to <Static_Wreck_HMMWV<3e02bfd0>> at Pos <<4002.170898, 16.537102, 6625.695801>>
SCRIPT       : [JunkYardDog] -- Adding Fuel Point to <Static_Wreck_HMMWV<3e02bfd0>> at Pos <<4002.170898, 16.537102, 6625.695801>>
SCRIPT       : [JunkYardDog] -- Adding Salvage Point to <Land_Wreck_S1023_Blue<3b554f40>> at Pos <<4059.019043, 16.629129, 6676.099121>>
SCRIPT       : [JunkYardDog] -- Adding Fuel Point to <Land_Wreck_S1023_Blue<3b554f40>> at Pos <<4059.019043, 16.629129, 6676.099121>>
SCRIPT       : [JunkYardDog] -- Adding Salvage Point to <Land_Wreck_S1023_Beige<3b557380>> at Pos <<4682.902832, 23.724558, 6626.055664>>
SCRIPT       : [JunkYardDog] -- Adding Fuel Point to <Land_Wreck_S1023_Beige<3b557380>> at Pos <<4682.902832, 23.724558, 6626.055664>>
SCRIPT       : [JunkYardDog] -- Adding Salvage Point to <Land_Wreck_S1023_Beige<3b550fd0>> at Pos <<4677.906250, 21.621500, 6680.515625>>
SCRIPT       : [JunkYardDog] -- Adding Fuel Point to <Land_Wreck_S1023_Beige<3b550fd0>> at Pos <<4677.906250, 21.621500, 6680.515625>>
SCRIPT       : [JunkYardDog] -- Adding Salvage Point to <Land_Wreck_hb01_aban2_blue<3b55e950>> at Pos <<5683.292480, 16.510279, 6962.579102>>
SCRIPT       : [JunkYardDog] -- Adding Fuel Point to <Land_Wreck_hb01_aban2_blue<3b55e950>> at Pos <<5683.292480, 16.510279, 6962.579102>>
SCRIPT       : [JunkYardDog] -- Adding Salvage Point to <Land_Wreck_sed01_aban2_wine<3b55fb70>> at Pos <<5692.167480, 16.162560, 6963.587402>>
SCRIPT       : [JunkYardDog] -- Adding Fuel Point to <Land_Wreck_sed01_aban2_wine<3b55fb70>> at Pos <<5692.167480, 16.162560, 6963.587402>>
SCRIPT       : [JunkYardDog] -- Adding Salvage Point to <Land_Wreck_S1023_Blue<3b57b780>> at Pos <<5786.919922, 16.113922, 6796.311035>>
SCRIPT       : [JunkYardDog] -- Adding Fuel Point to <Land_Wreck_S1023_Blue<3b57b780>> at Pos <<5786.919922, 16.113922, 6796.311035>>
SCRIPT       : [JunkYardDog] -- Adding Salvage Point to <Land_Wreck_hb01_aban2_blue<40651520>> at Pos <<5788.410645, 16.854012, 6873.245117>>
SCRIPT       : [JunkYardDog] -- Adding Fuel Point to <Land_Wreck_hb01_aban2_blue<40651520>> at Pos <<5788.410645, 16.854012, 6873.245117>>
SCRIPT       : [JunkYardDog] -- Adding Salvage Point to <Land_Wreck_sed01_aban2_wine<40653960>> at Pos <<5798.196777, 16.675161, 6855.659668>>
SCRIPT       : [JunkYardDog] -- Adding Fuel Point to <Land_Wreck_sed01_aban2_wine<40653960>> at Pos <<5798.196777, 16.675161, 6855.659668>>
SCRIPT       : [JunkYardDog] -- Adding Salvage Point to <Static_Wreck_Digger<4024e720>> at Pos <<7010.558594, 26.736065, 6839.534668>>
SCRIPT       : [JunkYardDog] -- Adding Fuel Point to <Static_Wreck_Digger<4024e720>> at Pos <<7010.558594, 26.736065, 6839.534668>>
SCRIPT       : [TERJE CORE](INFO): New profile 'R5KkZb3Ywicboa8ntCzbBJK6WLpakj_6yA-ghmDo4lw=' created.
SCRIPT       : [JunkYardDog] -- Adding Salvage Point to <Land_Wreck_Volha_Grey<40661bf0>> at Pos <<4079.636719, 16.377960, 6900.633301>>
SCRIPT       : [JunkYardDog] -- Adding Fuel Point to <Land_Wreck_Volha_Grey<40661bf0>> at Pos <<4079.636719, 16.377960, 6900.633301>>
SCRIPT       : [JunkYardDog] -- Adding Salvage Point to <Land_Wreck_sed02_aban2_red<40662500>> at Pos <<4080.641113, 16.319195, 6999.514648>>
SCRIPT       : [JunkYardDog] -- Adding Fuel Point to <Land_Wreck_sed02_aban2_red<40662500>> at Pos <<4080.641113, 16.319195, 6999.514648>>
SCRIPT       : [JunkYardDog] -- Adding Salvage Point to <Land_Wreck_sed02_aban1_yellow<4065af30>> at Pos <<4073.972168, 16.491394, 6999.489258>>
SCRIPT       : [JunkYardDog] -- Adding Fuel Point to <Land_Wreck_sed02_aban1_yellow<4065af30>> at Pos <<4073.972168, 16.491394, 6999.489258>>
SCRIPT       : [JunkYardDog] -- Adding Salvage Point to <Land_Wreck_S1023_Blue<40665b60>> at Pos <<3487.291992, 11.142941, 7080.530762>>
SCRIPT       : [JunkYardDog] -- Adding Fuel Point to <Land_Wreck_S1023_Blue<40665b60>> at Pos <<3487.291992, 11.142941, 7080.530762>>
SCRIPT       : [JunkYardDog] -- Adding Salvage Point to <Land_wreck_truck01_aban2_blue<40678f80>> at Pos <<3609.489014, 8.314137, 7136.954590>>
SCRIPT       : [JunkYardDog] -- Adding Fuel Point to <Land_wreck_truck01_aban2_blue<40678f80>> at Pos <<3609.489014, 8.314137, 7136.954590>>
SCRIPT       : [JunkYardDog] -- Adding Salvage Point to <Land_wreck_truck01_aban2_green<40679890>> at Pos <<2178.260742, 58.270008, 7171.141602>>
SCRIPT       : [JunkYardDog] -- Adding Fuel Point to <Land_wreck_truck01_aban2_green<40679890>> at Pos <<2178.260742, 58.270008, 7171.141602>>
SCRIPT       : [JunkYardDog] -- Adding Salvage Point to <Land_Wreck_sed01_aban1_wine<4067fc40>> at Pos <<4227.735840, 16.733238, 7291.679199>>
SCRIPT       : [JunkYardDog] -- Adding Fuel Point to <Land_Wreck_sed01_aban1_wine<4067fc40>> at Pos <<4227.735840, 16.733238, 7291.679199>>
SCRIPT       : [JunkYardDog] -- Adding Salvage Point to <Land_Wreck_sed01_aban2_black<40682080>> at Pos <<4288.031250, 16.756701, 7327.050293>>
SCRIPT       : [JunkYardDog] -- Adding Fuel Point to <Land_Wreck_sed01_aban2_black<40682080>> at Pos <<4288.031250, 16.756701, 7327.050293>>
SCRIPT       : [JunkYardDog] -- Adding Salvage Point to <Static_Wreck_Ural<3e7c9750>> at Pos <<4343.574219, 17.730766, 7321.444824>>
SCRIPT       : [JunkYardDog] -- Adding Fuel Point to <Static_Wreck_Ural<3e7c9750>> at Pos <<4343.574219, 17.730766, 7321.444824>>
SCRIPT       : [JunkYardDog] -- Adding Salvage Point to <Static_Wreck_Digger<3ebf57a0>> at Pos <<5613.199219, 14.654358, 7185.343262>>
SCRIPT       : [JunkYardDog] -- Adding Fuel Point to <Static_Wreck_Digger<3ebf57a0>> at Pos <<5613.199219, 14.654358, 7185.343262>>
SCRIPT       : [JunkYardDog] -- Adding Salvage Point to <Land_Wreck_sed01_aban1_black<407aa330>> at Pos <<4078.119141, 19.584723, 7314.720703>>
SCRIPT       : [JunkYardDog] -- Adding Fuel Point to <Land_Wreck_sed01_aban1_black<407aa330>> at Pos <<4078.119141, 19.584723, 7314.720703>>
SCRIPT       : [JunkYardDog] -- Adding Salvage Point to <Land_Wreck_sed01_aban1_black<407a5ab0>> at Pos <<4090.296387, 19.700535, 7334.300293>>
SCRIPT       : [JunkYardDog] -- Adding Fuel Point to <Land_Wreck_sed01_aban1_black<407a5ab0>> at Pos <<4090.296387, 19.700535, 7334.300293>>
SCRIPT       : [JunkYardDog] -- Adding Salvage Point to <Land_Wreck_sed01_aban1_black<407aac40>> at Pos <<4087.878906, 19.762743, 7338.177246>>
SCRIPT       : [JunkYardDog] -- Adding Fuel Point to <Land_Wreck_sed01_aban1_black<407aac40>> at Pos <<4087.878906, 19.762743, 7338.177246>>
SCRIPT       : [JunkYardDog] -- Adding Salvage Point to <Static_Wreck_S120_Red<3e447b60>> at Pos <<4557.335449, 16.538828, 7381.394043>>
SCRIPT       : [JunkYardDog] -- Adding Fuel Point to <Static_Wreck_S120_Red<3e447b60>> at Pos <<4557.335449, 16.538828, 7381.394043>>
SCRIPT       : [JunkYardDog] -- Adding Salvage Point to <Land_Wreck_sed02_aban1_grey<407aebb0>> at Pos <<4576.221680, 16.900944, 7332.009277>>
SCRIPT       : [JunkYardDog] -- Adding Fuel Point to <Land_Wreck_sed02_aban1_grey<407aebb0>> at Pos <<4576.221680, 16.900944, 7332.009277>>
SCRIPT       : [JunkYardDog] -- Adding Salvage Point to <Land_Wreck_hb01_aban2_green<407b3430>> at Pos <<1756.138794, 22.669958, 7421.093750>>
SCRIPT       : [JunkYardDog] -- Adding Fuel Point to <Land_Wreck_hb01_aban2_green<407b3430>> at Pos <<1756.138794, 22.669958, 7421.093750>>
SCRIPT       : [JunkYardDog] -- Adding Salvage Point to <Land_Wreck_sed02_aban1_grey<407bce40>> at Pos <<1760.719727, 22.384274, 7427.036133>>
SCRIPT       : [JunkYardDog] -- Adding Fuel Point to <Land_Wreck_sed02_aban1_grey<407bce40>> at Pos <<1760.719727, 22.384274, 7427.036133>>
SCRIPT       : [JunkYardDog] -- Adding Salvage Point to <Static_Wreck_S120_Red<3d297640>> at Pos <<4265.483887, 19.387880, 7486.074707>>
SCRIPT       : [JunkYardDog] -- Adding Fuel Point to <Static_Wreck_S120_Red<3d297640>> at Pos <<4265.483887, 19.387880, 7486.074707>>
SCRIPT       : [JunkYardDog] -- Adding Salvage Point to <Land_Wreck_sed02_aban2_grey<407c04a0>> at Pos <<4261.118652, 19.474199, 7486.989746>>
SCRIPT       : [JunkYardDog] -- Adding Fuel Point to <Land_Wreck_sed02_aban2_grey<407c04a0>> at Pos <<4261.118652, 19.474199, 7486.989746>>
SCRIPT       : [JunkYardDog] -- Adding Salvage Point to <Land_Wreck_hb02_aban1_black<407c5f40>> at Pos <<4281.951660, 19.722244, 7484.952637>>
SCRIPT       : [JunkYardDog] -- Adding Fuel Point to <Land_Wreck_hb02_aban1_black<407c5f40>> at Pos <<4281.951660, 19.722244, 7484.952637>>
SCRIPT       : [JunkYardDog] -- Adding Salvage Point to <Land_Wreck_sed02_aban2_grey<407c3b00>> at Pos <<4279.214844, 19.587339, 7496.015625>>
SCRIPT       : [JunkYardDog] -- Adding Fuel Point to <Land_Wreck_sed02_aban2_grey<407c3b00>> at Pos <<4279.214844, 19.587339, 7496.015625>>
SCRIPT       : [JunkYardDog] -- Adding Salvage Point to <Land_Wreck_sed01_aban1_wine<407c5630>> at Pos <<4261.516113, 19.556200, 7496.758301>>
SCRIPT       : [JunkYardDog] -- Adding Fuel Point to <Land_Wreck_sed01_aban1_wine<407c5630>> at Pos <<4261.516113, 19.556200, 7496.758301>>
SCRIPT       : [JunkYardDog] -- Adding Salvage Point to <Land_Wreck_sed01_aban1_wine<409f1870>> at Pos <<4049.510986, 20.435225, 7460.453613>>
SCRIPT       : [JunkYardDog] -- Adding Fuel Point to <Land_Wreck_sed01_aban1_wine<409f1870>> at Pos <<4049.510986, 20.435225, 7460.453613>>
SCRIPT       : [JunkYardDog] -- Adding Salvage Point to <Land_Wreck_sed02_aban2_grey<409ec6e0>> at Pos <<4125.932617, 18.572529, 7473.500000>>
SCRIPT       : [JunkYardDog] -- Adding Fuel Point to <Land_Wreck_sed02_aban2_grey<409ec6e0>> at Pos <<4125.932617, 18.572529, 7473.500000>>
SCRIPT       : [JunkYardDog] -- Adding Salvage Point to <Land_Wreck_sed01_aban1_wine<409f3cb0>> at Pos <<4102.864258, 18.968386, 7466.723145>>
SCRIPT       : [JunkYardDog] -- Adding Fuel Point to <Land_Wreck_sed01_aban1_wine<409f3cb0>> at Pos <<4102.864258, 18.968386, 7466.723145>>
SCRIPT       : [JunkYardDog] -- Adding Salvage Point to <Static_Wreck_S120_Red<3c629360>> at Pos <<4106.911621, 19.022961, 7493.916016>>
SCRIPT       : [JunkYardDog] -- Adding Fuel Point to <Static_Wreck_S120_Red<3c629360>> at Pos <<4106.911621, 19.022961, 7493.916016>>
SCRIPT       : [JunkYardDog] -- Adding Salvage Point to <Land_Wreck_sed02_aban2_grey<409ecff0>> at Pos <<4114.941895, 18.991508, 7496.361816>>
SCRIPT       : [JunkYardDog] -- Adding Fuel Point to <Land_Wreck_sed02_aban2_grey<409ecff0>> at Pos <<4114.941895, 18.991508, 7496.361816>>
SCRIPT       : [JunkYardDog] -- Adding Salvage Point to <Static_Wreck_S120_Red<3c629800>> at Pos <<4103.729492, 20.205074, 7544.099609>>
SCRIPT       : [JunkYardDog] -- Adding Fuel Point to <Static_Wreck_S120_Red<3c629800>> at Pos <<4103.729492, 20.205074, 7544.099609>>
SCRIPT       : [JunkYardDog] -- Adding Salvage Point to <Land_Wreck_hb02_aban1_black<409f7c20>> at Pos <<4152.816406, 18.649822, 7481.583984>>
SCRIPT       : [JunkYardDog] -- Adding Fuel Point to <Land_Wreck_hb02_aban1_black<409f7c20>> at Pos <<4152.816406, 18.649822, 7481.583984>>
SCRIPT       : [JunkYardDog] -- Adding Salvage Point to <Land_Wreck_sed02_aban1_red<409fb280>> at Pos <<4153.905273, 18.748653, 7508.145020>>
SCRIPT       : [JunkYardDog] -- Adding Fuel Point to <Land_Wreck_sed02_aban1_red<409fb280>> at Pos <<4153.905273, 18.748653, 7508.145020>>
SCRIPT       : [JunkYardDog] -- Adding Salvage Point to <Land_Wreck_sed02_aban1_yellow<409fa970>> at Pos <<4160.610840, 18.751116, 7483.944824>>
SCRIPT       : [JunkYardDog] -- Adding Fuel Point to <Land_Wreck_sed02_aban1_yellow<409fa970>> at Pos <<4160.610840, 18.751116, 7483.944824>>
SCRIPT       : [JunkYardDog] -- Adding Salvage Point to <Static_Wreck_HMMWV<3c63d280>> at Pos <<4167.168457, 17.568390, 7584.996582>>
SCRIPT       : [JunkYardDog] -- Adding Fuel Point to <Static_Wreck_HMMWV<3c63d280>> at Pos <<4167.168457, 17.568390, 7584.996582>>
SCRIPT       : [JunkYardDog] -- Adding Salvage Point to <Static_Wreck_Ural<3c64b2d0>> at Pos <<4647.874023, 16.816950, 7530.903809>>
SCRIPT       : [JunkYardDog] -- Adding Fuel Point to <Static_Wreck_Ural<3c64b2d0>> at Pos <<4647.874023, 16.816950, 7530.903809>>
SCRIPT       : [JunkYardDog] -- Adding Salvage Point to <Land_Wreck_sed01_aban2_white<409ffb00>> at Pos <<4331.554688, 16.930853, 7537.391602>>
SCRIPT       : [JunkYardDog] -- Adding Fuel Point to <Land_Wreck_sed01_aban2_white<409ffb00>> at Pos <<4331.554688, 16.930853, 7537.391602>>
SCRIPT       : [JunkYardDog] -- Adding Salvage Point to <Land_Wreck_Lada_Green<40a0b040>> at Pos <<4329.158203, 17.062387, 7589.322754>>
SCRIPT       : [JunkYardDog] -- Adding Fuel Point to <Land_Wreck_Lada_Green<40a0b040>> at Pos <<4329.158203, 17.062387, 7589.322754>>
SCRIPT       : [JunkYardDog] -- Adding Salvage Point to <Land_Wreck_sed02_aban1_red<40a079e0>> at Pos <<4330.479980, 17.007681, 7612.112793>>
SCRIPT       : [JunkYardDog] -- Adding Fuel Point to <Land_Wreck_sed02_aban1_red<40a079e0>> at Pos <<4330.479980, 17.007681, 7612.112793>>
SCRIPT       : [JunkYardDog] -- Adding Salvage Point to <Land_Wreck_Volha_Blue<40a09510>> at Pos <<4369.341309, 16.775286, 7573.703613>>
SCRIPT       : [JunkYardDog] -- Adding Fuel Point to <Land_Wreck_Volha_Blue<40a09510>> at Pos <<4369.341309, 16.775286, 7573.703613>>
SCRIPT       : [JunkYardDog] -- Adding Salvage Point to <Land_Wreck_hb02_aban1_blue<40a0a730>> at Pos <<4357.938965, 16.869822, 7610.941406>>
SCRIPT       : [JunkYardDog] -- Adding Fuel Point to <Land_Wreck_hb02_aban1_blue<40a0a730>> at Pos <<4357.938965, 16.869822, 7610.941406>>
SCRIPT       : [JunkYardDog] -- Adding Salvage Point to <Land_Wreck_hb01_aban2_green<3bcedcf0>> at Pos <<4149.727539, 16.452835, 7648.530762>>
SCRIPT       : [JunkYardDog] -- Adding Fuel Point to <Land_Wreck_hb01_aban2_green<3bcedcf0>> at Pos <<4149.727539, 16.452835, 7648.530762>>
SCRIPT       : [JunkYardDog] -- Adding Salvage Point to <Land_Wreck_Lada_Green<3bceafa0>> at Pos <<4188.168457, 17.092762, 7616.029297>>
SCRIPT       : [JunkYardDog] -- Adding Fuel Point to <Land_Wreck_Lada_Green<3bceafa0>> at Pos <<4188.168457, 17.092762, 7616.029297>>
SCRIPT       : [JunkYardDog] -- Adding Salvage Point to <Land_wreck_truck01_aban1_orange<3bce8b60>> at Pos <<4188.354980, 15.747185, 7659.596680>>
SCRIPT       : [JunkYardDog] -- Adding Fuel Point to <Land_wreck_truck01_aban1_orange<3bce8b60>> at Pos <<4188.354980, 15.747185, 7659.596680>>
SCRIPT       : [JunkYardDog] -- Adding Salvage Point to <Land_Wreck_sed01_aban2_white<3bcf0a40>> at Pos <<4172.202148, 16.513315, 7667.091797>>
SCRIPT       : [JunkYardDog] -- Adding Fuel Point to <Land_Wreck_sed01_aban2_white<3bcf0a40>> at Pos <<4172.202148, 16.513315, 7667.091797>>
SCRIPT       : [JunkYardDog] -- Adding Salvage Point to <Land_Wreck_S1023_Beige<3bcf3790>> at Pos <<4194.942383, 16.742039, 7675.369629>>
SCRIPT       : [JunkYardDog] -- Adding Fuel Point to <Land_Wreck_S1023_Beige<3bcf3790>> at Pos <<4194.942383, 16.742039, 7675.369629>>
SCRIPT       : [JunkYardDog] -- Adding Salvage Point to <Land_Wreck_S1023_Beige<3bcec1c0>> at Pos <<4249.185547, 16.698997, 7597.793945>>
SCRIPT       : [JunkYardDog] -- Adding Fuel Point to <Land_Wreck_S1023_Beige<3bcec1c0>> at Pos <<4249.185547, 16.698997, 7597.793945>>
SCRIPT       : [JunkYardDog] -- Adding Salvage Point to <Static_Wreck_S120_Red<3f6cafc0>> at Pos <<4244.800781, 16.282671, 7656.051758>>
SCRIPT       : [JunkYardDog] -- Adding Fuel Point to <Static_Wreck_S120_Red<3f6cafc0>> at Pos <<4244.800781, 16.282671, 7656.051758>>
SCRIPT       : [JunkYardDog] -- Adding Salvage Point to <Land_Wreck_V3S<3bcf5bd0>> at Pos <<4266.461426, 17.303036, 7641.594238>>
SCRIPT       : [JunkYardDog] -- Adding Fuel Point to <Land_Wreck_V3S<3bcf5bd0>> at Pos <<4266.461426, 17.303036, 7641.594238>>
SCRIPT       : [JunkYardDog] -- Adding Salvage Point to <Land_Wreck_S1023_Beige<3bcfd1a0>> at Pos <<4281.707520, 16.910204, 7658.565430>>
SCRIPT       : [JunkYardDog] -- Adding Fuel Point to <Land_Wreck_S1023_Beige<3bcfd1a0>> at Pos <<4281.707520, 16.910204, 7658.565430>>
SCRIPT       : [JunkYardDog] -- Adding Salvage Point to <Land_Wreck_S1023_Beige<3bcf9b40>> at Pos <<4083.731934, 6.320822, 7799.924316>>
SCRIPT       : [JunkYardDog] -- Adding Fuel Point to <Land_Wreck_S1023_Beige<3bcf9b40>> at Pos <<4083.731934, 6.320822, 7799.924316>>
SCRIPT       : [JunkYardDog] -- Adding Salvage Point to <Static_Wreck_Ural<3b2c65f0>> at Pos <<4075.178223, 6.413279, 7835.257813>>
SCRIPT       : [JunkYardDog] -- Adding Fuel Point to <Static_Wreck_Ural<3b2c65f0>> at Pos <<4075.178223, 6.413279, 7835.257813>>
SCRIPT       : [JunkYardDog] -- Adding Salvage Point to <Land_Wreck_sed01_aban2_wine<3bd06bb0>> at Pos <<4105.606934, 5.813293, 7823.814453>>
SCRIPT       : [JunkYardDog] -- Adding Fuel Point to <Land_Wreck_sed01_aban2_wine<3bd06bb0>> at Pos <<4105.606934, 5.813293, 7823.814453>>
SCRIPT       : [JunkYardDog] -- Adding Salvage Point to <Land_Wreck_sed02_aban1_red<3bd02330>> at Pos <<4122.947754, 5.571251, 7825.764160>>
SCRIPT       : [JunkYardDog] -- Adding Fuel Point to <Land_Wreck_sed02_aban1_red<3bd02330>> at Pos <<4122.947754, 5.571251, 7825.764160>>
SCRIPT       : [JunkYardDog] -- Adding Salvage Point to <Land_Wreck_sed02_aban1_red<3bd00800>> at Pos <<4137.145508, 5.555468, 7826.740723>>
SCRIPT       : [JunkYardDog] -- Adding Fuel Point to <Land_Wreck_sed02_aban1_red<3bd00800>> at Pos <<4137.145508, 5.555468, 7826.740723>>
SCRIPT       : [JunkYardDog] -- Adding Salvage Point to <Static_Wreck_Ural<3b2c55c0>> at Pos <<4168.310547, 5.917594, 7830.168945>>
SCRIPT       : [JunkYardDog] -- Adding Fuel Point to <Static_Wreck_Ural<3b2c55c0>> at Pos <<4168.310547, 5.917594, 7830.168945>>
SCRIPT       : [JunkYardDog] -- Adding Salvage Point to <Land_wreck_truck01_aban1_green<3bd14530>> at Pos <<4181.087891, 4.862995, 7875.597168>>
SCRIPT       : [JunkYardDog] -- Adding Fuel Point to <Land_wreck_truck01_aban1_green<3bd14530>> at Pos <<4181.087891, 4.862995, 7875.597168>>
SCRIPT       : [JunkYardDog] -- Adding Salvage Point to <Land_Wreck_hb02_aban1_black<3bd0cf60>> at Pos <<4197.631348, 5.540404, 7792.269531>>
SCRIPT       : [JunkYardDog] -- Adding Fuel Point to <Land_Wreck_hb02_aban1_black<3bd0cf60>> at Pos <<4197.631348, 5.540404, 7792.269531>>
SCRIPT       : [JunkYardDog] -- Adding Salvage Point to <Land_wreck_truck01_aban1_green<3bd0f3a0>> at Pos <<4214.380859, 4.810999, 7831.188477>>
SCRIPT       : [JunkYardDog] -- Adding Fuel Point to <Land_wreck_truck01_aban1_green<3bd0f3a0>> at Pos <<4214.380859, 4.810999, 7831.188477>>
SCRIPT       : [JunkYardDog] -- Adding Salvage Point to <Land_Wreck_Tractor<3bd16970>> at Pos <<4225.777832, 5.837431, 7788.625488>>
SCRIPT       : [JunkYardDog] -- Adding Fuel Point to <Land_Wreck_Tractor<3bd16970>> at Pos <<4225.777832, 5.837431, 7788.625488>>
SCRIPT       : [JunkYardDog] -- Adding Salvage Point to <Land_wreck_truck01_aban1_green<3bd17280>> at Pos <<4245.431641, 4.730000, 7863.156250>>
SCRIPT       : [JunkYardDog] -- Adding Fuel Point to <Land_wreck_truck01_aban1_green<3bd17280>> at Pos <<4245.431641, 4.730000, 7863.156250>>
SCRIPT       : [JunkYardDog] -- Adding Salvage Point to <Land_Wreck_hb01_aban2_green<3bd20380>> at Pos <<4307.068848, 5.754632, 7881.595215>>
SCRIPT       : [JunkYardDog] -- Adding Fuel Point to <Land_Wreck_hb01_aban2_green<3bd20380>> at Pos <<4307.068848, 5.754632, 7881.595215>>
SCRIPT       : [JunkYardDog] -- Adding Salvage Point to <Land_Wreck_Volha_Blue<3bd25510>> at Pos <<4495.360840, 6.375356, 7874.011719>>
SCRIPT       : [JunkYardDog] -- Adding Fuel Point to <Land_Wreck_Volha_Blue<3bd25510>> at Pos <<4495.360840, 6.375356, 7874.011719>>
SCRIPT       : [JunkYardDog] -- Adding Salvage Point to <Static_Wreck_Ural<3fafd200>> at Pos <<4626.589355, 6.523552, 7889.500000>>
SCRIPT       : [JunkYardDog] -- Adding Fuel Point to <Static_Wreck_Ural<3fafd200>> at Pos <<4626.589355, 6.523552, 7889.500000>>
SCRIPT       : [JunkYardDog] -- Adding Salvage Point to <Static_Wreck_Ural<3fb05820>> at Pos <<4664.966797, 6.799992, 7887.483398>>
SCRIPT       : [JunkYardDog] -- Adding Fuel Point to <Static_Wreck_Ural<3fb05820>> at Pos <<4664.966797, 6.799992, 7887.483398>>
SCRIPT       : [JunkYardDog] -- Adding Salvage Point to <Land_Wreck_hb01_aban2_green<3e3351f0>> at Pos <<4428.006348, 5.911204, 7974.292480>>
SCRIPT       : [JunkYardDog] -- Adding Fuel Point to <Land_Wreck_hb01_aban2_green<3e3351f0>> at Pos <<4428.006348, 5.911204, 7974.292480>>
SCRIPT       : [JunkYardDog] -- Adding Salvage Point to <Static_Wreck_Ural<39f9a2c0>> at Pos <<4428.777832, 6.038190, 8015.644043>>
SCRIPT       : [JunkYardDog] -- Adding Fuel Point to <Static_Wreck_Ural<39f9a2c0>> at Pos <<4428.777832, 6.038190, 8015.644043>>
SCRIPT       : [JunkYardDog] -- Adding Salvage Point to <Static_Wreck_Ural<39f98010>> at Pos <<4448.712402, 7.521656, 7862.390625>>
SCRIPT       : [JunkYardDog] -- Adding Fuel Point to <Static_Wreck_Ural<39f98010>> at Pos <<4448.712402, 7.521656, 7862.390625>>
SCRIPT       : [AYSA] [AI WAR ZONES] 
SCRIPT       : [AYSA] ----- Sending cfg -----
SCRIPT       : [AYSA] ----- Pengowski -----
SCRIPT       : 13:03:14.557 [WARNING]	76561198413928129 tried sending Dumpgrah_AMS::<RPCAmmoMakingSettings> which does not seem to exist!
SCRIPT       : 13:03:14.557 [WARNING]	76561198413928129 tried sending Dumpgrah_ABS::<RPCAmmoBuildingSettings> which does not seem to exist!
SCRIPT       : 13:03:14.557 [WARNING]	76561198413928129 tried sending Dumpgrah_AS::<RPCAmmoSmelting> which does not seem to exist!
SCRIPT       : [VPPAT] Player "Pengowski" (steamId=76561198413928129) connected to server!
SCRIPT       : [PlayerListManager] AddReceiver ► added: PlayerIdentity<455d02a0>
SCRIPT    (E): NULL pointer to instance
Class:      'Utopia_HeliCrashWreckBase'
Entity id:0

Function: 'EOnInit#1493305'
Stack trace:
utopia_patrol_helicopter_scripts/L4SbwPx4/ SuWu1KU /dntQGuBG/﻿﻿/L2ekv8u6/zZczjFyV/em9tiEfZ.x zUJN  :170 Function EOnInit#1493305
utopia_patrol_helicopter_scripts/L4SbwPx4/ SuWu1KU /dntQGuBG/﻿﻿/L2ekv8u6/zZczjFyV/em9tiEfZ.x zUJN  :152 Function Utopia_HeliCrashWreckBase@2720#315
utopia_patrol_helicopter_scripts/Cl Gtygh/ w0G dXkw/Y6Zo5Cqo/﻿/UwhiaPTs/L GbjNgl/xEVpKHFd.dcFNX  r:296 Function HeliExpl
utopia_patrol_helicopter_scripts/Cl Gtygh/ w0G dXkw/Y6Zo5Cqo/﻿/UwhiaPTs/L GbjNgl/xEVpKHFd.dcFNX  r:281 Function StartFall
scripts/3_Game/dayzgame.c:2919 Function OnUpdate
JM/CF/Scripts/3_Game/communityframework\game\dayzgame.c:46 Function OnUpdate
VPPAdminTools/3_Game/vppadmintools\vanillaplusplus.c:213 Function OnUpdate
DayZExpansion/Core/Scripts/3_Game/dayzexpansion_core\dayzgame.c:268 Function OnUpdate
SCRIPT       : [TERJE CORE](INFO): Profile 'R5KkZb3Ywicboa8ntCzbBJK6WLpakj_6yA-ghmDo4lw=' saved to database.
SCRIPT       : [JunkYardDog] -- Adding Salvage Point to <Land_wreck_truck01_aban1_orange<3e351710>> at Pos <<1313.214600, 6.358607, 7552.147461>>
SCRIPT       : [JunkYardDog] -- Adding Fuel Point to <Land_wreck_truck01_aban1_orange<3e351710>> at Pos <<1313.214600, 6.358607, 7552.147461>>
SCRIPT       : [JunkYardDog] -- Adding Salvage Point to <Land_Wreck_sed02_aban2_red<3e352930>> at Pos <<1348.229736, 6.528171, 7567.506836>>
SCRIPT       : [JunkYardDog] -- Adding Fuel Point to <Land_Wreck_sed02_aban2_red<3e352930>> at Pos <<1348.229736, 6.528171, 7567.506836>>
SCRIPT       : [TERJE CORE](INFO): Profile 'R5KkZb3Ywicboa8ntCzbBJK6WLpakj_6yA-ghmDo4lw=' saved to database.
SCRIPT       : =============== WARNING ===============
SCRIPT       : [TerjeMedicine]: You are using the trial version of the 'Terje Medicine' mod.
SCRIPT       : [TerjeMedicine]: To remove this message and watermark - please buy license on terjehub.com
SCRIPT       : =======================================
SCRIPT       : =============== WARNING ===============
SCRIPT       : [TerjeSkills]: You are using the trial version of the 'Terje Skills' mod.
SCRIPT       : [TerjeSkills]: To remove this message and watermark - please buy license on terjehub.com
SCRIPT       : =======================================
SCRIPT       : [JunkYardDog] -- Adding Salvage Point to <Land_Wreck_hb02_aban2_blue<3e35c340>> at Pos <<627.911621, 15.193721, 6647.906738>>
SCRIPT       : [JunkYardDog] -- Adding Fuel Point to <Land_Wreck_hb02_aban2_blue<3e35c340>> at Pos <<627.911621, 15.193721, 6647.906738>>
SCRIPT       : [JunkYardDog] -- Adding Salvage Point to <Land_Wreck_S1023_Blue<3e354d70>> at Pos <<640.106201, 15.498935, 6635.570313>>
SCRIPT       : [JunkYardDog] -- Adding Fuel Point to <Land_Wreck_S1023_Blue<3e354d70>> at Pos <<640.106201, 15.498935, 6635.570313>>
SCRIPT       : [TERJE CORE](INFO): Profile 'R5KkZb3Ywicboa8ntCzbBJK6WLpakj_6yA-ghmDo4lw=' saved to database.
SCRIPT       : =============== WARNING ===============
SCRIPT       : [TerjeMedicine]: You are using the trial version of the 'Terje Medicine' mod.
SCRIPT       : [TerjeMedicine]: To remove this message and watermark - please buy license on terjehub.com
SCRIPT       : =======================================
SCRIPT       : =============== WARNING ===============
SCRIPT       : [TerjeSkills]: You are using the trial version of the 'Terje Skills' mod.
SCRIPT       : [TerjeSkills]: To remove this message and watermark - please buy license on terjehub.com
SCRIPT       : =======================================
SCRIPT       : [JunkYardDog] -- Adding Salvage Point to <Land_Wreck_S1023_Beige<3e3595f0>> at Pos <<1676.822388, 23.084387, 7376.766113>>
SCRIPT       : [JunkYardDog] -- Adding Fuel Point to <Land_Wreck_S1023_Beige<3e3595f0>> at Pos <<1676.822388, 23.084387, 7376.766113>>
SCRIPT       : [JunkYardDog] -- Adding Salvage Point to <Land_wreck_truck01_aban2_green<3e3568a0>> at Pos <<1665.172485, 22.076361, 7365.936523>>
SCRIPT       : [JunkYardDog] -- Adding Fuel Point to <Land_wreck_truck01_aban2_green<3e3568a0>> at Pos <<1665.172485, 22.076361, 7365.936523>>
SCRIPT       : [JunkYardDog] -- Adding Salvage Point to <Land_wreck_truck01_aban1_green<3e35f090>> at Pos <<1697.824951, 18.172224, 7472.395996>>
SCRIPT       : [JunkYardDog] -- Adding Fuel Point to <Land_wreck_truck01_aban1_green<3e35f090>> at Pos <<1697.824951, 18.172224, 7472.395996>>
SCRIPT       : [JunkYardDog] -- Adding Salvage Point to <Land_Wreck_S1023_Blue<3e35cc50>> at Pos <<1275.776489, 38.748940, 6784.554688>>
SCRIPT       : [JunkYardDog] -- Adding Fuel Point to <Land_Wreck_S1023_Blue<3e35cc50>> at Pos <<1275.776489, 38.748940, 6784.554688>>
SCRIPT       : [JunkYardDog] -- Adding Salvage Point to <Land_Wreck_sed01_aban1_wine<3be6f330>> at Pos <<1747.576782, 6.971670, 7626.167480>>
SCRIPT       : [JunkYardDog] -- Adding Fuel Point to <Land_Wreck_sed01_aban1_wine<3be6f330>> at Pos <<1747.576782, 6.971670, 7626.167480>>
SCRIPT       : [JunkYardDog] -- Adding Salvage Point to <Land_wreck_truck01_aban2_green<3be6e110>> at Pos <<2249.722412, 78.907661, 6526.518555>>
SCRIPT       : [JunkYardDog] -- Adding Fuel Point to <Land_wreck_truck01_aban2_green<3be6e110>> at Pos <<2249.722412, 78.907661, 6526.518555>>
SCRIPT       : [JunkYardDog] -- Adding Salvage Point to <Land_wreck_truck01_aban1_blue<3be6fc40>> at Pos <<1473.469727, 57.105736, 6814.421387>>
SCRIPT       : [JunkYardDog] -- Adding Fuel Point to <Land_wreck_truck01_aban1_blue<3be6fc40>> at Pos <<1473.469727, 57.105736, 6814.421387>>
SCRIPT       : [JunkYardDog] -- Adding Salvage Point to <Land_Wreck_hb01_aban2_blue<3be77b20>> at Pos <<1494.587036, 63.046970, 6893.342285>>
SCRIPT       : [JunkYardDog] -- Adding Fuel Point to <Land_Wreck_hb01_aban2_blue<3be77b20>> at Pos <<1494.587036, 63.046970, 6893.342285>>
SCRIPT       : string ammo = 'MeleeBluntHeavy_3'
SCRIPT       : [JunkYardDog] -- Adding Salvage Point to <Land_Wreck_sed01_aban2_wine<3be77210>> at Pos <<1505.679688, 62.883293, 6882.455566>>
SCRIPT       : [JunkYardDog] -- Adding Fuel Point to <Land_Wreck_sed01_aban2_wine<3be77210>> at Pos <<1505.679688, 62.883293, 6882.455566>>
SCRIPT       : [TERJE CORE](INFO): Profile 'R5KkZb3Ywicboa8ntCzbBJK6WLpakj_6yA-ghmDo4lw=' saved to database.
SCRIPT       : =============== WARNING ===============
SCRIPT       : [TerjeMedicine]: You are using the trial version of the 'Terje Medicine' mod.
SCRIPT       : [TerjeMedicine]: To remove this message and watermark - please buy license on terjehub.com
SCRIPT       : =======================================
SCRIPT       : =============== WARNING ===============
SCRIPT       : [TerjeSkills]: You are using the trial version of the 'Terje Skills' mod.
SCRIPT       : [TerjeSkills]: To remove this message and watermark - please buy license on terjehub.com
SCRIPT       : =======================================
SCRIPT       : string ammo = 'MeleeBluntHeavy_3'
SCRIPT       : string ammo = 'FallDamageShock'
SCRIPT       : [JunkYardDog] -- Adding Salvage Point to <Land_Wreck_S1023_Blue<3be80310>> at Pos <<2235.180420, 80.512070, 6510.418945>>
SCRIPT       : [JunkYardDog] -- Adding Fuel Point to <Land_Wreck_S1023_Blue<3be80310>> at Pos <<2235.180420, 80.512070, 6510.418945>>
SCRIPT       : string ammo = 'MeleeBluntHeavy_3'
SCRIPT       : string ammo = 'MeleeBluntHeavy_3'
SCRIPT       : [JunkYardDog] -- Adding Salvage Point to <Land_Wreck_sed01_aban1_wine<3be78d40>> at Pos <<2150.804199, 74.059395, 6882.223633>>
SCRIPT       : [JunkYardDog] -- Adding Fuel Point to <Land_Wreck_sed01_aban1_wine<3be78d40>> at Pos <<2150.804199, 74.059395, 6882.223633>>
SCRIPT       : [TERJE CORE](INFO): Profile 'R5KkZb3Ywicboa8ntCzbBJK6WLpakj_6yA-ghmDo4lw=' saved to database.
SCRIPT       : =============== WARNING ===============
SCRIPT       : [TerjeMedicine]: You are using the trial version of the 'Terje Medicine' mod.
SCRIPT       : [TerjeMedicine]: To remove this message and watermark - please buy license on terjehub.com
SCRIPT       : =======================================
SCRIPT       : =============== WARNING ===============
SCRIPT       : [TerjeSkills]: You are using the trial version of the 'Terje Skills' mod.
SCRIPT       : [TerjeSkills]: To remove this message and watermark - please buy license on terjehub.com
SCRIPT       : =======================================
SCRIPT       : [JunkYardDog] -- Adding Salvage Point to <Land_Wreck_V3S<3be80c20>> at Pos <<1492.977295, 59.573689, 5620.003906>>
SCRIPT       : [JunkYardDog] -- Adding Fuel Point to <Land_Wreck_V3S<3be80c20>> at Pos <<1492.977295, 59.573689, 5620.003906>>
SCRIPT       : [JunkYardDog] -- Adding Salvage Point to <Land_Wreck_S1023_Blue<3be7e7e0>> at Pos <<1545.703979, 59.405029, 5623.566895>>
SCRIPT       : [JunkYardDog] -- Adding Fuel Point to <Land_Wreck_S1023_Blue<3be7e7e0>> at Pos <<1545.703979, 59.405029, 5623.566895>>
SCRIPT       : [JunkYardDog] -- Adding Salvage Point to <Land_Wreck_S1023_Beige<3be7f0f0>> at Pos <<1448.899780, 58.967144, 5597.666016>>
SCRIPT       : [JunkYardDog] -- Adding Fuel Point to <Land_Wreck_S1023_Beige<3be7f0f0>> at Pos <<1448.899780, 58.967144, 5597.666016>>
SCRIPT       : [JunkYardDog] -- Adding Salvage Point to <Land_wreck_truck01_aban2_blue<3be878e0>> at Pos <<1470.136475, 57.963291, 5621.325684>>
SCRIPT       : [JunkYardDog] -- Adding Fuel Point to <Land_wreck_truck01_aban2_blue<3be878e0>> at Pos <<1470.136475, 57.963291, 5621.325684>>
SCRIPT       : [JunkYardDog] -- Adding Salvage Point to <Land_wreck_truck01_aban1_green<3be85db0>> at Pos <<1442.592896, 57.980042, 5628.496582>>
SCRIPT       : [JunkYardDog] -- Adding Fuel Point to <Land_wreck_truck01_aban1_green<3be85db0>> at Pos <<1442.592896, 57.980042, 5628.496582>>
SCRIPT       : string ammo = 'MeleeBluntLight_3'
SCRIPT       : string ammo = 'MeleeBluntLight_3'
SCRIPT       : string ammo = 'MeleeBluntLight_3'
SCRIPT       : string ammo = 'MeleeBluntLight_3'
SCRIPT       : string ammo = 'MeleeBluntLight_3'
SCRIPT       : string ammo = 'MeleeBluntLight_3'
SCRIPT       : string ammo = 'MeleeBluntLight_3'
SCRIPT       : string ammo = 'MeleeBluntLight_3'
SCRIPT       : string ammo = 'MeleeBluntLight_3'
SCRIPT       : string ammo = 'MeleeBluntLight_3'
SCRIPT       : string ammo = 'MeleeBluntLight_3'
SCRIPT       : string ammo = 'MeleeBluntLight_3'
SCRIPT       : string ammo = 'FallDamageHealth'
SCRIPT       : [JunkYardDog] -- Adding Salvage Point to <Land_Wreck_hb02_aban1_black<3be500c0>> at Pos <<2136.694580, 74.359146, 6878.908203>>
SCRIPT       : [JunkYardDog] -- Adding Fuel Point to <Land_Wreck_hb02_aban1_black<3be500c0>> at Pos <<2136.694580, 74.359146, 6878.908203>>
SCRIPT       : [JunkYardDog] -- Adding Salvage Point to <Land_Wreck_S1023_Beige<3be4c150>> at Pos <<2168.652100, 74.380127, 6862.967773>>
SCRIPT       : [JunkYardDog] -- Adding Fuel Point to <Land_Wreck_S1023_Beige<3be4c150>> at Pos <<2168.652100, 74.380127, 6862.967773>>
SCRIPT       : [JunkYardDog] -- Adding Salvage Point to <Land_Wreck_hb02_aban1_black<3be4b840>> at Pos <<2538.637939, 44.699844, 5876.207520>>
SCRIPT       : [JunkYardDog] -- Adding Fuel Point to <Land_Wreck_hb02_aban1_black<3be4b840>> at Pos <<2538.637939, 44.699844, 5876.207520>>
SCRIPT       : [TERJE CORE](INFO): Profile 'R5KkZb3Ywicboa8ntCzbBJK6WLpakj_6yA-ghmDo4lw=' saved to database.
SCRIPT       : string ammo = 'MeleeBluntLight_3'
SCRIPT       : string ammo = 'MeleeBluntLight_3'
SCRIPT       : string ammo = 'MeleeBluntLight_3'
SCRIPT       : string ammo = 'MeleeBluntLight_3'
SCRIPT       : string ammo = 'MeleeBluntLight_3'
SCRIPT       : =============== WARNING ===============
SCRIPT       : [TerjeMedicine]: You are using the trial version of the 'Terje Medicine' mod.
SCRIPT       : [TerjeMedicine]: To remove this message and watermark - please buy license on terjehub.com
SCRIPT       : =======================================
SCRIPT       : string ammo = 'MeleeBluntLight_3'
SCRIPT       : string ammo = 'MeleeBluntLight_3'
SCRIPT       : string ammo = 'MeleeBluntLight_3'
SCRIPT       : string ammo = 'MeleeBluntLight_3'
SCRIPT       : string ammo = 'MeleeBluntLight_3'
SCRIPT       : =============== WARNING ===============
SCRIPT       : [TerjeSkills]: You are using the trial version of the 'Terje Skills' mod.
SCRIPT       : [TerjeSkills]: To remove this message and watermark - please buy license on terjehub.com
SCRIPT       : =======================================
SCRIPT       : string ammo = 'MeleeBluntLight_3'
SCRIPT       : string ammo = 'MeleeBluntLight_3'
SCRIPT       : string ammo = 'MeleeBluntLight_3'
SCRIPT       : string ammo = 'MeleeBluntLight_3'
SCRIPT       : string ammo = 'MeleeBluntLight_3'
SCRIPT       : string ammo = 'MeleeBluntLight_3'
SCRIPT       : string ammo = 'MeleeBluntLight_3'
SCRIPT       : string ammo = 'MeleeBluntHeavy_3'
SCRIPT       : string ammo = 'MeleeBluntHeavy_3'
SCRIPT       : string ammo = 'MeleeBluntHeavy_3'
SCRIPT       : [TERJE CORE](INFO): Profile 'R5KkZb3Ywicboa8ntCzbBJK6WLpakj_6yA-ghmDo4lw=' saved to database.
SCRIPT       : =============== WARNING ===============
SCRIPT       : [TerjeMedicine]: You are using the trial version of the 'Terje Medicine' mod.
SCRIPT       : [TerjeMedicine]: To remove this message and watermark - please buy license on terjehub.com
SCRIPT       : =======================================
SCRIPT       : =============== WARNING ===============
SCRIPT       : [TerjeSkills]: You are using the trial version of the 'Terje Skills' mod.
SCRIPT       : [TerjeSkills]: To remove this message and watermark - please buy license on terjehub.com
SCRIPT       : =======================================
SCRIPT       : [JunkYardDog] -- Adding Salvage Point to <Land_wreck_truck01_aban1_orange<3be610a0>> at Pos <<5919.111328, 55.759144, 4812.186035>>
SCRIPT       : [JunkYardDog] -- Adding Fuel Point to <Land_wreck_truck01_aban1_orange<3be610a0>> at Pos <<5919.111328, 55.759144, 4812.186035>>
SCRIPT       : [JunkYardDog] -- Adding Salvage Point to <Static_Wreck_HMMWV<39c1b360>> at Pos <<6307.930664, 52.759319, 3977.478027>>
SCRIPT       : [JunkYardDog] -- Adding Fuel Point to <Static_Wreck_HMMWV<39c1b360>> at Pos <<6307.930664, 52.759319, 3977.478027>>
SCRIPT       : [JunkYardDog] -- Adding Salvage Point to <Land_Wreck_sed01_aban1_white<3be68f80>> at Pos <<2734.985352, 45.115471, 6027.040527>>
SCRIPT       : [JunkYardDog] -- Adding Fuel Point to <Land_Wreck_sed01_aban1_white<3be68f80>> at Pos <<2734.985352, 45.115471, 6027.040527>>
SCRIPT       : [JunkYardDog] -- Adding Salvage Point to <Land_Wreck_sed02_aban2_red<3be6bcd0>> at Pos <<4047.049072, 14.208237, 6760.623047>>
SCRIPT       : [JunkYardDog] -- Adding Fuel Point to <Land_Wreck_sed02_aban2_red<3be6bcd0>> at Pos <<4047.049072, 14.208237, 6760.623047>>
SCRIPT       : [JunkYardDog] -- Adding Salvage Point to <Land_Wreck_sed01_aban2_white<3a500b0>> at Pos <<4126.379395, 15.640750, 6737.361328>>
SCRIPT       : [JunkYardDog] -- Adding Fuel Point to <Land_Wreck_sed01_aban2_white<3a500b0>> at Pos <<4126.379395, 15.640750, 6737.361328>>
SCRIPT       : [JunkYardDog] -- Adding Salvage Point to <Static_Wreck_HMMWV<37fbfeb0>> at Pos <<6141.581055, 9.056951, 2713.898438>>
SCRIPT       : [JunkYardDog] -- Adding Fuel Point to <Static_Wreck_HMMWV<37fbfeb0>> at Pos <<6141.581055, 9.056951, 2713.898438>>
SCRIPT       : [TERJE CORE](INFO): Profile 'R5KkZb3Ywicboa8ntCzbBJK6WLpakj_6yA-ghmDo4lw=' saved to database.
SCRIPT       : [JunkYardDog] -- Adding Salvage Point to <Static_Wreck_Digger<37ecb520>> at Pos <<2088.721924, 11.500252, 700.883850>>
SCRIPT       : [JunkYardDog] -- Adding Fuel Point to <Static_Wreck_Digger<37ecb520>> at Pos <<2088.721924, 11.500252, 700.883850>>
SCRIPT       : =============== WARNING ===============
SCRIPT       : [TerjeMedicine]: You are using the trial version of the 'Terje Medicine' mod.
SCRIPT       : [TerjeMedicine]: To remove this message and watermark - please buy license on terjehub.com
SCRIPT       : =======================================
SCRIPT       : [JunkYardDog] -- Adding Salvage Point to <Static_Wreck_Digger<3d36a3a0>> at Pos <<2116.485352, 11.402336, 806.627319>>
SCRIPT       : [JunkYardDog] -- Adding Fuel Point to <Static_Wreck_Digger<3d36a3a0>> at Pos <<2116.485352, 11.402336, 806.627319>>
SCRIPT       : [JunkYardDog] -- Adding Salvage Point to <Land_Wreck_hb01_aban2_green<3a683e10>> at Pos <<2609.157471, 45.210857, 5972.065918>>
SCRIPT       : [JunkYardDog] -- Adding Fuel Point to <Land_Wreck_hb01_aban2_green<3a683e10>> at Pos <<2609.157471, 45.210857, 5972.065918>>
SCRIPT       : [JunkYardDog] -- Adding Salvage Point to <Land_Wreck_sed01_aban2_wine<3a685940>> at Pos <<2613.298340, 45.163254, 6050.470215>>
SCRIPT       : [JunkYardDog] -- Adding Fuel Point to <Land_Wreck_sed01_aban2_wine<3a685940>> at Pos <<2613.298340, 45.163254, 6050.470215>>
SCRIPT       : =============== WARNING ===============
SCRIPT       : [TerjeSkills]: You are using the trial version of the 'Terje Skills' mod.
SCRIPT       : [TerjeSkills]: To remove this message and watermark - please buy license on terjehub.com
SCRIPT       : =======================================
SCRIPT       : [Permissions Manager] Admin (Pengowski) (76561198413928129) Successfully Logged in!
SCRIPT       : [JunkYardDog] -- Adding Salvage Point to <Land_Wreck_S1023_Beige<3a68aad0>> at Pos <<4149.750000, 19.289003, 4715.800781>>
SCRIPT       : [JunkYardDog] -- Adding Fuel Point to <Land_Wreck_S1023_Beige<3a68aad0>> at Pos <<4149.750000, 19.289003, 4715.800781>>
SCRIPT       : [JunkYardDog] -- Adding Salvage Point to <Land_wreck_truck01_aban2_green<3a68b3e0>> at Pos <<1983.561523, 26.352739, 5438.261719>>
SCRIPT       : [JunkYardDog] -- Adding Fuel Point to <Land_wreck_truck01_aban2_green<3a68b3e0>> at Pos <<1983.561523, 26.352739, 5438.261719>>
SCRIPT       : ExpansionActionOpenTraderMenu::OnStartServer - Start
SCRIPT       : [JunkYardDog] -- Adding Salvage Point to <Static_Wreck_HMMWV<3a973020>> at Pos <<6411.576172, 27.037102, 2281.418945>>
SCRIPT       : [JunkYardDog] -- Adding Fuel Point to <Static_Wreck_HMMWV<3a973020>> at Pos <<6411.576172, 27.037102, 2281.418945>>
SCRIPT       : [JunkYardDog] -- Adding Salvage Point to <Land_Wreck_Volha_Blue<3a68fc60>> at Pos <<6408.588867, 26.862642, 2287.226807>>
SCRIPT       : [JunkYardDog] -- Adding Fuel Point to <Land_Wreck_Volha_Blue<3a68fc60>> at Pos <<6408.588867, 26.862642, 2287.226807>>
SCRIPT       : ExpansionActionOpenTraderMenu::OnStartServer - Start
SCRIPT       : =============== WARNING ===============
SCRIPT       : [TerjeMedicine]: You are using the trial version of the 'Terje Medicine' mod.
SCRIPT       : [TerjeMedicine]: To remove this message and watermark - please buy license on terjehub.com
SCRIPT       : =======================================
SCRIPT       : =============== WARNING ===============
SCRIPT       : [TerjeSkills]: You are using the trial version of the 'Terje Skills' mod.
SCRIPT       : [TerjeSkills]: To remove this message and watermark - please buy license on terjehub.com
SCRIPT       : =======================================
SCRIPT       : [JunkYardDog] -- Adding Salvage Point to <Land_wreck_truck01_aban1_green<3a69ccd0>> at Pos <<2217.305908, 15.570000, 661.672302>>
SCRIPT       : [JunkYardDog] -- Adding Fuel Point to <Land_wreck_truck01_aban1_green<3a69ccd0>> at Pos <<2217.305908, 15.570000, 661.672302>>
SCRIPT       : [JunkYardDog] -- Adding Salvage Point to <Land_wreck_truck01_aban1_green<3a6a1550>> at Pos <<2218.775146, 15.570000, 649.664917>>
SCRIPT       : [JunkYardDog] -- Adding Fuel Point to <Land_wreck_truck01_aban1_green<3a6a1550>> at Pos <<2218.775146, 15.570000, 649.664917>>
SCRIPT       : [JunkYardDog] -- Adding Salvage Point to <Land_Wreck_V3S<3a6a0330>> at Pos <<1821.706421, 47.743942, 1805.569214>>
SCRIPT       : [JunkYardDog] -- Adding Fuel Point to <Land_Wreck_V3S<3a6a0330>> at Pos <<1821.706421, 47.743942, 1805.569214>>
SCRIPT       : [JunkYardDog] -- Adding Salvage Point to <Land_Wreck_S1023_Blue<39761b20>> at Pos <<4808.064941, 7.218830, 2253.822998>>
SCRIPT       : [JunkYardDog] -- Adding Fuel Point to <Land_Wreck_S1023_Blue<39761b20>> at Pos <<4808.064941, 7.218830, 2253.822998>>
SCRIPT       : [JunkYardDog] -- Adding Salvage Point to <Land_Wreck_S1023_Beige<3975edd0>> at Pos <<4818.394531, 7.304060, 2244.533203>>
SCRIPT       : [JunkYardDog] -- Adding Fuel Point to <Land_Wreck_S1023_Beige<3975edd0>> at Pos <<4818.394531, 7.304060, 2244.533203>>
SCRIPT       : [JunkYardDog] -- Adding Salvage Point to <Land_Wreck_S1023_Beige<397687e0>> at Pos <<2697.089355, 40.161888, 832.960876>>
SCRIPT       : [JunkYardDog] -- Adding Fuel Point to <Land_Wreck_S1023_Beige<397687e0>> at Pos <<2697.089355, 40.161888, 832.960876>>
SCRIPT       : =============== WARNING ===============
SCRIPT       : [TerjeMedicine]: You are using the trial version of the 'Terje Medicine' mod.
SCRIPT       : [TerjeMedicine]: To remove this message and watermark - please buy license on terjehub.com
SCRIPT       : =======================================
SCRIPT       : =============== WARNING ===============
SCRIPT       : [TerjeSkills]: You are using the trial version of the 'Terje Skills' mod.
SCRIPT       : [TerjeSkills]: To remove this message and watermark - please buy license on terjehub.com
SCRIPT       : =======================================
SCRIPT       : =============== WARNING ===============
SCRIPT       : [TerjeMedicine]: You are using the trial version of the 'Terje Medicine' mod.
SCRIPT       : [TerjeMedicine]: To remove this message and watermark - please buy license on terjehub.com
SCRIPT       : =======================================
SCRIPT       : =============== WARNING ===============
SCRIPT       : [TerjeSkills]: You are using the trial version of the 'Terje Skills' mod.
SCRIPT       : [TerjeSkills]: To remove this message and watermark - please buy license on terjehub.com
SCRIPT       : =======================================
SCRIPT       : string ammo = 'FallDamageShock'
SCRIPT       : [JunkYardDog] -- Adding Salvage Point to <Land_Wreck_Uaz<397706c0>> at Pos <<6919.360840, 15.229533, 6113.674316>>
SCRIPT       : [JunkYardDog] -- Adding Fuel Point to <Land_Wreck_Uaz<397706c0>> at Pos <<6919.360840, 15.229533, 6113.674316>>
SCRIPT       : [JunkYardDog] -- Adding Salvage Point to <Land_Wreck_Uaz<3976eb90>> at Pos <<6926.835449, 15.217816, 6103.554688>>
SCRIPT       : [JunkYardDog] -- Adding Fuel Point to <Land_Wreck_Uaz<3976eb90>> at Pos <<6926.835449, 15.217816, 6103.554688>>
SCRIPT       : [JunkYardDog] -- Adding Salvage Point to <Land_Wreck_V3S<397721f0>> at Pos <<6925.099121, 15.979323, 6088.505371>>
SCRIPT       : [JunkYardDog] -- Adding Fuel Point to <Land_Wreck_V3S<397721f0>> at Pos <<6925.099121, 15.979323, 6088.505371>>
SCRIPT       : [JunkYardDog] -- Adding Salvage Point to <Static_Wreck_HMMWV<3814a0f0>> at Pos <<6855.371582, 15.310043, 7057.766602>>
SCRIPT       : [JunkYardDog] -- Adding Fuel Point to <Static_Wreck_HMMWV<3814a0f0>> at Pos <<6855.371582, 15.310043, 7057.766602>>
SCRIPT       : [JunkYardDog] -- Adding Salvage Point to <Static_Wreck_HMMWV<38147bf0>> at Pos <<6850.408691, 15.333817, 7043.559082>>
SCRIPT       : [JunkYardDog] -- Adding Fuel Point to <Static_Wreck_HMMWV<38147bf0>> at Pos <<6850.408691, 15.333817, 7043.559082>>
SCRIPT       : [JunkYardDog] -- Adding Salvage Point to <Static_Wreck_HMMWV<381534f0>> at Pos <<6877.213379, 15.336511, 7088.256348>>
SCRIPT       : [JunkYardDog] -- Adding Fuel Point to <Static_Wreck_HMMWV<381534f0>> at Pos <<6877.213379, 15.336511, 7088.256348>>
SCRIPT       : [JunkYardDog] -- Adding Salvage Point to <Static_Wreck_HMMWV<38150b50>> at Pos <<6877.502930, 15.336511, 7097.580566>>
SCRIPT       : [JunkYardDog] -- Adding Fuel Point to <Static_Wreck_HMMWV<38150b50>> at Pos <<6877.502930, 15.336511, 7097.580566>>
SCRIPT       : [JunkYardDog] -- Adding Salvage Point to <Static_Wreck_HMMWV<38151b80>> at Pos <<6861.933594, 15.340574, 7080.459473>>
SCRIPT       : [JunkYardDog] -- Adding Fuel Point to <Static_Wreck_HMMWV<38151b80>> at Pos <<6861.933594, 15.340574, 7080.459473>>
SCRIPT       : [JunkYardDog] -- Adding Salvage Point to <Static_Wreck_HMMWV<38176930>> at Pos <<6922.803223, 15.308257, 7132.579590>>
SCRIPT       : [JunkYardDog] -- Adding Fuel Point to <Static_Wreck_HMMWV<38176930>> at Pos <<6922.803223, 15.308257, 7132.579590>>
SCRIPT       : [JunkYardDog] -- Adding Salvage Point to <Static_Wreck_HMMWV<381774c0>> at Pos <<6914.969238, 15.308255, 7132.885742>>
SCRIPT       : [JunkYardDog] -- Adding Fuel Point to <Static_Wreck_HMMWV<381774c0>> at Pos <<6914.969238, 15.308255, 7132.885742>>
SCRIPT       : string ammo = 'FallDamageHealth'
SCRIPT       : string ammo = 'Bullet_762x54Tracer'
SCRIPT       : string ammo = 'Bullet_762x54Tracer'
SCRIPT       : string ammoType = 'Bullet_762x54Tracer'
SCRIPT       : string ammo = 'Bullet_762x54Tracer'
SCRIPT       : string ammo = 'Bullet_762x54Tracer'
SCRIPT       : string ammo = 'Bullet_762x54Tracer'
SCRIPT       : string ammo = 'Bullet_762x54Tracer'
SCRIPT       : string ammo = 'Bullet_762x54Tracer'
SCRIPT       : string ammo = 'Bullet_762x54Tracer'
SCRIPT       : string ammo = 'Bullet_762x54Tracer'
SCRIPT       : [JunkYardDog] -- Adding Salvage Point to <Land_Wreck_sed02_aban1_grey<397428b0>> at Pos <<6078.857422, 56.621117, 4659.589844>>
SCRIPT       : [JunkYardDog] -- Adding Fuel Point to <Land_Wreck_sed02_aban1_grey<397428b0>> at Pos <<6078.857422, 56.621117, 4659.589844>>
SCRIPT       : [JunkYardDog] -- Adding Salvage Point to <Land_Wreck_V3S<39741690>> at Pos <<6070.980957, 57.362949, 4666.796875>>
SCRIPT       : [JunkYardDog] -- Adding Fuel Point to <Land_Wreck_V3S<39741690>> at Pos <<6070.980957, 57.362949, 4666.796875>>
SCRIPT       : [JunkYardDog] -- Adding Salvage Point to <Land_Wreck_hb02_aban1_red<456926a0>> at Pos <<6120.301270, 56.773071, 4601.805664>>
SCRIPT       : [JunkYardDog] -- Adding Fuel Point to <Land_Wreck_hb02_aban1_red<456926a0>> at Pos <<6120.301270, 56.773071, 4601.805664>>
SCRIPT       : [JunkYardDog] -- Adding Salvage Point to <Static_Wreck_Ural<456b43d0>> at Pos <<6137.636230, 56.947521, 4602.223145>>
SCRIPT       : [JunkYardDog] -- Adding Fuel Point to <Static_Wreck_Ural<456b43d0>> at Pos <<6137.636230, 56.947521, 4602.223145>>
SCRIPT       : [JunkYardDog] -- Adding Salvage Point to <Land_Wreck_hb02_aban1_red<456a1240>> at Pos <<6099.882324, 56.519821, 4632.969238>>
SCRIPT       : [JunkYardDog] -- Adding Fuel Point to <Land_Wreck_hb02_aban1_red<456a1240>> at Pos <<6099.882324, 56.519821, 4632.969238>>
SCRIPT       : [JunkYardDog] -- Adding Salvage Point to <Land_Wreck_hb02_aban2_blue<456a51b0>> at Pos <<6109.472656, 56.697895, 4610.290527>>
SCRIPT       : [JunkYardDog] -- Adding Fuel Point to <Land_Wreck_hb02_aban2_blue<456a51b0>> at Pos <<6109.472656, 56.697895, 4610.290527>>
SCRIPT       : [JunkYardDog] -- Adding Salvage Point to <Land_Wreck_hb02_aban2_black<456a2d70>> at Pos <<6112.343262, 56.735878, 4614.326660>>
SCRIPT       : [JunkYardDog] -- Adding Fuel Point to <Land_Wreck_hb02_aban2_black<456a2d70>> at Pos <<6112.343262, 56.735878, 4614.326660>>
SCRIPT       : [JunkYardDog] -- Adding Salvage Point to <Land_Wreck_Lada_Red<4567f280>> at Pos <<6329.636230, 56.391048, 4301.193359>>
SCRIPT       : [JunkYardDog] -- Adding Fuel Point to <Land_Wreck_Lada_Red<4567f280>> at Pos <<6329.636230, 56.391048, 4301.193359>>
SCRIPT       : [JunkYardDog] -- Adding Salvage Point to <Static_Wreck_HMMWV<2f781440>> at Pos <<6327.420898, 56.667019, 4297.781738>>
SCRIPT       : [JunkYardDog] -- Adding Fuel Point to <Static_Wreck_HMMWV<2f781440>> at Pos <<6327.420898, 56.667019, 4297.781738>>
SCRIPT       : =============== WARNING ===============
SCRIPT       : [TerjeMedicine]: You are using the trial version of the 'Terje Medicine' mod.
SCRIPT       : [TerjeMedicine]: To remove this message and watermark - please buy license on terjehub.com
SCRIPT       : =======================================
SCRIPT       : [VPPAdminTools] Found Items: [15109]
SCRIPT       : [VPPAdminTools] Found Items: [15109]
SCRIPT       : [VPPAdminTools] Found Items: [15116]
SCRIPT       : [VPPAdminTools] Found Items: [15117]
SCRIPT       : [VPPAdminTools] Found Items: [15115]
SCRIPT       : [VPPAdminTools] Found Items: [15115]
SCRIPT       : =============== WARNING ===============
SCRIPT       : [TerjeSkills]: You are using the trial version of the 'Terje Skills' mod.
SCRIPT       : [TerjeSkills]: To remove this message and watermark - please buy license on terjehub.com
SCRIPT       : =======================================
SCRIPT       : [VPPAdminTools] Found Items: [15115]
SCRIPT       : [VPPAdminTools] Found Items: [15122]
SCRIPT       : [VPPAdminTools] Found Items: [15122]
SCRIPT       : [VPPAdminTools] Found Items: [15112]
SCRIPT       : [VPPAdminTools] Found Items: [15112]
SCRIPT       : [VPPAdminTools] Found Items: [15112]
SCRIPT       : [VPPAdminTools] Found Items: [15115]
SCRIPT       : [VPPAdminTools] Found Items: [15115]
SCRIPT       : [VPPAdminTools] Found Items: [15112]
SCRIPT       : [VPPAdminTools] Found Items: [15112]
SCRIPT       : [VPPAdminTools] Found Items: [15112]
SCRIPT       : string ammo = 'Bullet_762x54Tracer'
SCRIPT       : string ammoType = 'Bullet_762x54Tracer'
SCRIPT       : string ammo = 'Bullet_762x54Tracer'
SCRIPT       : [VPPAdminTools] Found Items: [15117]
SCRIPT       : string ammoType = 'Bullet_762x54Tracer'
SCRIPT       : string ammo = 'Bullet_762x54Tracer'
SCRIPT       : [VPPAdminTools] Found Items: [15119]
SCRIPT       : [VPPAdminTools] Found Items: [15106]
SCRIPT       : string ammo = 'FallDamageShock'
SCRIPT       : string ammo = 'Bullet_762x54Tracer'
SCRIPT       : [VPPAdminTools] Found Items: [15106]
SCRIPT       : [VPPAdminTools] Found Items: [15106]
SCRIPT       : string ammoType = 'Bullet_762x54Tracer'
SCRIPT       : string ammo = 'Bullet_762x54Tracer'
SCRIPT       : [VPPAdminTools] Found Items: [15111]
SCRIPT       : string ammo = 'Bullet_762x54Tracer'
SCRIPT       : string ammo = 'Bullet_762x54Tracer'
SCRIPT       : string ammo = 'Bullet_762x54Tracer'
SCRIPT       : string ammo = 'Bullet_762x54Tracer'
SCRIPT       : string ammo = 'MeleeSoldierInfected'
SCRIPT       : string ammo = 'Bullet_762x54Tracer'
SCRIPT       : string ammo = 'MeleeSoldierInfected'
SCRIPT       : [wpnfsm] ValidateAndRepair Attempting to repair: Mosin9130:21484 (owner eAI_SurvivorF_Naomi<3ce30030>) - ChamberFiredRepair - BARIMLoadedCharged<374e4c40> - state: 0 != weapon: 1
Class:      'WeaponFSM'

Function: 'ValidateAndRepairHelper'
Stack trace:
DayZExpansion/Core/Scripts/4_World/dayzexpansion_core\entities\firearms\weaponfsm.c:30
SCRIPT       : [wpnfsm] ValidateAndRepair Attempting to repair: Mosin9130:21484 (owner eAI_SurvivorF_Naomi<3ce30030>) - ChamberFiredRepair - BARIMLoadedCharged<374e4c40> - state: 0 != weapon: 1
Class:      'WeaponFSM'

Function: 'ValidateAndRepairHelper'
Stack trace:
DayZExpansion/Core/Scripts/4_World/dayzexpansion_core\entities\firearms\weaponfsm.c:30
SCRIPT       : [wpnfsm] ValidateAndRepair Attempting to repair: Mosin9130:21484 (owner eAI_SurvivorF_Naomi<3ce30030>) - ChamberFiredRepair - BARIMLoadedCharged<374e4c40> - state: 0 != weapon: 1
Class:      'WeaponFSM'

Function: 'ValidateAndRepairHelper'
Stack trace:
DayZExpansion/Core/Scripts/4_World/dayzexpansion_core\entities\firearms\weaponfsm.c:30
SCRIPT       : [wpnfsm] ValidateAndRepair Attempting to repair: Mosin9130:21484 (owner eAI_SurvivorF_Naomi<3ce30030>) - ChamberFiredRepair - BARIMLoadedCharged<374e4c40> - state: 0 != weapon: 1
Class:      'WeaponFSM'

Function: 'ValidateAndRepairHelper'
Stack trace:
DayZExpansion/Core/Scripts/4_World/dayzexpansion_core\entities\firearms\weaponfsm.c:30
SCRIPT       : string ammo = 'MeleeSoldierInfectedLong'
SCRIPT       : string ammo = 'FirearmHit_Rifle'
SCRIPT       : string ammo = 'MeleeSoldierInfected'
SCRIPT       : string ammo = 'FirearmHit_Rifle'
SCRIPT       : [JunkYardDog] -- Adding Salvage Point to <Static_Wreck_HMMWV<2f5e60e0>> at Pos <<6832.841309, 15.317952, 6725.459961>>
SCRIPT       : [JunkYardDog] -- Adding Fuel Point to <Static_Wreck_HMMWV<2f5e60e0>> at Pos <<6832.841309, 15.317952, 6725.459961>>
SCRIPT       : [JunkYardDog] -- Adding Salvage Point to <Static_Wreck_HMMWV<4594e020>> at Pos <<6793.648438, 15.340654, 6884.704590>>
SCRIPT       : [JunkYardDog] -- Adding Fuel Point to <Static_Wreck_HMMWV<4594e020>> at Pos <<6793.648438, 15.340654, 6884.704590>>
SCRIPT       : [JunkYardDog] -- Adding Salvage Point to <Static_Wreck_HMMWV<4594ebb0>> at Pos <<6799.466797, 15.340654, 6895.937012>>
SCRIPT       : [JunkYardDog] -- Adding Fuel Point to <Static_Wreck_HMMWV<4594ebb0>> at Pos <<6799.466797, 15.340654, 6895.937012>>
SCRIPT       : [JunkYardDog] -- Adding Salvage Point to <Static_Wreck_HMMWV<45950080>> at Pos <<6807.358398, 15.303699, 6907.329590>>
SCRIPT       : [JunkYardDog] -- Adding Fuel Point to <Static_Wreck_HMMWV<45950080>> at Pos <<6807.358398, 15.303699, 6907.329590>>
SCRIPT       : [JunkYardDog] -- Adding Salvage Point to <Static_Wreck_HMMWV<459605d0>> at Pos <<6792.903320, 15.341508, 6778.647949>>
SCRIPT       : [JunkYardDog] -- Adding Fuel Point to <Static_Wreck_HMMWV<459605d0>> at Pos <<6792.903320, 15.341508, 6778.647949>>
SCRIPT       : [JunkYardDog] -- Adding Salvage Point to <Static_Wreck_HMMWV<45962d20>> at Pos <<6807.795410, 15.314057, 6772.062988>>
SCRIPT       : [JunkYardDog] -- Adding Fuel Point to <Static_Wreck_HMMWV<45962d20>> at Pos <<6807.795410, 15.314057, 6772.062988>>
SCRIPT       : [JunkYardDog] -- Adding Salvage Point to <Static_Wreck_HMMWV<45960a70>> at Pos <<6813.540527, 15.327584, 6807.437012>>
SCRIPT       : [JunkYardDog] -- Adding Fuel Point to <Static_Wreck_HMMWV<45960a70>> at Pos <<6813.540527, 15.327584, 6807.437012>>
SCRIPT       : [JunkYardDog] -- Adding Salvage Point to <Static_Wreck_HMMWV<45964fd0>> at Pos <<6789.530762, 15.305239, 6876.283203>>
SCRIPT       : [JunkYardDog] -- Adding Fuel Point to <Static_Wreck_HMMWV<45964fd0>> at Pos <<6789.530762, 15.305239, 6876.283203>>
SCRIPT       : [JunkYardDog] -- Adding Salvage Point to <Static_Wreck_HMMWV<4598e5d0>> at Pos <<6781.927734, 15.311429, 6809.236816>>
SCRIPT       : [JunkYardDog] -- Adding Fuel Point to <Static_Wreck_HMMWV<4598e5d0>> at Pos <<6781.927734, 15.311429, 6809.236816>>
SCRIPT       : [JunkYardDog] -- Adding Salvage Point to <Static_Wreck_HMMWV<45993910>> at Pos <<6846.062500, 15.333985, 6814.475586>>
SCRIPT       : [JunkYardDog] -- Adding Fuel Point to <Static_Wreck_HMMWV<45993910>> at Pos <<6846.062500, 15.333985, 6814.475586>>
SCRIPT       : [JunkYardDog] -- Adding Salvage Point to <Static_Wreck_HMMWV<45998310>> at Pos <<6711.772949, 15.329409, 6829.133789>>
SCRIPT       : [JunkYardDog] -- Adding Fuel Point to <Static_Wreck_HMMWV<45998310>> at Pos <<6711.772949, 15.329409, 6829.133789>>
SCRIPT       : [JunkYardDog] -- Adding Salvage Point to <Static_Wreck_HMMWV<459a14c0>> at Pos <<6711.986328, 15.290487, 6821.492188>>
SCRIPT       : [JunkYardDog] -- Adding Fuel Point to <Static_Wreck_HMMWV<459a14c0>> at Pos <<6711.986328, 15.290487, 6821.492188>>
SCRIPT       : string ammo = 'MeleeFist_Heavy'
SCRIPT       : string ammo = 'MeleeFist_Heavy'
SCRIPT       : string ammoType = 'Bullet_762x54Tracer'
SCRIPT       : string ammo = 'Bullet_762x54Tracer'
SCRIPT       : string ammo = 'MeleeSoldierInfected'
SCRIPT       : string ammo = 'MeleeSoldierInfected'
SCRIPT       : string ammo = 'MeleeSoldierInfectedLong'
SCRIPT       : string ammo = 'MeleeSoldierInfected'
SCRIPT       : =============== WARNING ===============
SCRIPT       : [TerjeMedicine]: You are using the trial version of the 'Terje Medicine' mod.
SCRIPT       : [TerjeMedicine]: To remove this message and watermark - please buy license on terjehub.com
SCRIPT       : =======================================
SCRIPT       : =============== WARNING ===============
SCRIPT       : [TerjeSkills]: You are using the trial version of the 'Terje Skills' mod.
SCRIPT       : [TerjeSkills]: To remove this message and watermark - please buy license on terjehub.com
SCRIPT       : =======================================
SCRIPT       : [JunkYardDog] -- Adding Salvage Point to <Land_Wreck_sed02_aban1_grey<2f7df5f0>> at Pos <<6761.558594, 19.981163, 3731.192627>>
SCRIPT       : [JunkYardDog] -- Adding Fuel Point to <Land_Wreck_sed02_aban1_grey<2f7df5f0>> at Pos <<6761.558594, 19.981163, 3731.192627>>
SCRIPT       : [JunkYardDog] -- Adding Salvage Point to <Land_Wreck_hb01_aban2_green<2f7a6bb0>> at Pos <<3858.355957, 13.656607, 4667.207031>>
SCRIPT       : [JunkYardDog] -- Adding Fuel Point to <Land_Wreck_hb01_aban2_green<2f7a6bb0>> at Pos <<3858.355957, 13.656607, 4667.207031>>
SCRIPT       : [JunkYardDog] -- Adding Salvage Point to <Land_Wreck_hb01_aban2_white<2f7b3c20>> at Pos <<6724.634766, 20.050743, 3717.273682>>
SCRIPT       : [JunkYardDog] -- Adding Fuel Point to <Land_Wreck_hb01_aban2_white<2f7b3c20>> at Pos <<6724.634766, 20.050743, 3717.273682>>
SCRIPT       : [JunkYardDog] -- Adding Salvage Point to <Land_Wreck_sed01_aban2_wine<2f7b2a00>> at Pos <<6727.119629, 23.013319, 3792.527588>>
SCRIPT       : [JunkYardDog] -- Adding Fuel Point to <Land_Wreck_sed01_aban2_wine<2f7b2a00>> at Pos <<6727.119629, 23.013319, 3792.527588>>
SCRIPT       : [JunkYardDog] -- Adding Salvage Point to <Land_Wreck_hb01_aban1_white<2f7b4530>> at Pos <<6730.743652, 23.321777, 3837.897217>>
SCRIPT       : [JunkYardDog] -- Adding Fuel Point to <Land_Wreck_hb01_aban1_white<2f7b4530>> at Pos <<6730.743652, 23.321777, 3837.897217>>
SCRIPT       : [JunkYardDog] -- Adding Salvage Point to <Land_Wreck_sed02_aban2_red<2f7af3a0>> at Pos <<6759.062988, 19.778826, 3684.049805>>
SCRIPT       : [JunkYardDog] -- Adding Fuel Point to <Land_Wreck_sed02_aban2_red<2f7af3a0>> at Pos <<6759.062988, 19.778826, 3684.049805>>
SCRIPT       : [JunkYardDog] -- Adding Salvage Point to <Land_Wreck_hb01_aban1_green<2f7b84a0>> at Pos <<6869.846680, 20.181843, 3681.626465>>
SCRIPT       : [JunkYardDog] -- Adding Fuel Point to <Land_Wreck_hb01_aban1_green<2f7b84a0>> at Pos <<6869.846680, 20.181843, 3681.626465>>
SCRIPT       : [JunkYardDog] -- Adding Salvage Point to <Land_Wreck_sed01_aban1_wine<2f7bd630>> at Pos <<3758.914551, 10.737926, 4563.136719>>
SCRIPT       : [JunkYardDog] -- Adding Fuel Point to <Land_Wreck_sed01_aban1_wine<2f7bd630>> at Pos <<3758.914551, 10.737926, 4563.136719>>
SCRIPT       : [JunkYardDog] -- Adding Salvage Point to <Land_Wreck_sed02_aban1_yellow<2f7bc410>> at Pos <<3752.456299, 10.551923, 4569.893555>>
SCRIPT       : [JunkYardDog] -- Adding Fuel Point to <Land_Wreck_sed02_aban1_yellow<2f7bc410>> at Pos <<3752.456299, 10.551923, 4569.893555>>
SCRIPT       : [JunkYardDog] -- Adding Salvage Point to <Land_Wreck_hb01_aban1_green<2f7ba8e0>> at Pos <<3787.610352, 12.150294, 4556.134277>>
SCRIPT       : [JunkYardDog] -- Adding Fuel Point to <Land_Wreck_hb01_aban1_green<2f7ba8e0>> at Pos <<3787.610352, 12.150294, 4556.134277>>
SCRIPT       : [JunkYardDog] -- Adding Salvage Point to <Land_Wreck_sed02_aban1_red<2f7b9fd0>> at Pos <<3799.863770, 12.094937, 4557.030762>>
SCRIPT       : [JunkYardDog] -- Adding Fuel Point to <Land_Wreck_sed02_aban1_red<2f7b9fd0>> at Pos <<3799.863770, 12.094937, 4557.030762>>
SCRIPT       : [Logout]: New player R5KkZb3Ywicboa8ntCzbBJK6WLpakj_6yA-ghmDo4lw= with logout time 3
SCRIPT       : Player "Pengowski" (steamid=76561198413928129) initiated disconnect process...
SCRIPT       : [Logout]: Player R5KkZb3Ywicboa8ntCzbBJK6WLpakj_6yA-ghmDo4lw= finished
SCRIPT       : [TERJE CORE](INFO): Profile 'R5KkZb3Ywicboa8ntCzbBJK6WLpakj_6yA-ghmDo4lw=' saved to database.
SCRIPT       : Player "Pengowski" (steamid=76561198413928129) disconnected from server.
SCRIPT       : [PlayerListManager] SyncEntryToReceivers ► uid: R5KkZb3Ywicboa8ntCzbBJK6WLpakj_6yA-ghmDo4lw= isn't in the players list! sending a remove.
SCRIPT       : HandleOnPlayerDisconnected -> PlayerListManager.RemoveEntry ► R5KkZb3Ywicboa8ntCzbBJK6WLpakj_6yA-ghmDo4lw=
SCRIPT       : [JunkYardDog] -- Adding Salvage Point to <Land_Wreck_hb01_aban2_blue<2f7c30d0>> at Pos <<6046.494141, 11.648989, 7114.089844>>
SCRIPT       : [JunkYardDog] -- Adding Fuel Point to <Land_Wreck_hb01_aban2_blue<2f7c30d0>> at Pos <<6046.494141, 11.648989, 7114.089844>>
SCRIPT       : =============== WARNING ===============
SCRIPT       : [TerjeMedicine]: You are using the trial version of the 'Terje Medicine' mod.
SCRIPT       : [TerjeMedicine]: To remove this message and watermark - please buy license on terjehub.com
SCRIPT       : =======================================
SCRIPT       : =============== WARNING ===============
SCRIPT       : [TerjeSkills]: You are using the trial version of the 'Terje Skills' mod.
SCRIPT       : [TerjeSkills]: To remove this message and watermark - please buy license on terjehub.com
SCRIPT       : =======================================
SCRIPT       : =============== WARNING ===============
SCRIPT       : [TerjeMedicine]: You are using the trial version of the 'Terje Medicine' mod.
SCRIPT       : [TerjeMedicine]: To remove this message and watermark - please buy license on terjehub.com
SCRIPT       : =======================================
SCRIPT       : =============== WARNING ===============
SCRIPT       : [TerjeSkills]: You are using the trial version of the 'Terje Skills' mod.
SCRIPT       : [TerjeSkills]: To remove this message and watermark - please buy license on terjehub.com
SCRIPT       : =======================================
SCRIPT       : Clear up static fireplaces: 0
SCRIPT       : 14:13:51.383 [EXPANSION DEBUG]: Clearing cached categories 63
SCRIPT       : 14:13:51.387 [EXPANSION DEBUG]: Clearing cached traders 15
SCRIPT       : [MissionServer] OnMissionFinish - Server
SCRIPT       : [INFO] Clearing all hordes.
SCRIPT       : -- PvZ Spawn System Numb Of Zeds Spawned : 102
SCRIPT       : -- PvZ Spawn System Numb Of Zeds Killed  : 21
SCRIPT       : -- PvZ Kill / Spawn Ratio   : 0.21
SCRIPT       : [DayZ Expansion] ~DayZGame
SCRIPT       : ~DayZGame()
